time	whole_blood_radioactivity	plasma_radioactivity	metabolite_parent_fraction	AIF
0	0	0	0.9637424473846917	0
1.206501083513919	20.36594636920111	20.766912329423178	0.9637424473846917	20.040342855525417
2.413002167027838	40.73189273840222	41.533824658846356	0.9637424473846917	40.08068571105083
3.619503250541757	61.097839107603335	62.30073698826954	0.9637424473846917	60.12102856657625
4.826004334055676	81.46378547680445	83.06764931769271	0.9637424473846917	80.16137142210167
6.0325054175695945	101.82973184600556	103.83456164711589	0.9637424473846917	100.20171427762709
7.239006501083514	122.19567821520667	124.60147397653908	0.9637424473846917	120.2420571331525
8.445507584597433	142.5616245844078	145.36838630596228	0.964136513960548	140.28239998867792
9.652008668111351	162.9275709536089	166.13529863538542	0.9645400324480368	160.32274284420333
10.85850975162527	183.29351732281	186.9022109648086	0.9649435509355254	180.36308569972874
12.065010835139189	203.65946369201112	207.66912329423178	0.9653470694230141	200.40342855525418
13.271511918653108	224.02541006121217	228.4360356236549	0.9657505879105028	220.44377141077956
14.478013002167028	244.39135643041334	249.20294795307817	0.9661541063979915	240.484114266305
15.684514085680947	264.7573027996145	269.9698602825014	0.9660093431725386	260.52445712183044
16.891015169194866	285.1232491688156	290.73677261192455	0.9658376318830495	280.56479997735585
18.097516252708783	305.4891955380167	311.50368494134767	0.9656659205935605	300.60514283288126
19.304017336222703	325.8551419072178	332.27059727077085	0.9654942093040714	320.64548568840667
20.510518419736623	346.221088276419	353.0375096001941	0.9653224980145824	340.68582854393213
21.71701950325054	366.58703464562	373.8044219296172	0.9651507867250932	360.7261713994575
22.92352058676446	995.2433797820717	1027.1688385444475	0.9647849053084155	1133.4010503376094
24.130021670278378	2029.9592128431887	2138.4044683920474	0.9644043480300925	2408.4912146977927
25.3365227537923	3064.675045904309	3296.5735105139534	0.9640237907517694	3683.5813790579796
26.543023837306215	4099.390878965426	4504.71348299837	0.9636432334734464	4958.671543418162
27.749524920820136	5134.106712026547	5766.129799811905	0.9632626761951233	6233.761707778349
28.956026004334056	6168.822545087667	7084.425970738846	0.9628821189168002	7508.851872138535
30.16252708784797	7203.538378148784	8463.537980885038	0.9624613381782482	8783.94203649872
31.369028171361894	8238.254211209904	9907.773540522896	0.9620363990878067	10059.032200858906
32.57552925487581	9272.970044271022	11421.857029686922	0.9616114599973651	11334.12236521909
33.78203033838973	10307.68587733214	13010.981125365839	0.9611865209069236	12609.212529579276
34.98853142190365	13079.87050877284	16676.185532729774	0.960761581816482	16056.904903792403
36.195032505417565	16773.01938532112	21430.094374292566	0.9603366427260404	20656.208723334723
37.401533588931485	20466.16826186942	26204.198892180466	0.9599369391869614	25255.512542877066
38.608034672445406	24159.31713841772	30998.62805401313	0.9595405832720659	29854.81636241941
39.81453575595933	27852.46601496602	35813.51192785222	0.9591442273571704	34454.120181961756
41.02103683947325	31545.61489151432	40648.98169396361	0.9587478714422749	39053.4240015041
42.22753792298716	35238.7637680626	45505.169656730824	0.9583515155273794	43652.727821046414
43.43403900650108	38596.99444974525	49918.02908733737	0.9579551596124839	47812.28892354629
44.640540090015	40563.597093531025	52407.537190553216	0.9576087544436812	50144.6626594632
45.84704117352892	42530.19973731678	54891.93249743989	0.9572705174493493	52477.03639538012
47.053542257042835	44496.802381102534	57371.230742353146	0.9569322804550175	54809.410131297016
48.260043340556756	46463.40502488829	59845.4475951528	0.9565940434606857	57141.78386721393
49.466544424070676	48430.007668674065	62314.59866153267	0.9562558064663538	59474.15760313084
50.6730455075846	50396.61031245983	64778.69948334881	0.9559175694720219	61806.53133904775
51.87954659109852	52363.21295624559	67237.76553894562	0.9556339101035319	64138.90507496467
53.08604767461243	54329.81560003134	69691.81224347984	0.9553609547090178	66471.27881088157
54.29254875812635	56296.4182438171	72140.85494924281	0.9550879993145037	68803.65254679848
55.49904984164027	58263.02088760286	74584.90894598041	0.9548150439199897	71136.0262827154
56.70555092515419	60229.62353138863	77023.98946121144	0.9545420885254756	73468.40001863231
57.91205200866811	62196.22617517439	79458.11166054376	0.9542691331309615	75800.77375454923
59.118553092182026	63918.65942232175	81612.86740288216	0.9540458832197334	77865.19230540683
60.32505417569594	64960.484850519126	83002.11716897038	0.9538340955167093	79182.70155235354
61.53155525920986	66002.31027871651	84393.3455208877	0.9536223078136851	80500.21079930023
62.73805634272379	67044.13570691388	85786.55668853398	0.953410520110661	81817.72004624693
63.94455742623771	68085.96113511125	87181.75491387487	0.9531987324076369	83135.22929319364
65.15105850975162	69127.78656330862	88578.94445098478	0.9529869447046126	84452.73854014033
66.35755959326553	70169.61199150598	89978.12956609012	0.9528158091929302	85770.24778708702
67.56406067677946	71211.43741970338	91379.31453761278	0.9526555330134872	87087.75703403373
68.77056176029338	72253.26284790074	92782.50365621367	0.9524952568340442	88405.26628098042
69.9770628438073	73295.08827609813	94187.70122483654	0.9523349806546012	89722.77552792712
71.18356392732122	74336.9137042955	95594.91155875195	0.9521747044751583	91040.28477487381
72.39006501083513	75378.73913249286	97004.13898560154	0.9520144282957153	92357.7940218205
73.59656609434906	76307.07679819062	98196.31912790942	0.9518852437344759	93467.50074236268
74.80306717786297	77003.63037795595	98940.23527685962	0.9517655697177616	94152.7976624449
76.0095682613769	77700.18395772131	99681.8659896459	0.9516458957010473	94838.0945825271
77.21606934489081	78396.73753748665	100421.22178198458	0.951526221684333	95523.3915026093
78.42257042840473	79093.291117252	101158.31310517777	0.9514065476676187	96208.6884226915
79.62907151191865	79789.84469701734	101893.15034660579	0.9512868736509044	96893.9853427737
80.83557259543257	80486.39827678268	102625.74383021516	0.9511895294040575	97579.28226285591
82.0420736789465	81182.95185654802	103356.10381700205	0.9510999356790505	98264.5791829381
83.24857476246041	81879.50543631337	104084.2405054914	0.9510103419540434	98949.87610302032
84.45507584597432	82576.0590160787	104810.16403221151	0.9509207482290365	99635.17302310251
85.66157692948825	83272.61259584405	105533.88447216465	0.9508311545040294	100320.46994318473
86.86807801300216	83969.16617560938	106255.41183929284	0.9507415607790224	101005.76686326691
88.07457909651609	84665.71975537474	106974.75608694	0.9506669485203453	101691.06378334912
89.28108018003	85253.49239000205	107620.14922307119	0.9505981937867588	102303.77609993117
90.48758126354392	85677.23421484017	108156.6678595144	0.9505294390531723	102807.03807780496
91.69408234705784	86100.97603967828	108693.20243117091	0.9504606843195857	103310.30005567876
92.90058343057176	86524.7178645164	109229.75293875067	0.9503919295859993	103813.56203355256
94.10708451408567	86948.4596893545	109766.31938296367	0.9503231748524128	104316.82401142636
95.3135855975996	87372.20151419261	110302.90176451996	0.9502635233453965	104820.08598930016
96.52008668111351	87795.94333903072	110839.50008412961	0.9502078575250872	105323.34796717396
97.72658776462744	88219.68516386884	111376.11434250271	0.9501521917047777	105826.60994504776
98.93308884814135	88643.42698870695	111912.7445403495	0.9500965258844684	106329.87192292155
100.13958993165527	89067.16881354505	112449.3906783801	0.950040860064159	106833.13390079536
101.3460910151692	89490.91063838317	112986.05275730482	0.9499851942438496	107336.39587866917
102.5525920986831	89914.65246322127	113522.7307778339	0.9499341472046127	107839.65785654295
103.75909318219703	90291.42971694705	114105.7957331552	0.9498853538784948	108394.23156242844
104.96559426571095	90613.82384566205	114744.44229249512	0.949836560552377	109008.22222992746
106.17209534922486	90936.21797437701	115385.6731342084	0.9497877672262591	109622.21289742646
107.37859643273879	91258.61210309202	116029.50397603824	0.9497389739001413	110236.20356492547
108.5850975162527	91581.00623180701	116675.95066344833	0.9496901805740234	110850.19423242449
109.79159859976663	91903.400360522	117325.02917092277	0.9496426821398534	111464.18489992351
110.99809968328054	92225.79448923699	117976.7556032819	0.9495958851200452	112078.17556742251
112.20460076679446	92548.18861795196	118631.14619701431	0.9495490881002372	112692.16623492153
113.41110185030838	92870.58274666697	119288.21732162531	0.9495022910804292	113306.15690242054
114.6176029338223	93192.97687538195	119947.98548100157	0.9494554940606211	113920.14756991954
115.82410401733623	93515.37100409695	120610.46731479335	0.9494086970408131	114534.13823741858
117.03060510085014	93837.76513281192	121275.679599813	0.9493608170396652	115148.12890491757
118.23710618436405	94149.00810835646	121915.61666683345	0.9493122878599324	115736.11669851543
119.44360726787798	94108.82444544004	121674.15124901467	0.9492637586801996	115504.62847687783
120.65010835139188	94068.64078252361	121433.43535740179	0.9492152295004669	115273.14025524023
121.8566094349058	94028.45711960718	121193.46550752711	0.9491667003207341	115041.65203360263
123.06311051841972	93988.27345669076	120954.23823648808	0.9491181711410013	114810.16381196503
124.26961160193365	93948.08979377433	120715.75010278066	0.9490669248373865	114578.67559032742
125.47611268544757	93907.90613085791	120477.99768613448	0.9490138806361351	114347.18736868982
126.68261376896149	93867.7224679415	120240.97758734903	0.9489608364348837	114115.6991470522
127.88911485247542	93827.53880502506	120004.68642813193	0.9489077922336323	113884.2109254146
129.09561593598931	93787.35514210863	119769.12085093833	0.9488547480323809	113652.722703777
130.30211701950324	93747.1714791922	119534.27751881184	0.9488017038311295	113421.23448213939
131.50861810301717	93706.98781627578	119300.15311522699	0.9487448906177801	113189.7462605018
132.71511918653107	93666.80415335935	119066.74434393314	0.9486853298363344	112958.25803886418
133.921620270045	92328.99699233421	117357.35473419847	0.9486257690548885	111312.47925093224
135.12812135355892	90119.27316896239	114651.97318460645	0.9485662082734427	108716.39129246736
136.33462243707285	87909.54934559058	111941.7054485382	0.948506647491997	106120.30333400247
137.54112352058675	85699.82552221882	109226.53827662539	0.9484470867105511	103524.21537553765
138.74762460410068	83490.10169884701	106506.45837155356	0.9483831525856024	100928.12741707277
139.9541256876146	81280.3778754752	103781.4523878453	0.9483157111812727	98332.03945860789
141.1606267711285	79070.65405210343	101051.50693164217	0.9482482697769429	95735.95150014307
142.36712785464243	76860.93022873162	98316.60856048463	0.9481808283726131	93139.86354167818
143.57362893815636	74651.2064053598	95576.74378309211	0.9481133869682833	90543.7755832133
144.78013002167026	72441.48258198805	92831.8990591408	0.9480459455639535	87947.68762474848
145.9866311051842	70231.75875861624	90082.0607990404	0.947973858393646	85351.5996662836
147.19313218869812	68022.03493524442	87327.21536371035	0.9478976765462299	82755.51170781872
148.39963327221204	66005.76688327937	84804.29576292519	0.9478214946988138	80379.15950141211
149.60613435572594	64965.2098787852	83474.21219523548	0.9477453128513977	79111.06371583251
150.81263543923987	63924.652874290994	82143.91107811584	0.9476691310039818	77842.96793025287
152.0191365227538	62884.09586979679	80813.39235818814	0.9475929491565657	76574.87214467324
153.2256376062677	61843.5388653026	79482.65598205678	0.9475120959940201	75306.77635909362
154.43213868978162	60802.9818608084	78151.70189630859	0.9474267204810544	74038.68057351398
155.63863977329555	59762.424856314195	76820.53004751298	0.94734134496808875	72770.58478793433
156.84514085680945	58721.86785182002	75489.14038222191	0.9472559694551231	71502.48900235473
158.05164194032338	57681.3108473258	74157.53284696977	0.9471705939421574	70234.39321677509
159.2581430238373	56640.753842831604	72825.70738827351	0.9470852184291918	68966.29743119545
160.4646441073512	55600.19683833742	71493.66395263259	0.9469953008966817	67698.20164561585
161.67114519086513	54559.63983384321	70161.40248652885	0.946900554168371	66430.10586003619
162.87764627437906	53519.082829349005	68828.92293642671	0.9468058074400604	65162.01007445656
164.084147357893	52478.5258248548	67496.22524877303	0.9467110607117497	63893.91428887691
165.2906484414069	51437.96882036061	66163.30936999717	0.946616313983439	62625.818503297305
166.49714952492081	50397.41181586641	64830.17524651084	0.9465215672551284	61357.72271771766
167.70365060843474	49356.8548113722	63496.822824708295	0.9464224827545131	60089.62693213802
168.91015169194864	48316.29780687803	62163.25205096628	0.9463183317235347	58821.531146558416
170.11665277546257	47275.74080238382	60829.46287164382	0.9462141806925564	57553.435360978765
171.3231538589765	46235.183797889615	59495.45523308245	0.946110029661578	56285.33957539913
172.5296549424904	45194.62679339543	58161.22908160621	0.9460058786305996	55017.24378981952
173.73615602600432	44154.06978890122	56826.7843635214	0.9459017275996212	53749.148004239876
174.94265710951825	43113.51278440702	55492.121025116816	0.9457934981889776	52481.05221866024
176.14915819303218	42072.955779912816	54157.23901266365	0.9456800321792392	51212.9564330806
177.35565927654608	41032.39877541863	52822.13827241549	0.9455665661695007	49944.86064750099
178.56216036006	39991.841770924424	51486.81875060826	0.9454531001597624	48676.76486192134
179.76866144357393	38951.28476643022	50151.28039346032	0.945339634150024	47408.6690763417
180.97516252708783	37910.72776193604	48815.52314717239	0.9452261681402855	46140.57329076209
182.18166361060176	36870.170757441825	47479.54695792749	0.9451089613125149	44872.477505182454
183.3881646941157	35829.613752947625	46143.35177189108	0.9449864683745056	43604.38171960281
184.5946657776296	34789.05674845345	44806.93753521098	0.9448639754364963	42336.2859340232
185.8011668611435	33748.49974395923	43470.30419401721	0.944741482498487	41068.190148443566
187.00766794465744	32707.942739465034	42133.45169442229	0.9446189895604776	39800.09436286392
188.21416902817134	31943.83847673496	41142.942889381455	0.9444964966224684	38865.71748403797
189.42067011168527	31708.60613389271	40815.621614582284	0.9443706504718943	38569.76639108563
190.6271711951992	31473.373791050464	40488.69038170128	0.9442395811652328	38273.8152981333
191.83367227871312	31238.141448208215	40162.148493982146	0.9441085118585713	37977.864205180966
193.04017336222702	31002.909105365972	39835.995256327114	0.9439774425519097	37681.91311222864
194.24667444574095	30767.676762523723	39510.22997529206	0.9438463732452482	37385.9620192763
195.45317552925488	30532.444419681477	39184.851959081556	0.9437153039385867	37090.01092632398
196.65967661276878	30297.21207683923	38859.86051754402	0.9435812584943936	36794.05983337165
197.8661776962827	30061.97973399698	38535.25496216676	0.9434420921554275	36498.10874041932
199.07267877979663	29826.74739115473	38211.03460607118	0.9433029258164614	36202.157647466986
200.27917986331053	29591.515048312493	37887.19876400795	0.9431637594774953	35906.20655451466
201.48568094682446	29356.282705470243	37563.74675235207	0.9430245931385293	35610.25546156232
202.6921820303384	29121.050362627993	37240.67788909818	0.9428854267995631	35314.30436861
203.89868311385231	28885.818019785744	36917.99149385568	0.9427436229761987	35018.35327565766
205.1051841973662	28650.585676943505	36595.68688784405	0.9425967925461506	34722.40218270534
206.31168528088014	28415.353334101255	36273.76339388795	0.9424499621161025	34426.451089753
207.51818636439407	28180.120991259002	35952.22033641262	0.9423031316860544	34130.499996800674
208.72468744790797	27944.88864841676	35631.057041439075	0.9421563012560064	33834.54890384834
209.9311885314219	27709.656305574514	35310.272836579396	0.9420094708259582	33538.59781089601
211.13768961493582	27474.423962732264	34989.86705103208	0.9418603023599514	33242.64671794369
212.34419069844972	27239.19161989002	34669.83901557732	0.9417061817784647	32946.69562499136
213.55069178196365	27003.959277047772	34350.188062572386	0.9415520611969779	32650.74453203903
214.75719286547758	26768.726934205526	34030.913525946926	0.941397940615491	32354.79343908669
215.96369394899148	26533.49459136328	33712.01474119842	0.9412438200340042	32058.84234613437
217.1701950325054	26298.262248521034	33393.49104538749	0.9410896994525174	31762.89125318203
218.37669611601933	26063.02990567878	33075.34177713335	0.9409335099161362	31466.9401602297
219.58319719953326	25827.797562836535	32757.566276609217	0.9407724299012865	31170.98906727737
220.78969828304716	25592.565219994292	32440.16388553778	0.9406113498864369	30875.03797432504
221.9961993665611	25357.332877152043	32123.133947186572	0.9404502698715872	30579.08688137271
223.202700450075	25122.100534309793	31806.47580636353	0.9402891898567375	30283.135788420383
224.4092015335889	24886.868191467554	31490.188809412462	0.9401281098418879	29987.18469546805
225.61570261710284	24651.635848625305	31174.272304208484	0.9399652049673111	29691.233602515724
226.82220370061677	24416.403505783055	30858.725640153632	0.9397974615754954	29395.282509563385
228.02870478413067	24181.17116294081	30543.54816817233	0.9396297181836797	29099.33141661106
229.2352058676446	23945.938820098563	30228.739240706967	0.939461974791864	28803.38032365873
230.44170695115852	23710.706477256317	29914.29821171346	0.9392942314000482	28507.4292307064
231.64820803467245	23475.474134414064	29600.224436656816	0.9391264880082325	28211.478137754064
232.85470911818635	23240.24179157182	29286.517272506768	0.9389571400055892	27915.527044801744
234.06121020170028	23005.009448729576	28973.176077733337	0.9387829894562851	27619.575951849405
235.2677112852142	22769.777105887326	28660.20021230248	0.938608838906981	27323.624858897078
236.4742123687281	22534.544763045084	28347.589037671783	0.938434688357677	27027.673765944746
237.68071345224203	22299.31242020283	28035.341916786	0.9382605378083728	26731.72267299242
238.88721453575596	22064.080077360588	27723.458214072856	0.9380863872590688	26435.771580040084
240.09371561926986	21828.847734518342	27411.937295438653	0.9379108325549422	26139.82048708776
241.30021670278376	21593.615391676092	27100.778528263974	0.9377304967544653	25843.869394135425
242.5067177862977	21358.383048833843	26789.981281399458	0.9375501609539885	25547.918301183094
243.7132188698116	21123.1507059916	26479.54492516149	0.9373698251535116	25251.96720823077
244.91971995332557	20887.918363149354	26169.468831327926	0.9371894893530348	24956.01611527844
246.12622103683944	20652.6860203071	25859.752373133902	0.9370091535525579	24660.0650223261
247.3327221203534	20417.453677464855	25550.394925267614	0.9368275977198113	24364.113929373772
248.5392232038673	20182.22133462261	25241.395863866062	0.9366412694098952	24068.16283642145
249.74572428738125	19946.988991780363	24932.75456651088	0.9364549410999791	23772.211743469114
250.95222537089515	19711.756648938113	24624.470412224182	0.936268612790063	23476.26065051678
252.15872645440902	19476.52430609587	24316.542781464363	0.936082284480147	23180.309557564455
253.36522753792298	19241.29196325362	24008.971056121954	0.9358959561702309	22884.358464612123
254.57172862143688	19006.05962041138	23701.754619515505	0.9357085784356076	22588.407371659792
255.77822970495083	18770.827277569133	23394.89285638745	0.9355164254617917	22292.456278707465
256.98473078846473	18535.59493472688	23088.385152899988	0.9353242724879758	21996.505185755133
258.19123187197863	18300.362591884637	22782.230896631037	0.93513211951416	21700.554092802806
259.3977329554926	18065.130249042388	22476.429476570072	0.9349399665403441	21404.602999850467
260.6042340390065	17829.897906200145	22170.980283114168	0.9347478135665281	21108.651906898143
261.8107351225204	17594.6655633579	21865.88270806384	0.9345547705679613	20812.700813945816
263.01723620603434	17359.433220515646	21561.13614461907	0.9343569394388513	20516.749720993477
264.22373728954824	17124.200877673404	21256.739987375302	0.9341591083097415	20220.798628041153
265.43023837306214	16888.968534831158	20952.693632319362	0.9339612771806316	19924.847535088826
266.6367394565761	16653.736191988904	20648.99647682553	0.9337634460515217	19628.896442136487
267.84324054009	16418.50384914666	20345.647919651525	0.9335656149224117	19332.94534918416
269.04974162360395	16183.271506304407	20042.647360934534	0.9333670438581418	19036.99425623182
270.25624270711785	15948.039163462163	19739.994202187292	0.9331636627296875	18741.043163279497
271.46274379063175	15712.80682061992	19437.6878462941	0.9329602816012331	18445.09207032717
272.6692448741457	15477.574477777669	19135.727697506896	0.9327569004727787	18149.14097737483
273.8757459576596	15242.342134935423	18834.113161441415	0.9325535193443243	17853.189884422507
275.0822470411735	15007.109792093179	18532.843645073193	0.9323501382158699	17557.23879147018
276.28874812468746	14771.877449250926	18231.91855673372	0.9321461594975639	17261.28769851784
277.49524920820136	14536.645106408685	17931.33730610662	0.9319373406882947	16965.336605565513
278.70175029171526	14301.412763566439	17631.099304223673	0.9317285218790256	16669.38551261319
279.9082513752292	14066.180420724188	17331.203963461074	0.9315197030697564	16373.434419660849
281.1147524587431	13830.948077881942	17031.65069753557	0.9313108842604872	16077.483326708525
282.321253542257	13595.715735039701	16732.43892150061	0.9311020654512181	15781.532233756203
283.52775462577097	13360.483392197444	16433.56805174254	0.9308927849502646	15485.581140803859
284.73425570928487	13125.251049355204	16135.037505976892	0.9306786270717159	15189.630047851533
285.94075679279877	12890.018706512961	15836.846703244475	0.9304644691931672	14893.678954899211
287.1472578763127	12654.786363670706	15538.995063907669	0.9302503113146183	14597.727861946869
288.3537589598266	12419.55402082846	15241.482009646721	0.9300361534360696	14301.776768994543
289.5602600433405	12184.32167798622	14944.306963455912	0.9298219955575209	14005.825676042221
290.7667611268545	11949.089335143963	14647.469349639847	0.929607506661975	13709.874583089877
291.9732622103684	11713.856992301722	14350.968593809808	0.9293880987495652	13413.923490137557
293.1797632938823	11478.62464945948	14054.804122879958	0.9291686908371554	13117.97239718523
294.38626437739623	11243.392306617225	13758.97536506367	0.9289492829247455	12822.021304232887
295.59276546091013	11008.159963774982	13463.48174986993	0.9287298750123357	12526.070211280565
296.7992665444241	10772.927620932727	13168.322708099526	0.9285104670999259	12230.119118328226
298.005767627938	10722.796831496602	13106.096674091903	0.9282908557635161	12166.42446159788
299.2122687114519	10709.609043023685	13090.32030289151	0.9280663143440882	12149.084087633793
300.41876979496584	10696.421254550767	13074.543105854284	0.9278417729246601	12131.743713669706
301.62527087847974	10683.23346607785	13058.765082915377	0.9276172315052321	12114.40333970562
302.83177196199364	10670.045677604934	13042.986234009933	0.9273926900858042	12097.062965741532
304.0382730455076	10656.857889132018	13027.206559073098	0.9271681486663761	12079.722591777445
305.2447741290215	10643.670100659101	13011.42605804	0.9269435270187003	12062.382217813358
306.4512752125354	10630.482312186185	12995.644730845772	0.9267140341468081	12045.04184384927
307.65777629604935	10617.294523713268	12979.862577425525	0.9264845412749159	12027.701469885184
308.86427737956325	10604.10673524035	12964.079597714375	0.9262550484030236	12010.361095921096
310.07077846307715	10590.918946767435	12948.295791647437	0.9260255555311314	11993.02072195701
311.2772795465911	10577.731158294517	12932.5111591598	0.9257960626592392	11975.680347992922
312.483780630105	10564.543369821602	12916.725700186562	0.925566569787347	11958.339974028835
313.6902817136189	10551.355581348684	12900.939414662806	0.9253323743398849	11940.99960006475
314.89678279713286	10538.167792875767	12885.152302523615	0.9250981446892504	11923.65922610066
316.10328388064676	10524.98000440285	12869.364363704059	0.9248639150386161	11906.318852136576
317.30978496416066	10511.792215929934	12853.575598139201	0.9246296853879816	11888.978478172488
318.5162860476746	10498.604427457018	12837.786005764103	0.9243954557373472	11871.6381042084
319.7227871311885	10485.4166389841	12821.995586513816	0.9241612260867128	11854.297730244314
320.9292882147024	10472.228850511185	12806.204340323387	0.923922614735665	11836.957356280227
322.13578929821637	10459.041062038266	12790.412267127853	0.9236838648647024	11819.61698231614
323.34229038173027	10445.853273565352	12774.619366862245	0.9234451149937399	11802.276608352053
324.5487914652442	10432.665485092433	12758.825639461587	0.9232063651227773	11784.936234387964
325.7552925487581	10419.477696619517	12743.031084860897	0.9229676152518148	11767.595860423879
326.961793632272	10406.2899081466	12727.23570299519	0.9227288653808523	11750.255486459791
328.168294715786	10393.102119673684	12711.439493799466	0.9224860381847565	11732.915112495704
329.3747957992999	10379.914331200765	12695.642457208723	0.9222429779339948	11715.574738531617
330.5812968828138	10366.72654272785	12679.844593157954	0.9219999176832331	11698.23436456753
331.78779796632773	10353.538754254932	12664.04590158214	0.9217568574324714	11680.893990603443
332.99429904984163	10340.350965782018	12648.246382416262	0.9215137971817096	11663.553616639356
334.20080013335553	10327.1631773091	12632.446035595285	0.9212707369309479	11646.213242675269
335.4073012168695	10313.975388836183	12616.644861054176	0.9210238816097803	11628.87286871118
336.6138023003834	10300.787600363266	12600.842858727892	0.9207767074973131	11611.532494747093
337.8203033838973	10287.599811890348	12585.04002855138	0.9205295333848459	11594.192120783006
339.02680446741124	10274.412023417433	12569.236370459588	0.9202823592723787	11576.851746818918
340.23330555092514	10261.224234944515	12553.431884387444	0.9200351851599115	11559.511372854831
341.43980663443904	10248.0364464716	12537.626570269887	0.9197880110474442	11542.170998890744
342.646307717953	10234.848657998682	12521.82042804183	0.9195373033057231	11524.830624926657
343.8528088014669	10221.660869525767	12506.0134576382	0.9192861989396216	11507.49025096257
345.0593098849808	10208.473081052849	12490.205658993893	0.9190350945735201	11490.149876998483
346.26581096849475	10195.285292579933	12474.39703204382	0.9187839902074184	11472.809503034396
347.47231205200865	10182.097504107016	12458.587576722875	0.9185328858413169	11455.469129070309
348.67881313552255	10168.9097156341	12442.77729296594	0.9182817814752153	11438.128755106223
349.8853142190365	10155.721927161181	12426.966180707908	0.918027386336048	11420.788381142134
351.0918153025504	10142.534138688266	12411.154239883645	0.9177725239234025	11403.448007178049
352.29831638606436	10129.346350215348	12395.341470428022	0.917517661510757	11386.10763321396
353.50481746957826	10116.158561742433	12379.5278722759	0.9172627990981115	11368.767259249875
354.71131855309216	10102.970773269515	12363.713445362131	0.917007936685466	11351.426885285788
355.9178196366061	10089.782984796597	12347.898189621563	0.9167530742728204	11334.086511321699
357.12432072012	10076.595196323682	12332.082104989042	0.916495147262421	11316.746137357613
358.3308218036339	10063.407407850764	12316.265191399398	0.9162366889034965	11299.405763393526
359.53732288714787	10050.219619377849	12300.447448787456	0.9159782305445722	11282.06538942944
360.74382397066177	10037.03183090493	12284.628877088038	0.9157197721856477	11264.725015465352
361.95032505417566	10023.844042432016	12268.809476235958	0.9154613138267234	11247.384641501265
363.1568261376896	10010.656253959098	12252.989246166022	0.9152028554677989	11230.044267537178
364.3633272212035	9997.468465486183	12237.168186813029	0.9149415436385264	11212.70389357309
365.5698283047174	9984.280677013265	12221.34629811177	0.9146796424401037	11195.363519609004
366.7763293882314	9971.092888540348	12205.523579997036	0.9144177412416808	11178.023145644916
367.9828304717453	9957.905100067432	12189.700032403605	0.9141558400432581	11160.68277168083
369.1893315552592	9944.717311594515	12173.875655266245	0.9138939388448353	11143.342397716742
370.39583263877313	9931.529523121597	12158.050448519723	0.9136320376464125	11126.002023752655
371.602333722287	9918.341734648682	12142.224412098803	0.9133674804628065	11108.661649788568
372.8088348058009	9905.153946175766	12126.397545938233	0.9131022814988122	11091.32127582448
374.0153358893149	9891.966157702847	12110.569849972753	0.912837082534818	11073.980901860394
375.2218369728288	9878.77836922993	12094.741324137107	0.9125718835708236	11056.640527896307
376.4283380563427	9865.590580757014	12078.911968366026	0.9123066846068294	11039.300153932221
377.63483913985664	9852.402792284098	12063.081782594236	0.9120414856428352	11021.959779968132
378.84134022337054	9839.21500381118	12047.250766756446	0.9117738157510302	11004.619406004045
380.0478413068845	9826.027215338265	12031.418920787377	0.9115054568937383	10987.279032039958
381.2543423903984	9812.839426865346	12015.586244621727	0.9112370980364465	10969.938658075871
382.4608434739123	9799.651638392432	11999.752738194195	0.9109687391791547	10952.598284111784
383.66734455742625	9786.463849919513	11983.91840143947	0.9107003803218627	10935.257910147697
384.87384564094015	9773.276061446599	11968.083234292237	0.9104320214645709	10917.91753618361
386.08034672445405	9760.08827297368	11952.247236687172	0.9101613653621287	10900.577162219523
387.286847807968	9746.900484500764	11936.410408558942	0.9098899780032953	10883.236788255434
388.4933488914819	9733.712696027847	11920.572749842213	0.9096185906444619	10865.896414291348
389.6998499749958	9720.5249075549309	11904.73426047164	0.9093472032856287	10848.556040327261
390.90635105850976	9707.337119082013	11888.89494038187	0.9090758159267953	10831.215666363174
392.11285214202366	9694.149330609096	11873.05478950755	0.908804428567962	10813.875292399087
393.31935322553755	9680.961542136181	11857.213807783311	0.9085309071884144	10796.534918435
394.5258543090515	9667.773753663263	11841.371995143785	0.9082566168665162	10779.194544470913
395.7323553925654	9654.585965190347	11825.529351523588	0.907982326544618	10761.854170506826
396.9388564760793	9641.39817671743	11809.68587685734	0.9077080362227197	10744.513796542738
398.14535755959326	9628.210388244514	11793.841571079649	0.9074337459008215	10727.173422578651
399.35185864310716	9615.022599771595	11777.996434125109	0.9071594555789232	10709.833048614564
400.55835972662106	9601.83481129868	11762.150465928326	0.9068831848030626	10692.492674650477
401.764860810135	9588.647022825762	11746.303666423877	0.9066061117501923	10675.15230068639
402.9713618936489	9575.459234352847	11730.456035546349	0.9063290386973221	10657.811926722303
404.1778629771628	9562.27144587993	11714.607573230309	0.9060519656444518	10640.471552758216
405.3843640606768	9549.083657407014	11698.758279410331	0.9057748925915815	10623.131178794129
406.5908651441907	9535.895868934096	11682.90815402097	0.9054978195387112	10605.790804830041
407.79736622770463	9522.70808046118	11667.057196996779	0.9052189106427937	10588.450430865954
409.0038673112185	9509.520291988263	11651.20540827231	0.9049391702626142	10571.110056901867
410.2103683947324	9496.332503515345	11635.352787782092	0.9046594298824348	10553.76968293778
411.4168694782464	9483.144715042428	11619.499335460669	0.9043796895022553	10536.429308973693
412.6233705617603	9469.956926569512	11603.645051242558	0.9040999491220758	10519.088935009606
413.8298716452742	9456.769138096597	11587.789935062283	0.9038202087418964	10501.74856104552
415.03637272878814	9443.581349623679	11571.93398685435	0.9035387687913756	10484.408187081432
416.24287381230204	9430.393561150762	11556.077206553267	0.9032564720777548	10467.067813117344
417.44937489581594	9417.205772677846	11540.219594093536	0.9029741753641339	10449.72743915326
418.6558759793299	9404.01798420493	11524.36114940964	0.902691878650513	10432.38706518917
419.8623770628438	9390.8301957320109	11508.501872436069	0.9024095819368921	10415.046691225083
421.0688781463577	9377.642407259096	11492.6417631073	0.9021272852232713	10397.706317260998
422.27537922987165	9364.454618786178	11476.780821357803	0.9018434174193896	10380.365943296909
423.48188031338555	9351.266830313263	11460.919047122043	0.9015586713238669	10363.025569332824
424.68838139689944	9338.079041840345	11445.05644033447	0.9012739252283443	10345.685195368736
425.8948824804134	9324.89125336743	11429.193000929545	0.9009891791328216	10328.34482140465
427.1013835639273	9311.703464894512	11413.3287288417	0.900704433037299	10311.004447440562
428.3078846474412	9298.515676421594	11397.463624005375	0.9004196869417764	10293.664073476475
429.51438573095515	9285.327887948679	11381.597686355006	0.9001334909272576	10276.323699512388
430.72088681446905	9272.14009947576	11365.730915825005	0.8998463986822661	10258.9833255483
431.92738789798295	9258.952311002846	11349.863312349795	0.8995593064372746	10241.642951584214
433.1338889814969	9245.764522529927	11333.994875863778	0.8992722141922831	10224.302577620127
434.3403900650108	9232.576734057013	11318.125606301364	0.8989851219472915	10206.962203656038
435.54689114852476	9219.388945584094	11302.255503596938	0.8986980297023001	10189.62182969195
436.75339223203866	9206.201157111178	11286.384567684896	0.8984096018314885	10172.281455727863
437.95989331555256	9193.013368638261	11270.512798499618	0.8981202632352313	10154.941081763776
439.1663943990665	9179.825580165345	11254.640195975475	0.8978309246389741	10137.60070779969
440.3728954825804	9166.637791692427	11238.766760046834	0.8975415860427167	10120.260333835602
441.5793965660943	9153.450003219512	11222.892490648059	0.8972522474464595	10102.919959871515
442.7858976496083	9140.262214746594	11207.017387713498	0.8969629088502022	10085.579585907428
443.9923987331222	9127.074426273679	11191.141451177506	0.8966723424282266	10068.23921194334
445.19889981663607	9113.88663780076	11175.264680974413	0.8963808540962498	10050.898837979254
446.40540090015	9100.698849327844	11159.38707703856	0.896089365764273	10033.558464015166
447.6119019836639	9087.511060854928	11143.508639304267	0.8957978774322962	10016.21809005108
448.8184030671778	9074.323272382011	11127.629367705858	0.8955063891003195	9998.877716086994
450.0249041506918	9061.135483909095	11111.74926217764	0.8952149007683428	9981.537342122905
451.2314052342057	9047.947695436176	11095.868322653921	0.8949222862632427	9964.19696815882
452.4379063177196	9034.759906963262	11079.986549068999	0.8946287418510264	9946.856594194733
453.64440740123354	9021.572118490343	11064.103941357162	0.8943351974388101	9929.516220230646
454.85090848474744	9008.384330017429	11048.220499452704	0.8940416530265938	9912.175846266558
456.05740956826133	8995.19654154451	11032.33622328989	0.8937481086143775	9894.835472302471
457.2639106517753	8982.008753071594	11016.451112803	0.8934545642021612	9877.495098338384
458.4704117352892	8968.820964598677	11000.565167926297	0.893159989433373	9860.154724374297
459.6769128188031	8955.63317612576	10984.678388594033	0.89286447983365	9842.81435041021
460.88341390231705	8942.445387652842	10968.790774740459	0.892568970233927	9825.473976446123
462.08991498583094	8929.257599179928	10952.902326299823	0.892273460634204	9808.133602482036
463.2964160693449	8916.06981070701	10937.013043206356	0.891977951034481	9790.793228517949
464.5029171528588	8902.882022234093	10921.12292539429	0.8916824414347579	9773.452854553861
465.7094182363727	8889.694233761176	10905.231972797845	0.8913859917408895	9756.112480589774
466.91591931988665	8876.50644528826	10889.340185351239	0.8910886052588909	9738.772106625687
468.12242040340055	8863.318656815343	10873.447562988677	0.8907912187768924	9721.4317326616
469.32892148691445	8850.130868342425	10857.554105644365	0.8904938322948938	9704.091358697513
470.5354225704284	8836.94307986951	10841.659813252494	0.8901964458128951	9686.750984733426
471.7419236539423	8823.755291396592	10825.764685747254	0.8898990593308965	9669.410610769339
472.9484247374562	8810.567502923677	10809.868723062826	0.8896008177193321	9652.070236805252
474.15492582097016	8797.379714450759	10793.971925133383	0.8893016402287202	9634.729862841165
475.36142690448406	8784.191925977844	10778.074291893092	0.8890024627381081	9617.389488877077
476.56792798799796	8771.004137504926	10762.17582327611	0.8887032852474961	9600.04911491299
477.7744290715119	8757.81634903201	10746.276519216595	0.888404107756884	9582.708740948903
478.9809301550258	8744.628560559093	10730.376379648691	0.888104930266272	9565.368366984816
480.1874312385397	8731.440772086176	10714.475404506538	0.887804977546811	9548.027993020729
481.3939323220537	8718.252983613258	10698.573593724268	0.8875040926286878	9530.687619056642
482.6004334055675	8705.065195140342	10682.67094723601	0.8872032077105646	9513.347245092555
483.80693448908147	8691.877406667427	10666.767464975877	0.8869023227924414	9496.006871128468
485.0134355725954	8678.689618194509	10650.86314687798	0.8866014378743182	9478.666497164379
486.2199366561094	8665.501829721592	10634.95799287643	0.8863005529561949	9461.326123200293
487.4264377396232	8652.314041248675	10619.052002905322	0.8859989678606408	9443.985749236206
488.6329388231372	8639.126252775759	10603.145176898744	0.8856964569277058	9426.645375272119
489.83943990665114	8625.93846430284	10587.23751479078	0.885393945994771	9409.305001308032
491.0459409901649	8612.750675829926	10571.329016515514	0.885091435061836	9391.964627343945
492.2524420736789	8599.562887357008	10555.41968200701	0.8847889241289011	9374.624253379858
493.45894315719283	8586.375098884093	10539.50951119933	0.8844864131959661	9357.28387941577
494.6654442407068	8573.187310411175	10523.598504026533	0.8841832724853369	9339.943505451683
495.87194532422063	8559.99952193826	10507.68666042267	0.8838792148929933	9322.603131487596
497.0784464077346	8546.811733465342	10491.773980321781	0.8835751573006496	9305.26275752351
498.28494749124854	8533.623944992425	10475.860463657898	0.883271099708306	9287.922383559422
499.4914485747625	8520.436156519509	10459.946110365057	0.8829670421159623	9270.582009595335
500.69794965827634	8507.248368046592	10444.030920377274	0.8826629845236187	9253.241635631248
501.9044507417903	8494.060579573674	10428.114893628563	0.8823583630844368	9235.90126166716
503.11095182530426	8480.872791100757	10412.198030052936	0.8820528362304156	9218.560887703074
504.31745290881804	8467.685002627843	10396.280329584391	0.8817473093763945	9201.220513738986
505.523953992332	8454.497214154924	10380.361792156922	0.8814417825223733	9183.8801397749
506.73045507584595	8441.309425682008	10364.442417704513	0.8811362556683521	9166.539765810812
507.9369561593598	8428.121637209091	10348.522206161153	0.8808307288143309	9149.199391846725
509.14345724287375	8414.933848736175	10332.601157460804	0.8805246997452686	9131.859017882638
510.3499583263877	8401.746060263258	10316.679271537438	0.880217779159139	9114.51864391855
511.55645940990166	8388.558271790342	10300.756548325013	0.8799108585730093	9097.178269954466
512.7629604934156	8375.370483317425	10284.832987757482	0.8796039379868796	9079.837895990377
513.9694615769295	8362.182694844509	10268.908589768787	0.8792970174007501	9062.497522026291
515.1759626604434	8348.99490637159	10252.98335429287	0.8789900968146204	9045.157148062204
516.3824637439573	8335.807117898676	10237.05728126366	0.878682731504619	9027.816774098117
517.5889648274713	8322.619329425757	10221.130370615081	0.8783744909283803	9010.476400134028
518.7954659109852	8309.431540952839	10205.20262228105	0.8780662503521417	8993.136026169941
520.0019669944991	8296.243752479924	10189.274036195484	0.877758009775903	8975.795652205856
521.208468078013	8283.055964007006	10173.344612292274	0.8774497691996644	8958.455278241769
522.4149691615269	8269.868175534091	10157.41435050533	0.8771415286234258	8941.114904277681
523.6214702450408	8256.680387061173	10141.48325076853	0.8768328968222687	8923.774530313594
524.8279713285548	8243.492598588256	10125.551313015763	0.8765234082830721	8906.434156349505
526.0344724120687	8230.30481011534	10109.618537180908	0.8762139197438755	8889.09378238542
527.2409734955826	8217.117021642423	10093.684923197823	0.8759044312046789	8871.753408421333
528.4474745790965	8203.929233169507	10077.75047100038	0.8755949426654823	8854.413034457246
529.6539756626104	8190.7414446965895	10061.815180522426	0.8752854541262857	8837.072660493159
530.8604767461243	8177.553656223674	10045.879051697817	0.87497562400849	8819.732286529072
532.0669778296383	8164.3658677507565	10029.942084460383	0.8746649578844068	8802.391912564985
533.2734789131522	8151.178079277839	10014.004278743967	0.8743542917603236	8785.051538600896
534.4799799966661	8137.9902908049235	9998.065634482395	0.8740436256362404	8767.711164636808
535.68648108018	8124.802502332006	9982.126151609482	0.8737329595121572	8750.370790672721
536.8929821636939	8111.61471385909	9966.185830059047	0.873422293388074	8733.030416708636
538.0994832472079	8098.426925386173	9950.244669764888	0.8731113316108576	8715.690042744547
539.3059843307218	8085.239136913256	9934.302670660813	0.8727995566905016	8698.34966878046
540.5124854142357	8072.05134844034	9918.35983268061	0.8724877817701455	8681.009294816373
541.7189864977496	8058.863559967423	9902.416155758061	0.8721760068497896	8663.668920852286
542.9254875812635	8045.675771494507	9886.47163982695	0.8718642319294335	8646.328546888199
544.1319886647774	8032.48798302159	9870.526284821044	0.8715524570090775	8628.988172924113
545.3384897482914	8019.300194548672	9854.58009067411	0.8712404287650729	8611.647798960024
546.5449908318053	8006.112406075756	9838.633057319905	0.8709276123017858	8594.307424995937
547.7514919153192	7992.924617602839	9822.685184692178	0.8706147958384987	8576.96705103185
548.9579929988331	7979.736829129923	9806.736472724671	0.8703019793752116	8559.626677067765
550.164494082347	7966.549040657005	9790.78692135112	0.8699891629119244	8542.286303103678
551.3709951658609	7953.36125218409	9774.83653050526	0.8696763464486373	8524.94592913959
552.5774962493749	7940.173463711172	9758.885300120808	0.8693633155139424	8507.605555175502
553.7839973328888	7926.985675238255	9742.93323013148	0.8690495232751665	8490.265181211416
554.9904984164027	7913.797886765339	9726.980320470988	0.8687357310363906	8472.92480724733
556.1969994999166	7900.610098292423	9711.02657107303	0.8684219387976146	8455.584433283242
557.4035005834305	7887.422309819506	9695.071981871299	0.8681081465588388	8438.244059319155
558.6100016669444	7874.23452134659	9679.116552799487	0.8677943543200629	8420.903685355068
559.8165027504584	7861.046732873671	9663.16028379127	0.8674803830981505	8403.563311390979
561.0230038339723	7847.858944400756	9647.203174780327	0.8671656794105392	8386.222937426894
562.2295049174862	7834.671155927838	9631.245225700319	0.866850975722928	8368.882563462807
563.4360060010001	7821.483367454922	9615.28643648491	0.8665362720353168	8351.54218949872
564.642507084514	7808.295578982005	9599.326807067748	0.8662215683477056	8334.201815534634
565.849008168028	7795.107790509087	9583.36633738248	0.8659068646600944	8316.861441570545
567.0555092515419	7781.920002036171	9567.405027362747	0.865592014222043	8299.521067606458
568.2620103350558	7768.732213563254	9551.442876942181	0.8652764620127957	8282.18069364237
569.4685114185697	7755.544425090338	9535.479886054403	0.8649609098035483	8264.840319678284
570.6750125020836	7742.356636617422	9519.516054633033	0.8646453575943011	8247.499945714197
571.8815135855975	7729.168848144505	9503.55138261168	0.8643298053850537	8230.159571750111
573.0880146691115	7715.981059671588	9487.585869923949	0.8640142531758063	8212.819197786022
574.2945157526254	7702.7932711986705	9471.619516503437	0.863698583297262	8195.478823821935
575.5010168361393	7689.605482725755	9455.652322283733	0.8633822441321115	8178.138449857847
576.7075179196532	7676.4176942528375	9439.684287198419	0.8630659049669611	8160.798075893762
577.9140190031671	7663.229905779922	9423.71541118107	0.8627495658018107	8143.457701929673
579.120520086681	7650.042117307005	9407.745694165258	0.8624332266366602	8126.117327965588
580.327021170195	7636.854328834087	9391.77513608454	0.8621168874715098	8108.776954001499
581.533522253709	7623.666540361171	9375.803736872476	0.8618004566667402	8091.4365800374135
582.7400233372229	7610.478751888254	9359.831496462612	0.8614833907849743	8074.0962060733245
583.9465244207368	7597.2909634153375	9343.858414788483	0.8611663249032082	8056.755832109239
585.1530255042506	7584.10317494242	9327.88449178363	0.8608492590214423	8039.415458145152
586.3595265877645	7570.9153864695045	9311.909727381577	0.8605321931396762	8022.075084181065
587.5660276712786	7557.727597996587	9295.934121515844	0.8602151272579103	8004.734710216976
588.7725287547925	7544.53980952367	9279.95767411994	0.859897992811284	7987.39433625289
589.9790298383064	7531.352021050754	9263.980385127375	0.8595802591582282	7970.053962288804
591.1855309218203	7518.1642325778375	9248.002254471648	0.8592625255051725	7952.7135883247165
592.3920320053342	7504.976444104921	9232.02328208625	0.8589447918521167	7935.373214360629
593.5985330888482	7491.788655632004	9216.043467904661	0.8586270581990608	7918.032840396541
594.8050341723621	7478.600867159087	9200.062811860367	0.8583093245460051	7900.692466432454
596.011535255876	7465.413078686171	9184.08131388683	0.8579915425685859	7883.352092468366
597.2180363393899	7452.225290213253	9168.09897391752	0.8576731991707143	7866.01171850428
598.4245374229038	7439.037501740338	9152.11579188589	0.8573548557728428	7848.671344540193
599.6310385064177	7425.84971326742	9136.131767725392	0.8570365123749711	7831.330970576107
600.8375395899317	7412.661924794502	9120.146901369464	0.8567181689770995	7813.990596612018
602.0440406734456	7402.3191452339215	9107.734064697928	0.8563998255792279	7799.846039947536
603.2505417569595	7403.196661068174	9109.411904329081	0.8560814514435763	7798.305315198663
604.4570428404734	7404.074176902425	9111.08996433397	0.8557625574823126	7796.764590449792
605.6635439239873	7404.9516927366785	9112.768244756018	0.855443663521049	7795.22386570092
606.8700450075012	7405.82920857093	9114.446745638652	0.8551247695597852	7793.683140952047
608.0765460910152	7406.706724405183	9116.12546702532	0.8548058755985215	7792.142416203175
609.2830471745291	7407.584240239435	9117.804408959468	0.8544869816372578	7790.6016914543025
610.489548258043	7408.461756073687	9119.48357148457	0.8541680718269876	7789.0609667054305
611.6960493415569	7409.339271907939	9121.162954644098	0.8538486887885925	7787.5202419565585
612.9025504250708	7410.216787742191	9122.842558481541	0.8535293057501975	7785.979517207686
614.1090515085847	7411.094303576443	9124.522383040401	0.8532099227118023	7784.438792458814
615.3155525920987	7411.971819410695	9126.202428364188	0.8528905396734072	7782.898067709942
616.5220536756126	7412.849335244948	9127.882694496424	0.8525711566350122	7781.357342961069
617.7285547591265	7413.726851079199	9129.563181480644	0.8522517697693708	7779.816618212198
618.9350558426404	7414.604366913452	9131.243889360394	0.8519319606389681	7778.275893463326
620.1415569261543	7415.481882747704	9132.92481817923	0.8516121515085655	7776.735168714453
621.3480580096683	7416.359398581957	9134.60596798072	0.8512923423781628	7775.194443965581
622.5545590931822	7417.2369144162085	9136.287338808448	0.8509725332477601	7773.653719216708
623.7610601766961	7418.114430250461	9137.968930706	0.8506527241173575	7772.112994467836
624.96756126021	7418.991946084713	9139.650743716978	0.8503329149869548	7770.572269718964
626.1740623437239	7419.8694619189655	9141.332777885007	0.8500127480394001	7769.031544970091
627.3805634272378	7420.746977753217	9143.0150332537	0.8496925758486982	7767.490820221219
628.5870645107518	7421.62449358747	9144.697509866703	0.8493724036579963	7765.950095472346
629.7935655942657	7422.502009421722	9146.380207767657	0.8490522314672944	7764.409370723475
631.0000666777796	7423.379525255975	9148.06312700023	0.8487320592765925	7762.868645974603
632.2065677612935	7424.257041090226	9149.74626760809	0.8484118870858907	7761.32792122573
633.4130688448074	7425.134556924479	9151.429629634924	0.8480914253226653	7759.787196476858
634.6195699283213	7426.012072758731	9153.11321312442	0.8477709521631753	7758.246471727986
635.8260710118353	7426.889588592983	9154.797018120287	0.8474504790036852	7756.705746979113
637.0325720953492	7427.767104427235	9156.481044666245	0.8471300058441952	7755.165022230241
638.2390731788631	7428.644620261487	9158.16529280602	0.846809532684705	7753.624297481369
639.445574262377	7429.522136095739	9159.849762583355	0.846489059525215	7752.083572732497
640.6520753458909	7430.399651929992	9161.534454042003	0.8461683610312837	7750.542847983625
641.8585764294048	7431.277167764244	9163.219367225727	0.84584764782513	7749.002123234752
643.0650775129188	7432.1546835984955	9164.9045021783	0.8455269346189762	7747.461398485881
644.2715785964327	7433.032199432749	9166.589858943513	0.8452062214128225	7745.920673737008
645.4780796799466	7433.909715267	9168.275437565158	0.8448855082066689	7744.379948988136
646.6845807634605	7434.7872311012525	9169.961238087053	0.8445647950005152	7742.839224239264
647.8910818469744	7435.664746935505	9171.647260553014	0.8442439166181651	7741.298499490391
649.0975829304884	7436.542262769757	9173.333505006873	0.8439230229482323	7739.757774741519
650.3040840140023	7437.4197786040095	9175.019971492478	0.8436021292782994	7738.217049992647
651.5105850975162	7438.297294438262	9176.706660053685	0.8432812356083665	7736.676325243774
652.7170861810301	7439.174810272513	9178.393570734359	0.8429603419384337	7735.135600494902
653.923587264544	7440.0523261067665	9180.080703578382	0.8426394482685009	7733.594875746029
655.1300883480579	7440.929841941018	9181.768058629641	0.8423184455683721	7732.054150997157
656.336589431572	7441.80735777527	9183.455635932041	0.8419974296485719	7730.513426248286
657.5430905150859	7442.684873609523	9185.143435529495	0.8416764137287719	7728.972701499413
658.7495915985997	7443.562389443775	9186.83145746593	0.8413553978089718	7727.431976750541
659.9560926821136	7444.439905278026	9188.519701785282	0.8410343818891718	7725.891252001668
661.1625937656275	7445.317421112279	9190.208168531497	0.8407133659693717	7724.350527252796
662.3690948491414	7446.194936946531	9191.896857748541	0.8403922933195618	7722.809802503924
663.5755959326555	7447.072452780783	9193.585769480378	0.8400712120757039	7721.2690777550515
664.7820970161694	7447.949968615036	9195.274903770998	0.839750130831846	7719.7283530061795
665.9885980996833	7448.827484449287	9196.964260664392	0.8394290495879881	7718.187628257308
667.1950991831972	7449.70500028354	9198.65384020457	0.8391079683441303	7716.646903508435
668.4016002667111	7450.582516117792	9200.343642435544	0.8387868871002725	7715.106178759564
669.608101350225	7451.460031952044	9202.033667401352	0.838465797719477	7713.565454010692
670.814602433739	7452.3375477862965	9203.723915146029	0.8381447068462898	7712.024729261819
672.0211035172529	7453.215063620549	9205.41438571363	0.8378236159731028	7710.484004512947
673.2276046007668	7454.092579454801	9207.105079148218	0.8375025250999157	7708.943279764074
674.4341056842807	7454.9700952890535	9208.795995493872	0.8371814342267286	7707.402555015202
675.6406067677946	7455.847611123305	9210.48713479468	0.8368603433535415	7705.86183026633
676.8471078513086	7456.725126957558	9212.178497094737	0.8365392893101025	7704.321105517457
678.0536089348225	7457.60264279181	9213.870082438156	0.8362182432641956	7702.780380768585
679.2601100183364	7458.480158626062	9215.561890869063	0.8358971972182887	7701.239656019712
680.4666111018503	7459.357674460314	9217.253922431588	0.8355761511723818	7699.69893127084
681.6731121853642	7460.235190294566	9218.946177169879	0.8352551051264749	7698.158206521969
682.8796132688781	7461.112706128819	9220.638655128098	0.8349340590805681	7696.617481773096
684.0861143523921	7461.99022196307	9222.331356350402	0.8346130912743129	7695.076757024224
685.292615435906	7462.867737797323	9224.024280880983	0.8342921432523774	7693.536032275351
686.4991165194199	7463.745253631575	9225.717428764032	0.833971195230442	7691.995307526479
687.7056176029338	7464.622769465827	9227.41080004375	0.8336502472085066	7690.454582777607
688.9121186864477	7465.500285300079	9229.104394764352	0.8333292991865711	7688.9138580287345
690.1186197699616	7466.377801134332	9230.798212970072	0.8330083511646356	7687.3731332798625
691.3251208534756	7467.255316968583	9232.492254705143	0.8326875193157817	7685.83240853099
692.5316219369895	7468.132832802837	9234.186520013816	0.8323667212439702	7684.291683782118
693.7381230205034	7469.010348637088	9235.881008940358	0.8320459231721586	7682.7509590332465
694.9446241040173	7469.88786447134	9237.575721529041	0.8317251251003471	7681.210234284374
696.1511251875312	7470.765380305593	9239.270657824149	0.8314043270285356	7679.669509535502
697.3576262710451	7471.642896139845	9240.965817869983	0.8310835289567241	7678.12878478663
698.5641273545591	7472.5204119740965	9242.66120171085	0.8307628816185822	7676.588060037757
699.770628438073	7473.39792780835	9244.35680939107	0.8304422841716084	7675.047335288885
700.9771295215869	7474.275443642601	9246.052640954982	0.8301216867246346	7673.506610540013
702.1836306051008	7475.1529594768535	9247.748696446923	0.8298010892776607	7671.96588579114
703.3901316886147	7476.030475311106	9249.444975911252	0.8294804918306868	7670.425161042268
704.5966327721287	7476.907991145358	9251.14147939234	0.829159894383713	7668.884436293395
705.8031338556426	7477.7855069796105	9252.83820693456	0.8288394789597859	7667.343711544523
707.0096349391565	7478.663022813862	9254.535158582308	0.8285191315797329	7665.802986795652
708.2161360226704	7479.540538648114	9256.232334379989	0.82819878419968	7664.262262046779
709.4226371061843	7480.418054482367	9257.929734372014	0.8278784368196269	7662.721537297907
710.6291381896982	7481.295570316619	9259.627358602807	0.8275580894395739	7661.180812549034
711.8356392732122	7482.17308615087	9261.325207116814	0.8272377420595209	7659.640087800162
713.0421403567261	7483.050601985124	9263.02327995848	0.8269176048202551	7658.09936305129
714.24864144024	7483.928117819375	9264.721577172266	0.8265975557349666	7656.558638302417
715.4551425237539	7484.805633653628	9266.420098802648	0.826277506649678	7655.017913553545
716.6616436072678	7485.68314948788	9268.11884489411	0.8259574575643895	7653.4771888046735
717.8681446907817	7486.560665322132	9269.81781549115	0.8256374084791009	7651.936464055801
719.0746457742957	7487.438181156384	9271.517010638276	0.8253173593938125	7650.3957393069295
720.2811468578096	7488.315696990637	9273.21643038001	0.8249975454930208	7648.855014558057
721.4876479413235	7489.193212824888	9274.916074760878	0.8246778417341313	7647.314289809185
722.6941490248374	7490.070728659141	9276.615943825434	0.8243581379752417	7645.773565060313
723.9006501083513	7490.948244493393	9278.316037618228	0.8240384342163521	7644.23284031144
725.1071511918652	7491.825760327645	9280.016356183827	0.8237187304574626	7642.692115562568
726.3136522753792	7492.7032761618975	9281.716899566813	0.823399026698573	7641.151390813695
727.5201533588931	7493.58079199615	9283.417667811778	0.8230795801895692	7639.610666064823
728.726654442407	7494.458307830402	9285.11866096332	0.8227602676102206	7638.069941315951
729.9331555259209	7495.335823664654	9286.81987906606	0.8224409550308721	7636.529216567078
731.1396566094348	7496.213339498906	9288.52132216462	0.8221216424515235	7634.988491818206
732.3461576929489	7497.090855333158	9290.222990303642	0.8218023298721749	7633.447767069335
733.5526587764627	7497.968371167411	9291.924883527776	0.8214830172928264	7631.907042320462
734.7591598599766	7498.845887001663	9293.627001881678	0.8211639811443087	7630.36631757159
735.9656609434905	7499.723402835915	9295.329345410028	0.8208451044365951	7628.825592822717
737.1721620270044	7500.600918670167	9297.031914157511	0.8205262277288814	7627.284868073845
738.3786631105183	7501.47843450442	9298.734708168824	0.8202073510211677	7625.744143324973
739.5851641940324	7502.355950338671	9300.437727488676	0.819888474313454	7624.2034185761
740.7916652775463	7503.233466172924	9302.140972161787	0.8195695976057404	7622.662693827228
741.9981663610602	7504.110982007176	9303.84444223289	0.8192510137174581	7621.1219690783555
743.204667444574	7504.988497841428	9305.548137746733	0.8189326164296334	7619.5812443294835
744.411168528088	7505.866013675681	9307.25205874807	0.8186142191418089	7618.0405195806125
745.6176696116019	7506.743529509933	9308.956205281671	0.8182958218539842	7616.49979483174
746.8241706951159	7507.6210453441845	9310.660577392315	0.8179774245661596	7614.959070082868
748.0306717786298	7508.498561178438	9312.365175124794	0.817659027278335	7613.418345333996
749.2371728621437	7509.376077012689	9314.069998523912	0.8173409364965626	7611.877620585123
750.4436739456576	7510.253592846941	9315.775047634488	0.8170230610500432	7610.336895836251
751.6501750291715	7511.131108681194	9317.480322501347	0.8167051856035239	7608.796171087379
752.8566761126854	7512.008624515445	9319.18582316933	0.8163873101570046	7607.255446338506
754.0631771961994	7512.886140349698	9320.891549683287	0.8160694347104853	7605.714721589634
755.2696782797133	7513.76365618395	9322.597502088083	0.815751559263966	7604.173996840761
756.4761793632272	7514.641172018202	9324.303680428593	0.8154340013968114	7602.633272091889
757.6826804467411	7515.518687852455	9326.010084749705	0.815116689102999	7601.092547343018
758.889181530255	7516.396203686707	9327.716715096316	0.8147993768091865	7599.551822594145
760.095682613769	7517.273719520958	9329.423571513336	0.814482064515374	7598.011097845273
761.3021836972829	7518.151235355212	9331.130654045695	0.8141647522215615	7596.4703730964
762.5086847807968	7519.028751189463	9332.83796273832	0.813847439927749	7594.929648347528
763.7151858643107	7519.906267023715	9334.545497636162	0.8135304537603152	7593.388923598656
764.9216869478246	7520.783782857968	9336.253258784178	0.8132137448372613	7591.848198849783
766.1281880313385	7521.66129869222	9337.961246227338	0.8128970359142074	7590.307474100911
767.3346891148525	7522.538814526472	9339.669460010626	0.8125803269911535	7588.7667493520385
768.5411901983664	7523.416330360725	9341.377900179037	0.8122636180680997	7587.2260246031665
769.7476912818803	7524.293846194976	9343.086566777574	0.8119469091450457	7585.685299854295
770.9541923653942	7525.171362029229	9344.795459851259	0.8116305324544626	7584.1445751054225
772.1606934489081	7526.048877863481	9346.50457944512	0.8113144660433961	7582.6038503565505
773.367194532422	7526.926393697732	9348.2139256042	0.8109983996323296	7581.063125607679
774.573695615936	7527.8039095319855	9349.923498373553	0.8106823332212629	7579.522400858806
775.7801966994499	7528.681425366237	9351.633297798244	0.8103662668101964	7577.981676109934
776.9866977829638	7529.55894120049	9353.343323923353	0.8100502003991299	7576.440951361061
778.1931988664777	7530.436457034742	9355.053576793967	0.8097344699694718	7574.900226612189
779.3996999499916	7531.313972868994	9356.764056455193	0.8094190841512021	7573.359501863317
780.6062010335055	7532.191488703246	9358.474762952137	0.8091036983329324	7571.818777114444
781.8127021170195	7533.069004537499	9360.185696329932	0.8087883125146627	7570.278052365572
783.0192032005334	7533.94652037175	9361.896856633712	0.808472926696393	7568.737327616701
784.2257042840473	7534.824036206003	9363.608243908628	0.8081575408781233	7567.196602867828
785.4322053675612	7535.701552040255	9365.319858199842	0.8078424925152239	7565.655878118956
786.6387064510751	7536.579067874508	9367.031699552526	0.8075278243264341	7564.115153370083
787.8452075345891	7537.456583708759	9368.74376801187	0.8072131561376442	7562.574428621211
789.051708618103	7538.334099543012	9370.456063623065	0.8068984879488544	7561.033703872339
790.2582097016169	7539.211615377264	9372.168586431328	0.8065838197600647	7559.492979123466
791.4647107851308	7540.089131211516	9373.881336481874	0.8062691515712748	7557.952254374594
792.6712118686447	7540.966647045768	9375.59431381994	0.8059548201174486	7556.411529625721
793.8777129521586	7541.84416288002	9377.307518490772	0.8056409055668887	7554.870804876849
795.0842140356726	7542.7216787142725	9379.020950539629	0.8053269910163289	7553.330080127978
796.2907151191865	7543.599194548525	9380.734610011776	0.8050130764657691	7551.7893553791055
797.4972162027004	7544.476710382777	9382.448496952498	0.8046991619152093	7550.2486306302335
798.7037172862143	7545.354226217029	9384.162611407088	0.8043852473646494	7548.7079058813615
799.9102183697282	7546.231742051282	9385.876953420855	0.8040716667133292	7547.167181132489
801.1167194532421	7547.109257885533	9387.591523039111	0.8037585407979176	7545.626456383617
802.3232205367561	7547.986773719786	9389.306320307192	0.803445414882506	7544.085731634744
803.52972162027	7548.864289554038	9391.021345270434	0.8031322889670943	7542.545006885872
804.7362227037839	7549.74180538829	9392.7365979741935	0.8028191630516827	7541.004282137
805.9427237872978	7550.619321222542	9394.452078463837	0.802506037136271	7539.463557388127
807.1492248708117	7551.496837056795	9396.167786784743	0.8021932402465664	7537.922832639255
808.3557259543256	7552.374352891046	9397.8837229823	0.8018809369674057	7536.382107890384
809.5622270378396	7553.2518687253	9399.599887101911	0.8015686336882449	7534.841383141511
810.7687281213535	7554.129384559551	9401.31627918899	0.8012563304090843	7533.300658392639
811.9752292048674	7555.006900393803	9403.032899288964	0.8009440271299236	7531.759933643766
813.1817302883813	7555.884416228056	9404.74974744727	0.800631723850763	7530.219208894894
814.3882313718952	7556.761932062308	9406.46682370936	0.8003197427619451	7528.678484146022
815.5947324554093	7557.639447896559	9408.184128120693	0.8000082951402572	7527.137759397149
816.8012335389232	7558.516963730813	9409.901660726748	0.7996968475185693	7525.597034648277
818.007734622437	7559.394479565064	9411.619421573008	0.7993853998968814	7524.056309899404
819.214235705951	7560.271995399317	9413.337410704977	0.7990739522751934	7522.515585150532
820.4207367894649	7561.149511233569	9415.055628168158	0.7987625046535055	7520.97486040166
821.6272378729788	7562.02702706782	9416.774074008079	0.7984513704994217	7519.434135652788
822.8337389564928	7562.904542902073	9418.492748270279	0.7981408105924049	7517.893410903916
824.0402400400067	7563.782058736325	9420.211651000296	0.7978302506853882	7516.352686155044
825.2467411235206	7564.659574570577	9421.930782243695	0.7975196907783715	7514.811961406172
826.4532422070345	7565.5370904048295	9423.650142046046	0.7972091308713547	7513.2712366573
827.6597432905484	7566.414606239082	9425.369730452934	0.7968985709643379	7511.730511908427
828.8662443740623	7567.292122073334	9427.089547509951	0.7965883139877583	7510.189787159555
830.0727454575763	7568.169637907587	9428.809593262707	0.7962786729043693	7508.649062410683
831.2792465410902	7569.047153741838	9430.529867756823	0.7959690318209801	7507.10833766181
832.4857476246041	7569.924669576091	9432.250371037931	0.7956593907375911	7505.567612912938
833.692248708118	7570.802185410343	9433.971103151673	0.795349749654202	7504.026888164067
834.8987497916319	7571.679701244595	9435.692064143703	0.795040108570813	7502.486163415194
836.1052508751458	7572.557217078847	9437.413254059697	0.7947307581377104	7500.945438666322
837.3117519586598	7573.4347329131	9439.134672945329	0.7944220660543705	7499.404713917449
838.5182530421737	7574.312248747352	9440.856320846293	0.7941133739710307	7497.863989168577
839.7247541256876	7575.189764581604	9442.5781978083	0.7938046818876908	7496.323264419705
840.9312552092015	7576.067280415856	9444.300303877055	0.793495989804351	7494.782539670832
842.1377562927154	7576.944796250108	9446.022639098297	0.7931872977210112	7493.24181492196
843.3442573762294	7577.82231208436	9447.745203517767	0.7928788823347751	7491.701090173087
844.5507584597433	7578.699827918612	9449.467997181213	0.7925711685110027	7490.160365424215
845.7572595432572	7579.577343752865	9451.191020134404	0.7922634546872304	7488.619640675343
846.9637606267711	7580.4548595871165	9452.91427242312	0.791955740863458	7487.078915926471
848.170261710285	7581.332375421369	9454.637754093146	0.7916480270396856	7485.538191177599
849.3767627937989	7582.209891255621	9456.36146519029	0.7913403132159132	7483.997466428727
850.5832638773129	7583.0874070898735	9458.085405760365	0.7910328605314975	7482.4567416798545
851.7897649608268	7583.964922924126	9459.809575849193	0.7907261533254628	7480.916016930983
852.9962660443407	7584.842438758378	9461.533975502616	0.7904194461194282	7479.37529218211
854.2027671278546	7585.71995459263	9463.258604766488	0.7901127389133934	7477.834567433238
855.4092682113685	7586.597470426883	9464.983463686667	0.7898060317073587	7476.293842684366
856.6157692948824	7587.474986261134	9466.708552309034	0.7894993245013241	7474.753117935493
857.8222703783964	7588.352502095387	9468.433870679475	0.7891928613393258	7473.212393186621
859.0287714619103	7589.230017929639	9470.159418843885	0.7888871882233293	7471.671668437749
860.2352725454242	7590.107533763891	9471.885196848183	0.7885815151073329	7470.130943688877
861.4417736289381	7590.985049598144	9473.61120473829	0.7882758419913364	7468.590218940005
862.648274712452	7591.862565432395	9475.337442560143	0.78797016887534	7467.049494191132
863.8547757959659	7592.740081266647	9477.063910359691	0.7876644957593435	7465.50876944226
865.0612768794799	7593.617597100901	9478.790608182899	0.7873590481200148	7463.968044693388
866.2677779629938	7594.495112935152	9480.517536075733	0.7870544356958863	7462.427319944515
867.4742790465077	7595.3726287694035	9482.244694084182	0.7867498232717577	7460.886595195643
868.6807801300216	7596.250144603657	9483.972082254248	0.7864452108476292	7459.34587044677
869.8872812135355	7597.127660437908	9485.6997006319325	0.7861405984235007	7457.805145697898
871.0937822970495	7598.005176272161	9487.427549263268	0.7858359859993721	7456.264420949026
872.3002833805634	7598.882692106413	9489.155628194283	0.7855315790765603	7454.723696200154
873.5067844640773	7599.760207940665	9490.883937471026	0.785228053090974	7453.182971451282
874.7132855475912	7600.6377237749175	9492.612477139553	0.7849245271053876	7451.6422467024095
875.9197866311051	7601.51523960917	9494.341247245944	0.7846210011198013	7450.1015219535375
877.126287714619	7602.392755443421	9496.070247836273	0.7843174751342149	7448.5607972046655
878.332788798133	7603.2702712776745	9497.799478956642	0.7840139491486284	7447.020072455793
879.5392898816469	7604.147787111926	9499.528940653157	0.7837106073436423	7445.479347706921
880.7457909651608	7605.025302946179	9501.258632971942	0.7834081927033476	7443.938622958049
881.9522920486747	7605.902818780431	9502.988555959124	0.7831057780630528	7442.397898209176
883.1587931321886	7606.780334614683	9504.718709660854	0.782803363422758	7440.857173460304
884.3652942157025	7607.657850448935	9506.449094123287	0.7825009487824632	7439.316448711433
885.5717952992165	7608.535366283188	9508.179709392594	0.7821985341421684	7437.77572396256
886.7782963827304	7609.412882117439	9509.910555514958	0.7818962810774784	7436.234999213688
887.9847974662443	7610.290397951692	9511.641632536572	0.7815950018638047	7434.694274464815
889.1912985497582	7611.167913785944	9513.37294050364	0.7812937226501309	7433.153549715943
890.3977996332721	7612.045429620195	9515.104479462387	0.7809924434364571	7431.612824967071
891.604300716786	7612.922945454448	9516.836249459042	0.7806911642227833	7430.072100218198
892.8108018003	7613.8004612887	9518.568250539847	0.7803898850091094	7428.531375469326
894.017302883814	7614.677977122953	9520.300482751063	0.7800887435194293	7426.990650720453
895.2238039673279	7615.5554929572045	9522.032946138954	0.7797886228171856	7425.449925971581
896.4303050508418	7616.433008791457	9523.765640749803	0.779488502114942	7423.909201222709
897.6368061343557	7617.310524625709	9525.498566629904	0.7791883814126985	7422.368476473837
898.8433072178697	7618.1880404599615	9527.23172382556	0.7788882607104549	7420.827751724965
900.0498083013836	7619.065556294213	9528.965112383092	0.7785881400082113	7419.287026976092
901.2563093848975	7619.943072128466	9530.698732348828	0.778288131903418	7417.74630222722
902.4628104684114	7620.820587962718	9532.432583769112	0.7779891907706561	7416.2055774783485
903.6693115519253	7621.698103796971	9534.1666666903	0.7776902496378942	7414.664852729476
904.8758126354392	7622.449380701668	9535.730617408222	0.7773913085051323	7413.051825637922
906.0823137189532	7621.317898901075	9534.75378164571	0.7770923673723704	7410.360463475104
907.2888148024671	7620.186417100482	9533.776855994525	0.7767934262396086	7407.669101312285
908.495315885981	7619.054935299889	9532.799840442258	0.7764945713930876	7404.977739149466
909.7018169694949	7617.923453499295	9531.822734976498	0.7761968281370347	7402.286376986649
910.9083180530088	7616.791971698701	9530.845539584834	0.7758990848809818	7399.595014823831
912.1148191365227	7615.660489898108	9529.86825425485	0.7756013416249288	7396.9036526610125
913.3213202200367	7614.529008097515	9528.890878974127	0.7753035983688759	7394.212290498194
914.5278213035506	7613.397526296922	9527.913413730252	0.7750058551128229	7391.520928335375
915.7343223870645	7612.266044496328	9526.935858510797	0.7747081708773997	7388.829566172558
916.9408234705784	7611.1345626957345	9525.958213303338	0.7744116418148126	7386.13820400974
918.1473245540923	7610.0030808951415	9524.980478095455	0.7741151127522254	7383.446841846921
919.3538256376062	7608.8715990945475	9524.002652874713	0.7738185836896384	7380.755479684103
920.5603267211202	7607.740117293954	9523.024737628684	0.7735220546270513	7378.064117521284
921.7668278046341	7606.608635493361	9522.046732344936	0.7732255255644641	7375.372755358466
922.973328888148	7605.477153692767	9521.06863701103	0.7729290274599672	7372.6813931956485
924.1798299716619	7604.345671892174	9520.090451614533	0.7726337276159865	7369.99003103283
925.3863310551758	7603.214190091581	9519.112176143	0.7723384277720057	7367.298668870012
926.5928321386898	7602.082708290988	9518.133810583993	0.772043127928025	7364.607306707193
927.7993332222037	7600.951226490395	9517.155354925066	0.7717478280840443	7361.915944544375
929.0058343057176	7599.8197446898	9516.176809153769	0.7714525282400636	7359.224582381557
930.2123353892315	7598.688262889207	9515.198173257659	0.7711572305848752	7356.533220218739
931.4188364727454	7597.556781088614	9514.219447224279	0.7708631733563568	7353.841858055921
932.6253375562593	7596.425299288021	9513.240631041182	0.7705691161278383	7351.150495893102
933.8318386397733	7595.293817487428	9512.261724695903	0.7702750588993198	7348.459133730284
935.0383397232872	7594.162335686835	9511.282728175993	0.7699810016708013	7345.767771567465
936.2448408068011	7593.030853886241	9510.303641468981	0.7696869444422828	7343.076409404648
937.451341890315	7591.899372085647	9509.324464562415	0.7693928872137643	7340.38504724183
938.6578429738289	7590.767890285054	9508.345197443821	0.7691000576624668	7337.693685079011
939.8643440573428	7589.636408484461	9507.365840100738	0.76880725529433	7335.0023229161925
941.0708451408568	7588.504926683868	9506.386392520692	0.7685144529261932	7332.310960753374
942.2773462243707	7587.373444883274	9505.406854691213	0.7682216505580565	7329.619598590557
943.4838473078846	7586.241963082681	9504.427226599824	0.7679288481899197	7326.928236427739
944.6903483913985	7585.110481282088	9503.447508234054	0.7676360458217829	7324.23687426492
945.8968494749124	7583.978999481494	9502.467699581417	0.7673444527428159	7321.545512102101
947.1033505584263	7582.847517680901	9501.487800629437	0.7670529167601521	7318.854149939283
948.3098516419403	7581.716035880308	9500.507811365627	0.7667613807774882	7316.162787776465
949.5163527254542	7580.584554079714	9499.527731777504	0.7664698447948245	7313.471425613648
950.7228538089681	7579.4530722791205	9498.547561852578	0.7661783088121606	7310.7800634508285
951.929354892482	7578.3215904785275	9497.567301578358	0.7658867728294968	7308.08870128801
953.1358559759959	7577.190108677934	9496.586950942352	0.7655964267048028	7305.397339125192
954.3423570595098	7576.05862687734	9495.606509932068	0.7653061680924641	7302.705976962375
955.5488581430238	7574.9271450767465	9494.625978535	0.7650159094801254	7300.0146147995565
956.7553592265377	7573.795663276153	9493.645356738658	0.7647256508677868	7297.323252636737
957.9618603100516	7572.66418147556	9492.664644530536	0.7644353922554481	7294.631890473919
959.1683613935655	7571.532699674967	9491.683841898128	0.7641451336431094	7291.940528311101
960.3748624770794	7570.401217874374	9490.702948828928	0.7638560442284501	7289.249166148283
961.5813635605936	7569.269736073781	9489.72196531043	0.7635670731844766	7286.5578039854645
962.7878646441073	7568.138254273187	9488.74089133012	0.7632781021405032	7283.866441822646
963.9943657276212	7567.006772472593	9487.759726875485	0.7629891310965298	7281.175079659828
965.200866811135	7565.875290672	9486.77847193401	0.7627001600525563	7278.48371749701
966.407367894649	7564.743808871407	9485.797126493178	0.7624111890085828	7275.792355334192
967.6138689781629	7563.612327070814	9484.815690540465	0.7621233653040984	7273.100993171374
968.820370061677	7562.48084527022	9483.83416406335	0.7618356912124757	7270.409631008555
970.0268711451909	7561.349363469627	9482.852547049308	0.761548017120853	7267.718268845737
971.2333722287046	7560.217881669034	9481.870839485811	0.7612603430292303	7265.026906682919
972.4398733122188	7559.08639986844	9480.889041360331	0.7609726689376075	7262.3355445201005
973.6463743957326	7557.954918067847	9479.907152660335	0.7606849948459848	7259.644182357282
974.8528754792464	7556.823436267254	9478.925173373287	0.7603984453729427	7256.952820194464
976.0593765627605	7555.69195446666	9477.943103486654	0.7601120771263734	7254.261458031646
977.2658776462744	7554.560472666067	9476.960942987893	0.7598257088798042	7251.570095868828
978.4723787297881	7553.428990865474	9475.978691864466	0.7595393406332349	7248.878733706009
979.6788798133023	7552.297509064881	9474.996350103826	0.7592529723866657	7246.187371543191
980.8853808968161	7551.166027264288	9474.01391769343	0.7589666041400964	7243.496009380373
982.0918819803298	7550.034545463694	9473.031394620732	0.7586813369907555	7240.804647217555
983.298383063844	7548.9030636631	9472.048780873174	0.7583962830237836	7238.1132850547365
984.5048841473578	7547.7715818625065	9471.066076438208	0.7581112290568117	7235.421922891918
985.7113852308719	7546.6401000619135	9470.08328130328	0.75782617508984	7232.7305607291
986.9178863143857	7545.50861826132	9469.100395455833	0.7575411211228681	7230.039198566281
988.1243873978996	7544.377136460727	9468.117418883303	0.7572560671558963	7227.347836403464
989.3308884814136	7543.245654660133	9467.134351573128	0.7569720900054957	7224.656474240645
990.5373895649275	7542.114172859539	9466.151193512747	0.756688358305489	7221.965112077827
991.7438906484413	7540.982691058946	9465.167944689592	0.7564046266054822	7219.273749915009
992.9503917319553	7539.851209258353	9464.184605091095	0.7561208949054756	7216.58238775219
994.1568928154692	7538.71972745776	9463.20117470468	0.7558371632054689	7213.8910255893725
995.3633938989831	7537.588245657167	9462.217653517779	0.7555534315054623	7211.199663426554
996.5698949824971	7536.456763856573	9461.234041517813	0.755270751622034	7208.508301263736
997.7763960660109	7535.32528205598	9460.250338692205	0.7549883497399881	7205.816939100918
998.982897149525	7534.193800255386	9459.266545028373	0.7547059478579421	7203.125576938099
1000.1893982330388	7533.062318454793	9458.282660513732	0.754423545975896	7200.43421477528
1001.3958993165527	7531.9308366542	9457.298685135702	0.75414114409385	7197.742852612463
1002.6024004000665	7530.799354853606	9456.314618881692	0.753858742211804	7195.051490449645
1003.8089014835806	7529.667873053013	9455.330461739113	0.7535773664658297	7192.360128286827
1005.0154025670944	7528.53639125242	9454.346213695371	0.7532963015269956	7189.668766124008
1006.2219036506085	7527.404909451827	9453.361874737873	0.7530152365881615	7186.977403961189
1007.4284047341223	7526.273427651233	9452.37744485402	0.7527341716493273	7184.286041798372
1008.6349058176361	7525.14194585064	9451.392924031217	0.7524531067104933	7181.594679635554
1009.8414069011502	7524.010464050046	9450.408312256857	0.7521720417716591	7178.903317472736
1011.047907984664	7522.878982249453	9449.42360951834	0.75189197664557	7176.211955309916
1012.2544090681781	7521.74750044886	9448.43881580306	0.7516122553599056	7173.520593147098
1013.4609101516919	7520.616018648267	9447.453931098406	0.7513325340742413	7170.82923098428
1014.6674112352058	7519.484536847674	9446.468955391767	0.7510528127885769	7168.137868821463
1015.8739123187196	7518.35305504708	9445.483888670531	0.7507730915029126	7165.4465066586445
1017.0804134022337	7517.221573246486	9444.498730922081	0.7504933702172483	7162.755144495825
1018.2869144857475	7516.0900914458925	9443.513482133802	0.75021462181477	7160.063782333007
1019.4934155692615	7514.9586096452995	9442.528142293071	0.7499362504872149	7157.372420170189
1020.6999166527754	7513.827127844706	9441.542711387267	0.7496578791596598	7154.681058007372
1021.9064177362893	7512.695646044113	9440.55718940376	0.7493795078321046	7151.989695844553
1023.1129188198033	7511.564164243519	9439.57157632993	0.7491011365045495	7149.298333681734
1024.319419903317	7510.432682442926	9438.585872153144	0.7488227651769943	7146.606971518916
1025.5259209868311	7509.301200642332	9437.600076860772	0.7485453392323376	7143.915609356098
1026.732422070345	7508.169718841739	9436.614190440177	0.7482683237729116	7141.2242471932805
1027.938923153859	7507.038237041146	9435.628212878724	0.7479913083134858	7138.532885030462
1029.145424237373	7505.906755240552	9434.642144163772	0.7477142928540599	7135.841522867643
1030.3519253208867	7504.775273439959	9433.655984282685	0.7474372773946341	7133.150160704825
1031.5584264044007	7503.643791639366	9432.669733222812	0.7471602619352082	7130.458798542007
1032.7649274879145	7502.512309838773	9431.683390971515	0.7468841638221022	7127.767436379189
1033.9714285714285	7501.38082803818	9430.696957516137	0.7466085097558303	7125.07607421637
1035.1779296549425	7500.249346237585	9429.710432844033	0.7463328556895582	7122.384712053551
1036.3844307384563	7499.117864436992	9428.723816942551	0.7460572016232863	7119.693349890734
1037.5909318219703	7497.986382636399	9427.737109799033	0.7457815475570142	7117.001987727916
1038.7974329054841	7496.854900835806	9426.750311400821	0.7455058934907423	7114.310625565097
1040.0039339889981	7495.723419035213	9425.763421735257	0.7452311282313169	7111.619263402279
1041.2104350725122	7494.591937234619	9424.776440789676	0.7449568407079785	7108.92790123946
1042.416936156026	7493.460455434026	9423.789368551415	0.7446825531846402	7106.236539076643
1043.62343723954	7492.328973633432	9422.802205007809	0.7444082656613018	7103.545176913824
1044.8299383230537	7491.197491832839	9421.814950146185	0.7441339781379634	7100.853814751006
1046.0364394065678	7490.066010032246	9420.827603953874	0.7438596906146251	7098.162452588188
1047.2429404900815	7488.934528231653	9419.8401664182	0.7435862628881384	7095.47109042537
1048.4494415735955	7487.80304643106	9418.852637526488	0.7433133466918447	7092.7797282625515
1049.6559426571096	7486.671564630466	9417.865017266058	0.743040430495551	7090.088366099733
1050.8624437406233	7485.5400828298725	9416.87730562423	0.7427675142992574	7087.397003936915
1052.0689448241374	7484.4086010292785	9415.88950258832	0.7424945981029637	7084.705641774097
1053.2754459076511	7483.2771192286855	9414.901608145643	0.74222168190667	7082.014279611279
1054.4819469911652	7482.145637428092	9413.91362228351	0.741949596058084	7079.32291744846
1055.6884480746792	7481.014155627498	9412.925544989228	0.7416780556166827	7076.631555285642
1056.894949158193	7479.882673826905	9411.937376250109	0.7414065151752814	7073.940193122824
1058.101450241707	7478.751192026312	9410.949116053456	0.7411349747338802	7071.248830960006
1059.3079513252208	7477.619710225719	9409.960764386571	0.7408634342924789	7068.5574687971875
1060.5144524087348	7476.488228425125	9408.972321236755	0.7405918938510777	7065.866106634368
1061.7209534922486	7475.356746624532	9407.983786591305	0.7403211538994823	7063.174744471551
1062.9274545757626	7474.225264823938	9406.995160437515	0.7400509932937904	7060.483382308733
1064.1339556592766	7473.093783023345	9406.006442762682	0.7397808326880986	7057.792020145915
1065.3404567427904	7471.962301222752	9405.017633554091	0.7395106720824067	7055.1006579830955
1066.5469578263044	7470.830819422159	9404.028732799035	0.7392405114767149	7052.409295820277
1067.7534589098182	7469.699337621566	9403.0397404848	0.738970350871023	7049.71793365746
1068.9599599933322	7468.567855820972	9402.050656598667	0.7387009605179095	7047.026571494642
1070.1664610768462	7467.436374020378	9401.06148112792	0.7384321834907772	7044.3352093318235
1071.37296216036	7466.304892219785	9400.072214059835	0.738163406463645	7041.643847169004
1072.579463243874	7465.173410419192	9399.08285538169	0.7378946294365127	7038.952485006186
1073.7859643273878	7464.041928618599	9398.093405080761	0.7376258524093806	7036.261122843369
1074.9924654109018	7462.910446818006	9397.103863144319	0.7373570753822484	7033.569760680551
1076.1989664944158	7461.778965017412	9396.114229559631	0.7370890380196341	7030.878398517732
1077.4054675779296	7460.647483216819	9395.124504313964	0.7368216479848398	7028.187036354913
1078.6119686614436	7459.516001416225	9394.134687394588	0.7365542579500456	7025.495674192095
1079.8184697449574	7458.384519615632	9393.144778788761	0.7362868679152513	7022.804312029278
1081.0249708284714	7457.253037815039	9392.154778483744	0.7360194778804571	7020.1129498664595
1082.2314719119852	7456.121556014446	9391.164686466795	0.7357520878456628	7017.421587703641
1083.4379729954992	7454.990074213852	9390.174502725169	0.7354854065640674	7014.730225540822
1084.6444740790132	7453.8585924132585	9389.184227246118	0.7352194066150445	7012.038863378004
1085.850975162527	7452.7271106126655	9388.193860016896	0.7349534066660216	7009.347501215187
1087.057476246041	7451.595628812072	9387.203401024748	0.7346874067169987	7006.6561390523675
1088.2639773295548	7450.464147011478	9386.212850256921	0.734421406767976	7003.96477688955
1089.4704784130688	7449.332665210884	9385.222207700659	0.7341554068189531	7001.273414726731
1090.6769794965828	7448.201183410291	9384.231473343205	0.733890084415227	6998.582052563913
1091.8834805800966	7447.069701609698	9383.240647171793	0.7336254773336263	6995.890690401095
1093.0899816636106	7445.938219809105	9382.249729173662	0.7333608702520255	6993.199328238276
1094.2964827471244	7444.806738008512	9381.258719336045	0.7330962631704248	6990.507966075459
1095.5029838306384	7443.675256207918	9380.267617646175	0.7328316560888241	6987.81660391264
1096.7094849141524	7442.543774407324	9379.276424091286	0.7325670490072232	6985.125241749822
1097.9159859976662	7441.412292606731	9378.285138658595	0.7323030879922318	6982.4338795870035
1099.1224870811802	7440.280810806138	9377.293761335333	0.7320398762563182	6979.742517424185
1100.328988164694	7439.149329005545	9376.302292108723	0.7317766645204047	6977.051155261368
1101.535489248208	7438.017847204952	9375.310730965983	0.7315134527844911	6974.359793098549
1102.7419903317218	7436.886365404359	9374.31907789433	0.7312502410485775	6971.668430935731
1103.9484914152358	7435.754883603765	9373.327332880976	0.730987029312664	6968.977068772912
1105.1549924987498	7434.623401803171	9372.33549591314	0.7307244319188253	6966.285706610094
1106.3614935822636	7433.491920002578	9371.34356697803	0.7304626177117123	6963.594344447277
1107.5679946657776	7432.360438201985	9370.351546062855	0.7302008035045993	6960.902982284457
1108.7744957492914	7431.228956401392	9369.359433154816	0.7299389892974864	6958.2116201216395
1109.9809968328054	7430.097474600798	9368.36722824112	0.7296771750903733	6955.520257958821
1111.1874979163194	7428.965992800205	9367.37493130897	0.7294153608832603	6952.828895796003
1112.3939989998332	7427.834510999612	9366.38254234556	0.7291541290719419	6950.137533633185
1113.6005000833472	7426.703029199018	9365.390061338092	0.7288937142896645	6947.446171470366
1114.807001166861	7425.571547398425	9364.397488273753	0.7286332995073873	6944.754809307548
1116.013502250375	7424.440065597831	9363.404823139736	0.72837288472511	6942.06344714473
1117.2200033338888	7423.308583797238	9362.412065923232	0.7281124699428326	6939.372084981912
1118.4265044174028	7422.1771019966445	9361.41921661143	0.7278520551605554	6936.680722819094
1119.6330055009169	7421.0456201960515	9360.426275191508	0.7275921906293273	6933.989360656275
1120.8395065844306	7419.914138395458	9359.433241650655	0.7273331768887564	6931.297998493457
1122.0460076679447	7418.782656594864	9358.440115976044	0.7270741631481855	6928.606636330639
1123.2525087514584	7417.65117479427	9357.446898154854	0.7268151494076146	6925.915274167821
1124.4590098349724	7416.519692993677	9356.453588174263	0.7265561356670436	6923.223912005003
1125.6655109184865	7415.388211193084	9355.46018602144	0.7262971219264727	6920.5325498421835
1126.8720120020002	7414.256729392491	9354.466691683558	0.7260386261162227	6917.841187679366
1128.0785130855143	7413.125247591898	9353.47310514778	0.7257810147628196	6915.149825516548
1129.285014169028	7411.993765791305	9352.479426401276	0.7255234034094166	6912.45846335373
1130.491515252542	7410.862283990711	9351.485655431205	0.7252657920560135	6909.7671011909115
1131.698016336056	7409.730802190117	9350.491792224728	0.7250081807026104	6907.075739028092
1132.9045174195699	7408.599320389524	9349.497836769006	0.7247505693492075	6904.384376865275
1134.1110185030839	7407.467838588931	9348.503789051194	0.7244934434511145	6901.693014702456
1135.3175195865977	7406.336356788338	9347.509649058444	0.7242372355665314	6899.001652539639
1136.5240206701117	7405.204874987744	9346.515416777906	0.7239810276819483	6896.31029037682
1137.7305217536255	7404.073393187151	9345.52109219673	0.7237248197973651	6893.618928214001
1138.9370228371395	7402.941911386558	9344.526675302062	0.723468611912782	6890.927566051183
1140.1435239206535	7401.810429585965	9343.532166081046	0.7232124040281988	6888.236203888365
1141.3500250041673	7400.678947785371	9342.537564520822	0.7229566489905721	6885.5448417255475
1142.5565260876813	7399.547465984777	9341.542870608531	0.7227018454000972	6882.853479562729
1143.763027171195	7398.415984184184	9340.548084331309	0.7224470418096223	6880.16211739991
1144.969528254709	7397.284502383591	9339.55320567629	0.7221922382191472	6877.470755237092
1146.176029338223	7396.153020582998	9338.558234630606	0.7219374346286723	6874.779393074274
1147.3825304217369	7395.021538782405	9337.563171181386	0.7216826310381974	6872.088030911456
1148.589031505251	7393.890056981811	9336.568015315755	0.7214282475731779	6869.396668748638
1149.7955325887647	7392.758575181217	9335.57276702084	0.7211748488530285	6866.705306585819
1151.0020336722787	7391.627093380624	9334.577426283768	0.7209214501328791	6864.013944423001
1152.2085347557927	7390.4956115800305	9333.58199309165	0.7206680514127296	6861.322582260183
1153.4150358393065	7389.3641297794375	9332.586467431609	0.7204146526925802	6858.631220097365
1154.6215369228205	7388.232647978844	9331.590849290757	0.7201612539724308	6855.939857934547
1155.8280380063343	7387.101166178251	9330.595138656208	0.7199082425625599	6853.248495771728
1157.0345390898483	7385.969684377657	9329.599335515075	0.7196562490470247	6850.55713360891
1158.241040173362	7384.838202577063	9328.603439854462	0.7194042555314897	6847.8657714460915
1159.447541256876	7383.70672077647	9327.607451661477	0.7191522620159546	6845.174409283274
1160.65404234039	7382.575238975877	9326.611370923221	0.7189002685004194	6842.483047120455
1161.860543423904	7381.443757175284	9325.615197626796	0.7186482749848844	6839.791684957637
1163.067044507418	7380.31227537469	9324.6189317593	0.7183966358895392	6837.100322794819
1164.2735455909317	7379.180793574097	9323.622573307828	0.7181460476779723	6834.408960632
1165.4800466744457	7378.049311773504	9322.626122259477	0.7178954594664053	6831.717598469182
1166.6865477579597	7376.91782997291	9321.629578601334	0.7176448712548383	6829.026236306364
1167.8930488414735	7375.786348172317	9320.63294232049	0.7173942830432715	6826.334874143546
1169.0995499249875	7374.654866371723	9319.63621340403	0.7171436948317045	6823.6435119807275
1170.3060510085013	7373.52338457113	9318.639391839039	0.7168934280934032	6820.952149817909
1171.5125520920153	7372.391902770537	9317.642477612597	0.7166442450570711	6818.260787655091
1172.719053175529	7371.260420969944	9316.645470711786	0.716395062020739	6815.569425492274
1173.925554259043	7370.128939169351	9315.6483711236815	0.716145878984407	6812.878063329455
1175.1320553425571	7368.997457368757	9314.651178835355	0.7158966959480748	6810.186701166636
1176.338556426071	7367.865975568163	9313.653893833882	0.7156475129117428	6807.495339003818
1177.545057509585	7366.73449376757	9312.656516106332	0.7153986183623202	6804.803976841
1178.7515585930987	7365.603011966977	9311.65904563977	0.7151508401511041	6802.112614678183
1179.9580596766127	7364.471530166384	9310.661482421261	0.7149030619398878	6799.421252515363
1181.1645607601267	7363.340048365791	9309.663826437867	0.7146552837286716	6796.729890352544
1182.3710618436405	7362.2085665651975	9308.66607767665	0.7144075055174555	6794.038528189727
1183.5775629271545	7361.077084764604	9307.668236124664	0.7141597273062392	6791.347166026909
1184.7840640106683	7359.94560296401	9306.670301768969	0.7139122045728954	6788.655803864091
1185.9905650941823	7358.8141211634165	9305.672274596613	0.7136658306218508	6785.964441701272
1187.1970661776963	7357.6826393628235	9304.67415459465	0.7134194566708063	6783.273079538453
1188.4035672612101	7356.55115756223	9303.675941750125	0.7131730827197618	6780.581717375636
1189.6100683447241	7355.419675761636	9302.677636050083	0.7129267087687171	6777.890355212818
1190.816569428238	7354.288193961043	9301.67923748157	0.7126803348176726	6775.198993049999
1192.023070511752	7353.15671216045	9300.680746031625	0.7124341833288956	6772.507630887181
1193.2295715952657	7352.025230359857	9299.682161687286	0.7121892128646717	6769.816268724363
1194.4360726787797	7350.893748559263	9298.683484435589	0.711944242400448	6767.124906561545
1195.6425737622938	7349.762266758669	9297.684714263565	0.7116992719362241	6764.433544398727
1196.8490748458075	7348.630784958076	9296.685851158252	0.7114543014720003	6761.742182235908
1198.0555759293215	7347.499303157483	9295.686895106672	0.7112093310077764	6759.05082007309
1199.2620770128353	7346.36782135689	9294.68784609585	0.710964549999141	6756.359457910272
1200.4685780963493	7345.236339556297	9293.688704112818	0.7107209820462606	6753.668095747454
1201.6750791798634	7344.104857755703	9292.689469144587	0.7104774140933802	6750.976733584635
1202.8815802633771	7342.973375955109	9291.690141178186	0.7102338461404997	6748.285371421817
1204.0880813468912	7341.841894154516	9290.690720200622	0.7099902781876193	6745.594009258999
1205.294582430405	7340.710412353923	9289.691206198915	0.7097467102347389	6742.902647096181
1206.501083513919	7339.57893055333	9288.691599160076	0.7095032987545831	6740.211284933363
1207.707584597433	7338.447448752737	9287.691899071113	0.7092611321415859	6737.519922770543
1208.9140856809468	7337.315966952144	9286.692105919032	0.7090189655285888	6734.828560607726
1210.1205867644608	7336.18448515155	9285.692219690838	0.7087767989155915	6732.137198444908
1211.3270878479746	7335.053003350956	9284.692240373537	0.7085346323025945	6729.445836282089
1212.5335889314886	7333.921521550363	9283.692167954125	0.7082924656895973	6726.7544741192705
1213.7400900150024	7332.79003974977	9282.692002419593	0.7080504226045784	6724.063111956453
1214.9465910985164	7331.658557949177	9281.691743756948	0.7078096559700302	6721.371749793635
1216.1530921820304	7330.527076148583	9280.691391953173	0.7075688893354819	6718.680387630817
1217.3595932655442	7329.39559434799	9279.690946995262	0.7073281227009337	6715.989025467998
1218.5660943490582	7328.2641125473965	9278.690408870203	0.7070873560663854	6713.297663305179
1219.772595432572	7327.1326307468025	9277.689777564976	0.7068465894318372	6710.606301142362
1220.979096516086	7326.0011489462095	9276.68905306657	0.7066059134323689	6707.914938979544
1222.1855975996	7324.8696671456155	9275.688235361962	0.7063665452307375	6705.223576816726
1223.3920986831138	7323.738185345022	9274.687324438128	0.7061271770291062	6702.5322146539065
1224.5985997666278	7322.606703544429	9273.686320282046	0.7058878088274748	6699.840852491088
1225.8051008501416	7321.475221743836	9272.685222880687	0.7056484406258435	6697.149490328271
1227.0116019336556	7320.343739943243	9271.684032221025	0.7054090724242121	6694.458128165453
1228.2181030171694	7319.21225814265	9270.682748290024	0.7051697620297851	6691.7667660026345
1229.4246041006834	7318.080776342055	9269.68137107465	0.7049317905371867	6689.075403839815
1230.6311051841974	7316.949294541462	9268.679900561869	0.7046938190445883	6686.384041676997
1231.8376062677112	7315.817812740869	9267.678336738642	0.7044558475519899	6683.692679514179
1233.0441073512252	7314.686330940276	9266.676679591923	0.7042178760593915	6681.001317351362
1234.250608434739	7313.554849139683	9265.674929108669	0.703979904566793	6678.309955188543
1235.457109518253	7312.42336733909	9264.673085275837	0.7037419581311798	6675.618593025724
1236.663610601767	7311.291885538496	9263.671148080375	0.7035053814509953	6672.927230862906
1237.8701116852808	7310.160403737902	9262.669117509231	0.7032688047708108	6670.235868700088
1239.0766127687948	7309.028921937309	9261.666993549357	0.7030322280906263	6667.54450653727
1240.2831138523086	7307.897440136716	9260.664776187687	0.7027956514104418	6664.853144374452
1241.4896149358226	7306.765958336123	9259.66246541117	0.7025590747302571	6662.161782211633
1242.6961160193366	7305.634476535529	9258.66006120674	0.7023224980500726	6659.470420048815
1243.9026171028504	7304.502994734936	9257.657563561337	0.7020873065149702	6656.779057885997
1245.1091181863644	7303.371512934343	9256.654972461896	0.7018521225833368	6654.0876957231785
1246.3156192698782	7302.24003113375	9255.652287895344	0.7016169386517036	6651.396333560361
1247.5221203533922	7301.108549333156	9254.649509848614	0.7013817547200702	6648.704971397542
1248.728621436906	7299.977067532563	9253.646638308628	0.701146570788437	6646.013609234724
1249.93512252042	7298.845585731969	9252.643673262317	0.7009113868568037	6643.322247071906
1251.141623603934	7297.714103931376	9251.640614696596	0.7006775532854196	6640.630884909087
1252.3481246874478	7296.5826221307825	9250.63746259839	0.7004437598765967	6637.93952274627
1253.5546257709618	7295.451140330189	9249.634216954611	0.7002099664677738	6635.248160583451
1254.7611268544756	7294.319658529596	9248.630877752175	0.6999761730589509	6632.556798420633
1255.9676279379896	7293.1881767290015	9247.627444977998	0.699742379650128	6629.8654362578145
1257.1741290215036	7292.056694928408	9246.623918618985	0.699508586241305	6627.174074094996
1258.3806301050174	7290.925213127815	9245.620298662043	0.6992761083637287	6624.482711932178
1259.5871311885314	7289.793731327222	9244.61658509408	0.699043703095342	6621.79134976936
1260.7936322720452	7288.662249526629	9243.612777901997	0.6988112978269555	6619.099987606542
1262.0001333555592	7287.530767726036	9242.608877072695	0.6985788925585689	6616.408625443723
1263.206634439073	7286.399285925442	9241.604882593065	0.6983464872901823	6613.717263280905
1264.413135522587	7285.267804124848	9240.600794450009	0.6981140820217957	6611.025901118087
1265.619636606101	7284.136322324255	9239.596612630416	0.6978829574272253	6608.334538955268
1266.8261376896148	7283.004840523662	9238.592337121181	0.6976519377653913	6605.6431767924505
1268.0326387731288	7281.873358723069	9237.587967909185	0.6974209181035571	6602.951814629632
1269.2391398566426	7280.741876922476	9236.583504981316	0.6971898984417231	6600.260452466814
1270.4456409401566	7279.610395121882	9235.578948324455	0.6969588787798889	6597.569090303996
1271.6521420236706	7278.478913321289	9234.574297925486	0.6967278591180549	6594.877728141177
1272.8586431071844	7277.347431520695	9233.569553771285	0.6964980852593351	6592.186365978359
1274.0651441906984	7276.215949720102	9232.564715848728	0.6962684485236655	6589.495003815541
1275.2716452742122	7275.084467919509	9231.559784144685	0.6960388117879961	6586.803641652723
1276.4781463577262	7273.952986118915	9230.554758646027	0.6958091750523265	6584.112279489905
1277.6846474412403	7272.821504318322	9229.549639339628	0.695579538316657	6581.420917327086
1278.891148524754	7271.690022517729	9228.544426212347	0.6953499015809875	6578.729555164268
1280.097649608268	7270.558540717136	9227.539119251047	0.6951214757790438	6576.03819300145
1281.3041506917818	7269.427058916543	9226.533718442592	0.694893219147536	6573.346830838632
1282.5106517752959	7268.295577115948	9225.52822377384	0.6946649625160282	6570.655468675814
1283.7171528588096	7267.164095315355	9224.522635231644	0.6944367058845204	6567.964106512995
1284.9236539423237	7266.032613514762	9223.516952802858	0.6942084492530126	6565.272744350176
1286.1301550258377	7264.9011317141685	9222.511176474336	0.6939801926215048	6562.581382187358
1287.3366561093515	7263.769649913575	9221.505306232924	0.6937531120696774	6559.890020024541
1288.5431571928655	7262.638168112982	9220.49934206547	0.6935262325834889	6557.1986578617225
1289.7496582763793	7261.506686312388	9219.493283958811	0.6932993530973005	6554.507295698903
1290.9561593598933	7260.375204511794	9218.487131899794	0.6930724736111121	6551.815933536085
1292.1626604434073	7259.243722711201	9217.480885875259	0.6928455941249236	6549.124571373267
1293.369161526921	7258.112240910608	9216.474545872035	0.6926187146387353	6546.43320921045
1294.575662610435	7256.980759110015	9215.468111876962	0.6923929764070131	6543.741847047631
1295.7821636939489	7255.849277309422	9214.46158387687	0.6921674709751249	6541.050484884812
1296.9886647774629	7254.717795508828	9213.454961858582	0.6919419655432366	6538.359122721994
1298.1951658609769	7253.586313708235	9212.448245808935	0.6917164601113484	6535.667760559176
1299.4016669444907	7252.454831907642	9211.441435714743	0.69149095467946	6532.9763983963585
1300.6081680280047	7251.323350107048	9210.434531562832	0.6912654492475717	6530.28503623354
1301.8146691115185	7250.191868306455	9209.42753334002	0.691041050286731	6527.593674070721
1303.0211701950325	7249.060386505861	9208.420441033122	0.6908169156905003	6524.902311907903
1304.2276712785463	7247.928904705268	9207.413254628955	0.6905927810942697	6522.210949745086
1305.4341723620603	7246.797422904675	9206.405974114328	0.690368646498039	6519.519587582267
1306.6406734455743	7245.665941104082	9205.398599476051	0.6901445119018083	6516.828225419449
1307.847174529088	7244.534459303489	9204.391130700931	0.6899203773055775	6514.13686325663
1309.053675612602	7243.402977502894	9203.383567775769	0.6896973144512223	6511.445501093812
1310.2601766961159	7242.271495702301	9202.375910687371	0.6894745473488276	6508.7541389309945
1311.46667777963	7241.140013901708	9201.368159422533	0.689251780246433	6506.062776768175
1312.673178863144	7240.008532101115	9200.360313968053	0.6890290131440383	6503.371414605357
1313.8796799466577	7238.877050300522	9199.352374310723	0.6888062460416438	6500.680052442539
1315.0861810301717	7237.745568499929	9198.344340437341	0.6885834789392491	6497.988690279721
1316.2926821136855	7236.614086699335	9197.336212334689	0.6883617489157584	6495.2973281169025
1317.4991831971995	7235.482604898741	9196.327989989557	0.6881403458465374	6492.605965954084
1318.7056842807133	7234.351123098148	9195.319673388729	0.6879189427773164	6489.914603791267
1319.9121853642273	7233.2196412975545	9194.311262518988	0.6876975397080952	6487.223241628448
1321.1186864477413	7232.088159496961	9193.302757367113	0.6874761366388741	6484.53187946563
1322.325187531255	7230.956677696368	9192.294157919878	0.687254733569653	6481.840517302811
1323.531688614769	7229.825195895774	9191.28546416406	0.6870343329940373	6479.149155139993
1324.738189698283	7228.693714095181	9190.276676086432	0.6868142903827216	6476.457792977176
1325.944690781797	7227.562232294587	9189.267793673762	0.6865942477714058	6473.766430814357
1327.151191865311	7226.430750493994	9188.258816912818	0.68637420516009	6471.0750686515385
1328.3576929488247	7225.299268693401	9187.249745790363	0.6861541625487743	6468.38370648872
1329.5641940323387	7224.167786892807	9186.240580293157	0.6859341199374586	6465.692344325902
1330.7706951158525	7223.036305092214	9185.231320407966	0.685715045323123	6463.000982163085
1331.9771961993665	7221.904823291621	9184.22196612154	0.6854963594839699	6460.309620000266
1333.1836972828805	7220.773341491028	9183.212517420641	0.6852776736448168	6457.618257837447
1334.3901983663943	7219.641859690435	9182.202974292015	0.6850589878056638	6454.926895674629
1335.5966994499083	7218.51037788984	9181.193336722412	0.6848403019665107	6452.235533511811
1336.8032005334221	7217.378896089247	9180.183604698585	0.6846216161273576	6449.544171348994
1338.0097016169361	7216.247414288654	9179.173778207274	0.6844038638877786	6446.8528091861735
1339.21620270045	7215.115932488061	9178.16385723522	0.6841865310286029	6444.161447023356
1340.422703783964	7213.984450687468	9177.153841769166	0.6839691981694271	6441.470084860538
1341.629204867478	7212.852968886875	9176.14373179585	0.6837518653102514	6438.77872269772
1342.8357059509917	7211.721487086281	9175.133527302003	0.6835345324510758	6436.087360534902
1344.0422070345057	7210.590005285687	9174.12322827436	0.6833171995919	6433.395998372082
1345.2487081180195	7209.458523485094	9173.11283469965	0.6831007660442129	6430.704636209265
1346.4552092015335	7208.327041684501	9172.1023465646	0.6828847822703198	6428.013274046447
1347.6617102850475	7207.195559883908	9171.091763855935	0.6826687984964267	6425.321911883629
1348.8682113685613	7206.064078083315	9170.08108656038	0.6824528147225337	6422.63054972081
1350.0747124520753	7204.932596282721	9169.07031466465	0.6822368309486406	6419.939187557991
1351.2812135355891	7203.801114482128	9168.059448155465	0.6820208471747475	6417.247825395174
1352.4877146191031	7202.6696326815345	9167.048487019541	0.6818057285432494	6414.556463232356
1353.6942157026172	7201.5381508809405	9166.037431243589	0.6815910898612714	6411.865101069538
1354.900716786131	7200.4066690803475	9165.02628081432	0.6813764511792935	6409.173738906719
1356.107217869645	7199.2751872797535	9164.01503571844	0.6811618124973156	6406.4823767439
1357.3137189531587	7198.14370547916	9163.003695942654	0.6809471738153376	6403.791014581083
1358.5202200366728	7197.012223678567	9161.992261473666	0.6807325351333596	6401.099652418264
1359.7267211201865	7195.880741877974	9160.980732298176	0.6805187275529274	6398.408290255446
1360.9332222037006	7194.749260077381	9159.96910840288	0.6803054298745657	6395.716928092628
1362.1397232872146	7193.617778276786	9158.957389774472	0.6800921321962039	6393.025565929809
1363.3462243707284	7192.486296476193	9157.945576399647	0.6798788345178423	6390.334203766992
1364.5527254542424	7191.3548146756	9156.933668265096	0.6796655368394805	6387.642841604173
1365.7592265377561	7190.223332875007	9155.921665357502	0.6794522391611189	6384.951479441355
1366.9657276212702	7189.091851074414	9154.909567663555	0.6792397386805453	6382.260117278537
1368.1722287047842	7187.960369273821	9153.897375169932	0.6790277778262191	6379.568755115718
1369.378729788298	7186.828887473228	9152.88508786332	0.6788158169718931	6376.877392952901
1370.585230871812	7185.697405672633	9151.872705730393	0.6786038561175669	6374.1860307900815
1371.7917319553258	7184.56592387204	9150.860228757823	0.6783918952632407	6371.494668627264
1372.9982330388398	7183.434442071447	9149.847656932287	0.6781799344089146	6368.803306464446
1374.2047341223536	7182.302960270854	9148.834990240452	0.677968736994164	6366.111944301627
1375.4112352058676	7181.171478470261	9147.822228668989	0.6777581086965692	6363.420582138809
1376.6177362893816	7180.039996669667	9146.809372204561	0.6775474803989744	6360.72921997599
1377.8242373728954	7178.908514869074	9145.79642083383	0.6773368521013796	6358.037857813173
1379.0307384564094	7177.77703306848	9144.783374543456	0.6771262238037847	6355.346495650355
1380.2372395399232	7176.645551267887	9143.7702333201	0.67691559550619	6352.655133487536
1381.4437406234372	7175.514069467294	9142.756997150413	0.6767056970435728	6349.9637713247175
1382.6502417069512	7174.3825876667	9141.743666021048	0.676496396951149	6347.272409161899
1383.856742790465	7173.251105866107	9140.730239918657	0.6762870968587255	6344.581046999082
1385.063243873979	7172.119624065514	9139.716718829886	0.6760777967663018	6341.889684836263
1386.2697449574928	7170.9881422649205	9138.70310274138	0.6758684966738782	6339.198322673445
1387.4762460410068	7169.856660464327	9137.689391639784	0.6756591965814545	6336.506960510626
1388.6827471245208	7168.725178663733	9136.675585511734	0.6754505928807254	6333.815598347808
1389.8892482080346	7167.5936968631395	9135.661684343871	0.6752426165610397	6331.124236184991
1391.0957492915486	7166.462215062546	9134.64768812283	0.675034640241354	6328.432874022172
1392.3022503750624	7165.330733261953	9133.63359683524	0.6748266639216681	6325.7415118593535
1393.5087514585764	7164.19925146136	9132.619410467736	0.6746186876019824	6323.050149696535
1394.7152525420902	7163.067769660767	9131.60512900694	0.6744107112822966	6320.358787533717
1395.9217536256042	7161.936287860174	9130.59075243948	0.6742033980796767	6317.6674253709
1397.1282547091182	7160.804806059579	9129.57628075198	0.6739967410227168	6314.976063208081
1398.334755792632	7159.673324258986	9128.56171393106	0.673790083965757	6312.284701045262
1399.541256876146	7158.541842458393	9127.547051963333	0.6735834269087972	6309.593338882444
1400.7477579596598	7157.4103606578	9126.532294835415	0.6733767698518375	6306.901976719626
1401.9542590431738	7156.278878857207	9125.517442533925	0.6731701127948776	6304.210614556808
1403.1607601266878	7155.147397056613	9124.502495045466	0.6729640857559999	6301.5192523939895
1404.3672612102016	7154.01591525602	9123.487452356645	0.6727587433773882	6298.827890231171
1405.5737622937156	7152.884433455427	9122.472314454073	0.6725534009987764	6296.136528068353
1406.7802633772294	7151.752951654833	9121.457081324348	0.6723480586201647	6293.445165905535
1407.9867644607434	7150.62146985424	9120.44175295407	0.672142716241553	6290.753803742717
1409.1932655442574	7149.489988053646	9119.426329329839	0.6719373738629412	6288.062441579898
1410.3997666277712	7148.358506253053	9118.410810438247	0.6717326285857249	6285.37107941708
1411.6062677112852	7147.22702445246	9117.395196265887	0.6715285962298466	6282.679717254261
1412.812768794799	7146.095542651867	9116.37948679935	0.6713245638739683	6279.988355091444
1414.019269878313	7144.964060851274	9115.363682025223	0.67112053151809	6277.2969929286255
1415.2257709618268	7143.83257905068	9114.34778193009	0.6709164991622117	6274.605630765807
1416.4322720453408	7142.701097250086	9113.331786500532	0.6707124668063335	6271.914268602989
1417.6387731288548	7141.569615449493	9112.315695723131	0.6705089988237853	6269.22290644017
1418.8452742123686	7140.4381336489	9111.299509584465	0.6703062717668378	6266.531544277353
1420.0517752958826	7139.3066518483065	9110.28322807111	0.6701035447098902	6263.840182114534
1421.2582763793964	7138.175170047713	9109.26685116963	0.6699008176529426	6261.148819951716
1422.4647774629104	7137.0436882471195	9108.250378866604	0.669698090595995	6258.457457788897
1423.6712785464244	7135.9122064465255	9107.233811148595	0.6694953635390475	6255.766095626079
1424.8777796299382	7134.780724645932	9106.217148002166	0.6692931683219928	6253.0747334632615
1426.0842807134522	7133.649242845339	9105.200389413883	0.66909174177495645	6250.383371300443
1427.290781796966	7132.517761044746	9104.183535370305	0.6688903152279201	6247.692009137625
1428.49728288048	7131.386279244153	9103.166585857985	0.6686888886808836	6245.000646974806
1429.7037839639938	7130.254797443559	9102.149540863482	0.6684874621338472	6242.309284811989
1430.9102850475078	7129.123315642966	9101.132400373348	0.6682860355868109	6239.61792264917
1432.1167861310219	7127.991833842372	9100.115164374129	0.6680851085465557	6236.926560486352
1433.3232872145356	7126.860352041779	9099.097832852374	0.6678849776580857	6234.235198323534
1434.5297882980497	7125.728870241186	9098.080405794628	0.6676848467696157	6231.543836160715
1435.7362893815634	7124.597388440593	9097.062883187431	0.6674847158811458	6228.8524739978975
1436.9427904650775	7123.465906639999	9096.045265017325	0.6672845849926757	6226.161111835079
1438.1492915485915	7122.334424839406	9095.027551270847	0.6670844541042058	6223.46974967226
1439.3557926321052	7121.202943038813	9094.009741934527	0.6668847905951314	6220.778387509443
1440.5622937156193	7120.07146123822	9092.991836994901	0.6666859504543766	6218.087025346624
1441.768794799133	7118.939979437626	9091.973836438498	0.666487110313622	6215.3956631838055
1442.975295882647	7117.808497637032	9090.955740251844	0.6662882701728673	6212.704301020987
1444.181796966161	7116.677015836439	9089.93754842146	0.6660894300321125	6210.012938858169
1445.3882980496749	7115.545534035846	9088.919260933873	0.6658905898913579	6207.321576695352
1446.5947991331889	7114.414052235253	9087.900877775597	0.6656921852134495	6204.630214532533
1447.8013002167027	7113.28257043466	9086.882398933156	0.6654946308527951	6201.938852369714
1449.0078013002167	7112.151088634066	9085.863824393055	0.6652970764921406	6199.247490206896
1450.2143023837305	7111.019606833473	9084.845154141814	0.6650995221314863	6196.556128044079
1451.4208034672445	7109.888125032879	9083.826388165933	0.6649019677708319	6193.864765881261
1452.6273045507585	7108.756643232286	9082.807526451928	0.6647044134101774	6191.1734037184415
1453.8338056342723	7107.6251614316925	9081.788568986296	0.6645072628114878	6188.482041555623
1455.0403067177863	7106.493679631099	9080.76951575554	0.6643109892092266	6185.790679392805
1456.2468078013	7105.3621978305055	9079.75036674616	0.6641147156069653	6183.099317229987
1457.453308884814	7104.230716029912	9078.731121944655	0.6639184420047042	6180.4079550671695
1458.659809968328	7103.099234229319	9077.711781337515	0.6637221684024429	6177.71659290435
1459.8663110518419	7101.967752428725	9076.69234491123	0.6635258948001818	6175.025230741532
1461.072812135356	7100.836270628132	9075.67281265229	0.663329993479231	6172.333868578714
1462.2793132188697	7099.704788827539	9074.653184547185	0.6631349955621635	6169.642506415897
1463.4858143023837	7098.573307026945	9073.633460582394	0.662939997645096	6166.951144253078
1464.6923153858977	7097.441825226352	9072.613640744401	0.6627449997280285	6164.259782090258
1465.8988164694115	7096.310343425759	9071.59372501968	0.662550001810961	6161.568419927441
1467.1053175529255	7095.178861625166	9070.573713394711	0.6623550038938935	6158.877057764623
1468.3118186364393	7094.047379824572	9069.553605855968	0.6621603470020074	6156.185695601805
1469.5183197199533	7092.915898023978	9068.533402389921	0.6619666196479729	6153.494333438986
1470.724820803467	7091.784416223385	9067.513102983037	0.6617728922939383	6150.802971276168
1471.931321886981	7090.652934422792	9066.492707621781	0.6615791649399038	6148.11160911335
1473.137822970495	7089.521452622199	9065.472216292621	0.6613854375858692	6145.420246950532
1474.344324054009	7088.389970821606	9064.451628982013	0.6611917102318347	6142.7288847877135
1475.550825137523	7087.258489021012	9063.430945676415	0.6609982928754217	6140.037522624895
1476.7573262210367	7086.127007220419	9062.41016636229	0.6608058309157617	6137.346160462077
1477.9638273045507	7084.995525419825	9061.38929102608	0.6606133689561017	6134.654798299259
1479.1703283880647	7083.864043619232	9060.368319654242	0.6604209069964417	6131.96343613644
1480.3768294715785	7082.732561818639	9059.347252233227	0.6602284450367818	6129.272073973622
1481.5833305550925	7081.601080018046	9058.326088749474	0.6600359830771219	6126.580711810804
1482.7898316386063	7080.469598217452	9057.304829189427	0.6598438003198912	6123.889349647985
1483.9963327221203	7079.338116416859	9056.28347353953	0.6596525985418459	6121.197987485168
1485.202833805634	7078.206634616265	9055.262021786219	0.6594613967638006	6118.5066253223495
1486.409334889148	7077.075152815672	9054.240473915926	0.6592701949857551	6115.815263159531
1487.6158359726621	7075.9436710150785	9053.218829915091	0.6590789932077098	6113.123900996713
1488.822337056176	7074.812189214485	9052.197089770136	0.6588877914296644	6110.432538833894
1490.02883813969	7073.6807074138915	9051.17525346749	0.6586968382947849	6107.741176671077
1491.2353392232037	7072.549225613298	9050.153320993586	0.6585068914438248	6105.049814508258
1492.4418403067177	7071.417743812705	9049.131292334838	0.6583169445928647	6102.35845234544
1493.6483413902317	7070.286262012112	9048.109167477669	0.6581269977419045	6099.667090182622
1494.8548424737455	7069.154780211518	9047.086946408495	0.6579370508909446	6096.975728019803
1496.0613435572595	7068.023298410924	9046.064629113733	0.6577471040399844	6094.284365856985
1497.2678446407733	7066.891816610331	9045.042215579793	0.657557375512187	6091.593003694167
1498.4743457242873	7065.760334809738	9044.019705793085	0.6573686782942821	6088.901641531349
1499.6808468078013	7064.628853009145	9042.997099740018	0.6571799810763773	6086.210279368531
1500.8873478913151	7063.497371208552	9041.974397406993	0.6569912838584726	6083.518917205712
1502.0938489748291	7062.365889407958	9040.951598780419	0.6568025866405678	6080.827555042893
1503.300350058343	7061.234407607365	9039.928703846688	0.656613889422663	6078.136192880076
1504.506851141857	7060.102925806771	9038.905712592199	0.6564253804502874	6075.444830717258
1505.7133522253707	7058.971444006178	9037.882625003347	0.6562379275341135	6072.75346855444
1506.9198533088847	7057.839962205585	9036.859441066523	0.6560504746179395	6070.0621063916205
1508.1263543923988	7056.708480404992	9035.83616076812	0.6558630217017655	6067.370744228802
1509.3328554759125	7055.576998604398	9034.81278409452	0.6556755687855915	6064.679382065984
1510.5393565594266	7054.445516803805	9033.789311032107	0.6554881158694176	6061.988019903167
1511.7458576429403	7053.314035003212	9032.765741567266	0.6553008213664044	6059.296657740349
1512.9523587264543	7052.182553202618	9031.742075686374	0.6551146073854881	6056.605295577529
1514.1588598099684	7051.051071402025	9030.718313375806	0.6549283934045719	6053.913933414711
1515.3653608934821	7049.919589601432	9029.694454621938	0.6547421794236556	6051.222571251893
1516.5718619769962	7048.788107800838	9028.670499411139	0.6545559654427394	6048.531209089076
1517.77836306051	7047.656626000245	9027.64644772978	0.6543697514618232	6045.839846926257
1518.984864144024	7046.525144199652	9026.622299564227	0.654183666309652	6043.148484763438
1520.191365227538	7045.3936623990585	9025.598054900842	0.6539986858644585	6040.45712260062
1521.3978663110518	7044.2621805984645	9024.573713725988	0.653813705419265	6037.765760437802
1522.6043673945658	7043.1306987978705	9023.549276026019	0.6536287249740715	6035.074398274984
1523.8108684780796	7041.9992169972775	9022.524741787296	0.6534437445288781	6032.383036112166
1525.0173695615936	7040.867735196684	9021.500110996169	0.6532587640836846	6029.691673949347
1526.2238706451074	7039.736253396091	9020.47538363899	0.6530738831332609	6027.000311786529
1527.4303717286214	7038.604771595498	9019.450559702105	0.652890130793221	6024.308949623711
1528.6368728121354	7037.473289794905	9018.425639171865	0.6527063784531811	6021.6175874608925
1529.8433738956492	7036.341807994311	9017.40062203461	0.6525226261131414	6018.926225298075
1531.0498749791632	7035.210326193717	9016.375508276675	0.6523388737731015	6016.234863135256
1532.256376062677	7034.078844393124	9015.350297884403	0.6521551214330618	6013.543500972438
1533.462877146191	7032.947362592531	9014.32499084413	0.6519714395065511	6010.85213880962
1534.669378229705	7031.815880791938	9013.29958714219	0.6517889098120346	6008.160776646801
1535.8758793132188	7030.684398991344	9012.274086764906	0.6516063801175183	6005.469414483983
1537.0823803967328	7029.552917190751	9011.248489698612	0.6514238504230018	6002.778052321165
1538.2888814802466	7028.421435390157	9010.22279592963	0.6512413207284853	6000.086690158347
1539.4953825637606	7027.289953589564	9009.197005444283	0.6510587910339688	5997.3953279955285
1540.7018836472744	7026.158471788971	9008.171118228893	0.6508763029265835	5994.703965832711
1541.9083847307884	7025.026989988378	9007.145134269773	0.6506949903908149	5992.012603669892
1543.1148858143024	7023.895508187784	9006.11905355324	0.6505136778550463	5989.321241507074
1544.3213868978162	7022.764026387191	9005.092876065606	0.6503323653192777	5986.629879344256
1545.5278879813302	7021.632544586598	9004.06660179318	0.650151052783509	5983.938517181437
1546.734389064844	7020.501062786005	9003.040230722268	0.6499697402477405	5981.24715501862
1547.940890148358	7019.369580985411	9002.013762839177	0.6497884407294748	5978.555792855801
1549.147391231872	7018.238099184817	9000.987198130204	0.6496083398403955	5975.864430692982
1550.3538923153858	7017.106617384224	8999.960536581651	0.6494282389513161	5973.1730685301645
1551.5603933988998	7015.975135583631	8998.933778179819	0.6492481380622367	5970.481706367346
1552.7668944824136	7014.843653783038	8997.906922910994	0.6490680371731573	5967.790344204528
1553.9733955659276	7013.7121719824445	8996.87997076147	0.6488879362840779	5965.09898204171
1555.1798966494416	7012.580690181851	8995.852921717536	0.6487078353949984	5962.407619878891
1556.3863977329554	7011.449208381257	8994.825775765483	0.6485289253234752	5959.716257716073
1557.5928988164694	7010.3177265806635	8993.798532891587	0.6483500305455534	5957.024895553255
1558.7993998999832	7009.18624478007	8992.771193082132	0.6481711357676315	5954.333533390437
1560.0059009834972	7008.054762979477	8991.743756323396	0.6479922409897096	5951.642171227619
1561.212402067011	7006.923281178884	8990.716222601657	0.6478133462117879	5948.9508090648005
1562.418903150525	7005.79179937829	8989.688591903187	0.647634451433866	5946.259446901981
1563.625404234039	7004.660317577697	8988.660864214255	0.6474567138652587	5943.568084739164
1564.8319053175528	7003.528835777104	8987.63303952113	0.6472790196412476	5940.876722576346
1566.0384064010668	7002.39735397651	8986.605117810079	0.6471013254172364	5938.185360413528
1567.2449074845806	7001.265872175917	8985.57709906736	0.6469236311932253	5935.493998250709
1568.4514085680946	7000.134390375324	8984.548983279243	0.6467459369692142	5932.80263608789
1569.6579096516086	6999.00290857473	8983.520770431975	0.6465682427452031	5930.111273925073
1570.8644107351224	6997.871426774137	8982.492460511816	0.6463916723637906	5927.419911762255
1572.0709118186364	6996.739944973544	8981.464053505018	0.6462151731164351	5924.7285495994365
1573.2774129021502	6995.608463172951	8980.435549397835	0.6460386738690795	5922.037187436618
1574.4839139856642	6994.476981372357	8979.406948176505	0.6458621746217239	5919.345825273799
1575.6904150691782	6993.345499571763	8978.378249827278	0.6456856753743684	5916.654463110981
1576.896916152692	6992.21401777117	8977.349454336398	0.6455091761270129	5913.963100948164
1578.103417236206	6991.082535970577	8976.320561690101	0.6453337675999934	5911.271738785345
1579.3099183197198	6989.951054169984	8975.291571874628	0.6451584577336893	5908.580376622526
1580.5164194032338	6988.819572369391	8974.262484876208	0.6449831478673851	5905.889014459708
1581.7229204867476	6987.688090568798	8973.233300681077	0.6448078380010809	5903.197652296891
1582.9294215702616	6986.556608768204	8972.204019275461	0.6446325281347767	5900.5062901340725
1584.1359226537757	6985.42512696761	8971.174640645588	0.6444572182684726	5897.814927971254
1585.3424237372894	6984.293645167017	8970.145164777681	0.6442829662474225	5895.123565808435
1586.5489248208034	6983.162163366424	8969.115591657965	0.6441088401498253	5892.432203645617
1587.7554259043172	6982.0306815658305	8968.085921272652	0.6439347140522281	5889.7408414828
1588.9619269878312	6980.8991997652365	8967.056153607962	0.643760587954631	5887.0494793199805
1590.1684280713453	6979.767717964643	8966.02628865011	0.6435864618570337	5884.358117157163
1591.374929154859	6978.6362361640495	8964.996326385304	0.6434123357594366	5881.666754994344
1592.581430238373	6977.504754363456	8963.966266799753	0.6432392348817295	5878.975392831526
1593.7879313218868	6976.373272562863	8962.936109879663	0.6430662869253189	5876.2840306687085
1594.9944324054009	6975.24179076227	8961.90585561124	0.6428933389689082	5873.592668505889
1596.2009334889146	6974.110308961677	8960.875503980678	0.6427203910124976	5870.901306343072
1597.4074345724287	6972.978827161083	8959.84505497418	0.6425474430560869	5868.209944180253
1598.6139356559427	6971.84734536049	8958.814508577938	0.6423744950996763	5865.518582017435
1599.8204367394565	6970.715863559897	8957.783864778146	0.6422025399898601	5862.8272198546165
1601.0269378229705	6969.584381759303	8956.753123560997	0.6420307645334559	5860.135857691798
1602.2334389064843	6968.45289995871	8955.722284912672	0.6418589890770517	5857.444495528981
1603.4399399899983	6967.321418158116	8954.69134881936	0.6416872136206475	5854.753133366162
1604.6464410735123	6966.189936357523	8953.660315267243	0.6415154381642433	5852.061771203344
1605.852942157026	6965.05845455693	8952.629184242502	0.6413436627078392	5849.370409040525
1607.05944324054	6963.926972756337	8951.59795573131	0.6411728479789749	5846.679046877707
1608.2659443240539	6962.795490955744	8950.566629719842	0.6410022393692103	5843.98768471489
1609.4724454075679	6961.66400915515	8949.535206194272	0.6408316307594456	5841.296322552071
1610.678946491082	6960.532527354556	8948.503685140766	0.640661022149681	5838.6049603892525
1611.8854475745957	6959.401045553963	8947.472066545495	0.6404904135399164	5835.913598226434
1613.0919486581097	6958.26956375337	8946.440350394621	0.6403198049301518	5833.222236063616
1614.2984497416235	6957.138081952777	8945.408536674302	0.6401501251851128	5830.530873900799
1615.5049508251375	6956.006600152183	8944.3766253707	0.6399806777578627	5827.839511737979
1616.7114519086513	6954.87511835159	8943.34461646997	0.6398112303306127	5825.148149575161
1617.9179529921653	6953.743636550997	8942.312509958268	0.6396417829033627	5822.456787412343
1619.1244540756793	6952.612154750403	8941.28030582174	0.6394723354761127	5819.765425249525
1620.330955159193	6951.48067294981	8940.248004046538	0.6393028880488627	5817.074063086707
1621.537456242707	6950.3491911492165	8939.215604618805	0.6391343378815959	5814.382700923888
1622.7439573262209	6949.217709348623	8938.183107524686	0.6389660459633627	5811.69133876107
1623.950458409735	6948.0862275480295	8937.150512750317	0.6387977540451296	5808.999976598252
1625.156959493249	6946.954745747436	8936.117820281841	0.6386294621268964	5806.308614435434
1626.3634605767627	6945.823263946843	8935.085030105392	0.6384611702086633	5803.617252272616
1627.5699616602767	6944.691782146249	8934.052142207103	0.6382928782904301	5800.9258901097965
1628.7764627437905	6943.560300345656	8933.019156573098	0.6381254522871813	5798.234527946979
1629.9829638273045	6942.428818545062	8931.98607318951	0.6379583101964394	5795.543165784161
1631.1894649108185	6941.297336744469	8930.95289204246	0.6377911681056977	5792.851803621343
1632.3959659943323	6940.165854943876	8929.919613118076	0.6376240260149558	5790.1604414585245
1633.6024670778463	6939.034373143283	8928.886236402472	0.637456883924214	5787.469079295705
1634.80896816136	6937.90289134269	8927.852761881762	0.6372897418334722	5784.777717132888
1636.015469244874	6936.771409542096	8926.819189542068	0.6371234345739744	5782.08635497007
1637.221970328388	6935.639927741502	8925.785519369492	0.636957436622474	5779.394992807252
1638.428471411902	6934.508445940909	8924.751751350152	0.6367914386709734	5776.703630644433
1639.634972495416	6933.376964140316	8923.71788547015	0.636625440719473	5774.012268481614
1640.8414735789297	6932.245482339723	8922.68392171559	0.6364594427679725	5771.320906318797
1642.0479746624437	6931.114000539129	8921.64986007257	0.6362934448164721	5768.629544155978
1643.2544757459575	6929.982518738536	8920.61570052719	0.6361282508750989	5765.9381819931605
1644.4609768294715	6928.851036937942	8919.581443065552	0.635963391369129	5763.246819830342
1645.6674779129855	6927.719555137349	8918.547087673738	0.6357985318631593	5760.555457667523
1646.8739789964993	6926.588073336756	8917.512634337847	0.6356336723571895	5757.864095504705
1648.0804800800133	6925.456591536163	8916.478083043961	0.6354688128512196	5755.172733341887
1649.2869811635271	6924.32510973557	8915.44343377817	0.6353039533452498	5752.481371179069
1650.4934822470411	6923.193627934976	8914.40868652655	0.6351398672921347	5749.790009016251
1651.699983330555	6922.062146134383	8913.373841275186	0.6349761405337496	5747.098646853432
1652.906484414069	6920.9306643337895	8912.338898010155	0.6348124137753646	5744.407284690614
1654.112985497583	6919.799182533196	8911.303856717532	0.6346486870169795	5741.715922527796
1655.3194865810967	6918.6677007326025	8910.268717383386	0.6344849602585945	5739.024560364978
1656.5259876646107	6917.5362189320085	8909.233479993785	0.6343212335002094	5736.333198202159
1657.7324887481245	6916.4047371314155	8908.198144534801	0.6341582499023309	5733.641836039341
1658.9389898316385	6915.273255330822	8907.162710992492	0.6339956501905366	5730.950473876523
1660.1454909151525	6914.141773530229	8906.127179352927	0.6338330504787422	5728.259111713704
1661.3519919986663	6913.010291729636	8905.091549602159	0.6336704507669477	5725.567749550887
1662.5584930821803	6911.878809929041	8904.055821726242	0.6335078510551533	5722.876387388068
1663.7649941656941	6910.747328128448	8903.019995711236	0.633345251343359	5720.18502522525
1664.9714952492081	6909.615846327855	8901.984071543187	0.6331833647655939	5717.493663062432
1666.1779963327222	6908.484364527262	8900.948049208146	0.633021886397499	5714.802300899613
1667.384497416236	6907.352882726669	8899.911928692158	0.6328604080294042	5712.110938736796
1668.59099849975	6906.221400926075	8898.875709981261	0.6326989296613095	5709.419576573977
1669.7974995832637	6905.089919125482	8897.8393930615	0.6325374512932147	5706.728214411159
1671.0040006667778	6903.958437324889	8896.802977918913	0.6323759729251199	5704.03685224834
1672.2105017502915	6902.826955524295	8895.766464539536	0.6322151779312631	5701.345490085522
1673.4170028338056	6901.695473723702	8894.729852909395	0.6320548152031931	5698.654127922704
1674.6235039173196	6900.563991923109	8893.693143014525	0.6318944524751231	5695.962765759886
1675.8300050008334	6899.432510122516	8892.65633484095	0.631734089747053	5693.271403597068
1677.0365060843474	6898.301028321922	8891.619428374697	0.6315737270189831	5690.580041434249
1678.2430071678612	6897.169546521329	8890.582423601785	0.631413364290913	5687.888679271431
1679.4495082513752	6896.038064720736	8889.545320508236	0.6312536554446678	5685.197317108613
1680.6560093348892	6894.906582920142	8888.508119080063	0.6310944026532455	5682.505954945795
1681.862510418403	6893.775101119549	8887.470819303282	0.6309351498618231	5679.814592782976
1683.069011501917	6892.643619318955	8886.433421163903	0.6307758970704007	5677.123230620157
1684.2755125854308	6891.512137518362	8885.395924647935	0.6306166442789783	5674.43186845734
1685.4820136689448	6890.380655717769	8884.358329741384	0.630457391487556	5671.740506294522
1686.6885147524588	6889.2491739171755	8883.320636430253	0.6302987633534926	5669.0491441317035
1687.8950158359726	6888.1176921165825	8882.282844700543	0.6301406147966815	5666.357781968885
1689.1015169194866	6886.986210315988	8881.244954538248	0.6299824662398704	5663.666419806066
1690.3080180030004	6885.8547285153945	8880.206965929368	0.6298243176830594	5660.975057643249
1691.5145190865144	6884.7232467148015	8879.168878859891	0.6296661691262483	5658.283695480431
1692.7210201700282	6883.591764914208	8878.130693315812	0.6295080205694372	5655.592333317612
1693.9275212535422	6882.460283113615	8877.092409283116	0.6293504677139217	5652.900971154794
1695.1340223370562	6881.328801313021	8876.054026747783	0.6291934176920396	5650.209608991975
1696.34052342057	6880.197319512428	8875.0155456958	0.6290363676701575	5647.518246829158
1697.547024504084	6879.065837711834	8873.976966113145	0.6288793176482754	5644.8268846663395
1698.7535255875978	6877.934355911241	8872.938287985797	0.6287222676263934	5642.135522503521
1699.9600266711118	6876.802874110648	8871.899511299725	0.6285652176045112	5639.444160340702
1701.1665277546258	6875.671392310055	8870.860636040903	0.6284087345966068	5636.752798177884
1702.3730288381396	6874.539910509462	8869.821662195298	0.6282527774133052	5634.061436015067
1703.5795299216536	6873.408428708868	8868.782589748876	0.6280968202300035	5631.370073852248
1704.7860310051674	6872.276946908275	8867.743418687605	0.6279408630467019	5628.67871168943
1705.9925320886814	6871.145465107682	8866.704148997436	0.6277849058634002	5625.987349526611
1707.1990331721952	6870.013983307088	8865.664780664336	0.6276289486800986	5623.295987363794
1708.4055342557092	6868.882501506495	8864.625313674256	0.6274735300924364	5620.6046252009755
1709.6120353392232	6867.751019705901	8863.585748013147	0.6273186600556461	5617.913263038156
1710.818536422737	6866.619537905308	8862.546083666964	0.6271637900188558	5615.221900875339
1712.025037506251	6865.488056104715	8861.506320621651	0.6270089199820655	5612.53053871252
1713.2315385897648	6864.356574304122	8860.466458863151	0.6268540499452753	5609.839176549702
1714.4380396732788	6863.225092503529	8859.426498377408	0.6266991799084849	5607.147814386884
1715.6445407567928	6862.093610702934	8858.38643915036	0.6265448203181084	5604.456452224065
1716.8510418403066	6860.962128902341	8857.346281167946	0.6263910317409584	5601.765090061248
1718.0575429238206	6859.830647101748	8856.306024416095	0.6262372431638085	5599.073727898429
1719.2640440073344	6858.699165301155	8855.265668880744	0.6260834545866585	5596.382365735611
1720.4705450908484	6857.5676835005615	8854.22521454782	0.6259296660095085	5593.691003572793
1721.6770461743624	6856.436201699968	8853.184661403246	0.6257758774323585	5590.999641409974
1722.8835472578762	6855.3047198993745	8852.144009432946	0.6256225714215414	5588.308279247157
1724.0900483413902	6854.173238098781	8851.103258622841	0.6254698586232447	5585.616917084338
1725.296549424904	6853.0417562981875	8850.062408958851	0.6253171458249479	5582.9255549215195
1726.503050508418	6851.910274497594	8849.021460426888	0.6251644330266511	5580.234192758701
1727.7095515919318	6850.778792697001	8847.980413012867	0.6250117202283544	5577.542830595884
1728.9160526754458	6849.647310896408	8846.939266702695	0.6248590074300576	5574.851468433066
1730.1225537589598	6848.515829095814	8845.898021482279	0.624706749587094	5572.160106270247
1731.3290548424736	6847.384347295221	8844.856677337528	0.6245551068938039	5569.468744107428
1732.5355559259876	6846.252865494628	8843.81523425434	0.6244034642005137	5566.77738194461
1733.7420570095014	6845.121383694034	8842.773692218614	0.6242518215072236	5564.086019781793
1734.9485580930154	6843.989901893441	8841.73205121625	0.6241001788139334	5561.394657618975
1736.1550591765294	6842.858420092847	8840.690311233135	0.6239485361206433	5558.703295456155
1737.3615602600432	6841.726938292254	8839.648472255167	0.6237973210406134	5556.011933293337
1738.5680613435572	6840.595456491661	8838.606534268229	0.6236467427862532	5553.320571130519
1739.774562427071	6839.463974691068	8837.56449725821	0.623496164531893	5550.629208967701
1740.981063510585	6838.332492890475	8836.522361210993	0.6233455862775329	5547.9378468048835
1742.187564594099	6837.20101108988	8835.480126112454	0.6231950080231727	5545.246484642064
1743.3940656776128	6836.069529289287	8834.437791948478	0.6230444297688126	5542.555122479246
1744.6005667611269	6834.938047488694	8833.395358704933	0.622894252054323	5539.863760316428
1745.8070678446406	6833.806565688101	8832.352826367694	0.6227447325813857	5537.17239815361
1747.0135689281547	6832.675083887508	8831.310194922633	0.6225952131084485	5534.481035990792
1748.2200700116684	6831.543602086915	8830.267464355613	0.6224456936355112	5531.789673827973
1749.4265710951825	6830.412120286321	8829.224634652499	0.6222961741625739	5529.098311665155
1750.6330721786965	6829.280638485727	8828.181705799156	0.6221466546896365	5526.406949502337
1751.8395732622103	6828.149156685134	8827.138677781437	0.6219975089515359	5523.715587339519
1753.0460743457243	6827.017674884541	8826.095550585202	0.6218490426118578	5521.0242251767
1754.252575429238	6825.886193083948	8825.052324196306	0.6217005762721797	5518.332863013882
1755.459076512752	6824.7547112833545	8824.008998600593	0.6215521099325017	5515.641500851064
1756.665577596266	6823.6232294827605	8822.965573783917	0.6214036435928235	5512.950138688246
1757.8720786797799	6822.491747682167	8821.922049732122	0.6212551772531454	5510.2587765254275
1759.0785797632939	6821.360265881574	8820.87842643105	0.6211070581112167	5507.567414362609
1760.2850808468077	6820.22878408098	8819.834703866542	0.6209596392667244	5504.876052199791
1761.4915819303217	6819.097302280387	8818.790882024434	0.620812220422232	5502.184690036973
1762.6980830138355	6817.965820479794	8817.746960890561	0.6206648015777397	5499.493327874155
1763.9045840973495	6816.8343386792	8816.702940450756	0.6205173827332474	5496.801965711336
1765.1110851808635	6815.702856878607	8815.658820690845	0.6203699638887551	5494.110603548518
1766.3175862643773	6814.571375078014	8814.614601596659	0.6202228659723845	5491.4192413857
1767.5240873478913	6813.439893277421	8813.57028315402	0.620076488995815	5488.727879222882
1768.730588431405	6812.308411476827	8812.525865348747	0.6199301120192455	5486.0365170600635
1769.937089514919	6811.176929676233	8811.48134816666	0.619783735042676	5483.345154897245
1771.143590598433	6810.04544787564	8810.436731593576	0.6196373580661065	5480.653792734427
1772.3500916819469	6808.913966075047	8809.392015615307	0.6194909810895372	5477.962430571608
1773.556592765461	6807.782484274454	8808.347200217662	0.6193448990383598	5475.27106840879
1774.7630938489747	6806.651002473861	8807.30228538645	0.6191995583139573	5472.579706245972
1775.9695949324887	6805.519520673267	8806.257271107475	0.6190542175895549	5469.888344083154
1777.1760960160027	6804.388038872674	8805.21215736654	0.6189088768651526	5467.196981920336
1778.3825970995165	6803.25655707208	8804.166944149445	0.6187635361407502	5464.505619757518
1779.5890981830305	6802.125075271487	8803.121631441985	0.6186181954163478	5461.814257594699
1780.7955992665443	6800.993593470894	8802.076219229957	0.6184731238808726	5459.122895431881
1782.0021003500583	6799.862111670301	8801.03070749915	0.6183288138050592	5456.431533269063
1783.208601433572	6798.730629869708	8799.985096235352	0.6181845037292459	5453.740171106245
1784.415102517086	6797.599148069114	8798.93938542435	0.6180401936534327	5451.048808943426
1785.6216036006	6796.467666268521	8797.893575051929	0.6178958835776193	5448.3574467806075
1786.828104684114	6795.336184467927	8796.847665103867	0.617751573501806	5445.66608461779
1788.034605767628	6794.204702667334	8795.801655565941	0.617607507143282	5442.974722454972
1789.2411068511417	6793.0732208667405	8794.755546423932	0.6174642221222113	5440.283360292154
1790.4476079346557	6791.9417390661465	8793.709337663606	0.6173209371011404	5437.5919981293355
1791.6541090181697	6790.810257265553	8792.663029270734	0.6171776520800697	5434.900635966516
1792.8606101016835	6789.67877546496	8791.616621231087	0.6170343670589988	5432.209273803698
1794.0671111851975	6788.547293664367	8790.570113530426	0.6168910820379281	5429.517911640881
1795.2736122687113	6787.415811863773	8789.523506154514	0.6167480154978338	5426.826549478063
1796.4801133522253	6786.284330063179	8788.476799089103	0.6166057498129357	5424.1351873152435
1797.6866144357393	6785.152848262586	8787.429992319963	0.6164634841280376	5421.443825152425
1798.8931155192531	6784.021366461993	8786.383085832835	0.6163212184431396	5418.752462989607
1800.0996166027671	6782.8898846614	8785.336079613477	0.6161789527582415	5416.061100826789
1801.306117686281	6781.758402860807	8784.28897364763	0.6160366870733435	5413.3697386639715
1802.512618769795	6780.626921060213	8783.241767921047	0.6158946148053436	5410.678376501153
1803.7191198533087	6779.495439259619	8782.194462419468	0.6157533622369504	5407.987014338334
1804.9256209368227	6778.060244033881	8780.624457337699	0.6156121096685573	5405.774737937341
1806.1321220203367	6776.423773253615	8778.708026301389	0.6154708571001641	5403.879959033642
1807.3386231038505	6774.787302473349	8776.791506397194	0.615329604531771	5401.985180129942
1808.5451241873645	6773.150831693083	8774.874897618929	0.6151883519633778	5400.090401226241
1809.7516252708783	6771.514360912817	8772.958199960414	0.6150472679344653	5398.195622322542
1810.9581263543923	6769.877890132551	8771.041413415465	0.6149070216377043	5396.300843418841
1812.1646274379063	6768.241419352285	8769.124537977901	0.6147667753409433	5394.406064515142
1813.3711285214201	6766.60494857202	8767.207573641535	0.6146265290441824	5392.511285611441
1814.5776296049341	6764.968477791754	8765.290520400187	0.6144862827474213	5390.616506707741
1815.784130688448	6763.332007011488	8763.373378247668	0.6143460364506603	5388.721727804042
1816.990631771962	6761.695536231221	8761.456147177792	0.6142059340578575	5386.826948900341
1818.1971328554757	6760.059065450955	8759.538827184379	0.6140666866410913	5384.932169996641
1819.4036339389897	6758.422594670689	8757.621418261237	0.613927439224325	5383.037391092941
1820.6101350225038	6756.7861238904225	8755.703920402177	0.6137881918075588	5381.142612189241
1821.8166361060175	6755.149653110157	8753.786333601016	0.6136489443907925	5379.247833285542
1823.0231371895316	6753.513182329891	8751.86865785156	0.6135096969740262	5377.353054381841
1824.2296382730453	6751.876711549625	8749.950893147627	0.6133705691458313	5375.45827547814
1825.4361393565594	6750.240240769359	8748.033039483023	0.613232313000713	5373.563496574441
1826.6426404400734	6748.603769989092	8746.115096851558	0.6130940568555948	5371.66871767074
1827.8491415235872	6746.967299208826	8744.19706524704	0.6129558007104766	5369.773938767041
1829.0556426071012	6745.33082842856	8742.278944663283	0.6128175445653584	5367.879159863341
1830.262143690615	6743.6943576482945	8740.360735094091	0.6126792884202402	5365.9843809596405
1831.468644774129	6742.057886868029	8738.44243653327	0.612541127902814	5364.089602055941
1832.675145857643	6740.421416087762	8736.52404897463	0.6124038554012057	5362.19482315224
1833.8816469411568	6738.784945307496	8734.605572411978	0.6122665828995973	5360.300044248541
1835.0881480246708	6737.14847452723	8732.687006839116	0.612129310397989	5358.405265344841
1836.2946491081846	6735.512003746964	8730.768352249856	0.6119920378963807	5356.5104864411405
1837.5011501916986	6733.875532966697	8728.849608637993	0.6118547653947723	5354.61570753744
1838.7076512752124	6732.2390621864315	8726.930775997338	0.611717564917263	5352.72092863374
1839.9141523587264	6730.602591406166	8725.011854321694	0.6115812684300391	5350.82614973004
1841.1206534422404	6728.9661206259	8723.092843604863	0.6114449719428152	5348.93137082634
1842.3271545257542	6727.329649845634	8721.173743840647	0.6113086754555913	5347.03659192264
1843.5336556092682	6725.693179065368	8719.254555022846	0.6111723789683674	5345.14181301894
1844.740156692782	6724.056708285102	8717.335277145265	0.6110360824811435	5343.24703411524
1845.946657776296	6722.420237504836	8715.415910201702	0.6108998347726821	5341.35225521154
1847.15315885981	6720.78376672457	8713.496454185959	0.6107645066876154	5339.45747630784
1848.3596599433238	6719.1472959443045	8711.576909091833	0.6106291786025487	5337.56269740414
1849.5661610268378	6717.510825164038	8709.657274913125	0.6104938505174821	5335.6679185004405
1850.7726621103516	6715.874354383772	8707.737551643633	0.6103585224324154	5333.77313959674
1851.9791631938656	6714.237883603506	8705.817739277154	0.6102231943473486	5331.878360693039
1853.1856642773796	6712.601412823239	8703.897837807484	0.6100878921525358	5329.98358178934
1854.3921653608934	6710.964942042973	8701.977847228425	0.6099535248653527	5328.08880288564
1855.5986664444074	6709.328471262707	8700.057767533766	0.6098191575781696	5326.19402398194
1856.8051675279212	6707.6920004824415	8698.137598717307	0.6096847902909865	5324.299245078239
1858.0116686114352	6706.055529702176	8696.217340772842	0.6095504230038035	5322.404466174539
1859.218169694949	6704.41905892191	8694.296993694164	0.6094160557166203	5320.50968727084
1860.424670778463	6702.782588141643	8692.376557475067	0.6092816917876147	5318.61490836714
1861.631171861977	6701.146117361377	8690.456032109345	0.6091482777483291	5316.720129463439
1862.8376729454908	6699.509646581111	8688.535417590792	0.6090148637090435	5314.8253505597395
1864.0441740290048	6697.873175800844	8686.614713913195	0.6088814496697579	5312.930571656039
1865.2506751125186	6696.2367050205785	8684.693921070353	0.6087480356304722	5311.03579275234
1866.4571761960326	6694.600234240313	8682.77303905605	0.6086146215911866	5309.141013848639
1867.6636772795466	6692.963763460047	8680.85206786408	0.6084812075519009	5307.246234944939
1868.8701783630604	6691.327292679781	8678.93100748823	0.6083487204526122	5305.3514560412395
1870.0766794465744	6689.690821899514	8677.009857922292	0.6082162521747891	5303.4566771375385
1871.2831805300882	6688.054351119248	8675.088619160053	0.608083783896966	5301.561898233839
1872.4896816136022	6686.417880338982	8673.167291195303	0.6079513156191431	5299.667119330139
1873.696182697116	6684.781409558716	8671.245874021823	0.60781884734132	5297.772340426439
1874.90268378063	6683.1449387784505	8669.324367633408	0.6076863790634969	5295.877561522739
1876.109184864144	6681.508467998185	8667.40277202384	0.6075548084707665	5293.9827826190385
1877.3156859476578	6679.871997217919	8665.481087186905	0.6074232785311621	5292.088003715339
1878.5221870311718	6678.235526437653	8663.559313116388	0.6072917485915577	5290.193224811639
1879.7286881146856	6676.599055657387	8661.637449806076	0.6071602186519532	5288.298445907939
1880.9351891981996	6674.96258487712	8659.715497249746	0.6070286887123488	5286.403667004239
1882.1416902817136	6673.326114096854	8657.79345544119	0.6068971587727443	5284.508888100539
1883.3481913652274	6671.689643316588	8655.871324374188	0.6067664976697151	5282.614109196838
1884.5546924487414	6670.053172536323	8653.949104042518	0.6066358987079051	5280.719330293138
1885.7611935322552	6668.416701756057	8652.026794439967	0.6065052997460951	5278.824551389438
1886.9676946157692	6666.78023097579	8650.104395560313	0.606374700784285	5276.929772485739
1888.1741956992832	6665.143760195524	8648.181907397335	0.606244101822475	5275.034993582038
1889.380696782797	6663.507289415258	8646.259329944818	0.606113502860665	5273.1402146783375
1890.587197866311	6661.870818634992	8644.336663196538	0.6059837442885456	5271.245435774638
1891.7936989498248	6660.234347854726	8642.413907146274	0.6058540690065525	5269.350656870938
1893.0002000333388	6658.59787707446	8640.491061787803	0.6057243937245592	5267.455877967239
1894.2067011168526	6656.961406294194	8638.568127114906	0.605594718442566	5265.561099063539
1895.4132022003666	6655.324935513928	8636.645103121356	0.6054650431605728	5263.666320159838
1896.6197032838807	6653.688464733661	8634.721989800932	0.6053353678785796	5261.771541256138
1897.8262043673944	6652.051993953395	8632.798787147409	0.6052065049362977	5259.876762352438
1899.0327054509085	6650.415523173129	8630.875495154562	0.6050777460982071	5257.981983448738
1900.2392065344222	6648.779052392863	8628.952113816167	0.6049489872601166	5256.087204545038
1901.4457076179363	6647.1425816125975	8627.028643125997	0.604820228422026	5254.192425641338
1902.6522087014503	6645.506110832331	8625.105083077826	0.6046914695839355	5252.2976467376375
1903.858709784964	6643.869640052065	8623.181433665426	0.6045627107458449	5250.402867833937
1905.065210868478	6642.233169271799	8621.257694882572	0.604434736589698	5248.508088930237
1906.2717119519918	6640.596698491533	8619.333866723031	0.6043068870212744	5246.613310026538
1907.4782130355059	6638.960227711267	8617.409949180577	0.6041790374528508	5244.718531122838
1908.6847141190196	6637.323756931001	8615.485942248983	0.6040511878844274	5242.823752219138
1909.8912152025337	6635.687286150735	8613.561845922011	0.6039233383160038	5240.928973315437
1911.0977162860477	6634.0508153704695	8611.637660193443	0.6037954887475802	5239.034194411737
1912.3042173695615	6632.414344590204	8609.713385057039	0.6036683965908808	5237.139415508038
1913.5107184530755	6630.777873809937	8607.789020506567	0.603541449179175	5235.244636604337
1914.7172195365893	6629.141403029671	8605.8645665358	0.603414501767469	5233.349857700638
1915.9237206201033	6627.504932249405	8603.940023138503	0.6032875543557631	5231.455078796937
1917.1302217036173	6625.868461469139	8602.015390308437	0.6031606069440572	5229.560299893236
1918.336722787131	6624.231990688873	8600.090668039378	0.6030336595323513	5227.665520989537
1919.543223870645	6622.595519908607	8598.165856325084	0.6029074426450683	5225.770742085837
1920.7497249541589	6620.959049128341	8596.240955159321	0.6027813903380209	5223.875963182138
1921.9562260376729	6619.322578348075	8594.315964535856	0.6026553380309735	5221.9811842784375
1923.1627271211871	6617.686107567808	8592.39088444845	0.6025292857239261	5220.086405374736
1924.369228204701	6616.049636787542	8590.465714890866	0.6024032334168786	5218.191626471037
1925.5757292882147	6614.413166007276	8588.54045585687	0.6022771811098312	5216.296847567337
1926.7822303717285	6612.77669522701	8586.615107340222	0.6021518328182278	5214.402068663637
1927.9887314552425	6611.1402244467445	8584.689669334683	0.60202666862427	5212.507289759937
1929.1952325387563	6609.503753666479	8582.764141834012	0.6019015044303121	5210.612510856236
1930.40173362227	6607.867282886212	8580.838524831972	0.6017763402363542	5208.717731952537
1931.6082347057843	6606.230812105946	8578.912818322318	0.6016511760423963	5206.822953048836
1932.814735789298	6604.59434132568	8576.987022298817	0.6015260118484383	5204.928174145136
1934.021236872812	6602.957870545414	8575.061136755225	0.6014015255347057	5203.033395241437
1935.2277379563259	6601.321399765148	8573.135161685293	0.6012772425223535	5201.1386163377365
1936.4342390398397	6599.6849289848815	8571.209097082785	0.6011529595100014	5199.243837434036
1937.640740123354	6598.048458204616	8569.282942941456	0.6010286764976492	5197.349058530336
1938.847241206868	6596.41198742435	8567.35669925506	0.600904393485297	5195.454279626636
1940.0537422903817	6594.775516644083	8565.430366017355	0.6007801104729449	5193.559500722937
1941.2602433738955	6593.139045863817	8563.5039432221	0.6006564795748327	5191.664721819237
1942.4667444574093	6591.502575083552	8561.57743086304	0.6005330708722799	5189.769942915536
1943.6732455409237	6589.866104303286	8559.650828933938	0.6004096621697271	5187.875164011836
1944.8797466244375	6588.22963352302	8557.724137428542	0.6002862534671745	5185.980385108136
1946.0862477079513	6586.5931627427535	8555.797356340603	0.6001628447646217	5184.085606204436
1947.292748791465	6584.956691962488	8553.87048566388	0.600039436062069	5182.190827300736
1948.499249874979	6583.320221182222	8551.9435253921165	0.5999166540725143	5180.2960483970355
1949.705750958493	6581.683750401956	8550.016475519069	0.5997941128672214	5178.401269493336
1950.9122520420071	6580.04727962169	8548.089336038485	0.5996715716619285	5176.506490589635
1952.118753125521	6578.410808841423	8546.162106944117	0.5995490304566357	5174.611711685936
1953.3252542090347	6576.774338061157	8544.23478822971	0.5994264892513428	5172.716932782236
1954.5317552925487	6575.137867280891	8542.307379889016	0.5993039480460499	5170.822153878536
1955.7382563760625	6573.501396500626	8540.379881915784	0.599182008512802	5168.927374974836
1956.9447574595763	6571.864925720359	8538.452294303755	0.5990603280510814	5167.032596071135
1958.1512585430905	6570.228454940093	8536.524617046685	0.5989386475893609	5165.137817167436
1959.3577596266045	6568.591984159827	8534.596850138314	0.5988169671276403	5163.243038263736
1960.5642607101183	6566.955513379561	8532.66899357239	0.5986952866659198	5161.348259360035
1961.7707617936321	6565.319042599295	8530.741047342657	0.5985736062041992	5159.4534804563355
1962.977262877146	6563.6825718190285	8528.813011442859	0.598452502729442	5157.558701552635
1964.1837639606597	6562.046101038763	8526.884885866739	0.5983316763160416	5155.663922648936
1965.3902650441742	6560.409630258497	8524.956670608046	0.5982108499026412	5153.769143745235
1966.596766127688	6558.77315947823	8523.028365660517	0.5980900234892408	5151.874364841535
1967.8032672112017	6557.136688697964	8521.099971017895	0.5979691970758404	5149.9795859378355
1969.0097682947155	6555.500217917698	8519.171486673924	0.59784837066244	5148.084807034135
1970.2162693782295	6553.863747137432	8517.242912622343	0.5977280969024131	5146.190028130435
1971.4227704617438	6552.227276357166	8515.314248856894	0.5976081179000967	5144.295249226735
1972.6292715452576	6550.5908055769	8513.385495371316	0.5974881388977802	5142.400470323035
1973.8357726287713	6548.954334796634	8511.456652159348	0.5973681598954638	5140.505691419336
1975.0422737122854	6547.317864016369	8509.52771921473	0.5972481808931474	5138.6109125156345
1976.2487747957991	6545.681393236103	8507.598696531199	0.5971282018908308	5136.716133611934
1977.4552758793134	6544.044922455837	8505.66958410249	0.5970087515554483	5134.821354708235
1978.6617769628272	6542.40845167557	8503.740381922345	0.5968896133845747	5132.926575804534
1979.868278046341	6540.771980895304	8501.811089984498	0.5967704752137011	5131.031796900835
1981.074779129855	6539.135510115038	8499.881708282683	0.5966513370428275	5129.1370179971345
1982.2812802133687	6537.4990393347725	8497.952236810639	0.5965321988719539	5127.242239093434
1983.4877812968825	6535.862568554506	8496.022675562097	0.5964130607010802	5125.347460189735
1984.6942823803963	6534.22609777424	8494.093024530794	0.5962944275535476	5123.452681286034
1985.9007834639106	6532.589626993974	8492.163283710459	0.596176123691647	5121.557902382335
1987.1072845474246	6530.953156213708	8490.23345309483	0.5960578198297464	5119.663123478635
1988.3137856309384	6529.316685433442	8488.303532677637	0.5959395159678459	5117.768344574934
1989.5202867144521	6527.680214653175	8486.373522452612	0.5958212121059453	5115.873565671234
1990.7267877979662	6526.0437438729095	8484.443422413486	0.5957029082440447	5113.978786767534
1991.9332888814804	6524.407273092644	8482.513232553989	0.5955850861004741	5112.084007863834
1993.1397899649942	6522.770802312378	8480.582952867851	0.5954676100818237	5110.189228960134
1994.346291048508	6521.134331532112	8478.652583348805	0.5953501340631734	5108.294450056434
1995.5527921320218	6519.497860751845	8476.722123990574	0.595232658044523	5106.399671152734
1996.7592932155358	6517.861389971579	8474.791574786888	0.5951151820258727	5104.504892249034
1997.96579429905	6516.224919191313	8472.860935731476	0.5949977060072222	5102.610113345333
1999.1722953825638	6514.588448411047	8470.930206818064	0.594880688736247	5100.715334441634
2000.3787964660776	6512.951977630781	8468.99938804038	0.5947640341514443	5098.820555537934
2001.5852975495914	6511.315506850515	8467.068479392148	0.5946473795666417	5096.925776634234
2002.7917986331054	6509.679036070249	8465.137480867093	0.594530724981839	5095.030997730534
2003.9982997166196	6508.042565289983	8463.206392458944	0.5944140703970364	5093.136218826833
2005.204800800133	6506.406094509717	8461.27521416142	0.5942974158122337	5091.241439923134
2006.4113018836472	6504.76962372945	8459.343945968245	0.5941811973346213	5089.346661019434
2007.6178029671612	6503.1331529491845	8457.412587873143	0.5940653578301571	5087.4518821157335
2008.824304050675	6501.4966821689195	8455.481139869838	0.5939495183256931	5085.557103212033
2010.0308051341888	6499.860211388653	8453.54960195205	0.593833678821229	5083.662324308333
2011.2373062177026	6498.223740608387	8451.617974113502	0.5937178393167648	5081.767545404634
2012.443807301217	6496.587269828121	8449.686256347912	0.5936019998123008	5079.872766500933
2013.6503083847308	6494.950799047855	8447.754448649	0.5934865741005649	5077.977987597233
2014.8568094682446	6493.314328267589	8445.82255101049	0.5933715433783951	5076.083208693533
2016.0633105517584	6491.677857487322	8443.890563426094	0.5932565126562253	5074.188429789833
2017.2698116352722	6490.0413867070565	8441.958485889534	0.5931414819340554	5072.293650886134
2018.4763127187866	6488.404915926791	8440.026318394528	0.5930264512118856	5070.398871982433
2019.6828138023004	6486.768445146525	8438.094060934794	0.5929114204897157	5068.504093078733
2020.8893148858142	6485.131974366259	8436.161713504045	0.5927967815677284	5066.609314175033
2022.095815969328	6483.495503585992	8434.229276095999	0.5926825533848445	5064.714535271332
2023.302317052842	6481.859032805726	8432.296748704373	0.5925683252019607	5062.819756367633
2024.5088181363562	6480.22256202546	8430.364131322878	0.5924540970190767	5060.924977463933
2025.7153192198696	6478.586091245194	8428.431423945232	0.5923398688361928	5059.030198560233
2026.9218203033838	6476.949620464929	8426.498626565148	0.592225640653309	5057.135419656533
2028.1283213868978	6475.313149684662	8424.5657391763325	0.5921117825959108	5055.240640752832
2029.3348224704116	6473.676678904396	8422.632761772507	0.5919983507639107	5053.345861849133
2030.5413235539258	6472.04020812413	8420.69969434738	0.5918849189319105	5051.451082945433
2031.7478246374392	6470.403737343864	8418.76653689466	0.5917714870999105	5049.556304041733
2032.9543257209534	6468.767266563597	8416.833289408061	0.5916580552679104	5047.661525138033
2034.1608268044674	6467.130795783331	8414.899951881293	0.5915446234359102	5045.7667462343325
2035.3673278879812	6465.494325003066	8412.966524308062	0.5914315403685211	5043.871967330632
2036.573828971495	6463.8578542228	8411.03300668208	0.5913188987531791	5041.977188426932
2037.7803300550088	6462.221383442534	8409.099398997056	0.5912062571378373	5040.082409523232
2038.986831138523	6460.584912662267	8407.165701246693	0.5910936155224953	5038.187630619533
2040.193332222037	6458.948441882001	8405.231913424705	0.5909809739071534	5036.2928517158325
2041.3998333055508	6457.311971101736	8403.298035524795	0.5908683322918115	5034.398072812131
2042.6063343890646	6455.675500321469	8401.364067540666	0.590756018390041	5032.503293908432
2043.8128354725786	6454.0390295412035	8399.430009466028	0.5906441609108782	5030.608515004732
2045.0193365560929	6452.402558760938	8397.495861294585	0.5905323034317156	5028.713736101033
2046.2258376396067	6450.766087980672	8395.56162302004	0.5904204459525528	5026.818957197332
2047.4323387231204	6449.129617200406	8393.627294636097	0.5903085884733902	5024.9241782936315
2048.638839806634	6447.49314642014	8391.69287613646	0.5901967309942274	5023.029399389932
2049.8453408901482	6445.856675639873	8389.758367514825	0.590085180483485	5021.134620486232
2051.0518419736622	6444.220204859607	8387.823768764907	0.5899741011133384	5019.239841582532
2052.2583430571763	6442.583734079341	8385.889079880397	0.5898630217431917	5017.345062678832
2053.46484414069	6440.9472632990755	8383.954300854995	0.5897519423730452	5015.4502837751315
2054.671345224204	6439.31079251881	8382.019431682409	0.5896408630028985	5013.555504871432
2055.877846307718	6437.674321738543	8380.08447235633	0.5895297836327519	5011.660725967731
2057.084347391232	6436.037850958277	8378.149422870461	0.5894189907878574	5009.765947064031
2058.290848474746	6434.401380178011	8376.214283218502	0.5893086835524513	5007.871168160332
2059.4973495582594	6432.764909397745	8374.27905339415	0.5891983763170451	5005.976389256632
2060.7038506417734	6431.128438617478	8372.343733391099	0.5890880690816389	5004.081610352931
2061.9103517252875	6429.4919678372125	8370.408323203048	0.5889777618462326	5002.186831449231
2063.1168528088015	6427.855497056947	8368.472822823693	0.5888674546108265	5000.292052545531
2064.3233538923155	6426.21902627668	8366.537232246726	0.5887574137556209	4998.397273641831
2065.529854975829	6424.582555496415	8364.60155146585	0.5886478727331352	4996.502494738132
2066.736356059343	6422.946084716148	8362.66578047475	0.5885383317106495	4994.6077158344315
2067.942857142857	6421.309613935882	8360.729919267123	0.5884287906881639	4992.712936930731
2069.149358226371	6419.673143155616	8358.793967836666	0.5883192496656782	4990.81815802703
2070.355859309885	6418.03667237535	8356.857926177066	0.5882097086431926	4988.923379123331
2071.5623603933986	6416.400201595084	8354.92179428202	0.5881004141501477	4987.028600219631
2072.7688614769127	6414.763730814818	8352.985572145213	0.5879916334707915	4985.1338213159315
2073.9753625604267	6413.127260034552	8351.04925976034	0.5878828527914353	4983.23904241223
2075.1818636439407	6411.490789254286	8349.112857121088	0.5877740721120791	4981.34426350853
2076.3883647274547	6409.85431847402	8347.176364221152	0.5876652914327228	4979.449484604831
2077.5948658109683	6408.217847693754	8345.239781054219	0.5875565107533667	4977.554705701131
2078.8013668944823	6406.581376913488	8343.303107613972	0.587447957043198	4975.659926797431
2080.0078679779963	6404.9449061332225	8341.366343894106	0.5873399308887794	4973.7651478937305
2081.2143690615103	6403.308435352956	8339.429489888302	0.5872319047343609	4971.87036899003
2082.4208701450243	6401.67196457269	8337.492545590248	0.5871238785799424	4969.97559008633
2083.627371228538	6400.035493792424	8335.555510993634	0.5870158524255239	4968.080811182631
2084.833872312052	6398.399023012158	8333.618386092145	0.5869078262711054	4966.18603227893
2086.040373395566	6396.762552231891	8331.681170879458	0.5868000078123832	4964.291253375231
2087.24687447908	6395.126081451625	8329.743865349266	0.5866927304158827	4962.3964744715295
2088.4533755625935	6393.4896106713595	8327.80646949525	0.5865854530193821	4960.501695567831
2089.6598766461075	6391.853139891094	8325.868983311091	0.5864781756228816	4958.60691666413
2090.8663777296215	6390.216669110828	8323.931406790474	0.586370898226381	4956.71213776043
2092.0728788131355	6388.580198330561	8321.99373992708	0.5862636208298805	4954.81735885673
2093.2793798966495	6386.943727550295	8320.055982714588	0.5861565321386426	4952.9225799530295
2094.485880980163	6385.307256770029	8318.118135146684	0.5860499977837847	4951.02780104933
2095.692382063677	6383.670785989763	8316.180197217043	0.5859434634289269	4949.13302214563
2096.898883147191	6382.034315209497	8314.242168919347	0.585836929074069	4947.23824324193
2098.105384230705	6380.397844429231	8312.304050247274	0.5857303947192111	4945.34346433823
2099.311885314219	6378.761373648965	8310.365841194503	0.5856238603643532	4943.44868543453
2100.5183863977327	6377.124902868699	8308.42754175471	0.5855174960037183	4941.553906530829
2101.7248874812467	6375.488432088433	8306.489151921574	0.5854116990245479	4939.65912762713
2102.9313885647607	6373.851961308166	8304.55067168877	0.5853059020453775	4937.764348723429
2104.1378896482747	6372.2154905279	8302.612101049977	0.5852001050662071	4935.86956981973
2105.3443907317887	6370.579019747634	8300.673439998869	0.5850943080870368	4933.974790916029
2106.5508918153023	6368.942548967369	8298.734688529119	0.5849885111078664	4932.0800120123295
2107.7573928988163	6367.306078187104	8296.795846634403	0.5848828656876487	4930.185233108629
2108.9638939823303	6365.669607406837	8294.856914308393	0.5847778004681048	4928.290454204929
2110.1703950658443	6364.033136626571	8292.917891544765	0.5846727352485609	4926.39567530123
2111.3768961493583	6362.396665846305	8290.978778337187	0.5845676700290169	4924.500896397529
2112.583397232872	6360.760195066039	8289.039574679337	0.5844626048094731	4922.6061174938295
2113.789898316386	6359.123724285773	8287.100280564879	0.5843575395899291	4920.711338590129
2114.9963993999	6357.4872535055065	8285.160895987487	0.5842526077662534	4918.816559686429
2116.202900483414	6355.850782725241	8283.221420940834	0.5841482687397467	4916.921780782729
2117.409401566928	6354.214311944974	8281.281855418581	0.5840439297132398	4915.027001879029
2118.6159026504415	6352.577841164709	8279.34219941441	0.583939590686733	4913.132222975329
2119.8224037339555	6350.941370384442	8277.402452921979	0.5838352516602262	4911.237444071629
2121.0289048174695	6349.304899604176	8275.462615934957	0.5837309126337193	4909.342665167928
2122.2354059009836	6347.66842882391	8273.522688447014	0.5836266891086381	4907.447886264228
2123.441906984497	6346.031958043644	8271.582670451817	0.5835230707576282	4905.553107360529
2124.648408068011	6344.3954872633785	8269.642561943028	0.5834194524066184	4903.658328456829
2125.854909151525	6342.759016483112	8267.702362914315	0.5833158340556085	4901.763549553129
2127.061410235039	6341.122545702846	8265.762073359345	0.5832122157045986	4899.868770649428
2128.267911318553	6339.48607492258	8263.821693271777	0.5831085973535888	4897.973991745728
2129.4744124020667	6337.849604142314	8261.881222645277	0.5830050768746992	4896.079212842029
2130.6809134855807	6336.213133362047	8259.940661473507	0.5829021737302745	4894.184433938329
2131.8874145690947	6334.576662581781	8258.000009750132	0.5827992705858498	4892.289655034629
2133.0939156526088	6332.9401918015155	8256.059267468812	0.5826963674414251	4890.394876130928
2134.3004167361228	6331.303721021249	8254.11843462321	0.5825934642970003	4888.500097227227
2135.5069178196363	6329.667250240984	8252.177511206983	0.5824905611525756	4886.605318323529
2136.7134189031503	6328.030779460717	8250.236497213791	0.5823877385126386	4884.710539419828
2137.9199199866644	6326.394308680451	8248.2953926373	0.5822855451540973	4882.815760516129
2139.1264210701784	6324.757837900185	8246.354197471159	0.582183351795556	4880.9209816124285
2140.3329221536924	6323.121367119919	8244.412911709036	0.5820811584370147	4879.026202708727
2141.539423237206	6321.484896339654	8242.471535344584	0.5819789650784734	4877.131423805029
2142.74592432072	6319.848425559388	8240.530068371458	0.581876771719932	4875.236644901328
2143.952425404234	6318.211954779122	8238.588510783318	0.5817746417564932	4873.341865997628
2145.158926487748	6316.575483998856	8236.64686257382	0.5816731528109257	4871.447087093928
2146.365427571262	6314.939013218589	8234.705123736614	0.5815716638653582	4869.552308190227
2147.5719286547755	6313.302542438323	8232.76329426536	0.5814701749197907	4867.657529286528
2148.7784297382896	6311.666071658057	8230.821374153713	0.5813686859742232	4865.762750382828
2149.9849308218036	6310.029600877791	8228.879363395321	0.5812671970286556	4863.867971479127
2151.1914319053176	6308.393130097525	8226.937261983841	0.5811657546236666	4861.973192575428
2152.3979329888316	6306.756659317259	8224.995069912928	0.5810649647655393	4860.0784136717275
2153.604434072345	6305.120188536993	8223.052787176226	0.5809641749074118	4858.183634768028
2154.810935155859	6303.483717756727	8221.110413767392	0.5808633850492844	4856.288855864328
2156.017436239373	6301.847246976461	8219.167949680073	0.580762595191157	4854.394076960627
2157.223937322887	6300.210776196194	8217.22539490792	0.5806618053330296	4852.499298056928
2158.4304384064008	6298.574305415929	8215.282749444588	0.580561045412471	4850.604519153228
2159.6369394899148	6296.9378346356625	8213.340013283718	0.5804609493632136	4848.709740249527
2160.843440573429	6295.301363855397	8211.39718641896	0.5803608533139561	4846.814961345827
2162.049941656943	6293.66489307513	8209.454268843963	0.5802607572646987	4844.920182442127
2163.256442740457	6292.028422294864	8207.511260552375	0.5801606612154413	4843.025403538427
2164.4629438239704	6290.391951514598	8205.56816153784	0.5800605651661839	4841.130624634728
2165.6694449074844	6288.755480734332	8203.624971794005	0.5799604826996915	4839.2358457310265
2166.8759459909984	6287.119009954066	8201.681691314516	0.5798610752272836	4837.341066827327
2168.0824470745124	6285.4825391737995	8199.738320093013	0.5797616677548756	4835.446287923627
2169.2889481580264	6283.846068393534	8197.794858123149	0.5796622602824677	4833.551509019927
2170.49544924154	6282.209597613268	8195.851305398559	0.5795628528100598	4831.656730116228
2171.701950325054	6280.573126833002	8193.907661912888	0.5794634453376519	4829.761951212527
2172.908451408568	6278.936656052736	8191.96392765978	0.5793640378652439	4827.867172308827
2174.114952492082	6277.30018527247	8190.020102632877	0.579265311256704	4825.972393405126
2175.321453575596	6275.663714492204	8188.076186825818	0.5791665871752666	4824.077614501427
2176.5279546591096	6274.027243711938	8186.132180232244	0.5790678630938291	4822.182835597727
2177.7344557426236	6272.3907729316725	8184.188082845797	0.5789691390123916	4820.288056694027
2178.9409568261376	6270.754302151407	8182.243894660111	0.5788704149309541	4818.3932777903265
2180.1474579096516	6269.11783137114	8180.29961566883	0.5787716908495166	4816.498498886626
2181.3539589931656	6267.481360590874	8178.35524586559	0.5786736266236371	4814.603719982926
2182.560460076679	6265.844889810608	8176.410785244028	0.5785755807930223	4812.708941079227
2183.766961160193	6264.208419030342	8174.466233797783	0.5784775349624076	4810.814162175526
2184.973462243707	6262.571948250075	8172.521591520487	0.5783794891317928	4808.9193832718265
2186.1799633272212	6260.9354774698095	8170.5768584057805	0.5782814433011781	4807.024604368126
2187.3864644107352	6259.299006689544	8168.632034447297	0.5781833974705634	4805.129825464425
2188.592965494249	6257.662535909278	8166.687119638672	0.5780859907710356	4803.235046560726
2189.799466577763	6256.026065129012	8164.742113973535	0.5779886180964232	4801.340267657026
2191.005967661277	6254.389594348745	8162.797017445523	0.5778912454218107	4799.445488753327
2192.212468744791	6252.753123568479	8160.851830048269	0.5777938727471983	4797.5507098496255
2193.418969828305	6251.116652788212	8158.9065517754025	0.5776965000725859	4795.655930945925
2194.6254709118184	6249.480182007947	8156.961182620559	0.5775991273979735	4793.761152042226
2195.8319719953324	6247.843711227681	8155.015722577367	0.5775023734102559	4791.866373138526
2197.0384730788464	6246.207240447415	8153.070171639456	0.5774056688417476	4789.971594234826
2198.2449741623604	6244.570769667149	8151.124529800457	0.5773089642732392	4788.0768153311255
2199.451475245874	6242.934298886883	8149.178797054001	0.5772122597047309	4786.182036427425
2200.657976329388	6241.297828106617	8147.232973393711	0.5771155551362226	4784.287257523726
2201.864477412902	6239.66135732635	8145.287058813221	0.5770188505677143	4782.392478620025
2203.070978496416	6238.024886546084	8143.341053306153	0.5769227445186687	4780.497699716326
2204.27747957993	6236.388415765818	8141.394956866138	0.5768267030508872	4778.602920812626
2205.4839806634436	6234.751944985553	8139.448769486803	0.5767306615831058	4776.708141908925
2206.6904817469576	6233.115474205287	8137.50249116177	0.5766346201153244	4774.813363005226
2207.8969828304716	6231.479003425021	8135.556121884665	0.576538578647543	4772.918584101525
2209.1034839139857	6229.842532644755	8133.609661649112	0.5764425371797616	4771.023805197825
2210.3099849974997	6228.206061864488	8131.663110448738	0.5763470743372912	4769.129026294125
2211.5164860810132	6226.569591084223	8129.716468277161	0.5762516910089812	4767.2342473904255
2212.7229871645272	6224.9331203039565	8127.7697351280085	0.5761563076806713	4765.339468486725
2213.9294882480413	6223.296649523691	8125.822910994901	0.5760609243523613	4763.444689583025
2215.1359893315553	6221.660178743425	8123.875995871456	0.5759655410240513	4761.549910679324
2216.3424904150693	6220.023707963158	8121.928989751298	0.5758701576957413	4759.655131775625
2217.548991498583	6218.387237182892	8119.981892628049	0.5757753333684306	4757.760352871925
2218.755492582097	6216.750766402626	8118.034704495326	0.5756806032620608	4755.865573968225
2219.961993665611	6215.11429562236	8116.087425346748	0.5755858731556912	4753.970795064525
2221.168494749125	6213.4778248420935	8114.140055175934	0.5754911430493216	4752.076016160824
2222.374995832639	6211.841354061828	8112.192593976502	0.5753964129429519	4750.181237257125
2223.5814969161524	6210.204883281562	8110.245041742069	0.5753016828365822	4748.286458353425
2224.7879979996665	6208.568412501296	8108.297398466252	0.5752074923733382	4746.3916794497245
2225.9944990831805	6206.93194172103	8106.349664142665	0.5751134106147071	4744.496900546024
2227.2010001666945	6205.295470940763	8104.401838764925	0.575019328856076	4742.602121642324
2228.4075012502085	6203.659000160497	8102.453922326649	0.5749252470974449	4740.707342738624
2229.614002333722	6202.022529380231	8100.505914821447	0.5748311653388137	4738.812563834925
2230.820503417236	6200.3860585999655	8098.557816242937	0.5747370835801826	4736.917784931224
2232.02700450075	6198.7495878197	8096.60962658473	0.5746435223698808	4735.023006027524
2233.233505584264	6197.113117039433	8094.661345840435	0.5745500841277243	4733.128227123824
2234.4400066677777	6195.476646259168	8092.712974003671	0.5744566458855679	4731.233448220125
2235.6465077512917	6193.840175478901	8090.764511068043	0.5743632076434114	4729.338669316425
2236.8530088348057	6192.203704698635	8088.8159570271655	0.574269769401255	4727.443890412724
2238.0595099183197	6190.567233918368	8086.8673118746465	0.5741763311590985	4725.549111509024
2239.2660110018337	6188.930763138103	8084.918575604096	0.574083394630228	4723.654332605323
2240.4725120853473	6187.294292357838	8082.969748209125	0.5739905951158296	4721.759553701625
2241.6790131688613	6185.657821577572	8081.02082968334	0.5738977956014312	4719.864774797924
2242.8855142523753	6184.021350797306	8079.0718200203455	0.5738049960870328	4717.969995894224
2244.0920153358893	6182.384880017039	8077.122719213753	0.5737121965726344	4716.075216990524
2245.2985164194033	6180.748409236773	8075.173527257167	0.5736193970582361	4714.180438086823
2246.505017502917	6179.111938456507	8073.224244144194	0.5735270806785481	4712.285659183124
2247.711518586431	6177.475467676241	8071.274869868441	0.5734349151453512	4710.390880279424
2248.918019669945	6175.838996895975	8069.325404423511	0.5733427496121541	4708.496101375724
2250.124520753459	6174.202526115709	8067.375847803005	0.5732505840789572	4706.601322472024
2251.331021836973	6172.566055335443	8065.426200000532	0.5731584185457603	4704.7065435683235
2252.5375229204865	6170.929584555177	8063.4764610096945	0.5730662530125634	4702.811764664623
2253.7440240040005	6169.293113774911	8061.526630824089	0.5729745522887223	4700.916985760924
2254.9505250875145	6167.656642994644	8059.576709437321	0.5728830160319452	4699.022206857223
2256.1570261710285	6166.020172214378	8057.626696842993	0.5727914797751681	4697.127427953524
2257.3635272545425	6164.3837014341125	8055.676593034704	0.572699943518391	4695.232649049823
2258.570028338056	6162.747230653847	8053.726398006054	0.5726084072616139	4693.337870146123
2259.77652942157	6161.110759873581	8051.7761117506425	0.5725168710048368	4691.443091242423
2260.983030505084	6159.474289093314	8049.825734262066	0.5724257814820728	4689.548312338723
2262.189531588598	6157.837818313048	8047.875265533927	0.5723348698383265	4687.653533435024
2263.396032672112	6156.201347532782	8045.92470555982	0.5722439581945801	4685.758754531323
2264.6025337556257	6154.564876752516	8043.97405433334	0.5721530465508338	4683.863975627623
2265.8090348391397	6152.92840597225	8042.023311848089	0.5720621349070875	4681.969196723923
2267.0155359226537	6151.291935191984	8040.072478097658	0.5719712232633412	4680.074417820223
2268.2220370061677	6149.655464411718	8038.121553075643	0.5718807405251057	4678.179638916523
2269.4285380896813	6148.018993631452	8036.170536775641	0.5717904488720141	4676.284860012824
2270.6350391731953	6146.382522851186	8034.219429191243	0.5717001572189225	4674.390081109123
2271.8415402567093	6144.746052070919	8032.268230316042	0.5716098655658309	4672.495302205423
2273.0480413402233	6143.109581290654	8030.3169401436335	0.5715195739127393	4670.600523301722
2274.2545424237373	6141.473110510388	8028.365558667607	0.5714292822596477	4668.705744398022
2275.461043507251	6139.836639730122	8026.414085881557	0.5713394019272713	4666.810965494323
2276.667544590765	6138.200168949857	8024.462521779071	0.5712497256830941	4664.916186590623
2277.874045674279	6136.56369816959	8022.510866353741	0.571160049438917	4663.021407686923
2279.080546757793	6134.927227389324	8020.559119599157	0.5710703731947397	4661.126628783222
2280.287047841307	6133.290756609057	8018.607281508908	0.5709806969505626	4659.231849879522
2281.4935489248205	6131.654285828792	8016.655352076583	0.5708910207063855	4657.337070975823
2282.7000500083345	6130.017815048525	8014.7033312957665	0.5708017384387363	4655.442292072123
2283.9065510918485	6128.3813442682595	8012.751219160052	0.5707126730619936	4653.5475131684225
2285.1130521753626	6126.744873487994	8010.799015663019	0.5706236076852509	4651.652734264722
2286.3195532588766	6125.108402707727	8008.8467207982585	0.5705345423085082	4649.757955361021
2287.52605434239	6123.471931927462	8006.894334559357	0.5704454769317655	4647.863176457323
2288.732555425904	6121.835461147195	8004.941856939896	0.5703564115550228	4645.968397553622
2289.939056509418	6120.198990366929	8002.989287933459	0.5702677230481702	4644.073618649922
2291.145557592932	6118.562519586663	8001.036627533635	0.5701792640372718	4642.178839746222
2292.352058676446	6116.9260488063965	7999.083875734001	0.5700908050263733	4640.284060842521
2293.5585597599597	6115.289578026131	7997.131032528142	0.570002346015475	4638.389281938823
2294.7650608434737	6113.653107245865	7995.178097909643	0.5699138870045766	4636.494503035122
2295.9715619269878	6112.016636465599	7993.2250718720825	0.5698254279936782	4634.599724131422
2297.178063010502	6110.380165685332	7991.271954409038	0.5697373289805566	4632.7049452277215
2298.384564094016	6108.743694905066	7989.318745514096	0.5696494718734316	4630.810166324021
2299.5910651775293	6107.1072241248	7987.365445180832	0.5695616147663066	4628.915387420322
2300.7975662610434	6105.470753344534	7985.412053402824	0.5694737576591816	4627.020608516622
2302.0040673445574	6103.8342825642685	7983.458570173655	0.5693859005520566	4625.125829612921
2303.2105684280714	6102.197811784002	7981.504995486897	0.5692980434449316	4623.231050709222
2304.4170695115854	6100.561341003736	7979.551329336132	0.5692105296950073	4621.336271805521
2305.623570595099	6098.924870223471	7977.597571714933	0.569123270068738	4619.441492901822
2306.830071678613	6097.288399443205	7975.643722616879	0.5690360104424688	4617.546713998121
2308.036572762127	6095.651928662939	7973.6897820355425	0.5689487508161994	4615.651935094421
2309.243073845641	6094.015457882672	7971.735749964499	0.5688614911899301	4613.757156190722
2310.4495749291546	6092.378987102406	7969.781626397323	0.5687742315636609	4611.862377287021
2311.6560760126686	6090.7425163221405	7967.8274113275875	0.5686872988826013	4609.96759838332
2312.8625770961826	6089.106045541875	7965.873104748866	0.5686006323530592	4608.072819479621
2314.0690781796966	6087.469574761608	7963.918706654731	0.5685139658235172	4606.178040575921
2315.2755792632106	6085.833103981342	7961.964217038752	0.5684272992939752	4604.283261672221
2316.482080346724	6084.196633201076	7960.009635894505	0.5683406327644331	4602.3884827685215
2317.688581430238	6082.56016242081	7958.054963215555	0.568253966234891	4600.49370386482
2318.895082513752	6080.923691640544	7956.100198995475	0.5681676104642363	4598.598924961121
2320.101583597266	6079.287220860278	7954.145343227831	0.5680815326857208	4596.704146057421
2321.30808468078	6077.650750080012	7952.190395906197	0.5679954549072054	4594.809367153721
2322.5145857642938	6076.014279299746	7950.235357024138	0.5679093771286899	4592.914588250021
2323.721086847808	6074.37780851948	7948.280226575221	0.5678232993501745	4591.0198093463205
2324.927587931322	6072.741337739213	7946.325004553012	0.567737221571659	4589.125030442621
2326.134089014836	6071.104866958947	7944.369690951079	0.5676514385884962	4587.23025153892
2327.34059009835	6069.468396178681	7942.4142857629895	0.5675659452533768	4585.335472635221
2328.5470911818634	6067.8319253984155	7940.458788982307	0.5674804519182575	4583.440693731521
2329.7535922653774	6066.19545461815	7938.503200602593	0.567394958583138	4581.5459148278205
2330.9600933488914	6064.558983837883	7936.547520617414	0.5673094652480186	4579.65113592412
2332.1665944324054	6062.922513057617	7934.591749020334	0.5672239719128992	4577.75635702042
2333.3730955159194	6061.286042277351	7932.635885804914	0.5671387576295389	4575.86157811672
2334.579596599433	6059.649571497085	7930.679930964718	0.5670538444678985	4573.966799213021
2335.786097682947	6058.013100716818	7928.7238844933045	0.566968931306258	4572.07202030932
2336.992598766461	6056.3766299365525	7926.7677463842365	0.5668840181446176	4570.17724140562
2338.199099849975	6054.740159156287	7924.811516631074	0.5667991049829771	4568.282462501919
2339.405600933489	6053.103688376022	7922.8551952273765	0.5667141918213368	4566.387683598219
2340.6121020170026	6051.467217595756	7920.898782166702	0.5666295421849915	4564.49290469452
2341.8186031005166	6049.830746815489	7918.942277442609	0.5665452049642739	4562.59812579082
2343.0251041840306	6048.194276035223	7916.985681048659	0.5664608677435562	4560.7033468871205
2344.2316052675446	6046.557805254957	7915.028992978404	0.5663765305228387	4558.808567983419
2345.438106351058	6044.921334474691	7913.072213225404	0.566292193302121	4556.91378907972
2346.644607434572	6043.284863694425	7911.115341783215	0.5662078560814034	4555.01901017602
2347.851108518086	6041.648392914159	7909.158378645388	0.5661237670738691	4553.12423127232
2349.0576096016002	6040.011922133893	7907.201323805484	0.5660400015985291	4551.22945236862
2350.2641106851142	6038.375451353627	7905.244177257054	0.565956236123189	4549.334673464919
2351.470611768628	6036.738980573361	7903.286938993651	0.565872470647849	4547.439894561219
2352.677112852142	6035.102509793095	7901.32960900883	0.5657887051725089	4545.54511565752
2353.883613935656	6033.466039012828	7899.3721872961405	0.5657049396971688	4543.650336753819
2355.09011501917	6031.829568232562	7897.414673849137	0.565621407334509	4541.755557850119
2356.296616102684	6030.193097452296	7895.45706866137	0.5655382094456647	4539.8607789464195
2357.5031171861974	6028.556626672031	7893.499371726391	0.5654550115568203	4537.966000042719
2358.7096182697114	6026.920155891764	7891.541583037746	0.565371813667976	4536.07122113902
2359.9161193532254	6025.283685111498	7889.58370258899	0.5652886157791316	4534.176442235319
2361.1226204367395	6023.647214331232	7887.625730373668	0.5652054178902871	4532.281663331619
2362.3291215202535	6022.010743550965	7885.667666385327	0.5651224382225187	4530.386884427919
2363.535622603767	6020.3742727707	7883.709510617519	0.565039803797607	4528.492105524219
2364.742123687281	6018.737801990434	7881.7512630637875	0.5649571693726952	4526.597326620519
2365.948624770795	6017.101331210168	7879.79292371768	0.5648745349477834	4524.702547716819
2367.155125854309	6015.464860429901	7877.8344925727415	0.5647919005228716	4522.807768813118
2368.361626937823	6013.828389649635	7875.87596962252	0.5647092660979598	4520.912989909419
2369.5681280213366	6012.191918869369	7873.917354860556	0.5646268352087419	4519.0182110057185
2370.7746291048506	6010.555448089103	7871.958648280396	0.564544760161176	4517.123432102019
2371.9811301883647	6008.918977308838	7869.99984987558	0.5644626851136101	4515.228653198319
2373.1876312718787	6007.2825065285715	7868.040959639656	0.5643806100660442	4513.333874294618
2374.3941323553927	6005.646035748306	7866.081977566163	0.5642985350184784	4511.439095390919
2375.6006334389062	6004.00956496804	7864.122903648641	0.5642164599709125	4509.544316487219
2376.8071345224203	6002.373094187774	7862.1637378806345	0.5641345739772372	4507.649537583518
2378.0136356059343	6000.736623407508	7860.204480255682	0.564053054256069	4505.754758679818
2379.2201366894483	5999.100152627241	7858.245130767321	0.5639715345349007	4503.859979776118
2380.426637772962	5997.463681846976	7856.2856894090955	0.5638900148137325	4501.965200872419
2381.633138856476	5995.827211066709	7854.326156174539	0.5638084950925643	4500.070421968719
2382.83963993999	5994.1907402864435	7852.366531057192	0.563726975371396	4498.1756430650175
2384.046141023504	5992.554269506178	7850.4068140505915	0.5636456304232828	4496.280864161318
2385.252642107018	5990.917798725911	7848.447005148274	0.5635646620128648	4494.386085257618
2386.4591431905314	5989.281327945646	7846.487104343776	0.563483693602447	4492.491306353919
2387.6656442740455	5987.644857165379	7844.527111630631	0.563402725192029	4490.596527450219
2388.8721453575595	5986.008386385113	7842.5670270023775	0.5633217567816111	4488.701748546518
2390.0786464410735	5984.371915604846	7840.606850452543	0.5632407883711932	4486.806969642818
2391.2851475245875	5982.735444824581	7838.64658197467	0.5631599806513842	4484.912190739117
2392.491648608101	5981.098974044315	7836.686221562286	0.5630795595710382	4483.017411835419
2393.698149691615	5979.462503264049	7834.725769208923	0.5629991384906922	4481.122632931718
2394.904650775129	5977.826032483783	7832.765224908117	0.5629187174103462	4479.227854028018
2396.111151858643	5976.189561703516	7830.804588653393	0.5628382963300002	4477.3330751243175
2397.317652942157	5974.55309092325	7828.843860438287	0.5627578752496541	4475.438296220617
2398.5241540256707	5972.916620142984	7826.883040256327	0.5626776009733132	4473.543517316917
2399.7306551091847	5971.2801493627185	7824.922128101042	0.5625977232769971	4471.648738413218
2400.9371561926987	5969.643678582452	7822.961123965961	0.562517845580681	4469.753959509518
2402.1436572762127	5968.007207802186	7821.000027844612	0.5624379678843648	4467.8591806058175
2403.3501583597267	5966.37073702192	7819.038839730524	0.5623580901880486	4465.964401702117
2404.5566594432403	5964.734266241654	7817.0775596172225	0.5622782124917326	4464.069622798417
2405.7631605267543	5963.097795461389	7815.1161874982345	0.5621984679061455	4462.174843894718
2406.9696616102683	5961.461324681122	7813.1547233670835	0.5621191296821274	4460.280064991017
2408.1761626937823	5959.824853900856	7811.193167217297	0.5620397914581093	4458.385286087318
2409.3826637772963	5958.18838312059	7809.231519042399	0.5619604532340913	4456.4905071836165
2410.58916486081	5956.551912340325	7807.2697788359155	0.5618811150100732	4454.595728279917
2411.795665944324	5954.915441560059	7805.307946591366	0.5618017767860551	4452.700949376217
2413.002167027838	5953.278970779792	7803.346022302274	0.5617225581703342	4450.806170472517
2414.208668111352	5951.642499999526	7801.384005962163	0.5616437555408664	4448.911391568817
2415.415169194866	5950.006029219259	7799.421897564554	0.5615649529113986	4447.016612665117
2416.6216702783795	5948.369558438994	7797.459697102969	0.5614861502819309	4445.121833761417
2417.8281713618935	5946.7330876587275	7795.497404570925	0.5614073476524631	4443.227054857717
2419.0346724454075	5945.096616878462	7793.535019961944	0.5613285450229953	4441.332275954016
2420.2411735289215	5943.460146098196	7791.572543269547	0.5612498486877843	4439.437497050316
2421.447674612435	5941.82367531793	7789.609974487249	0.5611715778087809	4437.5427181466175
2422.654175695949	5940.187204537663	7787.647313608566	0.5610933069297775	4435.647939242916
2423.860676779463	5938.550733757397	7785.684560627022	0.5610150360507742	4433.753160339217
2425.067177862977	5936.914262977131	7783.721715536129	0.5609367651717708	4431.858381435516
2426.273678946491	5935.277792196865	7781.758778329402	0.5608584942927675	4429.963602531816
2427.4801800300047	5933.6413214166	7779.795749000359	0.5607803165799503	4428.068823628117
2428.6866811135187	5932.004850636334	7777.832627542516	0.560702573640668	4426.1740447244165
2429.8931821970327	5930.368379856067	7775.869413949382	0.5606248307013858	4424.279265820716
2431.0996832805467	5928.731909075801	7773.906108214475	0.5605470877621036	4422.384486917016
2432.3061843640608	5927.095438295534	7771.9427103313055	0.5604693448228213	4420.489708013316
2433.5126854475743	5925.458967515269	7769.979220293389	0.5603916018835391	4418.594929109617
2434.7191865310883	5923.8224967350025	7768.0156380942335	0.5603139391659507	4416.700150205916
2435.9256876146023	5922.186025954737	7766.051963727353	0.5602367203886719	4414.805371302216
2437.1321886981164	5920.549555174471	7764.0881971862555	0.5601595016113932	4412.910592398516
2438.3386897816304	5918.913084394205	7762.124338464453	0.5600822828341143	4411.015813494815
2439.545190865144	5917.27661361394	7760.1603875554565	0.5600050640568356	4409.121034591117
2440.751691948658	5915.640142833673	7758.196344452767	0.5599278452795569	4407.226255687416
2441.958193032172	5914.003672053407	7756.232209149902	0.5598506939606962	4405.3314767837155
2443.164694115686	5912.36720127314	7754.267981640363	0.5597739956004149	4403.436697880015
2444.3711951992	5910.7307304928745	7752.303661917658	0.5596972972401335	4401.541918976315
2445.5776962827135	5909.094259712609	7750.339249975296	0.5596205988798522	4399.647140072617
2446.7841973662275	5907.457788932343	7748.37474580678	0.5595439005195708	4397.752361168916
2447.9906984497416	5905.821318152077	7746.410149405615	0.5594672021592895	4395.857582265215
2449.1971995332556	5904.18484737181	7744.445460765305	0.5593905586730356	4393.962803361515
2450.4037006167696	5902.548376591544	7742.480679879357	0.5593143770171458	4392.068024457815
2451.610201700283	5900.911905811278	7740.51580674127	0.5592381953612562	4390.173245554116
2452.816702783797	5899.275435031012	7738.5508413445505	0.5591620137053666	4388.278466650416
2454.023203867311	5897.638964250746	7736.585783682696	0.5590858320494768	4386.383687746715
2455.229704950825	5896.00249347048	7734.620633749212	0.5590096503935872	4384.488908843015
2456.4362060343387	5894.366022690214	7732.655391537598	0.5589335112039169	4382.594129939315
2457.6427071178528	5892.729551909948	7730.6900570413545	0.558857842571905	4380.699351035616
2458.8492082013668	5891.093081129682	7728.72463025398	0.5587821739398929	4378.804572131915
2460.055709284881	5889.456610349416	7726.7591111689735	0.558706505307881	4376.909793228215
2461.262210368395	5887.820139569149	7724.793499779832	0.558630836675869	4375.015014324515
2462.4687114519083	5886.183668788884	7722.827796080056	0.5585551680438571	4373.120235420815
2463.6752125354224	5884.547198008618	7720.862000063142	0.5584795296445658	4371.225456517114
2464.8817136189364	5882.910727228352	7718.896111722586	0.558404370387704	4369.330677613415
2466.0882147024504	5881.274256448085	7716.930131051882	0.558329211130842	4367.435898709715
2467.2947157859644	5879.637785667819	7714.964058044529	0.5582540518739801	4365.541119806015
2468.501216869478	5878.001314887553	7712.997892694019	0.5581788926171182	4363.646340902315
2469.707717952992	5876.364844107287	7711.031634993847	0.5581037333602563	4361.751561998614
2470.914219036506	5874.7283733270215	7709.065284937507	0.5580285922746814	4359.856783094915
2472.12072012002	5873.091902546756	7707.09884251849	0.5579539387757249	4357.962004191214
2473.327221203534	5871.45543176649	7705.1323077302895	0.5578792852767683	4356.067225287515
2474.5337222870476	5869.818960986224	7703.165680566396	0.5578046317778118	4354.1724463838145
2475.7402233705616	5868.182490205958	7701.198961020303	0.5577299782788553	4352.277667480114
2476.9467244540756	5866.546019425691	7699.2321490854965	0.5576553247798988	4350.382888576414
2478.1532255375896	5864.909548645425	7697.265244755472	0.5575806775606442	4348.488109672714
2479.3597266211036	5863.273077865159	7695.298248023714	0.5575065262335306	4346.593330769015
2480.566227704617	5861.6366070848935	7693.331158883713	0.5574323749064171	4344.698551865315
2481.772728788131	5860.000136304628	7691.363977328956	0.5573582235793035	4342.803772961614
2482.979229871645	5858.363665524361	7689.396703352932	0.5572840722521899	4340.908994057914
2484.185730955159	5856.727194744095	7687.429336949124	0.5572099209250764	4339.014215154214
2485.3922320386732	5855.090723963828	7685.461878111023	0.5571357695979627	4337.119436250513
2486.598733122187	5853.454253183563	7683.494326832112	0.557062111443293	4335.224657346815
2487.805234205701	5851.817782403296	7681.526683105875	0.5569884587328455	4333.329878443114
2489.011735289215	5850.1813116230305	7679.558946925799	0.5569148060223981	4331.435099539414
2490.218236372729	5848.544840842765	7677.591118285365	0.5568411533119507	4329.540320635713
2491.4247374562424	5846.908370062499	7675.623197178057	0.5567675006015033	4327.645541732014
2492.6312385397564	5845.271899282233	7673.655183597358	0.5566938478910558	4325.750762828314
2493.8377396232704	5843.635428501966	7671.687077536746	0.5566206732700415	4323.855983924614
2495.0442407067844	5841.9989577217	7669.718878989708	0.5565475156516734	4321.961205020914
2496.2507417902984	5840.362486941433	7667.750587949721	0.5564743580333051	4320.066426117213
2497.457242873812	5838.726016161168	7665.782204410268	0.556401200414937	4318.171647213514
2498.663743957326	5837.089545380903	7663.813728364826	0.5563280427965689	4316.276868309814
2499.87024504084	5835.453074600636	7661.845159806871	0.5562548851782008	4314.382089406114
2501.076746124354	5833.81660382037	7659.8764987298855	0.5561821907599208	4312.4873105024135
2502.283247207868	5832.180133040103	7657.907745127345	0.556109524739343	4310.592531598713
2503.4897482913816	5830.543662259838	7655.938898992731	0.5560368587187653	4308.697752695013
2504.6962493748956	5828.907191479572	7653.969960319511	0.5559641926981874	4306.802973791314
2505.9027504584096	5827.270720699306	7652.0009291011675	0.5558915266776097	4304.908194887613
2507.1092515419236	5825.6342499190405	7650.031805331175	0.5558188606570319	4303.013415983913
2508.3157526254377	5823.997779138774	7648.062589003003	0.5557466431384683	4301.118637080213
2509.522253708951	5822.361308358509	7646.093280110133	0.5556744652514006	4299.223858176513
2510.728754792465	5820.724837578242	7644.123878646031	0.5556022873643328	4297.329079272814
2511.9352558759792	5819.088366797976	7642.154384604173	0.5555301094772651	4295.434300369113
2513.1417569594933	5817.45189601771	7640.184797978031	0.5554579315901974	4293.539521465413
2514.3482580430073	5815.815425237443	7638.215118761077	0.5553857537031297	4291.6447425617125
2515.554759126521	5814.178954457178	7636.245346946781	0.5553140098089071	4289.749963658012
2516.761260210035	5812.542483676912	7634.275482528611	0.5552423166207906	4287.855184754313
2517.967761293549	5810.906012896646	7632.305525500041	0.555170623432674	4285.960405850613
2519.174262377063	5809.269542116379	7630.335475854534	0.5550989302445575	4284.065626946912
2520.380763460577	5807.633071336113	7628.365333585565	0.555027237056441	4282.170848043213
2521.5872645440904	5805.996600555847	7626.395098686598	0.5549555438683246	4280.276069139512
2522.7937656276044	5804.360129775581	7624.424771151099	0.5548842703504526	4278.381290235813
2524.0002667111185	5802.723658995315	7622.454350972537	0.5548130584561658	4276.486511332113
2525.2067677946325	5801.087188215049	7620.483838144377	0.5547418465618789	4274.591732428412
2526.413268878146	5799.450717434784	7618.513232660084	0.5546706346675919	4272.6969535247135
2527.61976996166	5797.814246654517	7616.5425345131225	0.5545994227733051	4270.8021746210125
2528.826271045174	5796.177775874251	7614.571743696957	0.5545282108790182	4268.907395717312
2530.032772128688	5794.541305093984	7612.600860205049	0.5544574045166368	4267.012616813612
2531.239273212202	5792.904834313718	7610.629884030865	0.5543866705402141	4265.117837909912
2532.4457742957156	5791.268363533452	7608.658815167865	0.5543159365637913	4263.223059006213
2533.6522753792296	5789.631892753187	7606.68765360951	0.5542452025873685	4261.3282801025125
2534.8587764627437	5787.995421972921	7604.716399349262	0.5541744686109458	4259.433501198811
2536.0652775462577	5786.358951192654	7602.745052380579	0.554103734634523	4257.538722295112
2537.2717786297717	5784.722480412389	7600.773612696924	0.5540333922336487	4255.643943391412
2538.4782797132852	5783.086009632123	7598.802080291755	0.553963132828001	4253.749164487713
2539.6847807967993	5781.449538851857	7596.830455158531	0.5538928734223534	4251.854385584013
2540.8912818803133	5779.813068071591	7594.858737290707	0.5538226140167057	4249.9596066803115
2542.0977829638273	5778.1765972913245	7592.886926681743	0.553752354611058	4248.064827776611
2543.3042840473413	5776.540126511059	7590.915023325096	0.5536820952054103	4246.170048872911
2544.510785130855	5774.903655730793	7588.943027214219	0.5536122135986856	4244.275269969212
2545.717286214369	5773.267184950527	7586.970938342571	0.5535424254453247	4242.380491065512
2546.923787297883	5771.630714170261	7584.998756703604	0.5534726372919637	4240.4857121618115
2548.130288381397	5769.994243389994	7583.026482290772	0.5534028491386028	4238.590933258111
2549.336789464911	5768.357772609728	7581.054115097531	0.5533330609852419	4236.696154354411
2550.5432905484245	5766.721301829462	7579.081655117334	0.553263272831881	4234.801375450711
2551.7497916319385	5765.0848310491965	7577.10910234363	0.553193848878326	4232.906596547012
2552.9562927154525	5763.44836026893	7575.136456769874	0.5531245286870902	4231.011817643312
2554.1627937989665	5761.811889488664	7573.163718389516	0.5530552084958543	4229.117038739611
2555.3692948824805	5760.175418708398	7571.190887196006	0.5529858883046185	4227.22225983591
2556.575795965994	5758.538947928132	7569.217963182794	0.5529165681133826	4225.327480932211
2557.782297049508	5756.902477147866	7567.24494634333	0.5528472479221467	4223.432702028511
2558.988798133022	5755.266006367599	7565.27183667106	0.5527782785069131	4221.537923124811
2560.195299216536	5753.6295355873335	7563.298634159436	0.552709423015696	4219.6431442211115
2561.40180030005	5751.993064807067	7561.325338801902	0.552640567524479	4217.74836531741
2562.6083013835637	5750.356594026802	7559.351950591908	0.552571712033262	4215.853586413711
2563.8148024670777	5748.720123246535	7557.378469522897	0.552502856542045	4213.958807510011
2565.0213035505917	5747.083652466269	7555.404895588316	0.552434001050828	4212.064028606311
2566.2278046341057	5745.447181686003	7553.43122878161	0.5523654830849548	4210.1692497026115
2567.4343057176193	5743.810710905737	7551.457469096224	0.5522970890594375	4208.274470798911
2568.6408068011333	5742.174240125471	7549.4836165256	0.5522286950339201	4206.37969189521
2569.8473078846473	5740.537769345205	7547.50967106318	0.5521603010084029	4204.484912991511
2571.0538089681613	5738.90129856494	7545.535632702411	0.5520919069828855	4202.59013408781
2572.2603100516753	5737.264827784673	7543.5615014367295	0.5520235129573681	4200.69535518411
2573.466811135189	5735.628357004408	7541.587277259582	0.551955443377541	4198.8005762804105
2574.673312218703	5733.991886224141	7539.612960164405	0.5518875076109253	4196.90579737671
2575.879813302217	5732.355415443875	7537.638550144641	0.5518195718443096	4195.011018473011
2577.086314385731	5730.718944663609	7535.664047193727	0.551751636077694	4193.11623956931
2578.292815469245	5729.0824738833435	7533.689451305104	0.5516837003110784	4191.22146066561
2579.4993165527585	5727.446003103078	7531.71476247221	0.5516157645444627	4189.326681761911
2580.7058176362725	5725.809532322812	7529.73998068848	0.5515481403127733	4187.43190285821
2581.9123187197865	5724.173061542545	7527.765105947353	0.5514806596255183	4185.537123954511
2583.1188198033005	5722.536590762279	7525.790138242264	0.5514131789382632	4183.64234505081
2584.3253208868146	5720.900119982012	7523.81507756665	0.5513456982510082	4181.747566147109
2585.531821970328	5719.263649201747	7521.839923913947	0.5512782175637533	4179.852787243411
2586.738323053842	5717.6271784214805	7519.864677277587	0.5512107368764982	4177.9580083397095
2587.944824137356	5715.990707641215	7517.889337651004	0.5511435549802076	4176.06322943601
2589.15132522087	5714.354236860949	7515.9139050276335	0.5510765262197684	4174.16845053231
2590.357826304384	5712.717766080682	7513.9383794009045	0.5510094974593293	4172.273671628609
2591.5643273878977	5711.081295300417	7511.962760764254	0.5509424686988901	4170.378892724911
2592.7708284714117	5709.44482452015	7509.987049111108	0.5508754399384509	4168.48411382121
2593.9773295549257	5707.808353739884	7508.011244434901	0.5508084111780117	4166.589334917509
2595.1838306384398	5706.1718829596175	7506.035346729059	0.5507416686293158	4164.694556013809
2596.3903317219538	5704.535412179352	7504.059355987016	0.5506750886698867	4162.799777110109
2597.5968328054673	5702.898941399086	7502.0832722022	0.5506085087104575	4160.90499820641
2598.8033338889813	5701.26247061882	7500.1070953680355	0.5505419287510284	4159.01021930271
2600.0098349724954	5699.625999838554	7498.130825477955	0.5504753487915992	4157.115440399009
2601.2163360560094	5697.989529058287	7496.154462525381	0.55040876883217	4155.220661495309
2602.422837139523	5696.353058278022	7494.178006503745	0.5503424626679663	4153.325882591609
2603.629338223037	5694.716587497756	7492.201457406468	0.5502763284102217	4151.43110368791
2604.835839306551	5693.0801167174905	7490.2248152269785	0.5502101941524771	4149.53632478421
2606.042340390065	5691.443645937224	7488.248079958697	0.5501440598947325	4147.641545880509
2607.248841473579	5689.807175156958	7486.2712515950525	0.5500779256369879	4145.746766976809
2608.4553425570925	5688.170704376692	7484.2943301294645	0.5500117913792433	4143.851988073109
2609.6618436406065	5686.534233596426	7482.317315555359	0.5499459186608999	4141.95720916941
2610.8683447241206	5684.89776281616	7480.340207866155	0.5498802270317437	4140.062430265709
2612.0748458076346	5683.261292035894	7478.363007055275	0.5498145354025874	4138.167651362009
2613.2813468911486	5681.6248212556275	7476.385713116138	0.549748843773431	4136.2728724583085
2614.487847974662	5679.988350475362	7474.408326042167	0.5496831521442749	4134.378093554609
2615.694349058176	5678.351879695096	7472.430845826781	0.5496174605151185	4132.483314650908
2616.90085014169	5676.715408914829	7470.453272463397	0.5495520183282471	4130.588535747209
2618.107351225204	5675.078938134563	7468.475605945437	0.54948676628056	4128.693756843509
2619.313852308718	5673.442467354297	7466.497846266316	0.5494215142328731	4126.7989779398085
2620.5203533922318	5671.805996574031	7464.51999341945	0.5493562621851861	4124.904199036109
2621.7268544757458	5670.169525793765	7462.542047398259	0.549291010137499	4123.009420132408
2622.93335555926	5668.5330550134995	7460.564008196155	0.5492257580898121	4121.114641228709
2624.139856642774	5666.896584233233	7458.585875806555	0.5491607435440402	4119.219862325008
2625.346357726288	5665.260113452967	7456.607650222875	0.5490959280564316	4117.325083421309
2626.5528588098014	5663.623642672701	7454.629331438527	0.549031112568823	4115.430304517608
2627.7593598933154	5661.987171892435	7452.650919446926	0.5489662970812145	4113.535525613908
2628.9658609768294	5660.350701112168	7450.672414241483	0.5489014815936059	4111.640746710208
2630.1723620603434	5658.714230331902	7448.69381581561	0.5488366661059972	4109.745967806508
2631.3788631438574	5657.0777595516365	7446.715124162722	0.5487720763347451	4107.851188902809
2632.585364227371	5655.441288771371	7444.736339276225	0.5487076944113068	4105.9564099991085
2633.791865310885	5653.804817991105	7442.757461149532	0.5486433124878686	4104.061631095408
2634.998366394399	5652.168347210838	7440.778489776051	0.5485789305644303	4102.166852191708
2636.204867477913	5650.531876430572	7438.7994251491955	0.548514548640992	4100.272073288008
2637.4113685614266	5648.895405650307	7436.820267262367	0.5484501667175538	4098.377294384308
2638.6178696449406	5647.258934870041	7434.8410161089805	0.5483859988778118	4096.4825154806085
2639.8243707284546	5645.622464089774	7432.861671682436	0.5483220475478735	4094.5877365769074
2641.0308718119686	5643.985993309509	7430.8822339761455	0.5482580962179352	4092.6929576732077
2642.2373728954826	5642.349522529243	7428.902702983513	0.548194144887997	4090.798178769507
2643.443873978996	5640.713051748977	7426.923078697943	0.5481301935580587	4088.9033998658083
2644.65037506251	5639.076580968711	7424.943361112842	0.5480662422281204	4087.0086209621077
2645.856876146024	5637.440110188444	7422.9635502216115	0.5480024935002294	4085.1138420584075
2647.063377229538	5635.803639408178	7420.9836460176575	0.5479389698181184	4083.219063154708
2648.2698783130522	5634.167168627911	7419.00364849438	0.5478754461360074	4081.324284251007
2649.476379396566	5632.5306978476465	7417.023557645185	0.5478119224538963	4079.4295053473083
2650.68288048008	5630.89422706738	7415.043373463471	0.5477483987717852	4077.5347264436073
2651.889381563594	5629.257756287114	7413.06309594264	0.5476848750896741	4075.6399475399066
2653.095882647108	5627.621285506848	7411.082725076092	0.5476215426771079	4073.745168636207
2654.302383730622	5625.984814726582	7409.102260857228	0.5475584437219085	4071.850389732507
2655.5088848141354	5624.348343946316	7407.121703279445	0.5474953447667092	4069.9556108288075
2656.7153858976494	5622.711873166049	7405.141052336141	0.54743224581151	4068.0608319251073
2657.9218869811634	5621.0754023857835	7403.160308020717	0.5473691468563107	4066.1660530214067
2659.1283880646774	5619.438931605518	7401.179470326568	0.5473060479011114	4064.271274117707
2660.3348891481915	5617.802460825251	7399.19853924709	0.5472431290302606	4062.3764952140073
2661.541390231705	5616.165990044985	7397.217514775681	0.5471804519055795	4060.481716310307
2662.747891315219	5614.529519264719	7395.236396905735	0.5471177747808984	4058.5869374066074
2663.954392398733	5612.893048484453	7393.255185630647	0.5470550976562172	4056.6921585029068
2665.160893482247	5611.256577704187	7391.273880943813	0.5469924205315361	4054.797379599207
2666.367394565761	5609.6201069239205	7389.292482838621	0.546929743406855	4052.9026006955064
2667.5738956492746	5607.9836361436555	7387.310991308471	0.5468672353268137	4051.0078217918062
2668.7803967327886	5606.347165363389	7385.329406346749	0.5468049771605427	4049.1130428881065
2669.9868978163026	5604.710694583124	7383.34772794685	0.5467427189942715	4047.218263984407
2671.1933988998167	5603.074223802857	7381.365956102163	0.5466804608280004	4045.323485080706
2672.3998999833307	5601.437753022591	7379.384090806082	0.5466182026617292	4043.428706177006
2673.6064010668442	5599.801282242325	7377.402132051992	0.5465559444954582	4041.5339272733063
2674.8129021503582	5598.164811462059	7375.420079833286	0.5464938444778119	4039.6391483696066
2676.0194032338723	5596.528340681793	7373.437934143351	0.546432002421898	4037.744369465906
2677.2259043173863	5594.891869901527	7371.455694975572	0.5463701603659842	4035.8495905622062
2678.4324054009	5593.255399121262	7369.473362323343	0.5463083183100704	4033.954811658507
2679.638906484414	5591.618928340995	7367.490936180044	0.5462464762541566	4032.0600327548063
2680.845407567928	5589.982457560729	7365.508416539063	0.5461846341982427	4030.1652538511057
2682.051908651442	5588.345986780462	7363.525803393786	0.5461229395368594	4028.270474947406
2683.258409734956	5586.709516000196	7361.543096737599	0.5460615107670744	4026.375696043706
2684.4649108184694	5585.0730452199305	7359.560296563884	0.5460000819972894	4024.480917140006
2685.6714119019834	5583.436574439665	7357.577402866025	0.5459386532275045	4022.5861382363064
2686.8779129854975	5581.800103659399	7355.594415637406	0.5458772244577195	4020.6913593326058
2688.0844140690115	5580.163632879132	7353.611334871406	0.5458157956879345	4018.796580428906
2689.2909151525255	5578.527162098866	7351.628160561412	0.545754503698616	4016.901801525206
2690.497416236039	5576.8906913186	7349.6448927008005	0.5456934854139063	4015.007022621506
2691.703917319553	5575.254220538334	7347.661531282954	0.5456324671291964	4013.1122437178055
2692.910418403067	5573.6177497580675	7345.678076301249	0.5455714488444867	4011.217464814106
2694.116919486581	5571.981278977802	7343.69452774907	0.545510430559777	4009.322685910405
2695.323420570095	5570.344808197536	7341.710885619792	0.5454494122750672	4007.427907006705
2696.5299216536087	5568.70833741727	7339.727149906794	0.5453885202863495	4005.5331281030053
2697.7364227371227	5567.071866637004	7337.743320603452	0.5453279096803914	4003.6383491993056
2698.9429238206367	5565.435395856738	7335.759397703143	0.5452672990744332	4001.743570295606
2700.1494249041507	5563.798925076471	7333.775381199243	0.545206688468475	3999.848791391905
2701.3559259876647	5562.162454296205	7331.791271085129	0.5451460778625168	3997.954012488205
2702.5624270711783	5560.5259835159395	7329.807067354173	0.5450854672565586	3996.0592335845054
2703.7689281546923	5558.889512735674	7327.8227699997515	0.5450249725662372	3994.1644546808056
2704.9754292382063	5557.272020321924	7325.8349990877905	0.5449647667372004	3992.3515937095312
2706.1819303217203	5555.766071796668	7323.827329955775	0.5449045609081636	3991.0201990811206
2707.3884314052343	5554.260123271413	7321.819673139185	0.5448443550791268	3989.68880445271
2708.594932488748	5552.754174746157	7319.812028637908	0.54478414925009	3988.3574098243
2709.801433572262	5551.248226220901	7317.804396451827	0.5447239434210532	3987.026015195889
2711.007934655776	5549.742277695646	7315.796776580835	0.5446638432269161	3985.694620567479
2712.21443573929	5548.2363291703905	7313.789169024812	0.5446040391348229	3984.363225939068
2713.4209368228035	5546.7303806451355	7311.781573783648	0.5445442350427298	3983.031831310658
2714.6274379063175	5545.22443211988	7309.773990857229	0.5444844309506365	3981.700436682247
2715.8339389898315	5543.718483594624	7307.7664202454425	0.5444246268585433	3980.369042053837
2717.0404400733455	5542.212535069369	7305.758861948174	0.54436482276645	3979.0376474254263
2718.2469411568595	5540.706586544113	7303.751315965313	0.5443051141503413	3977.706252797015
2719.453442240373	5539.200638018858	7301.743782296742	0.5442457086692369	3976.3748581686054
2720.659943323887	5537.694689493602	7299.73626094235	0.5441863031881325	3975.0434635401944
2721.866444407401	5536.188740968347	7297.728751902024	0.5441268977070283	3973.712068911784
2723.072945490915	5534.682792443091	7295.721255175649	0.5440674922259239	3972.3806742833735
2724.279446574429	5533.176843917835	7293.713770763113	0.5440080867448195	3971.049279654963
2725.4859476579427	5531.67089539258	7291.706298664303	0.5439487667165628	3969.7178850265527
2726.6924487414567	5530.164946867324	7289.698838879105	0.5438897566711411	3968.386490398142
2727.8989498249707	5528.658998342069	7287.691391407407	0.5438307466257195	3967.0550957697315
2729.1054509084847	5527.153049816813	7285.683956249093	0.5437717365802979	3965.7237011413213
2730.3119519919987	5525.647101291556	7283.67653340405	0.5437127265348762	3964.39230651291
2731.5184530755123	5524.141152766302	7281.669122872169	0.5436537164894546	3963.0609118845005
2732.7249541590263	5522.635204241046	7279.661724653334	0.5435947820174072	3961.7295172560894
2733.9314552425403	5521.129255715791	7277.65433874743	0.5435361642059362	3960.398122627679
2735.1379563260543	5519.623307190534	7275.646965154345	0.5434775463944652	3959.0667279992686
2736.3444574095683	5518.1173586652785	7273.639603873966	0.5434189285829943	3957.7353333708575
2737.550958493082	5516.611410140024	7271.632254906181	0.5433603107715234	3956.4039387424477
2738.757459576596	5515.1054616147685	7269.6249182508745	0.5433016929600525	3955.0725441140366
2739.96396066011	5513.599513089513	7267.617593907933	0.5432431409917988	3953.7411494856265
2741.170461743624	5512.093564564257	7265.610281877245	0.5431849122085491	3952.409754857216
2742.376962827138	5510.587616039002	7263.602982158696	0.5431266834252995	3951.078360228805
2743.5834639106515	5509.081667513747	7261.595694752175	0.5430684546420498	3949.746965600395
2744.7899649941655	5507.57571898849	7259.588419657564	0.5430102258588001	3948.4155709719844
2745.9964660776795	5506.069770463235	7257.581156874756	0.5429519970755504	3947.0841763435737
2747.2029671611936	5504.563821937979	7255.5739064036325	0.5428938245594186	3945.7527817151636
2748.409468244707	5503.057873412725	7253.566668244083	0.5428359816252477	3944.421387086753
2749.615969328221	5501.551924887468	7251.559442395992	0.5427781386910767	3943.0899924583427
2750.822470411735	5500.045976362212	7249.552228859248	0.5427202957569057	3941.7585978299317
2752.028971495249	5498.540027836957	7247.545027633738	0.5426624528227348	3940.427203201521
2753.235472578763	5497.034079311701	7245.537838719348	0.5426046098885638	3939.095808573111
2754.4419736622767	5495.528130786446	7243.530662115964	0.5425468137980617	3937.7644139447
2755.6484747457907	5494.02218226119	7241.523497823474	0.5424893535641815	3936.43301931629
2756.8549758293047	5492.516233735935	7239.516345841765	0.5424318933303014	3935.101624687879
2758.0614769128188	5491.010285210679	7237.509206170722	0.5423744330964213	3933.7702300594688
2759.267977996333	5489.504336685423	7235.502078810233	0.5423169728625411	3932.438835431058
2760.4744790798463	5487.998388160168	7233.494963760184	0.542259512628661	3931.107440802648
2761.6809801633603	5486.492439634912	7231.487861020462	0.5422020899652212	3929.7760461742373
2762.8874812468744	5484.986491109657	7229.480770590955	0.542145009310203	3928.4446515458267
2764.0939823303884	5483.4805425844015	7227.473692471548	0.5420879286551847	3927.113256917416
2765.3004834139024	5481.974594059146	7225.466626662129	0.5420308480001665	3925.781862289006
2766.506984497416	5480.468645533891	7223.459573162585	0.5419737673451483	3924.450467660595
2767.71348558093	5478.962697008635	7221.452531972801	0.54191668669013	3923.119073032185
2768.919986664444	5477.45674848338	7219.445503092665	0.5418596344799161	3921.7876784037744
2770.126487747958	5475.950799958124	7217.438486522062	0.5418029303003485	3920.4562837753633
2771.332988831472	5474.444851432868	7215.43148226088	0.5417462261207809	3919.124889146953
2772.5394899149856	5472.938902907613	7213.424490309008	0.5416895219412134	3917.7934945185425
2773.7459909984996	5471.432954382357	7211.4175106663315	0.5416328177616458	3916.4620998901323
2774.9524920820136	5469.927005857102	7209.410543332735	0.5415761135820782	3915.1307052617217
2776.1589931655276	5468.421057331845	7207.403588308106	0.541519428868441	3913.799310633311
2777.3654942490416	5466.91510880659	7205.396645592332	0.541463098087288	3912.4679160049004
2778.571995332555	5465.409160281335	7203.389715185302	0.5414067673061351	3911.1365213764902
2779.778496416069	5463.903211756079	7201.3827970869	0.5413504365249822	3909.8051267480796
2780.984997499583	5462.397263230823	7199.375891297012	0.5412941057438293	3908.4737321196694
2782.191498583097	5460.891314705567	7197.368997815525	0.5412377749626763	3907.1423374912583
2783.397999666611	5459.385366180312	7195.362116642329	0.5411814548135729	3905.810942862848
2784.6045007501248	5457.879417655057	7193.355247777308	0.5411254943831227	3904.4795482344375
2785.811001833639	5456.373469129801	7191.348391220349	0.5410695339526725	3903.1481536060273
2787.017502917153	5454.8675206045455	7189.341546971339	0.5410135735222225	3901.8167589776167
2788.224004000667	5453.3615720792895	7187.334715030166	0.5409576130917723	3900.4853643492056
2789.4305050841804	5451.855623554035	7185.3278953967165	0.5409016526613221	3899.153969720796
2790.6370061676944	5450.349675028779	7183.321088070875	0.5408456941719715	3897.822575092385
2791.8435072512084	5448.843726503524	7181.314293052529	0.5407901010735185	3896.4911804639746
2793.0500083347224	5447.337777978268	7179.307510341567	0.5407345079750655	3895.159785835564
2794.2565094182364	5445.831829453012	7177.300739937875	0.5406789148766126	3893.8283912071533
2795.46301050175	5444.325880927757	7175.29398184134	0.5406233217781596	3892.496996578743
2796.669511585264	5442.819932402501	7173.287236051848	0.5405677286797066	3891.1656019503325
2797.876012668778	5441.313983877246	7171.280502569285	0.5405121355812537	3889.834207321922
2799.082513752292	5439.80803535199	7169.273781393541	0.5404569002158324	3888.5028126935117
2800.289014835806	5438.302086826734	7167.267072524499	0.5404016714593631	3887.1714180651006
2801.4955159193196	5436.796138301479	7165.260375962049	0.5403464427028939	3885.840023436691
2802.7020170028336	5435.290189776223	7163.253691706075	0.5402912139464247	3884.50862880828
2803.9085180863476	5433.784241250968	7161.247019756466	0.5402359851899554	3883.177234179869
2805.1150191698616	5432.278292725712	7159.240360113108	0.5401807564334861	3881.845839551459
2806.3215202533756	5430.772344200457	7157.2337127758865	0.5401258740372598	3880.514444923048
2807.528021336889	5429.266395675201	7155.227077744691	0.5400710066611422	3879.183050294638
2808.734522420403	5427.760447149945	7153.2204550194065	0.5400161392850245	3877.851655666227
2809.941023503917	5426.25449862469	7151.21384459992	0.5399612719089069	3876.520261037817
2811.1475245874312	5424.748550099434	7149.207246486118	0.5399064045327892	3875.1888664094063
2812.3540256709452	5423.2426015741785	7147.200660677887	0.5398515371566716	3873.8574717809956
2813.560526754459	5421.7366530489235	7145.194087175116	0.5397970049330026	3872.5260771525855
2814.767027837973	5420.230704523668	7143.187525977689	0.5397424960036784	3871.194682524175
2815.973528921487	5418.724755998413	7141.180977085496	0.5396879870743543	3869.863287895764
2817.180030005001	5417.218807473156	7139.174440498419	0.5396334781450302	3868.531893267354
2818.386531088515	5415.712858947901	7137.167916216351	0.539578969215706	3867.200498638943
2819.5930321720284	5414.206910422646	7135.161404239175	0.5395244602863819	3865.869104010533
2820.7995332555424	5412.700961897391	7133.154904566776	0.5394702754644578	3864.537709382122
2822.0060343390564	5411.195013372134	7131.148417199045	0.53941612207614	3863.206314753712
2823.2125354225705	5409.689064846878	7129.141942135867	0.5393619686878223	3861.8749201253013
2824.419036506084	5408.183116321624	7127.135479377129	0.5393078152995044	3860.543525496891
2825.625537589598	5406.677167796368	7125.129028922717	0.5392536619111867	3859.2121308684805
2826.832038673112	5405.171219271112	7123.1225907725175	0.5391995085228689	3857.8807362400694
2828.038539756626	5403.665270745856	7121.116164926419	0.5391456683574299	3856.549341611659
2829.24504084014	5402.1593222206	7119.109751384309	0.5390918676318023	3855.2179469832486
2830.4515419236536	5400.653373695346	7117.103350146072	0.5390380669061747	3853.8865523548384
2831.6580430071676	5399.147425170089	7115.096961211595	0.5389842661805471	3852.5551577264278
2832.8645440906816	5397.641476644834	7113.090584580766	0.5389304654549194	3851.223763098017
2834.0710451741957	5396.135528119578	7111.084220253471	0.5388766647292917	3849.8923684696065
2835.2775462577097	5394.629579594322	7109.077868229598	0.5388231665003625	3848.5609738411963
2836.4840473412232	5393.123631069067	7107.071528509034	0.5387697155862835	3847.2295792127857
2837.6905484247372	5391.6176825438115	7105.065201091663	0.5387162646722042	3845.8981845843755
2838.8970495082513	5390.1117340185565	7103.058885977374	0.5386628137581251	3844.5667899559644
2840.1035505917653	5388.605785493301	7101.052583166053	0.5386093628440459	3843.2353953275538
2841.3100516752793	5387.099836968046	7099.046292657589	0.5385559119299668	3841.9040006991436
2842.516552758793	5385.59388844279	7097.040014451866	0.5385027529425896	3840.572606070733
2843.723053842307	5384.087939917534	7095.033748548774	0.5384496490157977	3839.2412114423228
2844.929554925821	5382.581991392279	7093.0274949481955	0.5383965450890059	3837.9098168139117
2846.136056009335	5381.076042867023	7091.02125365002	0.538343441162214	3836.5784221855015
2847.342557092849	5379.570094341768	7089.015024654135	0.5382903372354222	3835.247027557091
2848.5490581763625	5378.064145816512	7087.008807960427	0.5382372333086304	3833.9156329286807
2849.7555592598765	5376.558197291256	7085.0026035687815	0.5381844108926032	3832.58423830027
2850.9620603433905	5375.052248766001	7082.996411479086	0.5381316511554298	3831.2528436718594
2852.1685614269045	5373.546300240745	7080.990231691228	0.5380788914182564	3829.921449043449
2853.3750625104185	5372.040351715489	7078.984064205091	0.5380261316810829	3828.5900544150386
2854.581563593932	5370.534403190234	7076.977909020568	0.5379733719439096	3827.258659786628
2855.788064677446	5369.028454664979	7074.971766137542	0.5379206122067361	3825.9272651582173
2856.99456576096	5367.522506139723	7072.9656355559	0.5378681237163534	3824.5958705298067
2858.201066844474	5366.016557614466	7070.959517275528	0.5378157053974357	3823.264475901396
2859.4075679279877	5364.510609089212	7068.9534112963165	0.5377632870785181	3821.9330812729863
2860.6140690115017	5363.004660563956	7066.947317618148	0.5377108687596004	3820.6016866445752
2861.8205700950157	5361.498712038701	7064.941236240912	0.5376584504406828	3819.270292016165
2863.0270711785297	5359.9927635134445	7062.935167164494	0.5376060321217652	3817.938897387754
2864.2335722620437	5358.486814988189	7060.929110388783	0.5375538749355586	3816.607502759344
2865.4400733455573	5356.9808664629345	7058.923065913664	0.537501795289555	3815.2761081309336
2866.6465744290713	5355.474917937679	7056.917033739023	0.5374497156435513	3813.944713502523
2867.8530755125853	5353.968969412423	7054.9110138647475	0.5373976359975475	3812.6133188741123
2869.0595765960993	5352.463020887167	7052.905006290726	0.5373455563515438	3811.2819242457017
2870.2660776796133	5350.957072361912	7050.899011016844	0.5372934767055401	3809.950529617291
2871.472578763127	5349.451123836657	7048.893028042992	0.5372416482260277	3808.6191349888813
2872.679079846641	5347.9451753114	7046.88705736905	0.5371899045333408	3807.2877403604703
2873.885580930155	5346.439226786145	7044.88109899491	0.5371381608406539	3805.95634573206
2875.092082013669	5344.933278260889	7042.875152920456	0.5370864171479669	3804.624951103649
2876.298583097183	5343.427329735634	7040.869219145577	0.53703467345528	3803.2935564752383
2877.5050841806965	5341.921381210378	7038.863297670159	0.5369829297625931	3801.9621618468286
2878.7115852642105	5340.415432685122	7036.857388494089	0.5369314274160261	3800.6307672184175
2879.9180863477245	5338.909484159867	7034.8514916172535	0.5368800169825241	3799.2993725900074
2881.1245874312385	5337.403535634611	7032.84560703954	0.5368286065490222	3797.9679779615963
2882.3310885147525	5335.897587109356	7030.839734760834	0.5367771961155202	3796.636583333186
2883.537589598266	5334.3916385841	7028.833874781025	0.5367257856820183	3795.305188704776
2884.74409068178	5332.885690058845	7026.8280270999985	0.5366743752485164	3793.9737940763653
2885.950591765294	5331.379741533589	7024.8221917176415	0.5366231964846319	3792.6423994479546
2887.157092848808	5329.873793008333	7022.816368633839	0.5365721166413776	3791.311004819544
2888.363593932322	5328.367844483078	7020.810557848481	0.5365210367981235	3789.9796101911334
2889.5700950158357	5326.8618959578225	7018.804759361452	0.5364699569548692	3788.6482155627236
2890.7765960993497	5325.3559474325675	7016.79897317264	0.5364188771116151	3787.3168209343125
2891.9830971828637	5323.849998907312	7014.793199281933	0.5363677972683608	3785.985426305902
2893.1895982663777	5322.344050382056	7012.787437689215	0.5363169395601359	3784.6540316774913
2894.3960993498918	5320.838101856801	7010.781688394375	0.536266187663115	3783.3226370490806
2895.6026004334053	5319.332153331545	7008.7759513973	0.536215435766094	3781.991242420671
2896.8091015169193	5317.82620480629	7006.770226697875	0.536164683869073	3780.65984779226
2898.0156026004333	5316.320256281034	7004.764514295989	0.536113931972052	3779.3284531638496
2899.2221036839474	5314.814307755778	7002.758814191529	0.5360631800750311	3777.9970585354386
2900.428604767461	5313.308359230523	7000.75312638438	0.5360126409184407	3776.665663907029
2901.635105850975	5311.802410705267	6998.74745087443	0.5359622143482952	3775.334269278618
2902.841606934489	5310.296462180012	6996.7417876615655	0.5359117877781496	3774.0028746502076
2904.048108018003	5308.790513654755	6994.736136745673	0.5358613612080042	3772.671480021797
2905.254609101517	5307.2845651295	6992.7304981266425	0.5358109346378587	3771.3400853933863
2906.4611101850305	5305.778616604245	6990.7248718043575	0.5357605080677132	3770.008690764976
2907.6676112685445	5304.272668078989	6988.7192577787055	0.53571028498149	3768.677296136566
2908.8741123520585	5302.766719553733	6986.713656049573	0.5356601811432559	3767.345901508155
2910.0806134355726	5301.260771028477	6984.708066616849	0.5356100773050216	3766.014506879744
2911.2871145190866	5299.754822503222	6982.702489480419	0.5355599734667875	3764.6831122513336
2912.4936156026	5298.248873977967	6980.696924640172	0.5355098696285534	3763.3517176229234
2913.700116686114	5296.7429254527115	6978.691372095991	0.5354597657903193	3762.020322994513
2914.906617769628	5295.2369769274555	6976.685831847763	0.5354098563157167	3760.688928366102
2916.113118853142	5293.7310284022	6974.68030389538	0.535360072638562	3759.357533737692
2917.319619936656	5292.225079876945	6972.674788238724	0.5353102889614072	3758.026139109281
2918.5261210201697	5290.71913135169	6970.669284877687	0.5352605052842525	3756.694744480871
2919.7326221036838	5289.213182826434	6968.663793812149	0.5352107216070977	3755.3633498524605
2920.9391231871978	5287.707234301178	6966.658315042002	0.535160937929943	3754.03195522405
2922.145624270712	5286.201285775922	6964.6528485671315	0.5351113396305006	3752.700560595639
2923.352125354226	5284.695337250667	6962.647394387424	0.5350618735674676	3751.3691659672286
2924.5586264377393	5283.189388725411	6960.641952502767	0.5350124075044345	3750.0377713388184
2925.7651275212534	5281.683440200156	6958.636522913047	0.5349629414414014	3748.706376710408
2926.9716286047674	5280.1774916749	6956.631105618153	0.5349134753783684	3747.374982081997
2928.1781296882814	5278.671543149644	6954.625700617969	0.5348640093153354	3746.0435874535865
2929.3846307717954	5277.165594624389	6952.620307912383	0.5348147197766473	3744.7121928251763
2930.591131855309	5275.659646099133	6950.614927501282	0.5347655688043993	3743.3807981967657
2931.797632938823	5274.153697573878	6948.609559384553	0.5347164178321514	3742.0494035683555
2933.004134022337	5272.647749048622	6946.604203562083	0.5346672668599034	3740.7180089399444
2934.210635105851	5271.141800523366	6944.598860033759	0.5346181158876554	3739.3866143115342
2935.4171361893646	5269.635851998111	6942.593528799468	0.5345689649154074	3738.0552196831236
2936.6236372728786	5268.129903472855	6940.588209859096	0.5345199817448931	3736.7238250547134
2937.8301383563926	5266.6239549476	6938.582903212531	0.5344711433634614	3735.392430426303
2939.0366394399066	5265.1180064223445	6936.57760885966	0.5344223049820297	3734.061035797892
2940.2431405234206	5263.612057897089	6934.572326800369	0.5343734666005979	3732.7296411694815
2941.449641606934	5262.106109371834	6932.567057034546	0.5343246282191663	3731.3982465410713
2942.656142690448	5260.600160846578	6930.561799562078	0.5342757898377345	3730.0668519126607
2943.862643773962	5259.094212321323	6928.556554382851	0.5342271106644121	3728.73545728425
2945.069144857476	5257.588263796067	6926.551321496751	0.5341785823969485	3727.4040626558394
2946.27564594099	5256.082315270811	6924.546100903668	0.5341300541294849	3726.072668027429
2947.482147024504	5254.576366745556	6922.540892603489	0.5340815258620213	3724.7412733990186
2948.688648108018	5253.0704182203	6920.535696596096	0.5340329975945577	3723.409878770608
2949.895149191532	5251.564469695044	6918.53051288138	0.533984469327094	3722.078484142198
2951.101650275046	5250.058521169788	6916.525341459228	0.5339360918013568	3720.7470895137867
2952.30815135856	5248.552572644533	6914.520182329526	0.5338878711938868	3719.4156948853765
2953.5146524420734	5247.046624119278	6912.515035492162	0.5338396505864169	3718.0843002569663
2954.7211535255874	5245.540675594023	6910.509900947021	0.533791429978947	3716.7529056285557
2955.9276546091014	5244.034727068766	6908.50477869399	0.533743209371477	3715.421511000145
2957.1341556926154	5242.52877854351	6906.4996687329585	0.5336949887640071	3714.0901163717344
2958.3406567761294	5241.022830018255	6904.494571063812	0.5336469105574014	3712.758721743324
2959.547157859643	5239.516881492999	6902.489485686437	0.5335989951785821	3711.427327114914
2960.753658943157	5238.010932967744	6900.484412600722	0.5335510797997628	3710.095932486503
2961.960160026671	5236.504984442488	6898.479351806552	0.5335031644209434	3708.7645378580924
2963.166661110185	5234.9990359172325	6896.474303303815	0.533455249042124	3707.4331432296817
2964.373162193699	5233.4930873919775	6894.469267092398	0.5334073336633047	3706.101748601271
2965.5796632772126	5231.987138866722	6892.464243172188	0.5333595524683117	3704.7703539728614
2966.7861643607266	5230.481190341467	6890.459231543071	0.5333119399091909	3703.4389593444503
2967.9926654442406	5228.975241816211	6888.454232204936	0.5332643273500701	3702.10756471604
2969.1991665277546	5227.469293290956	6886.449245157668	0.5332167147909493	3700.776170087629
2970.405667611268	5225.9633447657	6884.444270401155	0.5331691022318286	3699.4447754592193
2971.612168694782	5224.457396240444	6882.439307935283	0.5331214896727077	3698.1133808308086
2972.818669778296	5222.951447715189	6880.434357759941	0.5330740032025263	3696.781986202398
2974.0251708618102	5221.445499189933	6878.429419875014	0.5330266910763055	3695.4505915739874
2975.2316719453243	5219.939550664678	6876.424494280391	0.5329793789500846	3694.1191969455767
2976.438173028838	5218.433602139422	6874.419580975957	0.5329320668238638	3692.7878023171666
2977.644674112352	5216.927653614166	6872.414679961599	0.5328847546976431	3691.4564076887564
2978.851175195866	5215.421705088911	6870.409791237204	0.5328374425714223	3690.1250130603453
2980.05767627938	5213.915756563655	6868.404914802662	0.5327902485597555	3688.7936184319346
2981.264177362894	5212.4098080384	6866.400050657855	0.5327432345015564	3687.462223803524
2982.4706784464074	5210.903859513144	6864.395198802676	0.5326962204433572	3686.130829175114
2983.6771795299214	5209.397910987889	6862.390359237007	0.5326492063851579	3684.7994345467037
2984.8836806134354	5207.891962462633	6860.3855319607355	0.5326021923269587	3683.4680399182926
2986.0901816969495	5206.386013937377	6858.380716973751	0.5325551782687595	3682.1366452898824
2987.2966827804635	5204.880065412121	6856.375914275937	0.5325082744696034	3680.8052506614713
2988.503183863977	5203.374116886866	6854.371123867187	0.532461556136234	3679.4738560330616
2989.709684947491	5201.868168361611	6852.366345747382	0.5324148378028647	3678.142461404651
2990.916186031005	5200.3622198363555	6850.361579916409	0.5323681194694954	3676.8110667762403
2992.122687114519	5198.856271311099	6848.356826374157	0.532321401136126	3675.4796721478297
2993.329188198033	5197.350322785844	6846.352085120514	0.5322746828027567	3674.1482775194186
2994.5356892815466	5195.844374260589	6844.3473561553665	0.5322280669901902	3672.816882891009
2995.7421903650607	5194.338425735334	6842.3426394786	0.5321816420599175	3671.4854882625987
2996.9486914485747	5192.832477210077	6840.3379350901005	0.5321352171296448	3670.1540936341876
2998.1551925320887	5191.326528684821	6838.333242989758	0.5320887921993722	3668.822699005777
2999.3616936156027	5189.820580159566	6836.328563177459	0.5320423672690995	3667.4913043773663
3000.5681946991162	5188.314631634311	6834.3238956530895	0.5319959423388269	3666.159909748956
3001.7746957826303	5186.808683109055	6832.319240416536	0.5319496123068055	3664.828515120546
3002.9811968661443	5185.302734583799	6830.314597467687	0.5319034784791282	3663.497120492135
3004.1876979496583	5183.796786058544	6828.30996680643	0.531857344651451	3662.1657258637247
3005.3941990331723	5182.290837533288	6826.305348432648	0.5318112108237738	3660.8343312353136
3006.600700116686	5180.784889008032	6824.300742346233	0.5317650769960965	3659.502936606904
3007.8072012002	5179.278940482777	6822.2961485470705	0.5317189431684193	3658.171541978493
3009.013702283714	5177.772991957521	6820.291567035046	0.531672896730571	3656.840147350082
3010.220203367228	5176.267043432266	6818.286997810048	0.5316270517259962	3655.508752721672
3011.4267044507415	5174.76109490701	6816.282440871963	0.5315812067214214	3654.177358093262
3012.6332055342555	5173.2551463817545	6814.277896220678	0.5315353617168466	3652.845963464851
3013.8397066177695	5171.749197856499	6812.273363856079	0.5314895167122716	3651.514568836441
3015.0462077012835	5170.2432493312435	6810.268843778055	0.5314436717076968	3650.18317420803
3016.2527087847975	5168.7373008059885	6808.264335986494	0.5313979066971197	3648.8517795796192
3017.459209868311	5167.231352280733	6806.259840481279	0.5313523482569406	3647.520384951209
3018.665710951825	5165.725403755478	6804.2553572623	0.5313067898167615	3646.1889903227984
3019.872212035339	5164.219455230222	6802.250886329442	0.5312612313765823	3644.8575956943882
3021.078713118853	5162.713506704966	6800.246427682596	0.5312156729364033	3643.526201065977
3022.285214202367	5161.207558179711	6798.241981321645	0.5311701144962241	3642.194806437567
3023.4917152858807	5159.701609654455	6796.237547246477	0.5311246287652861	3640.8634118091563
3024.6982163693947	5158.1956611292	6794.23312545698	0.5310793546513647	3639.532017180746
3025.9047174529087	5156.689712603944	6792.22871595304	0.5310340805374433	3638.2006225523355
3027.1112185364227	5155.183764078688	6790.224318734545	0.5309888064235219	3636.869227923925
3028.3177196199367	5153.677815553432	6788.21993380138	0.5309435323096005	3635.5378332955142
3029.5242207034503	5152.171867028177	6786.215561153436	0.530898258195679	3634.206438667104
3030.7307217869643	5150.665918502922	6784.211200790598	0.5308530496158209	3632.8750440386934
3031.9372228704783	5149.159969977666	6782.206852712751	0.5308080576103715	3631.543649410283
3033.1437239539923	5147.65402145241	6780.202516919784	0.530763065604922	3630.212254781872
3034.3502250375063	5146.148072927154	6778.198193411584	0.5307180735994725	3628.8808601534615
3035.55672612102	5144.642124401899	6776.19388218804	0.530673081594023	3627.5494655250513
3036.763227204534	5143.136175876644	6774.189583249035	0.5306280895885735	3626.2180708966407
3037.969728288048	5141.6302273513875	6772.185296594459	0.5305831560501137	3624.8866762682305
3039.176229371562	5140.1242788261325	6770.1810222241975	0.5305384439554884	3623.5552816398194
3040.382730455076	5138.618330300877	6768.176760138138	0.530493731860863	3622.2238870114093
3041.5892315385895	5137.1123817756215	6766.172510336169	0.5304490197662377	3620.8924923829986
3042.7957326221035	5135.606433250366	6764.168272818175	0.5304043076716123	3619.5610977545884
3044.0022337056175	5134.10048472511	6762.164047584046	0.530359595576987	3618.229703126178
3045.2087347891315	5132.594536199855	6760.159834633666	0.5303149349889276	3616.8983084977667
3046.415235872645	5131.0885876746	6758.155633966925	0.5302705006274062	3615.566913869357
3047.621736956159	5129.582639149343	6756.151445583706	0.5302260662658849	3614.235519240946
3048.828238039673	5128.076690624088	6754.1472694839	0.5301816319043634	3612.9041246125357
3050.034739123187	5126.570742098832	6752.143105667394	0.530137197542842	3611.572729984125
3051.241240206701	5125.064793573577	6750.138954134073	0.5300927631813207	3610.2413353557145
3052.4477412902147	5123.558845048321	6748.134814883825	0.5300483734711572	3608.9099407273043
3053.6542423737287	5122.052896523066	6746.130687916536	0.5300042146847384	3607.5785460988936
3054.8607434572427	5120.54694799781	6744.126573232095	0.5299600558983194	3606.247151470483
3056.0672445407567	5119.040999472554	6742.122470830388	0.5299158971119005	3604.915756842073
3057.2737456242708	5117.535050947299	6740.118380711302	0.5298717383254816	3603.5843622136617
3058.4802467077843	5116.029102422043	6738.1143028747265	0.5298275795390627	3602.252967585252
3059.6867477912983	5114.523153896788	6736.110237320545	0.5297834586525951	3600.921572956841
3060.8932488748123	5113.017205371532	6734.1061840486445	0.5297395733027896	3599.5901783284307
3062.0997499583264	5111.511256846276	6732.102143058915	0.5296956879529843	3598.25878370002
3063.3062510418404	5110.005308321021	6730.098114351241	0.5296518026031789	3596.9273890716095
3064.512752125354	5108.4993597957655	6728.094097925513	0.5296079172533735	3595.5959944431993
3065.719253208868	5106.9934112705105	6726.090093781615	0.5295640319035682	3594.2645998147887
3066.925754292382	5105.487462745255	6724.086101919434	0.5295201778047144	3592.933205186378
3068.132255375896	5103.98151422	6722.082122338858	0.5294765637723424	3591.6018105579674
3069.33875645941	5102.475565694743	6720.078155039774	0.5294329497399705	3590.2704159295567
3070.5452575429235	5100.969617169488	6718.074200022072	0.5293893357075986	3588.9390213011466
3071.7517586264375	5099.463668644233	6716.070257285634	0.5293457216752266	3587.607626672736
3072.9582597099516	5097.957720118977	6714.066326830351	0.5293021076428547	3586.2762320443253
3074.1647607934656	5096.451771593721	6712.062408656106	0.529258518313466	3584.944837415915
3075.3712618769796	5094.945823068465	6710.058502762789	0.5292151734984537	3583.613442787504
3076.577762960493	5093.43987454321	6708.05460915029	0.5291718286834414	3582.2820481590943
3077.784264044007	5091.933926017955	6706.0507278184905	0.529128483868429	3580.950653530683
3078.990765127521	5090.427977492698	6704.046858767279	0.5290851390534166	3579.619258902273
3080.197266211035	5088.922028967443	6702.043001996546	0.5290417942384043	3578.2878642738624
3081.4037672945487	5087.416080442188	6700.039157506176	0.5289984676780821	3576.956469645452
3082.6102683780628	5085.910131916933	6698.035325296055	0.5289553899992642	3575.6250750170416
3083.8167694615768	5084.404183391676	6696.031505366071	0.5289123123204461	3574.2936803886305
3085.023270545091	5082.89823486642	6694.027697716112	0.528869234641628	3572.9622857602203
3086.229771628605	5081.392286341165	6692.023902346066	0.52882615696281	3571.6308911318097
3087.4362727121184	5079.88633781591	6690.020119255819	0.528783079283992	3570.2994965033995
3088.6427737956324	5078.380389290654	6688.016348445255	0.5287400135099088	3568.968101874989
3089.8492748791464	5076.8744407653985	6686.012589914266	0.528697200904831	3567.636707246578
3091.0557759626604	5075.368492240143	6684.008843662737	0.5286543882997532	3566.3053126181676
3092.2622770461744	5073.862543714888	6682.0051096905545	0.5286115756946753	3564.9739179897574
3093.468778129688	5072.356595189632	6680.001387997608	0.5285687630895974	3563.642523361347
3094.675279213202	5070.850646664377	6677.9976785837825	0.5285259504845196	3562.3111287329366
3095.881780296716	5069.344698139121	6675.993981448964	0.5284831435312398	3560.9797341045255
3097.08828138023	5067.838749613865	6673.990296593043	0.528440593955964	3559.648339476115
3098.294782463744	5066.33280108861	6671.986624015905	0.5283980443806882	3558.3169448477047
3099.5012835472576	5064.826852563354	6669.982963717437	0.5283554948054123	3556.9855502192945
3100.7077846307716	5063.320904038099	6667.9793156975265	0.5283129452301365	3555.654155590884
3101.9142857142856	5061.814955512843	6665.975679956059	0.5282703956548607	3554.3227609624732
3103.1207867977996	5060.309006987588	6663.972056492923	0.5282278460795848	3552.9913663340626
3104.3272878813136	5058.803058462332	6661.968445308006	0.5281855570030768	3551.659971705652
3105.533788964827	5057.297109937076	6659.964846401196	0.5281432684319896	3550.328577077242
3106.740290048341	5055.791161411821	6657.961259772378	0.5281009798609023	3548.997182448831
3107.946791131855	5054.285212886565	6655.957685421439	0.5280586912898151	3547.6657878204205
3109.153292215369	5052.77926436131	6653.954123348268	0.5280164027187277	3546.33439319201
3110.3597932988832	5051.273315836054	6651.950573552751	0.5279741141476405	3545.0029985635997
3111.566294382397	5049.767367310798	6649.947036034776	0.5279320780050571	3543.671603935189
3112.772795465911	5048.261418785543	6647.943510794229	0.5278900484306783	3542.340209306779
3113.979296549425	5046.755470260287	6645.939997830998	0.5278480188562996	3541.0088146783683
3115.185797632939	5045.249521735032	6643.93649714497	0.5278059892819208	3539.6774200499576
3116.3922987164524	5043.7435732097765	6641.933008736032	0.5277639597075421	3538.3460254215474
3117.5987997999664	5042.2376246845215	6639.929532604072	0.5277219301331633	3537.014630793137
3118.8053008834804	5040.731676159266	6637.926068748975	0.5276801450281411	3535.683236164726
3120.0118019669944	5039.22572763401	6635.92261717063	0.5276383724609375	3534.3518415363155
3121.2183030505084	5037.719779108754	6633.919177868923	0.5275965998937339	3533.020446907905
3122.424804134022	5036.213830583499	6631.915750843743	0.5275548273265303	3531.6890522794947
3123.631305217536	5034.707882058244	6629.912336094975	0.5275130547593266	3530.357657651084
3124.83780630105	5033.201933532988	6627.908933622508	0.5274712821921231	3529.0262630226734
3126.044307384564	5031.695985007731	6625.905543426226	0.5274297462448108	3527.6948683942633
3127.250808468078	5030.190036482476	6623.902165506021	0.5273882287130087	3526.363473765852
3128.4573095515916	5028.684087957221	6621.898799861779	0.5273467111812068	3525.0320791374425
3129.6638106351056	5027.178139431966	6619.895446493382	0.5273051936494048	3523.7006845090314
3130.8703117186196	5025.672190906709	6617.892105400722	0.5272636761176028	3522.369289880621
3132.0768128021336	5024.166242381454	6615.888776583685	0.5272221585858008	3521.0378952522105
3133.2833138856477	5022.660293856198	6613.88546004216	0.5271808699326935	3519.7065006237995
3134.489814969161	5021.154345330942	6611.882155776032	0.5271396054820966	3518.3751059953897
3135.6963160526752	5019.648396805687	6609.8788637851885	0.5270983410314998	3517.0437113669786
3136.9028171361892	5018.142448280431	6607.875584069517	0.527057076580903	3515.7123167385685
3138.1093182197033	5016.636499755176	6605.872316628904	0.527015812130306	3514.380922110158
3139.3158193032173	5015.1305512299205	6603.869061463236	0.5269745476797092	3513.049527481747
3140.522320386731	5013.6246027046645	6601.865818572402	0.5269335044734839	3511.7181328533375
3141.728821470245	5012.1186541794095	6599.862587956291	0.5268924911672908	3510.3867382249264
3142.935322553759	5010.612705654154	6597.859369614785	0.5268514778610978	3509.0553435965157
3144.141823637273	5009.106757128899	6595.8561635477745	0.5268104645549047	3507.7239489681056
3145.348324720787	5007.600808603643	6593.852969755147	0.5267694512487117	3506.3925543396945
3146.5548258043004	5006.094860078387	6591.8497882367865	0.5267284379425186	3505.0611597112847
3147.7613268878144	5004.588911553132	6589.846618992585	0.5266876383518707	3503.7297650828737
3148.9678279713285	5003.082963027876	6587.843462022427	0.5266468742704956	3502.3983704544635
3150.1743290548425	5001.577014502621	6585.840317326199	0.5266061101891205	3501.066975826053
3151.3808301383565	5000.071065977364	6583.837184903788	0.5265653461077455	3499.735581197642
3152.58733122187	4998.56511745211	6581.834064755084	0.5265245820263704	3498.404186569232
3153.793832305384	4997.059168926854	6579.830956879971	0.5264838179449953	3497.072791940821
3155.000333388898	4995.553220401598	6577.82786127834	0.5264432601544793	3495.7413973124108
3156.206834472412	4994.047271876342	6575.8247779500725	0.5264027433953755	3494.410002684
3157.4133355559256	4992.541323351087	6573.821706895062	0.5263622266362719	3493.07860805559
3158.6198366394397	4991.035374825832	6571.81864811319	0.5263217098771681	3491.7472134271793
3159.8263377229537	4989.529426300576	6569.815601604348	0.5262811931180643	3490.4158187987687
3161.0328388064677	4988.023477775319	6567.81256736842	0.5262406763589605	3489.084424170358
3162.2393398899817	4986.517529250064	6565.809545405296	0.526200358568829	3487.753029541948
3163.4458409734953	4985.011580724809	6563.806535714864	0.5261600872463121	3486.421634913537
3164.6523420570093	4983.505632199554	6561.803538297007	0.5261198159237954	3485.090240285127
3165.8588431405233	4981.999683674298	6559.800553151614	0.5260795446012786	3483.758845656716
3167.0653442240373	4980.493735149043	6557.797580278572	0.5260392732787619	3482.4274510283058
3168.2718453075513	4978.987786623787	6555.794619677771	0.525999001956245	3481.096056399895
3169.478346391065	4977.481838098532	6553.791671349098	0.5259589223822929	3479.764661771485
3170.684847474579	4975.975889573276	6551.7887352924345	0.5259188946273694	3478.4332671430743
3171.891348558093	4974.46994104802	6549.7858115076715	0.525878866872446	3477.1018725146632
3173.097849641607	4972.963992522765	6547.782899994697	0.5258388391175226	3475.770477886253
3174.304350725121	4971.458043997509	6545.780000753398	0.5257988113625991	3474.4390832578424
3175.5108518086345	4969.952095472253	6543.777113783661	0.5257587836076757	3473.1076886294322
3176.7173528921485	4968.446146946998	6541.774239085374	0.5257189404810838	3471.776294001022
3177.9238539756625	4966.940198421742	6539.771376658423	0.525679154441278	3470.444899372611
3179.1303550591765	4965.434249896487	6537.768526502696	0.5256393684014723	3469.1135047442003
3180.3368561426905	4963.928301371231	6535.7656886180785	0.5255995823616666	3467.78211011579
3181.543357226204	4962.422352845976	6533.762863004461	0.5255597963218608	3466.4507154873795
3182.749858309718	4960.91640432072	6531.760049661729	0.5255200102820551	3465.1193208589693
3183.956359393232	4959.410455795464	6529.757248589769	0.5254804018492368	3463.7879262305582
3185.162860476746	4957.904507270209	6527.754459788469	0.5254408556884226	3462.4565316021476
3186.36936156026	4956.398558744953	6525.751683257717	0.5254013095276084	3461.1251369737374
3187.5758626437737	4954.892610219698	6523.748918997398	0.5253617633667942	3459.793742345327
3188.7823637272877	4953.386661694442	6521.746167007401	0.52532221720598	3458.4623477169166
3189.9888648108017	4951.8807131691865	6519.743427287614	0.5252826710451658	3457.1309530885055
3191.1953658943157	4950.3747646439315	6517.740699837923	0.5252432955676147	3455.7995584600953
3192.4018669778293	4948.868816118676	6515.737984658214	0.5252039874658475	3454.4681638316856
3193.6083680613433	4947.362867593421	6513.735281748376	0.5251646793640802	3453.1367692032745
3194.8148691448573	4945.856919068165	6511.732591108296	0.5251253712623128	3451.805374574864
3196.0213702283713	4944.350970542909	6509.729912737861	0.5250860631605455	3450.4739799464533
3197.2278713118853	4942.845022017654	6507.7272466369595	0.5250467550587783	3449.1425853180426
3198.434372395399	4941.339073492398	6505.724592805476	0.5250076108129182	3447.811190689633
3199.640873478913	4939.833124967143	6503.7219512433	0.5249685389662703	3446.479796061222
3200.847374562427	4938.327176441887	6501.719321950319	0.5249294671196223	3445.1484014328116
3202.053875645941	4936.821227916632	6499.716704926418	0.5248903952729743	3443.8170068044005
3203.260376729455	4935.315279391375	6497.7141001714845	0.5248513234263263	3442.4856121759904
3204.4668778129685	4933.80933086612	6495.71150768541	0.5248122515796784	3441.15421754758
3205.6733788964825	4932.303382340865	6493.708927468077	0.5247733368567143	3439.8228229191695
3206.8798799799965	4930.797433815609	6491.706359519373	0.5247344994771104	3438.491428290759
3208.0863810635105	4929.291485290353	6489.703803839187	0.5246956620975064	3437.160033662348
3209.2928821470246	4927.785536765097	6487.701260427406	0.5246568247179024	3435.8286390339376
3210.499383230538	4926.279588239842	6485.698729283919	0.5246179873382985	3434.4972444055275
3211.705884314052	4924.773639714587	6483.696210408611	0.5245791499586945	3433.165849777117
3212.912385397566	4923.26769118933	6481.6937038013675	0.5245404630644658	3431.834455148706
3214.11888648108	4921.761742664075	6479.691209462078	0.5245018583795219	3430.5030605202955
3215.325387564594	4920.2557941388195	6477.688727390631	0.524463253694578	3429.171665891885
3216.5318886481077	4918.749845613565	6475.686257586914	0.524424649009634	3427.840271263475
3217.7383897316217	4917.243897088309	6473.683800050809	0.5243860443246902	3426.508876635064
3218.9448908151358	4915.737948563053	6471.681354782209	0.5243474396397463	3425.177482006654
3220.1513918986498	4914.232000037798	6469.678921780999	0.5243089788945807	3423.846087378243
3221.357892982164	4912.726051512542	6467.676501047066	0.5242706051474436	3422.514692749832
3222.5643940656773	4911.220102987287	6465.674092580298	0.5242322314003065	3421.1832981214225
3223.7708951491913	4909.714154462031	6463.671696380582	0.5241938576531694	3419.8519034930114
3224.9773962327054	4908.208205936775	6461.669312447806	0.5241554839060323	3418.520508864601
3226.1838973162194	4906.70225741152	6459.666940781856	0.5241171101588952	3417.1891142361906
3227.390398399733	4905.196308886264	6457.664581382621	0.5240788738974658	3415.8577196077804
3228.596899483247	4903.690360361009	6455.662234249985	0.524040729346656	3414.52632497937
3229.803400566761	4902.184411835753	6453.659899383839	0.5240025847958463	3413.194930350959
3231.009901650275	4900.678463310498	6451.657576784068	0.5239644402450366	3411.8635357225485
3232.216402733789	4899.172514785242	6449.655266450561	0.5239262956942269	3410.532141094138
3233.4229038173025	4897.666566259986	6447.652968383203	0.5238881511434172	3409.2007464657277
3234.6294049008166	4896.160617734731	6445.650682581883	0.5238501377145999	3407.8693518373175
3235.8359059843306	4894.654669209475	6443.648409046488	0.5238122206338549	3406.5379572089064
3237.0424070678446	4893.14872068422	6441.646147776905	0.5237743035531099	3405.2065625804958
3238.2489081513586	4891.642772158964	6439.643898773023	0.523736386472365	3403.875167952085
3239.455409234872	4890.136823633708	6437.641662034726	0.52369846939162	3402.543773323675
3240.661910318386	4888.630875108453	6435.639437561903	0.523660552310875	3401.2123786952648
3241.8684114019	4887.1249265831975	6433.6372253544405	0.523622760077608	3399.880984066854
3243.074912485414	4885.6189780579425	6431.635025412229	0.5235850687557275	3398.5495894384435
3244.281413568928	4884.113029532686	6429.63283773515	0.5235473774338472	3397.2181948100324
3245.4879146524418	4882.607081007431	6427.6306623230985	0.5235096861119668	3395.8868001816227
3246.6944157359558	4881.101132482176	6425.628499175956	0.5234719947900863	3394.555405553212
3247.90091681947	4879.595183956919	6423.626348293608	0.523434303468206	3393.2240109248014
3249.107417902984	4878.089235431664	6421.624209675949	0.5233967308073505	3391.8926162963908
3250.313918986498	4876.583286906408	6419.622083322861	0.5233592635480444	3390.56122166798
3251.5204200700114	4875.077338381154	6417.619969234233	0.5233217962887383	3389.22982703957
3252.7269211535254	4873.571389855897	6415.617867409952	0.5232843290294321	3387.89843241116
3253.9334222370394	4872.065441330641	6413.6157778499055	0.523246861770126	3386.5670377827487
3255.1399233205534	4870.559492805386	6411.61370055398	0.5232093945108199	3385.2356431543385
3256.3464244040674	4869.05354428013	6409.611635522064	0.5231720398130228	3383.9042485259274
3257.552925487581	4867.547595754876	6407.609582754046	0.5231347949347592	3382.5728538975177
3258.759426571095	4866.04164722962	6405.60754224981	0.5230975500564956	3381.241459269107
3259.965927654609	4864.535698704363	6403.605514009244	0.5230603051782319	3379.910064640696
3261.172428738123	4863.029750179108	6401.6034980322365	0.5230230602999683	3378.578670012286
3262.378929821637	4861.523801653852	6399.601494318676	0.5229858154217046	3377.247275383875
3263.5854309051506	4860.017853128597	6397.599502868446	0.5229486770912628	3375.915880755465
3264.7919319886646	4858.5119046033415	6395.597523681438	0.52291165292712	3374.5844861270543
3265.9984330721786	4857.0059560780865	6393.595556757538	0.5228746287629774	3373.2530914986437
3267.2049341556926	4855.5000075528305	6391.593602096632	0.5228376045988348	3371.921696870233
3268.411435239206	4853.994059027575	6389.591659698608	0.5228005804346921	3370.590302241823
3269.61793632272	4852.48811050232	6387.589729563353	0.5227635562705494	3369.2589076134122
3270.824437406234	4850.982161977064	6385.587811690755	0.5227266327252748	3367.927512985002
3272.030938489748	4849.476213451809	6383.585906080702	0.5226898276227931	3366.596118356591
3273.2374395732622	4847.970264926553	6381.58401273308	0.5226530225203114	3365.2647237281803
3274.443940656776	4846.464316401297	6379.582131647777	0.5226162174178298	3363.93332909977
3275.65044174029	4844.958367876042	6377.58026282468	0.5225794123153482	3362.6019344713595
3276.856942823804	4843.452419350786	6375.578406263676	0.5225426072128665	3361.2705398429493
3278.063443907318	4841.946470825531	6373.576561964654	0.5225058968839533	3359.9391452145387
3279.269944990832	4840.440522300275	6371.574729927499	0.5224693092049894	3358.607750586128
3280.4764460743454	4838.93457377502	6369.5729101521	0.5224327215260255	3357.276355957718
3281.6829471578594	4837.428625249764	6367.571102638344	0.5223961338470616	3355.9449613293073
3282.8894482413734	4835.922676724508	6365.5693073861185	0.5223595461680978	3354.6135667008966
3284.0959493248874	4834.416728199253	6363.567524395309	0.5223229584891339	3353.282172072486
3285.3024504084015	4832.910779673996	6361.565753665805	0.5222864598210271	3351.9507774440754
3286.508951491915	4831.404831148742	6359.563995197494	0.5222500879416095	3350.6193828156656
3287.715452575429	4829.898882623486	6357.562248990263	0.522213716062192	3349.2879881872545
3288.921953658943	4828.39293409823	6355.560515043997	0.5221773441827746	3347.956593558844
3290.128454742457	4826.8869855729745	6353.558793358586	0.5221409723033571	3346.6251989304333
3291.334955825971	4825.381037047719	6351.557083933915	0.5221046004239396	3345.293804302023
3292.5414569094846	4823.8750885224645	6349.555386769876	0.5220683118742048	3343.962409673613
3293.7479579929986	4822.369139997209	6347.553701866353	0.5220321541843913	3342.6310150452023
3294.9544590765126	4820.863191471953	6345.552029223231	0.5219959964945778	3341.2996204167916
3296.1609601600267	4819.357242946697	6343.550368840402	0.5219598388047644	3339.9682257883806
3297.3674612435407	4817.851294421441	6341.548720717752	0.5219236811149509	3338.6368311599704
3298.5739623270542	4816.345345896187	6339.547084855167	0.5218875234251376	3337.30543653156
3299.7804634105682	4814.83939737093	6337.545461252535	0.5218514434643323	3335.9740419031496
3300.9869644940823	4813.333448845675	6335.543849909743	0.5218154983680697	3334.642647274739
3302.1934655775963	4811.827500320419	6333.542250826679	0.5217795532718073	3333.3112526463283
3303.39996666111	4810.321551795164	6331.5406640032315	0.5217436081755447	3331.979858017918
3304.606467744624	4808.815603269908	6329.539089439285	0.5217076630792821	3330.648463389508
3305.812968828138	4807.309654744652	6327.537527134728	0.5216717179830196	3329.317068761097
3307.019469911652	4805.803706219397	6325.535977089449	0.5216358450945667	3327.9856741326867
3308.225970995166	4804.297757694141	6323.5344393033365	0.5216001110095507	3326.6542795042756
3309.4324720786794	4802.791809168885	6321.532913776274	0.5215643769245347	3325.322884875866
3310.6389731621935	4801.28586064363	6319.531400508152	0.5215286428395187	3323.991490247455
3311.8454742457075	4799.779912118374	6317.529899498855	0.5214929087545027	3322.660095619044
3313.0519753292215	4798.273963593119	6315.528410748273	0.5214571746694867	3321.328700990634
3314.2584764127355	4796.768015067863	6313.526934256293	0.5214215073495477	3319.997306362223
3315.464977496249	4795.262066542608	6311.525470022802	0.5213859827070851	3318.665911733813
3316.671478579763	4793.7561180173525	6309.524018047688	0.5213504580646227	3317.3345171054025
3317.877979663277	4792.250169492097	6307.522578330836	0.5213149334221601	3316.003122476992
3319.084480746791	4790.744220966842	6305.521150872136	0.5212794087796975	3314.671727848581
3320.290981830305	4789.238272441586	6303.519735671474	0.5212438841372349	3313.3403332201706
3321.4974829138187	4787.732323916331	6301.51833272874	0.5212084208945861	3312.0089385917604
3322.7039839973327	4786.226375391075	6299.516942043817	0.5211731041394594	3310.67754396335
3323.9104850808467	4784.720426865819	6297.515563616595	0.5211377873843326	3309.346149334939
3325.1169861643607	4783.214478340563	6295.514197446959	0.5211024706292059	3308.0147547065285
3326.3234872478747	4781.708529815307	6293.512843534801	0.5210671538740792	3306.683360078118
3327.5299883313883	4780.202581290053	6291.511501880006	0.5210318371189525	3305.351965449708
3328.7364894149023	4778.696632764797	6289.510172482461	0.52099657647486175	3304.0205708212975
3329.9429904984163	4777.190684239542	6287.508855342053	0.5209614660651934	3302.6891761928864
3331.1494915819303	4775.684735714286	6285.507550458669	0.520926355655525	3301.3577815644762
3332.3559926654443	4774.178787189029	6283.506257832198	0.5208912452458566	3300.026386936065
3333.562493748958	4772.672838663775	6281.504977462528	0.5208561348361883	3298.6949923076554
3334.768994832472	4771.166890138519	6279.503709349545	0.5208210244265199	3297.363597679245
3335.975495915986	4769.660941613264	6277.502453493135	0.5207859649146249	3296.032203050834
3337.1819969995	4768.154993088007	6275.5012098931875	0.5207510593217448	3294.7008084224235
3338.3884980830135	4766.649044562752	6273.499978549591	0.5207161537288646	3293.3694137940133
3339.5949991665275	4765.143096037497	6271.498759462229	0.5206812481359845	3292.0380191656027
3340.8015002500415	4763.6371475122405	6269.497552630991	0.5206463425431044	3290.706624537192
3342.0080013335555	4762.1311989869855	6267.496358055766	0.5206114369502242	3289.3752299087814
3343.2145024170695	4760.62525046173	6265.495175736441	0.5205765771164121	3288.0438352803712
3344.421003500583	4759.119301936475	6263.494005672901	0.5205418748247257	3286.7124406519606
3345.627504584097	4757.613353411219	6261.492847865035	0.5205071725330394	3285.3810460235504
3346.834005667611	4756.107404885963	6259.49170231273	0.5204724702413529	3284.04965139514
3348.040506751125	4754.601456360708	6257.490569015874	0.5204377679496665	3282.7182567667287
3349.247007834639	4753.095507835452	6255.489447974355	0.52040306565798	3281.3868621383185
3350.4535089181527	4751.589559310198	6253.48833918806	0.5203684040602687	3280.055467509908
3351.6600100016667	4750.083610784941	6251.4872426568745	0.5203339035671269	3278.7240728814977
3352.8665110851807	4748.577662259685	6249.486158380686	0.520299403073985	3277.3926782530875
3354.0730121686947	4747.07171373443	6247.485086359386	0.5202649025808432	3276.061283624676
3355.2795132522087	4745.565765209174	6245.484026592858	0.5202304020877014	3274.729888996266
3356.4860143357223	4744.059816683919	6243.482979080991	0.5201959015945595	3273.398494367855
3357.6925154192363	4742.553868158663	6241.481943823672	0.5201614368029797	3272.067099739445
3358.8990165027503	4741.047919633407	6239.480920820788	0.5201271366185503	3270.735705111035
3360.1055175862643	4739.541971108152	6237.479910072227	0.5200928364341209	3269.4043104826237
3361.3120186697784	4738.036022582896	6235.478911577877	0.5200585362496913	3268.072915854213
3362.518519753292	4736.530074057641	6233.477925337624	0.5200242360652619	3266.741521225803
3363.725020836806	4735.024125532385	6231.476951351357	0.5199899358808325	3265.4101265973923
3364.93152192032	4733.51817700713	6229.475989618962	0.5199556664773111	3264.078731968982
3366.138023003834	4732.012228481874	6227.475040140328	0.5199215651244504	3262.747337340571
3367.344524087348	4730.506279956618	6225.474102915338	0.5198874637715899	3261.415942712161
3368.5510251708615	4729.0003314313635	6223.473177943887	0.5198533624187293	3260.0845480837506
3369.7575262543755	4727.494382906108	6221.472265225858	0.5198192610658686	3258.75315345534
3370.9640273378895	4725.988434380853	6219.471364761139	0.5197851597130081	3257.4217588269294
3372.1705284214036	4724.482485855596	6217.470476549614	0.5197510842912527	3256.0903641985187
3373.3770295049176	4722.97653733034	6215.469600591177	0.5197171803053817	3254.758969570108
3374.583530588431	4721.470588805086	6213.468736885712	0.5196832763195107	3253.427574941698
3375.790031671945	4719.96464027983	6211.467885433106	0.5196493723336398	3252.0961803132873
3376.996532755459	4718.458691754574	6209.467046233247	0.5196154683477688	3250.7647856848766
3378.203033838973	4716.952743229318	6207.466219286022	0.5195815643618978	3249.433391056466
3379.4095349224867	4715.446794704064	6205.465404591321	0.519547681527284	3248.101996428056
3380.6160360060007	4713.940846178808	6203.464602149028	0.5195139734562623	3246.770601799645
3381.8225370895148	4712.434897653551	6201.463811959031	0.5194802653852404	3245.4392071712346
3383.0290381730288	4710.928949128296	6199.46303402122	0.5194465573142186	3244.1078125428244
3384.235539256543	4709.42300060304	6197.46226833548	0.5194128492431968	3242.7764179144133
3385.4420403400563	4707.917052077786	6195.461514901701	0.519379141172175	3241.4450232860036
3386.6485414235704	4706.411103552529	6193.460773719766	0.5193454495416325	3240.1136286575925
3387.8550425070844	4704.905155027273	6191.460044789566	0.5193119359456353	3238.7822340291823
3389.0615435905984	4703.399206502018	6189.459328110987	0.5192784223496381	3237.4508394007717
3390.2680446741124	4701.8932579767625	6187.458623683919	0.5192449087536409	3236.119444772361
3391.474545757626	4700.3873094515075	6185.457931508247	0.5192113951576437	3234.788050143951
3392.68104684114	4698.8813609262515	6183.457251583859	0.5191778815616466	3233.45665551554
3393.887547924654	4697.3754124009965	6181.456583910643	0.5191443797635484	3232.1252608871296
3395.094049008168	4695.869463875741	6179.4559284884845	0.519111059214946	3230.7938662587194
3396.300550091682	4694.363515350485	6177.455285317273	0.5190777386663437	3229.4624716303083
3397.5070511751956	4692.85756682523	6175.454654396896	0.5190444181177413	3228.1310770018986
3398.7135522587096	4691.351618299974	6173.45403572724	0.5190110975691389	3226.7996823734875
3399.9200533422236	4689.845669774719	6171.453429308194	0.5189777770205365	3225.468287745077
3401.1265544257376	4688.339721249463	6169.452835139643	0.5189444636945887	3224.1368931166667
3402.3330555092516	4686.833772724207	6167.452253221477	0.5189113347778251	3222.8054984882556
3403.539556592765	4685.327824198952	6165.451683553581	0.5188782058610616	3221.474103859846
3404.746057676279	4683.821875673696	6163.451126135845	0.5188450769442979	3220.1427092314348
3405.952558759793	4682.315927148441	6161.450580968155	0.5188119480275344	3218.8113146030246
3407.159059843307	4680.809978623185	6159.4500480503975	0.5187788191107708	3217.479919974614
3408.365560926821	4679.304030097929	6157.449527382463	0.5187456929079033	3216.1485253462033
3409.572062010335	4677.798081572674	6155.4490189642365	0.5187127542193775	3214.817130717793
3410.778563093849	4676.292133047418	6153.448522795606	0.5186798155308517	3213.4857360893825
3411.985064177363	4674.786184522163	6151.4480388764605	0.518646876842326	3212.154341460972
3413.191565260877	4673.280235996907	6149.447567206685	0.5186139381538002	3210.8229468325612
3414.3980663443904	4671.774287471652	6147.447107786168	0.5185809994652745	3209.491552204151
3415.6045674279044	4670.268338946396	6145.446660614797	0.5185480607767488	3208.1601575757404
3416.8110685114184	4668.7623904211405	6143.446225692461	0.5185153091954813	3206.82876294733
3418.0175695949324	4667.2564418958855	6141.445803019045	0.5184825593434298	3205.4973683189196
3419.2240706784464	4665.750493370629	6139.445392594438	0.5184498094913782	3204.165973690509
3420.43057176196	4664.244544845375	6137.444994418528	0.5184170596393267	3202.834579062099
3421.637072845474	4662.738596320119	6135.444608491202	0.5183843097872751	3201.503184433688
3422.843573928988	4661.232647794862	6133.444234812345	0.5183515599352236	3200.171789805277
3424.050075012502	4659.726699269607	6131.443873381848	0.5183189914320953	3198.840395176867
3425.256576096016	4658.220750744351	6129.443524199597	0.5182864290364759	3197.5090005484562
3426.4630771795296	4656.714802219097	6127.443187265481	0.5182538666408565	3196.177605920046
3427.6695782630436	4655.208853693841	6125.442862579385	0.5182213042452372	3194.8462112916354
3428.8760793465576	4653.702905168585	6123.442550141197	0.5181887418496177	3193.5148166632243
3430.0825804300716	4652.196956643329	6121.4422499508055	0.5181561794539984	3192.183422034814
3431.2890815135856	4650.691008118073	6119.441962008099	0.5181237927245741	3190.852027406404
3432.495582597099	4649.185059592819	6117.441686312965	0.5180914164169504	3189.5206327779933
3433.702083680613	4647.679111067562	6115.441422865287	0.5180590401093269	3188.189238149583
3434.9085847641272	4646.173162542307	6113.441171664956	0.5180266638017033	3186.857843521172
3436.1150858476412	4644.667214017051	6111.440932711859	0.5179942874940796	3185.5264488927614
3437.3215869311553	4643.161265491795	6109.440706005882	0.517961911186456	3184.1950542643513
3438.528088014669	4641.65531696654	6107.440491546916	0.5179297049369869	3182.8636596359406
3439.734589098183	4640.149368441284	6105.440289334846	0.5178975133604151	3181.5322650075304
3440.941090181697	4638.643419916029	6103.44009936956	0.5178653217838433	3180.20087037912
3442.147591265211	4637.1374713907735	6101.439921650944	0.5178331302072715	3178.869475750709
3443.354092348725	4635.6315228655185	6099.439756178887	0.5178009386306996	3177.5380811222985
3444.5605934322384	4634.125574340263	6097.439602953278	0.5177687470541279	3176.2066864938884
3445.7670945157524	4632.619625815007	6095.439461974002	0.5177367200014488	3174.8752918654777
3446.9735955992664	4631.113677289752	6093.439333240949	0.5177047118103647	3173.5438972370675
3448.1800966827805	4629.607728764496	6091.439216754004	0.5176727036192805	3172.2125026086565
3449.386597766294	4628.101780239241	6089.439112513054	0.5176406954281965	3170.8811079802467
3450.593098849808	4626.595831713985	6087.43902051799	0.5176086872371124	3169.5497133518356
3451.799599933322	4625.089883188729	6085.438940768697	0.5175766790460282	3168.218318723425
3453.006101016836	4623.583934663474	6083.438873265063	0.5175448299174569	3166.886924095015
3454.21260210035	4622.077986138217	6081.438818006976	0.5175130037775649	3165.5555294666037
3455.4191031838636	4620.572037612963	6079.438774994324	0.517481177637673	3164.224134838194
3456.6256042673776	4619.066089087707	6077.438744226994	0.5174493514977809	3162.892740209783
3457.8321053508917	4617.560140562451	6075.438725704871	0.517417525357889	3161.5613455813727
3459.0386064344057	4616.054192037196	6073.438719427847	0.517385699217997	3160.229950952962
3460.2451075179197	4614.54824351194	6071.438725395808	0.5173540267512344	3158.8985563245515
3461.4516086014332	4613.042294986685	6069.438743608639	0.5173223813393977	3157.5671616961413
3462.6581096849472	4611.536346461429	6067.4387740662305	0.5172907359275609	3156.2357670677306
3463.8646107684613	4610.030397936173	6065.438816768468	0.5172590905157242	3154.90437243932
3465.0711118519753	4608.524449410917	6063.438871715241	0.5172274451038874	3153.5729778109094
3466.2776129354893	4607.0185008856615	6061.438938906436	0.5171957996920507	3152.2415831824987
3467.484114019003	4605.512552360407	6059.439018341944	0.5171643026350824	3150.9101885540886
3468.690615102517	4604.006603835151	6057.4391100216435	0.5171328366392138	3149.578793925678
3469.897116186031	4602.500655309896	6055.439213945431	0.5171013706433452	3148.2473992972677
3471.103617269545	4600.99470678464	6053.43933011319	0.5170699046474765	3146.916004668857
3472.310118353059	4599.488758259384	6051.439458524809	0.5170384386516078	3145.584610040446
3473.5166194365725	4597.982809734129	6049.439599180176	0.5170069726557392	3144.2532154120363
3474.7231205200865	4596.476861208873	6047.439752079179	0.5169756497667374	3142.921820783625
3475.9296216036005	4594.970912683618	6045.439917221704	0.5169443618856915	3141.590426155215
3477.1361226871145	4593.464964158362	6043.4400946076385	0.5169130740046456	3140.2590315268044
3478.3426237706285	4591.959015633107	6041.440284236871	0.5168817861235997	3138.9276368983933
3479.549124854142	4590.453067107851	6039.44048610929	0.5168504982425538	3137.5962422699836
3480.755625937656	4588.947118582595	6037.440700224781	0.516819210361508	3136.2648476415725
3481.96212702117	4587.44117005734	6035.440926583232	0.5167880604087349	3134.9334530131623
3483.168628104684	4585.935221532084	6033.441165184532	0.5167569493522026	3133.602058384752
3484.375129188198	4584.429273006829	6031.441416028566	0.5167258382956702	3132.270663756341
3485.5816302717117	4582.923324481573	6029.441679115224	0.5166947272391379	3130.9392691279313
3486.7881313552257	4581.417375956317	6027.441954444394	0.5166636161826056	3129.60787449952
3487.9946324387397	4579.911427431062	6025.442242015962	0.5166325051260732	3128.2764798711096
3489.2011335222537	4578.405478905806	6023.442541829815	0.5166015268877864	3126.9450852426994
3490.4076346057673	4576.899530380551	6021.442853885842	0.516570591376189	3125.6136906142888
3491.6141356892813	4575.393581855295	6019.443178183929	0.5165396558645916	3124.2822959858786
3492.8206367727953	4573.88763333004	6017.443514723966	0.5165087203529942	3122.9509013574675
3494.0271378563093	4572.3816848047845	6015.443863505839	0.5164777848413968	3121.6195067290573
3495.2336389398233	4570.875736279529	6013.444224529436	0.5164468493297993	3120.2881121006467
3496.440140023337	4569.369787754274	6011.444597794644	0.5164160415941564	3118.9567174722365
3497.646641106851	4567.863839229018	6009.4449833013505	0.5163852803585418	3117.625322843826
3498.853142190365	4566.357890703763	6007.445381049444	0.5163545191229272	3116.2939282154152
3500.059643273879	4564.851942178507	6005.445791038812	0.5163237578873126	3114.9625335870046
3501.266144357393	4563.34599365325	6003.446213269341	0.5162929966516979	3113.631138958594
3502.4726454409065	4561.840045127996	6001.4466477409205	0.5162622354160833	3112.299744330184
3503.6791465244205	4560.33409660274	5999.447094453437	0.5162315969810481	3110.968349701773
3504.8856476079345	4558.828148077485	5997.447553406778	0.5162010087629875	3109.6369550733625
3506.0921486914485	4557.322199552228	5995.448024600829	0.5161704205449268	3108.305560444952
3507.2986497749625	4555.816251026973	5993.448508035481	0.5161398323268661	3106.9741658165417
3508.505150858476	4554.310302501718	5991.449003710622	0.5161092441088055	3105.642771188131
3509.71165194199	4552.804353976462	5989.449511626138	0.5160786558907449	3104.311376559721
3510.918153025504	4551.298405451206	5987.450031781913	0.5160481855639961	3102.97998193131
3512.124654109018	4549.79245692595	5985.4505641778405	0.5160177691154828	3101.6485873028996
3513.331155192532	4548.286508400695	5983.451108813805	0.5159873526669694	3100.317192674489
3514.5376562760457	4546.78055987544	5981.451665689697	0.5159569362184561	3098.985798046079
3515.7441573595597	4545.2746113501835	5979.452234805401	0.5159265197699427	3097.654403417668
3516.9506584430737	4543.7686628249285	5977.452816160804	0.5158961033214294	3096.3230087892575
3518.1571595265877	4542.262714299673	5975.453409755796	0.5158657999202679	3094.991614160847
3519.3636606101018	4540.7567657744175	5973.454015590264	0.5158355540036157	3093.6602195324367
3520.5701616936153	4539.250817249162	5971.454633664095	0.5158053080869636	3092.328824904026
3521.7766627771293	4537.744868723906	5969.455263977178	0.5157750621703113	3090.9974302756154
3522.9831638606433	4536.238920198651	5967.4559065294	0.5157448162536592	3089.666035647205
3524.1896649441574	4534.732971673395	5965.456561320648	0.515714570337007	3088.334641018794
3525.396166027671	4533.22702314814	5963.457228350809	0.5156844326882659	3087.0032463903844
3526.602667111185	4531.721074622884	5961.457907619771	0.515654356076011	3085.6718517619734
3527.809168194699	4530.215126097629	5959.4585991274225	0.5156242794637559	3084.340457133563
3529.015669278213	4528.709177572373	5957.459302873652	0.5155942028515008	3083.009062505152
3530.222170361727	4527.203229047117	5955.460018858345	0.5155641262392457	3081.6776678767415
3531.4286714452405	4525.697280521862	5953.46074708139	0.5155340496269908	3080.3462732483317
3532.6351725287545	4524.191331996606	5951.461487542675	0.5155040765669461	3079.014878619921
3533.8416736122686	4522.685383471351	5949.462240242087	0.5154741680417472	3077.6834839915105
3535.0481746957826	4521.179434946095	5947.463005179514	0.5154442595165482	3076.3520893631
3536.2546757792966	4519.673486420838	5945.463782354843	0.5154143509913492	3075.020694734689
3537.46117686281	4518.167537895584	5943.464571767963	0.5153844424661502	3073.6893001062795
3538.667677946324	4516.661589370328	5941.4653734187605	0.5153545339409512	3072.3579054778684
3539.874179029838	4515.155640845073	5939.466187307123	0.5153247243152328	3071.0265108494577
3541.080680113352	4513.649692319817	5937.467013432939	0.5152949826697744	3069.695116221047
3542.287181196866	4512.143743794562	5935.467851796096	0.5152652410243158	3068.363721592637
3543.4936822803797	4510.6377952693065	5933.468702396481	0.5152354993788574	3067.0323269642267
3544.7001833638938	4509.131846744051	5931.469565233982	0.5152057577333988	3065.700932335816
3545.9066844474078	4507.625898218795	5929.470440308485	0.5151760160879404	3064.369537707405
3547.113185530922	4506.11994969354	5927.471327619882	0.5151463687514444	3063.0381430789944
3548.319686614436	4504.614001168284	5925.472227168055	0.5151167927883403	3061.706748450584
3549.5261876979494	4503.108052643029	5923.473138952898	0.5150872168252364	3060.375353822174
3550.7326887814634	4501.602104117772	5921.474062974293	0.5150576408621323	3059.0439591937634
3551.9391898649774	4500.096155592518	5919.474999232131	0.5150280648990284	3057.7125645653527
3553.1456909484914	4498.590207067261	5917.475947726297	0.5149984889359244	3056.3811699369417
3554.3521920320054	4497.084258542006	5915.476908456681	0.5149690027527265	3055.0497753085315
3555.558693115519	4495.57831001675	5913.4778814231695	0.5149395912844248	3053.7183806801213
3556.765194199033	4494.072361491495	5911.478866625651	0.5149101798161231	3052.3869860517107
3557.971695282547	4492.566412966239	5909.479864064013	0.5148807683478214	3051.0555914233005
3559.178196366061	4491.060464440983	5907.480873738141	0.5148513568795197	3049.7241967948894
3560.3846974495746	4489.554515915729	5905.481895647928	0.514821945411218	3048.3928021664797
3561.5911985330886	4488.048567390472	5903.482929793254	0.5147926192544877	3047.061407538069
3562.7976996166026	4486.542618865217	5901.483976174011	0.5147633711031762	3045.730012909658
3564.0042007001166	4485.036670339961	5899.485034790088	0.5147341229518647	3044.3986182812478
3565.2107017836306	4483.530721814705	5897.486105641372	0.5147048748005532	3043.0672236528367
3566.417202867144	4482.024773289451	5895.48718872775	0.5146756266492417	3041.735829024427
3567.623703950658	4480.5188247641945	5893.488284049106	0.5146463784979303	3040.4044343960163
3568.830205034172	4479.0128762389395	5891.489391605334	0.514617211249846	3039.0730397676057
3570.036706117686	4477.506927713684	5889.490511396318	0.514588125247359	3037.741645139195
3571.2432072012	4476.000979188428	5887.491643421947	0.514559039244872	3036.410250510784
3572.449708284714	4474.495030663173	5885.4927876821075	0.5145299532423849	3035.0788558823742
3573.656209368228	4472.989082137917	5883.4939441766865	0.5145008672398979	3033.7474612539636
3574.862710451742	4471.483133612662	5881.495112905574	0.5144717812374108	3032.416066625553
3576.069211535256	4469.977185087406	5879.496293868657	0.5144427717890762	3031.0846719971423
3577.27571261877	4468.471236562151	5877.497487065823	0.5144138467768027	3029.7532773687317
3578.4822137022834	4466.965288036895	5875.49869249696	0.5143849217645293	3028.4218827403215
3579.6887147857974	4465.459339511639	5873.499910161953	0.5143559967522559	3027.0904881119113
3580.8952158693114	4463.953390986384	5871.501140060694	0.5143270717399824	3025.7590934835002
3582.1017169528254	4462.447442461128	5869.502382193067	0.5142981467277089	3024.42769885509
3583.3082180363394	4460.941493935872	5867.503636558961	0.5142692939790304	3023.096304226679
3584.514719119853	4459.435545410617	5865.504903158266	0.5142405288077372	3021.7649095982692
3585.721220203367	4457.929596885361	5863.506181990867	0.5142117636364438	3020.4335149698586
3586.927721286881	4456.423648360106	5861.507473056651	0.5141829984651506	3019.102120341448
3588.134222370395	4454.917699834849	5859.508776355507	0.5141542332938573	3017.7707257130373
3589.340723453909	4453.411751309594	5857.510091887323	0.514125468122564	3016.4393310846262
3590.5472245374226	4451.905802784339	5855.511419651988	0.5140967709813605	3015.1079364562165
3591.7537256209366	4450.399854259084	5853.512759649387	0.5140681645093108	3013.776541827806
3592.9602267044506	4448.8939057338275	5851.514111879407	0.514039558037261	3012.4451471993953
3594.1667277879646	4447.387957208572	5849.515476341939	0.5140109515652111	3011.1137525709846
3595.3732288714787	4445.882008683317	5847.516853036868	0.5139823450931613	3009.782357942574
3596.579729954992	4444.376060158062	5845.518241964085	0.5139537386211116	3008.450963314164
3597.7862310385062	4442.870111632806	5843.5196431234735	0.5139251960003905	3007.1195686857536
3598.9927321220202	4441.36416310755	5841.521056514925	0.5138967470889486	3005.7881740573425
3600.1992332055343	4439.858214582294	5839.522482138324	0.5138682981775066	3004.4567794289324
3601.405734289048	4438.35226605704	5837.523919993561	0.5138398492660646	3003.1253848005217
3602.612235372562	4436.846317531783	5835.525370080521	0.5138114003546226	3001.7939901721115
3603.818736456076	4435.340369006528	5833.526832399094	0.5137829514431806	3000.462595543701
3605.02523753959	4433.834420481272	5831.528306949165	0.5137545622540083	2999.13120091529
3606.231738623104	4432.328471956017	5829.529793730626	0.513726269755004	2997.7998062868796
3607.4382397066174	4430.822523430761	5827.5312927433615	0.5136979772559997	2996.4684116584694
3608.6447407901314	4429.316574905505	5825.532803987259	0.5136696847569955	2995.137017030059
3609.8512418736454	4427.81062638025	5823.534327462208	0.5136413922579912	2993.8056224016486
3611.0577429571595	4426.304677854994	5821.535863168094	0.513613099758987	2992.4742277732375
3612.2642440406735	4424.798729329739	5819.537411104808	0.5135848629014084	2991.142833144827
3613.470745124187	4423.292780804483	5817.538971272235	0.5135567256511205	2989.8114385164167
3614.677246207701	4421.786832279227	5815.540543670264	0.5135285884008326	2988.480043888006
3615.883747291215	4420.280883753972	5813.542128298781	0.5135004511505448	2987.148649259596
3617.090248374729	4418.7749352287165	5811.543725157676	0.5134723139002569	2985.817254631185
3618.296749458243	4417.268986703461	5809.5453342468345	0.5134441766499691	2984.485860002774
3619.5032505417566	4415.7630381782055	5807.546955566146	0.5134160910131514	2983.1544653743645
3620.7097516252707	4414.25708965295	5805.5485891154985	0.5133881078429958	2981.8230707459534
3621.9162527087847	4412.751141127695	5803.5502348947775	0.5133601246728401	2980.491676117543
3623.1227537922987	4411.245192602439	5801.5518929038735	0.5133321415026844	2979.1602814891326
3624.3292548758127	4409.739244077184	5799.553563142672	0.5133041583325287	2977.828886860722
3625.5357559593263	4408.233295551928	5797.555245611061	0.513276175162373	2976.4974922323117
3626.7422570428403	4406.727347026673	5795.556940308929	0.5132482396330004	2975.166097603901
3627.9487581263543	4405.221398501416	5793.558647236163	0.5132204093760719	2973.8347029754905
3629.1552592098683	4403.715449976161	5791.560366392654	0.5131925791191434	2972.50330834708
3630.3617602933823	4402.209501450905	5789.562097778284	0.5131647488622149	2971.171913718669
3631.568261376896	4400.70355292565	5787.563841392946	0.5131369186052864	2969.8405190902595
3632.77476246041	4399.977311169195	5786.776419290926	0.5131090883483579	2969.298341921707
3633.981263543924	4399.436435776717	5786.276824400499	0.5130813018153574	2968.943792175123
3635.187764627438	4398.89556038424	5785.777192940912	0.5130536233087961	2968.5892424285385
3636.3942657109515	4398.354684991762	5785.277524908151	0.5130259448022347	2968.2346926819537
3637.6007667944655	4397.813809599284	5784.777820298197	0.5129982662956735	2967.8801429353693
3638.8072678779795	4397.272934206806	5784.278079107038	0.5129705877891122	2967.5255931887846
3640.0137689614935	4396.7320588143275	5783.7783013306525	0.5129429092825508	2967.1710434422002
3641.2202700450075	4396.19118342185	5783.278486965027	0.5129152706384935	2966.8164936956155
3642.426771128521	4395.650308029372	5782.778636006141	0.5128877427230434	2966.461943949031
3643.633272212035	4395.109432636895	5782.278748449976	0.5128602148075931	2966.107394202447
3644.839773295549	4394.568557244416	5781.778824292512	0.5128326868921429	2965.7528444558625
3646.046274379063	4394.027681851939	5781.27886352973	0.5128051589766927	2965.3982947092777
3647.252775462577	4393.48680645946	5780.778866157608	0.5127776310612424	2965.0437449626934
3648.4592765460907	4392.945931066983	5780.2788321721255	0.5127501392027954	2964.689195216109
3649.6657776296047	4392.405055674505	5779.778761569262	0.5127227607258933	2964.3346454695247
3650.8722787131187	4391.8641802820275	5779.278654344995	0.5126953822489911	2963.98009572294
3652.0787797966327	4391.323304889549	5778.778510495297	0.5126680037720891	2963.6255459763556
3653.2852808801467	4390.7824294970715	5778.278330016153	0.512640625295187	2963.2709962297713
3654.4917819636603	4390.241554104594	5777.77811290353	0.5126132468182849	2962.916446483187
3655.6982830471743	4389.700678712115	5777.277859153409	0.5125859006485306	2962.561896736602
3656.9047841306883	4389.159803319638	5776.777568761762	0.5125586704651915	2962.207346990018
3658.1112852142023	4388.61892792716	5776.277241724564	0.5125314402818525	2961.8527972434335
3659.3177862977163	4388.078052534682	5775.776878037788	0.5125042100985133	2961.4982474968483
3660.52428738123	4387.537177142204	5775.276477697409	0.5124769799151743	2961.1436977502644
3661.730788464744	4386.996301749727	5774.7760406993975	0.5124497497318352	2960.78914800368
3662.937289548258	4386.455426357248	5774.275567039724	0.5124225481611955	2960.4345982570953
3664.143790631772	4385.914550964771	5773.775056714362	0.5123954651355229	2960.0800485105106
3665.350291715286	4385.373675572293	5773.274509719281	0.5123683821098505	2959.725498763926
3666.5567927987995	4384.832800179815	5772.77392605045	0.5123412990841779	2959.370949017342
3667.7632938823135	4384.291924787337	5772.273305703841	0.5123142160585054	2959.0163992707576
3668.9697949658275	4383.751049394859	5771.77264867542	0.5122871330328329	2958.661849524173
3670.1762960493415	4383.210174002382	5771.2719549611575	0.5122600749802435	2958.3072997775885
3671.382797132855	4382.669298609903	5770.771224557019	0.5122331379858046	2957.952750031004
3672.589298216369	4382.128423217426	5770.2704574589725	0.5122062009913657	2957.59820028442
3673.795799299883	4381.587547824948	5769.769653662986	0.5121792639969269	2957.243650537835
3675.002300383397	4381.04667243247	5769.268813165022	0.512152327002488	2956.8891007912507
3676.208801466911	4380.505797039992	5768.767935961048	0.5121253900080491	2956.5345510446664
3677.4153025504247	4379.964921647514	5768.267022047029	0.512098474401231	2956.180001298082
3678.6218036339387	4379.424046255035	5767.766071418926	0.5120716823209653	2955.8254515514973
3679.8283047174527	4378.883170862558	5767.2650840727065	0.5120448902406997	2955.470901804913
3681.0348058009668	4378.34229547008	5766.764060004331	0.5120180981604341	2955.1163520583286
3682.2413068844808	4377.8014200776015	5766.262999209762	0.5119913060801684	2954.761802311744
3683.4478079679943	4377.260544685124	5765.761901684963	0.5119645139999027	2954.4072525651595
3684.6543090515083	4376.719669292646	5765.2607674258925	0.5119377397752795	2954.052702818575
3685.8608101350223	4376.178793900169	5764.759596428512	0.5119110915014088	2953.6981530719904
3687.0673112185364	4375.63791850769	5764.25838868878	0.5118844432275381	2953.343603325406
3688.2738123020504	4375.097043115213	5763.757144202658	0.5118577949536675	2952.9890535788213
3689.480313385564	4374.556167722735	5763.255862966105	0.5118311466797968	2952.634503832237
3690.686814469078	4374.015292330257	5762.754544975078	0.5118044984059261	2952.2799540856527
3691.893315552592	4373.474416937779	5762.253190225534	0.5117778645085422	2951.9254043390683
3693.099816636106	4372.9335415453015	5761.7517987134315	0.5117513589424825	2951.5708545924836
3694.30631771962	4372.392666152823	5761.250370434725	0.5117248533764226	2951.2163048458992
3695.5128188031335	4371.8517907603455	5760.748905385371	0.5116983478103627	2950.861755099315
3696.7193198866476	4371.310915367868	5760.247403561325	0.5116718422443028	2950.5072053527306
3697.9258209701616	4370.770039975389	5759.745864958542	0.511645336678243	2950.152655606146
3699.1323220536756	4370.229164582912	5759.244289572976	0.5116188420616843	2949.7981058595615
3700.3388231371896	4369.688289190434	5758.742677400579	0.5115924781139569	2949.443556112977
3701.545324220703	4369.147413797957	5758.2410284373045	0.5115661141662294	2949.089006366393
3702.751825304217	4368.606538405478	5757.739342679105	0.5115397502185021	2948.734456619808
3703.958326387731	4368.065663013001	5757.237620121931	0.5115133862707747	2948.3799068732237
3705.164827471245	4367.524787620522	5756.735860761735	0.5114870223230473	2948.0253571266394
3706.371328554759	4366.983912228045	5756.234064594468	0.5114606659493577	2947.670807380054
3707.5778296382728	4366.443036835567	5755.732231616077	0.511434442539445	2947.3162576334703
3708.784330721787	4365.902161443089	5755.230361822514	0.5114082191295324	2946.961707886886
3709.990831805301	4365.361286050611	5754.728455209725	0.5113819957196197	2946.607158140301
3711.197332888815	4364.820410658133	5754.226511773661	0.5113557723097071	2946.2526083937164
3712.4038339723284	4364.279535265656	5753.724531510268	0.5113295488997945	2945.898058647132
3713.6103350558424	4363.738659873177	5753.222514415492	0.5113033297393104	2945.5435089005477
3714.8168361393564	4363.1977844807	5752.7204604852805	0.5112772457943979	2945.1889591539634
3716.0233372228704	4362.656909088222	5752.218369715579	0.5112511618494855	2944.8344094073786
3717.2298383063844	4362.116033695744	5751.716242102331	0.51122507790457306	2944.4798596607943
3718.436339389898	4361.575158303266	5751.2140776414835	0.5111989939596606	2944.12530991421
3719.642840473412	4361.0342829107885	5750.711876328979	0.5111729100147482	2943.7707601676257
3720.849341556926	4360.49340751831	5750.209638160761	0.5111468270449679	2943.416210421041
3722.05584264044	4359.9525321258325	5749.707363132772	0.5111208814999373	2943.0616606744566
3723.262343723954	4359.411656733355	5749.205051240953	0.5110949359549067	2942.7071109278722
3724.4688448074676	4358.870781340877	5748.702702481249	0.5110689904098761	2942.352561181288
3725.6753458909816	4358.329905948399	5748.200316849596	0.5110430448648454	2941.998011434703
3726.8818469744956	4357.789030555921	5747.697894341938	0.5110170993198149	2941.643461688119
3728.0883480580096	4357.248155163442	5747.195434954214	0.5109911537747842	2941.2889119415345
3729.2948491415236	4356.707279770964	5746.692938682362	0.5109653433238538	2940.9343621949497
3730.501350225037	4356.166404378487	5746.190405522322	0.5109395351223326	2940.5798124483654
3731.707851308551	4355.625528986009	5745.687835470031	0.5109137269208114	2940.225262701781
3732.914352392065	4355.084653593531	5745.185228521425	0.5108879187192902	2939.8707129551963
3734.120853475579	4354.543778201053	5744.682584672444	0.510862110517769	2939.516163208612
3735.3273545590932	4354.0029028085755	5744.179903919022	0.5108363023162478	2939.161613462027
3736.533855642607	4353.462027416097	5743.677186257093	0.5108106249857649	2938.807063715443
3737.740356726121	4352.9211520236195	5743.174431682596	0.5107849530800909	2938.4525139688585
3738.946857809635	4352.380276631142	5742.671640191462	0.5107592811744169	2938.097964222274
3740.153358893149	4351.839401238663	5742.168811779626	0.5107336092687429	2937.7434144756894
3741.359859976663	4351.298525846186	5741.66594644302	0.5107079373630689	2937.388864729105
3742.5663610601764	4350.757650453708	5741.163044177578	0.5106822654573949	2937.0343149825208
3743.7728621436904	4350.21677506123	5740.6601049792325	0.5106567202568589	2936.6797652359364
3744.9793632272044	4349.675899668752	5740.157128843914	0.5106311836079968	2936.3252154893516
3746.1858643107184	4349.135024276275	5739.654115767552	0.5106056469591346	2935.9706657427673
3747.392365394232	4348.594148883797	5739.151065746078	0.5105801103102725	2935.616115996183
3748.598866477746	4348.053273491319	5738.647978775419	0.5105545736614103	2935.261566249598
3749.80536756126	4347.512398098841	5738.144854851509	0.5105290370125481	2934.907016503014
3751.011868644774	4346.971522706363	5737.641693970274	0.5105036229594052	2934.5524667564296
3752.218369728288	4346.430647313885	5737.138496127639	0.5104782205368651	2934.1979170098452
3753.4248708118016	4345.889771921407	5736.635261319535	0.5104528181143251	2933.8433672632605
3754.6313718953156	4345.34889652893	5736.1319895418865	0.5104274156917851	2933.488817516676
3755.8378729788296	4344.808021136451	5735.628680790619	0.510402013269245	2933.1342677700914
3757.0443740623436	4344.267145743974	5735.12533506166	0.5103766108467049	2932.779718023507
3758.2508751458577	4343.726270351496	5734.621952350934	0.5103513269662737	2932.4251682769222
3759.457376229371	4343.185394959018	5734.118532654363	0.5103260577480303	2932.070618530338
3760.6638773128852	4342.64451956654	5733.615075967872	0.510300788529787	2931.7160687837536
3761.8703783963992	4342.1036441740625	5733.111582287384	0.5102755193115436	2931.3615190371693
3763.0768794799133	4341.562768781584	5732.608051608821	0.5102502500933003	2931.0069692905845
3764.2833805634273	4341.0218933891065	5732.104483928106	0.5102249808750569	2930.652419544
3765.489881646941	4340.481017996629	5731.6008792411585	0.5101998262004568	2930.297869797416
3766.696382730455	4339.940142604151	5731.097237543901	0.5101746891728695	2929.9433200508315
3767.902883813969	4339.399267211673	5730.593558832251	0.5101495521452821	2929.5887703042467
3769.109384897483	4338.858391819195	5730.089843102128	0.5101244151176948	2929.2342205576624
3770.315885980997	4338.317516426717	5729.586090349452	0.5100992780901075	2928.879670811078
3771.5223870645104	4337.776641034239	5729.082300570143	0.5100741410625201	2928.5251210644938
3772.7288881480245	4337.235765641762	5728.578473760115	0.5100491146345991	2928.170571317909
3773.9353892315385	4336.694890249284	5728.074609915288	0.5100241087923327	2927.8160215713247
3775.1418903150525	4336.154014856806	5727.5707090315755	0.5099991029500663	2927.4614718247403
3776.3483913985665	4335.613139464328	5727.066771104896	0.5099740971078	2927.1069220781555
3777.55489248208	4335.0722640718495	5726.562796131163	0.5099490912655336	2926.752372331571
3778.761393565594	4334.531388679371	5726.058784106291	0.5099240854232672	2926.397822584987
3779.967894649108	4333.9905132868935	5725.554735026194	0.5098991862905312	2926.043272838402
3781.174395732622	4333.449637894416	5725.050648886789	0.5098743106364779	2925.688723091818
3782.3808968161356	4332.908762501937	5724.546525683981	0.5098494349824247	2925.334173345233
3783.5873978996497	4332.36788710946	5724.042365413689	0.5098245593283715	2924.9796235986487
3784.7938989831637	4331.827011716982	5723.538168071823	0.5097996836743183	2924.6250738520644
3786.0004000666777	4331.286136324504	5723.033933654292	0.509774808020265	2924.27052410548
3787.2069011501917	4330.745260932026	5722.529662157008	0.5097500352388072	2923.9159743588953
3788.4134022337053	4330.204385539549	5722.025353575882	0.509725288784009	2923.561424612311
3789.6199033172193	4329.663510147071	5721.52100790682	0.5097005423292108	2923.2068748657266
3790.8264044007333	4329.122634754593	5721.016625145731	0.5096757958744126	2922.8523251191423
3792.0329054842473	4328.581759362115	5720.512205288526	0.5096510494196144	2922.4977753725575
3793.2394065677613	4328.0408839696365	5720.007748331109	0.5096263029648161	2922.143225625973
3794.445907651275	4327.500008577159	5719.50325426939	0.5096016555982483	2921.788675879389
3795.652408734789	4326.959133184681	5718.998723099272	0.5095770373618209	2921.434126132804
3796.858909818303	4326.418257792204	5718.494154816664	0.5095524191253935	2921.0795763862197
3798.065410901817	4325.877382399725	5717.989549417466	0.5095278008889662	2920.7250266396354
3799.271911985331	4325.336507007248	5717.484906897587	0.5095031826525388	2920.3704768930506
3800.4784130688445	4324.79563161477	5716.980227252929	0.5094785644161114	2920.0159271464663
3801.6849141523585	4324.254756222292	5716.475510479393	0.5094540415354939	2919.661377399882
3802.8914152358725	4323.713880829814	5715.970756572886	0.5094295505445501	2919.306827653297
3804.0979163193865	4323.1730054373365	5715.465965529307	0.5094050595536063	2918.952277906713
3805.3044174029005	4322.632130044858	5714.961137344558	0.5093805685626623	2918.597728160128
3806.510918486414	4322.0912546523805	5714.4562720145395	0.5093560775717185	2918.243178413544
3807.717419569928	4321.550379259903	5713.951369535151	0.5093315865807746	2917.8886286669594
3808.923920653442	4321.009503867424	5713.446429902293	0.5093071872645495	2917.534078920375
3810.130421736956	4320.468628474947	5712.941453111865	0.5092828225541249	2917.1795291737903
3811.33692282047	4319.927753082469	5712.436439159764	0.5092584578437003	2916.824979427206
3812.5434239039837	4319.386877689992	5711.931388041889	0.5092340931332757	2916.4704296806217
3813.7499249874977	4318.846002297513	5711.426299754134	0.5092097284228512	2916.1158799340374
3814.9564260710117	4318.305126905036	5710.9211742924	0.5091853637124266	2915.7613301874526
3816.1629271545257	4317.764251512557	5710.416011652579	0.5091610870463495	2915.4067804408683
3817.3694282380393	4317.22337612008	5709.9108118305685	0.5091368476593287	2915.052230694284
3818.5759293215533	4316.682500727602	5709.4055748222645	0.5091126082723078	2914.6976809476996
3819.7824304050673	4316.141625335124	5708.900300623559	0.5090883688852869	2914.343131201115
3820.9889314885813	4315.600749942646	5708.394989230344	0.509064129498266	2913.9885814545305
3822.1954325720953	4315.059874550168	5707.889640638516	0.5090398901112451	2913.634031707946
3823.401933655609	4314.518999157691	5707.384254843964	0.5090157351883189	2913.279481961362
3824.608434739123	4313.978123765212	5706.87883184258	0.5089916201753609	2912.924932214777
3825.814935822637	4313.437248372735	5706.3733716302595	0.5089675051624029	2912.5703824681927
3827.021436906151	4312.896372980257	5705.867874202888	0.5089433901494449	2912.215832721608
3828.227937989665	4312.355497587779	5705.3623395563545	0.5089192751364868	2911.8612829750236
3829.4344390731785	4311.8146221953	5704.856767686554	0.5088951601235289	2911.506733228439
3830.6409401566925	4311.273746802823	5704.351158589371	0.5088711260439375	2911.1521834818545
3831.8474412402065	4310.732871410344	5703.845512260693	0.5088471344634039	2910.79763373527
3833.0539423237205	4310.191996017867	5703.33982869641	0.5088231428828703	2910.443083988686
3834.2604434072346	4309.651120625389	5702.834107892409	0.5087991513023368	2910.088534242101
3835.466944490748	4309.110245232911	5702.3283498445735	0.5087751597218033	2909.733984495517
3836.673445574262	4308.569369840433	5701.822554548789	0.5087511681412697	2909.3794347489325
3837.879946657776	4308.028494447955	5701.316722000944	0.5087272540123129	2909.024885002348
3839.08644774129	4307.487619055478	5700.81085219692	0.5087033849301965	2908.6703352557633
3840.292948824804	4306.946743662999	5700.3049451326015	0.5086795158480801	2908.315785509179
3841.4994499083177	4306.405868270522	5699.799000803873	0.5086556467659636	2907.9612357625947
3842.7059509918317	4305.864992878044	5699.293019206616	0.5086317776838473	2907.60668601601
3843.9124520753458	4305.324117485566	5698.787000336711	0.5086079086017308	2907.2521362694256
3845.1189531588593	4304.783242093088	5698.280944190041	0.50858411353776	2906.8975865228413
3846.3254542423742	4304.242366700611	5697.774850762487	0.5085603660276133	2906.5430367762565
3847.531955325887	4303.701491308132	5697.268720049928	0.5085366185174668	2906.188487029672
3848.738456409402	4303.1606159156545	5696.762552048246	0.5085128710073201	2905.833937283088
3849.944957492916	4302.619740523177	5696.256346753316	0.5084891234971736	2905.479387536503
3851.1514585764294	4302.078865130698	5695.750104161019	0.5084653759870269	2905.1248377899187
3852.3579596599434	4301.537989738221	5695.243824267233	0.5084416991093803	2904.770288043334
3853.564460743457	4300.997114345743	5694.7375070678345	0.5084180722522446	2904.4157382967496
3854.770961826971	4300.456238953266	5694.2311525587	0.5083944453951088	2904.0611885501653
3855.977462910485	4299.915363560787	5693.724760735705	0.5083708185379731	2903.706638803581
3857.1839639939985	4299.37448816831	5693.218331594725	0.5083471916808373	2903.352089056996
3858.3904650775125	4298.833612775832	5692.711865131635	0.5083235648237016	2902.997539310412
3859.596966161026	4298.292737383354	5692.205361342307	0.5083000052606418	2902.6429895638275
3860.80346724454	4297.751861990876	5691.698820222618	0.5082764981449792	2902.288439817243
3862.009968328055	4297.210986598398	5691.192241768439	0.5082529910293166	2901.9338900706584
3863.2164694115686	4296.67011120592	5690.685625975642	0.5082294839136541	2901.579340324074
3864.4229704950826	4296.129235813442	5690.1789728401	0.5082059767979915	2901.22479057749
3865.629471578596	4295.588360420965	5689.672282357683	0.5081824696823288	2900.8702408309055
3866.83597266211	4295.047485028486	5689.165554524259	0.5081590265689797	2900.5156910843207
3868.042473745624	4294.506609636009	5688.658789335704	0.508135638290602	2900.1611413377364
3869.2489748291378	4293.965734243531	5688.1519867878815	0.5081122500122243	2899.806591591152
3870.4554759126518	4293.424858851054	5687.645146876663	0.5080888617338466	2899.4520418445677
3871.661976996166	4292.883983458575	5687.138269597915	0.5080654734554688	2899.097492097983
3872.8684780796793	4292.343108066098	5686.631354947505	0.508042085177091	2898.742942351398
3874.0749791631943	4291.802232673619	5686.124402921301	0.5080187576553759	2898.388392604814
3875.281480246708	4291.2613572811415	5685.617413515169	0.5079954873173793	2898.0338428582295
3876.487981330221	4290.720481888664	5685.110386724973	0.5079722169793827	2897.6792931116447
3877.694482413736	4290.179606496186	5684.60332254658	0.5079489466413861	2897.3247433650604
3878.9009834972494	4289.638731103707	5684.096220975852	0.5079256763033896	2896.970193618476
3880.1074845807634	4289.097855711229	5683.589082008655	0.507902405965393	2896.6156438718917
3881.3139856642774	4288.556980318752	5683.081905640852	0.5078791931839731	2896.261094125307
3882.520486747791	4288.016104926273	5682.574691868302	0.5078560398966684	2895.9065443787226
3883.726987831305	4287.475229533796	5682.067440686872	0.5078328866093638	2895.5519946321383
3884.9334889148186	4286.934354141318	5681.56015209242	0.507809733322059	2895.1974448855535
3886.1399899983335	4286.39347874884	5681.052826080807	0.5077865800347544	2894.842895138969
3887.3464910818475	4285.852603356362	5680.545462647894	0.5077634267474497	2894.488345392385
3888.55299216536	4285.311727963885	5680.038061789541	0.5077403278616637	2894.1337956458005
3889.759493248875	4284.770852571406	5679.530623501603	0.507717290742511	2893.7792458992158
3890.9659943323886	4284.2299771789285	5679.0231477799425	0.5076942536233585	2893.4246961526314
3892.1724954159026	4283.689101786451	5678.515634620417	0.5076712165042059	2893.070146406047
3893.3789964994166	4283.148226393973	5678.008084018882	0.5076481793850534	2892.715596659463
3894.58549758293	4282.607351001495	5677.500495971192	0.5076251422659007	2892.361046912878
3895.791998666444	4282.066475609017	5676.992870473207	0.5076021564377043	2892.0064971662932
3896.998499749958	4281.525600216539	5676.485207520779	0.5075792346112465	2891.651947419709
3898.205000833472	4280.984724824061	5675.977507109764	0.5075563127847886	2891.2973976731246
3899.411501916986	4280.443849431584	5675.469769236015	0.5075333909583308	2890.9428479265403
3900.6180030004994	4279.902974039106	5674.961993895387	0.5075104691318729	2890.5882981799555
3901.8245040840143	4279.362098646628	5674.454181083731	0.5074875473054151	2890.233748433371
3903.031005167528	4278.82122325415	5673.9463307969	0.507464673703322	2889.879198686787
3904.237506251042	4278.2803478616725	5673.438443030745	0.5074418663011203	2889.524648940202
3905.444007334556	4277.739472469194	5672.930517781116	0.5074190588989187	2889.1700991936177
3906.6505084180694	4277.198597076716	5672.422555043866	0.507396251496717	2888.8155494470334
3907.8570095015834	4276.657721684239	5671.914554814843	0.5073734440945152	2888.460999700449
3909.0635105850974	4276.11684629176	5671.406517089895	0.5073506366923135	2888.1064499538643
3910.270011668611	4275.575970899283	5670.898441864873	0.5073278744913364	2887.75190020728
3911.476512752125	4275.035095506805	5670.390329135622	0.5073051806519042	2887.3973504606956
3912.683013835639	4274.494220114327	5669.882178897991	0.5072824868124719	2887.0428007141113
3913.8895149191526	4273.953344721849	5669.373991147826	0.5072597929730397	2886.6882509675265
3915.0960160026675	4273.412469329372	5668.865765880974	0.5072370991336074	2886.333701220942
3916.302517086181	4272.871593936893	5668.35750309328	0.5072144052941752	2885.9791514743574
3917.509018169695	4272.3307185444155	5667.849202780587	0.5071917536757667	2885.6246017277736
3918.715519253209	4271.789843151938	5667.34086493874	0.5071691725445071	2885.2700519811888
3919.9220203367227	4271.24896775946	5666.832489563584	0.5071465914132475	2884.915502234604
3921.1285214202367	4270.708092366982	5666.324076650961	0.5071240102819878	2884.5609524880197
3922.33502250375	4270.167216974504	5665.815626196712	0.5071014291507282	2884.2064027414353
3923.5415235872642	4269.626341582027	5665.307138196682	0.5070788480194686	2883.8518529948506
3924.7480246707782	4269.085466189548	5664.7986126467085	0.5070563061714649	2883.4973032482662
3925.954525754292	4268.544590797071	5664.290049542634	0.5070338369006069	2883.142753501682
3927.1610268378067	4268.003715404593	5663.781448880299	0.5070113676297489	2882.7882037550976
3928.3675279213194	4267.462840012115	5663.272810655539	0.5069888983588908	2882.433654008513
3929.5740290048334	4266.921964619636	5662.7641348641955	0.5069664290880328	2882.0791042619285
3930.7805300883483	4266.381089227159	5662.255421502108	0.5069439598171748	2881.724554515344
3931.987031171862	4265.84021383468	5661.74667056511	0.5069215269337375	2881.3700047687594
3933.193532255376	4265.2993384422025	5661.237882049041	0.5068991686822732	2881.015455022175
3934.4000333388894	4264.758463049725	5660.729055949738	0.5068768104308091	2880.6609052755907
3935.6065344224035	4264.217587657247	5660.220192263034	0.5068544521793449	2880.3063555290064
3936.8130355059175	4263.676712264769	5659.711290984763	0.5068320939278808	2879.9518057824216
3938.019536589431	4263.135836872291	5659.202352110763	0.5068097356764165	2879.5972560358373
3939.226037672946	4262.594961479813	5658.693375636866	0.5067874109579765	2879.242706289253
3940.432538756459	4262.054086087335	5658.184361558905	0.5067651628916003	2878.8881565426686
3941.6390398399726	4261.513210694858	5657.675309872712	0.5067429148252243	2878.533606796084
3942.8455409234875	4260.97233530238	5657.166220574121	0.5067206667588482	2878.179057049499
3944.052042007001	4260.431459909902	5656.657093658959	0.506698418692472	2877.8245073029148
3945.258543090515	4259.890584517424	5656.147929123061	0.5066761706260959	2877.4699575563304
3946.465044174029	4259.3497091249465	5655.638726962255	0.5066539532792977	2877.1154078097456
3947.6715452575427	4258.808833732468	5655.129487172369	0.5066318145703438	2876.7608580631613
3948.8780463410567	4258.26795833999	5654.620209749235	0.5066096758613898	2876.406308316577
3950.0845474245707	4257.727082947513	5654.11089468868	0.5065875371524358	2876.0517585699927
3951.2910485080843	4257.186207555034	5653.601541986529	0.5065653984434818	2875.697208823408
3952.4975495915983	4256.645332162557	5653.092151638612	0.5065432597345279	2875.3426590768236
3953.704050675112	4256.104456770079	5652.582723640755	0.5065211489721737	2874.9881093302392
3954.9105517586268	4255.563581377601	5652.073257988782	0.5064991187995556	2874.633559583655
3956.1170528421408	4255.022705985123	5651.56375467852	0.5064770886269373	2874.27900983707
3957.3235539256543	4254.481830592646	5651.054213705792	0.506455058454319	2873.924460090486
3958.5300550091683	4253.940955200168	5650.5446350664215	0.5064330282817009	2873.5699103439015
3959.736556092682	4253.4000798076895	5650.035018756233	0.5064109981090826	2873.215360597317
3960.943057176196	4252.859204415212	5649.525364771049	0.506388993150078	2872.8608108507324
3962.14955825971	4252.318329022733	5649.01567310669	0.5063670706992287	2872.506261104148
3963.3560593432235	4251.777453630256	5648.50594375898	0.5063451482483795	2872.1517113575633
3964.5625604267375	4251.236578237778	5647.996176723737	0.5063232257975302	2871.7971616109794
3965.769061510251	4250.695702845301	5647.486371996783	0.5063013033466809	2871.4426118643946
3966.975562593765	4250.154827452822	5646.976529573936	0.5062793808958316	2871.08806211781
3968.18206367728	4249.613952060345	5646.466649451017	0.506257480965131	2870.7335123712255
3969.3885647607926	4249.073076667867	5645.956731623844	0.5062356654279445	2870.378962624641
3970.5950658443076	4248.532201275389	5645.44677608823	0.506213849890758	2870.0244128780564
3971.801566927821	4247.991325882911	5644.936782839997	0.5061920343535715	2869.669863131472
3973.008068011335	4247.4504504904335	5644.426751874961	0.506170218816385	2869.3153133848878
3974.214569094849	4246.909575097955	5643.916683188936	0.5061484032791986	2868.9607636383034
3975.4210701783627	4246.368699705477	5643.40657677774	0.5061266076077519	2868.6062138917187
3976.6275712618767	4245.827824313	5642.896432637184	0.5061048981825224	2868.2516641451343
3977.8340723453907	4245.286948920521	5642.386250763084	0.5060831887572929	2867.89711439855
3979.0405734289043	4244.746073528044	5641.876031151253	0.5060614793320634	2867.542564651965
3980.247074512419	4244.205198135565	5641.365773797504	0.5060397699068339	2867.188014905381
3981.4535755959323	4243.664322743088	5640.855478697649	0.5060180604816044	2866.8334651587966
3982.660076679446	4243.123447350609	5640.3451458474965	0.5059963683063028	2866.4789154122122
3983.866577762961	4242.582571958132	5639.834775242863	0.5059747641976695	2866.1243656656275
3985.0730788464743	4242.041696565654	5639.324366879556	0.5059531600890362	2865.769815919043
3986.2795799299884	4241.500821173176	5638.813920753382	0.505931555980403	2865.415266172459
3987.4860810135024	4240.959945780698	5638.303436860154	0.5059099518717697	2865.0607164258745
3988.692582097016	4240.4190703882205	5637.79291519568	0.5058883477631364	2864.7061666792897
3989.89908318053	4239.878194995742	5637.282355755765	0.5058667583267619	2864.351616932705
3991.1055842640435	4239.337319603264	5636.771758536219	0.5058452587456478	2863.9970671861206
3992.3120853475584	4238.796444210787	5636.261123532849	0.5058237591645337	2863.6425174395363
3993.5185864310715	4238.255568818308	5635.750450741458	0.5058022595834196	2863.2879676929515
3994.725087514585	4237.714693425831	5635.239740157853	0.5057807600023055	2862.933417946367
3995.9315885981	4237.173818033353	5634.728991777839	0.5057592604211915	2862.578868199783
3997.1380896816136	4236.632942640875	5634.218205597217	0.5057377729723619	2862.2243184531985
3998.3445907651276	4236.092067248397	5633.7073816117945	0.50571637713592	2861.8697687066137
3999.5510918486416	4235.55119185592	5633.196519817374	0.5056949812994782	2861.5152189600294
4000.757592932155	4235.010316463441	5632.685620209753	0.5056735854630364	2861.160669213445
4001.964094015669	4234.4694410709635	5632.174682784738	0.5056521896265945	2860.8061194668608
4003.1705950991827	4233.928565678486	5631.663707538129	0.5056307937901527	2860.451569720276
4004.3770961826967	4233.387690286008	5631.1526944657235	0.5056094075832727	2860.0970199736917
4005.5835972662107	4232.84681489353	5630.641643563324	0.5055881147148285	2859.7424702271073
4006.7900983497243	4232.305939501052	5630.130554826728	0.5055668218463842	2859.387920480523
4007.996599433239	4231.765064108575	5629.619428251735	0.5055455289779399	2859.0333707339382
4009.203100516753	4231.224188716096	5629.108263834141	0.5055242361094957	2858.678820987354
4010.409601600266	4230.683313323619	5628.597061569747	0.5055029432410515	2858.3242712407696
4011.616102683781	4230.142437931141	5628.085821454346	0.5054816575362603	2857.9697214941853
4012.8226037672944	4229.601562538663	5627.574543483734	0.5054604668652549	2857.6151717476005
4014.0291048508084	4229.060687146185	5627.063227653709	0.5054392761942497	2857.2606220010157
4015.2356059343224	4228.5198117537075	5626.551873960064	0.5054180855232443	2856.9060722544314
4016.442107017836	4227.978936361229	5626.040482398591	0.505396894852239	2856.551522507847
4017.64860810135	4227.438060968751	5625.529052965087	0.5053757041812337	2856.1969727612623
4018.855109184864	4226.897185576274	5625.017585655343	0.5053545182443544	2855.842423014678
4020.0616102683775	4226.356310183795	5624.506080465151	0.5053334290062911	2855.4878732680936
4021.2681113518925	4225.815434791318	5623.994537390305	0.5053123397682278	2855.1333235215093
4022.474612435405	4225.27455939884	5623.482956426593	0.5052912505301645	2854.7787737749245
4023.68111351892	4224.733684006363	5622.9713375698075	0.5052701612921012	2854.42422402834
4024.887614602434	4224.192808613884	5622.459680815735	0.5052490720540379	2854.069674281756
4026.0941156859476	4223.651933221407	5621.947986160168	0.505227985156528	2853.715124535171
4027.3006167694616	4223.111057828928	5621.436253598891	0.5052069965929171	2853.3605747885867
4028.507117852975	4222.5701824364505	5620.924483127697	0.5051860080293062	2853.0060250420024
4029.713618936489	4222.029307043973	5620.4126747423725	0.5051650194656953	2852.651475295418
4030.920120020003	4221.4884316514945	5619.9008284387	0.5051440309020844	2852.2969255488333
4032.1266211035168	4220.947556259016	5619.388944212467	0.5051230423384735	2851.942375802249
4033.3331221870317	4220.406680866538	5618.877022059461	0.5051020537748626	2851.587826055664
4034.5396232705443	4219.865805474061	5618.365061975464	0.5050811651156791	2851.2332763090803
4035.7461243540583	4219.324930081582	5617.853063956261	0.5050602764739827	2850.8787265624956
4036.9526254375733	4218.784054689105	5617.341027997639	0.5050393878322862	2850.524176815911
4038.159126521087	4218.243179296627	5616.828954095375	0.5050184991905897	2850.1696270693265
4039.365627604601	4217.70230390415	5616.3168422452545	0.5049976105488932	2849.8150773227426
4040.5721286881144	4217.161428511671	5615.804692443057	0.5049767219071967	2849.4605275761573
4041.7786297716284	4216.620553119194	5615.292504684568	0.5049559301003642	2849.105977829573
4042.9851308551424	4216.079677726715	5614.780278965561	0.5049351406339437	2848.7514280829887
4044.191631938656	4215.5388023342375	5614.268015281822	0.5049143511675234	2848.3968783364044
4045.39813302217	4214.99792694176	5613.755713629128	0.5048935617011029	2848.0423285898196
4046.604634105684	4214.457051549282	5613.243374003256	0.5048727722346825	2847.6877788432353
4047.8111351891976	4213.916176156804	5612.730996399983	0.5048519827682622	2847.333229096651
4049.0176362727125	4213.375300764326	5612.218580815091	0.5048312871076924	2846.9786793500666
4050.224137356226	4212.834425371849	5611.706127244352	0.5048105960757567	2846.624129603482
4051.430638439739	4212.29354997937	5611.193635683543	0.504789905043821	2846.2695798568975
4052.637139523254	4211.752674586893	5610.681106128442	0.5047692140118853	2845.915030110313
4053.8436406067676	4211.211799194415	5610.168538574821	0.5047485229799498	2845.560480363729
4055.0501416902816	4210.670923801937	5609.655933018453	0.5047278319480141	2845.205930617144
4056.2566427737956	4210.130048409459	5609.1432894551135	0.5047072317330045	2844.8513808705598
4057.463143857309	4209.5891730169815	5608.6306078805765	0.5046866384005547	2844.4968311239754
4058.669644940823	4209.048297624503	5608.117888290611	0.504666045068105	2844.142281377391
4059.876146024337	4208.507422232025	5607.605130680991	0.5046454517356552	2843.7877316308063
4061.0826471078517	4207.966546839548	5607.092335047488	0.5046248584032055	2843.4331818842215
4062.2891481913657	4207.425671447069	5606.579501385868	0.5046042650707557	2843.078632137637
4063.4956492748784	4206.884796054592	5606.066629691906	0.5045837596059437	2842.724082391053
4064.7021503583933	4206.343920662114	5605.553719961368	0.5045632632437235	2842.369532644468
4065.908651441907	4205.803045269637	5605.040772190023	0.5045427668815032	2842.014982897884
4067.115152525421	4205.262169877158	5604.527786373639	0.5045222705192829	2841.6604331512995
4068.321653608935	4204.721294484681	5604.0147625079835	0.5045017741570627	2841.305883404715
4069.5281546924484	4204.180419092203	5603.501700588822	0.5044812777948424	2840.9513336581304
4070.7346557759624	4203.6395436997245	5602.988600611921	0.5044608663901584	2840.596783911546
4071.941156859476	4203.098668307247	5602.475462573047	0.5044404662746018	2840.2422341649617
4073.14765794299	4202.557792914769	5601.962286467962	0.5044200661590451	2839.887684418377
4074.354159026505	4202.016917522291	5601.449072292432	0.5043996660434885	2839.5331346717926
4075.5606601100176	4201.476042129813	5600.93582004222	0.5043792659279319	2839.1785849252083
4076.7671611935325	4200.935166737336	5600.422529713091	0.5043588658123752	2838.824035178624
4077.973662277046	4200.394291344857	5599.909201300801	0.5043385477829965	2838.469485432039
4079.18016336056	4199.85341595238	5599.395834801117	0.504318243196177	2838.114935685455
4080.386664444074	4199.312540559902	5598.882430209799	0.5042979386093576	2837.7603859388705
4081.5931655275876	4198.771665167423	5598.3689875226055	0.5042776340225381	2837.405836192286
4082.7996666111017	4198.230789774945	5597.855506735299	0.5042573294357187	2837.0512864457014
4084.0061676946157	4197.689914382468	5597.341987843635	0.5042370248488992	2836.6967366991166
4085.2126687781292	4197.149038989989	5596.828430843374	0.5042167995152044	2836.3421869525323
4086.4191698616432	4196.6081635975115	5596.314835730273	0.5041965897447852	2835.987637205948
4087.6256709451573	4196.067288205034	5595.801202500091	0.5041763799743662	2835.633087459363
4088.832172028671	4195.526412812556	5595.287531148582	0.504156170203947	2835.278537712779
4090.0386731121857	4194.985537420078	5594.773821671502	0.5041359604335279	2834.9239879661945
4091.2451741956993	4194.4446620276	5594.260074064608	0.5041157506631088	2834.56943821961
4092.4516752792133	4193.903786635123	5593.746288323653	0.5040956173506326	2834.2148884730254
4093.6581763627273	4193.362911242644	5593.232464444392	0.5040755016898162	2833.860338726441
4094.864677446241	4192.822035850167	5592.7186024225775	0.5040553860289998	2833.505788979857
4096.071178529754	4192.281160457689	5592.204702253963	0.5040352703681835	2833.1512392332725
4097.277679613268	4191.7402850652115	5591.6907639343	0.5040151547073671	2832.7966894866877
4098.4841806967825	4191.199409672733	5591.17678745934	0.5039950390465507	2832.4421397401034
4099.6906817802965	4190.6585342802555	5590.662772824834	0.5039749970859391	2832.087589993519
4100.8971828638105	4190.117658887777	5590.148720026531	0.5039549748334181	2831.7330402469347
4102.1036839473245	4189.576783495299	5589.634629060183	0.503934952580897	2831.37849050035
4103.3101850308385	4189.035908102822	5589.120499921537	0.5039149303283761	2831.0239407537656
4104.5166861143525	4188.495032710343	5588.606332606342	0.5038949080758551	2830.669391007181
4105.7231871978665	4187.954157317866	5588.092127110346	0.5038748858233341	2830.3148412605965
4106.92968828138	4187.413281925388	5587.577883429295	0.5038549345503005	2829.960291514012
4108.136189364894	4186.872406532911	5587.063601558936	0.5038350050102096	2829.605741767428
4109.342690448408	4186.331531140432	5586.549281495015	0.5038150754701188	2829.2511920208435
4110.549191531922	4185.790655747955	5586.0349232332765	0.5037951459300279	2828.8966422742587
4111.755692615436	4185.249780355477	5585.5205267694655	0.503775216389937	2828.542092527674
4112.96219369895	4184.7089049629985	5585.0060920993255	0.5037552868498463	2828.1875427810896
4114.168694782464	4184.168029570521	5584.4916192186	0.5037354256051267	2827.8329930345053
4115.375195865978	4183.627154178043	5583.977108123031	0.5037155880869928	2827.4784432879205
4116.581696949492	4183.086278785565	5583.46255880836	0.5036957505688588	2827.123893541336
4117.788198033006	4182.545403393087	5582.947971270331	0.5036759130507249	2826.769343794752
4118.994699116519	4182.00452800061	5582.4333455046835	0.503656075532591	2826.4147940481676
4120.201200200033	4181.463652608132	5581.918681507156	0.503636238014457	2826.0602443015828
4121.407701283547	4180.922777215654	5581.403979273489	0.5036164661437678	2825.7056945549984
4122.614202367061	4180.381901823176	5580.889238799422	0.5035967199624635	2825.351144808414
4123.820703450575	4179.841026430698	5580.374460080691	0.5035769737811593	2824.99659506183
4125.027204534089	4179.30015103822	5579.859643113036	0.5035572275998551	2824.642045315245
4126.233705617603	4178.7592756457425	5579.344787892194	0.5035374814185509	2824.2874955686607
4127.440206701117	4178.218400253264	5578.8298944139	0.5035177352372466	2823.932945822076
4128.646707784631	4177.677524860786	5578.314962673888	0.5034980520912404	2823.5783960754916
4129.853208868145	4177.136649468309	5577.799992667896	0.5034783965669362	2823.223846328907
4131.059709951658	4176.59577407583	5577.2849843916565	0.503458741042632	2822.869296582323
4132.266211035172	4176.054898683352	5576.769937840904	0.5034390855183278	2822.5147468357386
4133.472712118686	4175.514023290874	5576.254853011373	0.5034194299940237	2822.160197089154
4134.6792132022	4174.973147898397	5575.739729898793	0.5033997744697195	2821.805647342569
4135.885714285714	4174.432272505918	5575.2245684988975	0.5033801794039432	2821.4510975959847
4137.092215369228	4173.891397113441	5574.709368807418	0.5033606138620609	2821.0965478494004
4138.298716452742	4173.350521720963	5574.194130820084	0.5033410483201785	2820.741998102816
4139.505217536256	4172.809646328485	5573.678854532625	0.5033214827782961	2820.3874483562313
4140.71171861977	4172.268770936007	5573.163539940773	0.5033019172364138	2820.032898609647
4141.918219703283	4171.7278955435295	5572.648187040255	0.5032823516945315	2819.6783488630626
4143.124720786797	4171.187020151052	5572.1327958268	0.5032628440693843	2819.3237991164783
4144.331221870311	4170.646144758573	5571.617366296131	0.5032433678405502	2818.9692493698935
4145.537722953825	4170.105269366096	5571.10189844398	0.5032238916117161	2818.614699623309
4146.744224037339	4169.564393973617	5570.586392266071	0.503204415382882	2818.260149876725
4147.950725120853	4169.02351858114	5570.07084775813	0.5031849391540478	2817.9056001301406
4149.157226204367	4168.482643188662	5569.555264915882	0.5031654629252138	2817.551050383556
4150.363727287881	4167.941767796184	5569.039643735049	0.5031460421059052	2817.196500636971
4151.570228371395	4167.400892403706	5568.523984211359	0.5031266545259048	2816.8419508903867
4152.776729454909	4166.860017011229	5568.0082863405305	0.5031072669459044	2816.4874011438023
4153.9832305384225	4166.319141618751	5567.492550118288	0.503087879365904	2816.132851397218
4155.1897316219365	4165.7782662262725	5566.976775540352	0.5030684917859036	2815.7783016506337
4156.3962327054505	4165.237390833795	5566.460962602444	0.5030491042059032	2815.4237519040494
4157.6027337889645	4164.696515441317	5565.945111300286	0.5030297695624111	2815.0692021574646
4158.809234872479	4164.155640048839	5565.429221629596	0.503010469972142	2814.71465241088
4160.015735955993	4163.614764656361	5564.9132935860935	0.502991170381873	2814.3601026642955
4161.222237039507	4163.073889263884	5564.397327165497	0.5029718707916039	2814.005552917711
4162.428738123021	4162.533013871405	5563.881322363523	0.5029525712013349	2813.6510031711264
4163.635239206535	4161.992138478928	5563.365279175892	0.5029332716110658	2813.296453424542
4164.841740290049	4161.45126308645	5562.849197598319	0.5029140225180968	2812.9419036779577
4166.048241373562	4160.910387693973	5562.333077626519	0.502894810263527	2812.5873539313734
4167.254742457076	4160.369512301494	5561.816919256206	0.5028755980089572	2812.2328041847886
4168.46124354059	4159.8286369090165	5561.300722483098	0.5028563857543874	2811.8782544382043
4169.667744624104	4159.287761516539	5560.784487302908	0.5028371734998176	2811.52370469162
4170.874245707618	4158.74688612406	5560.268213711348	0.5028179612452478	2811.1691549450356
4172.080746791132	4158.206010731583	5559.751901704132	0.5027987970821957	2810.814605198451
4173.287247874646	4157.665135339104	5559.235551276972	0.5027796715143155	2810.4600554518665
4174.49374895816	4157.124259946627	5558.719162425578	0.5027605459464352	2810.1055057052818
4175.700250041674	4156.583384554149	5558.202735145664	0.5027414203785548	2809.7509559586974
4176.906751125187	4156.042509161672	5557.6862694329375	0.5027222948106747	2809.396406212113
4178.113252208701	4155.501633769193	5557.169765283108	0.5027031692427943	2809.041856465529
4179.319753292215	4154.960758376716	5556.653222691886	0.5026840893937001	2808.6873067189445
4180.526254375729	4154.419882984238	5556.13664165498	0.5026650498684797	2808.3327569723597
4181.732755459243	4153.8790075917595	5555.620022168095	0.5026460103432593	2807.978207225775
4182.939256542757	4153.338132199281	5555.10336422694	0.5026269708180389	2807.6236574791906
4184.145757626271	4152.7972568068035	5554.5866678272205	0.5026079312928184	2807.2691077326062
4185.352258709785	4152.256381414325	5554.069932964642	0.5025888917675981	2806.914557986022
4186.558759793299	4151.715506021847	5553.553159634912	0.5025698956211107	2806.560008239437
4187.765260876813	4151.17463062937	5553.036347833735	0.5025509414994569	2806.205458492853
4188.971761960326	4150.633755236892	5552.519497556811	0.5025319873778032	2805.8509087462685
4190.17826304384	4150.092879844414	5552.002608799844	0.5025130332561496	2805.496358999684
4191.384764127354	4149.552004451936	5551.485681558539	0.5024940791344958	2805.1418092530994
4192.591265210868	4149.011129059459	5550.968715828597	0.5024751250128422	2804.787259506515
4193.797766294382	4148.47025366698	5550.451711605718	0.5024562119621786	2804.4327097599307
4195.004267377896	4147.929378274503	5549.934668885602	0.5024373426098909	2804.0781600133464
4196.21076846141	4147.388502882025	5549.417587663954	0.5024184732576032	2803.7236102667616
4197.417269544924	4146.8476274895465	5548.900467936466	0.5023996039053156	2803.369060520177
4198.623770628438	4146.306752097069	5548.383309698843	0.5023807345530279	2803.0145107735925
4199.830271711952	4145.7658767045905	5547.866112946779	0.5023618652007402	2802.659961027008
4201.036772795465	4145.225001312113	5547.348877675973	0.502343034643647	2802.305411280424
4202.243273878979	4144.684125919635	5546.831603882122	0.5023242494313752	2801.9508615338395
4203.449774962493	4144.143250527158	5546.314291560923	0.5023054642191034	2801.5963117872548
4204.656276046007	4143.602375134679	5545.796940708068	0.5022866790068315	2801.2417620406704
4205.862777129521	4143.061499742202	5545.279551319256	0.5022678937945597	2800.8872122940857
4207.069278213035	4142.520624349724	5544.762123390177	0.5022491085822879	2800.5326625475013
4208.275779296549	4141.979748957246	5544.244656916529	0.502230359921002	2800.178112800917
4209.4822803800635	4141.438873564768	5543.727151894001	0.5022116582242023	2799.823563054332
4210.6887814635775	4140.8979981722905	5543.209608318288	0.5021929565274026	2799.469013307748
4211.895282547091	4140.357122779813	5542.69202618508	0.502174254830603	2799.1144635611636
4213.101783630605	4139.816247387334	5542.174405490068	0.5021555531338032	2798.7599138145792
4214.308284714119	4139.275371994857	5541.656746228944	0.5021368514370035	2798.4053640679945
4215.514785797633	4138.734496602379	5541.139048397396	0.5021181840782144	2798.05081432141
4216.721286881147	4138.193621209901	5540.621311991113	0.5020995652771107	2797.696264574826
4217.927787964661	4137.652745817423	5540.103537005786	0.5020809464760072	2797.3417148282415
4219.134289048175	4137.111870424946	5539.585723437101	0.5020623276749036	2796.9871650816567
4220.340790131689	4136.570995032467	5539.067871280741	0.5020437088738	2796.6326153350724
4221.547291215203	4136.03011963999	5538.5499805324	0.5020250900726964	2796.2780655884876
4222.753792298717	4135.489244247511	5538.032051187758	0.5020065034275086	2795.9235158419033
4223.96029338223	4134.9483688550345	5537.514083242505	0.50198796690704794	2795.568966095319
4225.166794465744	4134.407493462556	5536.996076692321	0.5019694303865874	2795.2144163487346
4226.373295549258	4133.866618070078	5536.478031532894	0.5019508938661267	2794.8598666021503
4227.579796632772	4133.325742677601	5535.959947759904	0.501932357345666	2794.5053168555655
4228.786297716286	4132.784867285122	5535.441825369035	0.5019138208252053	2794.1507671089807
4229.9927987998	4132.243991892645	5534.923664355969	0.5018953143091003	2793.7962173623964
4231.199299883314	4131.703116500166	5534.405464716386	0.5018768594589132	2793.441667615812
4232.405800966828	4131.162241107688	5533.887226445969	0.5018584046087261	2793.0871178692278
4233.612302050342	4130.62136571521	5533.368949540398	0.5018399497585391	2792.732568122643
4234.818803133856	4130.080490322732	5532.850633995348	0.501821494908352	2792.3780183760587
4236.025304217369	4129.539614930254	5532.332279806505	0.501803040058165	2792.0234686294743
4237.231805300883	4128.998739537777	5531.813886969541	0.5017846130909642	2791.66891888289
4238.438306384397	4128.457864145299	5531.295455480136	0.5017662393053237	2791.3143691363052
4239.644807467911	4127.9169887528205	5530.776985333966	0.5017478655196831	2790.959819389721
4240.851308551425	4127.376113360343	5530.258476526709	0.5017294917340425	2790.6052696431366
4242.057809634939	4126.835237967865	5529.739929054039	0.5017111179484018	2790.2507198965523
4243.264310718453	4126.294362575387	5529.22134291163	0.5016927441627613	2789.8961701499675
4244.470811801967	4125.753487182909	5528.702718095158	0.5016743961685898	2789.5416204033827
4245.677312885481	4125.212611790431	5528.184054600296	0.5016561028463706	2789.1870706567984
4246.883813968994	4124.671736397954	5527.665352422719	0.5016378095241515	2788.8325209102145
4248.090315052508	4124.130861005476	5527.146611558094	0.5016195162019323	2788.4779711636297
4249.296816136022	4123.589985612998	5526.627832002098	0.5016012228797132	2788.1234214170454
4250.503317219536	4123.049110220521	5526.1090137504	0.5015829295574941	2787.7688716704606
4251.70981830305	4122.508234828042	5525.590156798669	0.5015646599647435	2787.414321923876
4252.916319386564	4121.9673594355645	5525.071261142577	0.5015464465093835	2787.0597721772915
4254.122820470078	4121.426484043086	5524.552326777792	0.5015282330540236	2786.705222430707
4255.329321553592	4120.885608650608	5524.0333536999815	0.5015100195986636	2786.350672684123
4256.535822637106	4120.344733258131	5523.514341904817	0.5014918061433037	2785.996122937538
4257.74232372062	4119.803857865652	5522.995291387961	0.5014735926879437	2785.6415731909537
4258.948824804133	4119.262982473175	5522.476202145082	0.501455400929237	2785.2870234443694
4260.155325887647	4118.722107080697	5521.957074171847	0.5014372667486966	2784.932473697785
4261.3618269711615	4118.18123168822	5521.43790746392	0.5014191325681561	2784.5779239512003
4262.5683280546755	4117.640356295741	5520.918702016964	0.5014009983876155	2784.223374204616
4263.7748291381895	4117.099480903264	5520.399457826647	0.501382864207075	2783.8688244580317
4264.9813302217035	4116.558605510786	5519.880174888629	0.5013647300265345	2783.5142747114473
4266.1878313052175	4116.017730118308	5519.360853198572	0.5013466155386896	2783.1597249648626
4267.3943323887315	4115.47685472583	5518.841492752141	0.5013285600454123	2782.805175218278
4268.6008334722455	4114.935979333352	5518.322093544995	0.5013105045521349	2782.4506254716935
4269.80733455576	4114.395103940874	5517.802655572795	0.5012924490588575	2782.096075725109
4271.013835639273	4113.854228548396	5517.283178831202	0.5012743935655801	2781.741525978525
4272.220336722787	4113.313353155919	5516.763663315876	0.5012563380723026	2781.3869762319405
4273.426837806301	4112.772477763441	5516.244109022474	0.5012383002962972	2781.032426485356
4274.633338889815	4112.231602370963	5515.724515946653	0.5012203229071721	2780.6778767387714
4275.839839973329	4111.690726978485	5515.2048840840735	0.501202345518047	2780.3233269921866
4277.046341056843	4111.149851586007	5514.68521343039	0.5011843681289219	2779.9687772456023
4278.252842140357	4110.608976193529	5514.16550398126	0.5011663907397966	2779.614227499018
4279.459343223871	4110.0681008010515	5513.64575573234	0.5011484133506715	2779.2596777524336
4280.665844307385	4109.527225408573	5513.12596867928	0.5011304517316083	2778.905128005849
4281.872345390898	4108.9863500160955	5512.606142817741	0.501112551867931	2778.5505782592645
4283.078846474412	4108.445474623617	5512.086278143372	0.5010946520042538	2778.19602851268
4284.285347557926	4107.904599231139	5511.566374651826	0.5010767521405766	2777.841478766096
4285.49184864144	4107.363723838661	5511.046432338756	0.5010588522768993	2777.486929019511
4286.698349724954	4106.822848446183	5510.526451199816	0.5010409524132221	2777.1323792729268
4287.904850808468	4106.281973053706	5510.006431230654	0.5010230664002938	2776.7778295263424
4289.111351891982	4105.741097661227	5509.486372426919	0.5010052434877289	2776.423279779758
4290.317852975496	4105.20022226875	5508.966274784264	0.5009874205751639	2776.0687300331733
4291.52435405901	4104.659346876272	5508.446138298337	0.5009695976625989	2775.7141802865885
4292.730855142524	4104.118471483794	5507.925962964785	0.5009517747500338	2775.359630540004
4293.937356226037	4103.577596091316	5507.405748779259	0.5009339518374689	2775.0050807934203
4295.143857309551	4103.0367206988385	5506.8854957374015	0.5009161408839243	2774.6505310468356
4296.350358393065	4102.495845306361	5506.365203834864	0.500898394352467	2774.2959813002512
4297.556859476579	4101.954969913882	5505.844873067285	0.5008806478210095	2773.9414315536665
4298.763360560093	4101.414094521405	5505.324503430317	0.5008629012895521	2773.5868818070817
4299.969861643607	4100.873219128926	5504.8040949196	0.5008451547580948	2773.2323320604974
4301.176362727121	4100.332343736449	5504.283647530782	0.5008274082266374	2772.877782313913
4302.382863810635	4099.791468343971	5503.763161259502	0.5008096717897468	2772.5232325673287
4303.589364894149	4099.250592951493	5503.242636101402	0.5007920010736863	2772.168682820744
4304.795865977663	4098.709717559015	5502.722072052128	0.5007743303576258	2771.8141330741596
4306.002367061176	4098.168842166538	5502.201469107319	0.5007566596415652	2771.4595833275753
4307.20886814469	4097.62796677406	5501.680827262614	0.5007389889255048	2771.105033580991
4308.415369228204	4097.087091381582	5501.1601465136555	0.5007213182094443	2770.750483834406
4309.621870311718	4096.546215989104	5500.639426856082	0.5007036557504662	2770.395934087822
4310.828371395232	4096.005340596626	5500.1186682855305	0.5006860602883489	2770.0413843412375
4312.034872478746	4095.464465204148	5499.59787079764	0.5006684648262316	2769.686834594653
4313.24137356226	4094.9235898116704	5499.077034388049	0.5006508693641143	2769.3322848480684
4314.447874645774	4094.382714419193	5498.556159052392	0.500633273901997	2768.9777351014836
4315.654375729288	4093.8418390267143	5498.035244786307	0.5006156784398796	2768.6231853548993
4316.8608768128015	4093.3009636342367	5497.514291585428	0.5005980894240274	2768.2686356083154
4318.0673778963155	4092.760088241759	5496.993299445389	0.5005805686586202	2767.9140858617307
4319.2738789798295	4092.2192128492816	5496.4722683618265	0.500563047893213	2767.5595361151463
4320.4803800633435	4091.678337456803	5495.951198330371	0.500545527127806	2767.2049863685615
4321.686881146858	4091.137462064325	5495.430089346657	0.5005280063623988	2766.850436621977
4322.893382230372	4090.5965866718475	5494.908941406317	0.5005104855969916	2766.4958868753924
4324.099883313886	4090.055711279369	5494.387754504981	0.5004929694934	2766.141337128808
4325.3063843974	4089.5148358868914	5493.86652863828	0.5004755228716545	2765.786787382224
4326.512885480914	4088.973960494413	5493.345263801844	0.5004580762499089	2765.4322376356395
4327.719386564428	4088.4330851019354	5492.823959991304	0.5004406296281634	2765.0776878890547
4328.925887647941	4087.892209709458	5492.302617202288	0.5004231830064179	2764.7231381424704
4330.132388731455	4087.3513343169802	5491.781235430423	0.5004057363846723	2764.368588395886
4331.338889814969	4086.8104589245017	5491.259814671337	0.5003882926663655	2764.0140386493017
4332.545390898483	4086.269583532024	5490.738354920658	0.5003709196393814	2763.659488902717
4333.751891981997	4085.7287081395466	5490.21685617401	0.5003535466123974	2763.3049391561326
4334.958393065511	4085.187832747068	5489.69531842702	0.5003361735854133	2762.9503894095483
4336.164894149025	4084.6469573545905	5489.173741675313	0.5003188005584293	2762.595839662964
4337.371395232539	4084.106081962113	5488.652125914514	0.5003014275314451	2762.241289916379
4338.577896316053	4083.5652065696345	5488.1304711402445	0.5002840556753035	2761.8867401697944
4339.784397399567	4083.024331177157	5487.608777348128	0.5002667556982945	2761.53219042321
4340.99089848308	4082.4834557846793	5487.087044533788	0.5002494557212853	2761.1776406766257
4342.197399566594	4081.9425803922018	5486.565272692845	0.5002321557442763	2760.8230909300414
4343.403900650108	4081.4017049997233	5486.043461820919	0.5002148557672671	2760.4685411834566
4344.610401733622	4080.8608296072457	5485.521611913632	0.5001975557902579	2760.1139914368723
4345.816902817136	4080.3199542147677	5484.999722966604	0.5001802558132489	2759.7594416902875
4347.02340390065	4079.779078822289	5484.477794975452	0.5001630278092437	2759.404891943703
4348.229904984164	4079.2382034298116	5483.955827935796	0.5001458003415007	2759.050342197119
4349.436406067678	4078.697328037334	5483.433821843253	0.5001285728737577	2758.6957924505346
4350.642907151192	4078.1564526448556	5482.911776693439	0.5001113454060147	2758.34124270395
4351.849408234705	4077.615577252378	5482.389692481973	0.5000941179382716	2757.9866929573654
4353.055909318219	4077.0747018599004	5481.867569204468	0.5000768904705286	2757.632143210781
4354.262410401733	4076.533826467423	5481.345406856541	0.500059732757226	2757.277593464197
4355.468911485247	4075.9929510749444	5480.823205433804	0.500042577262084	2756.923043717612
4356.675412568761	4075.452075682467	5480.300964931873	0.500025421766942	2756.5684939710277
4357.881913652275	4074.9112002899883	5479.778685346359	0.5000082662718	2756.2139442244434
4359.088414735789	4074.3703248975107	5479.256366672877	0.49999111077665787	2755.859394477859
4360.294915819303	4073.829449505033	5478.734008907038	0.49997395528151584	2755.5048447312743
4361.501416902817	4073.2885741125547	5478.2116120444525	0.4999568673511838	2755.1502949846895
4362.707917986331	4072.747698720077	5477.68917608073	0.49993978329598654	2754.795745238105
4363.914419069844	4072.2068233275995	5477.166701011483	0.49992269924078936	2754.4411954915213
4365.120920153358	4071.665947935122	5476.644186832318	0.4999056151855921	2754.0866457449365
4366.327421236872	4071.1250725426435	5476.121633538843	0.49988853113039494	2753.732095998352
4367.533922320386	4070.584197150166	5475.5990411266685	0.49987144707519776	2753.377546251768
4368.7404234039	4070.0433217576883	5475.076409591401	0.49985442842379946	2753.022996505183
4369.946924487414	4069.50244636521	5474.553738928645	0.49983741527986547	2752.6684467585983
4371.153425570928	4068.9615709727323	5474.031029134008	0.49982040213593154	2752.313897012014
4372.3599266544425	4068.4206955802542	5473.508280203097	0.4998033889919976	2751.9593472654296
4373.5664277379565	4067.8798201877757	5472.98549213151	0.4997863758480637	2751.6047975188453
4374.7729288214705	4067.338944795298	5472.462664914859	0.49976936270412975	2751.2502477722605
4375.979429904984	4066.7980694028206	5471.939798548741	0.4997524128312945	2750.895698025676
4377.185930988498	4066.257194010343	5471.416893028764	0.49973547007388425	2750.541148279092
4378.392432072012	4065.7163186178645	5470.893948350525	0.4997185273164739	2750.1865985325076
4379.598933155526	4065.175443225387	5470.370964509628	0.49970158455906366	2749.832048785923
4380.80543423904	4064.6345678329094	5469.847941501672	0.4996846418016534	2749.4774990393385
4382.011935322554	4064.093692440431	5469.3248793222565	0.49966769904424313	2749.122949292754
4383.218436406068	4063.5528170479533	5468.8017779669835	0.49965081745323453	2748.76839954617
4384.424937489582	4063.011941655475	5468.278637431449	0.4996339445615153	2748.4138497995846
4385.631438573096	4062.4710662629973	5467.755457711253	0.499617071669796	2748.0593000530002
4386.83793965661	4061.9301908705197	5467.232238801992	0.49960019877807677	2747.704750306416
4388.044440740123	4061.389315478042	5466.708980699262	0.4995833258863575	2747.3502005598316
4389.250941823637	4060.8484400855637	5466.185683398658	0.49956645299463825	2746.9956508132473
4390.457442907151	4060.307564693086	5465.662346895777	0.4995496391923254	2746.641101066663
4391.663943990665	4059.7666893006085	5465.138971186215	0.49953283564933987	2746.286551320078
4392.870445074179	4059.22581390813	5464.615556265562	0.49951603210635426	2745.9320015734934
4394.076946157693	4058.6849385156524	5464.092102129414	0.4994992285633687	2745.577451826909
4395.283447241207	4058.144063123175	5463.568608773365	0.49948242502038315	2745.2229020803247
4396.489948324721	4057.6031877306964	5463.045076193002	0.49946562147739754	2744.8683523337404
4397.696449408235	4057.0623123382184	5462.521504383922	0.4994488749742248	2744.5138025871556
4398.902950491748	4056.521436945741	5461.997893341712	0.4994321402668574	2744.1592528405713
4400.109451575262	4055.980561553263	5461.474243061964	0.49941540555949004	2743.804703093987
4401.315952658776	4055.4396861607847	5460.950553540266	0.49939867085212264	2743.4501533474026
4402.52245374229	4054.898810768307	5460.426824772207	0.49938193614475523	2743.095603600818
4403.728954825804	4054.3579353758296	5459.9030567533755	0.4993652014373879	2742.7410538542335
4404.935455909318	4053.817059983351	5459.379249479358	0.4993485217473446	2742.386504107649
4406.141956992832	4053.2761845908735	5458.855402945745	0.49933185536628866	2742.031954361065
4407.348458076346	4052.735309198395	5458.3315171481145	0.4993151889852327	2741.6774046144797
4408.55495915986	4052.1944338059175	5457.80759208206	0.4992985226041767	2741.3228548678953
4409.761460243374	4051.65355841344	5457.2836277431625	0.4992818562231207	2740.968305121311
4410.967961326887	4051.1126830209623	5456.759624127007	0.49926518984206475	2740.613755374727
4412.174462410401	4050.571807628484	5456.235581229174	0.49924857648265825	2740.2592056281424
4413.380963493915	4050.0309322360063	5455.711499045251	0.4992319779223857	2739.904655881558
4414.587464577429	4049.4900568435287	5455.187377570818	0.4992153793621132	2739.5501061349732
4415.793965660943	4048.94918145105	5454.663216801455	0.49919878080184066	2739.195556388389
4417.000466744457	4048.4083060585726	5454.1390167327445	0.49918218224156813	2738.841006641804
4418.206967827971	4047.867430666095	5453.614777360266	0.4991655836812956	2738.48645689522
4419.413468911485	4047.3265552736166	5453.090498679598	0.4991490361735201	2738.1319071486355
4420.619969994999	4046.785679881139	5452.566180686321	0.49913250493224726	2737.777357402051
4421.826471078513	4046.244804488661	5452.041823376013	0.4991159736909745	2737.4228076554664
4423.0329721620265	4045.7039290961834	5451.517426744251	0.49909944244970167	2737.068257908882
4424.2394732455405	4045.163053703705	5450.99299078661	0.49908291120842885	2736.7137081622977
4425.4459743290545	4044.6221783112273	5450.468515498667	0.499066379967156	2736.3591584157134
4426.6524754125685	4044.0813029187498	5449.944000876	0.4990498978355175	2736.0046086691286
4427.8589764960825	4043.5404275262713	5449.41944691418	0.49903343341524653	2735.6500589225443
4429.0654775795965	4042.9995521337937	5448.8948536087855	0.4990169689949755	2735.29550917596
4430.2719786631105	4042.4586767413152	5448.370220955385	0.4990005045747045	2734.9409594293757
4431.4784797466245	4041.9178013488377	5447.845548949555	0.49898404015443354	2734.5864096827904
4432.684980830139	4041.37692595636	5447.320837586866	0.49896757573416256	2734.231859936206
4433.891481913652	4040.8360505638825	5446.79608686289	0.4989511585069229	2733.877310189622
4435.097982997166	4040.295175171405	5446.271296773198	0.49893476041377366	2733.5227604430374
4436.30448408068	4039.7542997789265	5445.746467313357	0.4989183623206244	2733.168210696453
4437.510985164194	4039.213424386449	5445.221598478943	0.4989019642274751	2732.8136609498683
4438.717486247708	4038.6725489939704	5444.696690265518	0.4988855661343259	2732.459111203284
4439.923987331222	4038.131673601493	5444.1717426686555	0.49886916804117665	2732.1045614566992
4441.130488414736	4037.5907982090152	5443.646755683919	0.49885281525021624	2731.750011710115
4442.33698949825	4037.0499228165368	5443.121729306877	0.49883648299412126	2731.3954619635306
4443.543490581764	4036.509047424059	5442.596663533097	0.49882015073802627	2731.0409122169463
4444.749991665278	4035.9681720315816	5442.071558358142	0.4988038184819313	2730.6863624703615
4445.956492748791	4035.427296639104	5441.546413777578	0.4987874862258363	2730.331812723777
4447.162993832305	4034.886421246625	5441.0212297869675	0.4987711539697413	2729.977262977193
4448.369494915819	4034.3455458541475	5440.496006381877	0.4987548651503542	2729.6227132306085
4449.575995999333	4033.80467046167	5439.9707435578675	0.49873859824486144	2729.2681634840237
4450.782497082847	4033.2637950691915	5439.445441310501	0.4987223313393687	2728.9136137374394
4451.988998166361	4032.722919676714	5438.92009963534	0.49870606443387594	2728.559063990855
4453.195499249875	4032.1820442842363	5438.394718527945	0.49868979752838316	2728.2045142442707
4454.402000333389	4031.641168891758	5437.869297983875	0.49867353062289044	2727.8499644976855
4455.608501416903	4031.1002934992803	5437.34383799869	0.49865730531371183	2727.495414751101
4456.815002500417	4030.559418106802	5436.8183385679495	0.4986411032759532	2727.140865004517
4458.02150358393	4030.018542714325	5436.292799687213	0.49862490123819453	2726.786315257933
4459.228004667444	4029.4776673218466	5435.767221352034	0.4986086992004358	2726.431765511348
4460.434505750958	4028.936791929369	5435.241603557974	0.4985924971626772	2726.0772157647634
4461.641006834472	4028.3959165368906	5434.715946300584	0.4985762951249185	2725.722666018179
4462.847507917986	4027.855041144413	5434.190249575424	0.4985601328678977	2725.3681162715948
4464.0540090015	4027.3141657519354	5433.664513378046	0.4985439952185598	2725.01356652501
4465.260510085014	4026.773290359457	5433.138737704005	0.4985278575692219	2724.6590167784257
4466.467011168528	4026.2324149669794	5432.612922548857	0.4985117199198841	2724.3044670318413
4467.673512252042	4025.691539574502	5432.08706790815	0.4984955822705462	2723.949917285257
4468.880013335555	4025.1506641820242	5431.56117377744	0.4984794446212083	2723.5953675386722
4470.086514419069	4024.6097887895457	5431.035240152275	0.4984633449615818	2723.240817792088
4471.293015502583	4024.068913397068	5430.509267028211	0.49844727122487625	2722.8862680455036
4472.499516586097	4023.52803800459	5429.983254400793	0.4984311974881708	2722.5317182989193
4473.706017669611	4022.9871626121117	5429.457202265572	0.49841512375146524	2722.1771685523345
4474.912518753125	4022.446287219634	5428.931110618099	0.4983990500147597	2721.82261880575
4476.119019836639	4021.9054118271565	5428.4049794539205	0.49838297627805417	2721.468069059166
4477.325520920153	4021.364536434678	5427.878808768582	0.4983669387643184	2721.113519312581
4478.532022003667	4020.8236610422005	5427.352598557633	0.4983509284679515	2720.7589695659963
4479.738523087181	4020.282785649723	5426.826348816619	0.4983349181715846	2720.404419819412
4480.9450241706945	4019.7419102572453	5426.300059541086	0.4983189078752177	2720.049870072828
4482.1515252542085	4019.201034864767	5425.773730726576	0.4983028975788508	2719.6953203262433
4483.358026337723	4018.6601594722893	5425.247362368638	0.4982868872824839	2719.340770579659
4484.564527421237	4018.1192840798117	5424.720954462811	0.49827091146636937	2718.9862208330746
4485.771028504751	4017.578408687333	5424.1945070046395	0.49825496414151466	2718.63167108649
4486.977529588265	4017.0375332948556	5423.6680199896655	0.4982390168166599	2718.277121339905
4488.184030671779	4016.496657902377	5423.141493413428	0.49822306949180517	2717.9225715933208
4489.390531755293	4015.9557825098996	5422.614927271474	0.4982071221669504	2717.5680218467364
4490.597032838807	4015.414907117422	5422.0883215593385	0.4981911748420957	2717.213472100152
4491.803533922321	4014.8740317249435	5421.561676272562	0.49817526027855713	2716.8589223535673
4493.010035005834	4014.333156332466	5421.034991406684	0.49815937545985634	2716.504372606983
4494.216536089348	4013.7922809399884	5420.508266957241	0.4981434906411556	2716.1498228603987
4495.423037172862	4013.251405547511	5419.9815029197725	0.4981276058224548	2715.7952731138143
4496.629538256376	4012.7105301550323	5419.454699289813	0.498111721003754	2715.4407233672296
4497.83603933989	4012.1696547625543	5418.927856062902	0.4980958361850532	2715.0861736206452
4499.042540423404	4011.6287793700767	5418.400973234571	0.4980799824326656	2714.731623874061
4500.249041506918	4011.087903977598	5417.874050800357	0.4980641596590191	2714.3770741274766
4501.455542590432	4010.5470285851206	5417.347088755792	0.49804833688537264	2714.0225243808914
4502.662043673946	4010.006153192643	5416.820087096412	0.4980325141117262	2713.667974634307
4503.868544757459	4009.4652778001655	5416.293045817749	0.49801669133807974	2713.313424887723
4505.075045840973	4008.924402407687	5415.765964915335	0.4980008685644333	2712.958875141139
4506.281546924487	4008.3835270152094	5415.2388443847	0.49798507518687146	2712.604325394554
4507.488048008001	4007.842651622732	5414.711684221376	0.49796931400382805	2712.2497756479697
4508.694549091515	4007.3017762302534	5414.184484420892	0.49795355282078463	2711.895225901385
4509.901050175029	4006.760900837776	5413.657244978779	0.4979377916377412	2711.5406761548006
4511.107551258543	4006.2200254452982	5413.129965890565	0.4979220304546978	2711.186126408216
4512.314052342057	4005.6791500528198	5412.602647151777	0.4979062692716544	2710.8315766616315
4513.520553425571	4005.138274660342	5412.075288757944	0.497890535838968	2710.477026915047
4514.727054509085	4004.5973992678637	5411.54789070459	0.49787483579915137	2710.122477168463
4515.933555592598	4004.056523875386	5411.0204529872435	0.49785913575933477	2709.767927421878
4517.140056676112	4003.5156484829085	5410.492975601431	0.49784343571951817	2709.4133776752938
4518.346557759626	4002.974773090431	5409.965458542673	0.49782773567970157	2709.0588279287094
4519.55305884314	4002.4338976979525	5409.4379018064965	0.49781203563988496	2708.704278182125
4520.759559926654	4001.893022305475	5408.9103053884255	0.49779636172818936	2708.3497284355403
4521.966061010168	4001.3521469129973	5408.38266928398	0.49778072239010834	2707.995178688956
4523.172562093682	4000.811271520519	5407.854993488681	0.4977650830520273	2707.6406289423717
4524.379063177196	4000.270396128041	5407.327277998054	0.49774944371394636	2707.286079195787
4525.58556426071	3999.729520735563	5406.799522807617	0.49773380437586534	2706.931529449202
4526.792065344224	3999.1886453430848	5406.271727912891	0.4977181650377843	2706.576979702618
4527.998566427737	3998.6477699506077	5405.743893309395	0.4977025502283254	2706.222429956034
4529.205067511251	3998.1068945581296	5405.216018992647	0.4976869711555362	2705.867880209449
4530.411568594765	3997.5660191656516	5404.688104958164	0.4976713920827469	2705.513330462865
4531.618069678279	3997.0251437731736	5404.160151201466	0.49765581300995765	2705.15878071628
4532.824570761793	3996.484268380696	5403.632157718067	0.49764023393716844	2704.8042309696957
4534.031071845307	3995.943392988218	5403.104124503484	0.4976246548643792	2704.449681223111
4535.2375729288215	3995.40251759574	5402.576051553232	0.4976090987425454	2704.0951314765266
4536.4440740123355	3994.8616422032624	5402.047938862826	0.4975935795022174	2703.7405817299423
4537.6505750958495	3994.3207668107843	5401.519786427779	0.49757806026188933	2703.386031983358
4538.857076179363	3993.7798914183068	5400.991594243605	0.49756254102156133	2703.031482236773
4540.063577262877	3993.2390160258287	5400.463362305816	0.49754702178123333	2702.676932490189
4541.270078346391	3992.698140633351	5399.935090609924	0.49753150254090533	2702.3223827436045
4542.476579429905	3992.157265240873	5399.406779151439	0.4975160046954683	2701.96783299702
4543.683080513419	3991.616389848395	5398.878427925875	0.49750054485845036	2701.6132832504354
4544.889581596933	3991.075514455917	5398.350036928738	0.49748508502143235	2701.258733503851
4546.096082680447	3990.5346390634395	5397.821606155539	0.4974696251844144	2700.9041837572668
4547.302583763961	3989.9937636709615	5397.293135601785	0.4974541653473964	2700.549634010682
4548.509084847475	3989.452888278483	5396.764625262986	0.4974387055103784	2700.195084264097
4549.715585930989	3988.912012886005	5396.236075134647	0.4974232655336577	2699.840534517513
4550.922087014502	3988.371137493528	5395.707485212277	0.4974078646748553	2699.485984770929
4552.128588098016	3987.83026210105	5395.178855491378	0.49739246381605284	2699.1314350243447
4553.33508918153	3987.289386708572	5394.650185967458	0.4973770629572504	2698.77688527776
4554.541590265044	3986.748511316094	5394.121476636022	0.497361662098448	2698.422335531175
4555.748091348558	3986.207635923616	5393.592727492569	0.4973462612396456	2698.067785784591
4556.954592432072	3985.666760531138	5393.063938532608	0.4973308787275128	2697.7132360380065
4558.161093515586	3985.12588513866	5392.535109751638	0.49731553642518733	2697.3586862914217
4559.3675945991	3984.5850097461825	5392.006241145161	0.4973001941228619	2697.0041365448374
4560.574095682614	3984.0441343537045	5391.477332708679	0.49728485182053644	2696.649586798253
4561.780596766128	3983.5032589612265	5390.94838443769	0.49726950951821103	2696.2950370516687
4562.987097849641	3982.962383568749	5390.4193963276975	0.4972541672158856	2695.940487305084
4564.193598933155	3982.4215081762713	5389.890368374197	0.4972388417672382	2695.5859375584996
4565.400100016669	3981.8806327837933	5389.361300572689	0.49722355760268233	2695.2313878119153
4566.606601100183	3981.3397573913153	5388.83219291867	0.4972082734381265	2694.876838065331
4567.813102183697	3980.7988819988377	5388.303045407637	0.4971929892735707	2694.522288318746
4569.019603267211	3980.2580066063597	5387.773858035087	0.4971777051090149	2694.167738572162
4570.226104350725	3979.7171312138817	5387.244630796514	0.497162420944459	2693.8131888255775
4571.432605434239	3979.176255821404	5386.7153636874145	0.4971471521610054	2693.4586390789927
4572.639106517753	3978.635380428926	5386.186056703283	0.49713192571851544	2693.104089332408
4573.845607601266	3978.094505036448	5385.656709839611	0.4971166992760255	2692.749539585824
4575.05210868478	3977.55362964397	5385.127323091892	0.49710147283353545	2692.3949898392398
4576.258609768294	3977.012754251492	5384.59789645562	0.4970862463910455	2692.040440092655
4577.465110851808	3976.4718788590144	5384.068429926285	0.4970710199485555	2691.68589034607
4578.671611935322	3975.9310034665364	5383.538923499377	0.49705580743479094	2691.331340599486
4579.878113018836	3975.3901280740583	5383.009377170389	0.49704063830164325	2690.9767908529016
4581.08461410235	3974.8492526815803	5382.479790934807	0.4970254691684955	2690.622241106317
4582.291115185864	3974.3083772891027	5381.950164788123	0.4970103000353478	2690.2676913597325
4583.497616269378	3973.7675018966247	5381.420498725824	0.4969951309022001	2689.913141613148
4584.704117352892	3973.2266265041467	5380.890792743396	0.4969799617690524	2689.558591866564
4585.9106184364055	3972.685751111669	5380.361046836327	0.4969648051322373	2689.204042119979
4587.1171195199195	3972.1448757191915	5379.831261000103	0.49694969289866314	2688.8494923733947
4588.3236206034335	3971.6040003267135	5379.301435230209	0.49693458066508894	2688.4949426268104
4589.5301216869475	3971.0631249342355	5378.77156952213	0.4969194684315148	2688.140392880226
4590.7366227704615	3970.522249541758	5378.241663871351	0.4969043561979406	2687.7858431336413
4591.9431238539755	3969.98137414928	5377.711718273353	0.49688924396436646	2687.431293387057
4593.1496249374895	3969.440498756802	5377.1817327236195	0.49687414281450387	2687.0767436404726
4594.356126021004	3968.8996233643243	5376.651707217635	0.4968590870736662	2686.7221938938883
4595.562627104518	3968.3587479718462	5376.121641750878	0.4968440313328285	2686.367644147303
4596.769128188032	3967.817872579368	5375.59153631883	0.49682897559199085	2686.0130944007187
4597.975629271545	3967.2769971868906	5375.061390916971	0.4968139198511532	2685.658544654135
4599.182130355059	3966.736121794412	5374.5312055407785	0.49679886411031554	2685.3039949075505
4600.388631438573	3966.1952464019346	5374.000980185734	0.49678381806012994	2684.9494451609653
4601.595132522087	3965.6543710094566	5373.470714847314	0.49676881840809844	2684.5948954143814
4602.801633605601	3965.1134956169785	5372.940409520997	0.49675381875606694	2684.2403456677966
4604.008134689115	3964.572620224501	5372.410064202257	0.49673881910403545	2683.8857959212123
4605.214635772629	3964.031744832023	5371.879678886572	0.49672381945200395	2683.5312461746275
4606.421136856143	3963.490869439545	5371.349253569415	0.4967088197999724	2683.176696428043
4607.627637939657	3962.949994047067	5370.818788246262	0.49669382846488747	2682.822146681459
4608.834139023171	3962.4091186545893	5370.288282912588	0.4966788845006167	2682.4675969348746
4610.040640106684	3961.8682432621117	5369.757737563864	0.4966639405363459	2682.11304718829
4611.247141190198	3961.3273678696337	5369.2271521955645	0.4966489965720751	2681.7584974417055
4612.453642273712	3960.7864924771557	5368.696526803158	0.49663405260780435	2681.403947695121
4613.660143357226	3960.245617084678	5368.165861382119	0.4966191086435336	2681.049397948537
4614.86664444074	3959.7047416922	5367.635155927915	0.4966041716416519	2680.694848201952
4616.073145524254	3959.163866299722	5367.104410436018	0.4965892829669558	2680.3402984553677
4617.279646607768	3958.6229909072445	5366.573624901896	0.49657439429225975	2679.9857487087834
4618.486147691282	3958.0821155147664	5366.042799321018	0.49655950561756373	2679.631198962198
4619.692648774796	3957.5412401222884	5365.51193368885	0.49654461694286767	2679.276649215614
4620.899149858309	3957.000364729811	5364.981028000861	0.49652972826817166	2678.92209946903
4622.105650941823	3956.4594893373333	5364.450082252517	0.4965148452202521	2678.5675497224456
4623.312152025337	3955.918613944855	5363.919096439282	0.49650001143978245	2678.212999975861
4624.518653108851	3955.3777385523767	5363.388070556621	0.4964851776593128	2677.8584502292765
4625.725154192365	3954.8368631598987	5362.8570046	0.49647034387884326	2677.5039004826917
4626.931655275879	3954.295987767421	5362.325898564883	0.49645551009837363	2677.1493507361074
4628.138156359393	3953.755112374943	5361.79475244673	0.49644067631790406	2676.7948009895226
4629.344657442907	3953.214236982465	5361.263566241005	0.4964258468473419	2676.4402512429383
4630.551158526421	3952.673361589987	5360.732339943168	0.49641106756856446	2676.085701496354
4631.757659609935	3952.1324861975095	5360.201073548683	0.496396288289787	2675.7311517497697
4632.964160693448	3951.591610805032	5359.6697670530075	0.4963815090110095	2675.376602003185
4634.170661776962	3951.050735412554	5359.1384204516025	0.49636672973223206	2675.0220522566005
4635.377162860476	3950.5098600200763	5358.607033739925	0.4963519504534546	2674.667502510016
4636.58366394399	3949.9689846275983	5358.075606913433	0.4963371741862602	2674.312952763432
4637.790165027504	3949.4281092351202	5357.544139967585	0.4963224490194329	2673.958403016847
4638.996666111018	3948.887233842642	5357.012632897838	0.49630772385260563	2673.603853270263
4640.203167194532	3948.3463584501646	5356.481085699648	0.49629299868577836	2673.2493035236785
4641.409668278046	3947.8054830576866	5355.949498368469	0.49627827351895104	2672.8947537770937
4642.61616936156	3947.2646076652086	5355.417870899756	0.4962635483521238	2672.540204030509
4643.822670445074	3946.7237322727306	5354.886203288964	0.4962488249169028	2672.1856542839246
4645.0291715285875	3946.1828568802534	5354.3544955315465	0.4962341534750515	2671.8311045373407
4646.235672612102	3945.6419814877754	5353.822747622953	0.49621948203320015	2671.4765547907564
4647.442173695616	3945.1011060952974	5353.290959558639	0.4962048105913488	2671.1220050441716
4648.64867477913	3944.5602307028194	5352.7591313340545	0.4961901391494975	2670.767455297587
4649.855175862644	3944.0193553103413	5352.227262944649	0.49617546770764615	2670.4129055510025
4651.061676946158	3943.4784799178633	5351.6953543858735	0.4961607967355774	2670.058355804418
4652.268178029672	3942.9376045253853	5351.163405653177	0.4961461786344759	2669.7038060578334
4653.474679113186	3942.3967291329077	5350.631416742008	0.49613156053337437	2669.349256311249
4654.6811801967	3941.8558537404297	5350.099387647812	0.4961169424322729	2668.9947065646647
4655.887681280213	3941.314978347952	5349.567318366042	0.49610232433117135	2668.6401568180804
4657.094182363727	3940.774102955474	5349.035208892137	0.49608770623006987	2668.2856070714956
4658.300683447241	3940.2332275629965	5348.503059221548	0.49607308812896833	2667.9310573249113
4659.507184530755	3939.6923521705185	5347.970869349717	0.49605852221303354	2667.576507578327
4660.713685614269	3939.1514767780404	5347.438639272089	0.4960439570711797	2667.2219578317427
4661.920186697783	3938.6106013855624	5346.906368984109	0.4960293919293259	2666.867408085158
4663.126687781297	3938.069725993085	5346.374058481219	0.49601482678747205	2666.5128583385736
4664.333188864811	3937.528850600607	5345.841707758862	0.49600026164561817	2666.158308591989
4665.539689948325	3936.987975208129	5345.309316812478	0.49598569650376434	2665.8037588454044
4666.746191031839	3936.447099815651	5344.77688563751	0.49597118194218326	2665.4492090988197
4667.952692115352	3935.9062244231736	5344.244414229395	0.49595666938077704	2665.094659352236
4669.159193198866	3935.3653490306956	5343.7119025835755	0.4959421568193708	2664.7401096056515
4670.36569428238	3934.8244736382176	5343.179350695489	0.4959276442579646	2664.3855598590667
4671.572195365894	3934.28359824574	5342.646758560575	0.4959131316965584	2664.031010112482
4672.778696449408	3933.742722853262	5342.114126174269	0.49589861913515215	2663.6764603658976
4673.985197532922	3933.201847460784	5341.581453532008	0.49588415556938803	2663.3219106193133
4675.191698616436	3932.660972068306	5341.0487406292295	0.4958696952123118	2662.9673608727285
4676.39819969995	3932.120096675828	5340.515987461367	0.4958552348552355	2662.612811126144
4677.604700783464	3931.57922128335	5339.983194023858	0.4958407744981592	2662.25826137956
4678.811201866978	3931.038345890872	5339.450360312134	0.49582631414108297	2661.9037116329755
4680.017702950491	3930.4974704983943	5338.9174863216285	0.4958118537840067	2661.5491618863907
4681.224204034005	3929.9565951059167	5338.384572047776	0.49579744085799443	2661.1946121398064
4682.430705117519	3929.4157197134386	5337.851617486005	0.4957830323317884	2660.840062393222
4683.637206201033	3928.8748443209606	5337.318622631749	0.49576862380558234	2660.4855126466377
4684.843707284547	3928.3339689284826	5336.785587480438	0.49575421527937624	2660.130962900053
4686.050208368061	3927.793093536005	5336.252512027505	0.4957398067531702	2659.7764131534686
4687.256709451575	3927.252218143527	5335.719396268373	0.49572539822696415	2659.4218634068843
4688.463210535089	3926.711342751049	5335.1862401984745	0.49571103558713375	2659.0673136603
4689.669711618603	3926.1704673585714	5334.653043813237	0.49569667852102317	2658.7127639137148
4690.876212702116	3925.629591966094	5334.119807108087	0.4956823214549126	2658.358214167131
4692.08271378563	3925.088716573616	5333.586530078451	0.49566796438880206	2658.0036644205466
4693.289214869144	3924.5478411811378	5333.053212719754	0.4956536073226915	2657.6491146739622
4694.495715952658	3924.00696578866	5332.519855027423	0.4956392502565809	2657.294564927377
4695.702217036172	3923.466090396182	5331.9864569968795	0.4956249375523658	2656.9400151807927
4696.9087181196865	3922.925215003704	5331.453018623548	0.495610631578845	2656.5854654342083
4698.1152192032005	3922.3843396112266	5330.919539902854	0.4955963256053242	2656.230915687624
4699.3217202867145	3921.8434642187485	5330.386020830216	0.4955820196318033	2655.8763659410392
4700.5282213702285	3921.30258882627	5329.852461401058	0.4955677136582825	2655.521816194455
4701.7347224537425	3920.761713433792	5329.318861610799	0.49555340768476164	2655.1672664478706
4702.941223537256	3920.220838041315	5328.785221454862	0.4955391445684693	2654.8127167012863
4704.14772462077	3919.679962648837	5328.251540928664	0.49552488932310573	2654.4581669547015
4705.354225704284	3919.139087256359	5327.717820027624	0.49551063407774215	2654.103617208117
4706.560726787798	3918.598211863881	5327.184058747161	0.49549637883237857	2653.749067461533
4707.767227871312	3918.0573364714032	5326.6502570826915	0.495482123587015	2653.394517714948
4708.973728954826	3917.516461078925	5326.116415029634	0.49546786834165135	2653.0399679683637
4710.18023003834	3916.975585686447	5325.582532583401	0.49545365446803796	2652.6854182217794
4711.386731121854	3916.434710293969	5325.048609739411	0.4954394495889751	2652.330868475195
4712.593232205368	3915.8938349014916	5324.5146464930785	0.4954252447099123	2651.97631872861
4713.799733288882	3915.3529595090135	5323.980642839815	0.4954110398308494	2651.6217689820255
4715.006234372395	3914.812084116536	5323.4465987750355	0.49539683495178655	2651.2672192354416
4716.212735455909	3914.2712087240584	5322.912514294154	0.4953826300727237	2650.9126694888573
4717.419236539423	3913.7303333315804	5322.378389392577	0.49536846509891475	2650.5581197422725
4718.625737622937	3913.1894579391023	5321.844224065721	0.49535431022683996	2650.203569995688
4719.832238706451	3912.6485825466243	5321.310018308995	0.49534015535476517	2649.8490202491034
4721.038739789965	3912.1077071541467	5320.775772117808	0.4953260004826904	2649.494470502519
4722.245240873479	3911.5668317616687	5320.241485487569	0.4953118456106156	2649.1399207559343
4723.451741956993	3911.0259563691907	5319.707158413687	0.4952976907385408	2648.78537100935
4724.658243040507	3910.4850809767127	5319.172790891569	0.49528357432401177	2648.4308212627657
4725.86474412402	3909.944205584235	5318.638382916623	0.49526946910213665	2648.0762715161814
4727.071245207534	3909.403330191757	5318.103934484254	0.4952553638802615	2647.7217217695966
4728.277746291048	3908.862454799279	5317.569445589868	0.4952412586583863	2647.3671720230122
4729.484247374562	3908.3215794068014	5317.034916228872	0.49522715343651114	2647.012622276428
4730.690748458076	3907.7807040143234	5316.500346396667	0.49521304821463596	2646.6580725298436
4731.89724954159	3907.2398286218454	5315.965736088657	0.4951989800211932	2646.303522783259
4733.103750625104	3906.6989532293674	5315.431085300246	0.49518492409523235	2645.9489730366745
4734.310251708618	3906.15807783689	5314.896394026836	0.49517086816927147	2645.59442329009
4735.516752792132	3905.6172024444118	5314.361662263827	0.4951568122433106	2645.2398735435054
4736.723253875646	3905.0763270519337	5313.826890006622	0.4951427563173497	2644.8853237969206
4737.929754959159	3904.535451659456	5313.2920772506195	0.49512870039138884	2644.5307740503367
4739.136256042673	3903.9945762669786	5312.757223991221	0.4951146800831518	2644.1762243037524
4740.342757126187	3903.4537008745006	5312.22233022382	0.49510067310130346	2643.821674557168
4741.549258209701	3902.9128254820225	5311.687395943818	0.49508666611945507	2643.4671248105833
4742.755759293215	3902.3719500895445	5311.152421146612	0.49507265913760673	2643.1125750639985
4743.962260376729	3901.831074697067	5310.617405827599	0.49505865215575834	2642.758025317414
4745.168761460243	3901.290199304589	5310.0823499821745	0.49504464517391	2642.40347557083
4746.375262543757	3900.749323912111	5309.547253605733	0.4950306724172936	2642.048925824245
4747.581763627271	3900.2084485196333	5309.012116693669	0.49501671403022046	2641.6943760776608
4748.788264710785	3899.6675731271553	5308.476939241377	0.4950027556431474	2641.3398263310764
4749.9947657942985	3899.1266977346772	5307.941721244249	0.4949887972560743	2640.985276584492
4751.2012668778125	3898.585822342199	5307.406462697677	0.4949748388690012	2640.6307268379073
4752.4077679613265	3898.0449469497216	5306.871163597054	0.49496088048192804	2640.276177091323
4753.6142690448405	3897.5040715572436	5306.335823937771	0.4949469549456249	2639.9216273447387
4754.8207701283545	3896.9631961647656	5305.800443715217	0.49493304480643413	2639.567077598154
4756.0272712118685	3896.422320772288	5305.265022924782	0.49491913466724335	2639.2125278515696
4757.233772295383	3895.88144537981	5304.729561561856	0.4949052245280526	2638.8579781049852
4758.440273378897	3895.340569987332	5304.194059621825	0.49489131438886175	2638.5034283584005
4759.646774462411	3894.799694594854	5303.658517100077	0.49487740424967097	2638.1488786118157
4760.853275545924	3894.2588192023763	5303.122933992	0.49486352560463337	2637.794328865232
4762.059776629438	3893.7179438098988	5302.587310292982	0.4948496633688568	2637.4397791186475
4763.266277712952	3893.1770684174207	5302.051645998402	0.4948358011330801	2637.085229372063
4764.472778796466	3892.6361930249427	5301.515941103649	0.4948219388973035	2636.7306796254784
4765.67927987998	3892.0953176324647	5300.980195604107	0.4948080766615269	2636.3761298788936
4766.885780963494	3891.554442239987	5300.44440949516	0.4947942144257503	2636.0215801323093
4768.092282047008	3891.013566847509	5299.908582772187	0.49478038234517335	2635.667030385725
4769.298783130522	3890.472691455031	5299.3727154305725	0.49476656767074934	2635.31248063914
4770.505284214036	3889.9318160625535	5298.836807465697	0.49475275299632526	2634.957930892556
4771.71178529755	3889.3909406700755	5298.300858872941	0.49473893832190124	2634.6033811459715
4772.918286381063	3888.850065277598	5297.7648696476845	0.49472512364747717	2634.248831399387
4774.124787464577	3888.30918988512	5297.228839785306	0.49471130897305315	2633.8942816528024
4775.331288548091	3887.768314492642	5296.692769281186	0.4946975231323571	2633.539731906218
4776.537789631605	3887.227439100164	5296.156658130698	0.49468375567961026	2633.1851821596338
4777.744290715119	3886.6865637076858	5295.620506329223	0.49466998822686337	2632.8306324130494
4778.950791798633	3886.145688315208	5295.084313872135	0.49465622077411653	2632.4760826664647
4780.157292882147	3885.60481292273	5294.548080754809	0.49464245332136964	2632.1215329198803
4781.363793965661	3885.063937530252	5294.01180697262	0.4946286858686228	2631.7669831732956
4782.570295049175	3884.523062137774	5293.4754925209445	0.49461494594543587	2631.4124334267112
4783.776796132689	3883.982186745296	5292.939137395156	0.49460122537705925	2631.0578836801265
4784.983297216202	3883.441311352819	5292.402741590625	0.4945875048086827	2630.7033339335426
4786.189798299716	3882.900435960341	5291.866305102722	0.49457378424030607	2630.3487841869583
4787.39629938323	3882.359560567863	5291.329827926822	0.4945600636719295	2629.994234440374
4788.602800466744	3881.818685175385	5290.793310058294	0.4945463431035529	2629.6396846937887
4789.809301550258	3881.2778097829073	5290.2567514925095	0.4945326487776946	2629.2851349472044
4791.015802633772	3880.7369343904293	5289.720152224835	0.49451897475873063	2628.93058520062
4792.222303717286	3880.1960589979512	5289.183512250641	0.49450530073976673	2628.5760354540357
4793.4288048008	3879.6551836054737	5288.646831565294	0.49449162672080277	2628.221485707451
4794.635305884314	3879.1143082129956	5288.110110164161	0.49447795270183886	2627.8669359608666
4795.841806967827	3878.573432820518	5287.573348042611	0.49446427868287496	2627.5123862142823
4797.048308051341	3878.03255742804	5287.036545196006	0.49445062963633934	2627.157836467698
4798.254809134855	3877.4916820355625	5286.499701619715	0.49443700183416195	2626.803286721113
4799.461310218369	3876.9508066430844	5285.9628173091	0.4944233740319846	2626.448736974529
4800.667811301883	3876.409931250606	5285.425892259524	0.4944097462298072	2626.0941872279445
4801.874312385397	3875.8690558581284	5284.88892646635	0.49439611842762987	2625.7396374813598
4803.080813468911	3875.3281804656503	5284.351919924941	0.4943824906254525	2625.3850877347754
4804.287314552425	3874.7873050731723	5283.81487263066	0.494368886542391	2625.0305379881906
4805.493815635939	3874.2464296806943	5283.277784578865	0.4943553046266854	2624.675988241607
4806.700316719453	3873.7055542882163	5282.740655764917	0.4943417227109799	2624.3214384950215
4807.9068178029665	3873.164678895739	5282.203486184178	0.49432814079527443	2623.9668887484377
4809.113318886481	3872.623803503261	5281.666275832001	0.4943145588795689	2623.6123390018533
4810.319819969995	3872.0829281107835	5281.12902470375	0.4943009769638634	2623.257789255269
4811.526321053509	3871.5420527183055	5280.591732794777	0.49428741753056865	2622.9032395086842
4812.732822137023	3871.0011773258275	5280.054400100443	0.4942738811733163	2622.5486897621
4813.939323220537	3870.4603019333495	5279.5170266161	0.49426034481606385	2622.194140015515
4815.145824304051	3869.9194265408714	5278.979612337107	0.4942468084588114	2621.839590268931
4816.352325387565	3869.378551148394	5278.442157258816	0.49423327210155904	2621.485040522346
4817.558826471079	3868.837675755916	5277.90466137658	0.4942197357443066	2621.1304907757617
4818.765327554593	3868.296800363438	5277.367124685755	0.49420622064919634	2620.7759410291774
4819.971828638106	3867.75592497096	5276.82954718169	0.49419272952465365	2620.421391282593
4821.17832972162	3867.2150495784826	5276.29192885974	0.4941792384001109	2620.0668415360083
4822.384830805134	3866.6741741860046	5275.754269715254	0.4941657472755682	2619.712291789424
4823.591331888648	3866.1332987935266	5275.216569743581	0.4941522561510255	2619.3577420428396
4824.797832972162	3865.592423401049	5274.678828940074	0.4941387650264828	2619.0031922962553
4826.004334055676	3865.0515480085705	5274.141047300077	0.49412529396008265	2618.6486425496705
4827.21083513919	3864.5106726160925	5273.603224818942	0.494111847744765	2618.294092803086
4828.417336222704	3863.969797223615	5273.065361492016	0.4940984015294474	2617.939543056502
4829.623837306218	3863.428921831137	5272.5274573146435	0.4940849553141297	2617.584993309917
4830.830338389732	3862.888046438659	5271.989512282172	0.4940715090988121	2617.2304435633323
4832.036839473245	3862.3471710461813	5271.451526389947	0.49405806288349446	2616.8758938167484
4833.243340556759	3861.8062956537037	5270.913499633311	0.4940446355384231	2616.521344070164
4834.449841640273	3861.2654202612257	5270.375432007611	0.4940312339110876	2616.16679432358
4835.656342723787	3860.7245448687477	5269.837323508188	0.4940178322837521	2615.812244576995
4836.862843807301	3860.1836694762696	5269.299174130386	0.4940044306564167	2615.45769483041
4838.069344890815	3859.642794083792	5268.760983869545	0.4939910290290812	2615.103145083826
4839.275845974329	3859.101918691314	5268.222752721006	0.4939776274017458	2614.7485953372416
4840.482347057843	3858.561043298836	5267.684480680111	0.4939642434726981	2614.394045590657
4841.688848141357	3858.020167906358	5267.146167742198	0.4939508861143243	2614.0394958440725
4842.89534922487	3857.4792925138804	5266.607813902606	0.4939375287559505	2613.684946097488
4844.101850308384	3856.938417121403	5266.069419156675	0.4939241713975767	2613.3303963509034
4845.308351391898	3856.397541728925	5265.5309834997415	0.4939108140392029	2612.975846604319
4846.514852475412	3855.856666336447	5264.99250692714	0.49389745668082913	2612.6212968577347
4847.721353558926	3855.315790943969	5264.453989434211	0.4938841158645605	2612.2667471111504
4848.92785464244	3854.774915551491	5263.915431016286	0.4938708024583345	2611.9121973645656
4850.134355725954	3854.234040159013	5263.3768316687	0.4938574890521085	2611.5576476179813
4851.340856809468	3853.693164766535	5262.83819138679	0.49384417564588257	2611.203097871397
4852.547357892982	3853.152289374057	5262.299510165885	0.49383086223965655	2610.848548124812
4853.753858976496	3852.611413981579	5261.760788001321	0.4938175488334306	2610.4939983782274
4854.960360060009	3852.0705385891015	5261.222024888429	0.49380425082874163	2610.1394486316435
4856.166861143523	3851.529663196624	5260.683220822538	0.4937909810600385	2609.784898885059
4857.373362227037	3850.988787804146	5260.144375798981	0.49377771129133535	2609.430349138475
4858.579863310551	3850.447912411668	5259.605489813086	0.49376444152263216	2609.07579939189
4859.7863643940655	3849.9070370191903	5259.066562860183	0.493751171753929	2608.7212496453053
4860.9928654775795	3849.3661616267123	5258.5275949356	0.4937379019852259	2608.366699898721
4862.1993665610935	3848.8252862342342	5257.988586034664	0.49372464649294645	2608.0121501521367
4863.4058676446075	3848.284410841756	5257.4495361527015	0.49371142004931245	2607.657600405552
4864.6123687281215	3847.743535449278	5256.91044528504	0.4936981936056785	2607.3030506589675
4865.8188698116355	3847.2026600568006	5256.371313427005	0.4936849671620445	2606.948500912383
4867.025370895149	3846.661784664323	5255.832140573921	0.4936717407184105	2606.593951165799
4868.231871978663	3846.120909271845	5255.292926721108	0.4936585142747765	2606.239401419214
4869.438373062177	3845.580033879367	5254.753671863895	0.49364530099775045	2605.88485167263
4870.644874145691	3845.0391584868894	5254.2143759976025	0.4936321175688875	2605.5303019260455
4871.851375229205	3844.4982830944114	5253.675039117551	0.4936189341400245	2605.175752179461
4873.057876312719	3843.9574077019333	5253.135661219064	0.49360575071116153	2604.8212024328764
4874.264377396233	3843.4165323094558	5252.596242297461	0.4935925672822985	2604.466652686292
4875.470878479747	3842.8756569169777	5252.05678234806	0.4935793838534355	2604.1121029397073
4876.677379563261	3842.3347815244997	5251.517281366182	0.49356621249650556	2603.757553193123
4877.883880646774	3841.7939061320217	5250.977739347144	0.4935530717742531	2603.4030034465386
4879.090381730288	3841.253030739544	5250.438156286265	0.49353993105200067	2603.0484536999543
4880.296882813802	3840.712155347066	5249.8985321788605	0.4935267903297482	2602.69390395337
4881.503383897316	3840.171279954588	5249.358867020248	0.4935136496074958	2602.3393542067856
4882.70988498083	3839.6304045621105	5248.819160805743	0.4935005088852433	2601.9848044602004
4883.916386064344	3839.0895291696324	5248.2794135306585	0.49348737915523555	2601.630254713616
4885.122887147858	3838.5486537771544	5247.739625190309	0.49347428083355493	2601.2757049670317
4886.329388231372	3838.0077783846764	5247.1997957800095	0.49346118251187426	2600.9211552204474
4887.535889314886	3837.4669029921984	5246.65992529507	0.4934480841901936	2600.5666054738626
4888.7423903984	3836.926027599721	5246.120013730806	0.4934349858685129	2600.2120557272783
4889.948891481913	3836.385152207243	5245.580061082525	0.49342188754683225	2599.857505980694
4891.155392565427	3835.8442768147656	5245.04006734554	0.49340879915254165	2599.502956234109
4892.361893648941	3835.3034014222876	5244.500032515158	0.4933957429274992	2599.148406487525
4893.568394732455	3834.7625260298096	5243.95995658669	0.4933826867024568	2598.7938567409406
4894.774895815969	3834.2216506373315	5243.419839555444	0.4933696304774144	2598.4393069943562
4895.981396899483	3833.6807752448535	5242.879681416728	0.49335657425237195	2598.0847572477714
4897.187897982997	3833.139899852376	5242.3394821658485	0.4933435180273295	2597.730207501187
4898.394399066511	3832.599024459898	5241.799241798111	0.49333047067950464	2597.3756577546023
4899.600900150025	3832.05814906742	5241.258960308823	0.49331745624925577	2597.021108008018
4900.807401233539	3831.5172736749423	5240.718637693287	0.49330444181900696	2596.6665582614332
4902.013902317052	3830.9763982824643	5240.178273946808	0.49329142738875814	2596.3120085148494
4903.220403400566	3830.4355228899863	5239.637869064689	0.49327841295850927	2595.957458768265
4904.42690448408	3829.8946474975082	5239.097423042232	0.4932653985282604	2595.6029090216807
4905.633405567594	3829.3537721050307	5238.556935874742	0.4932523919395888	2595.2483592750955
4906.839906651108	3828.8128967125526	5238.016407557515	0.49323941900436064	2594.893809528511
4908.046407734622	3828.2720213200746	5237.475838085855	0.49322644606913246	2594.539259781927
4909.252908818136	3827.731145927597	5236.935227455062	0.49321347313390423	2594.1847100353425
4910.45940990165	3827.190270535119	5236.394575660433	0.49320050019867606	2593.8301602887577
4911.665910985164	3826.649395142641	5235.853882697268	0.4931875272634479	2593.4756105421734
4912.8724120686775	3826.1085197501634	5235.313148560864	0.4931745611485409	2593.121060795589
4914.0789131521915	3825.567644357686	5234.7723732465165	0.4931616294106185	2592.7665110490047
4915.2854142357055	3825.026768965208	5234.231556749524	0.49314869767269603	2592.41196130242
4916.4919153192195	3824.4858935727298	5233.6906990651805	0.4931357659347736	2592.0574115558356
4917.6984164027335	3823.9450181802517	5233.14980018878	0.49312283419685116	2591.7028618092513
4918.9049174862475	3823.4041427877737	5232.608860115619	0.4931099024589287	2591.348312062667
4920.111418569762	3822.863267395296	5232.067878840989	0.4930969765343086	2590.993762316082
4921.317919653276	3822.322392002818	5231.526856360183	0.49308408569801676	2590.639212569498
4922.52442073679	3821.78151661034	5230.985792668492	0.49307119486172485	2590.2846628229136
4923.730921820304	3821.2406412178625	5230.444687761209	0.493058304025433	2589.930113076329
4924.937422903817	3820.699765825385	5229.903541633624	0.49304541318914114	2589.5755633297445
4926.143923987331	3820.158890432907	5229.362354281023	0.4930325223528493	2589.22101358316
4927.350425070845	3819.6180150404284	5228.8211256987015	0.4930196363369328	2588.866463836576
4928.556926154359	3819.077139647951	5228.279855881942	0.49300678610862103	2588.511914089991
4929.763427237873	3818.536264255473	5227.738544826035	0.49299393588030926	2588.1573643434062
4930.969928321387	3817.995388862995	5227.197192526265	0.4929810856519975	2587.802814596822
4932.176429404901	3817.454513470517	5226.655798977922	0.49296823542368573	2587.4482648502376
4933.382930488415	3816.913638078039	5226.114364176288	0.49295538519537396	2587.0937151036533
4934.589431571929	3816.372762685561	5225.57288811665	0.49294253880845906	2586.7391653570685
4935.795932655443	3815.8318872930836	5225.03137079429	0.49292972889648773	2586.384615610484
4937.002433738956	3815.291011900606	5224.489812204492	0.49291691898451645	2586.0300658639
4938.20893482247	3814.750136508128	5223.948212342539	0.49290410907254517	2585.675516117315
4939.415435905984	3814.20926111565	5223.40657120371	0.49289129916057384	2585.3209663707307
4940.621936989498	3813.668385723172	5222.86488878329	0.49287848924860256	2584.9664166241464
4941.828438073012	3813.1275103306943	5222.323165076558	0.4928656822128553	2584.611866877562
4943.034939156526	3812.5866349382163	5221.781400078793	0.4928529123275769	2584.2573171309773
4944.24144024004	3812.0457595457383	5221.239593785275	0.49284014244229846	2583.902767384393
4945.447941323554	3811.5048841532603	5220.69774619128	0.4928273725570201	2583.5482176378086
4946.654442407068	3810.9640087607827	5220.1558572920885	0.49281460267174165	2583.193667891224
4947.860943490581	3810.423133368305	5219.613927082974	0.4928018327864633	2582.8391181446395
4949.067444574095	3809.882257975827	5219.071955559216	0.49278906482590124	2582.484568398055
4950.273945657609	3809.341382583349	5218.529942716088	0.4927763346796483	2582.130018651471
4951.480446741123	3808.8005071908715	5217.987888548864	0.4927636045333954	2581.775468904886
4952.686947824637	3808.259631798393	5217.445793052819	0.4927508743871425	2581.4209191583013
4953.893448908151	3807.718756405915	5216.903656223224	0.4927381442408896	2581.066369411717
4955.099949991665	3807.1778810134374	5216.361478055355	0.49272541409463666	2580.7118196651327
4956.306451075179	3806.6370056209594	5215.819258544481	0.49271268493511805	2580.3572699185484
4957.512952158693	3806.0961302284813	5215.276997685875	0.4926999942421854	2580.0027201719636
4958.719453242207	3805.5552548360038	5214.734695474805	0.49268730354925283	2579.6481704253792
4959.92595432572	3805.014379443526	5214.192351906543	0.4926746128563202	2579.293620678795
4961.132455409234	3804.473504051048	5213.649966976355	0.4926619221633876	2578.9390709322106
4962.338956492748	3803.93262865857	5213.107540679511	0.492649231470455	2578.584521185626
4963.545457576262	3803.3917532660926	5212.565073011278	0.49263654083966224	2578.2299714390415
4964.751958659776	3802.8508778736145	5212.022563966924	0.49262388931629425	2577.875421692457
4965.95845974329	3802.3100024811365	5211.480013541713	0.49261123779292626	2577.520871945873
4967.164960826804	3801.7691270886585	5210.93742173091	0.4925985862695583	2577.166322199288
4968.371461910318	3801.2282516961805	5210.39478852978	0.49258593474619033	2576.8117724527037
4969.577962993832	3800.687376303703	5209.852113933588	0.49257328322282234	2576.457222706119
4970.7844640773465	3800.146500911225	5209.309397937595	0.49256063169945435	2576.1026729595346
4971.99096516086	3799.6056255187477	5208.766640537066	0.4925480182146239	2575.7481232129503
4973.197466244374	3799.0647501262697	5208.223841727261	0.49253540557899694	2575.393573466366
4974.403967327888	3798.5238747337917	5207.681001503441	0.49252279294337	2575.0390237197817
4975.610468411402	3797.9829993413136	5207.138119860866	0.4925101803077431	2574.6844739731973
4976.816969494916	3797.4421239488356	5206.595196794794	0.4924975676721161	2574.329924226612
4978.02347057843	3796.9012485563576	5206.052232300487	0.49248495503648915	2573.9753744800278
4979.229971661944	3796.3603731638796	5205.509226373201	0.49247237926126813	2573.6208247334434
4980.436472745458	3795.8194977714015	5204.966179008194	0.4924598052334782	2573.266274986859
4981.642973828972	3795.278622378924	5204.423090200721	0.4924472312056883	2572.9117252402743
4982.849474912485	3794.7377469864464	5203.87995994604	0.49243465717789836	2572.55717549369
4984.055975995999	3794.1968715939684	5203.336788239404	0.49242208315010844	2572.2026257471057
4985.262477079513	3793.6559962014903	5202.793575076068	0.4924095091223185	2571.848076000521
4986.468978163027	3793.1151208090128	5202.250320451288	0.49239697079168887	2571.4935262539366
4987.675479246541	3792.5742454165347	5201.707024360314	0.4923844350937358	2571.1389765073523
4988.881980330055	3792.0333700240567	5201.163686798399	0.49237189939578274	2570.784426760768
4990.088481413569	3791.492494631579	5200.620307760794	0.4923593636978297	2570.429877014183
4991.294982497083	3790.951619239101	5200.076887242751	0.4923468279998766	2570.075327267599
4992.501483580597	3790.410743846623	5199.533425239519	0.49233429230192355	2569.7207775210145
4993.707984664111	3789.869868454145	5198.989921746348	0.4923217911526237	2569.36622777443
4994.914485747624	3789.328993061668	5198.446376758487	0.4923092935083963	2569.0116780278454
4996.120986831138	3788.78811766919	5197.902790271182	0.4922967958641689	2568.657128281261
4997.327487914652	3788.247242276712	5197.359162279682	0.4922842982199415	2568.3025785346767
4998.533988998166	3787.706366884234	5196.815492779232	0.4922718005757141	2567.9480287880924
4999.74049008168	3787.165491491756	5196.271781765078	0.49225930293148673	2567.593479041507
5000.946991165194	3786.6246160992782	5195.728029232465	0.49224683870199937	2567.238929294923
5002.153492248708	3786.0837407068	5195.184235176638	0.49223437883726184	2566.8843795483385
5003.359993332222	3785.5428653143217	5194.64039959284	0.4922219189725244	2566.529829801754
5004.566494415736	3785.001989921844	5194.096522476315	0.49220945910778685	2566.1752800551694
5005.77299549925	3784.461114529366	5193.5526038223015	0.4921969992430494	2565.820730308585
5006.979496582763	3783.9202391368885	5193.008643626044	0.49218453937831186	2565.4661805620008
5008.185997666277	3783.3793637444105	5192.4646418827815	0.4921721118088504	2565.1116308154164
5009.392498749791	3782.838488351933	5191.920598587756	0.49215968945122757	2564.7570810688317
5010.598999833305	3782.297612959455	5191.376513736204	0.49214726709360473	2564.4025313222473
5011.805500916819	3781.756737566977	5190.832387323365	0.4921348447359819	2564.047981575663
5013.012002000333	3781.2158621744993	5190.2882193444775	0.49212242237835907	2563.6934318290787
5014.218503083847	3780.6749867820213	5189.7440097947765	0.4921100000207362	2563.338882082494
5015.425004167361	3780.1341113895432	5189.199758669499	0.49209760885323217	2562.9843323359096
5016.631505250875	3779.593235997065	5188.655465963881	0.4920852237321952	2562.6297825893253
5017.838006334388	3779.052360604588	5188.111131673159	0.49207283861115825	2562.275232842741
5019.044507417902	3778.51148521211	5187.566755792564	0.4920604534901213	2561.920683096156
5020.251008501416	3777.970609819632	5187.022338317331	0.4920480683690843	2561.566133349572
5021.45750958493	3777.429734427154	5186.4778792426905	0.49203568324804736	2561.2115836029875
5022.6640106684445	3776.888859034676	5185.9333785638755	0.4920233282261379	2560.8570338564027
5023.8705117519585	3776.3479836421984	5185.388836276119	0.492010980072991	2560.502484109818
5025.0770128354725	3775.8071082497204	5184.84425237465	0.4919986319198441	2560.1479343632336
5026.2835139189865	3775.2662328572424	5184.299626854698	0.4919862837666972	2559.7933846166493
5027.4900150025005	3774.725357464765	5183.754959711491	0.49197393561355024	2559.438834870065
5028.6965160860145	3774.1844820722863	5183.2102509402575	0.49196158746040336	2559.08428512348
5029.903017169528	3773.6436066798087	5182.665500536227	0.4919492683294181	2558.729735376896
5031.109518253042	3773.1027312873307	5182.120708494625	0.49193695687728345	2558.3751856303115
5032.316019336556	3772.561855894853	5181.575874810676	0.49192464542514885	2558.0206358837268
5033.52252042007	3772.020980502375	5181.030999479609	0.4919123339730142	2557.6660861371424
5034.729021503584	3771.480105109897	5180.4860824966445	0.49190002252087955	2557.311536390558
5035.935522587098	3770.9392297174195	5179.941123857008	0.49188771106874496	2556.956986643974
5037.142023670612	3770.3983543249415	5179.396123555924	0.4918754275756938	2556.602436897389
5038.348524754126	3769.8574789324634	5178.851081588612	0.4918631525594988	2556.2478871508047
5039.55502583764	3769.316603539986	5178.305997950297	0.4918508775433038	2555.8933374042203
5040.761526921154	3768.775728147508	5177.760872636196	0.4918386025271088	2555.5387876576356
5041.968028004667	3768.2348527550303	5177.215705641533	0.4918263275109138	2555.1842379110512
5043.174529088181	3767.6939773625522	5176.670496961524	0.4918140524947188	2554.829688164467
5044.381030171695	3767.153101970074	5176.125246591389	0.49180180438827975	2554.4751384178826
5045.587531255209	3766.6122265775966	5175.579954526349	0.49178956554474307	2554.120588671298
5046.794032338723	3766.0713511851186	5175.034620761616	0.49177732670120644	2553.766038924713
5048.000533422237	3765.5304757926406	5174.4892452924105	0.49176508785766976	2553.4114891781287
5049.207034505751	3764.9896004001625	5173.9438281139455	0.4917528490141331	2553.0569394315444
5050.413535589265	3764.448725007685	5173.39836922144	0.4917406101705964	2552.70238968496
5051.620036672779	3763.907849615207	5172.8528686101035	0.49172839720110223	2552.3478399383753
5052.826537756292	3763.3669742227294	5172.307326275152	0.49171619426871915	2551.993290191791
5054.033038839806	3762.8260988302513	5171.7617422118	0.4917039913363361	2551.6387404452066
5055.23953992332	3762.2852234377733	5171.216116415257	0.491691788403953	2551.2841906986223
5056.446041006834	3761.7443480452953	5170.6704488807345	0.4916795854715699	2550.9296409520375
5057.652542090348	3761.2034726528173	5170.124739603444	0.49166738253918685	2550.575091205453
5058.859043173862	3760.6625972603397	5169.578988578596	0.4916552044586145	2550.220541458869
5060.065544257376	3760.1217218678617	5169.033195801398	0.49164303717764607	2549.8659917122845
5061.27204534089	3759.5808464753836	5168.48736126706	0.49163086989667765	2549.5114419656998
5062.478546424404	3759.039971082906	5167.941484970791	0.4916187026157092	2549.1568922191154
5063.685047507918	3758.499095690428	5167.395566907793	0.4916065353347408	2548.8023424725307
5064.891548591431	3757.9582202979504	5166.849607073278	0.4915943680537724	2548.447792725947
5066.098049674945	3757.4173449054724	5166.303605462447	0.4915822246157295	2548.093242979362
5067.304550758459	3756.876469512995	5165.757562070508	0.4915700927281861	2547.7386932327777
5068.511051841973	3756.335594120517	5165.211476892663	0.4915579608406427	2547.3841434861934
5069.717552925487	3755.794718728039	5164.6653499241165	0.4915458289530993	2547.0295937396086
5070.924054009001	3755.253843335561	5164.119181160072	0.4915336970655559	2546.675043993024
5072.130555092515	3754.712967943083	5163.572970595729	0.4915215651780125	2546.3204942464395
5073.337056176029	3754.172092550605	5163.02671822629	0.49150945613772584	2545.965944499855
5074.543557259543	3753.631217158127	5162.480424046955	0.49149735938735606	2545.6113947532704
5075.750058343057	3753.090341765649	5161.934088052922	0.4914852626369863	2545.256845006686
5076.9565594265705	3752.549466373172	5161.387710239394	0.4914731658866165	2544.9022952601017
5078.1630605100845	3752.008590980694	5160.841290601567	0.4914610691362467	2544.5477455135174
5079.3695615935985	3751.4677155882155	5160.2948291346365	0.4914489723858769	2544.1931957669326
5080.5760626771125	3750.9268401957374	5159.7483258338025	0.491436897500181	2543.8386460203483
5081.7825637606265	3750.38596480326	5159.201780694259	0.4914248356324582	2543.484096273764
5082.989064844141	3749.845089410782	5158.655193711202	0.4914127737647354	2543.1295465271796
5084.195565927655	3749.304214018304	5158.108564879824	0.4914007118970126	2542.774996780595
5085.402067011169	3748.7633386258262	5157.5618941953235	0.49138865002928983	2542.4204470340105
5086.608568094683	3748.222463233348	5157.015181652889	0.49137658816156704	2542.0658972874257
5087.815069178197	3747.68158784087	5156.468427247713	0.49136454718889133	2541.7113475408414
5089.02157026171	3747.1407124483926	5155.92163097499	0.49135251995099977	2541.356797794257
5090.228071345224	3746.599837055915	5155.374792829909	0.4913404927131082	2541.0022480476728
5091.434572428738	3746.058961663437	5154.827912807661	0.4913284654752166	2540.6476983010884
5092.641073512252	3745.518086270959	5154.280990903434	0.491316438237325	2540.293148554504
5093.847574595766	3744.9772108784814	5153.734027112418	0.49130441099943345	2539.938598807919
5095.05407567928	3744.4363354860034	5153.187021429799	0.49129240369979144	2539.5840490613346
5096.260576762794	3743.8954600935253	5152.639973850764	0.4912804108406144	2539.2294993147502
5097.467077846308	3743.3545847010473	5152.092884370501	0.4912684179814374	2538.874949568166
5098.673578929822	3742.8137093085693	5151.545752984197	0.49125642512226037	2538.520399821581
5099.880080013335	3742.272833916092	5150.998579687037	0.49124443226308334	2538.165850074997
5101.086581096849	3741.731958523614	5150.451364474201	0.4912324394039063	2537.8113003284125
5102.293082180363	3741.191083131136	5149.904107340875	0.49122046553888393	2537.456750581828
5103.499583263877	3740.650207738658	5149.356808282241	0.491208506808991	2537.1022008352434
5104.706084347391	3740.10933234618	5148.809467293484	0.49119654807909796	2536.747651088659
5105.912585430905	3739.568456953702	5148.2620843697805	0.49118458934920495	2536.3931013420747
5107.119086514419	3739.027581561224	5147.714659506314	0.491172630619312	2536.0385515954904
5108.325587597933	3738.4867061687464	5147.167192698265	0.491160671889419	2535.6840018489056
5109.532088681447	3737.9458307762684	5146.619683940809	0.4911487312221625	2535.329452102321
5110.738589764961	3737.4049553837904	5146.072133229128	0.49113680637379553	2534.9749023557365
5111.945090848474	3736.864079991313	5145.524540558397	0.49112488152542855	2534.6203526091526
5113.151591931988	3736.323204598835	5144.976905923794	0.49111295667706156	2534.265802862568
5114.358093015502	3735.782329206357	5144.429229320495	0.4911010318286946	2533.9112531159835
5115.564594099016	3735.241453813879	5143.881510743676	0.4910891069803276	2533.556703369399
5116.77109518253	3734.7005784214016	5143.333750188511	0.49107719927553256	2533.2021536228144
5117.977596266044	3734.1597030289236	5142.785947650172	0.4910653080625948	2532.8476038762296
5119.184097349558	3733.6188276364455	5142.238103123833	0.49105341684965703	2532.4930541296453
5120.390598433072	3733.0779522439675	5141.690216604668	0.49104152563671927	2532.138504383061
5121.597099516586	3732.53707685149	5141.142288087848	0.4910296344237815	2531.783954636476
5122.8036006001	3731.996201459012	5140.594317568544	0.49101774321084374	2531.429404889892
5124.010101683613	3731.4553260665343	5140.046305041926	0.491005868234744	2531.0748551433076
5125.216602767127	3730.9144506740563	5139.498250503162	0.49099401041278723	2530.7203053967232
5126.423103850641	3730.3735752815783	5138.950153947422	0.4909821525908304	2530.3657556501385
5127.629604934155	3729.8326998891007	5138.402015369875	0.4909702947688736	2530.011205903554
5128.836106017669	3729.2918244966227	5137.853834765685	0.4909584369469168	2529.65665615697
5130.042607101183	3728.750949104144	5137.305612130021	0.49094657912496004	2529.3021064103855
5131.249108184697	3728.2100737116666	5136.757347458049	0.49093473664531584	2528.9475566638007
5132.455609268211	3727.6691983191886	5136.209040744932	0.49092291197152677	2528.593006917216
5133.6621103517255	3727.1283229267106	5135.660691985834	0.4909110872977377	2528.2384571706316
5134.868611435239	3726.587447534233	5135.112301175922	0.4908992626239486	2527.8839074240477
5136.075112518753	3726.0465721417554	5134.563868310356	0.4908874379501596	2527.529357677463
5137.281613602267	3725.5056967492774	5134.015393384298	0.4908756132763705	2527.1748079308786
5138.488114685781	3724.9648213567993	5133.466876392909	0.4908638030624577	2526.8202581842943
5139.694615769295	3724.423945964322	5132.918317331352	0.49085201129564765	2526.4657084377095
5140.901116852809	3723.8830705718437	5132.369716194783	0.49084021952883766	2526.1111586911247
5142.107617936323	3723.3421951793657	5131.821072978364	0.4908284277620276	2525.7566089445404
5143.314119019837	3722.801319786888	5131.2723876772525	0.49081663599521763	2525.402059197956
5144.520620103351	3722.26044439441	5130.723660286605	0.4908048442284076	2525.0475094513718
5145.727121186865	3721.719569001932	5130.174890801581	0.4907930660510071	2524.692959704787
5146.933622270378	3721.1786936094545	5129.6260792173325	0.49078130695159927	2524.3384099582026
5148.140123353892	3720.637818216977	5129.0772255290185	0.4907695478521915	2523.9838602116183
5149.346624437406	3720.096942824499	5128.52832973179	0.4907577887527837	2523.629310465034
5150.55312552092	3719.556067432021	5127.979391820804	0.49074602965337594	2523.274760718449
5151.759626604434	3719.0151920395433	5127.4304117912125	0.4907342705539681	2522.920210971865
5152.966127687948	3718.4743166470653	5126.881389638168	0.490722524185354	2522.5656612252806
5154.172628771462	3717.933441254587	5126.3323253568215	0.4907107975153697	2522.2111114786962
5155.379129854976	3717.3925658621088	5125.783218942323	0.4906990708453855	2521.856561732111
5156.58563093849	3716.8516904696307	5125.234070389825	0.4906873441754012	2521.5020119855267
5157.792132022004	3716.310815077153	5124.684879694476	0.490675617505417	2521.1474622389424
5158.998633105517	3715.7699396846756	5124.135646851424	0.4906638908354327	2520.7929124923585
5160.205134189031	3715.2290642921976	5123.586371855817	0.4906521760493616	2520.4383627457737
5161.411635272545	3714.6881888997195	5123.037054702802	0.49064048157241125	2520.0838129991894
5162.618136356059	3714.147313507242	5122.487695387526	0.49062878709546087	2519.7292632526046
5163.824637439573	3713.606438114764	5121.938293905135	0.4906170926185105	2519.3747135060203
5165.031138523087	3713.065562722286	5121.388850250772	0.4906053981415601	2519.0201637594355
5166.237639606601	3712.5246873298083	5120.839364419583	0.4905937036646098	2518.665614012851
5167.444140690115	3711.9838119373303	5120.28983640671	0.49058202023631087	2518.311064266267
5168.650641773629	3711.4429365448523	5119.740266207296	0.49057035771757995	2517.956514519682
5169.857142857142	3710.9020611523747	5119.190653816485	0.49055869519884904	2517.6019647730977
5171.063643940656	3710.361185759897	5118.640999229416	0.4905470326801181	2517.2474150265134
5172.27014502417	3709.820310367419	5118.091302441228	0.4905353701613872	2516.892865279929
5173.476646107684	3709.279434974941	5117.541563447064	0.49052370764265624	2516.5383155333443
5174.683147191198	3708.7385595824635	5116.991782242061	0.49051205534882	2516.18376578676
5175.889648274712	3708.1976841899855	5116.441958821359	0.49050042455505904	2515.8292160401757
5177.096149358226	3707.6568087975074	5115.892093180092	0.49048879376129817	2515.4746662935913
5178.30265044174	3707.1159334050294	5115.342185313399	0.49047716296753724	2515.1201165470065
5179.509151525254	3706.5750580125514	5114.792235216416	0.4904655321737763	2514.765566800422
5180.715652608768	3706.0341826200734	5114.242242884277	0.4904539013800154	2514.4110170538374
5181.922153692281	3705.493307227596	5113.692208312119	0.49044227999878304	2514.0564673072536
5183.128654775795	3704.9524318351177	5113.142131495072	0.49043068069829376	2513.701917560669
5184.335155859309	3704.4115564426397	5112.592012428273	0.4904190813978045	2513.3473678140845
5185.5416569428235	3703.870681050162	5112.041851106851	0.4904074820973152	2512.9928180674997
5186.7481580263375	3703.329805657684	5111.491647525939	0.49039588279682594	2512.638268320916
5187.9546591098515	3702.788930265206	5110.941401680666	0.49038428349633667	2512.2837185743306
5189.1611601933655	3702.2480548727285	5110.391113566165	0.4903726928072892	2511.9291688277463
5190.3676612768795	3701.7071794802505	5109.840783177562	0.4903611247699154	2511.574619081162
5191.5741623603935	3701.1663040877725	5109.290410509988	0.49034955673254155	2511.2200693345776
5192.7806634439075	3700.625428695295	5108.739995558569	0.4903379886951677	2510.865519587993
5193.987164527421	3700.0845533028173	5108.189538318432	0.4903264206577939	2510.5109698414085
5195.193665610935	3699.5436779103393	5107.639038784704	0.49031485262042007	2510.156420094824
5196.400166694449	3699.0028025178613	5107.0884969525105	0.490303292404569	2509.80187034824
5197.606667777963	3698.4619271253837	5106.537912816976	0.4902917554016842	2509.447320601655
5198.813168861477	3697.9210517329057	5105.987286373224	0.49028021839879943	2509.0927708550707
5200.019669944991	3697.3801763404276	5105.4366176163785	0.4902686813959146	2508.7382211084864
5201.226171028505	3696.8393009479496	5104.88590654156	0.4902571443930298	2508.383671361902
5202.432672112019	3696.2984255554716	5104.335153143894	0.49024560739014506	2508.0291216153173
5203.639173195533	3695.757550162994	5103.784357418498	0.4902340774299213	2507.6745718687325
5204.845674279046	3695.216674770516	5103.233519360495	0.49022257123441626	2507.3200221221487
5206.05217536256	3694.675799378038	5102.6826389650005	0.4902110650389112	2506.9654723755643
5207.258676446074	3694.13492398556	5102.131716227137	0.4901995588434061	2506.6109226289796
5208.465177529588	3693.5940485930823	5101.580751142022	0.49018805264790105	2506.2563728823948
5209.671678613102	3693.0531732006043	5101.02974370477	0.490176546452396	2505.901823135811
5210.878179696616	3692.5122978081263	5100.4786939105	0.4901650465316393	2505.5472733892257
5212.08468078013	3691.9714224156487	5099.927601754326	0.49015357091791284	2505.1927236426413
5213.291181863644	3691.4305470231707	5099.376467231366	0.49014209530418634	2504.838173896057
5214.497682947158	3690.8896716306926	5098.825290336731	0.49013061969045985	2504.4836241494727
5215.704184030672	3690.348796238215	5098.274071065535	0.49011914407673335	2504.129074402888
5216.910685114185	3689.8079208457375	5097.722809412893	0.4901076684630069	2503.774524656304
5218.117186197699	3689.2670454532595	5097.171505373914	0.4900961983669567	2503.4199749097193
5219.323687281213	3688.7261700607814	5096.6201589437105	0.49008475311090294	2503.065425163135
5220.530188364727	3688.185294668304	5096.068770117394	0.49007330785484915	2502.71087541655
5221.736689448241	3687.644419275826	5095.517338890072	0.49006186259879536	2502.356325669966
5222.943190531755	3687.103543883348	5094.965865256855	0.4900504173427416	2502.0017759233815
5224.149691615269	3686.56266849087	5094.4143492128505	0.4900389720866878	2501.647226176797
5225.356192698783	3686.0217930983918	5093.862790753165	0.4900275316019722	2501.2926764302124
5226.562693782297	3685.480917705914	5093.311189872909	0.4900161164809709	2500.9381266836276
5227.769194865811	3684.940042313436	5092.759546567186	0.4900047013599695	2500.5835769370433
5228.975695949324	3684.399166920959	5092.207860831099	0.48999328623896815	2500.2290271904594
5230.182197032838	3683.8582915284805	5091.656132659756	0.4899818711179668	2499.8744774438746
5231.388698116352	3683.3174161360025	5091.104362048258	0.4899704559969655	2499.5199276972903
5232.595199199866	3682.7765407435245	5090.552548991709	0.4899590449115922	2499.165377950706
5233.80170028338	3682.235665351047	5090.000693485212	0.4899476597044961	2498.810828204121
5235.008201366894	3681.694789958569	5089.4487955238665	0.48993627449739996	2498.4562784575364
5236.214702450408	3681.153914566091	5088.896855102776	0.48992488929030387	2498.101728710952
5237.421203533922	3680.613039173613	5088.344872217038	0.4899135040832078	2497.747178964368
5238.627704617436	3680.0721637811353	5087.792846861752	0.4899021188761117	2497.3926292177835
5239.8342057009495	3679.5312883886577	5087.240779032017	0.48989073697945684	2497.038079471199
5241.0407067844635	3678.9904129961797	5086.68866872293	0.4898793814665824	2496.6835297246143
5242.2472078679775	3678.4495376037016	5086.136515929588	0.4898680259537079	2496.32897997803
5243.4537089514915	3677.908662211224	5085.584320647089	0.48985667044083336	2495.9744302314457
5244.660210035006	3677.367786818746	5085.032082870527	0.4898453149279589	2495.619880484861
5245.86671111852	3676.826911426268	5084.479802594995	0.4898339594150844	2495.2653307382766
5247.073212202034	3676.2860360337904	5083.92747981559	0.48982260649788395	2494.9107809916923
5248.279713285548	3675.7451606413124	5083.375114527402	0.48981128046100025	2494.556231245108
5249.486214369062	3675.2042852488344	5082.822706725525	0.48979995442411656	2494.201681498523
5250.692715452576	3674.663409856357	5082.270256405051	0.48978862838723286	2493.847131751939
5251.899216536089	3674.122534463879	5081.7177635610715	0.48977730235034916	2493.4925820053545
5253.105717619603	3673.581659071401	5081.165228188674	0.4897659763134654	2493.13803225877
5254.312218703117	3673.040783678923	5080.6126502829475	0.4897546521678052	2492.7834825121854
5255.518719786631	3672.499908286445	5080.060029838985	0.4897433553901222	2492.428932765601
5256.725220870145	3671.959032893967	5079.507366851871	0.4897320586124392	2492.0743830190163
5257.931721953659	3671.418157501489	5078.954661316692	0.48972076183475616	2491.7198332724315
5259.138223037173	3670.877282109011	5078.4019132285375	0.48970946505707313	2491.365283525847
5260.344724120687	3670.336406716533	5077.849122582489	0.4896981682793901	2491.010733779263
5261.551225204201	3669.7955313240554	5077.296289373636	0.48968687269869515	2490.6561840326785
5262.757726287715	3669.2546559315774	5076.743413597058	0.4896756049648547	2490.3016342860938
5263.964227371228	3668.7137805391	5076.190495247842	0.48966433723101427	2489.9470845395094
5265.170728454742	3668.172905146622	5075.637534321066	0.4896530694971738	2489.592534792925
5266.377229538256	3667.6320297541442	5075.084530811817	0.48964180176333333	2489.237985046341
5267.58373062177	3667.091154361666	5074.531484715173	0.4896305340294929	2488.883435299756
5268.790231705284	3666.550278969188	5073.978396026214	0.4896192668085193	2488.5288855531717
5269.996732788798	3666.0094035767106	5073.425264740022	0.4896080279045831	2488.1743358065874
5271.203233872312	3665.4685281842326	5072.8720908516725	0.48959678900064685	2487.819786060003
5272.409734955826	3664.9276527917546	5072.318874356244	0.4895855500967106	2487.4652363134182
5273.61623603934	3664.386777399277	5071.765615248818	0.4895743111927744	2487.110686566834
5274.822737122853	3663.8459020067994	5071.2123135244665	0.48956307228883816	2486.7561368202496
5276.029238206367	3663.3050266143214	5070.658969178266	0.4895518333849019	2486.4015870736653
5277.235739289881	3662.7641512218433	5070.105582205292	0.4895406229371028	2486.0470373270805
5278.442240373395	3662.223275829366	5069.552152600618	0.4895294126505436	2485.692487580496
5279.648741456909	3661.6824004368877	5068.998680359319	0.4895182023639844	2485.3379378339114
5280.855242540423	3661.1415250444093	5068.445165476466	0.4895069920774252	2484.983388087327
5282.061743623937	3660.6006496519312	5067.891607947132	0.489495781790866	2484.6288383407423
5283.268244707451	3660.059774259453	5067.338007766388	0.4894845715043068	2484.274288594158
5284.474745790965	3659.5188988669756	5066.784364929304	0.48947338879856556	2483.9197388475736
5285.681246874479	3658.9780234744976	5066.23067943095	0.4894622069182551	2483.5651891009893
5286.887747957992	3658.43714808202	5065.676951266394	0.4894510250379447	2483.2106393544045
5288.094249041506	3657.896272689542	5065.123180430704	0.4894398431576343	2482.85608960782
5289.30075012502	3657.3553972970644	5064.569366918951	0.4894286612773239	2482.501539861236
5290.507251208534	3656.8145219045864	5064.015510726198	0.48941747939701347	2482.1469901146515
5291.713752292048	3656.2736465121084	5063.4616118475105	0.48940632423340985	2481.7924403680668
5292.920253375562	3655.732771119631	5062.907670277955	0.4893951705496102	2481.4378906214824
5294.126754459076	3655.1918957271528	5062.353686012595	0.4893840168658105	2481.083340874898
5295.33325554259	3654.6510203346747	5061.799659046495	0.4893728631820109	2480.728791128314
5296.5397566261045	3654.110144942197	5061.245589374718	0.48936170949821123	2480.374241381729
5297.7462577096185	3653.569269549719	5060.691476992325	0.48935055581441156	2480.0196916351442
5298.952758793132	3653.0283941572416	5060.137321894378	0.48933942799430846	2479.6651418885604
5300.159259876646	3652.4875187647635	5059.583124075936	0.4893283022986614	2479.3105921419756
5301.36576096016	3651.946643372286	5059.028883532061	0.48931717660301444	2478.9560423953913
5302.572262043674	3651.405767979808	5058.47460025781	0.4893060509073674	2478.6014926488065
5303.778763127188	3650.86489258733	5057.920274248242	0.4892949252117204	2478.246942902222
5304.985264210702	3650.324017194852	5057.3659054984155	0.48928379951607337	2477.8923931556374
5306.191765294216	3649.7831418023734	5056.811494003386	0.48927269884210584	2477.537843409053
5307.39826637773	3649.242266409896	5056.257039758209	0.48926160092762144	2477.1832936624687
5308.604767461244	3648.701391017418	5055.702542757941	0.48925050301313705	2476.8287439158844
5309.811268544758	3648.1605156249398	5055.148002997635	0.48923940509865266	2476.4741941692996
5311.017769628271	3647.6196402324626	5054.593420472347	0.4892283071841682	2476.1196444227153
5312.224270711785	3647.0787648399846	5054.038795177128	0.4892172092696838	2475.765094676131
5313.430771795299	3646.5378894475066	5053.48412710703	0.48920613554575265	2475.4105449295466
5314.637272878813	3645.9970140550286	5052.929416257104	0.48919506520680167	2475.055995182962
5315.843773962327	3645.456138662551	5052.374662622403	0.4891839948678507	2474.7014454363775
5317.050275045841	3644.915263270073	5051.819866197974	0.4891729245288997	2474.346895689793
5318.256776129355	3644.374387877595	5051.265026978867	0.48916185418994873	2473.992345943209
5319.463277212869	3643.8335124851174	5050.710144960132	0.48915078385099775	2473.637796196624
5320.669778296383	3643.2926370926393	5050.155220136815	0.48913973688225854	2473.2832464500393
5321.876279379896	3642.7517617001618	5049.600252503961	0.48912869391456054	2472.9286967034554
5323.08278046341	3642.2108863076837	5049.04524205662	0.48911765094686255	2472.574146956871
5324.289281546924	3641.670010915206	5048.490188789835	0.4891066079791645	2472.2195972102863
5325.495782630438	3641.129135522728	5047.93509269865	0.4890955650114665	2471.865047463702
5326.702283713952	3640.58826013025	5047.379953778109	0.4890845220437685	2471.5104977171177
5327.908784797466	3640.0473847377725	5046.824772023257	0.4890735016366239	2471.155947970533
5329.11528588098	3639.5065093452945	5046.269547429133	0.4890624858372388	2470.801398223948
5330.321786964494	3638.9656339528165	5045.71427999078	0.4890514700378538	2470.446848477364
5331.528288048008	3638.4247585603384	5045.15896970324	0.48904045423846876	2470.0922987307795
5332.734789131522	3637.88388316786	5044.603616561548	0.48902943843908375	2469.737748984195
5333.941290215035	3637.343007775383	5044.04822056075	0.4890184226396987	2469.383199237611
5335.147791298549	3636.802132382905	5043.492781695881	0.4890074286017888	2469.028649491026
5336.354292382063	3636.2612569904268	5042.937299961977	0.4889964397691063	2468.6740997444417
5337.560793465577	3635.720381597949	5042.381775354078	0.48898545093642376	2468.3195499978574
5338.767294549091	3635.179506205471	5041.826207867217	0.48897446210374124	2467.9650002512726
5339.973795632605	3634.638630812993	5041.270597496431	0.4889634732710587	2467.6104505046883
5341.180296716119	3634.097755420515	5040.7149442367545	0.4889524844383762	2467.255900758104
5342.386797799633	3633.5568800280375	5040.159248083222	0.48894151657857016	2466.9013510115196
5343.593298883147	3633.0160046355595	5039.603509030865	0.48893055451230005	2466.5468012649344
5344.799799966661	3632.4751292430815	5039.047727074716	0.48891959244603	2466.1922515183505
5346.006301050174	3631.934253850604	5038.4919022098065	0.48890863037975996	2465.837701771766
5347.2128021336885	3631.3933784581263	5037.936034431169	0.48889766831348985	2465.4831520251814
5348.4193032172025	3630.8525030656483	5037.380123733831	0.4888867062472198	2465.128602278597
5349.6258043007165	3630.3116276731703	5036.824170112823	0.4888757643756073	2464.774052532013
5350.8323053842305	3629.7707522806927	5036.268173563172	0.4888648288767709	2464.419502785428
5352.0388064677445	3629.2298768882147	5035.712134079907	0.48885389337793445	2464.064953038843
5353.2453075512585	3628.6890014957366	5035.156051658054	0.48884295787909804	2463.710403292259
5354.4518086347725	3628.148126103259	5034.59992629264	0.4888320223802616	2463.3558535456746
5355.6583097182865	3627.607250710781	5034.04375797869	0.48882108688142517	2463.0013037990902
5356.8648108018	3627.066375318303	5033.487546711229	0.4888101708093075	2462.646754052506
5358.071311885314	3626.525499925825	5032.931292485279	0.48879926168022686	2462.292204305921
5359.277812968828	3625.984624533347	5032.374995295864	0.48878835255114617	2461.937654559337
5360.484314052342	3625.4437491408694	5031.818655138009	0.48877744342206547	2461.5831048127525
5361.690815135856	3624.9028737483914	5031.26227200673	0.48876653429298483	2461.2285550661677
5362.89731621937	3624.3619983559133	5030.705845897051	0.48875562516390414	2460.8740053195834
5364.103817302884	3623.8211229634353	5030.149376803991	0.48874473470378543	2460.519455572999
5365.310318386398	3623.2802475709577	5029.592864722573	0.48873385174807427	2460.1649058264147
5366.516819469912	3622.7393721784797	5029.03630964781	0.48872296879236304	2459.8103560798295
5367.723320553426	3622.1984967860017	5028.4797115747215	0.4887120858366519	2459.4558063332456
5368.929821636939	3621.657621393524	5027.923070498325	0.4887012028809407	2459.1012565866613
5370.136322720453	3621.1167460010465	5027.366386413637	0.48869031992522954	2458.746706840077
5371.342823803967	3620.5758706085685	5026.809659315671	0.4886794548908089	2458.392157093492
5372.549324887481	3620.0349952160905	5026.252889199443	0.48866859791336403	2458.037607346908
5373.755825970995	3619.494119823613	5025.696076059967	0.48865774093591924	2457.683057600323
5374.962327054509	3618.953244431135	5025.139219892255	0.48864688395847444	2457.3285078537388
5376.168828138023	3618.412369038657	5024.582320691318	0.4886360269810296	2456.973958107154
5377.375329221537	3617.8714936461793	5024.025378452172	0.4886251700035848	2456.6194083605697
5378.581830305051	3617.3306182537012	5023.468393169822	0.48861433020974765	2456.2648586139853
5379.788331388565	3616.789742861223	5022.911364839283	0.48860349901673933	2455.910308867401
5380.994832472078	3616.2488674687456	5022.354293455561	0.48859266782373095	2455.555759120816
5382.201333555592	3615.7079920762676	5021.797179013666	0.4885818366307226	2455.201209374232
5383.407834639106	3615.1671166837896	5021.240021508604	0.4885710054377142	2454.8466596276476
5384.61433572262	3614.6262412913115	5020.682820935383	0.4885601742447058	2454.4921098810632
5385.820836806134	3614.0853658988335	5020.125577289008	0.4885493595075157	2454.1375601344785
5387.027337889648	3613.5444905063555	5019.568290564486	0.4885385539063782	2453.783010387894
5388.233838973162	3613.003615113878	5019.01096075682	0.4885277483052406	2453.42846064131
5389.440340056676	3612.4627397214	5018.453587861015	0.48851694270410306	2453.073910894725
5390.64684114019	3611.921864328922	5017.896171872072	0.4885061371029655	2452.7193611481407
5391.853342223703	3611.3809889364447	5017.3387127849965	0.48849533150182795	2452.3648114015564
5393.059843307217	3610.8401135439667	5016.781210594787	0.4884845416387011	2452.010261654972
5394.266344390731	3610.2992381514887	5016.223665296445	0.48847376143841925	2451.6557119083873
5395.472845474245	3609.7583627590107	5015.666076884971	0.48846298123813736	2451.301162161803
5396.679346557759	3609.217487366533	5015.108445355364	0.4884522010378555	2450.946612415218
5397.885847641273	3608.676611974055	5014.550770702621	0.4884414208375737	2450.592062668634
5399.092348724787	3608.135736581577	5013.99305292174	0.48843064063729186	2450.237512922049
5400.298849808301	3607.5948611890994	5013.43529200772	0.48841987547046894	2449.8829631754647
5401.505350891815	3607.0539857966214	5012.877487955555	0.48840912048725266	2449.5284134288804
5402.711851975329	3606.5131104041434	5012.319640760239	0.4883983655040364	2449.173863682296
5403.9183530588425	3605.972235011666	5011.761750416769	0.48838761052082014	2448.8193139357113
5405.1248541423565	3605.4313596191882	5011.203816920139	0.48837685553760385	2448.464764189127
5406.3313552258705	3604.89048422671	5010.64584026534	0.48836610055438756	2448.1102144425427
5407.537856309385	3604.3496088342317	5010.087820447364	0.4883553599167696	2447.7556646959583
5408.744357392899	3603.808733441754	5009.529757461204	0.488344629980938	2447.4011149493736
5409.950858476413	3603.267858049276	5008.971651301848	0.48833390004510646	2447.046565202789
5411.157359559927	3602.726982656798	5008.41350196429	0.48832317010927495	2446.692015456205
5412.363860643441	3602.18610726432	5007.855309443516	0.4883124401734434	2446.3374657096206
5413.570361726955	3601.645231871842	5007.297073734513	0.4883017102376118	2445.982915963036
5414.776862810469	3601.1043564793645	5006.738794832272	0.4882909939746007	2445.628366216451
5415.983363893982	3600.563481086887	5006.1804727317785	0.48828028892945957	2445.273816469867
5417.189864977496	3600.022605694409	5005.622107428019	0.4882695838843184	2444.919266723283
5418.39636606101	3599.481730301931	5005.063698915976	0.4882588788391773	2444.564716976698
5419.602867144524	3598.9408549094533	5004.505247190636	0.4882481737940361	2444.2101672301133
5420.809368228038	3598.3999795169752	5003.946752246982	0.488237468748895	2443.8556174835294
5422.015869311552	3597.859104124497	5003.388214079998	0.4882267767170074	2443.5010677369446
5423.222370395066	3597.3182287320196	5002.829632684665	0.48821609641702496	2443.14651799036
5424.42887147858	3596.7773533395416	5002.271008055965	0.48820541611704255	2442.7919682437755
5425.635372562094	3596.2364779470636	5001.712340188876	0.4881947358170601	2442.437418497191
5426.841873645607	3595.695602554586	5001.153629078381	0.48818405551707766	2442.082868750607
5428.048374729121	3595.1547271621084	5000.594874719457	0.48817337521709525	2441.728319004022
5429.254875812635	3594.6138517696304	5000.036077107083	0.48816270728117184	2441.3737692574377
5430.461376896149	3594.0729763771524	4999.477236236236	0.4881520515878905	2441.0192195108534
5431.667877979663	3593.532100984675	4998.918352101894	0.4881413958946092	2440.664669764269
5432.874379063177	3592.9912255921963	4998.3594246990315	0.48813074020132785	2440.3101200176843
5434.080880146691	3592.4503501997183	4997.800454022623	0.48812008450804656	2439.9555702711
5435.287381230205	3591.9094748072407	4997.241440067644	0.4881094288147652	2439.6010205245157
5436.493882313719	3591.3685994147627	4996.682382829067	0.4880987848437781	2439.246470777931
5437.700383397233	3590.8277240222847	4996.123282301865	0.48808815362070956	2438.891921031346
5438.906884480746	3590.286848629807	4995.5641384810115	0.48807752239764096	2438.5373712847622
5440.11338556426	3589.745973237329	4995.004951361476	0.48806689117457236	2438.182821538178
5441.319886647774	3589.205097844851	4994.445720938229	0.4880562599515038	2437.828271791593
5442.526387731288	3588.6642224523735	4993.8864472062405	0.4880456287284352	2437.4737220450083
5443.732888814802	3588.1233470598954	4993.327130160479	0.48803500859289767	2437.1191722984245
5444.939389898316	3587.5824716674174	4992.7677697959125	0.4880244017048867	2436.7646225518397
5446.14589098183	3587.04159627494	4992.208366107509	0.48801379481687573	2436.410072805255
5447.352392065344	3586.500720882462	4991.648919090236	0.48800318792886477	2436.0555230586706
5448.558893148858	3585.9598454899838	4991.089428739056	0.4879925810408538	2435.7009733120863
5449.765394232372	3585.418970097506	4990.529895048936	0.48798197415284283	2435.346423565502
5450.971895315885	3584.8780947050286	4989.97031801484	0.4879713777252556	2434.991873818917
5452.178396399399	3584.3372193125506	4989.410697631732	0.4879607950402111	2434.637324072333
5453.384897482913	3584.258671210101	4988.932778560244	0.4879502123551666	2434.3891645049507
5454.591398566427	3584.1885524732843	4988.45642120184	0.48793962967012205	2434.142944692672
5455.797899649941	3584.118433736467	4987.980136169318	0.48792904698507755	2433.896724880393
5457.004400733455	3584.04831499965	4987.503923446207	0.48791846430003305	2433.6505050681135
5458.2109018169695	3583.978196262833	4987.027783016043	0.4879078914561646	2433.4042852558346
5459.4174029004835	3583.908077526016	4986.551714862363	0.48789733284608433	2433.1580654435556
5460.6239039839975	3583.837958789199	4986.075718968713	0.487886774236004	2432.9118456312763
5461.830405067511	3583.7678400523823	4985.599795318641	0.48787621562592376	2432.665625818998
5463.036906151025	3583.6977213155656	4985.123943895701	0.48786565701584345	2432.419406006719
5464.243407234539	3583.6276025787483	4984.648164683454	0.48785509840576313	2432.1731861944395
5465.449908318053	3583.557483841931	4984.172457665463	0.4878445490247883	2431.92696638216
5466.656409401567	3583.4873651051143	4983.696822825297	0.48783401436473367	2431.6807465698816
5467.862910485081	3583.417246368297	4983.221260146531	0.487823479704679	2431.4345267576023
5469.069411568595	3583.3471276314804	4982.745769612743	0.4878129450446243	2431.1883069453233
5470.275912652109	3583.2770088946636	4982.270351207519	0.4878024103845696	2430.9420871330444
5471.482413735623	3583.2068901578464	4981.7950049144465	0.48779187572451493	2430.6958673207655
5472.688914819137	3583.136771421029	4981.31973071712	0.48778134968784936	2430.449647508486
5473.89541590265	3583.0666526842124	4980.844528599141	0.4877708388542665	2430.2034276962077
5475.101916986164	3582.996533947395	4980.36939854411	0.4877603280206836	2429.9572078839283
5476.308418069678	3582.9264152105784	4979.894340535637	0.4877498171871007	2429.7109880716494
5477.514919153192	3582.8562964737616	4979.419354557337	0.4877393063535178	2429.46476825937
5478.721420236706	3582.7861777369444	4978.944440592829	0.4877287955199349	2429.2185484470915
5479.92792132022	3582.7160590001276	4978.469598625737	0.4877182927100571	2428.972328634812
5481.134422403734	3582.6459402633104	4977.994828639688	0.4877078055801134	2428.726108822533
5482.340923487248	3582.575821526493	4977.520130618318	0.4876973184501696	2428.4798890102543
5483.547424570762	3582.5057027896764	4977.045504545265	0.48768683132022583	2428.233669197975
5484.753925654276	3582.4355840528597	4976.570950404174	0.4876763441902821	2427.987449385696
5485.960426737789	3582.365465316043	4976.096468178693	0.4876658570603383	2427.7412295734175
5487.166927821303	3582.2953465792257	4975.6220578524735	0.48765537736039277	2427.495009761138
5488.373428904817	3582.225227842409	4975.147719409178	0.4876449138119623	2427.248789948859
5489.579929988331	3582.1551091055917	4974.673452832467	0.4876344502635318	2427.00257013658
5490.786431071845	3582.0849903687745	4974.19925810601	0.4876239867151013	2426.756350324301
5491.992932155359	3582.0148716319577	4973.725135213481	0.48761352316667084	2426.510130512022
5493.199433238873	3581.944752895141	4973.251084138559	0.48760305961824035	2426.2639106997426
5494.405934322387	3581.8746341583237	4972.777104864927	0.4875926029120271	2426.017690887464
5495.612435405901	3581.804515421507	4972.303197376273	0.4875821628236859	2425.7714710751848
5496.818936489414	3581.73439668469	4971.8293616562905	0.4875717227353447	2425.525251262906
5498.025437572928	3581.6642779478725	4971.355597688677	0.48756128264700355	2425.279031450627
5499.231938656442	3581.5941592110557	4970.881905457137	0.4875508425586623	2425.032811638348
5500.438439739956	3581.524040474239	4970.408284945377	0.48754040247032115	2424.7865918260686
5501.64494082347	3581.4539217374218	4969.934736137112	0.48752996864229176	2424.5403720137897
5502.851441906984	3581.383803000605	4969.461259016059	0.48751955189331325	2424.2941522015108
5504.057942990498	3581.313684263788	4968.98785356594	0.48750913514433475	2424.047932389232
5505.264444074012	3581.2435655269705	4968.514519770483	0.48749871839535625	2423.8017125769525
5506.470945157526	3581.173446790154	4968.041257613423	0.48748830164637774	2423.5554927646735
5507.67744624104	3581.103328053337	4967.568067078495	0.48747788489739924	2423.3092729523946
5508.883947324553	3581.0332093165202	4967.0949481494445	0.48746747383265226	2423.0630531401157
5510.0904484080675	3580.963090579703	4966.621900810015	0.4874570803030022	2422.816833327837
5511.2969494915815	3580.8929718428863	4966.148925043963	0.4874466867733522	2422.570613515558
5512.5034505750955	3580.8228531060695	4965.676020835042	0.48743629324370213	2422.3243937032785
5513.7099516586095	3580.752734369252	4965.203188167017	0.4874258997140521	2422.0781738909996
5514.9164527421235	3580.682615632435	4964.730427023655	0.487415506184402	2421.8319540787206
5516.1229538256375	3580.6124968956183	4964.257737388728	0.48740511776867895	2421.5857342664412
5517.3294549091515	3580.542378158801	4963.785119246011	0.4873947473390114	2421.3395144541623
5518.535955992666	3580.4722594219843	4963.312572579288	0.4873843769093439	2421.0932946418834
5519.74245707618	3580.4021406851675	4962.8400973723465	0.4873740064796764	2420.8470748296045
5520.948958159693	3580.3320219483503	4962.367693608975	0.4873636360500088	2420.6008550173256
5522.155459243207	3580.261903211533	4961.895361272974	0.4873532656203413	2420.3546352050466
5523.361960326721	3580.1917844747163	4961.423100348142	0.4873428997400225	2420.1084153927673
5524.568461410235	3580.121665737899	4960.9509108182865	0.4873325522916745	2419.8621955804883
5525.774962493749	3580.0515470010823	4960.478792667219	0.48732220484332656	2419.6159757682094
5526.981463577263	3579.9814282642656	4960.006745878756	0.4873118573949786	2419.3697559559305
5528.187964660777	3579.9113095274483	4959.534770436717	0.4873015099466307	2419.123536143651
5529.394465744291	3579.841190790631	4959.062866324929	0.48729116249828275	2418.877316331372
5530.600966827805	3579.7710720538144	4958.591033527225	0.4872808190403828	2418.6310965190933
5531.807467911319	3579.700953316997	4958.119272027436	0.4872704944553706	2418.384876706814
5533.013968994832	3579.6308345801804	4957.647581809409	0.48726016987035836	2418.138656894535
5534.220470078346	3579.5607158433636	4957.175962856983	0.48724984528534615	2417.8924370822565
5535.42697116186	3579.490597106547	4956.704415154012	0.48723952070033394	2417.646217269977
5536.633472245374	3579.4204783697296	4956.23293868435	0.48722919611532173	2417.399997457698
5537.839973328888	3579.3503596329124	4955.76153343186	0.4872188749674858	2417.1537776454193
5539.046474412402	3579.2802408960956	4955.290199380403	0.4872085731284992	2416.90755783314
5540.252975495916	3579.2101221592784	4954.81893651385	0.4871982712895126	2416.661338020861
5541.45947657943	3579.1400034224616	4954.347744816078	0.487187969450526	2416.4151182085816
5542.665977662944	3579.069884685645	4953.876624270965	0.4871776676115394	2416.168898396303
5543.872478746457	3578.9997659488276	4953.405574862395	0.4871673657725528	2415.922678584024
5545.078979829971	3578.929647212011	4952.93459657426	0.4871570668230522	2415.676458771745
5546.285480913485	3578.8595284751937	4952.463689390451	0.48714678761345187	2415.4302389594664
5547.491981996999	3578.7894097383764	4951.992853294867	0.48713650840385153	2415.184019147187
5548.698483080513	3578.7192910015597	4951.522088271416	0.4871262291942512	2414.9377993349076
5549.904984164027	3578.649172264743	4951.051394304002	0.48711594998465085	2414.691579522629
5551.111485247541	3578.5790535279257	4950.580771376542	0.48710567077505057	2414.4453597103497
5552.317986331055	3578.508934791109	4950.110219472954	0.48709539391277934	2414.199139898071
5553.524487414569	3578.438816054292	4949.639738577161	0.4870851372165901	2413.9529200857914
5554.730988498083	3578.3686973174745	4949.16932867309	0.4870748805204008	2413.706700273513
5555.937489581596	3578.2985785806577	4948.698989744676	0.4870646238242116	2413.4604804612336
5557.14399066511	3578.228459843841	4948.228721775858	0.48705436712802236	2413.2142606489547
5558.350491748624	3578.1583411070237	4947.758524750574	0.4870441104318331	2412.9680408366758
5559.556992832138	3578.088222370207	4947.288398652776	0.48703385554630274	2412.721821024397
5560.763493915652	3578.01810363339	4946.818343466416	0.4870236212482107	2412.4756012121175
5561.969994999166	3577.947984896573	4946.34835917545	0.4870133869501186	2412.229381399839
5563.17649608268	3577.8778661597557	4945.878445763839	0.48700315265202654	2411.9831615875596
5564.382997166194	3577.807747422939	4945.408603215555	0.4869929183539345	2411.7369417752802
5565.589498249708	3577.737628686122	4944.938831514563	0.4869826840558424	2411.4907219630013
5566.795999333222	3577.667509949305	4944.469130644845	0.48697245103717895	2411.2445021507224
5568.0025004167355	3577.597391212488	4943.999500590381	0.4869622390225275	2410.9982823384435
5569.2090015002495	3577.5272724756715	4943.529941335157	0.48695202700787604	2410.7520625261645
5570.415502583764	3577.457153738854	4943.060452863163	0.48694181499322453	2410.5058427138856
5571.622003667278	3577.387035002037	4942.591035158397	0.4869316029785731	2410.2596229016067
5572.828504750792	3577.3169162652202	4942.121688204858	0.4869213909639216	2410.0134030893273
5574.035005834306	3577.246797528403	4941.6524119865535	0.4869111797028619	2409.7671832770484
5575.24150691782	3577.1766787915863	4941.183206487493	0.4869009898576449	2409.5209634647695
5576.448008001334	3577.1065600547695	4940.714071691693	0.4868908000124279	2409.27474365249
5577.654509084848	3577.0364413179523	4940.245007583171	0.48688061016721085	2409.028523840211
5578.861010168361	3576.966322581135	4939.776014145954	0.48687042032199385	2408.7823040279327
5580.067511251875	3576.8962038443183	4939.307091364071	0.48686023047677685	2408.5360842156533
5581.274012335389	3576.826085107501	4938.838239221556	0.48685004086466255	2408.289864403374
5582.480513418903	3576.7559663706843	4938.36945770245	0.4868398730755233	2408.0436445910955
5583.687014502417	3576.6858476338675	4937.900746790795	0.48682970528638403	2407.797424778816
5584.893515585931	3576.6157288970503	4937.432106470642	0.48681953749724477	2407.551204966537
5586.100016669445	3576.5456101602335	4936.963536726043	0.4868093697081055	2407.3049851542582
5587.306517752959	3576.4754914234163	4936.495037541058	0.48679920191896625	2407.0587653419793
5588.513018836473	3576.405372686599	4936.026608899749	0.486789034129827	2406.8125455297
5589.719519919987	3576.3352539497823	4935.5582507861845	0.48677888800196684	2406.566325717421
5590.9260210035	3576.2651352129656	4935.0899631844395	0.48676874215619087	2406.320105905142
5592.132522087014	3576.195016476149	4934.62174607859	0.48675859631041485	2406.073886092863
5593.339023170528	3576.1248977393316	4934.153599452717	0.4867484504646388	2405.827666280584
5594.545524254042	3576.0547790025144	4933.68552329091	0.4867383046188628	2405.5814464683053
5595.752025337556	3575.9846602656976	4933.217517577261	0.4867281587730868	2405.335226656026
5596.95852642107	3575.9145415288804	4932.749582295866	0.486718033966586	2405.0890068437466
5598.165027504584	3575.8444227920636	4932.2817174308275	0.48670790995209895	2404.842787031468
5599.371528588098	3575.774304055247	4931.813922966253	0.4866977859376119	2404.5965672191887
5600.578029671612	3575.7041853184296	4931.34619888625	0.48668766192312496	2404.35034740691
5601.784530755126	3575.634066581613	4930.878545174939	0.48667753790863794	2404.104127594631
5602.991031838639	3575.5639478447956	4930.410961816438	0.4866674138941509	2403.857907782352
5604.197532922153	3575.4938291079784	4929.943448794874	0.48665731030278203	2403.611687970073
5605.404034005667	3575.4237103711616	4929.476006094376	0.4866472080081441	2403.3654681577937
5606.610535089181	3575.353591634345	4929.008633699082	0.48663710571350616	2403.1192483455147
5607.817036172695	3575.2834728975276	4928.541331593127	0.4866270034188682	2402.873028533236
5609.023537256209	3575.213354160711	4928.074099760661	0.4866169011242303	2402.6268087209564
5610.230038339723	3575.143235423894	4927.606938185831	0.4866067988295923	2402.380588908678
5611.436539423237	3575.0731166870764	4927.13984685279	0.4865967163477148	2402.1343690963986
5612.643040506751	3575.0029979502597	4926.672825745698	0.48658663566211724	2401.8881492841197
5613.849541590264	3574.932879213443	4926.205874848721	0.48657655497651964	2401.6419294718407
5615.056042673778	3574.862760476626	4925.738994146025	0.48656647429092204	2401.395709659562
5616.262543757292	3574.792641739809	4925.272183621783	0.4865563936053245	2401.1494898472824
5617.469044840806	3574.722523002992	4924.805443260175	0.4865463129197269	2400.9032700350035
5618.67554592432	3574.652404266175	4924.338773045382	0.48653625144228296	2400.6570502227246
5619.882047007834	3574.5822855293577	4923.872172961592	0.48652619225554355	2400.4108304104457
5621.0885480913485	3574.512166792541	4923.405642992999	0.48651613306880415	2400.1646105981663
5622.2950491748625	3574.442048055724	4922.939183123797	0.48650607388206474	2399.9183907858874
5623.5015502583765	3574.371929318907	4922.472793338191	0.48649601469532533	2399.6721709736084
5624.7080513418905	3574.30181058209	4922.006473620385	0.4864859555085859	2399.425951161329
5625.914552425404	3574.2316918452734	4921.540223954592	0.486475914931097	2399.1797313490506
5627.121053508918	3574.1615731084557	4921.074044325026	0.4864658771336563	2398.9335115367717
5628.327554592432	3574.091454371639	4920.60793471591	0.48645583933621567	2398.6872917244923
5629.534055675946	3574.021335634822	4920.141895111469	0.48644580153877504	2398.441071912213
5630.74055675946	3573.951216898005	4919.6759254959325	0.48643576374133435	2398.1948520999345
5631.947057842974	3573.881098161188	4919.210025853536	0.4864257259438937	2397.948632287655
5633.153558926488	3573.8109794243715	4918.744196168518	0.48641570616245605	2397.702412475376
5634.360060010002	3573.7408606875542	4918.278436425125	0.4864056896453726	2397.4561926630972
5635.566561093516	3573.670741950737	4917.812746607605	0.48639567312828924	2397.2099728508183
5636.77306217703	3573.6006232139202	4917.347126700212	0.48638565661120586	2396.963753038539
5637.979563260543	3573.5305044771035	4916.881576687206	0.4863756400941225	2396.7175332262605
5639.186064344057	3573.4603857402863	4916.416096552847	0.48636562357703905	2396.471313413981
5640.392565427571	3573.3902670034695	4915.950686281407	0.4863556244883209	2396.225093601702
5641.599066511085	3573.3201482666527	4915.485345857158	0.4863456291432682	2395.978873789423
5642.805567594599	3573.2500295298355	4915.020075264374	0.4863356337982154	2395.7326539771443
5644.012068678113	3573.1799107930183	4914.554874487341	0.4863256384531627	2395.486434164865
5645.218569761627	3573.1097920562015	4914.089743510345	0.48631564310810993	2395.240214352586
5646.425070845141	3573.0396733193843	4913.624682317677	0.4863056477630572	2394.993994540307
5647.631571928655	3572.9695545825675	4913.159690893635	0.486295669264295	2394.7477747280277
5648.838073012168	3572.8994358457508	4912.6947692225185	0.48628569498355667	2394.501554915749
5650.044574095682	3572.8293171089335	4912.229917288633	0.48627572070281827	2394.2553351034703
5651.251075179196	3572.7591983721163	4911.765135076292	0.4862657464220799	2394.009115291191
5652.45757626271	3572.6890796352995	4911.300422569808	0.4862557721413416	2393.762895478912
5653.664077346224	3572.6189608984823	4910.8357797535	0.48624579786060323	2393.5166756666326
5654.870578429738	3572.5488421616656	4910.371206611694	0.486235839849597	2393.2704558543537
5656.077079513252	3572.478723424849	4909.906703128721	0.4862258865260623	2393.024236042075
5657.283580596766	3572.4086046880316	4909.442269288912	0.4862159332025276	2392.7780162297954
5658.49008168028	3572.338485951215	4908.977905076609	0.4862059798789929	2392.531796417517
5659.696582763794	3572.2683672143976	4908.513610476154	0.4861960265554582	2392.2855766052376
5660.903083847307	3572.198248477581	4908.049385471894	0.4861860732319235	2392.0393567929586
5662.109584930821	3572.1281297407636	4907.585230048182	0.48617613560703477	2391.79313698068
5663.316086014335	3572.058011003947	4907.121144189377	0.48616620313419645	2391.546917168401
5664.522587097849	3571.98789226713	4906.657127879842	0.4861562706613582	2391.3006973561214
5665.729088181363	3571.917773530313	4906.193181103939	0.4861463381885199	2391.0544775438425
5666.935589264877	3571.847654793496	4905.729303846046	0.48613640571568156	2390.8082577315636
5668.142090348391	3571.777536056679	4905.265496090535	0.4861264732428433	2390.5620379192846
5669.348591431905	3571.7074173198616	4904.801757821788	0.4861165559029904	2390.3158181070053
5670.555092515419	3571.637298583045	4904.33808902419	0.48610664417493893	2390.069598294727
5671.761593598933	3571.567179846228	4903.874489682133	0.48609673244688745	2389.8233784824474
5672.9680946824465	3571.497061109411	4903.41095978001	0.486086820718836	2389.5771586701685
5674.1745957659605	3571.426942372594	4902.947499302222	0.48607690899078454	2389.3309388578896
5675.3810968494745	3571.356823635777	4902.484108233174	0.48606699726273306	2389.0847190456107
5676.5875979329885	3571.2867048989597	4902.020786557271	0.48605710010738773	2388.8384992333313
5677.7940990165025	3571.216586162143	4901.557534258932	0.486047209018808	2388.5922794210524
5679.0006001000165	3571.146467425326	4901.094351322572	0.48603731793022825	2388.3460596087734
5680.2071011835305	3571.076348688509	4900.631237732615	0.48602742684164857	2388.099839796494
5681.413602267045	3571.006229951692	4900.168193473489	0.48601753575306883	2387.853619984215
5682.620103350559	3570.9361112148754	4899.705218529625	0.4860076446644891	2387.607400171936
5683.826604434072	3570.865992478058	4899.242312885462	0.48599776759367386	2387.3611803596573
5685.033105517586	3570.795873741241	4898.779476525438	0.4859878970398424	2387.1149605473784
5686.2396066011	3570.725755004424	4898.316709434004	0.4859780264860109	2386.8687407350994
5687.446107684614	3570.6556362676074	4897.854011595608	0.48596815593217946	2386.62252092282
5688.652608768128	3570.58551753079	4897.391382994706	0.485958285378348	2386.376301110541
5689.859109851642	3570.5153987939734	4896.92882361576	0.4859484148245165	2386.1300812982618
5691.065610935156	3570.4452800571567	4896.466333443232	0.4859385577387999	2385.8838614859833
5692.27211201867	3570.375161320339	4896.003912461592	0.4859287076155787	2385.637641673704
5693.478613102184	3570.305042583522	4895.541560655317	0.4859188574923575	2385.391421861425
5694.685114185698	3570.2349238467054	4895.079278008882	0.48590900736913634	2385.145202049146
5695.891615269211	3570.164805109888	4894.617064506775	0.4858991572459151	2384.898982236867
5697.098116352725	3570.0946863730715	4894.154920133481	0.4858893071226939	2384.6527624245878
5698.304617436239	3570.0245676362547	4893.692844873492	0.4858794699231873	2384.4065426123093
5699.511118519753	3569.9544488994375	4893.230838711306	0.48586964012702155	2384.16032280003
5700.717619603267	3569.8843301626202	4892.768901631428	0.4858598103308558	2383.914102987751
5701.924120686781	3569.8142114258035	4892.307033618363	0.48584998053469003	2383.667883175472
5703.130621770295	3569.7440926889863	4891.84523465662	0.48584015073852427	2383.421663363193
5704.337122853809	3569.6739739521695	4891.3835047307175	0.4858303209423585	2383.1754435509138
5705.543623937323	3569.6038552153527	4890.9218438251755	0.4858205035307137	2382.9292237386344
5706.750125020837	3569.5337364785355	4890.460251924518	0.48581069395862897	2382.683003926356
5707.95662610435	3569.4636177417183	4889.998729013278	0.4858008843865442	2382.436784114077
5709.163127187864	3569.3934990049015	4889.537275075986	0.48579107481445943	2382.1905643017976
5710.369628271378	3569.3233802680847	4889.075890097183	0.4857812652423747	2381.944344489519
5711.576129354892	3569.2532615312675	4888.614574061413	0.4857714556702899	2381.69812467724
5712.782630438406	3569.1831427944508	4888.153326953224	0.48576165794869447	2381.4519048649604
5713.98913152192	3569.113024057634	4887.692148757168	0.4857518684982899	2381.205685052682
5715.195632605434	3569.0429053208168	4887.231039457803	0.48574207904788536	2380.9594652404026
5716.402133688948	3568.9727865839996	4886.769999039691	0.48573228959748077	2380.7132454281236
5717.608634772462	3568.902667847183	4886.3090274874	0.4857225001470762	2380.4670256158442
5718.815135855975	3568.8325491103656	4885.8481247855025	0.48571271069667166	2380.220805803566
5720.021636939489	3568.762430373549	4885.38729091857	0.48570293256784575	2379.9745859912864
5721.228138023003	3568.692311636732	4884.926525871187	0.4856931631372931	2379.7283661790075
5722.434639106517	3568.622192899915	4884.465829627936	0.4856833937067405	2379.4821463667286
5723.641140190031	3568.552074163098	4884.005202173409	0.4856736242761879	2379.2359265544496
5724.847641273545	3568.481955426281	4883.5446434922	0.48566385484563523	2378.9897067421703
5726.054142357059	3568.4118366894636	4883.084153568906	0.48565408541508265	2378.743486929892
5727.260643440573	3568.341717952647	4882.623732388133	0.4856443267822765	2378.4972671176124
5728.467144524087	3568.27159921583	4882.163379934488	0.48563457727031584	2378.2510473053335
5729.673645607601	3568.201480479013	4881.703096192585	0.48562482775835514	2378.004827493054
5730.8801466911145	3568.131361742196	4881.24288114704	0.4856150782463945	2377.7586076807756
5732.0866477746285	3568.061243005379	4880.782734782476	0.4856053287344338	2377.5123878684963
5733.293148858143	3567.991124268562	4880.322657083518	0.48559557922247315	2377.2661680562173
5734.499649941657	3567.921005531745	4879.862648034798	0.4855858399894627	2377.0199482439384
5735.706151025171	3567.850886794928	4879.402707620953	0.48557611029539727	2376.7737284316595
5736.912652108685	3567.7807680581113	4878.942835826621	0.48556638060133184	2376.52750861938
5738.119153192199	3567.710649321294	4878.483032636449	0.48555665090726646	2376.281288807101
5739.325654275713	3567.6405305844773	4878.023298035086	0.48554692121320103	2376.0350689948223
5740.532155359227	3567.57041184766	4877.563632007184	0.48553719151913566	2375.788849182543
5741.738656442741	3567.500293110843	4877.104034537405	0.48552747159021964	2375.542629370264
5742.945157526254	3567.430174374026	4876.64450561041	0.48551776161391424	2375.2964095579855
5744.151658609768	3567.3600556372094	4876.185045210867	0.48550805163760885	2375.050189745706
5745.358159693282	3567.289936900392	4875.725653323449	0.48549834166130346	2374.8039699334267
5746.564660776796	3567.2198181635754	4875.266329932833	0.485488631684998	2374.5577501211483
5747.77116186031	3567.1496994267586	4874.8070750237	0.4854789217086926	2374.311530308869
5748.977662943824	3567.079580689941	4874.347888580735	0.4854692209886895	2374.06531049659
5750.184164027338	3567.009461953124	4873.888770588631	0.4854595306305654	2373.819090684311
5751.390665110852	3566.9393432163074	4873.429721032082	0.4854498402724413	2373.572870872032
5752.597166194366	3566.86922447949	4872.970739895787	0.4854401499143172	2373.3266510597527
5753.803667277879	3566.7991057426734	4872.5118271644515	0.4854304595561932	2373.080431247474
5755.010168361393	3566.7289870058567	4872.0529828227845	0.4854207691980691	2372.834211435195
5756.216669444907	3566.6588682690394	4871.594206855499	0.4854110875923133	2372.587991622916
5757.423170528421	3566.588749532222	4871.1354992473125	0.48540141675334525	2372.3417718106366
5758.629671611935	3566.5186307954054	4870.6768599829475	0.4853917459143773	2372.095551998358
5759.836172695449	3566.4485120585887	4870.218289047131	0.48538207507540926	2371.8493321860788
5761.042673778963	3566.3783933217715	4869.759786424596	0.48537240423644123	2371.6031123738
5762.249174862477	3566.3082745849547	4869.301352100079	0.48536273339747327	2371.356892561521
5763.455675945991	3566.238155848138	4868.842986058319	0.4853530708118122	2371.1106727492415
5764.662177029505	3566.1680371113202	4868.384688284062	0.48534341939352466	2370.8644529369626
5765.868678113018	3566.0979183745035	4867.926458762057	0.4853337679752371	2370.6182331246837
5767.075179196532	3566.0277996376867	4867.46829747706	0.48532411655694957	2370.3720133124048
5768.281680280046	3565.9576809008695	4867.010204413829	0.485314465138662	2370.125793500126
5769.48818136356	3565.8875621640527	4866.552179557128	0.48530481372037443	2369.8795736878465
5770.694682447074	3565.817443427236	4866.094222891724	0.48529517006116535	2369.6333538755675
5771.901183530588	3565.7473246904187	4865.636334402389	0.48528553796562923	2369.3871340632886
5773.107684614102	3565.6772059536015	4865.178514073904	0.4852759058700931	2369.1409142510092
5774.314185697616	3565.6070872167847	4864.720761891045	0.485266273774557	2368.8946944387308
5775.52068678113	3565.5369684799675	4864.263077838602	0.4852566416790209	2368.6484746264514
5776.727187864644	3565.4668497431508	4863.805461901365	0.48524700958348477	2368.4022548141725
5777.933688948157	3565.396731006334	4863.347914064128	0.4852373847575915	2368.156035001893
5779.140190031671	3565.3266122695168	4862.890434311691	0.48522777188742017	2367.9098151896146
5780.346691115185	3565.2564935327	4862.433022628859	0.4852181590172488	2367.6635953773352
5781.553192198699	3565.186374795883	4861.97567900044	0.4852085461470775	2367.4173755650563
5782.759693282213	3565.1162560590656	4861.518403411248	0.48519893327690616	2367.1711557527774
5783.9661943657275	3565.046137322249	4861.0611958461	0.48518932040673485	2366.9249359404985
5785.1726954492415	3564.976018585432	4860.604056289821	0.4851797143215243	2366.678716128219
5786.3791965327555	3564.905899848615	4860.146984727233	0.4851701205798704	2366.43249631594
5787.5856976162695	3564.835781111798	4859.68998114317	0.4851605268382166	2366.1862765036612
5788.7921986997835	3564.765662374981	4859.233045522469	0.4851509330965627	2365.940056691382
5789.998699783297	3564.695543638164	4858.776177849969	0.4851413393549089	2365.6938368791034
5791.205200866811	3564.625424901347	4858.319378110515	0.485131745613255	2365.4476170668245
5792.411701950325	3564.55530616453	4857.862646288955	0.48512215817659454	2365.201397254545
5793.618203033839	3564.4851874277133	4857.4059823701455	0.485112583467147	2364.955177442266
5794.824704117353	3564.415068690896	4856.9493863389425	0.48510300875769935	2364.7089576299873
5796.031205200867	3564.3449499540793	4856.4928581802105	0.4850934340482518	2364.462737817708
5797.237706284381	3564.274831217262	4856.0363978788155	0.4850838593388042	2364.216518005429
5798.444207367895	3564.204712480445	4855.580005419631	0.48507428462935664	2363.97029819315
5799.650708451409	3564.134593743628	4855.123680787533	0.4850647157496108	2363.724078380871
5800.857209534922	3564.0644750068113	4854.667423967402	0.48505515997659027	2363.477858568592
5802.063710618436	3563.994356269994	4854.211234944122	0.4850456042035698	2363.2316387563133
5803.27021170195	3563.9242375331773	4853.755113702585	0.4850360484305493	2362.985418944034
5804.476712785464	3563.8541187963606	4853.299060227685	0.48502649265752884	2362.739199131755
5805.683213868978	3563.784000059543	4852.843074504319	0.4850169368845083	2362.4929793194756
5806.889714952492	3563.713881322726	4852.387156517393	0.4850073864705351	2362.246759507197
5808.096216036006	3563.6437625859094	4851.931306251813	0.48499784953869046	2362.0005396949177
5809.30271711952	3563.573643849092	4851.475523692491	0.48498831260684583	2361.754319882639
5810.509218203034	3563.5035251122754	4851.019808824345	0.4849787756750012	2361.50810007036
5811.715719286548	3563.4334063754586	4850.564161632297	0.48496923874315656	2361.2618802580805
5812.922220370061	3563.363287638642	4850.10858210127	0.4849597018113119	2361.0156604458016
5814.128721453575	3563.293168901824	4849.653070216196	0.4849501697724601	2360.769440633523
5815.335222537089	3563.2230501650074	4849.19762596201	0.484940651587068	2360.5232208212437
5816.541723620603	3563.1529314281906	4848.74224932365	0.4849311334016759	2360.277001008965
5817.748224704117	3563.0828126913734	4848.28694028606	0.4849216152162838	2360.0307811966854
5818.954725787631	3563.0126939545567	4847.831698834188	0.4849120970308917	2359.784561384407
5820.161226871145	3562.94257521774	4847.376524952987	0.48490257884549964	2359.5383415721276
5821.367727954659	3562.872456480922	4846.921418627413	0.484893065091607	2359.292121759848
5822.574229038173	3562.8023377441054	4846.466379842429	0.4848835655584642	2359.0459019475697
5823.780730121687	3562.7322190072887	4846.011408583001	0.4848740660253213	2358.7996821352904
5824.9872312052	3562.6621002704715	4845.556504834098	0.48486456649217846	2358.5534623230114
5826.193732288714	3562.5919815336547	4845.101668580695	0.48485506695903563	2358.307242510733
5827.400233372228	3562.521862796838	4844.6468998077735	0.4848455674258928	2358.0610226984536
5828.606734455742	3562.4517440600207	4844.192198500315	0.4848360718672805	2357.814802886174
5829.813235539256	3562.3816253232035	4843.737564643307	0.4848265908927029	2357.5685830738953
5831.01973662277	3562.3115065863867	4843.282998221745	0.4848171099181253	2357.3223632616164
5832.226237706284	3562.2413878495695	4842.8284992206245	0.48480762894354773	2357.0761434493375
5833.432738789798	3562.1712691127527	4842.374067624948	0.4847981479689702	2356.829923637058
5834.639239873312	3562.101150375936	4841.9197034197205	0.4847886669943926	2356.5837038247796
5835.8457409568255	3562.031031639119	4841.465406589952	0.48477918954186394	2356.3374840125002
5837.0522420403395	3561.960912902302	4841.011177120659	0.48476972703268356	2356.0912642002213
5838.2587431238535	3561.8907941654847	4840.557014996861	0.4847602645235032	2355.8450443879424
5839.4652442073675	3561.820675428668	4840.10292020358	0.4847508020143228	2355.5988245756635
5840.6717452908815	3561.7505566918508	4839.648892725845	0.4847413395051424	2355.352604763384
5841.8782463743955	3561.680437955034	4839.194932548689	0.48473187699596204	2355.106384951105
5843.0847474579095	3561.6103192182172	4838.741039657151	0.4847224175607993	2354.8601651388262
5844.291248541424	3561.5402004814	4838.28721403627	0.48471297342436026	2354.6139453265473
5845.497749624938	3561.4700817445832	4837.833455671092	0.48470352928792115	2354.367725514268
5846.704250708452	3561.399963007766	4837.379764546669	0.4846940851514821	2354.121505701989
5847.910751791965	3561.329844270949	4836.9261406480555	0.48468464101504305	2353.87528588971
5849.117252875479	3561.259725534132	4836.472583960309	0.48467519687860394	2353.629066077431
5850.323753958993	3561.1896067973153	4836.0190944684955	0.48466575537256507	2353.3828462651522
5851.530255042507	3561.119488060498	4835.565672157682	0.48465632951671983	2353.1366264528733
5852.736756126021	3561.0493693236813	4835.112317012942	0.4846469036608746	2352.890406640594
5853.943257209535	3560.979250586864	4834.659029019351	0.48463747780502936	2352.6441868283146
5855.149758293049	3560.909131850047	4834.205808161992	0.48462805194918407	2352.397967016036
5856.356259376563	3560.83901311323	4833.75265442595	0.48461862609333883	2352.1517472037567
5857.562760460077	3560.7688943764133	4833.2995677963145	0.48460920242865424	2351.905527391478
5858.769261543591	3560.698775639596	4832.8465482581805	0.48459979476176135	2351.659307579199
5859.975762627104	3560.6286569027793	4832.39359579665	0.48459038709486846	2351.41308776692
5861.182263710618	3560.5585381659625	4831.940710396822	0.48458097942797557	2351.1668679546406
5862.388764794132	3560.4884194291453	4831.487892043808	0.4845715717610827	2350.920648142362
5863.595265877646	3560.418300692328	4831.035140722718	0.4845621640941898	2350.6744283300827
5864.80176696116	3560.3481819555113	4830.58245641867	0.48455275818355986	2350.428208517804
5866.008268044674	3560.2780632186946	4830.129839116786	0.4845433686144806	2350.1819887055244
5867.214769128188	3560.2079444818773	4829.677288802188	0.48453397904540135	2349.935768893246
5868.421270211702	3560.1378257450606	4829.224805460009	0.4845245894763221	2349.6895490809666
5869.627771295216	3560.067707008244	4828.772389075382	0.4845151999072428	2349.443329268687
5870.834272378729	3559.997588271426	4828.320039633448	0.48450581033816353	2349.1971094564087
5872.040773462243	3559.9274695346094	4827.867757119347	0.484496422094756	2348.95088964413
5873.247274545757	3559.8573507977926	4827.415541518228	0.4844870505328507	2348.7046698318504
5874.453775629271	3559.7872320609754	4826.9633928152425	0.48447767897094535	2348.458450019572
5875.660276712785	3559.7171133241586	4826.511310995548	0.48446830740903996	2348.2122302072926
5876.866777796299	3559.646994587342	4826.059296044305	0.4844589358471346	2347.966010395013
5878.073278879813	3559.5768758505246	4825.607347946676	0.4844495642852293	2347.7197905827343
5879.279779963327	3559.5067571137074	4825.155466687834	0.48444019362267554	2347.4735707704554
5880.486281046841	3559.4366383768906	4824.7036522529515	0.48443083997780034	2347.2273509581764
5881.692782130355	3559.3665196400734	4824.2519046272055	0.4844214863329252	2346.981131145897
5882.899283213868	3559.2964009032567	4823.800223795781	0.48441213268805	2346.7349113336186
5884.105784297382	3559.22628216644	4823.348609743863	0.48440277904317486	2346.4886915213397
5885.312285380896	3559.156163429623	4822.897062456645	0.48439342539829966	2346.2424717090603
5886.51878646441	3559.0860446928054	4822.445581919319	0.4843840722306922	2345.9962518967814
5887.725287547924	3559.0159259559887	4821.994168117089	0.48437473641319645	2345.7500320845024
5888.931788631438	3558.945807219172	4821.542821035159	0.4843654005957007	2345.503812272223
5890.138289714952	3558.8756884823547	4821.0915406587355	0.484356064778205	2345.257592459944
5891.344790798466	3558.805569745538	4820.6403269730345	0.4843467289607093	2345.011372647665
5892.55129188198	3558.735451008721	4820.189179963272	0.48433739314321356	2344.7651528353863
5893.757792965494	3558.665332271904	4819.73809961467	0.4843280573851031	2344.518933023107
5894.964294049008	3558.5952135350867	4819.287085912457	0.4843187393058267	2344.2727132108284
5896.170795132522	3558.52509479827	4818.836138841861	0.4843094212265503	2344.026493398549
5897.377296216036	3558.4549760614527	4818.385258388118	0.4843001031472739	2343.78027358627
5898.58379729955	3558.384857324636	4817.934444536469	0.4842907850679975	2343.534053773991
5899.790298383064	3558.314738587819	4817.483697272155	0.4842814669887211	2343.2878339617123
5900.996799466578	3558.244619851002	4817.033016580425	0.4842721489094447	2343.041614149433
5902.203300550092	3558.174501114185	4816.582402446535	0.4842628481253831	2342.795394337154
5903.409801633606	3558.104382377368	4816.131854855737	0.48425354769565143	2342.549174524875
5904.61630271712	3558.0342636405508	4815.681373793295	0.4842442472659198	2342.3029547125957
5905.822803800633	3557.964144903734	4815.230959244474	0.4842349468361881	2342.0567349003168
5907.029304884147	3557.8940261669172	4814.780611194546	0.4842256464064565	2341.8105150880383
5908.235805967661	3557.8239074301005	4814.330329628782	0.4842163459767248	2341.564295275759
5909.442307051175	3557.7537886932832	4813.880114532461	0.4842070623444355	2341.31807546348
5910.648808134689	3557.683669956466	4813.429965890868	0.4841977794760582	2341.071855651201
5911.855309218203	3557.6135512196493	4812.97988368929	0.4841884966076809	2340.8256358389217
5913.061810301717	3557.543432482832	4812.5298679130165	0.48417921373930356	2340.579416026643
5914.268311385231	3557.4733137460153	4812.079918547346	0.48416993087092625	2340.333196214364
5915.474812468745	3557.4031950091985	4811.630035577578	0.48416064800254893	2340.086976402085
5916.681313552259	3557.3330762723813	4811.180218989017	0.4841513814384215	2339.8407565898056
5917.887814635772	3557.2629575355645	4810.730468766972	0.4841421160436889	2339.5945367775266
5919.094315719286	3557.1928387987473	4810.280784896757	0.4841328506489562	2339.3483169652477
5920.3008168028	3557.12272006193	4809.831167363689	0.4841235852542236	2339.102097152969
5921.507317886314	3557.0526013251133	4809.38161615309	0.48411431985949094	2338.8558773406894
5922.713818969828	3556.9824825882965	4808.932131250287	0.4841050544647583	2338.609657528411
5923.920320053342	3556.9123638514793	4808.482712640611	0.48409580488562687	2338.3634377161316
5925.126821136856	3556.8422451146625	4808.033360309397	0.4840865568773071	2338.1172179038526
5926.33332222037	3556.772126377846	4807.584074241982	0.4840773088689874	2337.8709980915737
5927.539823303884	3556.702007641028	4807.134854423713	0.48406806086066767	2337.6247782792943
5928.746324387398	3556.6318889042113	4806.6857008399365	0.4840588128523479	2337.3785584670154
5929.952825470911	3556.5617701673946	4806.236613476004	0.48404956484402817	2337.1323386547365
5931.159326554425	3556.491651430578	4805.787592317274	0.4840403321671671	2336.8861188424576
5932.365827637939	3556.4215326937606	4805.338637349106	0.4840311014585018	2336.6398990301786
5933.572328721453	3556.351413956944	4804.889748556866	0.4840218707498366	2336.3936792178993
5934.778829804967	3556.2812952201266	4804.440925925922	0.4840126400411714	2336.147459405621
5935.985330888481	3556.2111764833094	4803.99216944165	0.4840034093325062	2335.9012395933414
5937.191831971995	3556.1410577464926	4803.543479089428	0.483994178623841	2335.655019781062
5938.398333055509	3556.070939009676	4803.094854854638	0.48398496276696423	2335.4087999687836
5939.604834139023	3556.0008202728586	4802.646296722664	0.4839757492716681	2335.162580156504
5940.811335222536	3555.930701536042	4802.197804678904	0.483966535776372	2334.9163603442253
5942.01783630605	3555.860582799225	4801.749378708747	0.48395732228107585	2334.670140531946
5943.224337389564	3555.7904640624074	4801.301018797595	0.4839481087857797	2334.4239207196674
5944.430838473078	3555.7203453255906	4800.852724930853	0.48393889529048356	2334.177700907388
5945.637339556592	3555.650226588774	4800.4044970939285	0.48392969617174064	2333.931481095109
5946.8438406401065	3555.5801078519567	4799.9563352722325	0.4839204998039959	2333.68526128283
5948.0503417236205	3555.50998911514	4799.5082394511855	0.4839113034362511	2333.4390414705513
5949.2568428071345	3555.439870378323	4799.060209616206	0.48390210706850634	2333.192821658272
5950.4633438906485	3555.369751641506	4798.612245752721	0.48389291070076157	2332.9466018459934
5951.6698449741625	3555.2996329046887	4798.164347846159	0.4838837143330168	2332.700382033714
5952.876346057676	3555.229514167872	4797.716515881954	0.48387453187099033	2332.454162221435
5954.08284714119	3555.1593954310547	4797.268749845546	0.48386535254544494	2332.2079424091557
5955.289348224704	3555.089276694238	4796.821049722377	0.48385617321989954	2331.9617225968773
5956.495849308218	3555.019157957421	4796.373415497894	0.48384699389435415	2331.715502784598
5957.702350391732	3554.9490392206044	4795.925847157548	0.48383781456880876	2331.469282972319
5958.908851475246	3554.878920483787	4795.478344686793	0.48382863524326336	2331.22306316004
5960.11535255876	3554.80880174697	4795.030908071091	0.48381946935696696	2330.9768433477607
5961.321853642274	3554.738683010153	4794.583537295906	0.48381030698873223	2330.7306235354818
5962.528354725788	3554.668564273336	4794.136232346706	0.48380114462049745	2330.484403723203
5963.734855809302	3554.598445536519	4793.688993208963	0.4837919822522627	2330.238183910924
5964.941356892815	3554.5283267997024	4793.241819868155	0.48378281988402794	2329.991964098645
5966.147857976329	3554.458208062885	4792.794712309762	0.4837736575157932	2329.7457442863656
5967.354359059843	3554.388089326068	4792.347670519271	0.4837645081246685	2329.4995244740867
5968.560860143357	3554.317970589251	4791.90069448217	0.4837553626293152	2329.2533046618078
5969.767361226871	3554.247851852434	4791.453784183954	0.48374621713396193	2329.0070848495284
5970.973862310385	3554.1777331156172	4791.006939610122	0.48373707163860863	2328.76086503725
5972.180363393899	3554.1076143788005	4790.560160746175	0.4837279261432554	2328.5146452249705
5973.386864477413	3554.0374956419832	4790.113447577619	0.4837187806479021	2328.2684254126916
5974.593365560927	3553.9673769051665	4789.666800089969	0.4837096476718156	2328.0222056004127
5975.79986664444	3553.8972581683493	4789.220218268737	0.4837005189653712	2327.7759857881338
5977.006367727954	3553.827139431532	4788.773702099443	0.48369139025892677	2327.5297659758544
5978.212868811468	3553.7570206947153	4788.327251567611	0.48368226155248234	2327.2835461635755
5979.419369894982	3553.6869019578985	4787.880866658769	0.4836731328460379	2327.0373263512965
5980.625870978496	3553.6167832210813	4787.43454735845	0.4836640041395935	2326.7911065390176
5981.83237206201	3553.5466644842645	4786.988293652192	0.483654887498835	2326.5448867267382
5983.038873145524	3553.4765457474477	4786.542105525531	0.4836457754977816	2326.2986669144598
5984.245374229038	3553.4064270106305	4786.095982964018	0.48363666349672824	2326.0524471021804
5985.451875312552	3553.3363082738133	4785.649925953198	0.4836275514956748	2325.806227289901
5986.658376396066	3553.2661895369965	4785.203934478627	0.4836184394946214	2325.5600074776225
5987.864877479579	3553.1960708001798	4784.758008525861	0.48360932749356805	2325.3137876653436
5989.071378563093	3553.1259520633625	4784.312148080465	0.4836002271088472	2325.0675678530642
5990.277879646607	3553.055833326546	4783.866353128002	0.48359113173011764	2324.821348040786
5991.484380730121	3552.9857145897286	4783.420623654045	0.483582036351388	2324.5751282285064
5992.690881813635	3552.9155958529113	4782.974959644167	0.4835729409726584	2324.328908416227
5993.897382897149	3552.8454771160946	4782.529361083948	0.4835638455939288	2324.082688603948
5995.103883980663	3552.775358379278	4782.083827958972	0.48355475021519917	2323.836468791669
5996.310385064177	3552.7052396424606	4781.638360254824	0.4835456660076435	2323.5902489793903
5997.516886147691	3552.635120905644	4781.192957957099	0.48353658716861936	2323.344029167111
5998.723387231205	3552.565002168827	4780.74762105139	0.48352750832959523	2323.0978093548324
5999.9298883147185	3552.4948834320094	4780.302349523299	0.4835184294905711	2322.851589542553
6001.1363893982325	3552.4247646951926	4779.857143358431	0.483509350651547	2322.605369730274
6002.3428904817465	3552.354645958376	4779.412002542393	0.48350027181252286	2322.359149917995
6003.5493915652605	3552.2845272215586	4778.9669270607965	0.48349120370367477	2322.1129301057163
6004.7558926487745	3552.214408484742	4778.521916899263	0.4834821413221831	2321.866710293437
6005.962393732289	3552.144289747925	4778.076972043412	0.48347307894069147	2321.620490481158
6007.168894815803	3552.074171011108	4777.632092478866	0.4834640165591998	2321.374270668879
6008.375395899317	3552.0040522742906	4777.187278191259	0.4834549541777081	2321.1280508566
6009.581896982831	3551.933933537474	4776.742529166223	0.48344589179621644	2320.8818310443207
6010.788398066345	3551.8638148006567	4776.297845389397	0.4834368397080309	2320.635611232042
6011.994899149858	3551.79369606384	4775.853226846421	0.4834277937023415	2320.389391419763
6013.201400233372	3551.723577327023	4775.408673522946	0.4834187476966521	2320.143171607484
6014.407901316886	3551.6534585902064	4774.964185404619	0.4834097016909627	2319.896951795205
6015.6144024004	3551.583339853389	4774.519762477095	0.4834006556852733	2319.650731982926
6016.820903483914	3551.513221116572	4774.075404726036	0.4833916096795839	2319.4045121706467
6018.027404567428	3551.443102379755	4773.631112137104	0.48338257353442615	2319.1582923583674
6019.233905650942	3551.372983642938	4773.186884695966	0.4833735438232495	2318.912072546089
6020.440406734456	3551.302864906121	4772.742722388296	0.48336451411207276	2318.6658527338095
6021.64690781797	3551.2327461693044	4772.298625199766	0.4833554844008961	2318.4196329215306
6022.853408901483	3551.162627432487	4771.8545931160625	0.4833464546897194	2318.173413109252
6024.059909984997	3551.09250869567	4771.410626122864	0.4833374249785427	2317.9271932969727
6025.266411068511	3551.022389958853	4770.966724205861	0.48332840469918553	2317.6809734846934
6026.472912152025	3550.952271222036	4770.5228873507485	0.48331939120166867	2317.434753672415
6027.679413235539	3550.882152485219	4770.079115543221	0.4833103777041518	2317.1885338601355
6028.885914319053	3550.8120337484024	4769.635408768981	0.48330136420663494	2316.9423140478566
6030.092415402567	3550.741915011585	4769.191767013733	0.4832923507091181	2316.696094235577
6031.298916486081	3550.6717962747684	4768.748190263187	0.48328333721160127	2316.4498744232988
6032.505417569595	3550.601677537951	4768.304678503057	0.4832743327212222	2316.2036546110194
6033.711918653109	3550.531558801134	4767.861231719063	0.48326533535694705	2315.95743479874
6034.918419736622	3550.4614400643172	4767.417849896922	0.4832563379926719	2315.7112149864615
6036.124920820136	3550.3913213275005	4766.974533022366	0.4832473406283968	2315.4649951741826
6037.33142190365	3550.3212025906837	4766.531281081123	0.4832383432641217	2315.2187753619032
6038.537922987164	3550.2510838538665	4766.088094058926	0.48322934589984656	2314.9725555496248
6039.744424070678	3550.1809651170497	4765.644971941518	0.48322035712202616	2314.7263357373454
6040.950925154192	3550.1108463802325	4765.2019147146375	0.48321137581100704	2314.4801159250665
6042.157426237706	3550.0407276434153	4764.758922364033	0.48320239449998786	2314.233896112787
6043.36392732122	3549.9706089065985	4764.31599487546	0.48319341318896875	2313.987676300508
6044.570428404734	3549.9004901697817	4763.873132234669	0.48318443187794957	2313.7414564882292
6045.776929488248	3549.8303714329645	4763.430334427423	0.48317545056693045	2313.49523667595
6046.983430571761	3549.7602526961477	4762.987601439485	0.4831664774256495	2313.2490168636714
6048.189931655275	3549.6901339593305	4762.544933256621	0.4831575120883295	2313.0027970513925
6049.396432738789	3549.6200152225133	4762.102329864606	0.4831485467510095	2312.756577239113
6050.602933822303	3549.5498964856965	4761.659791249216	0.4831395814136895	2312.510357426834
6051.809434905817	3549.4797777488798	4761.217317396231	0.48313061607636953	2312.2641376145552
6053.015935989331	3549.4096590120625	4760.774908291435	0.4831216507390495	2312.017917802276
6054.222437072845	3549.339540275246	4760.332563920619	0.4831126931586863	2311.771697989997
6055.428938156359	3549.269421538429	4759.890284269574	0.48310374371593506	2311.525478177718
6056.635439239873	3549.1993028016113	4759.4480693240985	0.48309479427318386	2311.279258365439
6057.841940323387	3549.1291840647946	4759.005919069994	0.48308584483043265	2311.0330385531597
6059.048441406901	3549.059065327978	4758.5638334930645	0.4830768953876814	2310.7868187408812
6060.254942490415	3548.988946591161	4758.121812579121	0.4830679459449302	2310.540598928602
6061.461443573929	3548.918827854344	4757.679856313977	0.4830590038502585	2310.294379116323
6062.667944657443	3548.848709117527	4757.2379646834515	0.48305007022337004	2310.048159304044
6063.874445740957	3548.7785903807103	4756.796137673365	0.48304113659648157	2309.801939491765
6065.080946824471	3548.7084716438926	4756.354375269543	0.48303220296959304	2309.5557196794857
6066.287447907985	3548.638352907076	4755.912677457819	0.48302326934270456	2309.309499867207
6067.493948991499	3548.568234170259	4755.471044224027	0.4830143357158161	2309.063280054928
6068.700450075013	3548.498115433442	4755.029475554003	0.4830054090320029	2308.8170602426485
6069.906951158526	3548.427996696625	4754.587971433592	0.4829964911426921	2308.5708404303696
6071.11345224204	3548.3578779598083	4754.146531848641	0.4829875732533813	2308.324620618091
6072.319953325554	3548.287759222991	4753.705156785	0.4829786553640706	2308.0784008058117
6073.526454409068	3548.217640486174	4753.263846228526	0.4829697374747598	2307.832180993533
6074.732955492582	3548.147521749357	4752.822600165077	0.482960819585449	2307.585961181254
6075.939456576096	3548.07740301254	4752.381418580517	0.4829519082380516	2307.3397413689745
6077.14595765961	3548.007284275723	4751.940301460713	0.48294300600845225	2307.0935215566956
6078.352458743124	3547.9371655389064	4751.499248791539	0.4829341037788529	2306.8473017444167
6079.558959826638	3547.867046802089	4751.058260558867	0.4829252015492535	2306.6010819321377
6080.765460910152	3547.796928065272	4750.617336748581	0.48291629931965413	2306.3548621198584
6081.971961993665	3547.726809328455	4750.176477346564	0.48290739709005476	2306.1086423075794
6083.178463077179	3547.6566905916384	4749.735682338704	0.4828985010050189	2305.8624224953005
6084.384964160693	3547.586571854821	4749.294951710891	0.4828896143576811	2305.6162026830216
6085.591465244207	3547.5164531180044	4748.854285449025	0.48288072771034324	2305.369982870742
6086.797966327721	3547.4463343811876	4748.413683539006	0.4828718410630054	2305.1237630584637
6088.004467411235	3547.3762156443704	4747.973145966738	0.4828629544156675	2304.8775432461844
6089.210968494749	3547.306096907553	4747.532672718131	0.4828540677683297	2304.6313234339054
6090.417469578263	3547.2359781707364	4747.092263779095	0.48284518687198724	2304.3851036216265
6091.623970661777	3547.165859433919	4746.651919135552	0.48283631572987457	2304.1388838093476
6092.83047174529	3547.0957406971024	4746.211638773419	0.4828274445877619	2303.892663997068
6094.036972828804	3547.0256219602857	4745.771422678624	0.4828185734456492	2303.6464441847893
6095.243473912318	3546.9555032234684	4745.331270837094	0.48280970230353654	2303.4002243725104
6096.449974995832	3546.8853844866517	4744.891183234765	0.48280083116142386	2303.1540045602314
6097.656476079346	3546.8152657498345	4744.451159857573	0.48279196538049013	2302.907784747952
6098.86297716286	3546.7451470130172	4744.0112006914605	0.48278310966697696	2302.6615649356736
6100.069478246374	3546.6750282762005	4743.571305722374	0.4827742539534638	2302.415345123394
6101.275979329888	3546.6049095393837	4743.131474936262	0.4827653982399507	2302.169125311115
6102.482480413402	3546.5347908025665	4742.691708319079	0.4827565425264375	2301.9229054988364
6103.688981496916	3546.4646720657497	4742.252005856784	0.4827476868129244	2301.676685686557
6104.895482580429	3546.394553328933	4741.812367535339	0.4827388360744958	2301.430465874278
6106.101983663943	3546.3244345921157	4741.372793340711	0.4827299957133649	2301.184246061999
6107.308484747457	3546.2543158552985	4740.933283258867	0.48272115535223403	2300.93802624972
6108.5149858309715	3546.1841971184817	4740.493837275786	0.4827123149911032	2300.691806437441
6109.7214869144855	3546.114078381665	4740.054455377445	0.48270347462997226	2300.445586625162
6110.9279879979995	3546.0439596448477	4739.615137549826	0.4826946342688414	2300.199366812883
6112.1344890815135	3545.973840908031	4739.175883778916	0.48268579850039356	2299.953147000604
6113.3409901650275	3545.9037221712138	4738.736694050706	0.4826769734158345	2299.7069271883247
6114.5474912485415	3545.8336034343965	4738.297568351192	0.48266814833127547	2299.4607073760462
6115.7539923320555	3545.7634846975798	4737.858506666372	0.4826593232467164	2299.214487563767
6116.960493415569	3545.693365960763	4737.419508982251	0.4826504981621574	2298.968267751488
6118.166994499083	3545.623247223946	4736.980575284832	0.48264167307759837	2298.7220479392086
6119.373495582597	3545.553128487129	4736.54170556013	0.4826328522069839	2298.47582812693
6120.579996666111	3545.4830097503122	4736.102899794161	0.48262404232358846	2298.2296083146507
6121.786497749625	3545.4128910134946	4735.66415797294	0.4826152324401931	2297.983388502372
6122.992998833139	3545.342772276678	4735.225480082496	0.48260642255679775	2297.737168690093
6124.199499916653	3545.272653539861	4734.786866108853	0.4825976126734024	2297.4909488778135
6125.406001000167	3545.202534803044	4734.348316038044	0.482588802790007	2297.2447290655346
6126.612502083681	3545.132416066227	4733.909829856104	0.4825799967454525	2296.9985092532556
6127.819003167194	3545.0622973294103	4733.471407549075	0.482571201988215	2296.7522894409767
6129.025504250708	3544.9921785925935	4733.033049102997	0.48256240723097754	2296.506069628698
6130.232005334222	3544.922059855776	4732.594754503921	0.48255361247374007	2296.2598498164184
6131.438506417736	3544.851941118959	4732.156523737898	0.48254481771650254	2296.01363000414
6132.64500750125	3544.7818223821423	4731.718356790985	0.48253602295926507	2295.7674101918606
6133.851508584764	3544.711703645325	4731.28025364924	0.4825272316693701	2295.521190379581
6135.058009668278	3544.6415849085083	4730.84221429873	0.48251845196368187	2295.2749705673027
6136.264510751792	3544.5714661716916	4730.404238725522	0.4825096722579937	2295.0287507550233
6137.471011835306	3544.5013474348743	4729.966326915687	0.4825008925523055	2294.7825309427444
6138.67751291882	3544.431228698057	4729.5284788553045	0.48249211284661725	2294.5363111304655
6139.884014002333	3544.3611099612403	4729.090694530451	0.48248333314092906	2294.2900913181866
6141.090515085847	3544.290991224423	4728.652973927214	0.4824745565346625	2294.043871505907
6142.297016169361	3544.2208724876064	4728.215317031681	0.48246579180631216	2293.7976516936283
6143.503517252875	3544.1507537507896	4727.777723829944	0.48245702707796184	2293.5514318813493
6144.710018336389	3544.0806350139724	4727.3401943081	0.4824482623496115	2293.3052120690704
6145.916519419903	3544.010516277155	4726.902728452251	0.4824394976212612	2293.058992256791
6147.123020503417	3543.9403975403384	4726.4653262485	0.48243073289291083	2292.8127724445126
6148.329521586931	3543.870278803521	4726.027987682956	0.4824219708996099	2292.566552632233
6149.536022670445	3543.8001600667044	4725.590712741733	0.482413221074779	2292.320332819954
6150.742523753959	3543.7300413298876	4725.153501410947	0.48240447124994806	2292.0741130076754
6151.949024837472	3543.6599225930704	4724.716353676718	0.48239572142511716	2291.8278931953964
6153.155525920986	3543.5898038562536	4724.279269525173	0.4823869716002862	2291.581673383117
6154.3620270045	3543.5196851194364	4723.842248942439	0.4823782217754553	2291.335453570838
6155.568528088014	3543.4495663826197	4723.405291914651	0.4823694743248225	2291.089233758559
6156.775029171528	3543.3794476458024	4722.968398427943	0.4823607393300843	2290.8430139462803
6157.981530255042	3543.3093289089857	4722.531568468459	0.482352004335346	2290.596794134001
6159.188031338556	3543.239210172169	4722.094802022343	0.48234326934060773	2290.350574321722
6160.39453242207	3543.1690914353517	4721.658099075744	0.4823345343458695	2290.104354509443
6161.601033505584	3543.098972698535	4721.221459614814	0.48232579935113123	2289.8581346971637
6162.8075345890975	3543.0288539617177	4720.7848836257135	0.48231706637323285	2289.611914884885
6164.0140356726115	3542.9587352249005	4720.348371094599	0.48230834613554935	2289.3656950726063
6165.2205367561255	3542.8886164880837	4719.911922007641	0.4822996258978658	2289.119475260327
6166.4270378396395	3542.818497751267	4719.475536351005	0.4822909056601823	2288.873255448048
6167.6335389231535	3542.7483790144497	4719.039214110863	0.4822821854224988	2288.627035635769
6168.840040006668	3542.678260277633	4718.602955273397	0.48227346518481523	2288.3808158234897
6170.046541090182	3542.6081415408157	4718.166759824785	0.4822647466100787	2288.1345960112108
6171.253042173696	3542.5380228039985	4717.730627751213	0.4822560410567981	2287.888376198932
6172.45954325721	3542.4679040671817	4717.294559038871	0.4822473355035175	2287.642156386653
6173.666044340724	3542.397785330365	4716.858553673952	0.48223862995023686	2287.3959365743735
6174.872545424237	3542.3276665935477	4716.422611642653	0.4822299243969563	2287.149716762095
6176.079046507751	3542.257547856731	4715.986732931175	0.4822212188436757	2286.9034969498157
6177.285547591265	3542.187429119914	4715.550917525724	0.4822125146028872	2286.6572771375368
6178.492048674779	3542.1173103830965	4715.115165412509	0.4822038236617425	2286.411057325258
6179.698549758293	3542.0471916462798	4714.679476577744	0.48219513272059783	2286.164837512979
6180.905050841807	3541.977072909463	4714.243851007646	0.4821864417794531	2285.9186177006995
6182.111551925321	3541.906954172646	4713.808288688436	0.4821777508383084	2285.6723978884206
6183.318053008835	3541.836835435829	4713.37278960634	0.4821690598971637	2285.4261780761417
6184.524554092349	3541.7667166990122	4712.937353747586	0.48216036992146716	2285.1799582638623
6185.731055175863	3541.6965979621955	4712.50198109841	0.48215169352057285	2284.9337384515834
6186.937556259376	3541.626479225378	4712.066671645047	0.48214301711967855	2284.687518639305
6188.14405734289	3541.556360488561	4711.63142537374	0.4821343407187842	2284.4412988270255
6189.350558426404	3541.4862417517443	4711.196242270733	0.4821256643178899	2284.195079014746
6190.557059509918	3541.416123014927	4710.761122322276	0.48211698791699553	2283.9488592024677
6191.763560593432	3541.3460042781103	4710.326065514621	0.48210831213788946	2283.7026393901883
6192.970061676946	3541.2758855412935	4709.891071834029	0.4820996502057391	2283.4564195779094
6194.17656276046	3541.2057668044763	4709.456141266758	0.4820909882735887	2283.21019976563
6195.383063843974	3541.135648067659	4709.021273799074	0.4820823263414383	2282.9639799533516
6196.589564927488	3541.0655293308423	4708.586469417247	0.48207366440928795	2282.717760141072
6197.796066011001	3540.995410594025	4708.1517281075485	0.48206500247713757	2282.4715403287933
6199.002567094515	3540.9252918572083	4707.717049856258	0.48205634082647275	2282.2253205165143
6200.209068178029	3540.8551731203916	4707.282434649656	0.4820476932919378	2281.9791007042354
6201.415569261543	3540.7850543835743	4706.847882474027	0.4820390457574028	2281.732880891956
6202.622070345057	3540.714935646757	4706.413393315662	0.48203039822286786	2281.4866610796776
6203.828571428571	3540.6448169099403	4705.978967160851	0.48202175068833286	2281.240441267398
6205.035072512085	3540.574698173123	4705.544603995895	0.4820131031537979	2280.9942214551193
6206.241573595599	3540.5045794363064	4705.1103038070905	0.482004455619263	2280.74800164284
6207.448074679113	3540.4344606994896	4704.676066580748	0.48199582235610317	2280.5017818305614
6208.654575762627	3540.3643419626724	4704.241892303173	0.48198718914842975	2280.255562018282
6209.86107684614	3540.2942232258556	4703.807780960679	0.4819785559407564	2280.009342206003
6211.067577929654	3540.2241044890384	4703.373732539584	0.481969922733083	2279.763122393724
6212.274079013168	3540.1539857522216	4702.939747026207	0.4819612895254096	2279.5169025814453
6213.480580096682	3540.0838670154044	4702.505824406876	0.4819526563177362	2279.270682769166
6214.687081180196	3540.0137482785876	4702.071964667917	0.4819440369773888	2279.024462956887
6215.89358226371	3539.943629541771	4701.638167795664	0.48193541802619533	2278.778243144608
6217.100083347224	3539.8735108049536	4701.204433776455	0.48192679907500185	2278.5320233323287
6218.306584430738	3539.803392068137	4700.770762596629	0.4819181801238084	2278.2858035200497
6219.513085514252	3539.7332733313197	4700.337154242531	0.48190956117261485	2278.039583707771
6220.7195865977665	3539.6631545945024	4699.903608700511	0.4819009422214214	2277.793363895492
6221.92608768128	3539.5930358576857	4699.470125956919	0.48189233673715415	2277.547144083213
6223.132588764794	3539.522917120869	4699.0367059981145	0.4818837319724299	2277.300924270934
6224.339089848308	3539.4527983840517	4698.603348810457	0.48187512720770564	2277.0547044586547
6225.545590931822	3539.382679647235	4698.17005438031	0.48186652244298134	2276.8084846463757
6226.752092015336	3539.3125609104177	4697.736822694043	0.4818579176782571	2276.562264834097
6227.95859309885	3539.2424421736005	4697.303653738028	0.48184931291353283	2276.316045021818
6229.165094182364	3539.1723234367837	4696.870547498642	0.48184072121895516	2276.0698252095385
6230.371595265878	3539.102204699967	4696.437503962265	0.48183213057105695	2275.8236053972596
6231.578096349392	3539.0320859631497	4696.00452311528	0.4818235399231588	2275.5773855849807
6232.784597432905	3538.961967226333	4695.571604944077	0.4818149492752606	2275.3311657727018
6233.991098516419	3538.891848489516	4695.138749435048	0.48180635862736243	2275.0849459604224
6235.197599599933	3538.821729752699	4694.7059565745885	0.4817977679794642	2274.838726148144
6236.404100683447	3538.7516110158817	4694.273226349097	0.4817891900085263	2274.5925063358645
6237.610601766961	3538.681492279065	4693.840558744979	0.4817806134081776	2274.3462865235856
6238.817102850475	3538.611373542248	4693.407953748643	0.481772036807829	2274.1000667113067
6240.023603933989	3538.541254805431	4692.9754113465	0.4817634602074803	2273.8538468990273
6241.230105017503	3538.471136068614	4692.542931524965	0.4817548836071316	2273.6076270867484
6242.436606101017	3538.4010173317974	4692.110514270458	0.4817463070067829	2273.361407274469
6243.643107184531	3538.3308985949798	4691.678159569405	0.48173774269377256	2273.1151874621905
6244.849608268044	3538.260779858163	4691.245867408229	0.4817291800720596	2272.8689676499116
6246.056109351558	3538.1906611213462	4690.813637773365	0.4817206174503466	2272.6227478376322
6247.262610435072	3538.120542384529	4690.381470651248	0.48171205482863366	2272.3765280253538
6248.469111518586	3538.0504236477123	4689.949366028315	0.48170349220692066	2272.1303082130744
6249.6756126021	3537.9803049108955	4689.517323891011	0.4816949295852077	2271.884088400795
6250.882113685614	3537.9101861740783	4689.085344225783	0.48168637886474974	2271.6378685885165
6252.088614769128	3537.840067437261	4688.653427019082	0.48167783015312116	2271.391648776237
6253.295115852642	3537.7699487004443	4688.221572257365	0.4816692814414926	2271.1454289639582
6254.501616936156	3537.699829963627	4687.789779927086	0.48166073272986404	2270.8992091516793
6255.70811801967	3537.6297112268103	4687.358050014712	0.48165218401823545	2270.6529893394004
6256.914619103183	3537.5595924899935	4686.926382506707	0.4816436353066069	2270.406769527121
6258.121120186697	3537.4894737531768	4686.494777389546	0.48163509811365995	2270.160549714842
6259.327621270211	3537.419355016359	4686.063234649697	0.4816265632439231	2269.914329902563
6260.534122353725	3537.3492362795423	4685.631754273643	0.4816180283741863	2269.6681100902842
6261.740623437239	3537.2791175427255	4685.200336247866	0.48160949350444954	2269.421890278005
6262.947124520753	3537.2089988059083	4684.768980558851	0.48160095863471275	2269.1756704657264
6264.153625604267	3537.1388800690916	4684.33768719309	0.48159242376497596	2268.929450653447
6265.360126687781	3537.068761332275	4683.906456137073	0.4815839000348307	2268.6832308411676
6266.566627771295	3536.9986425954576	4683.475287377302	0.48157537893915003	2268.437011028889
6267.773128854809	3536.9285238586403	4683.044180900278	0.48156685784346936	2268.19079121661
6268.979629938322	3536.8584051218236	4682.613136692507	0.4815583367477887	2267.944571404331
6270.186131021836	3536.7882863850064	4682.182154740496	0.481549815652108	2267.698351592052
6271.3926321053505	3536.7181676481896	4681.7512350307625	0.48154129455642736	2267.452131779773
6272.5991331888645	3536.648048911373	4681.320377549821	0.4815327842247053	2267.205911967494
6273.8056342723785	3536.5779301745556	4680.889582284194	0.4815242768356006	2266.9596921552147
6275.0121353558925	3536.507811437739	4680.458849220407	0.48151576944649593	2266.713472342936
6276.2186364394065	3536.4376927009216	4680.028178344988	0.48150726205739125	2266.467252530657
6277.4251375229205	3536.3675739641044	4679.597569644472	0.48149875466828657	2266.2210327183775
6278.6316386064345	3536.2974552272876	4679.167023105395	0.4814902472791819	2265.974812906099
6279.838139689948	3536.227336490471	4678.736538714296	0.48148175028183277	2265.7285930938197
6281.044640773462	3536.157217753654	4678.306116457723	0.48147325653217654	2265.4823732815407
6282.251141856976	3536.087099016837	4677.875756322221	0.4814647627825204	2265.2361534692614
6283.45764294049	3536.0169802800197	4677.445458294345	0.48145626903286415	2264.989933656983
6284.664144024004	3535.946861543203	4677.015222360651	0.4814477752832079	2264.7437138447035
6285.870645107518	3535.8767428063857	4676.585048507698	0.48143928153355176	2264.4974940324246
6287.077146191032	3535.806624069569	4676.154936722051	0.48143079780685183	2264.2512742201457
6288.283647274546	3535.736505332752	4675.724886990278	0.4814223176298673	2264.0050544078667
6289.49014835806	3535.666386595935	4675.29489929895	0.48141383745288285	2263.7588345955874
6290.696649441574	3535.596267859118	4674.864973634644	0.48140535727589834	2263.5126147833084
6291.903150525087	3535.526149122301	4674.4351099839405	0.4813968770989138	2263.2663949710295
6293.109651608601	3535.4560303854837	4674.00530833342	0.48138839692192936	2263.0201751587506
6294.316152692115	3535.385911648667	4673.575568669671	0.4813799264024794	2262.773955346471
6295.522653775629	3535.31579291185	4673.145890979285	0.48137145973173834	2262.5277355341927
6296.729154859143	3535.245674175033	4672.716275248857	0.4813629930609973	2262.2815157219134
6297.935655942657	3535.175555438216	4672.286721464987	0.4813545263902562	2262.035295909634
6299.142157026171	3535.1054367013994	4671.857229614277	0.4813460597195151	2261.7890760973555
6300.348658109685	3535.0353179645817	4671.427799683332	0.48133759304877405	2261.542856285076
6301.555159193199	3534.965199227765	4670.998431658764	0.4813291356734976	2261.296636472797
6302.761660276713	3534.895080490948	4670.569125527189	0.4813206824429184	2261.0504166605183
6303.968161360226	3534.8249617541314	4670.139881275222	0.48131222921233924	2260.8041968482394
6305.17466244374	3534.754843017314	4669.710698889487	0.48130377598176	2260.55797703596
6306.381163527254	3534.6847242804974	4669.28157835661	0.4812953227511808	2260.311757223681
6307.587664610768	3534.6146055436802	4668.852519663221	0.4812868695206016	2260.065537411402
6308.794165694282	3534.544486806863	4668.423522795952	0.48127842522674297	2259.819317599123
6310.000666777796	3534.4743680700462	4667.994587741441	0.48126998537058846	2259.573097786844
6311.20716786131	3534.4042493332295	4667.565714486332	0.48126154551443395	2259.3268779745654
6312.413668944824	3534.3341305964123	4667.136903017266	0.4812531056582794	2259.080658162286
6313.620170028338	3534.2640118595955	4666.708153320897	0.4812446658021249	2258.834438350007
6314.826671111851	3534.1938931227787	4666.279465383873	0.4812362259459704	2258.588218537728
6316.033172195365	3534.123774385961	4665.8508391928535	0.48122779467109267	2258.3419987254492
6317.239673278879	3534.0536556491443	4665.422274734499	0.48121936812396793	2258.09577891317
6318.446174362393	3533.9835369123275	4664.993771995474	0.4812109415768432	2257.849559100891
6319.652675445907	3533.9134181755103	4664.565330962445	0.4812025150297185	2257.603339288612
6320.859176529421	3533.8432994386935	4664.136951622085	0.48119408848259376	2257.357119476333
6322.065677612935	3533.7731807018768	4663.708633961071	0.4811856619354691	2257.1108996640537
6323.272178696449	3533.7030619650595	4663.280377966083	0.48117724361745257	2256.864679851775
6324.478679779963	3533.6329432282423	4662.852183623802	0.48116883031430335	2256.618460039496
6325.685180863477	3533.5628244914255	4662.4240509209185	0.48116041701115414	2256.3722402272165
6326.8916819469905	3533.492705754609	4661.995979844122	0.4811520037080049	2256.126020414938
6328.0981830305045	3533.4225870177916	4661.567970380109	0.4811435904048557	2255.879800602659
6329.3046841140185	3533.352468280975	4661.140022515577	0.4811351771017065	2255.6335807903797
6330.5111851975325	3533.282349544158	4660.712136237229	0.4811267716787469	2255.3873609781003
6331.717686281047	3533.212230807341	4660.284311531771	0.4811183715548572	2255.141141165822
6332.924187364561	3533.1421120705236	4659.856548385916	0.4811099714309675	2254.8949213535425
6334.130688448075	3533.071993333707	4659.428846786376	0.4811015713070778	2254.6487015412636
6335.337189531589	3533.0018745968896	4659.0012067198695	0.4810931711831881	2254.4024817289846
6336.543690615103	3532.931755860073	4658.57362817312	0.4810847710592984	2254.1562619167057
6337.750191698617	3532.861637123256	4658.146111132851	0.4810763784699045	2253.9100421044263
6338.95669278213	3532.791518386439	4657.718655585792	0.4810679914608942	2253.663822292148
6340.163193865644	3532.7213996496216	4657.291261518679	0.48105960445188395	2253.4176024798685
6341.369694949158	3532.651280912805	4656.863928918246	0.48105121744287366	2253.1713826675896
6342.576196032672	3532.5811621759876	4656.436657771236	0.48104283043386337	2252.92516285531
6343.782697116186	3532.511043439171	4656.009448064394	0.48103444342485313	2252.6789430430317
6344.9891981997	3532.440924702354	4655.582299784466	0.48102606360784517	2252.4327232307523
6346.195699283214	3532.370805965537	4655.155212918207	0.4810176896496689	2252.1865034184734
6347.402200366728	3532.30068722872	4654.728187452374	0.48100931569149263	2251.9402836061945
6348.608701450242	3532.230568491903	4654.301223373724	0.4810009417333164	2251.694063793915
6349.815202533755	3532.160449755086	4653.874320669024	0.48099256777514016	2251.447843981636
6351.021703617269	3532.090331018269	4653.447479325038	0.4809841938169639	2251.2016241693577
6352.228204700783	3532.020212281452	4653.02069932854	0.48097582671147227	2250.9554043570784
6353.434705784297	3531.9500935446354	4652.5939806663055	0.4809674657404169	2250.7091845447994
6354.641206867811	3531.879974807818	4652.167323325112	0.4809591047693615	2250.46296473252
6355.847707951325	3531.8098560710014	4651.740727291744	0.48095074379830616	2250.216744920241
6357.054209034839	3531.739737334184	4651.314192552988	0.48094238282725077	2249.970525107962
6358.260710118353	3531.669618597367	4650.887719095633	0.4809340218561954	2249.724305295683
6359.467211201867	3531.59949986055	4650.4613069064735	0.4809256674016582	2249.4780854834044
6360.673712285381	3531.5293811237334	4650.034955972309	0.48091731935434073	2249.231865671125
6361.880213368894	3531.459262386916	4649.608666279941	0.48090897130702326	2248.985645858846
6363.086714452408	3531.3891436500994	4649.182437816174	0.48090062325970573	2248.739426046567
6364.293215535922	3531.3190249132826	4648.7562705678165	0.48089227521238825	2248.493206234288
6365.499716619436	3531.248906176465	4648.330164521685	0.4808839271650708	2248.246986422009
6366.70621770295	3531.178787439648	4647.904119664594	0.4808755853012321	2248.0007666097304
6367.912718786464	3531.1086687028314	4647.478135983365	0.48086725011459763	2247.754546797451
6369.119219869978	3531.038549966014	4647.052213464823	0.4808589149279631	2247.508326985172
6370.325720953492	3530.9684312291974	4646.626352095795	0.48085057974132867	2247.2621071728927
6371.532222037006	3530.8983124923807	4646.200551863115	0.48084224455469415	2247.0158873606138
6372.73872312052	3530.828193755563	4645.774812753617	0.4808339093680597	2246.769667548335
6373.945224204033	3530.7580750187462	4645.349134754143	0.4808255800349684	2246.523447736056
6375.151725287547	3530.6879562819295	4644.923517851535	0.4808172576462894	2246.277227923777
6376.358226371061	3530.6178375451123	4644.4979620326385	0.4808089352576105	2246.031008111498
6377.564727454575	3530.5477188082955	4644.072467284308	0.4808006128689315	2245.7847882992187
6378.771228538089	3530.4776000714787	4643.647033593396	0.48079229048025257	2245.53856848694
6379.977729621603	3530.4074813346615	4643.221660946761	0.4807839680915736	2245.292348674661
6381.184230705117	3530.3373625978443	4642.796349331267	0.480775651229581	2245.0461288623815
6382.3907317886315	3530.2672438610275	4642.37109873378	0.48076734157645323	2244.7999090501025
6383.5972328721455	3530.1971251242107	4641.945909141168	0.4807590319233254	2244.5536892378236
6384.803733955659	3530.1270063873935	4641.520780540306	0.4807507222701976	2244.3074694255447
6386.010235039173	3530.0568876505768	4641.0957129180715	0.48074241261706985	2244.0612496132658
6387.216736122687	3529.98676891376	4640.670706261345	0.48073410296394203	2243.815029800987
6388.423237206201	3529.9166501769428	4640.245760557012	0.4807257985137002	2243.568809988708
6389.629738289715	3529.8465314401255	4639.820875791959	0.48071750153404286	2243.3225901764285
6390.836239373229	3529.776412703309	4639.396051953082	0.48070920455438554	2243.0763703641496
6392.042740456743	3529.7062939664916	4638.971289027275	0.4807009075747283	2242.8301505518707
6393.249241540257	3529.636175229675	4638.546587001439	0.48069261059507096	2242.5839307395913
6394.455742623771	3529.566056492858	4638.121945862477	0.48068431361541364	2242.3377109273124
6395.662243707285	3529.495937756041	4637.697365597296	0.4806760215178739	2242.0914911150335
6396.868744790798	3529.425819019224	4637.272846192809	0.48066773714992617	2241.8452713027546
6398.075245874312	3529.355700282407	4636.8483876359305	0.4806594527819784	2241.599051490475
6399.281746957826	3529.2855815455896	4636.423989913576	0.48065116841403066	2241.3528316781967
6400.48824804134	3529.215462808773	4635.999653012675	0.4806428840460829	2241.1066118659173
6401.694749124854	3529.145344071956	4635.575376920146	0.48063459967813515	2240.8603920536384
6402.901250208368	3529.075225335139	4635.151161622924	0.4806263198745461	2240.6141722413595
6404.107751291882	3529.005106598322	4634.72700710794	0.48061804805686614	2240.3679524290806
6405.314252375396	3528.934987861505	4634.302913362133	0.48060977623918616	2240.121732616801
6406.52075345891	3528.864869124688	4633.878880372445	0.4806015044215062	2239.875512804522
6407.727254542424	3528.794750387871	4633.454908125817	0.4805932326038262	2239.6292929922433
6408.933755625937	3528.724631651054	4633.030996609204	0.4805849607861462	2239.3830731799644
6410.140256709451	3528.6545129142373	4632.607145809553	0.4805766932180524	2239.136853367685
6411.346757792965	3528.58439417742	4632.183355713822	0.48056843388951576	2238.8906335554066
6412.553258876479	3528.5142754406033	4631.759626308972	0.4805601745609791	2238.644413743127
6413.759759959993	3528.444156703786	4631.335957581964	0.48055191523244245	2238.398193930848
6414.966261043507	3528.374037966969	4630.912349519767	0.4805436559039058	2238.1519741185693
6416.172762127021	3528.303919230152	4630.488802109354	0.48053539657536914	2237.90575430629
6417.379263210535	3528.2338004933354	4630.065315337697	0.480527141184609	2237.659534494011
6418.585764294049	3528.163681756518	4629.641889191776	0.4805188942844049	2237.4133146817317
6419.792265377562	3528.0935630197014	4629.218523658572	0.4805106473842008	2237.167094869453
6420.998766461076	3528.0234442828846	4628.795218725072	0.48050240048399673	2236.920875057174
6422.20526754459	3527.953325546067	4628.371974378266	0.4804941535837926	2236.674655244895
6423.411768628104	3527.88320680925	4627.948790605147	0.48048590668358854	2236.428435432616
6424.618269711618	3527.8130880724334	4627.525667392713	0.4804776634122926	2236.182215620337
6425.824770795132	3527.742969335616	4627.102604727963	0.48046942887992533	2235.9359958080577
6427.031271878646	3527.6728505987994	4626.679602597904	0.48046119434755813	2235.689775995779
6428.23777296216	3527.6027318619826	4626.256660989542	0.48045295981519087	2235.4435561835
6429.444274045674	3527.532613125165	4625.83377988989	0.48044472528282367	2235.197336371221
6430.650775129188	3527.462494388348	4625.410959285964	0.4804364907504564	2234.9511165589415
6431.857276212701	3527.3923756515314	4624.988199164785	0.48042825954104645	2234.704896746663
6433.063777296215	3527.3222569147147	4624.5654995133755	0.48042003731632915	2234.4586769343837
6434.2702783797295	3527.2521381778975	4624.142860318759	0.4804118150916119	2234.2124571221048
6435.4767794632435	3527.1820194410807	4623.72028156797	0.48040359286689466	2233.966237309826
6436.6832805467575	3527.111900704264	4623.2977632480415	0.48039537064217736	2233.720017497547
6437.8897816302715	3527.0417819674462	4622.875305346012	0.4803871484174601	2233.4737976852675
6439.0962827137855	3526.9716632306295	4622.452907848923	0.4803789292126456	2233.2275778729886
6440.3027837972995	3526.9015444938127	4622.030570743821	0.4803707192357029	2232.9813580607097
6441.5092848808135	3526.8314257569955	4621.608294017752	0.48036250925876023	2232.7351382484303
6442.715785964328	3526.7613070201787	4621.186077657772	0.48035429928181755	2232.4889184361514
6443.922287047841	3526.691188283362	4620.763921650937	0.4803460893048749	2232.242698623873
6445.128788131355	3526.6210695465447	4620.3418259843065	0.4803378793279322	2231.9964788115935
6446.335289214869	3526.5509508097275	4619.919790644945	0.48032967207071114	2231.750258999314
6447.541790298383	3526.4808320729107	4619.497815619921	0.480321474281974	2231.5040391870357
6448.748291381897	3526.4107133360935	4619.075900896303	0.4803132764932369	2231.2578193747563
6449.954792465411	3526.3405945992768	4618.654046461169	0.4803050787044998	2231.0115995624774
6451.161293548925	3526.27047586246	4618.232252301597	0.48029688091576267	2230.7653797501985
6452.367794632439	3526.2003571256428	4617.810518404668	0.48028868312702555	2230.5191599379195
6453.574295715953	3526.130238388826	4617.38884475747	0.48028048776068083	2230.27294012564
6454.780796799466	3526.060119652009	4616.967231347094	0.48027230210088695	2230.0267203133617
6455.98729788298	3525.990000915192	4616.545678160629	0.4802641164410931	2229.7805005010823
6457.193798966494	3525.919882178375	4616.124185185175	0.48025593078129925	2229.5342806888034
6458.400300050008	3525.849763441558	4615.702752407834	0.4802477451215054	2229.288060876524
6459.606801133522	3525.7796447047413	4615.2813798157085	0.48023955946171154	2229.0418410642455
6460.813302217036	3525.709525967924	4614.860067395908	0.4802313759298107	2228.795621251966
6462.01980330055	3525.639407231107	4614.438815135543	0.48022320234000115	2228.549401439687
6463.226304384064	3525.56928849429	4614.017623021731	0.4802150287501917	2228.3031816274083
6464.432805467578	3525.499169757473	4613.5964910415905	0.4802068551603822	2228.056961815129
6465.639306551092	3525.429051020656	4613.175419182246	0.48019868157057266	2227.81074200285
6466.845807634605	3525.3589322838393	4612.754407430821	0.4801905079807632	2227.5645221905716
6468.052308718119	3525.288813547022	4612.3334557744465	0.4801823362271555	2227.318302378292
6469.258809801633	3525.2186948102053	4611.912564200258	0.48017417464867357	2227.0720825660133
6470.465310885147	3525.148576073388	4611.491732695394	0.4801660130701916	2226.825862753734
6471.671811968661	3525.078457336571	4611.070961246992	0.48015785149170964	2226.579642941455
6472.878313052175	3525.008338599754	4610.6502498422005	0.4801496899132277	2226.333423129176
6474.084814135689	3524.9382198629373	4610.229598468168	0.48014152833474577	2226.0872033168966
6475.291315219203	3524.86810112612	4609.809007112044	0.48013336830356135	2225.840983504618
6476.497816302717	3524.7979823893033	4609.3884757609885	0.48012521867805097	2225.594763692339
6477.704317386231	3524.7278636524866	4608.968004402159	0.4801170690525406	2225.34854388006
6478.910818469744	3524.6577449156694	4608.5475930227185	0.48010891942703027	2225.1023240677814
6480.117319553258	3524.587626178852	4608.1272416098345	0.4801007698015199	2224.856104255502
6481.323820636772	3524.5175074420354	4607.7069501506785	0.4800926201760095	2224.6098844432227
6482.530321720286	3524.4473887052186	4607.286718632423	0.48008447181165786	2224.3636646309437
6483.7368228038	3524.3772699684014	4606.8665470422475	0.4800763340810621	2224.117444818665
6484.943323887314	3524.3071512315846	4606.446435367332	0.48006819635046627	2223.871225006386
6486.149824970828	3524.2370324947674	4606.026383594865	0.48006005861987044	2223.6250051941065
6487.356326054342	3524.16691375795	4605.606391712032	0.4800519208892746	2223.3787853818276
6488.562827137856	3524.0967950211334	4605.186459706028	0.48004378315867885	2223.1325655695487
6489.76932822137	3524.0266762843166	4604.766587564048	0.4800356464058472	2222.8863457572693
6490.9758293048835	3523.9565575474994	4604.34677527329	0.4800275205124049	2222.640125944991
6492.1823303883975	3523.8864388106826	4603.9270228209625	0.4800193946189625	2222.393906132712
6493.3888314719115	3523.816320073866	4603.507330194269	0.48001126872552013	2222.1476863204325
6494.595332555426	3523.746201337048	4603.087697380422	0.4800031428320778	2221.9014665081536
6495.80183363894	3523.6760826002314	4602.668124366633	0.4799950169386354	2221.6552466958747
6497.008334722454	3523.6059638634147	4602.248611140125	0.47998689174228626	2221.4090268835953
6498.214835805968	3523.5358451265975	4601.829157688116	0.47997877762853264	2221.1628070713164
6499.421336889482	3523.4657263897807	4601.409763997833	0.4799706635147791	2220.9165872590374
6500.627837972996	3523.395607652964	4600.990430056504	0.47996254940102545	2220.6703674467585
6501.834339056509	3523.325488916147	4600.571155851362	0.4799544352872719	2220.4241476344796
6503.040840140023	3523.2553701793295	4600.151941369645	0.47994632117351826	2220.1779278222007
6504.247341223537	3523.1852514425127	4599.732786598591	0.4799382074788894	2219.9317080099213
6505.453842307051	3523.115132705696	4599.313691525445	0.4799301050876524	2219.6854881976424
6506.660343390565	3523.0450139688787	4598.894656137452	0.47992200269641533	2219.439268385363
6507.866844474079	3522.974895232062	4598.475680421866	0.4799139003051783	2219.1930485730845
6509.073345557593	3522.904776495245	4598.05676436594	0.4799057979139413	2218.946828760805
6510.279846641107	3522.834657758428	4597.637907956931	0.4798976955227042	2218.700608948526
6511.486347724621	3522.7645390216107	4597.219111182103	0.47988959327530545	2218.4543891362473
6512.692848808135	3522.694420284794	4596.800374028719	0.4798815025497051	2218.208169323968
6513.899349891648	3522.6243015479768	4596.381696484049	0.47987341182410476	2217.961949511689
6515.105850975162	3522.55418281116	4595.963078535367	0.4798653210985044	2217.7157296994105
6516.312352058676	3522.484064074343	4595.544520169949	0.47985723037290406	2217.469509887131
6517.51885314219	3522.413945337526	4595.12602137507	0.4798491396473037	2217.2232900748522
6518.725354225704	3522.343826600709	4594.707582138021	0.4798410489217034	2216.977070262573
6519.931855309218	3522.273707863892	4594.289202446084	0.47983296967636296	2216.7308504502944
6521.138356392732	3522.203589127075	4593.870882286553	0.47982489055980937	2216.484630638015
6522.344857476246	3522.133470390258	4593.45262164672	0.4798168114432558	2216.2384108257356
6523.55135855976	3522.0633516534413	4593.034420513884	0.47980873232670224	2215.992191013457
6524.757859643274	3521.993232916624	4592.6162788753445	0.47980065321014864	2215.745971201178
6525.964360726787	3521.9231141798073	4592.19819671841	0.47979257409359505	2215.499751388899
6527.170861810301	3521.85299544299	4591.7801740303885	0.47978450613101575	2215.2535315766204
6528.377362893815	3521.7828767061733	4591.362210798591	0.47977643856720714	2215.007311764341
6529.583863977329	3521.712757969356	4590.944307010334	0.47976837100339853	2214.7610919520616
6530.790365060843	3521.6426392325393	4590.526462652937	0.4797603034395899	2214.5148721397827
6531.996866144357	3521.5725204957225	4590.108677713725	0.4797522358757813	2214.268652327504
6533.203367227871	3521.5024017589053	4589.690952180021	0.4797441683119727	2214.022432515225
6534.409868311385	3521.4322830220885	4589.27328603916	0.4797361115787606	2213.7762127029455
6535.616369394899	3521.3621642852713	4588.855679278474	0.47972805551168213	2213.529992890667
6536.822870478412	3521.292045548454	4588.4381318853	0.47971999944460364	2213.2837730783876
6538.029371561926	3521.2219268116373	4588.02064384698	0.47971194337752515	2213.0375532661087
6539.23587264544	3521.1518080748206	4587.60321515086	0.47970388731044666	2212.79133345383
6540.442373728954	3521.0816893380033	4587.185845784285	0.4796958312433682	2212.545113641551
6541.648874812468	3521.0115706011866	4586.768535734611	0.4796877856863945	2212.2988938292715
6542.855375895982	3520.9414518643694	4586.351284989191	0.4796797410603163	2212.0526740169926
6544.061876979496	3520.871333127552	4585.934093535385	0.4796716964342382	2211.8064542047136
6545.2683780630105	3520.8012143907354	4585.516961360557	0.47966365180816006	2211.5602343924347
6546.4748791465245	3520.7310956539186	4585.099888452071	0.4796556071820819	2211.3140145801553
6547.6813802300385	3520.6609769171014	4584.6828747972995	0.47964756255600377	2211.0677947678764
6548.887881313552	3520.5908581802846	4584.265920383615	0.47963952812240296	2210.8215749555975
6550.094382397066	3520.520739443468	4583.849025198395	0.47963149488187845	2210.5753551433186
6551.30088348058	3520.4506207066506	4583.432189229019	0.479623461641354	2210.3291353310397
6552.507384564094	3520.3805019698334	4583.015412462873	0.47961542840082955	2210.0829155187603
6553.713885647608	3520.3103832330166	4582.598694887344	0.4796073951603051	2209.8366957064814
6554.920386731122	3520.2402644962	4582.182036489823	0.47959936191978064	2209.5904758942024
6556.126887814636	3520.1701457593826	4581.765437257706	0.47959133855694935	2209.3442560819235
6557.33338889815	3520.100027022566	4581.348897178393	0.47958331664681386	2209.098036269644
6558.539889981664	3520.029908285749	4580.932416239285	0.4795752947366783	2208.851816457365
6559.746391065178	3519.9597895489314	4580.515994427786	0.4795672728265428	2208.6055966450863
6560.952892148691	3519.8896708121147	4580.0996317313075	0.47955925091640733	2208.3593768328074
6562.159393232205	3519.819552075298	4579.683328137264	0.47955122900627184	2208.113157020528
6563.365894315719	3519.7494333384807	4579.267083633067	0.47954321666186706	2207.8669372082495
6564.572395399233	3519.679314601664	4578.850898206141	0.47953520602723565	2207.62071739597
6565.778896482747	3519.609195864847	4578.43477184391	0.4795271953926043	2207.374497583691
6566.985397566261	3519.53907712803	4578.018704533799	0.4795191847579729	2207.1282777714123
6568.191898649775	3519.4689583912127	4577.602696263239	0.4795111741233415	2206.8820579591334
6569.398399733289	3519.398839654396	4577.186747019665	0.4795031634887101	2206.635838146854
6570.604900816803	3519.3287209175787	4576.770856790515	0.47949516211064813	2206.3896183345746
6571.811401900316	3519.258602180762	4576.35502556323	0.47948716269691466	2206.143398522296
6573.01790298383	3519.188483443945	4575.939253325257	0.4794791632831812	2205.897178710017
6574.224404067344	3519.1183647071284	4575.523540064043	0.4794711638694477	2205.650958897738
6575.430905150858	3519.0482459703107	4575.107885767039	0.47946316445571424	2205.4047390854594
6576.637406234372	3518.978127233494	4574.692290421704	0.47945516504198077	2205.15851927318
6577.843907317886	3518.9080084966768	4574.276754015494	0.47944717457843533	2204.9122994609006
6579.0504084014	3518.83788975986	4573.861276535874	0.4794391863312703	2204.666079648622
6580.256909484914	3518.767771023043	4573.4458579703105	0.4794311980841053	2204.4198598363428
6581.463410568428	3518.6976522862265	4573.030498306273	0.47942320983694026	2204.173640024064
6582.669911651942	3518.6275335494092	4572.615197531235	0.47941522158977523	2203.9274202117845
6583.876412735455	3518.557414812592	4572.199955632674	0.4794072333426102	2203.681200399506
6585.082913818969	3518.4872960757752	4571.784772598069	0.47939925374201126	2203.434980587227
6586.289414902483	3518.417177338958	4571.369648414907	0.47939127660736036	2203.1887607749477
6587.495915985997	3518.3470586021413	4570.954583070673	0.4793832994727095	2202.9425409626688
6588.702417069511	3518.2769398653245	4570.539576552861	0.47937532233805863	2202.69632115039
6589.908918153025	3518.2068211285073	4570.124628848963	0.47936734520340774	2202.4501013381105
6591.115419236539	3518.1367023916905	4569.70973994648	0.4793593680687569	2202.203881525832
6592.321920320053	3518.0665836548733	4569.294909832913	0.47935139927978915	2201.9576617135526
6593.528421403567	3517.996464918056	4568.880138495764	0.47934343320387224	2201.7114419012737
6594.734922487081	3517.9263461812393	4568.465425922549	0.4793354671279553	2201.4652220889943
6595.941423570594	3517.8562274444225	4568.050772100776	0.47932750105203836	2201.219002276716
6597.1479246541085	3517.7861087076053	4567.636177017961	0.4793195349761214	2200.9727824644365
6598.3544257376225	3517.7159899707885	4567.221640661625	0.4793115689002045	2200.7265626521576
6599.5609268211365	3517.6458712339713	4566.807163019292	0.47930361087180573	2200.4803428398786
6600.7674279046505	3517.575752497154	4566.392744078485	0.479295655801114	2200.2341230275997
6601.9739289881645	3517.5056337603373	4565.978383826738	0.4792877007304222	2199.9879032153203
6603.1804300716785	3517.4355150235206	4565.564082251583	0.47927974565973047	2199.7416834030414
6604.3869311551925	3517.365396286704	4565.149839340559	0.4792717905890387	2199.4954635907625
6605.593432238707	3517.2952775498866	4564.735655081204	0.47926383551834695	2199.249243778483
6606.79993332222	3517.22515881307	4564.3215294610645	0.479255888199707	2199.003023966204
6608.006434405734	3517.1550400762526	4563.907462467689	0.4792479440810025	2198.7568041539257
6609.212935489248	3517.0849213394354	4563.493454088625	0.47923999996229805	2198.5105843416463
6610.419436572762	3517.0148026026186	4563.079504311433	0.4792320558435936	2198.2643645293674
6611.625937656276	3516.944683865802	4562.665613123668	0.4792241117248891	2198.0181447170885
6612.83243873979	3516.8745651289846	4562.251780512891	0.47921616760618463	2197.771924904809
6614.038939823304	3516.804446392168	4561.83800646667	0.47920823094674364	2197.52570509253
6615.245440906818	3516.734327655351	4561.424290972573	0.4792002977270575	2197.2794852802513
6616.451941990332	3516.6642089185334	4561.010634018172	0.4791923645073714	2197.0332654679723
6617.658443073846	3516.5940901817166	4560.597035591044	0.4791844312876853	2196.787045655693
6618.864944157359	3516.5239714449	4560.183495678771	0.47917649806799917	2196.540825843414
6620.071445240873	3516.4538527080826	4559.770014268928	0.47916856484831305	2196.294606031135
6621.277946324387	3516.383733971266	4559.356591349111	0.4791606387977601	2196.048386218856
6622.484447407901	3516.313615234449	4558.943226906905	0.47915271642439045	2195.802166406577
6623.690948491415	3516.243496497632	4558.529920929904	0.47914479405102084	2195.5559465942983
6624.897449574929	3516.1733777608147	4558.116673405706	0.4791368716776512	2195.309726782019
6626.103950658443	3516.103259023998	4557.703484321913	0.4791289493042815	2195.06350696974
6627.310451741957	3516.033140287181	4557.290353666126	0.4791210269309119	2194.817287157461
6628.516952825471	3515.963021550364	4556.877281425954	0.479113111439184	2194.5710673451817
6629.723453908985	3515.892902813547	4556.464267589008	0.4791051998596955	2194.324847532903
6630.929954992498	3515.8227840767304	4556.051312142905	0.4790972882802071	2194.078627720624
6632.136456076012	3515.7526653399127	4555.638415075258	0.4790893767007186	2193.832407908345
6633.342957159526	3515.682546603096	4555.225576373694	0.4790814651212302	2193.586188096066
6634.54945824304	3515.612427866279	4554.812796025835	0.4790735535417417	2193.3399682837867
6635.755959326554	3515.542309129462	4554.4000740193105	0.47906564855902184	2193.0937484715078
6636.962460410068	3515.472190392645	4553.987410341753	0.47905774772124265	2192.847528659229
6638.168961493582	3515.4020716558284	4553.574804980799	0.4790498468834635	2192.6013088469495
6639.375462577096	3515.331952919011	4553.162257924085	0.4790419460456844	2192.355089034671
6640.58196366061	3515.261834182194	4552.749769159256	0.47903404520790527	2192.1088692223916
6641.788464744123	3515.191715445377	4552.337338673957	0.47902614437012614	2191.8626494101127
6642.994965827637	3515.12159670856	4551.924966455837	0.47901824984684194	2191.6164295978338
6644.201466911151	3515.051477971743	4551.512652492552	0.4790103596988633	2191.370209785555
6645.407967994665	3514.9813592349265	4551.100396771755	0.4790024695508847	2191.1239899732755
6646.614469078179	3514.9112404981092	4550.688199281108	0.47899457940290613	2190.8777701609965
6647.820970161693	3514.8411217612925	4550.276060008274	0.4789866892549275	2190.6315503487176
6649.027471245207	3514.7710030244752	4549.863978940922	0.4789787991069489	2190.3853305364387
6650.233972328721	3514.700884287658	4549.451956066719	0.47897091499377215	2190.1391107241593
6651.440473412235	3514.6307655508413	4549.03999137334	0.47896303548394753	2189.892890911881
6652.646974495749	3514.5606468140245	4548.628084848465	0.4789551559741229	2189.6466710996015
6653.8534755792625	3514.4905280772077	4548.216236479773	0.47894727646429835	2189.4004512873225
6655.0599766627765	3514.4204093403905	4547.804446254949	0.47893939695447374	2189.1542314750436
6656.266477746291	3514.3502906035737	4547.39271416168	0.4789315174446492	2188.9080116627647
6657.472978829805	3514.2801718667565	4546.981040187658	0.47892364369249313	2188.6617918504853
6658.679479913319	3514.2100531299393	4546.569424320577	0.47891577476943403	2188.4155720382064
6659.885980996833	3514.1399343931225	4546.157866548138	0.47890790584637494	2188.1693522259275
6661.092482080347	3514.0698156563058	4545.74636685804	0.4789000369233159	2187.923132413648
6662.298983163861	3513.9996969194885	4545.334925237989	0.4788921680002568	2187.676912601369
6663.505484247375	3513.929578182672	4544.9235416756965	0.4788842990771977	2187.4306927890902
6664.711985330889	3513.8594594458546	4544.5122161588715	0.47887643563721655	2187.1844729768113
6665.918486414402	3513.7893407090373	4544.100948675229	0.47886857724979415	2186.9382531645324
6667.124987497916	3513.7192219722206	4543.689739212492	0.4788607188623718	2186.6920333522535
6668.33148858143	3513.649103235404	4543.278587758379	0.47885286047494946	2186.445813539974
6669.537989664944	3513.5789844985866	4542.867494300619	0.47884500208752706	2186.199593727695
6670.744490748458	3513.50886576177	4542.456458826941	0.4788371437001047	2185.953373915416
6671.950991831972	3513.438747024953	4542.045481325077	0.47882929052369233	2185.7071541031373
6673.157492915486	3513.3686282881354	4541.634561782765	0.4788214426210344	2185.460934290858
6674.363993999	3513.2985095513186	4541.223700187743	0.4788135947183764	2185.214714478579
6675.570495082514	3513.228390814502	4540.812896527755	0.47880574681571847	2184.9684946663
6676.776996166027	3513.158272077685	4540.40215079055	0.4787978989130605	2184.722274854021
6677.983497249541	3513.088153340868	4539.991462963875	0.47879005101040256	2184.476055041742
6679.189998333055	3513.018034604051	4539.580833035486	0.47878220804919075	2184.2298352294633
6680.396499416569	3512.9479158672343	4539.17026099314	0.47877437058068023	2183.983615417184
6681.603000500083	3512.8777971304166	4538.759746824596	0.47876653311216966	2183.737395604905
6682.809501583597	3512.8076783936	4538.34929051762	0.4787586956436591	2183.4911757926257
6684.016002667111	3512.737559656783	4537.9388920599795	0.4787508581751485	2183.2449559803467
6685.222503750625	3512.667440919966	4537.528551439444	0.478743020706638	2182.998736168068
6686.429004834139	3512.597322183149	4537.118268643789	0.47873518791249514	2182.752516355789
6687.635505917653	3512.5272034463324	4536.708043660792	0.47872736082776846	2182.50629654351
6688.842007001166	3512.4570847095147	4536.297876478235	0.47871953374304177	2182.260076731231
6690.04850808468	3512.386965972698	4535.887767083903	0.47871170665831503	2182.0138569189517
6691.255009168194	3512.316847235881	4535.477715465584	0.47870387957358834	2181.767637106673
6692.461510251708	3512.246728499064	4535.067721611067	0.4786960524888616	2181.521417294394
6693.668011335222	3512.176609762247	4534.657785508152	0.47868822981389175	2181.2751974821144
6694.874512418736	3512.1064910254304	4534.247907144635	0.4786804130628386	2181.0289776698355
6696.08101350225	3512.036372288613	4533.838086508316	0.4786725963117855	2180.7827578575566
6697.287514585764	3511.966253551796	4533.428323587004	0.47866477956073233	2180.5365380452777
6698.494015669278	3511.896134814979	4533.0186183685055	0.47865696280967923	2180.2903182329983
6699.700516752792	3511.826016078162	4532.6089708406325	0.4786491460586261	2180.04409842072
6700.907017836305	3511.755897341345	4532.199380991205	0.4786413334551674	2179.797878608441
6702.113518919819	3511.6857786045284	4531.789848808036	0.4786335269879281	2179.5516587961615
6703.320020003333	3511.6156598677117	4531.380374278952	0.47862572052068875	2179.3054389838826
6704.526521086847	3511.5455411308944	4530.970957391778	0.47861791405344944	2179.0592191716037
6705.733022170361	3511.475422394077	4530.561598134344	0.4786101075862101	2178.8129993593243
6706.939523253875	3511.4053036572604	4530.1522964944825	0.4786023011189708	2178.5667795470454
6708.1460243373895	3511.335184920443	4529.7430524600295	0.4785944985395941	2178.3205597347664
6709.3525254209035	3511.2650661836265	4529.333866018824	0.47858670230655814	2178.0743399224875
6710.5590265044175	3511.1949474468097	4528.924737158711	0.47857890607352216	2177.828120110208
6711.7655275879315	3511.1248287099925	4528.515665867535	0.47857110984048623	2177.581900297929
6712.972028671445	3511.0547099731757	4528.106652133148	0.47856331360745025	2177.3356804856503
6714.178529754959	3510.9845912363585	4527.697695943402	0.4785555173744143	2177.0894606733714
6715.385030838473	3510.9144724995413	4527.288797286154	0.47854772477192203	2176.8432408610925
6716.591531921987	3510.8443537627245	4526.879956149266	0.47853993872372813	2176.5970210488135
6717.798033005501	3510.7742350259077	4526.471172520599	0.47853215267553423	2176.350801236534
6719.004534089015	3510.7041162890905	4526.0624463880195	0.4785243666273403	2176.1045814242552
6720.211035172529	3510.6339975522737	4525.653777739402	0.4785165805791464	2175.8583616119763
6721.417536256043	3510.5638788154565	4525.245166562618	0.4785087945309525	2175.612141799697
6722.624037339557	3510.4937600786393	4524.836612845544	0.4785010118583777	2175.365921987418
6723.83053842307	3510.4236413418225	4524.428116576061	0.4784932359459102	2175.1197021751395
6725.037039506584	3510.3535226050058	4524.019677742055	0.47848546003344267	2174.87348236286
6726.243540590098	3510.283403868189	4523.611296331412	0.47847768412097513	2174.6272625505812
6727.450041673612	3510.213285131372	4523.202972332022	0.47846990820850765	2174.3810427383023
6728.656542757126	3510.143166394555	4522.7947057317815	0.4784621322960401	2174.134822926023
6729.86304384064	3510.073047657738	4522.386496518588	0.4784543595066443	2173.888603113744
6731.069544924154	3510.0029289209206	4521.97834468034	0.47844659368103387	2173.642383301465
6732.276046007668	3509.932810184104	4521.570250204945	0.47843882785542347	2173.396163489186
6733.482547091182	3509.862691447287	4521.162213080309	0.478431062029813	2173.149943676907
6734.689048174696	3509.79257271047	4520.754233294345	0.4784232962042026	2172.9037238646274
6735.895549258209	3509.722453973653	4520.346310834967	0.4784155303785922	2172.657504052349
6737.102050341723	3509.6523352368363	4519.938445690092	0.4784077674258648	2172.41128424007
6738.308551425237	3509.5822165000186	4519.5306378476425	0.4784000116384848	2172.1650644277906
6739.515052508751	3509.512097763202	4519.122887295544	0.4783922558511047	2171.918844615512
6740.721553592265	3509.441979026385	4518.7151940217245	0.4783845000637246	2171.672624803233
6741.928054675779	3509.371860289568	4518.307558014113	0.4783767442763446	2171.426404990954
6743.134555759293	3509.301741552751	4517.899979260649	0.4783689884889645	2171.180185178675
6744.341056842807	3509.2316228159343	4517.492457749269	0.478361235326621	2170.9339653663956
6745.547557926321	3509.1615040791166	4517.084993467915	0.4783534895290884	2170.6877455541166
6746.754059009835	3509.0913853423	4516.677586404532	0.4783457437315558	2170.4415257418373
6747.960560093348	3509.021266605483	4516.2702365470695	0.47833799793402326	2170.195305929559
6749.167061176862	3508.9511478686663	4515.862943883478	0.47833025213649066	2169.9490861172794
6750.373562260376	3508.881029131849	4515.455708401712	0.47832250633895806	2169.7028663050005
6751.58006334389	3508.8109103950324	4515.048530089735	0.4783147629209399	2169.4566464927216
6752.786564427404	3508.7407916582156	4514.641408935504	0.4783070270651129	2169.2104266804427
6753.993065510918	3508.670672921398	4514.234344926987	0.478299291209286	2168.9642068681633
6755.199566594432	3508.600554184581	4513.827338052154	0.478291555353459	2168.717987055885
6756.406067677946	3508.5304354477644	4513.420388298975	0.4782838194976321	2168.4717672436054
6757.61256876146	3508.460316710947	4513.013495655425	0.4782760836418051	2168.2255474313265
6758.8190698449735	3508.3901979741304	4512.606660109487	0.4782683499222774	2167.979327619047
6760.0255709284875	3508.3200792373136	4512.199881649141	0.4782606239602534	2167.7331078067687
6761.2320720120015	3508.2499605004964	4511.793160262371	0.47825289799822934	2167.4868879944893
6762.4385730955155	3508.179841763679	4511.386495937169	0.4782451720362053	2167.2406681822104
6763.6450741790295	3508.1097230268624	4510.979888661526	0.4782374460741813	2166.9944483699314
6764.8515752625435	3508.039604290045	4510.573338423439	0.47822972011215725	2166.7482285576525
6766.0580763460575	3507.9694855532284	4510.166845210907	0.47822199604550736	2166.502008745373
6767.2645774295715	3507.8993668164117	4509.760409011933	0.47821427992962273	2166.2557889330947
6768.471078513086	3507.8292480795944	4509.354029814522	0.47820656381373805	2166.0095691208153
6769.6775795966	3507.7591293427777	4508.947707606682	0.47819884769785337	2165.763349308536
6770.884080680113	3507.6890106059604	4508.54144237643	0.47819113158196874	2165.517129496257
6772.090581763627	3507.6188918691437	4508.135234111779	0.47818341546608406	2165.2709096839785
6773.297082847141	3507.5487731323265	4507.729082800748	0.47817570100692147	2165.024689871699
6774.503583930655	3507.4786543955097	4507.322988431362	0.47816799468974924	2164.7784700594198
6775.710085014169	3507.408535658693	4506.9169509916455	0.478160288372577	2164.5322502471413
6776.916586097683	3507.3384169218757	4506.510970469628	0.4781525820554048	2164.2860304348624
6778.123087181197	3507.2682981850585	4506.105046853344	0.47814487573823256	2164.039810622583
6779.329588264711	3507.1981794482417	4505.699180130829	0.4781371694210603	2163.793590810304
6780.536089348225	3507.1280607114245	4505.293370290119	0.47812946452421423	2163.547370998025
6781.742590431739	3507.0579419746077	4504.887617319264	0.4781217679585635	2163.3011511857458
6782.949091515252	3506.987823237791	4504.481921206306	0.4781140713929128	2163.054931373467
6784.155592598766	3506.9177045009737	4504.076281939294	0.4781063748272621	2162.808711561188
6785.36209368228	3506.847585764157	4503.670699506282	0.47809867826161134	2162.562491748909
6786.568594765794	3506.7774670273398	4503.265173895328	0.47809098169596065	2162.3162719366296
6787.775095849308	3506.7073482905225	4502.859705094488	0.47808328631647956	2162.070052124351
6788.981596932822	3506.6372295537058	4502.454293091831	0.47807559945539396	2161.8238323120718
6790.188098016336	3506.567110816889	4502.048937875416	0.4780679125943084	2161.577612499793
6791.39459909985	3506.496992080072	4501.643639433318	0.4780602257332228	2161.331392687514
6792.601100183364	3506.426873343255	4501.238397753607	0.4780525388721372	2161.085172875235
6793.807601266877	3506.3567546064382	4500.833212824364	0.4780448520110517	2160.8389530629556
6795.014102350391	3506.2866358696206	4500.428084633662	0.47803716610420205	2160.5927332506767
6796.220603433905	3506.216517132804	4500.02301316959	0.4780294889009581	2160.346513438398
6797.427104517419	3506.146398395987	4499.617998420232	0.4780218116977141	2160.100293626119
6798.633605600933	3506.07627965917	4499.213040373676	0.4780141344944702	2159.8540738138395
6799.840106684447	3506.006160922353	4498.808139018018	0.47800645729122626	2159.6078540015606
6801.046607767961	3505.9360421855363	4498.403294341353	0.4779987800879823	2159.3616341892816
6802.253108851475	3505.865923448719	4497.998506331782	0.47799110360924696	2159.1154143770023
6803.459609934989	3505.795804711902	4497.593774977406	0.477983436017353	2158.869194564724
6804.666111018503	3505.725685975085	4497.189100266333	0.477975768425459	2158.6229747524444
6805.872612102016	3505.6555672382683	4496.784482186673	0.477968100833565	2158.3767549401655
6807.07911318553	3505.585448501451	4496.379920726537	0.47796043324167103	2158.1305351278866
6808.285614269044	3505.5153297646343	4495.975415874045	0.47795276564977707	2157.8843153156076
6809.492115352558	3505.4452110278175	4495.570967617313	0.4779450985548544	2157.6380955033283
6810.698616436072	3505.375092291	4495.166575944466	0.4779374405280499	2157.3918756910493
6811.905117519586	3505.304973554183	4494.76224084363	0.47792978250124535	2157.1456558787704
6813.1116186031	3505.2348548173663	4494.3579623029345	0.47792212447444077	2156.8994360664915
6814.318119686614	3505.164736080549	4493.953740310512	0.47791446644763624	2156.653216254212
6815.524620770128	3505.0946173437324	4493.549574854501	0.4779068084208317	2156.4069964419336
6816.731121853642	3505.0244986069156	4493.145465923039	0.4778991506656349	2156.1607766296543
6817.9376229371555	3504.9543798700984	4492.741413504269	0.4778915021578876	2155.9145568173753
6819.14412402067	3504.884261133281	4492.337417586339	0.47788385365014036	2155.668337005096
6820.350625104184	3504.8141423964644	4491.933478157397	0.47787620514239304	2155.4221171928175
6821.557126187698	3504.744023659647	4491.529595205596	0.4778685566346458	2155.175897380538
6822.763627271212	3504.6739049228304	4491.125768719093	0.47786090812689846	2154.929677568259
6823.970128354726	3504.6037861860136	4490.721998686046	0.477853259667553	2154.6834577559803
6825.17662943824	3504.533667449197	4490.318285094621	0.4778456206330587	2154.437237943701
6826.383130521754	3504.4635487123796	4489.914627932981	0.4778379815985644	2154.191018131422
6827.589631605268	3504.3934299755624	4489.511027189297	0.4778303425640701	2153.944798319143
6828.796132688781	3504.3233112387456	4489.107482851742	0.4778227035295758	2153.698578506864
6830.002633772295	3504.2531925019284	4488.703994908491	0.4778150644950815	2153.452358694585
6831.209134855809	3504.1830737651117	4488.300563347724	0.4778074254605872	2153.2061388823063
6832.415635939323	3504.112955028295	4487.8971881576235	0.47779979568110664	2152.9599190700274
6833.622137022837	3504.0428362914777	4487.493869326375	0.47779216607428854	2152.713699257748
6834.828638106351	3503.9727175546604	4487.09060684217	0.4777845364674705	2152.4674794454686
6836.035139189865	3503.9025988178437	4486.6874006931985	0.47777690686065244	2152.22125963319
6837.241640273379	3503.8324800810265	4486.284250867657	0.4777692772538344	2151.9750398209108
6838.448141356893	3503.7623613442097	4485.881157353745	0.47776164764701634	2151.728820008632
6839.654642440407	3503.692242607393	4485.478120139665	0.4777540270309214	2151.482600196353
6840.86114352392	3503.6221238705757	4485.075139213623	0.47774640680642744	2151.236380384074
6842.067644607434	3503.552005133759	4484.672214563829	0.47773878658193353	2150.9901605717946
6843.274145690948	3503.4818863969417	4484.269346178493	0.4777311663574396	2150.743940759516
6844.480646774462	3503.4117676601245	4483.866534045831	0.47772354613294565	2150.4977209472368
6845.687147857976	3503.3416489233077	4483.463778154064	0.47771592590845174	2150.251501134958
6846.89364894149	3503.271530186491	4483.061078491413	0.4777083144127244	2150.0052813226785
6848.100150025004	3503.2014114496737	4482.6584350461035	0.47770070352542654	2149.7590615104
6849.306651108518	3503.131292712857	4482.255847806365	0.4776930926381287	2149.5128416981206
6850.513152192032	3503.06117397604	4481.853316760428	0.4776854817508308	2149.2666218858412
6851.719653275546	3502.9910552392225	4481.450841896529	0.47767787086353297	2149.0204020735628
6852.926154359059	3502.9209365024058	4481.0484232029075	0.47767025997623513	2148.774182261284
6854.132655442573	3502.850817765589	4480.646060667804	0.4776626575580651	2148.5279624490045
6855.339156526087	3502.7806990287722	4480.243754279464	0.4776550559630587	2148.281742636726
6856.545657609601	3502.710580291955	4479.841504026137	0.4776474543680523	2148.0355228244466
6857.752158693115	3502.6404615551382	4479.439309896074	0.4776398527730459	2147.7893030121677
6858.958659776629	3502.570342818321	4479.037171877529	0.4776322511780394	2147.5430831998883
6860.165160860143	3502.500224081504	4478.6350899587615	0.477624649583033	2147.2968633876094
6861.371661943657	3502.430105344687	4478.233064128034	0.4776170561998157	2147.0506435753305
6862.578163027171	3502.3599866078703	4477.83109437361	0.4776094638524172	2146.804423763051
6863.784664110684	3502.289867871053	4477.429180683757	0.4776018715050187	2146.5582039507726
6864.991165194198	3502.2197491342363	4477.027323046749	0.47759427915762026	2146.3119841384932
6866.197666277712	3502.1496303974195	4476.62552145086	0.47758668681022176	2146.0657643262143
6867.404167361226	3502.079511660602	4476.223775884365	0.47757909446282326	2145.8195445139354
6868.61066844474	3502.009392923785	4475.822086335548	0.4775715100721592	2145.5733247016565
6869.8171695282545	3501.9392741869683	4475.420452792695	0.4775639269279058	2145.327104889377
6871.0236706117685	3501.869155450151	4475.01887524409	0.47755634378365236	2145.080885077098
6872.2301716952825	3501.7990367133343	4474.617353678027	0.47754876063939894	2144.8346652648193
6873.4366727787965	3501.7289179765176	4474.215888082799	0.4775411774951456	2144.5884454525403
6874.6431738623105	3501.6587992397003	4473.814478446703	0.47753359435089215	2144.342225640261
6875.849674945824	3501.588680502883	4473.413124758041	0.47752601891058527	2144.0960058279825
6877.056176029338	3501.5185617660663	4473.011827005117	0.47751844492523254	2143.849786015703
6878.262677112852	3501.4484430292496	4472.610585176239	0.4775108709398798	2143.603566203424
6879.469178196366	3501.3783242924324	4472.209399259716	0.47750329695452715	2143.3573463911453
6880.67567927988	3501.3082055556156	4471.808269243861	0.4774957229691744	2143.1111265788663
6881.882180363394	3501.238086818799	4471.407195116994	0.47748814898382175	2142.864906766587
6883.088681446908	3501.1679680819816	4471.006176867433	0.4774805824518794	2142.618686954308
6884.295182530422	3501.0978493451644	4470.605214483505	0.47747301758140204	2142.372467142029
6885.501683613936	3501.0277306083476	4470.204307953533	0.47746545271092466	2142.1262473297497
6886.70818469745	3500.9576118715304	4469.80345726585	0.47745788784044724	2141.880027517471
6887.914685780963	3500.8874931347136	4469.402662408787	0.47745032296996986	2141.6338077051923
6889.121186864477	3500.817374397897	4469.001923370683	0.4774427580994925	2141.387587892913
6890.327687947991	3500.7472556610796	4468.601240139876	0.47743520043412335	2141.1413680806336
6891.534189031505	3500.6771369242624	4468.200612704711	0.4774276446347119	2140.895148268355
6892.740690115019	3500.6070181874456	4467.8000410535315	0.47742008883530035	2140.6489284560757
6893.947191198533	3500.5368994506284	4467.39952517469	0.4774125330358889	2140.402708643797
6895.153692282047	3500.4667807138117	4466.999065056538	0.47740497723647735	2140.1564888315174
6896.360193365561	3500.396661976995	4466.598660687432	0.47739742143706587	2139.910269019239
6897.566694449075	3500.3265432401777	4466.198312055731	0.4773898725966788	2139.6640492069596
6898.773195532588	3500.256424503361	4465.798019149798	0.47738232582473894	2139.4178293946807
6899.979696616102	3500.1863057665437	4465.3977819579995	0.477374779052799	2139.1716095824017
6901.186197699616	3500.116187029727	4464.997600468703	0.47736723228085914	2138.925389770123
6902.39269878313	3500.0460682929097	4464.597474670282	0.4773596855089193	2138.6791699578434
6903.599199866644	3499.975949556093	4464.1974045511115	0.4773521387369794	2138.432950145565
6904.805700950158	3499.905830819276	4463.797390099571	0.47734459868018353	2138.1867303332856
6906.012202033672	3499.835712082459	4463.397431304042	0.4773370608923366	2137.9405105210067
6907.218703117186	3499.765593345642	4462.99752815291	0.4773295231044896	2137.6942907087273
6908.4252042007	3499.695474608825	4462.5976806345625	0.47732198531664266	2137.448070896449
6909.631705284214	3499.6253558720077	4462.197888737392	0.4773144475287957	2137.2018510841694
6910.838206367727	3499.555237135191	4461.798152449794	0.47730690974094875	2136.9556312718905
6912.044707451241	3499.485118398374	4461.398471760166	0.47729937842655057	2136.7094114596116
6913.251208534755	3499.414999661557	4460.998846656909	0.4772918495796292	2136.4631916473327
6914.457709618269	3499.34488092474	4460.599277128429	0.4772843207327079	2136.2169718350533
6915.664210701783	3499.2747621879234	4460.199763163133	0.47727679188578653	2135.9707520227744
6916.870711785297	3499.2046434511058	4459.800304749431	0.47726926303886524	2135.7245322104955
6918.077212868811	3499.134524714289	4459.40090187574	0.4772617341919439	2135.478312398216
6919.283713952325	3499.0644059774722	4459.001554530476	0.47725421157894776	2135.2320925859376
6920.490215035839	3498.994287240655	4458.6022627020575	0.47724669162999794	2134.9858727736582
6921.696716119353	3498.9241685038382	4458.203026378912	0.4772391716810482	2134.7396529613793
6922.9032172028665	3498.8540497670215	4457.803845549466	0.4772316517320984	2134.4934331491004
6924.1097182863805	3498.7839310302043	4457.404720202149	0.47722413178314865	2134.2472133368215
6925.3162193698945	3498.713812293387	4457.0056503253945	0.47721661183419883	2134.000993524542
6926.5227204534085	3498.6436935565703	4456.6066359076385	0.4772090978818055	2133.754773712263
6927.7292215369225	3498.5735748197535	4456.207676937324	0.47720158678808366	2133.5085538999842
6928.9357226204365	3498.5034560829363	4455.808773402891	0.4771940756943618	2133.2623340877053
6930.142223703951	3498.4333373461195	4455.409925292789	0.47718656460063996	2133.016114275426
6931.348724787465	3498.3632186093027	4455.011132595465	0.47717905350691814	2132.7698944631475
6932.555225870979	3498.293099872485	4454.612395299373	0.47717154241319626	2132.523674650868
6933.761726954492	3498.2229811356683	4454.21371339297	0.47716403708080124	2132.277454838589
6934.968228038006	3498.1528623988515	4453.815086864714	0.47715653479977277	2132.03123502631
6936.17472912152	3498.0827436620343	4453.4165157030675	0.47714903251874435	2131.7850152140313
6937.381230205034	3498.0126249252176	4453.017999896497	0.4771415302377159	2131.538795401752
6938.587731288548	3497.942506188401	4452.619539433471	0.4771340279566874	2131.292575589473
6939.794232372062	3497.8723874515836	4452.221134302461	0.477126525675659	2131.046355777194
6941.000733455576	3497.8022687147663	4451.822784491944	0.47711902892285185	2130.8001359649147
6942.20723453909	3497.7321499779496	4451.424489990397	0.47711153541219087	2130.553916152636
6943.413735622604	3497.6620312411324	4451.026250786302	0.47710404190152994	2130.307696340357
6944.620236706118	3497.5919125043156	4450.628066868144	0.477096548390869	2130.061476528078
6945.826737789631	3497.521793767499	4450.229938224413	0.4770890548802081	2129.815256715799
6947.033238873145	3497.451675030682	4449.831864843596	0.4770815613695471	2129.5690369035196
6948.239739956659	3497.3815562938644	4449.4338467141915	0.4770740731561107	2129.322817091241
6949.446241040173	3497.3114375570476	4449.035883824696	0.47706658837369886	2129.076597278962
6950.652742123687	3497.241318820231	4448.63797616361	0.47705910359128695	2128.8303774666824
6951.859243207201	3497.1712000834136	4448.240123719436	0.4770516188088751	2128.584157654404
6953.065744290715	3497.101081346597	4447.842326480686	0.47704413402646323	2128.3379378421246
6954.272245374229	3497.03096260978	4447.444584435866	0.4770366492440513	2128.0917180298457
6955.478746457743	3496.960843872963	4447.04689757349	0.47702916952996055	2127.8454982175667
6956.685247541257	3496.8907251361456	4446.649265882078	0.4770216934338852	2127.5992784052874
6957.89174862477	3496.820606399329	4446.251689350147	0.4770142173378098	2127.3530585930084
6959.098249708284	3496.7504876625117	4445.854167966221	0.47700674124173437	2127.1068387807295
6960.304750791798	3496.680368925695	4445.456701718827	0.476999265145659	2126.8606189684506
6961.511251875312	3496.610250188878	4445.059290596494	0.4769917890495836	2126.6143991561717
6962.717752958826	3496.540131452061	4444.661934587754	0.4769843177950042	2126.3681793438923
6963.92425404234	3496.470012715244	4444.264633681145	0.47697685034355775	2126.121959531614
6965.130755125854	3496.399893978427	4443.867387865205	0.4769693828921113	2125.8757397193344
6966.337256209368	3496.3297752416097	4443.470197128476	0.47696191544066485	2125.629519907055
6967.543757292882	3496.259656504793	4443.073061459503	0.47695444798921843	2125.3833000947766
6968.750258376396	3496.189537767976	4442.675980846837	0.47694698053777196	2125.137080282497
6969.956759459909	3496.1194190311594	4442.278955279027	0.4769395177030597	2124.8908604702183
6971.163260543423	3496.049300294342	4441.881984744629	0.47693205885473866	2124.6446406579394
6972.369761626937	3495.9791815575254	4441.4850692322025	0.47692460000641757	2124.3984208456604
6973.576262710451	3495.909062820708	4441.088208730307	0.4769171411580965	2124.1522010333815
6974.782763793965	3495.838944083891	4440.691403227508	0.4769096823097755	2123.905981221102
6975.989264877479	3495.768825347074	4440.294652712373	0.4769022234614544	2123.659761408823
6977.195765960993	3495.6987066102574	4439.897957173473	0.47689476900715383	2123.4135415965443
6978.402267044507	3495.62858787344	4439.5013165993805	0.47688731872065676	2123.167321784265
6979.608768128021	3495.5584691366234	4439.1047309786745	0.4768798684341597	2122.9211019719864
6980.8152692115345	3495.488350399806	4438.708200299935	0.4768724181476626	2122.674882159707
6982.021770295049	3495.418231662989	4438.311724551745	0.47686496786116556	2122.428662347428
6983.228271378563	3495.3481129261722	4437.915303722692	0.4768575175746685	2122.1824425351488
6984.434772462077	3495.2779941893555	4437.518937801366	0.47685007146151204	2121.9362227228703
6985.641273545591	3495.2078754525382	4437.122626776357	0.4768426296957395	2121.690002910591
6986.847774629105	3495.1377567157215	4436.726370636265	0.4768351879299669	2121.443783098312
6988.054275712619	3495.0676379789047	4436.330169369687	0.4768277461641943	2121.197563286033
6989.260776796133	3494.997519242087	4435.934022965227	0.47682030439842177	2120.951343473754
6990.467277879647	3494.9274005052703	4435.537931411489	0.47681286263264916	2120.7051236614748
6991.673778963161	3494.8572817684535	4435.141894697084	0.47680542482155625	2120.458903849196
6992.880280046674	3494.7871630316363	4434.745912810621	0.47679799153560937	2120.212684036917
6994.086781130188	3494.7170442948195	4434.349985740719	0.4767905582496625	2119.966464224638
6995.293282213702	3494.6469255580027	4433.954113475991	0.47678312496371555	2119.7202444123586
6996.499783297216	3494.5768068211855	4433.558296005062	0.4767756916777687	2119.47402460008
6997.70628438073	3494.5066880843683	4433.1625333165575	0.4767682583918218	2119.227804787801
6998.912785464244	3494.4365693475515	4432.766825399103	0.476760828843898	2118.981584975522
7000.119286547758	3494.366450610735	4432.371172241329	0.47675340399707744	2118.735365163243
7001.325787631272	3494.2963318739176	4431.975573831872	0.4767459791502569	2118.4891453509636
7002.532288714786	3494.226213137101	4431.580030159365	0.47673855430343637	2118.2429255386846
7003.7387897983	3494.1560944002836	4431.184541212452	0.47673112945661583	2117.9967057264057
7004.945290881813	3494.0859756634663	4430.789106979775	0.4767237046097953	2117.750485914127
7006.151791965327	3494.0158569266496	4430.393727449981	0.47671628328633076	2117.5042661018474
7007.358293048841	3493.945738189833	4429.998402611719	0.4767088668381346	2117.2580462895685
7008.564794132355	3493.8756194530156	4429.603132453642	0.4767014503899385	2117.0118264772896
7009.771295215869	3493.805500716199	4429.207916964408	0.4766940339417424	2116.7656066650106
7010.977796299383	3493.735381979382	4428.812756132673	0.4766866174935463	2116.5193868527313
7012.184297382897	3493.665263242565	4428.4176499471005	0.47667920104535016	2116.273167040453
7013.390798466411	3493.5951445057476	4428.0225983963555	0.4766717879078188	2116.0269472281734
7014.597299549925	3493.525025768931	4427.627601469108	0.476664379817943	2115.7807274158945
7015.803800633438	3493.4549070321136	4427.232659154029	0.4766569717280673	2115.5345076036156
7017.010301716952	3493.384788295297	4426.837771439792	0.4766495636381916	2115.2882877913366
7018.216802800466	3493.31466955848	4426.442938315076	0.47664215554831585	2115.0420679790573
7019.42330388398	3493.244550821663	4426.048159768562	0.47663474745844014	2114.7958481667783
7020.629804967494	3493.174432084846	4425.653435788934	0.4766273424684991	2114.5496283544994
7021.836306051008	3493.104313348029	4425.25876636488	0.4766199426968359	2114.3034085422205
7023.042807134522	3493.034194611212	4424.86415148509	0.4766125429251727	2114.057188729941
7024.249308218036	3492.964075874395	4424.469591138256	0.4766051431535095	2113.810968917662
7025.45580930155	3492.893957137578	4424.075085313077	0.47659774338184635	2113.5647491053833
7026.662310385064	3492.823838400761	4423.680633998251	0.47659034361018315	2113.318529293104
7027.868811468577	3492.753719663944	4423.286237182484	0.47658294672967133	2113.0723094808254
7029.075312552091	3492.6836009271274	4422.891894854479	0.4765755552363069	2112.8260896685465
7030.281813635605	3492.61348219031	4422.497607002944	0.4765681637429425	2112.579869856267
7031.488314719119	3492.543363453493	4422.1033736165955	0.47656077224957805	2112.333650043988
7032.6948158026335	3492.473244716676	4421.709194684146	0.4765533807562136	2112.0874302317093
7033.9013168861475	3492.4031259798594	4421.315070194315	0.4765459892628492	2111.84121041943
7035.1078179696615	3492.333007243042	4420.921000135823	0.4765386004537864	2111.594990607151
7036.3143190531755	3492.2628885062254	4420.526984497398	0.4765312171990023	2111.348770794872
7037.5208201366895	3492.192769769408	4420.133023267764	0.4765238339442183	2111.102550982593
7038.7273212202035	3492.122651032591	4419.739116435653	0.4765164506894343	2110.8563311703138
7039.933822303717	3492.052532295774	4419.3452639898005	0.4765090674346503	2110.6101113580353
7041.140323387231	3491.9824135589574	4418.951465918943	0.4765016841798663	2110.363891545756
7042.346824470745	3491.91229482214	4418.557722211819	0.4764943034044527	2110.117671733477
7043.553325554259	3491.8421760853234	4418.164032857176	0.4764869283487221	2109.871451921198
7044.759826637773	3491.7720573485067	4417.770397843756	0.47647955329299146	2109.625232108919
7045.966327721287	3491.701938611689	4417.3768171603115	0.47647217823726085	2109.3790122966398
7047.172828804801	3491.6318198748722	4416.983290795594	0.4764648031815302	2109.1327924843604
7048.379329888315	3491.5617011380555	4416.589818738361	0.4764574281257996	2108.886572672082
7049.585830971829	3491.4915824012382	4416.196400977369	0.47645005534641377	2108.6403528598025
7050.792332055342	3491.4214636644215	4415.803037501383	0.4764426884504026	2108.3941330475236
7051.998833138856	3491.3513449276047	4415.409728299164	0.4764353215543915	2108.147913235245
7053.20533422237	3491.281226190788	4415.016473359485	0.47642795465838034	2107.9016934229658
7054.411835305884	3491.2111074539703	4414.623272671114	0.47642058776236923	2107.655473610687
7055.618336389398	3491.1409887171535	4414.230126222827	0.47641322086635807	2107.409253798408
7056.824837472912	3491.0708699803367	4413.837034003401	0.4764058560455573	2107.1630339861285
7058.031338556426	3491.0007512435195	4413.443996001616	0.47639849727012157	2106.9168141738496
7059.23783963994	3490.9306325067028	4413.051012206258	0.4763911384946858	2106.6705943615702
7060.444340723454	3490.860513769886	4412.658082606111	0.47638377971925	2106.4243745492918
7061.650841806968	3490.7903950330688	4412.2652071899665	0.47637642094381427	2106.1781547370124
7062.857342890481	3490.7202762962515	4411.872385946617	0.4763690621683785	2105.9319349247335
7064.063843973995	3490.650157559435	4411.479618864861	0.4763617052688967	2105.685715112455
7065.270345057509	3490.5800388226176	4411.086905933493	0.4763543545750827	2105.4394953001756
7066.476846141023	3490.509920085801	4410.694247141319	0.4763470038812686	2105.1932754878962
7067.683347224537	3490.439801348984	4410.301642477142	0.4763396531874545	2104.947055675618
7068.889848308051	3490.369682612167	4409.909091929772	0.47633230249364045	2104.7008358633384
7070.096349391565	3490.2995638753496	4409.516595488021	0.47632495179982637	2104.4546160510595
7071.302850475079	3490.229445138533	4409.124153140703	0.476317602784574	2104.20839623878
7072.509351558593	3490.1593264017156	4408.731764876636	0.47631026013361594	2103.962176426501
7073.715852642107	3490.089207664899	4408.3394306846385	0.4763029174826579	2103.7159566142223
7074.92235372562	3490.019088928082	4407.9471505535375	0.4762955748316999	2103.4697368019433
7076.128854809134	3489.9489701912653	4407.554924472159	0.47628823218074184	2103.2235169896644
7077.335355892648	3489.878851454448	4407.162752429332	0.47628088952978376	2102.9772971773855
7078.541856976162	3489.808732717631	4406.770634413891	0.4762735483618462	2102.731077365106
7079.748358059676	3489.738613980814	4406.37857041467	0.47626621371516725	2102.4848575528276
7080.95485914319	3489.668495243997	4405.986560420511	0.47625887906848835	2102.2386377405483
7082.161360226704	3489.59837650718	4405.594604420255	0.4762515444218094	2101.992417928269
7083.367861310218	3489.5282577703633	4405.2027024027475	0.4762442097751305	2101.74619811599
7084.574362393732	3489.458139033546	4404.810854356836	0.4762368751284516	2101.499978303711
7085.7808634772455	3489.3880202967293	4404.419060271374	0.47622954177108906	2101.253758491432
7086.9873645607595	3489.317901559912	4404.027320135216	0.4762222150902974	2101.007538679153
7088.1938656442735	3489.247782823095	4403.635633937217	0.4762148884095057	2100.7613188668743
7089.4003667277875	3489.177664086278	4403.24400166624	0.47620756172871403	2100.5150990545953
7090.6068678113015	3489.1075453494614	4402.852423311149	0.47620023504792236	2100.268879242316
7091.8133688948155	3489.037426612644	4402.46089886081	0.4761929083671307	2100.022659430037
7093.01986997833	3488.9673078758274	4402.069428304094	0.4761855827837759	2099.776439617758
7094.226371061844	3488.89718913901	4401.678011629872	0.47617826403066665	2099.5302198054787
7095.432872145358	3488.827070402193	4401.286648827022	0.47617094527755743	2099.2839999932
7096.639373228872	3488.756951665376	4400.895339884423	0.4761636265244482	2099.037780180921
7097.845874312385	3488.6868329285594	4400.504084790956	0.476156307771339	2098.791560368642
7099.052375395899	3488.6167141917426	4400.1128835355075	0.4761489890182298	2098.5453405563626
7100.258876479413	3488.5465954549254	4399.721736106966	0.47614167117248873	2098.299120744084
7101.465377562927	3488.4764767181086	4399.330642494221	0.47613436030904105	2098.0529009318047
7102.671878646441	3488.4063579812914	4398.939602686169	0.4761270494455934	2097.806681119526
7103.878379729955	3488.336239244474	4398.548616671706	0.47611973858214574	2097.560461307247
7105.084880813469	3488.2661205076574	4398.157684439733	0.47611242771869805	2097.314241494968
7106.291381896983	3488.1960017708407	4397.766805979155	0.47610511685525037	2097.0680216826886
7107.497882980497	3488.1258830340234	4397.375981278876	0.4760978067109003	2096.8218018704097
7108.704384064011	3488.0557642972067	4396.985210327808	0.4760905036992769	2096.5755820581307
7109.910885147524	3487.98564556039	4396.594493114865	0.4760832006876536	2096.329362245852
7111.117386231038	3487.9155268235722	4396.2038296289575	0.47607589767603026	2096.0831424335724
7112.323887314552	3487.8454080867555	4395.813219859008	0.47606859466440693	2095.8369226212935
7113.530388398066	3487.7752893499387	4395.42266379394	0.4760612916527836	2095.5907028090146
7114.73688948158	3487.7051706131215	4395.032161422675	0.47605398917377223	2095.344482996735
7115.943390565094	3487.6350518763047	4394.641712734142	0.4760466939763188	2095.0982631844568
7117.149891648608	3487.564933139488	4394.251317717273	0.4760393987788655	2094.8520433721774
7118.356392732122	3487.4948144026707	4393.860976361002	0.4760321035814121	2094.6058235598985
7119.562893815636	3487.4246956658535	4393.470688654266	0.4760248083839587	2094.3596037476195
7120.769394899149	3487.3545769290367	4393.080454586004	0.47601751318650537	2094.1133839353406
7121.975895982663	3487.28445819222	4392.6902741451595	0.4760102183369505	2093.8671641230612
7123.182397066177	3487.2143394554028	4392.3001473206805	0.4760029309161941	2093.6209443107823
7124.388898149691	3487.144220718586	4391.9100741015145	0.47599564349543777	2093.3747244985034
7125.595399233205	3487.074101981769	4391.520054476614	0.4759883560746814	2093.1285046862245
7126.801900316719	3487.0039832449515	4391.130088434936	0.47598106865392503	2092.882284873945
7128.008401400233	3486.933864508135	4390.740175965436	0.47597378123316864	2092.6360650616666
7129.214902483747	3486.863745771318	4390.3503170570775	0.47596649397735663	2092.3898452493872
7130.421403567261	3486.793627034501	4389.960511698824	0.47595921429600496	2092.1436254371083
7131.627904650775	3486.723508297684	4389.570759879644	0.4759519346146533	2091.8974056248294
7132.834405734288	3486.6533895608673	4389.181061588509	0.4759446549333016	2091.6511858125505
7134.040906817802	3486.58327082405	4388.791416814389	0.47593737525194996	2091.404966000271
7135.247407901316	3486.513152087233	4388.401825546263	0.4759300955705983	2091.158746187992
7136.45390898483	3486.443033350416	4388.012287773111	0.47592281588924656	2090.9125263757132
7137.660410068344	3486.372914613599	4387.622803483913	0.47591554389392343	2090.666306563434
7138.866911151858	3486.302795876782	4387.233372667659	0.47590827191486335	2090.420086751155
7140.073412235372	3486.2326771399653	4386.843995313334	0.4759009999358032	2090.173866938876
7141.279913318886	3486.162558403148	4386.45467140993	0.4758937279567431	2089.927647126597
7142.4864144024	3486.0924396663313	4386.065400946442	0.47588645597768303	2089.6814273143177
7143.6929154859145	3486.022320929514	4385.676183911871	0.4758791839986229	2089.4352075020392
7144.899416569428	3485.9522021926973	4385.287020295214	0.4758719194891846	2089.1889876897603
7146.105917652942	3485.88208345588	4384.897910085474	0.47586465517548276	2088.942767877481
7147.312418736456	3485.8119647190633	4384.508853271661	0.47585739086178086	2088.6965480652016
7148.51891981997	3485.7418459822466	4384.119849842784	0.47585012654807896	2088.450328252923
7149.725420903484	3485.6717272454293	4383.730899787853	0.4758428622343771	2088.2041084406437
7150.931921986998	3485.601608508612	4383.342003095888	0.4758355979206752	2087.957888628365
7152.138423070512	3485.5314897717953	4382.953159755906	0.47582834086208703	2087.711668816086
7153.344924154026	3485.461371034978	4382.564369756928	0.47582108417698704	2087.465449003807
7154.55142523754	3485.3912522981614	4382.17563308798	0.47581382749188705	2087.2192291915276
7155.757926321053	3485.3211335613446	4381.78694973809	0.47580657080678707	2086.973009379249
7156.964427404567	3485.2510148245274	4381.398319696288	0.4757993141216871	2086.7267895669697
7158.170928488081	3485.1808960877106	4381.009742951608	0.4757920574365871	2086.480569754691
7159.377429571595	3485.1107773508934	4380.621219493089	0.4757848077939784	2086.2343499424114
7160.583930655109	3485.040658614076	4380.232749309767	0.4757775587009006	2085.988130130133
7161.790431738623	3484.9705398772594	4379.8443323906895	0.4757703096078228	2085.7419103178536
7162.996932822137	3484.9004211404426	4379.455968724898	0.47576306051474493	2085.495690505574
7164.203433905651	3484.8303024036254	4379.067658301446	0.4757558114216671	2085.2494706932957
7165.409934989165	3484.7601836668086	4378.679401109381	0.4757485623285893	2085.0032508810164
7166.616436072679	3484.690064929992	4378.291197137761	0.47574132006725295	2084.7570310687374
7167.822937156192	3484.6199461931747	4377.903046375642	0.4757340785297932	2084.510811256459
7169.029438239706	3484.5498274563574	4377.514948812086	0.47572683699233353	2084.2645914441796
7170.23593932322	3484.4797087195407	4377.126904436158	0.4757195954548738	2084.0183716319007
7171.442440406734	3484.409589982724	4376.738913236922	0.47571235391741407	2083.7721518196213
7172.648941490248	3484.3394712459067	4376.35097520345	0.47570511237995433	2083.5259320073424
7173.855442573762	3484.26935250909	4375.963090324814	0.4756978774653466	2083.2797121950634
7175.061943657276	3484.199233772273	4375.575258590092	0.4756906434472768	2083.033492382784
7176.26844474079	3484.1291150354555	4375.187479988361	0.475683409429207	2082.7872725705056
7177.474945824304	3484.0589962986387	4374.799754508703	0.47567617541113727	2082.541052758226
7178.681446907818	3483.988877561822	4374.412082140204	0.4756689413930675	2082.294832945947
7179.887947991331	3483.9187588250047	4374.02446287195	0.4756617073749977	2082.048613133669
7181.094449074845	3483.848640088188	4373.636896693034	0.47565447977276143	2081.8023933213894
7182.300950158359	3483.778521351371	4373.249383592548	0.47564725323805623	2081.55617350911
7183.507451241873	3483.7084026145535	4372.86192355959	0.47564002670335104	2081.309953696831
7184.713952325387	3483.6382838777367	4372.47451658326	0.47563280016864584	2081.063733884552
7185.920453408901	3483.56816514092	4372.08716265266	0.47562557363394065	2080.8175140722733
7187.126954492415	3483.4980464041028	4371.699861756896	0.47561834709923545	2080.571294259994
7188.333455575929	3483.427927667286	4371.312613885077	0.4756111267758232	2080.325074447715
7189.539956659443	3483.357808930469	4370.925419026315	0.47560390768940475	2080.078854635436
7190.746457742957	3483.287690193652	4370.538277169724	0.47559668860298626	2079.8326348231567
7191.95295882647	3483.217571456835	4370.151188304423	0.4755894695165678	2079.5864150108782
7193.159459909984	3483.147452720018	4369.764152419532	0.47558225043014934	2079.3401951985993
7194.365960993498	3483.077333983201	4369.377169504174	0.47557503134373086	2079.09397538632
7195.5724620770125	3483.007215246384	4368.990239547477	0.47556781826724337	2078.847755574041
7196.7789631605265	3482.9370965095673	4368.60336253857	0.4755606065959281	2078.601535761762
7197.9854642440405	3482.8669777727505	4368.216538466585	0.47555339492461274	2078.3553159494827
7199.1919653275545	3482.7968590359333	4367.829767320658	0.47554618325329745	2078.109096137204
7200.3984664110685	3482.726740299116	4367.443049089929	0.4755389715819821	2077.862876324925
7201.6049674945825	3482.6566215622993	4367.056383763537	0.47553175991066676	2077.616656512646
7202.811468578096	3482.586502825482	4366.6697713306285	0.47552455405148464	2077.3704367003666
7204.01796966161	3482.5163840886653	4366.28321178035	0.47551734976464216	2077.124216888088
7205.224470745124	3482.4462653518485	4365.896705101853	0.4755101454777997	2076.8779970758087
7206.430971828638	3482.3761466150313	4365.510251284289	0.47550294119095715	2076.63177726353
7207.637472912152	3482.306027878214	4365.123850316816	0.4754957369041147	2076.385557451251
7208.843973995666	3482.2359091413973	4364.737502188592	0.47548853261727214	2076.139337638972
7210.05047507918	3482.16579040458	4364.351206888782	0.4754813339483708	2075.8931178266926
7211.256976162694	3482.0956716677633	4363.964964406548	0.47547413701821334	2075.6468980144136
7212.463477246208	3482.0255529309466	4363.578774731061	0.47546694008805596	2075.4006782021347
7213.669978329722	3481.9554341941293	4363.192637851489	0.4754597431578986	2075.1544583898553
7214.876479413235	3481.8853154573126	4362.806553757009	0.4754525462277412	2074.9082385775764
7216.082980496749	3481.8151967204954	4362.420522436797	0.47544534929758375	2074.662018765298
7217.289481580263	3481.745077983678	4362.034543880034	0.4754381577945843	2074.4157989530186
7218.495982663777	3481.6749592468614	4361.648618075901	0.4754309681961709	2074.1695791407396
7219.702483747291	3481.6048405100446	4361.262745013587	0.4754237785977576	2073.9233593284607
7220.908984830805	3481.534721773228	4360.8769246822785	0.4754165889993442	2073.677139516182
7222.115485914319	3481.4646030364106	4360.491157071167	0.4754093994009308	2073.4309197039024
7223.321986997833	3481.394484299594	4360.105442169451	0.4754022098025174	2073.184699891623
7224.528488081347	3481.324365562776	4359.719779966323	0.4753950254437711	2072.9384800793446
7225.734989164861	3481.2542468259594	4359.334170450988	0.47538784315512356	2072.692260267065
7226.941490248374	3481.1841280891426	4358.948613612648	0.47538066086647607	2072.4460404547863
7228.147991331888	3481.114009352326	4358.56310944051	0.4753734785778285	2072.1998206425073
7229.354492415402	3481.0438906155086	4358.177657923783	0.475366296289181	2071.9536008302284
7230.560993498916	3480.973771878692	4357.792259051681	0.4753591140005335	2071.707381017949
7231.76749458243	3480.903653141875	4357.406912813418	0.47535193676654997	2071.4611612056706
7232.973995665944	3480.8335344050574	4357.021619198214	0.47534476176779317	2071.214941393391
7234.180496749458	3480.7634156682407	4356.636378195288	0.47533758676903637	2070.9687215811123
7235.386997832972	3480.693296931424	4356.251189793867	0.47533041177027957	2070.722501768833
7236.593498916486	3480.6231781946067	4355.866053983176	0.4753232367715228	2070.4762819565544
7237.799999999999	3480.55305945779	4355.480970752446	0.475316061772766	2070.230062144275
