fwhm_x	fwhm_y	fwhm_z
9.459486	7.140736	5.919784
