fwhm_x	fwhm_y	fwhm_z
7.04198	6.152534	8.426022
