fwhm_x	fwhm_y	fwhm_z
9.046875	7.590031	7.555415
