fwhm_x	fwhm_y	fwhm_z
8.631361	7.411509	6.696404
