fwhm_x	fwhm_y	fwhm_z
9.285988	7.522911	9.681052
