fwhm_x	fwhm_y	fwhm_z
9.291677	7.918839	5.464641
