fwhm_x	fwhm_y	fwhm_z
7.306921	6.624156	12.894364
