fwhm_x	fwhm_y	fwhm_z
8.566422	6.598235	5.952169
