region	inpshift	frame_mid	TAC	TAC_fitted	weights
ACC	-0.11647600773586092	0	0	-2.8538521882838345e-14	0
ACC	-0.11647600773586092	0.1755841202559837	NA	0.07894993230572485	NA
ACC	-0.11647600773586092	0.3511682405119674	NA	0.9360168898582064	NA
ACC	-0.11647600773586092	0.3664760077358609	1.807082777200844	1.1230023960882136	0.5943509963021504
ACC	-0.11647600773586092	0.5267523607679511	NA	3.7201091719390966	NA
ACC	-0.11647600773586092	0.7023364810239348	NA	7.679580084423963	NA
ACC	-0.11647600773586092	0.8664760077358609	12.399299108755525	11.81606271315619	0.7672901618860205
ACC	-0.11647600773586092	0.8779206012799184	NA	12.117105467607107	NA
ACC	-0.11647600773586092	1.0535047215359021	NA	16.701597213416175	NA
ACC	-0.11647600773586092	1.229088841791886	NA	20.893390665131008	NA
ACC	-0.11647600773586092	1.3664760077358609	24.830244113992944	24.25103427112325	0.8788492461736329
ACC	-0.11647600773586092	1.4046729620478695	NA	25.23630601487478	NA
ACC	-0.11647600773586092	1.580257082303853	NA	30.173952245402965	NA
ACC	-0.11647600773586092	1.7558412025598369	NA	35.734577008562745	NA
ACC	-0.11647600773586092	1.8664760077358609	39.04360149400254	38.62331008952136	0.9728198736248336
ACC	-0.11647600773586092	1.9314253228158207	NA	40.1729840130201	NA
ACC	-0.11647600773586092	2.1070094430718043	NA	43.52849257612037	NA
ACC	-0.11647600773586092	2.282593563327788	NA	45.5452073169922	NA
ACC	-0.11647600773586092	2.366476007735861	46.722054435890634	46.23655387562445	1.0163760689043335
ACC	-0.11647600773586092	2.458177683583772	NA	46.770711585803966	NA
ACC	-0.11647600773586092	2.6337618038397554	NA	47.69511338069587	NA
ACC	-0.11647600773586092	2.809345924095739	NA	48.32755038500752	NA
ACC	-0.11647600773586092	2.866476007735861	47.88892415843814	48.449569426065466	1.019964999191554
ACC	-0.11647600773586092	2.9849300443517226	NA	48.57667520931161	NA
ACC	-0.11647600773586092	3.160514164607706	NA	48.46140711458195	NA
ACC	-0.11647600773586092	3.33609828486369	NA	48.213365389547015	NA
ACC	-0.11647600773586092	3.5116824051196738	NA	47.86372487274895	NA
ACC	-0.11647600773586092	3.616476007735861	46.77933036901587	47.60864790247621	1.2278590277659935
ACC	-0.11647600773586092	3.6872665253756574	NA	47.417318083808105	NA
ACC	-0.11647600773586092	3.8628506456316414	NA	46.878625869114686	NA
ACC	-0.11647600773586092	4.038434765887625	NA	46.25180653709464	NA
ACC	-0.11647600773586092	4.2140188861436085	NA	45.54072251233362	NA
ACC	-0.11647600773586092	4.389603006399592	NA	44.748964720976	NA
ACC	-0.11647600773586092	4.565187126655576	NA	43.879874901611814	NA
ACC	-0.11647600773586092	4.616476007735861	42.90528562148068	43.61191282730278	1.2000149637571242
ACC	-0.11647600773586092	4.740771246911559	NA	42.93656601922171	NA
ACC	-0.11647600773586092	4.916355367167544	NA	41.92194094453205	NA
ACC	-0.11647600773586092	5.091939487423527	NA	40.93552837676249	NA
ACC	-0.11647600773586092	5.267523607679511	NA	40.061678221189275	NA
ACC	-0.11647600773586092	5.4431077279354945	NA	39.23763768824534	NA
ACC	-0.11647600773586092	5.616476007735861	39.323055665457005	38.46828760591146	1.1648157536601829
ACC	-0.11647600773586092	5.618691848191478	NA	38.45871524408174	NA
ACC	-0.11647600773586092	5.794275968447462	NA	37.720628320204426	NA
ACC	-0.11647600773586092	5.969860088703445	NA	37.019468147332375	NA
ACC	-0.11647600773586092	6.145444208959429	NA	36.35166760543914	NA
ACC	-0.11647600773586092	6.321028329215412	NA	35.713971831405594	NA
ACC	-0.11647600773586092	6.496612449471397	NA	35.103411347876374	NA
ACC	-0.11647600773586092	6.67219656972738	NA	34.51727749717762	NA
ACC	-0.11647600773586092	6.847780689983364	NA	33.95309998268127	NA
ACC	-0.11647600773586092	7.0233648102393476	NA	33.40862633694121	NA
ACC	-0.11647600773586092	7.116476007735861	34.01305349658048	33.12718540118822	1.3782105140306276
ACC	-0.11647600773586092	7.198948930495331	NA	32.88180315141378	NA
ACC	-0.11647600773586092	7.374533050751315	NA	32.370758916735845	NA
ACC	-0.11647600773586092	7.550117171007298	NA	31.873788335478924	NA
ACC	-0.11647600773586092	7.725701291263283	NA	31.389337981135593	NA
ACC	-0.11647600773586092	7.901285411519266	NA	30.915993187915365	NA
ACC	-0.11647600773586092	8.07686953177525	NA	30.45246690422888	NA
ACC	-0.11647600773586092	8.252453652031233	NA	29.997586434938754	NA
ACC	-0.11647600773586092	8.428037772287217	NA	29.550285014470848	NA
ACC	-0.11647600773586092	8.6036218925432	NA	29.109593064601423	NA
ACC	-0.11647600773586092	8.779206012799184	NA	28.6746292816785	NA
ACC	-0.11647600773586092	8.954790133055168	NA	28.244592986506074	NA
ACC	-0.11647600773586092	9.11647600773586	27.773976192277683	27.85232701376166	1.3074986716585597
ACC	-0.11647600773586092	9.130374253311151	NA	27.818757131329235	NA
ACC	-0.11647600773586092	9.305958373567135	NA	27.3964619075729	NA
ACC	-0.11647600773586092	9.481542493823119	NA	26.977108902817225	NA
ACC	-0.11647600773586092	9.657126614079102	NA	26.56015575990927	NA
ACC	-0.11647600773586092	9.832710734335087	NA	26.14511129514791	NA
ACC	-0.11647600773586092	10.008294854591071	NA	25.731531036170633	NA
ACC	-0.11647600773586092	10.183878974847055	NA	25.324784153013503	NA
ACC	-0.11647600773586092	10.359463095103038	NA	24.94471642569824	NA
ACC	-0.11647600773586092	10.535047215359022	NA	24.584156556281087	NA
ACC	-0.11647600773586092	10.710631335615005	NA	24.241639605605076	NA
ACC	-0.11647600773586092	10.886215455870989	NA	23.915822862669266	NA
ACC	-0.11647600773586092	11.061799576126973	NA	23.605475421352004	NA
ACC	-0.11647600773586092	11.237383696382956	NA	23.3094686497326	NA
ACC	-0.11647600773586092	11.41296781663894	NA	23.02676747551308	NA
ACC	-0.11647600773586092	11.588551936894923	NA	22.756422417599023	NA
ACC	-0.11647600773586092	11.764136057150907	NA	22.49756229989373	NA
ACC	-0.11647600773586092	11.93972017740689	NA	22.249387588840452	NA
ACC	-0.11647600773586092	12.115304297662874	NA	22.011164301259324	NA
ACC	-0.11647600773586092	12.290888417918858	NA	21.782218433607053	NA
ACC	-0.11647600773586092	12.466472538174841	NA	21.561930867976518	NA
ACC	-0.11647600773586092	12.61647600773586	21.173037282049	21.380162010259017	1.6488746663169376
ACC	-0.11647600773586092	12.642056658430825	NA	21.349732713983325	NA
ACC	-0.11647600773586092	12.81764077868681	NA	21.145101049188057	NA
ACC	-0.11647600773586092	12.993224898942794	NA	20.94755502390443	NA
ACC	-0.11647600773586092	13.168809019198777	NA	20.7566522991706	NA
ACC	-0.11647600773586092	13.34439313945476	NA	20.571985789337038	NA
ACC	-0.11647600773586092	13.519977259710744	NA	20.393180683171316	NA
ACC	-0.11647600773586092	13.695561379966728	NA	20.219891719617106	NA
ACC	-0.11647600773586092	13.871145500222712	NA	20.05180069638941	NA
ACC	-0.11647600773586092	14.046729620478695	NA	19.888614191459535	NA
ACC	-0.11647600773586092	14.222313740734679	NA	19.730061479191157	NA
ACC	-0.11647600773586092	14.397897860990662	NA	19.575892624453317	NA
ACC	-0.11647600773586092	14.573481981246646	NA	19.425876739464695	NA
ACC	-0.11647600773586092	14.74906610150263	NA	19.27980038943042	NA
ACC	-0.11647600773586092	14.924650221758613	NA	19.137466134227157	NA
ACC	-0.11647600773586092	15.100234342014597	NA	18.998691194484664	NA
ACC	-0.11647600773586092	15.27581846227058	NA	18.8633062314104	NA
ACC	-0.11647600773586092	15.451402582526566	NA	18.73085442989563	NA
ACC	-0.11647600773586092	15.626986702782549	NA	18.59938789983128	NA
ACC	-0.11647600773586092	15.802570823038533	NA	18.469669225998064	NA
ACC	-0.11647600773586092	15.978154943294516	NA	18.341646440791333	NA
ACC	-0.11647600773586092	16.1537390635505	NA	18.215270495432975	NA
ACC	-0.11647600773586092	16.329323183806483	NA	18.090494709659275	NA
ACC	-0.11647600773586092	16.504907304062467	NA	17.967275048756385	NA
ACC	-0.11647600773586092	16.68049142431845	NA	17.84556974949142	NA
ACC	-0.11647600773586092	16.856075544574434	NA	17.725339149664798	NA
ACC	-0.11647600773586092	17.031659664830418	NA	17.606545531881512	NA
ACC	-0.11647600773586092	17.2072437850864	NA	17.489152980328804	NA
ACC	-0.11647600773586092	17.382827905342385	NA	17.37312724945162	NA
ACC	-0.11647600773586092	17.55841202559837	NA	17.258435643512147	NA
ACC	-0.11647600773586092	17.616476007735862	16.416226511008496	17.22079630123918	1.4615748685495742
ACC	-0.11647600773586092	17.733996145854352	NA	17.145046906106288	NA
ACC	-0.11647600773586092	17.909580266110336	NA	17.0329311187898	NA
ACC	-0.11647600773586092	18.08516438636632	NA	16.922059608038847	NA
ACC	-0.11647600773586092	18.260748506622303	NA	16.812404859836303	NA
ACC	-0.11647600773586092	18.436332626878286	NA	16.703940441235897	NA
ACC	-0.11647600773586092	18.61191674713427	NA	16.596640928311512	NA
ACC	-0.11647600773586092	18.787500867390253	NA	16.490481839949755	NA
ACC	-0.11647600773586092	18.963084987646237	NA	16.38543957699045	NA
ACC	-0.11647600773586092	19.13866910790222	NA	16.281491366261722	NA
ACC	-0.11647600773586092	19.314253228158204	NA	16.178615209095444	NA
ACC	-0.11647600773586092	19.489837348414188	NA	16.076789833944073	NA
ACC	-0.11647600773586092	19.665421468670175	NA	15.97599465275234	NA
ACC	-0.11647600773586092	19.84100558892616	NA	15.876209720766928	NA
ACC	-0.11647600773586092	20.016589709182142	NA	15.777415699494178	NA
ACC	-0.11647600773586092	20.192173829438126	NA	15.679593822540992	NA
ACC	-0.11647600773586092	20.36775794969411	NA	15.582725864096249	NA
ACC	-0.11647600773586092	20.543342069950093	NA	15.486794109831278	NA
ACC	-0.11647600773586092	20.718926190206076	NA	15.391781330016405	NA
ACC	-0.11647600773586092	20.89451031046206	NA	15.297670754668175	NA
ACC	-0.11647600773586092	21.070094430718044	NA	15.204446050557682	NA
ACC	-0.11647600773586092	21.245678550974027	NA	15.112091299924625	NA
ACC	-0.11647600773586092	21.42126267123001	NA	15.020590980755378	NA
ACC	-0.11647600773586092	21.596846791485994	NA	14.929929948495062	NA
ACC	-0.11647600773586092	21.772430911741978	NA	14.840093419074885	NA
ACC	-0.11647600773586092	21.94801503199796	NA	14.751066953146115	NA
ACC	-0.11647600773586092	22.123599152253945	NA	14.66283644142117	NA
ACC	-0.11647600773586092	22.29918327250993	NA	14.575388091031005	NA
ACC	-0.11647600773586092	22.474767392765912	NA	14.488708412815404	NA
ACC	-0.11647600773586092	22.616476007735862	13.937881267094184	14.419303683940328	1.3231845405683509
ACC	-0.11647600773586092	22.650351513021896	NA	14.402784209470164	NA
ACC	-0.11647600773586092	22.82593563327788	NA	14.317602564481355	NA
ACC	-0.11647600773586092	23.001519753533863	NA	14.233150831783009	NA
ACC	-0.11647600773586092	23.177103873789846	NA	14.149416626079693	NA
ACC	-0.11647600773586092	23.35268799404583	NA	14.066387813780773	NA
ACC	-0.11647600773586092	23.528272114301814	NA	13.984052504497205	NA
ACC	-0.11647600773586092	23.703856234557797	NA	13.902399043056306	NA
ACC	-0.11647600773586092	23.87944035481378	NA	13.821416001993375	NA
ACC	-0.11647600773586092	24.055024475069764	NA	13.741092264363463	NA
ACC	-0.11647600773586092	24.230608595325748	NA	13.661416753288474	NA
ACC	-0.11647600773586092	24.40619271558173	NA	13.58237867455412	NA
ACC	-0.11647600773586092	24.581776835837715	NA	13.50396744482165	NA
ACC	-0.11647600773586092	24.7573609560937	NA	13.426172676860498	NA
ACC	-0.11647600773586092	24.932945076349682	NA	13.34898417421507	NA
ACC	-0.11647600773586092	25.108529196605666	NA	13.272391926143497	NA
ACC	-0.11647600773586092	25.28411331686165	NA	13.19638610280802	NA
ACC	-0.11647600773586092	25.459697437117637	NA	13.120957050698284	NA
ACC	-0.11647600773586092	25.63528155737362	NA	13.046095288270553	NA
ACC	-0.11647600773586092	25.810865677629604	NA	12.971791501787134	NA
ACC	-0.11647600773586092	25.986449797885587	NA	12.898036541341721	NA
ACC	-0.11647600773586092	26.16203391814157	NA	12.824821417057375	NA
ACC	-0.11647600773586092	26.337618038397554	NA	12.752137295445182	NA
ACC	-0.11647600773586092	26.513202158653538	NA	12.679975495912318	NA
ACC	-0.11647600773586092	26.68878627890952	NA	12.60832748740952	NA
ACC	-0.11647600773586092	26.864370399165505	NA	12.537184885208442	NA
ACC	-0.11647600773586092	27.03995451942149	NA	12.466539447800386	NA
ACC	-0.11647600773586092	27.215538639677472	NA	12.396383073908687	NA
ACC	-0.11647600773586092	27.391122759933456	NA	12.326707799606774	NA
ACC	-0.11647600773586092	27.56670688018944	NA	12.257505795536293	NA
ACC	-0.11647600773586092	27.616476007735862	12.219580822273128	12.23797536399544	1.2060205081706268
ACC	-0.11647600773586092	27.742291000445423	NA	12.188769364218297	NA
ACC	-0.11647600773586092	27.917875120701407	NA	12.120490937452182	NA
ACC	-0.11647600773586092	28.09345924095739	NA	12.052663073797126	NA
ACC	-0.11647600773586092	28.269043361213374	NA	11.985278456131194	NA
ACC	-0.11647600773586092	28.444627481469357	NA	11.918329889283692	NA
ACC	-0.11647600773586092	28.62021160172534	NA	11.851810297736733	NA
ACC	-0.11647600773586092	28.795795721981325	NA	11.785712723392125	NA
ACC	-0.11647600773586092	28.971379842237308	NA	11.72003032340022	NA
ACC	-0.11647600773586092	29.14696396249329	NA	11.654756368047511	NA
ACC	-0.11647600773586092	29.322548082749275	NA	11.589884238699815	NA
ACC	-0.11647600773586092	29.49813220300526	NA	11.525407425798607	NA
ACC	-0.11647600773586092	29.673716323261242	NA	11.46131952690763	NA
ACC	-0.11647600773586092	29.849300443517226	NA	11.397614244807603	NA
ACC	-0.11647600773586092	30.02488456377321	NA	11.334299904484013	NA
ACC	-0.11647600773586092	30.200468684029193	NA	11.271954406732268	NA
ACC	-0.11647600773586092	30.376052804285177	NA	11.21040349839859	NA
ACC	-0.11647600773586092	30.55163692454116	NA	11.149611951961898	NA
ACC	-0.11647600773586092	30.727221044797144	NA	11.089549798188074	NA
ACC	-0.11647600773586092	30.90280516505313	NA	11.03018906990266	NA
ACC	-0.11647600773586092	31.078389285309115	NA	10.971503639525041	NA
ACC	-0.11647600773586092	31.253973405565098	NA	10.913469070381385	NA
ACC	-0.11647600773586092	31.42955752582108	NA	10.856062480617704	NA
ACC	-0.11647600773586092	31.605141646077065	NA	10.79926241863515	NA
ACC	-0.11647600773586092	31.78072576633305	NA	10.743048749062332	NA
ACC	-0.11647600773586092	31.956309886589032	NA	10.687402594086695	NA
ACC	-0.11647600773586092	32.131894006845016	NA	10.632306134861883	NA
ACC	-0.11647600773586092	32.307478127101	NA	10.577742553948061	NA
ACC	-0.11647600773586092	32.48306224735698	NA	10.523696021780772	NA
ACC	-0.11647600773586092	32.61647600773586	10.4502969159108	10.482966544972776	1.1067431838713475
ACC	-0.11647600773586092	32.65864636761297	NA	10.470151583932122	NA
ACC	-0.11647600773586092	32.83423048786895	NA	10.417095093870808	NA
ACC	-0.11647600773586092	33.009814608124934	NA	10.364513151360415	NA
ACC	-0.11647600773586092	33.18539872838092	NA	10.312393046014591	NA
ACC	-0.11647600773586092	33.3609828486369	NA	10.260722705569167	NA
ACC	-0.11647600773586092	33.536566968892885	NA	10.209490648468707	NA
ACC	-0.11647600773586092	33.71215108914887	NA	10.158685940399767	NA
ACC	-0.11647600773586092	33.88773520940485	NA	10.108298154434296	NA
ACC	-0.11647600773586092	34.063319329660835	NA	10.058317334475689	NA
ACC	-0.11647600773586092	34.23890344991682	NA	10.008733961726216	NA
ACC	-0.11647600773586092	34.4144875701728	NA	9.959538923918624	NA
ACC	-0.11647600773586092	34.590071690428786	NA	9.910723487076757	NA
ACC	-0.11647600773586092	34.76565581068477	NA	9.862279269590148	NA
ACC	-0.11647600773586092	34.94123993094075	NA	9.814198218406013	NA
ACC	-0.11647600773586092	35.11682405119674	NA	9.766472587158782	NA
ACC	-0.11647600773586092	35.29240817145272	NA	9.719094916072724	NA
ACC	-0.11647600773586092	35.467992291708704	NA	9.672058013487437	NA
ACC	-0.11647600773586092	35.64357641196469	NA	9.62535493886855	NA
ACC	-0.11647600773586092	35.81916053222067	NA	9.57897898717808	NA
ACC	-0.11647600773586092	35.994744652476655	NA	9.532923674489295	NA
ACC	-0.11647600773586092	36.17032877273264	NA	9.487182724741057	NA
ACC	-0.11647600773586092	36.34591289298862	NA	9.4417500575354385	NA
ACC	-0.11647600773586092	36.521497013244606	NA	9.396619776890674	NA
ACC	-0.11647600773586092	36.69708113350059	NA	9.35178616086903	NA
ACC	-0.11647600773586092	36.87266525375657	NA	9.307243652006015	NA
ACC	-0.11647600773586092	37.048249374012556	NA	9.2629868484736555	NA
ACC	-0.11647600773586092	37.22383349426854	NA	9.219010495916377	NA
ACC	-0.11647600773586092	37.39941761452452	NA	9.175309479903076	NA
ACC	-0.11647600773586092	37.57500173478051	NA	9.131878818944047	NA
ACC	-0.11647600773586092	37.61647600773586	9.39458655444264	9.121659157774411	1.0217746219934254
ACC	-0.11647600773586092	37.75058585503649	NA	9.088713658025567	NA
ACC	-0.11647600773586092	37.926169975292474	NA	9.045809262619143	NA
ACC	-0.11647600773586092	38.10175409554846	NA	9.003161013126002	NA
ACC	-0.11647600773586092	38.27733821580444	NA	8.96076439972071	NA
ACC	-0.11647600773586092	38.452922336060425	NA	8.918615017561082	NA
ACC	-0.11647600773586092	38.62850645631641	NA	8.876708562334068	NA
ACC	-0.11647600773586092	38.80409057657239	NA	8.83504082611015	NA
ACC	-0.11647600773586092	38.979674696828376	NA	8.793607693480851	NA
ACC	-0.11647600773586092	39.15525881708436	NA	8.752405137956412	NA
ACC	-0.11647600773586092	39.33084293734035	NA	8.711429218602301	NA
ACC	-0.11647600773586092	39.50642705759633	NA	8.670676076895361	NA
ACC	-0.11647600773586092	39.68201117785232	NA	8.630141933781843	NA
ACC	-0.11647600773586092	39.8575952981083	NA	8.589823092790764	NA
ACC	-0.11647600773586092	40.033179418364284	NA	8.54971594561309	NA
ACC	-0.11647600773586092	40.20876353862027	NA	8.509816908900971	NA
ACC	-0.11647600773586092	40.38434765887625	NA	8.470122495586672	NA
ACC	-0.11647600773586092	40.559931779132235	NA	8.430629285866738	NA
ACC	-0.11647600773586092	40.73551589938822	NA	8.391333925175056	NA
ACC	-0.11647600773586092	40.9111000196442	NA	8.352233122269077	NA
ACC	-0.11647600773586092	41.086684139900186	NA	8.313323647420896	NA
ACC	-0.11647600773586092	41.26226826015617	NA	8.27460233070492	NA
ACC	-0.11647600773586092	41.43785238041215	NA	8.236066060374851	NA
ACC	-0.11647600773586092	41.613436500668136	NA	8.19771178132323	NA
ACC	-0.11647600773586092	41.78902062092412	NA	8.159536493617408	NA
ACC	-0.11647600773586092	41.9646047411801	NA	8.121537251106316	NA
ACC	-0.11647600773586092	42.14018886143609	NA	8.083711160092763	NA
ACC	-0.11647600773586092	42.31577298169207	NA	8.046055378066582	NA
ACC	-0.11647600773586092	42.491357101948054	NA	8.008567112494257	NA
ACC	-0.11647600773586092	42.61647600773586	8.337155218624003	7.981954095613172	0.9524378778458922
ACC	-0.11647600773586092	42.66694122220404	NA	7.9712436196610055	NA
ACC	-0.11647600773586092	42.84252534246002	NA	7.9340822035616805	NA
ACC	-0.11647600773586092	43.018109462716005	NA	7.897080214837077	NA
ACC	-0.11647600773586092	43.19369358297199	NA	7.860235049752588	NA
ACC	-0.11647600773586092	43.36927770322797	NA	7.823544149216373	NA
ACC	-0.11647600773586092	43.544861823483956	NA	7.7870049978344	NA
ACC	-0.11647600773586092	43.72044594373994	NA	7.750615122999955	NA
ACC	-0.11647600773586092	43.89603006399592	NA	7.714372094015509	NA
ACC	-0.11647600773586092	44.07161418425191	NA	7.678273521244713	NA
ACC	-0.11647600773586092	44.24719830450789	NA	7.642317055292925	NA
ACC	-0.11647600773586092	44.422782424763874	NA	7.606500386214289	NA
ACC	-0.11647600773586092	44.59836654501986	NA	7.570821242743963	NA
ACC	-0.11647600773586092	44.77395066527584	NA	7.5352773915539615	NA
ACC	-0.11647600773586092	44.949534785531824	NA	7.499866636531285	NA
ACC	-0.11647600773586092	45.12511890578781	NA	7.464586818077076	NA
ACC	-0.11647600773586092	45.30070302604379	NA	7.42943581242568	NA
ACC	-0.11647600773586092	45.476287146299775	NA	7.394677903555925	NA
ACC	-0.11647600773586092	45.65187126655576	NA	7.360591749153276	NA
ACC	-0.11647600773586092	45.82745538681174	NA	7.327136655996907	NA
ACC	-0.11647600773586092	46.003039507067726	NA	7.294279868609945	NA
ACC	-0.11647600773586092	46.17862362732371	NA	7.261991094888542	NA
ACC	-0.11647600773586092	46.35420774757969	NA	7.2302423005018435	NA
ACC	-0.11647600773586092	46.52979186783568	NA	7.199007520826129	NA
ACC	-0.11647600773586092	46.70537598809166	NA	7.168262688911541	NA
ACC	-0.11647600773586092	46.880960108347644	NA	7.137985478108492	NA
ACC	-0.11647600773586092	47.05654422860363	NA	7.108155158098593	NA
ACC	-0.11647600773586092	47.23212834885961	NA	7.078752463182426	NA
ACC	-0.11647600773586092	47.407712469115594	NA	7.049759471774905	NA
ACC	-0.11647600773586092	47.58329658937158	NA	7.02115949614879	NA
ACC	-0.11647600773586092	47.61647600773586	7.439759277377874	7.015798144534602	0.8933233529586769
ACC	-0.11647600773586092	47.75888070962756	NA	6.99293698154932	NA
ACC	-0.11647600773586092	47.934464829883545	NA	6.965077457471925	NA
ACC	-0.11647600773586092	48.11004895013953	NA	6.937567328578439	NA
ACC	-0.11647600773586092	48.28563307039551	NA	6.910393906113714	NA
ACC	-0.11647600773586092	48.461217190651496	NA	6.883545319443467	NA
ACC	-0.11647600773586092	48.63680131090748	NA	6.85701044122493	NA
ACC	-0.11647600773586092	48.81238543116346	NA	6.830778828119251	NA
ACC	-0.11647600773586092	48.98796955141945	NA	6.80484066651448	NA
ACC	-0.11647600773586092	49.16355367167543	NA	6.77918672283087	NA
ACC	-0.11647600773586092	49.339137791931414	NA	6.753808298016684	NA
ACC	-0.11647600773586092	49.5147219121874	NA	6.728697185876579	NA
ACC	-0.11647600773586092	49.69030603244338	NA	6.703845634905106	NA
ACC	-0.11647600773586092	49.865890152699365	NA	6.6792463133258	NA
ACC	-0.11647600773586092	50.04147427295535	NA	6.654892277062421	NA
ACC	-0.11647600773586092	50.21705839321133	NA	6.630776940391824	NA
ACC	-0.11647600773586092	50.392642513467315	NA	6.606894049049697	NA
ACC	-0.11647600773586092	50.5682266337233	NA	6.583237655579956	NA
ACC	-0.11647600773586092	50.74381075397929	NA	6.55980209673646	NA
ACC	-0.11647600773586092	50.91939487423527	NA	6.53658197276203	NA
ACC	-0.11647600773586092	51.09497899449126	NA	6.51357212838492	NA
ACC	-0.11647600773586092	51.27056311474724	NA	6.490767635386398	NA
ACC	-0.11647600773586092	51.446147235003224	NA	6.46816377660575	NA
ACC	-0.11647600773586092	51.62173135525921	NA	6.445756031260383	NA
ACC	-0.11647600773586092	51.79731547551519	NA	6.423540061469169	NA
ACC	-0.11647600773586092	51.972899595771175	NA	6.40151169987686	NA
ACC	-0.11647600773586092	52.14848371602716	NA	6.379666938285978	NA
ACC	-0.11647600773586092	52.32406783628314	NA	6.358001917210779	NA
ACC	-0.11647600773586092	52.499651956539125	NA	6.336512916274987	NA
ACC	-0.11647600773586092	52.61647600773586	7.01854718766419	6.322311060063187	0.8460382092472831
ACC	-0.11647600773586092	52.67523607679511	NA	6.3151963453818745	NA
ACC	-0.11647600773586092	52.85082019705109	NA	6.2940487365913285	NA
ACC	-0.11647600773586092	53.026404317307076	NA	6.273066736644004	NA
ACC	-0.11647600773586092	53.20198843756306	NA	6.2522471000780255	NA
ACC	-0.11647600773586092	53.37757255781904	NA	6.231586682888077	NA
ACC	-0.11647600773586092	53.55315667807503	NA	6.211082436681293	NA
ACC	-0.11647600773586092	53.72874079833101	NA	6.190731403288025	NA
ACC	-0.11647600773586092	53.904324918586994	NA	6.170530709789297	NA
ACC	-0.11647600773586092	54.07990903884298	NA	6.150477563925866	NA
ACC	-0.11647600773586092	54.25549315909896	NA	6.130569249857129	NA
ACC	-0.11647600773586092	54.431077279354945	NA	6.110803124240179	NA
ACC	-0.11647600773586092	54.60666139961093	NA	6.091176612602757	NA
ACC	-0.11647600773586092	54.78224551986691	NA	6.071687205985228	NA
ACC	-0.11647600773586092	54.957829640122895	NA	6.052332457829324	NA
ACC	-0.11647600773586092	55.13341376037888	NA	6.0331099810932	NA
ACC	-0.11647600773586092	55.30899788063486	NA	6.014017445573993	NA
ACC	-0.11647600773586092	55.484582000890846	NA	5.995052575420762	NA
ACC	-0.11647600773586092	55.66016612114683	NA	5.97621314682211	NA
ACC	-0.11647600773586092	55.83575024140281	NA	5.95749699425262	NA
ACC	-0.11647600773586092	56.0113343616588	NA	5.938901992890225	NA
ACC	-0.11647600773586092	56.18691848191478	NA	5.920426052472492	NA
ACC	-0.11647600773586092	56.362502602170764	NA	5.90206713725827	NA
ACC	-0.11647600773586092	56.53808672242675	NA	5.883823254141854	NA
ACC	-0.11647600773586092	56.71367084268273	NA	5.865692451126616	NA
ACC	-0.11647600773586092	56.889254962938715	NA	5.847672815895194	NA
ACC	-0.11647600773586092	57.0648390831947	NA	5.829762474468397	NA
ACC	-0.11647600773586092	57.24042320345068	NA	5.811959589945845	NA
ACC	-0.11647600773586092	57.416007323706665	NA	5.794262361321873	NA
ACC	-0.11647600773586092	57.59159144396265	NA	5.776669022370679	NA
ACC	-0.11647600773586092	57.61647600773586	6.2777549678332	5.774183879280431	0.8010156664100823
ACC	-0.11647600773586092	57.76717556421863	NA	5.7591778405954175	NA
ACC	-0.11647600773586092	57.942759684474616	NA	5.741787116236199	NA
ACC	-0.11647600773586092	58.1183438047306	NA	5.724495181332473	NA
ACC	-0.11647600773586092	58.29392792498658	NA	5.7073003988356374	NA
ACC	-0.11647600773586092	58.46951204524257	NA	5.690201161768014	NA
ACC	-0.11647600773586092	58.64509616549855	NA	5.673195892424748	NA
ACC	-0.11647600773586092	58.820680285754534	NA	5.656283041615371	NA
ACC	-0.11647600773586092	58.99626440601052	NA	5.639461087942173	NA
ACC	-0.11647600773586092	59.1718485262665	NA	5.622728537112548	NA
ACC	-0.11647600773586092	59.347432646522485	NA	5.606083921282994	NA
ACC	-0.11647600773586092	59.52301676677847	NA	5.589525798432413	NA
ACC	-0.11647600773586092	59.69860088703445	NA	5.573052751762658	NA
ACC	-0.11647600773586092	59.874185007290436	NA	5.556665258498484	NA
ACC	-0.11647600773586092	60.04976912754642	NA	5.540811069260892	NA
ACC	-0.11647600773586092	60.2253532478024	NA	5.525242249091668	NA
ACC	-0.11647600773586092	60.400937368058386	NA	5.509931886275438	NA
ACC	-0.11647600773586092	60.57652148831437	NA	5.494867888974805	NA
ACC	-0.11647600773586092	60.75210560857035	NA	5.480039039439042	NA
ACC	-0.11647600773586092	60.92768972882634	NA	5.465434921699478	NA
ACC	-0.11647600773586092	61.10327384908232	NA	5.451045855420484	NA
ACC	-0.11647600773586092	61.278857969338304	NA	5.436862835379098	NA
ACC	-0.11647600773586092	61.45444208959429	NA	5.422877476091399	NA
ACC	-0.11647600773586092	61.63002620985027	NA	5.409081961145174	NA
ACC	-0.11647600773586092	61.80561033010626	NA	5.395468996836064	NA
ACC	-0.11647600773586092	61.981194450362246	NA	5.382031769739061	NA
ACC	-0.11647600773586092	62.15677857061823	NA	5.368763907878466	NA
ACC	-0.11647600773586092	62.33236269087421	NA	5.355659445188616	NA
ACC	-0.11647600773586092	62.507946811130196	NA	5.342712788983864	NA
ACC	-0.11647600773586092	62.61647600773586	5.833323585617505	5.334787066050423	0.767297136702956
ACC	-0.11647600773586092	62.68353093138618	NA	5.329918690180465	NA
ACC	-0.11647600773586092	62.85911505164216	NA	5.3172722160350245	NA
ACC	-0.11647600773586092	63.03469917189815	NA	5.304768725184435	NA
ACC	-0.11647600773586092	63.21028329215413	NA	5.2924038447905994	NA
ACC	-0.11647600773586092	63.385867412410114	NA	5.280173449609971	NA
ACC	-0.11647600773586092	63.5614515326661	NA	5.2680736428236035	NA
ACC	-0.11647600773586092	63.73703565292208	NA	5.256100740188286	NA
ACC	-0.11647600773586092	63.912619773178065	NA	5.244251265376377	NA
ACC	-0.11647600773586092	64.08820389343404	NA	5.232521889733105	NA
ACC	-0.11647600773586092	64.26378801369003	NA	5.22090946871761	NA
ACC	-0.11647600773586092	64.43937213394601	NA	5.2094110119293475	NA
ACC	-0.11647600773586092	64.614956254202	NA	5.198023671758023	NA
ACC	-0.11647600773586092	64.79054037445798	NA	5.186744732976474	NA
ACC	-0.11647600773586092	64.96612449471397	NA	5.175571603195926	NA
ACC	-0.11647600773586092	65.14170861496994	NA	5.164501804110396	NA
ACC	-0.11647600773586092	65.31729273522593	NA	5.153532963462973	NA
ACC	-0.11647600773586092	65.49287685548191	NA	5.142662807672536	NA
ACC	-0.11647600773586092	65.6684609757379	NA	5.13188915506475	NA
ACC	-0.11647600773586092	65.84404509599388	NA	5.121209909656171	NA
ACC	-0.11647600773586092	66.01962921624987	NA	5.1106230554441705	NA
ACC	-0.11647600773586092	66.19521333650584	NA	5.100126651160009	NA
ACC	-0.11647600773586092	66.37079745676184	NA	5.08971882544571	NA
ACC	-0.11647600773586092	66.54638157701781	NA	5.07939777241879	NA
ACC	-0.11647600773586092	66.7219656972738	NA	5.069161747592016	NA
ACC	-0.11647600773586092	66.89754981752978	NA	5.05900906411825	NA
ACC	-0.11647600773586092	67.07313393778577	NA	5.0489380893327915	NA
ACC	-0.11647600773586092	67.24871805804175	NA	5.038947241568197	NA
ACC	-0.11647600773586092	67.42430217829774	NA	5.02903498721854	NA
ACC	-0.11647600773586092	67.59988629855373	NA	5.0191998380322165	NA
ACC	-0.11647600773586092	67.61647600773586	5.449175879845481	5.018274514230273	0.7366919864157483
ACC	-0.11647600773586092	67.7754704188097	NA	5.009440348613931	NA
ACC	-0.11647600773586092	67.9510545390657	NA	4.999755114118408	NA
ACC	-0.11647600773586092	68.12663865932167	NA	4.9901427681197585	NA
ACC	-0.11647600773586092	68.30222277957766	NA	4.9806019806417305	NA
ACC	-0.11647600773586092	68.47780689983364	NA	4.971131456335453	NA
ACC	-0.11647600773586092	68.65339102008963	NA	4.961729932792368	NA
ACC	-0.11647600773586092	68.8289751403456	NA	4.952396178981101	NA
ACC	-0.11647600773586092	69.0045592606016	NA	4.943128993797963	NA
ACC	-0.11647600773586092	69.18014338085757	NA	4.933927204721702	NA
ACC	-0.11647600773586092	69.35572750111356	NA	4.9247896665638615	NA
ACC	-0.11647600773586092	69.53131162136954	NA	4.9157152603069125	NA
ACC	-0.11647600773586092	69.70689574162553	NA	4.906702892022866	NA
ACC	-0.11647600773586092	69.8824798618815	NA	4.897751491865863	NA
ACC	-0.11647600773586092	70.0580639821375	NA	4.888860013132672	NA
ACC	-0.11647600773586092	70.23364810239347	NA	4.8800274313855185	NA
ACC	-0.11647600773586092	70.40923222264946	NA	4.871252743632322	NA
ACC	-0.11647600773586092	70.58481634290544	NA	4.862534967559545	NA
ACC	-0.11647600773586092	70.76040046316143	NA	4.853873140813588	NA
ACC	-0.11647600773586092	70.93598458341741	NA	4.845266320326696	NA
ACC	-0.11647600773586092	71.1115687036734	NA	4.836713581683973	NA
ACC	-0.11647600773586092	71.28715282392938	NA	4.828214018528199	NA
ACC	-0.11647600773586092	71.46273694418537	NA	4.81976674199938	NA
ACC	-0.11647600773586092	71.63832106444134	NA	4.811370880206469	NA
ACC	-0.11647600773586092	71.81390518469733	NA	4.803025583243947	NA
ACC	-0.11647600773586092	71.98948930495331	NA	4.7947300080262965	NA
ACC	-0.11647600773586092	72.1650734252093	NA	4.78648332858828	NA
ACC	-0.11647600773586092	72.34065754546528	NA	4.778284736197406	NA
ACC	-0.11647600773586092	72.51624166572127	NA	4.770133436849593	NA
ACC	-0.11647600773586092	72.61647600773586	5.33860522853998	4.765501061347639	0.7074643379404949
ACC	-0.11647600773586092	72.69182578597724	NA	4.762028650887827	NA
ACC	-0.11647600773586092	72.86740990623323	NA	4.753969612639338	NA
ACC	-0.11647600773586092	73.04299402648921	NA	4.745955570069832	NA
ACC	-0.11647600773586092	73.2185781467452	NA	4.737985784453594	NA
ACC	-0.11647600773586092	73.39416226700118	NA	4.730059530058356	NA
ACC	-0.11647600773586092	73.56974638725717	NA	4.722176093843842	NA
ACC	-0.11647600773586092	73.74533050751315	NA	4.714334775173032	NA
ACC	-0.11647600773586092	73.92091462776914	NA	4.706534885535247	NA
ACC	-0.11647600773586092	74.09649874802511	NA	4.698775748280396	NA
ACC	-0.11647600773586092	74.2720828682811	NA	4.691056698363356	NA
ACC	-0.11647600773586092	74.44766698853708	NA	4.683377082098093	NA
ACC	-0.11647600773586092	74.62325110879307	NA	4.675736256920732	NA
ACC	-0.11647600773586092	74.79883522904905	NA	4.6681335911610455	NA
ACC	-0.11647600773586092	74.97441934930504	NA	4.660568463821864	NA
ACC	-0.11647600773586092	75.15000346956101	NA	4.653040264365796	NA
ACC	-0.11647600773586092	75.325587589817	NA	4.645548392509024	NA
ACC	-0.11647600773586092	75.50117171007298	NA	4.638092258021552	NA
ACC	-0.11647600773586092	75.67675583032897	NA	4.630671280533627	NA
ACC	-0.11647600773586092	75.85233995058495	NA	4.623284889347994	NA
ACC	-0.11647600773586092	76.02792407084094	NA	4.615932523257605	NA
ACC	-0.11647600773586092	76.20350819109692	NA	4.608613630368536	NA
ACC	-0.11647600773586092	76.3790923113529	NA	4.601327667927772	NA
ACC	-0.11647600773586092	76.55467643160888	NA	4.594074102155737	NA
ACC	-0.11647600773586092	76.73026055186487	NA	4.586852408083106	NA
ACC	-0.11647600773586092	76.90584467212085	NA	4.579662069391947	NA
ACC	-0.11647600773586092	77.08142879237684	NA	4.5725025782607736	NA
ACC	-0.11647600773586092	77.25701291263282	NA	4.565373435213473	NA
ACC	-0.11647600773586092	77.43259703288881	NA	4.558274148971785	NA
ACC	-0.11647600773586092	77.60818115314478	NA	4.551204236311356	NA
ACC	-0.11647600773586092	77.61647600773586	4.74865711741424	4.550870964099275	0.6861044628556173
ACC	-0.11647600773586092	77.78376527340077	NA	4.544163221921046	NA
ACC	-0.11647600773586092	77.95934939365675	NA	4.537150638265452	NA
ACC	-0.11647600773586092	78.13493351391274	NA	4.53016602545048	NA
ACC	-0.11647600773586092	78.31051763416872	NA	4.523208931091857	NA
ACC	-0.11647600773586092	78.48610175442471	NA	4.516278910186441	NA
ACC	-0.11647600773586092	78.6616858746807	NA	4.509375524986308	NA
ACC	-0.11647600773586092	78.83726999493668	NA	4.502498344875361	NA
ACC	-0.11647600773586092	79.01285411519267	NA	4.495646946248555	NA
ACC	-0.11647600773586092	79.18843823544864	NA	4.488820912393513	NA
ACC	-0.11647600773586092	79.36402235570463	NA	4.482019833374526	NA
ACC	-0.11647600773586092	79.53960647596061	NA	4.475243305918804	NA
ACC	-0.11647600773586092	79.7151905962166	NA	4.468490934622954	NA
ACC	-0.11647600773586092	79.89077471647258	NA	4.461762330116444	NA
ACC	-0.11647600773586092	80.06635883672857	NA	4.455057106113038	NA
ACC	-0.11647600773586092	80.24194295698454	NA	4.448374884900282	NA
ACC	-0.11647600773586092	80.41752707724054	NA	4.441715294891713	NA
ACC	-0.11647600773586092	80.59311119749651	NA	4.435077970525511	NA
ACC	-0.11647600773586092	80.7686953177525	NA	4.428462552164876	NA
ACC	-0.11647600773586092	80.94427943800848	NA	4.421868686000314	NA
ACC	-0.11647600773586092	81.11986355826447	NA	4.415296023953603	NA
ACC	-0.11647600773586092	81.29544767852045	NA	4.408744223583527	NA
ACC	-0.11647600773586092	81.47103179877644	NA	4.402212947993281	NA
ACC	-0.11647600773586092	81.64661591903241	NA	4.395701865739478	NA
ACC	-0.11647600773586092	81.8222000392884	NA	4.38921065074278	NA
ACC	-0.11647600773586092	81.99778415954438	NA	4.382738982200065	NA
ACC	-0.11647600773586092	82.17336827980037	NA	4.3762865444981545	NA
ACC	-0.11647600773586092	82.34895240005635	NA	4.369853027128989	NA
ACC	-0.11647600773586092	82.52453652031234	NA	4.3634381246063025	NA
ACC	-0.11647600773586092	82.61647600773586	4.535823437677533	4.360086472500934	0.6650942345012545
ACC	-0.11647600773586092	82.70012064056831	NA	4.357041536383672	NA
ACC	-0.11647600773586092	82.8757047608243	NA	4.350662966774018	NA
ACC	-0.11647600773586092	83.05128888108028	NA	4.3443021248704525	NA
ACC	-0.11647600773586092	83.22687300133627	NA	4.337958724468424	NA
ACC	-0.11647600773586092	83.40245712159225	NA	4.3316324839892735	NA
ACC	-0.11647600773586092	83.57804124184824	NA	4.3253231264049585	NA
ACC	-0.11647600773586092	83.75362536210422	NA	4.319030379164133	NA
ACC	-0.11647600773586092	83.9292094823602	NA	4.312753974119421	NA
ACC	-0.11647600773586092	84.10479360261618	NA	4.306493647455934	NA
ACC	-0.11647600773586092	84.28037772287217	NA	4.3002491396209015	NA
ACC	-0.11647600773586092	84.45596184312815	NA	4.294020195254567	NA
ACC	-0.11647600773586092	84.63154596338414	NA	4.2878065631221975	NA
ACC	-0.11647600773586092	84.80713008364012	NA	4.281607996047171	NA
ACC	-0.11647600773586092	84.98271420389611	NA	4.275424250845243	NA
ACC	-0.11647600773586092	85.158298324152085	NA	4.269255088259843	NA
ACC	-0.11647600773586092	85.33388244440808	NA	4.2631002728984475	NA
ACC	-0.11647600773586092	85.50946656466405	NA	4.256959573170035	NA
ACC	-0.11647600773586092	85.68505068492004	NA	4.25083276122351	NA
ACC	-0.11647600773586092	85.86063480517602	NA	4.2447196128871765	NA
ACC	-0.11647600773586092	86.03621892543201	NA	4.2386199076092055	NA
ACC	-0.11647600773586092	86.21180304568799	NA	4.232533428399053	NA
ACC	-0.11647600773586092	86.38738716594398	NA	4.226459961769856	NA
ACC	-0.11647600773586092	86.56297128619995	NA	4.22039929768177	NA
ACC	-0.11647600773586092	86.73855540645594	NA	4.214351229486158	NA
ACC	-0.11647600773586092	86.91413952671192	NA	4.2083155538708725	NA
ACC	-0.11647600773586092	87.08972364696791	NA	4.202292070806208	NA
ACC	-0.11647600773586092	87.26530776722389	NA	4.196280583491897	NA
ACC	-0.11647600773586092	87.44089188747988	NA	4.190280898304862	NA
ACC	-0.11647600773586092	87.61647600773586	4.656817238393661	4.184277764246774	0.6483100686967205
Amygdala	-0.11647600773586092	0	0	-2.961544723690772e-14	0
Amygdala	-0.11647600773586092	0.1755841202559837	NA	0.07912140793376463	NA
Amygdala	-0.11647600773586092	0.3511682405119674	NA	0.9377879971703963	NA
Amygdala	-0.11647600773586092	0.3664760077358609	1.6815074019277896	1.125240838284984	0.5943509963021504
Amygdala	-0.11647600773586092	0.5267523607679511	NA	3.7379442351407732	NA
Amygdala	-0.11647600773586092	0.7023364810239348	NA	7.750862647734232	NA
Amygdala	-0.11647600773586092	0.8664760077358609	11.63207877294388	11.985644225694822	0.7672901618860205
Amygdala	-0.11647600773586092	0.8779206012799184	NA	12.29542988128822	NA
Amygdala	-0.11647600773586092	1.0535047215359021	NA	17.046699307860493	NA
Amygdala	-0.11647600773586092	1.229088841791886	NA	21.462887798408477	NA
Amygdala	-0.11647600773586092	1.3664760077358609	25.060665356951255	25.031263475109288	0.8788492461736329
Amygdala	-0.11647600773586092	1.4046729620478695	NA	26.080267901967876	NA
Amygdala	-0.11647600773586092	1.580257082303853	NA	31.340275823363882	NA
Amygdala	-0.11647600773586092	1.7558412025598369	NA	37.27430127235866	NA
Amygdala	-0.11647600773586092	1.8664760077358609	40.06557188840951	40.42518569296956	0.9728198736248336
Amygdala	-0.11647600773586092	1.9314253228158207	NA	42.13668623005212	NA
Amygdala	-0.11647600773586092	2.1070094430718043	NA	45.95078414929787	NA
Amygdala	-0.11647600773586092	2.282593563327788	NA	48.44081219957624	NA
Amygdala	-0.11647600773586092	2.366476007735861	50.51300500853582	49.35741040940683	1.0163760689043335
Amygdala	-0.11647600773586092	2.458177683583772	NA	50.13425508908348	NA
Amygdala	-0.11647600773586092	2.6337618038397554	NA	51.506459253260395	NA
Amygdala	-0.11647600773586092	2.809345924095739	NA	52.55835941175948	NA
Amygdala	-0.11647600773586092	2.866476007735861	52.23268704944827	52.809914752086705	1.019964999191554
Amygdala	-0.11647600773586092	2.9849300443517226	NA	53.193750922001605	NA
Amygdala	-0.11647600773586092	3.160514164607706	NA	53.427930036600806	NA
Amygdala	-0.11647600773586092	3.33609828486369	NA	53.49216645328375	NA
Amygdala	-0.11647600773586092	3.5116824051196738	NA	53.418731978976446	NA
Amygdala	-0.11647600773586092	3.616476007735861	52.78602055389244	53.31178865467792	1.2278590277659935
Amygdala	-0.11647600773586092	3.6872665253756574	NA	53.213611067651016	NA
Amygdala	-0.11647600773586092	3.8628506456316414	NA	52.88246977179212	NA
Amygdala	-0.11647600773586092	4.038434765887625	NA	52.43067378296358	NA
Amygdala	-0.11647600773586092	4.2140188861436085	NA	51.86330543323098	NA
Amygdala	-0.11647600773586092	4.389603006399592	NA	51.18517971754105	NA
Amygdala	-0.11647600773586092	4.565187126655576	NA	50.40085939367902	NA
Amygdala	-0.11647600773586092	4.616476007735861	49.432016458432685	50.15240280458827	1.2000149637571242
Amygdala	-0.11647600773586092	4.740771246911559	NA	49.51466921314744	NA
Amygdala	-0.11647600773586092	4.916355367167544	NA	48.53070933322099	NA
Amygdala	-0.11647600773586092	5.091939487423527	NA	47.549731236861106	NA
Amygdala	-0.11647600773586092	5.267523607679511	NA	46.65828642780166	NA
Amygdala	-0.11647600773586092	5.4431077279354945	NA	45.79662258013114	NA
Amygdala	-0.11647600773586092	5.616476007735861	46.525307725436384	44.97313607003469	1.1648157536601829
Amygdala	-0.11647600773586092	5.618691848191478	NA	44.962775110744275	NA
Amygdala	-0.11647600773586092	5.794275968447462	NA	44.15489661374943	NA
Amygdala	-0.11647600773586092	5.969860088703445	NA	43.37125002603261	NA
Amygdala	-0.11647600773586092	6.145444208959429	NA	42.61020218931594	NA
Amygdala	-0.11647600773586092	6.321028329215412	NA	41.87021778573867	NA
Amygdala	-0.11647600773586092	6.496612449471397	NA	41.149853625318556	NA
Amygdala	-0.11647600773586092	6.67219656972738	NA	40.44775326490574	NA
Amygdala	-0.11647600773586092	6.847780689983364	NA	39.76264193942136	NA
Amygdala	-0.11647600773586092	7.0233648102393476	NA	39.093321787286165	NA
Amygdala	-0.11647600773586092	7.116476007735861	39.52292080358893	38.744409374168534	1.3782105140306276
Amygdala	-0.11647600773586092	7.198948930495331	NA	38.438667352992574	NA
Amygdala	-0.11647600773586092	7.374533050751315	NA	37.79762135076031	NA
Amygdala	-0.11647600773586092	7.550117171007298	NA	37.16919067414659	NA
Amygdala	-0.11647600773586092	7.725701291263283	NA	36.55244263735827	NA
Amygdala	-0.11647600773586092	7.901285411519266	NA	35.94650143483795	NA
Amygdala	-0.11647600773586092	8.07686953177525	NA	35.35054570035829	NA
Amygdala	-0.11647600773586092	8.252453652031233	NA	34.76380301464706	NA
Amygdala	-0.11647600773586092	8.428037772287217	NA	34.18554843472792	NA
Amygdala	-0.11647600773586092	8.6036218925432	NA	33.61510222860213	NA
Amygdala	-0.11647600773586092	8.779206012799184	NA	33.05182669710267	NA
Amygdala	-0.11647600773586092	8.954790133055168	NA	32.49512370180309	NA
Amygdala	-0.11647600773586092	9.11647600773586	30.542690179492165	31.987815975435005	1.3074986716585597
Amygdala	-0.11647600773586092	9.130374253311151	NA	31.94443233663092	NA
Amygdala	-0.11647600773586092	9.305958373567135	NA	31.39922673485535	NA
Amygdala	-0.11647600773586092	9.481542493823119	NA	30.85901400360162	NA
Amygdala	-0.11647600773586092	9.657126614079102	NA	30.323332278499414	NA
Amygdala	-0.11647600773586092	9.832710734335087	NA	29.791748891500305	NA
Amygdala	-0.11647600773586092	10.008294854591071	NA	29.263858645303166	NA
Amygdala	-0.11647600773586092	10.183878974847055	NA	28.74505449587536	NA
Amygdala	-0.11647600773586092	10.359463095103038	NA	28.255309802714844	NA
Amygdala	-0.11647600773586092	10.535047215359022	NA	27.7877550776432	NA
Amygdala	-0.11647600773586092	10.710631335615005	NA	27.34119016099598	NA
Amygdala	-0.11647600773586092	10.886215455870989	NA	26.914483195593295	NA
Amygdala	-0.11647600773586092	11.061799576126973	NA	26.50656668811243	NA
Amygdala	-0.11647600773586092	11.237383696382956	NA	26.116433798320852	NA
Amygdala	-0.11647600773586092	11.41296781663894	NA	25.743134842976957	NA
Amygdala	-0.11647600773586092	11.588551936894923	NA	25.385774001969434	NA
Amygdala	-0.11647600773586092	11.764136057150907	NA	25.043506214986152	NA
Amygdala	-0.11647600773586092	11.93972017740689	NA	24.715534257681693	NA
Amygdala	-0.11647600773586092	12.115304297662874	NA	24.401105986951094	NA
Amygdala	-0.11647600773586092	12.290888417918858	NA	24.09951174551945	NA
Amygdala	-0.11647600773586092	12.466472538174841	NA	23.810081916623858	NA
Amygdala	-0.11647600773586092	12.61647600773586	23.297062015705553	23.571972763124712	1.6488746663169376
Amygdala	-0.11647600773586092	12.642056658430825	NA	23.53218462009843	NA
Amygdala	-0.11647600773586092	12.81764077868681	NA	23.265223541676107	NA
Amygdala	-0.11647600773586092	12.993224898942794	NA	23.008635887795162	NA
Amygdala	-0.11647600773586092	13.168809019198777	NA	22.76189045864498	NA
Amygdala	-0.11647600773586092	13.34439313945476	NA	22.524485832606185	NA
Amygdala	-0.11647600773586092	13.519977259710744	NA	22.29594865563673	NA
Amygdala	-0.11647600773586092	13.695561379966728	NA	22.075832029529227	NA
Amygdala	-0.11647600773586092	13.871145500222712	NA	21.86371399331555	NA
Amygdala	-0.11647600773586092	14.046729620478695	NA	21.65919609242785	NA
Amygdala	-0.11647600773586092	14.222313740734679	NA	21.4619020305357	NA
Amygdala	-0.11647600773586092	14.397897860990662	NA	21.271476399274277	NA
Amygdala	-0.11647600773586092	14.573481981246646	NA	21.087583481355043	NA
Amygdala	-0.11647600773586092	14.74906610150263	NA	20.90990612281174	NA
Amygdala	-0.11647600773586092	14.924650221758613	NA	20.738144670380432	NA
Amygdala	-0.11647600773586092	15.100234342014597	NA	20.572015970243804	NA
Amygdala	-0.11647600773586092	15.27581846227058	NA	20.41125242458838	NA
Amygdala	-0.11647600773586092	15.451402582526566	NA	20.25530129217726	NA
Amygdala	-0.11647600773586092	15.626986702782549	NA	20.10211568588131	NA
Amygdala	-0.11647600773586092	15.802570823038533	NA	19.95234886759152	NA
Amygdala	-0.11647600773586092	15.978154943294516	NA	19.805843112927803	NA
Amygdala	-0.11647600773586092	16.1537390635505	NA	19.66244932953881	NA
Amygdala	-0.11647600773586092	16.329323183806483	NA	19.522025963312156	NA
Amygdala	-0.11647600773586092	16.504907304062467	NA	19.38443944588068	NA
Amygdala	-0.11647600773586092	16.68049142431845	NA	19.249563399294875	NA
Amygdala	-0.11647600773586092	16.856075544574434	NA	19.11727822732115	NA
Amygdala	-0.11647600773586092	17.031659664830418	NA	18.9874707303003	NA
Amygdala	-0.11647600773586092	17.2072437850864	NA	18.860033742203044	NA
Amygdala	-0.11647600773586092	17.382827905342385	NA	18.734865788598807	NA
Amygdala	-0.11647600773586092	17.55841202559837	NA	18.611870764327907	NA
Amygdala	-0.11647600773586092	17.616476007735862	19.010743684823893	18.57165974792732	1.4615748685495742
Amygdala	-0.11647600773586092	17.733996145854352	NA	18.490957629737803	NA
Amygdala	-0.11647600773586092	17.909580266110336	NA	18.372040124409455	NA
Amygdala	-0.11647600773586092	18.08516438636632	NA	18.255036497362543	NA
Amygdala	-0.11647600773586092	18.260748506622303	NA	18.139869252786436	NA
Amygdala	-0.11647600773586092	18.436332626878286	NA	18.02646491039937	NA
Amygdala	-0.11647600773586092	18.61191674713427	NA	17.91475377958986	NA
Amygdala	-0.11647600773586092	18.787500867390253	NA	17.804669746543535	NA
Amygdala	-0.11647600773586092	18.963084987646237	NA	17.696150073604876	NA
Amygdala	-0.11647600773586092	19.13866910790222	NA	17.589135210166432	NA
Amygdala	-0.11647600773586092	19.314253228158204	NA	17.483568614419216	NA
Amygdala	-0.11647600773586092	19.489837348414188	NA	17.37939658533679	NA
Amygdala	-0.11647600773586092	19.665421468670175	NA	17.276568104301287	NA
Amygdala	-0.11647600773586092	19.84100558892616	NA	17.175034685814534	NA
Amygdala	-0.11647600773586092	20.016589709182142	NA	17.074750236769113	NA
Amygdala	-0.11647600773586092	20.192173829438126	NA	16.975670923785053	NA
Amygdala	-0.11647600773586092	20.36775794969411	NA	16.87775504814605	NA
Amygdala	-0.11647600773586092	20.543342069950093	NA	16.780962927896375	NA
Amygdala	-0.11647600773586092	20.718926190206076	NA	16.68525678668498	NA
Amygdala	-0.11647600773586092	20.89451031046206	NA	16.590600648967044	NA
Amygdala	-0.11647600773586092	21.070094430718044	NA	16.49696024119602	NA
Amygdala	-0.11647600773586092	21.245678550974027	NA	16.40430289866044	NA
Amygdala	-0.11647600773586092	21.42126267123001	NA	16.312597477639365	NA
Amygdala	-0.11647600773586092	21.596846791485994	NA	16.22181427256996	NA
Amygdala	-0.11647600773586092	21.772430911741978	NA	16.131924937937658	NA
Amygdala	-0.11647600773586092	21.94801503199796	NA	16.042902414616584	NA
Amygdala	-0.11647600773586092	22.123599152253945	NA	15.954720860403597	NA
Amygdala	-0.11647600773586092	22.29918327250993	NA	15.867355584504045	NA
Amygdala	-0.11647600773586092	22.474767392765912	NA	15.780782985741302	NA
Amygdala	-0.11647600773586092	22.616476007735862	16.20569007039328	15.711475766863877	1.3231845405683509
Amygdala	-0.11647600773586092	22.650351513021896	NA	15.694980494275704	NA
Amygdala	-0.11647600773586092	22.82593563327788	NA	15.609926516630223	NA
Amygdala	-0.11647600773586092	23.001519753533863	NA	15.525600383832682	NA
Amygdala	-0.11647600773586092	23.177103873789846	NA	15.441982302494864	NA
Amygdala	-0.11647600773586092	23.35268799404583	NA	15.359053308659233	NA
Amygdala	-0.11647600773586092	23.528272114301814	NA	15.27679522425412	NA
Amygdala	-0.11647600773586092	23.703856234557797	NA	15.195190616007089	NA
Amygdala	-0.11647600773586092	23.87944035481378	NA	15.114222756675098	NA
Amygdala	-0.11647600773586092	24.055024475069764	NA	15.033875672379505	NA
Amygdala	-0.11647600773586092	24.230608595325748	NA	14.954133860398228	NA
Amygdala	-0.11647600773586092	24.40619271558173	NA	14.874982491826705	NA
Amygdala	-0.11647600773586092	24.581776835837715	NA	14.796407317913065	NA
Amygdala	-0.11647600773586092	24.7573609560937	NA	14.718394632416052	NA
Amygdala	-0.11647600773586092	24.932945076349682	NA	14.640931244192522	NA
Amygdala	-0.11647600773586092	25.108529196605666	NA	14.564004451315753	NA
Amygdala	-0.11647600773586092	25.28411331686165	NA	14.48760201663664	NA
Amygdala	-0.11647600773586092	25.459697437117637	NA	14.411712144705113	NA
Amygdala	-0.11647600773586092	25.63528155737362	NA	14.336323459973721	NA
Amygdala	-0.11647600773586092	25.810865677629604	NA	14.261424986209814	NA
Amygdala	-0.11647600773586092	25.986449797885587	NA	14.187006127047285	NA
Amygdala	-0.11647600773586092	26.16203391814157	NA	14.113056647612481	NA
Amygdala	-0.11647600773586092	26.337618038397554	NA	14.039566657162833	NA
Amygdala	-0.11647600773586092	26.513202158653538	NA	13.966526592680312	NA
Amygdala	-0.11647600773586092	26.68878627890952	NA	13.893927203365108	NA
Amygdala	-0.11647600773586092	26.864370399165505	NA	13.821759535978115	NA
Amygdala	-0.11647600773586092	27.03995451942149	NA	13.750014920983729	NA
Amygdala	-0.11647600773586092	27.215538639677472	NA	13.678684959447592	NA
Amygdala	-0.11647600773586092	27.391122759933456	NA	13.607761510645389	NA
Amygdala	-0.11647600773586092	27.56670688018944	NA	13.53723668034336	NA
Amygdala	-0.11647600773586092	27.616476007735862	13.99848086734507	13.51731775397747	1.2060205081706268
Amygdala	-0.11647600773586092	27.742291000445423	NA	13.467102809711454	NA
Amygdala	-0.11647600773586092	27.917875120701407	NA	13.397352464833356	NA
Amygdala	-0.11647600773586092	28.09345924095739	NA	13.327978426779527	NA
Amygdala	-0.11647600773586092	28.269043361213374	NA	13.258973682211261	NA
Amygdala	-0.11647600773586092	28.444627481469357	NA	13.19033141448554	NA
Amygdala	-0.11647600773586092	28.62021160172534	NA	13.122044995232452	NA
Amygdala	-0.11647600773586092	28.795795721981325	NA	13.054107976378216	NA
Amygdala	-0.11647600773586092	28.971379842237308	NA	12.986514082588812	NA
Amygdala	-0.11647600773586092	29.14696396249329	NA	12.919257204110236	NA
Amygdala	-0.11647600773586092	29.322548082749275	NA	12.852331389983188	NA
Amygdala	-0.11647600773586092	29.49813220300526	NA	12.785730841610924	NA
Amygdala	-0.11647600773586092	29.673716323261242	NA	12.719449906660458	NA
Amygdala	-0.11647600773586092	29.849300443517226	NA	12.65348307327837	NA
Amygdala	-0.11647600773586092	30.02488456377321	NA	12.587839482744894	NA
Amygdala	-0.11647600773586092	30.200468684029193	NA	12.523099180859324	NA
Amygdala	-0.11647600773586092	30.376052804285177	NA	12.459094954473713	NA
Amygdala	-0.11647600773586092	30.55163692454116	NA	12.395798911448477	NA
Amygdala	-0.11647600773586092	30.727221044797144	NA	12.333187425426711	NA
Amygdala	-0.11647600773586092	30.90280516505313	NA	12.271237991929866	NA
Amygdala	-0.11647600773586092	31.078389285309115	NA	12.209929166877327	NA
Amygdala	-0.11647600773586092	31.253973405565098	NA	12.14924050861703	NA
Amygdala	-0.11647600773586092	31.42955752582108	NA	12.089152523264541	NA
Amygdala	-0.11647600773586092	31.605141646077065	NA	12.02964661315977	NA
Amygdala	-0.11647600773586092	31.78072576633305	NA	11.97070502826125	NA
Amygdala	-0.11647600773586092	31.956309886589032	NA	11.912310864496876	NA
Amygdala	-0.11647600773586092	32.131894006845016	NA	11.854447921154135	NA
Amygdala	-0.11647600773586092	32.307478127101	NA	11.797100688675412	NA
Amygdala	-0.11647600773586092	32.48306224735698	NA	11.740254374751775	NA
Amygdala	-0.11647600773586092	32.61647600773586	11.790063697340658	11.697387259182978	1.1067431838713475
Amygdala	-0.11647600773586092	32.65864636761297	NA	11.6838948301095	NA
Amygdala	-0.11647600773586092	32.83423048786895	NA	11.62800851429727	NA
Amygdala	-0.11647600773586092	33.009814608124934	NA	11.572582463411797	NA
Amygdala	-0.11647600773586092	33.18539872838092	NA	11.517604259650287	NA
Amygdala	-0.11647600773586092	33.3609828486369	NA	11.463062002584572	NA
Amygdala	-0.11647600773586092	33.536566968892885	NA	11.408944282057709	NA
Amygdala	-0.11647600773586092	33.71215108914887	NA	11.355240152609714	NA
Amygdala	-0.11647600773586092	33.88773520940485	NA	11.3019391093445	NA
Amygdala	-0.11647600773586092	34.063319329660835	NA	11.249031065155044	NA
Amygdala	-0.11647600773586092	34.23890344991682	NA	11.19650632922865	NA
Amygdala	-0.11647600773586092	34.4144875701728	NA	11.144355586758861	NA
Amygdala	-0.11647600773586092	34.590071690428786	NA	11.09256987979454	NA
Amygdala	-0.11647600773586092	34.76565581068477	NA	11.041140589160856	NA
Amygdala	-0.11647600773586092	34.94123993094075	NA	10.990059417390677	NA
Amygdala	-0.11647600773586092	35.11682405119674	NA	10.93931837260823	NA
Amygdala	-0.11647600773586092	35.29240817145272	NA	10.888909753310552	NA
Amygdala	-0.11647600773586092	35.467992291708704	NA	10.83882613399514	NA
Amygdala	-0.11647600773586092	35.64357641196469	NA	10.78906035158532	NA
Amygdala	-0.11647600773586092	35.81916053222067	NA	10.739605492607602	NA
Amygdala	-0.11647600773586092	35.994744652476655	NA	10.690454881078066	NA
Amygdala	-0.11647600773586092	36.17032877273264	NA	10.641602067056986	NA
Amygdala	-0.11647600773586092	36.34591289298862	NA	10.593040815833685	NA
Amygdala	-0.11647600773586092	36.521497013244606	NA	10.544765097705431	NA
Amygdala	-0.11647600773586092	36.69708113350059	NA	10.49676907831648	NA
Amygdala	-0.11647600773586092	36.87266525375657	NA	10.449047109525324	NA
Amygdala	-0.11647600773586092	37.048249374012556	NA	10.401593720769872	NA
Amygdala	-0.11647600773586092	37.22383349426854	NA	10.354403610902338	NA
Amygdala	-0.11647600773586092	37.39941761452452	NA	10.307471640466856	NA
Amygdala	-0.11647600773586092	37.57500173478051	NA	10.260792824394857	NA
Amygdala	-0.11647600773586092	37.61647600773586	10.589686145786173	10.249803412271588	1.0217746219934254
Amygdala	-0.11647600773586092	37.75058585503649	NA	10.214362325094159	NA
Amygdala	-0.11647600773586092	37.926169975292474	NA	10.168175445909647	NA
Amygdala	-0.11647600773586092	38.10175409554846	NA	10.122227624934212	NA
Amygdala	-0.11647600773586092	38.27733821580444	NA	10.076514429150194	NA
Amygdala	-0.11647600773586092	38.452922336060425	NA	10.031031548882568	NA
Amygdala	-0.11647600773586092	38.62850645631641	NA	9.985774792546156	NA
Amygdala	-0.11647600773586092	38.80409057657239	NA	9.940740081670267	NA
Amygdala	-0.11647600773586092	38.979674696828376	NA	9.895923446185112	NA
Amygdala	-0.11647600773586092	39.15525881708436	NA	9.851321019955057	NA
Amygdala	-0.11647600773586092	39.33084293734035	NA	9.806929036545016	NA
Amygdala	-0.11647600773586092	39.50642705759633	NA	9.762743825206677	NA
Amygdala	-0.11647600773586092	39.68201117785232	NA	9.718761807072159	NA
Amygdala	-0.11647600773586092	39.8575952981083	NA	9.6749794969871	NA
Amygdala	-0.11647600773586092	40.033179418364284	NA	9.631393507652136	NA
Amygdala	-0.11647600773586092	40.20876353862027	NA	9.588000490023754	NA
Amygdala	-0.11647600773586092	40.38434765887625	NA	9.544797198483327	NA
Amygdala	-0.11647600773586092	40.559931779132235	NA	9.50178046298668	NA
Amygdala	-0.11647600773586092	40.73551589938822	NA	9.458947186280252	NA
Amygdala	-0.11647600773586092	40.9111000196442	NA	9.416294341255668	NA
Amygdala	-0.11647600773586092	41.086684139900186	NA	9.373818968435558	NA
Amygdala	-0.11647600773586092	41.26226826015617	NA	9.331518173582863	NA
Amygdala	-0.11647600773586092	41.43785238041215	NA	9.289389125426991	NA
Amygdala	-0.11647600773586092	41.613436500668136	NA	9.247429053500404	NA
Amygdala	-0.11647600773586092	41.78902062092412	NA	9.205635246079419	NA
Amygdala	-0.11647600773586092	41.9646047411801	NA	9.164005048223501	NA
Amygdala	-0.11647600773586092	42.14018886143609	NA	9.122535859907805	NA
Amygdala	-0.11647600773586092	42.31577298169207	NA	9.081225134243615	NA
Amygdala	-0.11647600773586092	42.491357101948054	NA	9.040070375782038	NA
Amygdala	-0.11647600773586092	42.61647600773586	9.082562990540232	9.010837787466723	0.9524378778458922
Amygdala	-0.11647600773586092	42.66694122220404	NA	8.999069138896383	NA
Amygdala	-0.11647600773586092	42.84252534246002	NA	8.958219026238869	NA
Amygdala	-0.11647600773586092	43.018109462716005	NA	8.917517687267761	NA
Amygdala	-0.11647600773586092	43.19369358297199	NA	8.876962816840987	NA
Amygdala	-0.11647600773586092	43.36927770322797	NA	8.836552153872773	NA
Amygdala	-0.11647600773586092	43.544861823483956	NA	8.796283480049803	NA
Amygdala	-0.11647600773586092	43.72044594373994	NA	8.756154618603833	NA
Amygdala	-0.11647600773586092	43.89603006399592	NA	8.71616343313758	NA
Amygdala	-0.11647600773586092	44.07161418425191	NA	8.676307826501244	NA
Amygdala	-0.11647600773586092	44.24719830450789	NA	8.636585739716816	NA
Amygdala	-0.11647600773586092	44.422782424763874	NA	8.59699515094776	NA
Amygdala	-0.11647600773586092	44.59836654501986	NA	8.557534074511587	NA
Amygdala	-0.11647600773586092	44.77395066527584	NA	8.518200559933192	NA
Amygdala	-0.11647600773586092	44.949534785531824	NA	8.478992691036664	NA
Amygdala	-0.11647600773586092	45.12511890578781	NA	8.439908585073784	NA
Amygdala	-0.11647600773586092	45.30070302604379	NA	8.400946391887068	NA
Amygdala	-0.11647600773586092	45.476287146299775	NA	8.36237151756624	NA
Amygdala	-0.11647600773586092	45.65187126655576	NA	8.3244696699281	NA
Amygdala	-0.11647600773586092	45.82745538681174	NA	8.287208743323934	NA
Amygdala	-0.11647600773586092	46.003039507067726	NA	8.250563279998895	NA
Amygdala	-0.11647600773586092	46.17862362732371	NA	8.214509131306897	NA
Amygdala	-0.11647600773586092	46.35420774757969	NA	8.179023384236473	NA
Amygdala	-0.11647600773586092	46.52979186783568	NA	8.14408429215868	NA
Amygdala	-0.11647600773586092	46.70537598809166	NA	8.109671209552872	NA
Amygdala	-0.11647600773586092	46.880960108347644	NA	8.075764530480749	NA
Amygdala	-0.11647600773586092	47.05654422860363	NA	8.042345630591504	NA
Amygdala	-0.11647600773586092	47.23212834885961	NA	8.009396812454725	NA
Amygdala	-0.11647600773586092	47.407712469115594	NA	7.97690125402806	NA
Amygdala	-0.11647600773586092	47.58329658937158	NA	7.9448429600791775	NA
Amygdala	-0.11647600773586092	47.61647600773586	7.6938858343835586	7.938833133400904	0.8933233529586769
Amygdala	-0.11647600773586092	47.75888070962756	NA	7.913206716390806	NA
Amygdala	-0.11647600773586092	47.934464829883545	NA	7.881978095726426	NA
Amygdala	-0.11647600773586092	48.11004895013953	NA	7.85114327700348	NA
Amygdala	-0.11647600773586092	48.28563307039551	NA	7.820689128742052	NA
Amygdala	-0.11647600773586092	48.461217190651496	NA	7.7906031533324125	NA
Amygdala	-0.11647600773586092	48.63680131090748	NA	7.760873441624177	NA
Amygdala	-0.11647600773586092	48.81238543116346	NA	7.7314886407641605	NA
Amygdala	-0.11647600773586092	48.98796955141945	NA	7.702437923869658	NA
Amygdala	-0.11647600773586092	49.16355367167543	NA	7.6737109614313574	NA
Amygdala	-0.11647600773586092	49.339137791931414	NA	7.6452978943459184	NA
Amygdala	-0.11647600773586092	49.5147219121874	NA	7.617189308484355	NA
Amygdala	-0.11647600773586092	49.69030603244338	NA	7.589376210707565	NA
Amygdala	-0.11647600773586092	49.865890152699365	NA	7.561850006245609	NA
Amygdala	-0.11647600773586092	50.04147427295535	NA	7.534602477362075	NA
Amygdala	-0.11647600773586092	50.21705839321133	NA	7.507625763229479	NA
Amygdala	-0.11647600773586092	50.392642513467315	NA	7.48091234094594	NA
Amygdala	-0.11647600773586092	50.5682266337233	NA	7.454455007627347	NA
Amygdala	-0.11647600773586092	50.74381075397929	NA	7.42824686351302	NA
Amygdala	-0.11647600773586092	50.91939487423527	NA	7.402281296026632	NA
Amygdala	-0.11647600773586092	51.09497899449126	NA	7.376551964737302	NA
Amygdala	-0.11647600773586092	51.27056311474724	NA	7.351052787169039	NA
Amygdala	-0.11647600773586092	51.446147235003224	NA	7.325777925409824	NA
Amygdala	-0.11647600773586092	51.62173135525921	NA	7.300721773474197	NA
Amygdala	-0.11647600773586092	51.79731547551519	NA	7.275878945376189	NA
Amygdala	-0.11647600773586092	51.972899595771175	NA	7.25124426387156	NA
Amygdala	-0.11647600773586092	52.14848371602716	NA	7.226812749831126	NA
Amygdala	-0.11647600773586092	52.32406783628314	NA	7.202579612208681	NA
Amygdala	-0.11647600773586092	52.499651956539125	NA	7.178540238569553	NA
Amygdala	-0.11647600773586092	52.61647600773586	6.9844965922500775	7.16265091334401	0.8460382092472831
Amygdala	-0.11647600773586092	52.67523607679511	NA	7.154690186147524	NA
Amygdala	-0.11647600773586092	52.85082019705109	NA	7.131025173399849	NA
Amygdala	-0.11647600773586092	53.026404317307076	NA	7.1075410720317524	NA
Amygdala	-0.11647600773586092	53.20198843756306	NA	7.0842338994635305	NA
Amygdala	-0.11647600773586092	53.37757255781904	NA	7.061099811714907	NA
Amygdala	-0.11647600773586092	53.55315667807503	NA	7.038135096682723	NA
Amygdala	-0.11647600773586092	53.72874079833101	NA	7.0153361677894415	NA
Amygdala	-0.11647600773586092	53.904324918586994	NA	6.992699557981272	NA
Amygdala	-0.11647600773586092	54.07990903884298	NA	6.970221914055937	NA
Amygdala	-0.11647600773586092	54.25549315909896	NA	6.94789999130126	NA
Amygdala	-0.11647600773586092	54.431077279354945	NA	6.925730648426648	NA
Amygdala	-0.11647600773586092	54.60666139961093	NA	6.903710842771088	NA
Amygdala	-0.11647600773586092	54.78224551986691	NA	6.881837625771585	NA
Amygdala	-0.11647600773586092	54.957829640122895	NA	6.860108138677306	NA
Amygdala	-0.11647600773586092	55.13341376037888	NA	6.838519608495511	NA
Amygdala	-0.11647600773586092	55.30899788063486	NA	6.817069344155959	NA
Amygdala	-0.11647600773586092	55.484582000890846	NA	6.795754732881423	NA
Amygdala	-0.11647600773586092	55.66016612114683	NA	6.774573236752622	NA
Amygdala	-0.11647600773586092	55.83575024140281	NA	6.75352239834776	NA
Amygdala	-0.11647600773586092	56.0113343616588	NA	6.73259982114308	NA
Amygdala	-0.11647600773586092	56.18691848191478	NA	6.711803162125205	NA
Amygdala	-0.11647600773586092	56.362502602170764	NA	6.69113015199793	NA
Amygdala	-0.11647600773586092	56.53808672242675	NA	6.670578581697396	NA
Amygdala	-0.11647600773586092	56.71367084268273	NA	6.650146299912687	NA
Amygdala	-0.11647600773586092	56.889254962938715	NA	6.62983121073588	NA
Amygdala	-0.11647600773586092	57.0648390831947	NA	6.609631271433944	NA
Amygdala	-0.11647600773586092	57.24042320345068	NA	6.589544490335909	NA
Amygdala	-0.11647600773586092	57.416007323706665	NA	6.569568924828621	NA
Amygdala	-0.11647600773586092	57.59159144396265	NA	6.549702679455099	NA
Amygdala	-0.11647600773586092	57.61647600773586	6.2303741020533225	6.546895840207972	0.8010156664100823
Amygdala	-0.11647600773586092	57.76717556421863	NA	6.529943904109662	NA
Amygdala	-0.11647600773586092	57.942759684474616	NA	6.51029079232453	NA
Amygdala	-0.11647600773586092	58.1183438047306	NA	6.4907415796426555	NA
Amygdala	-0.11647600773586092	58.29392792498658	NA	6.471294542072045	NA
Amygdala	-0.11647600773586092	58.46951204524257	NA	6.451947994617064	NA
Amygdala	-0.11647600773586092	58.64509616549855	NA	6.4327002898822965	NA
Amygdala	-0.11647600773586092	58.820680285754534	NA	6.413549816745208	NA
Amygdala	-0.11647600773586092	58.99626440601052	NA	6.394494999093448	NA
Amygdala	-0.11647600773586092	59.1718485262665	NA	6.3755342946235425	NA
Amygdala	-0.11647600773586092	59.347432646522485	NA	6.356666193697354	NA
Amygdala	-0.11647600773586092	59.52301676677847	NA	6.337889218253302	NA
Amygdala	-0.11647600773586092	59.69860088703445	NA	6.319201920769196	NA
Amygdala	-0.11647600773586092	59.874185007290436	NA	6.30060475260587	NA
Amygdala	-0.11647600773586092	60.04976912754642	NA	6.282545920922322	NA
Amygdala	-0.11647600773586092	60.2253532478024	NA	6.2647801242286505	NA
Amygdala	-0.11647600773586092	60.400937368058386	NA	6.247283329027795	NA
Amygdala	-0.11647600773586092	60.57652148831437	NA	6.2300458723844585	NA
Amygdala	-0.11647600773586092	60.75210560857035	NA	6.213058567139442	NA
Amygdala	-0.11647600773586092	60.92768972882634	NA	6.196312675543647	NA
Amygdala	-0.11647600773586092	61.10327384908232	NA	6.179799884402286	NA
Amygdala	-0.11647600773586092	61.278857969338304	NA	6.163512281641954	NA
Amygdala	-0.11647600773586092	61.45444208959429	NA	6.147442334218426	NA
Amygdala	-0.11647600773586092	61.63002620985027	NA	6.1315828672878165	NA
Amygdala	-0.11647600773586092	61.80561033010626	NA	6.11592704456804	NA
Amygdala	-0.11647600773586092	61.981194450362246	NA	6.100468349822053	NA
Amygdala	-0.11647600773586092	62.15677857061823	NA	6.085200569397928	NA
Amygdala	-0.11647600773586092	62.33236269087421	NA	6.0701177757649045	NA
Amygdala	-0.11647600773586092	62.507946811130196	NA	6.055214311987922	NA
Amygdala	-0.11647600773586092	62.61647600773586	5.64372229210749	6.046089785324987	0.767297136702956
Amygdala	-0.11647600773586092	62.68353093138618	NA	6.040484777086468	NA
Amygdala	-0.11647600773586092	62.85911505164216	NA	6.0259240122267865	NA
Amygdala	-0.11647600773586092	63.03469917189815	NA	6.011527087699319	NA
Amygdala	-0.11647600773586092	63.21028329215413	NA	5.9972892906362025	NA
Amygdala	-0.11647600773586092	63.385867412410114	NA	5.983206113426046	NA
Amygdala	-0.11647600773586092	63.5614515326661	NA	5.969273242785959	NA
Amygdala	-0.11647600773586092	63.73703565292208	NA	5.955486551424593	NA
Amygdala	-0.11647600773586092	63.912619773178065	NA	5.941842101490557	NA
Amygdala	-0.11647600773586092	64.08820389343404	NA	5.928336082941732	NA
Amygdala	-0.11647600773586092	64.26378801369003	NA	5.914964862459361	NA
Amygdala	-0.11647600773586092	64.43937213394601	NA	5.901724955014492	NA
Amygdala	-0.11647600773586092	64.614956254202	NA	5.888613016160542	NA
Amygdala	-0.11647600773586092	64.79054037445798	NA	5.875625834759639	NA
Amygdala	-0.11647600773586092	64.96612449471397	NA	5.862760326117913	NA
Amygdala	-0.11647600773586092	65.14170861496994	NA	5.850013525506312	NA
Amygdala	-0.11647600773586092	65.31729273522593	NA	5.837382582044554	NA
Amygdala	-0.11647600773586092	65.49287685548191	NA	5.824864752927647	NA
Amygdala	-0.11647600773586092	65.6684609757379	NA	5.812457397975039	NA
Amygdala	-0.11647600773586092	65.84404509599388	NA	5.800157974484063	NA
Amygdala	-0.11647600773586092	66.01962921624987	NA	5.787964032370102	NA
Amygdala	-0.11647600773586092	66.19521333650584	NA	5.7758732095771155	NA
Amygdala	-0.11647600773586092	66.37079745676184	NA	5.763883227742937	NA
Amygdala	-0.11647600773586092	66.54638157701781	NA	5.751991888104846	NA
Amygdala	-0.11647600773586092	66.7219656972738	NA	5.740197067631554	NA
Amygdala	-0.11647600773586092	66.89754981752978	NA	5.728496715368705	NA
Amygdala	-0.11647600773586092	67.07313393778577	NA	5.716888848985675	NA
Amygdala	-0.11647600773586092	67.24871805804175	NA	5.705371551512097	NA
Amygdala	-0.11647600773586092	67.42430217829774	NA	5.693942968253367	NA
Amygdala	-0.11647600773586092	67.59988629855373	NA	5.682601303874827	NA
Amygdala	-0.11647600773586092	67.61647600773586	5.135559009622429	5.681534136271459	0.7366919864157483
Amygdala	-0.11647600773586092	67.7754704188097	NA	5.6713448196449665	NA
Amygdala	-0.11647600773586092	67.9510545390657	NA	5.66017183082878	NA
Amygdala	-0.11647600773586092	68.12663865932167	NA	5.649080704222396	NA
Amygdala	-0.11647600773586092	68.30222277957766	NA	5.638069855821234	NA
Amygdala	-0.11647600773586092	68.47780689983364	NA	5.627137748613897	NA
Amygdala	-0.11647600773586092	68.65339102008963	NA	5.616282890494732	NA
Amygdala	-0.11647600773586092	68.8289751403456	NA	5.605503832288289	NA
Amygdala	-0.11647600773586092	69.0045592606016	NA	5.594799165879333	NA
Amygdala	-0.11647600773586092	69.18014338085757	NA	5.584167522442446	NA
Amygdala	-0.11647600773586092	69.35572750111356	NA	5.573607570765483	NA
Amygdala	-0.11647600773586092	69.53131162136954	NA	5.563118015661733	NA
Amygdala	-0.11647600773586092	69.70689574162553	NA	5.552697596465558	NA
Amygdala	-0.11647600773586092	69.8824798618815	NA	5.542345085607025	NA
Amygdala	-0.11647600773586092	70.0580639821375	NA	5.532059287260841	NA
Amygdala	-0.11647600773586092	70.23364810239347	NA	5.521839036065604	NA
Amygdala	-0.11647600773586092	70.40923222264946	NA	5.511683195909258	NA
Amygdala	-0.11647600773586092	70.58481634290544	NA	5.501590658777172	NA
Amygdala	-0.11647600773586092	70.76040046316143	NA	5.491560343659144	NA
Amygdala	-0.11647600773586092	70.93598458341741	NA	5.4815911955122525	NA
Amygdala	-0.11647600773586092	71.1115687036734	NA	5.471682184276232	NA
Amygdala	-0.11647600773586092	71.28715282392938	NA	5.461832303938483	NA
Amygdala	-0.11647600773586092	71.46273694418537	NA	5.4520405716461	NA
Amygdala	-0.11647600773586092	71.63832106444134	NA	5.442306026862048	NA
Amygdala	-0.11647600773586092	71.81390518469733	NA	5.432627736700719	NA
Amygdala	-0.11647600773586092	71.98948930495331	NA	5.423004778818307	NA
Amygdala	-0.11647600773586092	72.1650734252093	NA	5.413436252638642	NA
Amygdala	-0.11647600773586092	72.34065754546528	NA	5.403921279261208	NA
Amygdala	-0.11647600773586092	72.51624166572127	NA	5.394458998464893	NA
Amygdala	-0.11647600773586092	72.61647600773586	4.50759699932324	5.3890806287067665	0.7074643379404949
Amygdala	-0.11647600773586092	72.69182578597724	NA	5.385048568082829	NA
Amygdala	-0.11647600773586092	72.86740990623323	NA	5.375689163407031	NA
Amygdala	-0.11647600773586092	73.04299402648921	NA	5.366379976621029	NA
Amygdala	-0.11647600773586092	73.2185781467452	NA	5.357120216259211	NA
Amygdala	-0.11647600773586092	73.39416226700118	NA	5.347909106691141	NA
Amygdala	-0.11647600773586092	73.56974638725717	NA	5.338745887629701	NA
Amygdala	-0.11647600773586092	73.74533050751315	NA	5.329629813661687	NA
Amygdala	-0.11647600773586092	73.92091462776914	NA	5.3205601537996365	NA
Amygdala	-0.11647600773586092	74.09649874802511	NA	5.311536191053778	NA
Amygdala	-0.11647600773586092	74.2720828682811	NA	5.302557222022926	NA
Amygdala	-0.11647600773586092	74.44766698853708	NA	5.2936225565034976	NA
Amygdala	-0.11647600773586092	74.62325110879307	NA	5.284731517115431	NA
Amygdala	-0.11647600773586092	74.79883522904905	NA	5.275883438944349	NA
Amygdala	-0.11647600773586092	74.97441934930504	NA	5.267077669198886	NA
Amygdala	-0.11647600773586092	75.15000346956101	NA	5.258313566882615	NA
Amygdala	-0.11647600773586092	75.325587589817	NA	5.249590502479523	NA
Amygdala	-0.11647600773586092	75.50117171007298	NA	5.240907857652616	NA
Amygdala	-0.11647600773586092	75.67675583032897	NA	5.232265024954736	NA
Amygdala	-0.11647600773586092	75.85233995058495	NA	5.223661407551083	NA
Amygdala	-0.11647600773586092	76.02792407084094	NA	5.215096418952804	NA
Amygdala	-0.11647600773586092	76.20350819109692	NA	5.206569482761064	NA
Amygdala	-0.11647600773586092	76.3790923113529	NA	5.1980800324210925	NA
Amygdala	-0.11647600773586092	76.55467643160888	NA	5.1896275109856385	NA
Amygdala	-0.11647600773586092	76.73026055186487	NA	5.181211370887458	NA
Amygdala	-0.11647600773586092	76.90584467212085	NA	5.172831073720259	NA
Amygdala	-0.11647600773586092	77.08142879237684	NA	5.164486090027759	NA
Amygdala	-0.11647600773586092	77.25701291263282	NA	5.156175899100477	NA
Amygdala	-0.11647600773586092	77.43259703288881	NA	5.147899988779699	NA
Amygdala	-0.11647600773586092	77.60818115314478	NA	5.1396578552685686	NA
Amygdala	-0.11647600773586092	77.61647600773586	4.25581162885867	5.139269314546976	0.6861044628556173
Amygdala	-0.11647600773586092	77.78376527340077	NA	5.131449002949623	NA
Amygdala	-0.11647600773586092	77.95934939365675	NA	5.123272944208747	NA
Amygdala	-0.11647600773586092	78.13493351391274	NA	5.115129199264961	NA
Amygdala	-0.11647600773586092	78.31051763416872	NA	5.107017296006074	NA
Amygdala	-0.11647600773586092	78.48610175442471	NA	5.098936769829589	NA
Amygdala	-0.11647600773586092	78.6616858746807	NA	5.09088716348894	NA
Amygdala	-0.11647600773586092	78.83726999493668	NA	5.082868026944524	NA
Amygdala	-0.11647600773586092	79.01285411519267	NA	5.0748789172194915	NA
Amygdala	-0.11647600773586092	79.18843823544864	NA	5.066919398260026	NA
Amygdala	-0.11647600773586092	79.36402235570463	NA	5.058989040799868	NA
Amygdala	-0.11647600773586092	79.53960647596061	NA	5.05108742222894	NA
Amygdala	-0.11647600773586092	79.7151905962166	NA	5.043214128013983	NA
Amygdala	-0.11647600773586092	79.89077471647258	NA	5.035368749555919	NA
Amygdala	-0.11647600773586092	80.06635883672857	NA	5.027550880716952	NA
Amygdala	-0.11647600773586092	80.24194295698454	NA	5.019760124276154	NA
Amygdala	-0.11647600773586092	80.41752707724054	NA	5.0119960890669395	NA
Amygdala	-0.11647600773586092	80.59311119749651	NA	5.004258389866705	NA
Amygdala	-0.11647600773586092	80.7686953177525	NA	4.996546647289426	NA
Amygdala	-0.11647600773586092	80.94427943800848	NA	4.988860487681095	NA
Amygdala	-0.11647600773586092	81.11986355826447	NA	4.981199543017899	NA
Amygdala	-0.11647600773586092	81.29544767852045	NA	4.9735634508071	NA
Amygdala	-0.11647600773586092	81.47103179877644	NA	4.965951853990356	NA
Amygdala	-0.11647600773586092	81.64661591903241	NA	4.958364400849521	NA
Amygdala	-0.11647600773586092	81.8222000392884	NA	4.950800744914757	NA
Amygdala	-0.11647600773586092	81.99778415954438	NA	4.943260544874895	NA
Amygdala	-0.11647600773586092	82.17336827980037	NA	4.935743464489938	NA
Amygdala	-0.11647600773586092	82.34895240005635	NA	4.928249172505651	NA
Amygdala	-0.11647600773586092	82.52453652031234	NA	4.9207773425701555	NA
Amygdala	-0.11647600773586092	82.61647600773586	3.811865204700054	4.916873788854795	0.6650942345012545
Amygdala	-0.11647600773586092	82.70012064056831	NA	4.913327653152411	NA
Amygdala	-0.11647600773586092	82.8757047608243	NA	4.905899787462555	NA
Amygdala	-0.11647600773586092	83.05128888108028	NA	4.8984934333740595	NA
Amygdala	-0.11647600773586092	83.22687300133627	NA	4.891108283347594	NA
Amygdala	-0.11647600773586092	83.40245712159225	NA	4.883744034356527	NA
Amygdala	-0.11647600773586092	83.57804124184824	NA	4.876400387814045	NA
Amygdala	-0.11647600773586092	83.75362536210422	NA	4.86907704950184	NA
Amygdala	-0.11647600773586092	83.9292094823602	NA	4.861773729500286	NA
Amygdala	-0.11647600773586092	84.10479360261618	NA	4.854490142120031	NA
Amygdala	-0.11647600773586092	84.28037772287217	NA	4.847226005835022	NA
Amygdala	-0.11647600773586092	84.45596184312815	NA	4.839981043216903	NA
Amygdala	-0.11647600773586092	84.63154596338414	NA	4.832754980870679	NA
Amygdala	-0.11647600773586092	84.80713008364012	NA	4.825547549371694	NA
Amygdala	-0.11647600773586092	84.98271420389611	NA	4.818358483203806	NA
Amygdala	-0.11647600773586092	85.158298324152085	NA	4.8111875206987955	NA
Amygdala	-0.11647600773586092	85.33388244440808	NA	4.804034403976925	NA
Amygdala	-0.11647600773586092	85.50946656466405	NA	4.796898878888584	NA
Amygdala	-0.11647600773586092	85.68505068492004	NA	4.789780694957095	NA
Amygdala	-0.11647600773586092	85.86063480517602	NA	4.782679605322553	NA
Amygdala	-0.11647600773586092	86.03621892543201	NA	4.775595366686658	NA
Amygdala	-0.11647600773586092	86.21180304568799	NA	4.76852773925865	NA
Amygdala	-0.11647600773586092	86.38738716594398	NA	4.7614764867021	NA
Amygdala	-0.11647600773586092	86.56297128619995	NA	4.754441376082781	NA
Amygdala	-0.11647600773586092	86.73855540645594	NA	4.747422177817346	NA
Amygdala	-0.11647600773586092	86.91413952671192	NA	4.740418665622999	NA
Amygdala	-0.11647600773586092	87.08972364696791	NA	4.733430616467994	NA
Amygdala	-0.11647600773586092	87.26530776722389	NA	4.72645781052305	NA
Amygdala	-0.11647600773586092	87.44089188747988	NA	4.71950003111349	NA
Amygdala	-0.11647600773586092	87.61647600773586	3.913242910294216	4.7125420049983155	0.6483100686967205
Caudate	-0.11647600773586092	0	0	-2.2615432435456803e-14	0
Caudate	-0.11647600773586092	0.1755841202559837	NA	0.06234531864163033	NA
Caudate	-0.11647600773586092	0.3511682405119674	NA	0.7777974252535382	NA
Caudate	-0.11647600773586092	0.3664760077358609	0.8273468203410762	0.9239993559708903	0.5943509963021504
Caudate	-0.11647600773586092	0.5267523607679511	NA	2.7687323158565986	NA
Caudate	-0.11647600773586092	0.7023364810239348	NA	5.336089075148336	NA
Caudate	-0.11647600773586092	0.8664760077358609	6.785946106019351	7.8065735845128845	0.7672901618860205
Caudate	-0.11647600773586092	0.8779206012799184	NA	7.984636667481012	NA
Caudate	-0.11647600773586092	1.0535047215359021	NA	10.606986360860459	NA
Caudate	-0.11647600773586092	1.229088841791886	NA	12.900840578463752	NA
Caudate	-0.11647600773586092	1.3664760077358609	14.630823622351484	14.81083552156888	0.8788492461736329
Caudate	-0.11647600773586092	1.4046729620478695	NA	15.381083972989185	NA
Caudate	-0.11647600773586092	1.580257082303853	NA	18.31308405563564	NA
Caudate	-0.11647600773586092	1.7558412025598369	NA	21.629863435857676	NA
Caudate	-0.11647600773586092	1.8664760077358609	21.951555115593273	23.175456960079263	0.9728198736248336
Caudate	-0.11647600773586092	1.9314253228158207	NA	24.009755685082446	NA
Caudate	-0.11647600773586092	2.1070094430718043	NA	25.718588740515514	NA
Caudate	-0.11647600773586092	2.282593563327788	NA	26.620745625323075	NA
Caudate	-0.11647600773586092	2.366476007735861	27.358955264798016	26.948503249650706	1.0163760689043335
Caudate	-0.11647600773586092	2.458177683583772	NA	27.191992068899307	NA
Caudate	-0.11647600773586092	2.6337618038397554	NA	27.796246168829022	NA
Caudate	-0.11647600773586092	2.809345924095739	NA	28.30510296777305	NA
Caudate	-0.11647600773586092	2.866476007735861	28.83826091712639	28.42610594641339	1.019964999191554
Caudate	-0.11647600773586092	2.9849300443517226	NA	28.609572180701694	NA
Caudate	-0.11647600773586092	3.160514164607706	NA	28.675361854212678	NA
Caudate	-0.11647600773586092	3.33609828486369	NA	28.65556015558324	NA
Caudate	-0.11647600773586092	3.5116824051196738	NA	28.576969052768593	NA
Caudate	-0.11647600773586092	3.616476007735861	28.654727982383097	28.503023919924935	1.2278590277659935
Caudate	-0.11647600773586092	3.6872665253756574	NA	28.441928342995368	NA
Caudate	-0.11647600773586092	3.8628506456316414	NA	28.252610238355057	NA
Caudate	-0.11647600773586092	4.038434765887625	NA	28.01103274192635	NA
Caudate	-0.11647600773586092	4.2140188861436085	NA	27.71907194219119	NA
Caudate	-0.11647600773586092	4.389603006399592	NA	27.3784733133494	NA
Caudate	-0.11647600773586092	4.565187126655576	NA	26.99086210204087	NA
Caudate	-0.11647600773586092	4.616476007735861	27.432720129430752	26.869014177785786	1.2000149637571242
Caudate	-0.11647600773586092	4.740771246911559	NA	26.55775287446303	NA
Caudate	-0.11647600773586092	4.916355367167544	NA	26.08055829187802	NA
Caudate	-0.11647600773586092	5.091939487423527	NA	25.647926466592708	NA
Caudate	-0.11647600773586092	5.267523607679511	NA	25.30115431436115	NA
Caudate	-0.11647600773586092	5.4431077279354945	NA	24.974641852198747	NA
Caudate	-0.11647600773586092	5.616476007735861	25.405111865512957	24.6701861592189	1.1648157536601829
Caudate	-0.11647600773586092	5.618691848191478	NA	24.666400119361782	NA
Caudate	-0.11647600773586092	5.794275968447462	NA	24.374604420115986	NA
Caudate	-0.11647600773586092	5.969860088703445	NA	24.097580989122793	NA
Caudate	-0.11647600773586092	6.145444208959429	NA	23.833794737232935	NA
Caudate	-0.11647600773586092	6.321028329215412	NA	23.58183799016883	NA
Caudate	-0.11647600773586092	6.496612449471397	NA	23.340420139666154	NA
Caudate	-0.11647600773586092	6.67219656972738	NA	23.10835813316042	NA
Caudate	-0.11647600773586092	6.847780689983364	NA	22.884567734091146	NA
Caudate	-0.11647600773586092	7.0233648102393476	NA	22.66805549039923	NA
Caudate	-0.11647600773586092	7.116476007735861	21.708458339806754	22.555880836810545	1.3782105140306276
Caudate	-0.11647600773586092	7.198948930495331	NA	22.457911353848946	NA
Caudate	-0.11647600773586092	7.374533050751315	NA	22.253301897453827	NA
Caudate	-0.11647600773586092	7.550117171007298	NA	22.053464082555458	NA
Caudate	-0.11647600773586092	7.725701291263283	NA	21.857699531029688	NA
Caudate	-0.11647600773586092	7.901285411519266	NA	21.66536926170072	NA
Caudate	-0.11647600773586092	8.07686953177525	NA	21.475889077788672	NA
Caudate	-0.11647600773586092	8.252453652031233	NA	21.288724455342614	NA
Caudate	-0.11647600773586092	8.428037772287217	NA	21.103386980226606	NA
Caudate	-0.11647600773586092	8.6036218925432	NA	20.91943067082876	NA
Caudate	-0.11647600773586092	8.779206012799184	NA	20.736448371192907	NA
Caudate	-0.11647600773586092	8.954790133055168	NA	20.55406858156421	NA
Caudate	-0.11647600773586092	9.11647600773586	18.524952110865332	20.386365588756682	1.3074986716585597
Caudate	-0.11647600773586092	9.130374253311151	NA	20.37195254589106	NA
Caudate	-0.11647600773586092	9.305958373567135	NA	20.18979157546691	NA
Caudate	-0.11647600773586092	9.481542493823119	NA	20.00730458958232	NA
Caudate	-0.11647600773586092	9.657126614079102	NA	19.82423585560675	NA
Caudate	-0.11647600773586092	9.832710734335087	NA	19.640352912343836	NA
Caudate	-0.11647600773586092	10.008294854591071	NA	19.455444661812603	NA
Caudate	-0.11647600773586092	10.183878974847055	NA	19.27447623866114	NA
Caudate	-0.11647600773586092	10.359463095103038	NA	19.110608518481325	NA
Caudate	-0.11647600773586092	10.535047215359022	NA	18.95539234249144	NA
Caudate	-0.11647600773586092	10.710631335615005	NA	18.80816692441326	NA
Caudate	-0.11647600773586092	10.886215455870989	NA	18.668324641382554	NA
Caudate	-0.11647600773586092	11.061799576126973	NA	18.535306730823898	NA
Caudate	-0.11647600773586092	11.237383696382956	NA	18.40859933586195	NA
Caudate	-0.11647600773586092	11.41296781663894	NA	18.28772987103692	NA
Caudate	-0.11647600773586092	11.588551936894923	NA	18.172263682378983	NA
Caudate	-0.11647600773586092	11.764136057150907	NA	18.061800977998065	NA
Caudate	-0.11647600773586092	11.93972017740689	NA	17.95597400727665	NA
Caudate	-0.11647600773586092	12.115304297662874	NA	17.854444468528428	NA
Caudate	-0.11647600773586092	12.290888417918858	NA	17.75690112661645	NA
Caudate	-0.11647600773586092	12.466472538174841	NA	17.663057623524008	NA
Caudate	-0.11647600773586092	12.61647600773586	18.486072575892347	17.585616301735076	1.6488746663169376
Caudate	-0.11647600773586092	12.642056658430825	NA	17.5726504662485	NA
Caudate	-0.11647600773586092	12.81764077868681	NA	17.485437177654962	NA
Caudate	-0.11647600773586092	12.993224898942794	NA	17.401194597089273	NA
Caudate	-0.11647600773586092	13.168809019198777	NA	17.319717318620327	NA
Caudate	-0.11647600773586092	13.34439313945476	NA	17.240816255763015	NA
Caudate	-0.11647600773586092	13.519977259710744	NA	17.164317322436887	NA
Caudate	-0.11647600773586092	13.695561379966728	NA	17.09006022074557	NA
Caudate	-0.11647600773586092	13.871145500222712	NA	17.01789732692376	NA
Caudate	-0.11647600773586092	14.046729620478695	NA	16.947692667500878	NA
Caudate	-0.11647600773586092	14.222313740734679	NA	16.87932097837331	NA
Caudate	-0.11647600773586092	14.397897860990662	NA	16.812666840069717	NA
Caudate	-0.11647600773586092	14.573481981246646	NA	16.747623883037814	NA
Caudate	-0.11647600773586092	14.74906610150263	NA	16.68409405728089	NA
Caudate	-0.11647600773586092	14.924650221758613	NA	16.621986961131665	NA
Caudate	-0.11647600773586092	15.100234342014597	NA	16.561219224373477	NA
Caudate	-0.11647600773586092	15.27581846227058	NA	16.501713941306694	NA
Caudate	-0.11647600773586092	15.451402582526566	NA	16.44311624368642	NA
Caudate	-0.11647600773586092	15.626986702782549	NA	16.383957817431817	NA
Caudate	-0.11647600773586092	15.802570823038533	NA	16.32522407577931	NA
Caudate	-0.11647600773586092	15.978154943294516	NA	16.266891899503648	NA
Caudate	-0.11647600773586092	16.1537390635505	NA	16.208939948057665	NA
Caudate	-0.11647600773586092	16.329323183806483	NA	16.15134844389142	NA
Caudate	-0.11647600773586092	16.504907304062467	NA	16.094099152185393	NA
Caudate	-0.11647600773586092	16.68049142431845	NA	16.037175215876832	NA
Caudate	-0.11647600773586092	16.856075544574434	NA	15.98056104495718	NA
Caudate	-0.11647600773586092	17.031659664830418	NA	15.924242214728553	NA
Caudate	-0.11647600773586092	17.2072437850864	NA	15.868205372293714	NA
Caudate	-0.11647600773586092	17.382827905342385	NA	15.812438150612534	NA
Caudate	-0.11647600773586092	17.55841202559837	NA	15.756929089512226	NA
Caudate	-0.11647600773586092	17.616476007735862	16.40924471697662	15.738627722291353	1.4615748685495742
Caudate	-0.11647600773586092	17.733996145854352	NA	15.701667563088131	NA
Caudate	-0.11647600773586092	17.909580266110336	NA	15.64664371297742	NA
Caudate	-0.11647600773586092	18.08516438636632	NA	15.591848387030122	NA
Caudate	-0.11647600773586092	18.260748506622303	NA	15.537273082940336	NA
Caudate	-0.11647600773586092	18.436332626878286	NA	15.482909896435853	NA
Caudate	-0.11647600773586092	18.61191674713427	NA	15.428751473657119	NA
Caudate	-0.11647600773586092	18.787500867390253	NA	15.374790967386174	NA
Caudate	-0.11647600773586092	18.963084987646237	NA	15.321021996813792	NA
Caudate	-0.11647600773586092	19.13866910790222	NA	15.267438610558319	NA
Caudate	-0.11647600773586092	19.314253228158204	NA	15.21403525267279	NA
Caudate	-0.11647600773586092	19.489837348414188	NA	15.16080673139853	NA
Caudate	-0.11647600773586092	19.665421468670175	NA	15.107748190442528	NA
Caudate	-0.11647600773586092	19.84100558892616	NA	15.054855082574523	NA
Caudate	-0.11647600773586092	20.016589709182142	NA	15.002123145355739	NA
Caudate	-0.11647600773586092	20.192173829438126	NA	14.949548378826812	NA
Caudate	-0.11647600773586092	20.36775794969411	NA	14.897127024996134	NA
Caudate	-0.11647600773586092	20.543342069950093	NA	14.844855548982977	NA
Caudate	-0.11647600773586092	20.718926190206076	NA	14.792730621681331	NA
Caudate	-0.11647600773586092	20.89451031046206	NA	14.740749103821308	NA
Caudate	-0.11647600773586092	21.070094430718044	NA	14.688908031315098	NA
Caudate	-0.11647600773586092	21.245678550974027	NA	14.63720460178331	NA
Caudate	-0.11647600773586092	21.42126267123001	NA	14.585636162166294	NA
Caudate	-0.11647600773586092	21.596846791485994	NA	14.534200197332506	NA
Caudate	-0.11647600773586092	21.772430911741978	NA	14.482894319603302	NA
Caudate	-0.11647600773586092	21.94801503199796	NA	14.431716259119892	NA
Caudate	-0.11647600773586092	22.123599152253945	NA	14.38066385498437	NA
Caudate	-0.11647600773586092	22.29918327250993	NA	14.329735047112171	NA
Caudate	-0.11647600773586092	22.474767392765912	NA	14.278927868738261	NA
Caudate	-0.11647600773586092	22.616476007735862	14.724754316378194	14.23801039226676	1.3231845405683509
Caudate	-0.11647600773586092	22.650351513021896	NA	14.228240439524418	NA
Caudate	-0.11647600773586092	22.82593563327788	NA	14.177670959218638	NA
Caudate	-0.11647600773586092	23.001519753533863	NA	14.127217701822284	NA
Caudate	-0.11647600773586092	23.177103873789846	NA	14.076879010223744	NA
Caudate	-0.11647600773586092	23.35268799404583	NA	14.026653291260908	NA
Caudate	-0.11647600773586092	23.528272114301814	NA	13.976539011177815	NA
Caudate	-0.11647600773586092	23.703856234557797	NA	13.926534691443477	NA
Caudate	-0.11647600773586092	23.87944035481378	NA	13.876638904903784	NA
Caudate	-0.11647600773586092	24.055024475069764	NA	13.826850286911785	NA
Caudate	-0.11647600773586092	24.230608595325748	NA	13.777167489141053	NA
Caudate	-0.11647600773586092	24.40619271558173	NA	13.727589216949896	NA
Caudate	-0.11647600773586092	24.581776835837715	NA	13.678114215987993	NA
Caudate	-0.11647600773586092	24.7573609560937	NA	13.628741268164733	NA
Caudate	-0.11647600773586092	24.932945076349682	NA	13.579469189304158	NA
Caudate	-0.11647600773586092	25.108529196605666	NA	13.530296826984408	NA
Caudate	-0.11647600773586092	25.28411331686165	NA	13.48122305854694	NA
Caudate	-0.11647600773586092	25.459697437117637	NA	13.432246789261693	NA
Caudate	-0.11647600773586092	25.63528155737362	NA	13.383366950635686	NA
Caudate	-0.11647600773586092	25.810865677629604	NA	13.33458249885342	NA
Caudate	-0.11647600773586092	25.986449797885587	NA	13.285892413338532	NA
Caudate	-0.11647600773586092	26.16203391814157	NA	13.237295695426837	NA
Caudate	-0.11647600773586092	26.337618038397554	NA	13.188791367141857	NA
Caudate	-0.11647600773586092	26.513202158653538	NA	13.140378470064533	NA
Caudate	-0.11647600773586092	26.68878627890952	NA	13.092056064289542	NA
Caudate	-0.11647600773586092	26.864370399165505	NA	13.043823227461282	NA
Caudate	-0.11647600773586092	27.03995451942149	NA	12.995679053883007	NA
Caudate	-0.11647600773586092	27.215538639677472	NA	12.94762265369364	NA
Caudate	-0.11647600773586092	27.391122759933456	NA	12.899653152105888	NA
Caudate	-0.11647600773586092	27.56670688018944	NA	12.851769688701951	NA
Caudate	-0.11647600773586092	27.616476007735862	12.960482222523517	12.838212666038029	1.2060205081706268
Caudate	-0.11647600773586092	27.742291000445423	NA	12.803971416781303	NA
Caudate	-0.11647600773586092	27.917875120701407	NA	12.756257502756709	NA
Caudate	-0.11647600773586092	28.09345924095739	NA	12.708627125594615	NA
Caudate	-0.11647600773586092	28.269043361213374	NA	12.66107947629628	NA
Caudate	-0.11647600773586092	28.444627481469357	NA	12.613613757416406	NA
Caudate	-0.11647600773586092	28.62021160172534	NA	12.56622918261637	NA
Caudate	-0.11647600773586092	28.795795721981325	NA	12.518924976249135	NA
Caudate	-0.11647600773586092	28.971379842237308	NA	12.471700372973398	NA
Caudate	-0.11647600773586092	29.14696396249329	NA	12.424554617394707	NA
Caudate	-0.11647600773586092	29.322548082749275	NA	12.377486963731274	NA
Caudate	-0.11647600773586092	29.49813220300526	NA	12.330496675502603	NA
Caudate	-0.11647600773586092	29.673716323261242	NA	12.283583025239134	NA
Caudate	-0.11647600773586092	29.849300443517226	NA	12.236745294211158	NA
Caudate	-0.11647600773586092	30.02488456377321	NA	12.189996636712571	NA
Caudate	-0.11647600773586092	30.200468684029193	NA	12.143801357993658	NA
Caudate	-0.11647600773586092	30.376052804285177	NA	12.097909958634883	NA
Caudate	-0.11647600773586092	30.55163692454116	NA	12.052307038947305	NA
Caudate	-0.11647600773586092	30.727221044797144	NA	12.006981167742111	NA
Caudate	-0.11647600773586092	30.90280516505313	NA	11.961921731653224	NA
Caudate	-0.11647600773586092	31.078389285309115	NA	11.917118869870421	NA
Caudate	-0.11647600773586092	31.253973405565098	NA	11.872563414150457	NA
Caudate	-0.11647600773586092	31.42955752582108	NA	11.82824683367859	NA
Caudate	-0.11647600773586092	31.605141646077065	NA	11.784161184387925	NA
Caudate	-0.11647600773586092	31.78072576633305	NA	11.740299062375398	NA
Caudate	-0.11647600773586092	31.956309886589032	NA	11.696653578565378	NA
Caudate	-0.11647600773586092	32.131894006845016	NA	11.653218280053768	NA
Caudate	-0.11647600773586092	32.307478127101	NA	11.609987125238487	NA
Caudate	-0.11647600773586092	32.48306224735698	NA	11.566954476063161	NA
Caudate	-0.11647600773586092	32.61647600773586	11.037720853255111	11.534386568175883	1.1067431838713475
Caudate	-0.11647600773586092	32.65864636761297	NA	11.524115052432686	NA
Caudate	-0.11647600773586092	32.83423048786895	NA	11.481463904111903	NA
Caudate	-0.11647600773586092	33.009814608124934	NA	11.438996384892398	NA
Caudate	-0.11647600773586092	33.18539872838092	NA	11.396708128843903	NA
Caudate	-0.11647600773586092	33.3609828486369	NA	11.354595028481384	NA
Caudate	-0.11647600773586092	33.536566968892885	NA	11.312653214692737	NA
Caudate	-0.11647600773586092	33.71215108914887	NA	11.270879038284725	NA
Caudate	-0.11647600773586092	33.88773520940485	NA	11.229269053015791	NA
Caudate	-0.11647600773586092	34.063319329660835	NA	11.187819999995803	NA
Caudate	-0.11647600773586092	34.23890344991682	NA	11.146528793341712	NA
Caudate	-0.11647600773586092	34.4144875701728	NA	11.105392506987661	NA
Caudate	-0.11647600773586092	34.590071690428786	NA	11.064408362556048	NA
Caudate	-0.11647600773586092	34.76565581068477	NA	11.023573718203673	NA
Caudate	-0.11647600773586092	34.94123993094075	NA	10.982886058364029	NA
Caudate	-0.11647600773586092	35.11682405119674	NA	10.942342984313239	NA
Caudate	-0.11647600773586092	35.29240817145272	NA	10.901942205492979	NA
Caudate	-0.11647600773586092	35.467992291708704	NA	10.861681531529168	NA
Caudate	-0.11647600773586092	35.64357641196469	NA	10.82155886489002	NA
Caudate	-0.11647600773586092	35.81916053222067	NA	10.781572194131915	NA
Caudate	-0.11647600773586092	35.994744652476655	NA	10.74171958768532	NA
Caudate	-0.11647600773586092	36.17032877273264	NA	10.701999188137302	NA
Caudate	-0.11647600773586092	36.34591289298862	NA	10.662409206970255	NA
Caudate	-0.11647600773586092	36.521497013244606	NA	10.622947919720115	NA
Caudate	-0.11647600773586092	36.69708113350059	NA	10.583613661520076	NA
Caudate	-0.11647600773586092	36.87266525375657	NA	10.544404822998624	NA
Caudate	-0.11647600773586092	37.048249374012556	NA	10.505319846503246	NA
Caudate	-0.11647600773586092	37.22383349426854	NA	10.46635722262361	NA
Caudate	-0.11647600773586092	37.39941761452452	NA	10.4275154869898	NA
Caudate	-0.11647600773586092	37.57500173478051	NA	10.388793217323594	NA
Caudate	-0.11647600773586092	37.61647600773586	10.09625922367111	10.379664039392553	1.0217746219934254
Caudate	-0.11647600773586092	37.75058585503649	NA	10.350189030722248	NA
Caudate	-0.11647600773586092	37.926169975292474	NA	10.311701581155969	NA
Caudate	-0.11647600773586092	38.10175409554846	NA	10.273329557161961	NA
Caudate	-0.11647600773586092	38.27733821580444	NA	10.235071679718999	NA
Caudate	-0.11647600773586092	38.452922336060425	NA	10.196926700288124	NA
Caudate	-0.11647600773586092	38.62850645631641	NA	10.158893399005986	NA
Caudate	-0.11647600773586092	38.80409057657239	NA	10.120970583018476	NA
Caudate	-0.11647600773586092	38.979674696828376	NA	10.083157084943473	NA
Caudate	-0.11647600773586092	39.15525881708436	NA	10.04545176145215	NA
Caudate	-0.11647600773586092	39.33084293734035	NA	10.00785349195939	NA
Caudate	-0.11647600773586092	39.50642705759633	NA	9.970361177414496	NA
Caudate	-0.11647600773586092	39.68201117785232	NA	9.932973739184126	NA
Caudate	-0.11647600773586092	39.8575952981083	NA	9.89569012087011	NA
Caudate	-0.11647600773586092	40.033179418364284	NA	9.858509291446248	NA
Caudate	-0.11647600773586092	40.20876353862027	NA	9.821430214695885	NA
Caudate	-0.11647600773586092	40.38434765887625	NA	9.784451884088641	NA
Caudate	-0.11647600773586092	40.559931779132235	NA	9.747573309069393	NA
Caudate	-0.11647600773586092	40.73551589938822	NA	9.710793514358254	NA
Caudate	-0.11647600773586092	40.9111000196442	NA	9.674111539301673	NA
Caudate	-0.11647600773586092	41.086684139900186	NA	9.637526437270978	NA
Caudate	-0.11647600773586092	41.26226826015617	NA	9.601037275104254	NA
Caudate	-0.11647600773586092	41.43785238041215	NA	9.56464313258821	NA
Caudate	-0.11647600773586092	41.613436500668136	NA	9.528343101976834	NA
Caudate	-0.11647600773586092	41.78902062092412	NA	9.492136287543868	NA
Caudate	-0.11647600773586092	41.9646047411801	NA	9.456021805166502	NA
Caudate	-0.11647600773586092	42.14018886143609	NA	9.419998781937652	NA
Caudate	-0.11647600773586092	42.31577298169207	NA	9.384066355804734	NA
Caudate	-0.11647600773586092	42.491357101948054	NA	9.348223675232676	NA
Caudate	-0.11647600773586092	42.61647600773586	9.068734876557482	9.322736912663293	0.9524378778458922
Caudate	-0.11647600773586092	42.66694122220404	NA	9.312469898889312	NA
Caudate	-0.11647600773586092	42.84252534246002	NA	9.27680419535146	NA
Caudate	-0.11647600773586092	43.018109462716005	NA	9.241225742829913	NA
Caudate	-0.11647600773586092	43.19369358297199	NA	9.205733728911932	NA
Caudate	-0.11647600773586092	43.36927770322797	NA	9.170327350319912	NA
Caudate	-0.11647600773586092	43.544861823483956	NA	9.13500581268486	NA
Caudate	-0.11647600773586092	43.72044594373994	NA	9.099768330333562	NA
Caudate	-0.11647600773586092	43.89603006399592	NA	9.064614126088413	NA
Caudate	-0.11647600773586092	44.07161418425191	NA	9.029542431078873	NA
Caudate	-0.11647600773586092	44.24719830450789	NA	8.994552484563672	NA
Caudate	-0.11647600773586092	44.422782424763874	NA	8.959643533762943	NA
Caudate	-0.11647600773586092	44.59836654501986	NA	8.92481483369948	NA
Caudate	-0.11647600773586092	44.77395066527584	NA	8.890065647048479	NA
Caudate	-0.11647600773586092	44.949534785531824	NA	8.85539524399508	NA
Caudate	-0.11647600773586092	45.12511890578781	NA	8.820802902099096	NA
Caudate	-0.11647600773586092	45.30070302604379	NA	8.786287906166457	NA
Caudate	-0.11647600773586092	45.476287146299775	NA	8.752013974675567	NA
Caudate	-0.11647600773586092	45.65187126655576	NA	8.718110885214106	NA
Caudate	-0.11647600773586092	45.82745538681174	NA	8.684555553247986	NA
Caudate	-0.11647600773586092	46.003039507067726	NA	8.65133361410432	NA
Caudate	-0.11647600773586092	46.17862362732371	NA	8.61843174162931	NA
Caudate	-0.11647600773586092	46.35420774757969	NA	8.585837565197586	NA
Caudate	-0.11647600773586092	46.52979186783568	NA	8.553539593433808	NA
Caudate	-0.11647600773586092	46.70537598809166	NA	8.521527144102818	NA
Caudate	-0.11647600773586092	46.880960108347644	NA	8.489790279669	NA
Caudate	-0.11647600773586092	47.05654422860363	NA	8.458319748065417	NA
Caudate	-0.11647600773586092	47.23212834885961	NA	8.427106928251082	NA
Caudate	-0.11647600773586092	47.407712469115594	NA	8.396143780168398	NA
Caudate	-0.11647600773586092	47.58329658937158	NA	8.365422798744516	NA
Caudate	-0.11647600773586092	47.61647600773586	8.354846999116303	8.359644333879444	0.8933233529586769
Caudate	-0.11647600773586092	47.75888070962756	NA	8.334936971609146	NA
Caudate	-0.11647600773586092	47.934464829883545	NA	8.30467976798547	NA
Caudate	-0.11647600773586092	48.11004895013953	NA	8.274645024265013	NA
Caudate	-0.11647600773586092	48.28563307039551	NA	8.244826979110435	NA
Caudate	-0.11647600773586092	48.461217190651496	NA	8.215220232578519	NA
Caudate	-0.11647600773586092	48.63680131090748	NA	8.185819712028104	NA
Caudate	-0.11647600773586092	48.81238543116346	NA	8.156620646605194	NA
Caudate	-0.11647600773586092	48.98796955141945	NA	8.127618543785896	NA
Caudate	-0.11647600773586092	49.16355367167543	NA	8.09880916781044	NA
Caudate	-0.11647600773586092	49.339137791931414	NA	8.070188519855202	NA
Caudate	-0.11647600773586092	49.5147219121874	NA	8.041752819802149	NA
Caudate	-0.11647600773586092	49.69030603244338	NA	8.013498489476204	NA
Caudate	-0.11647600773586092	49.865890152699365	NA	7.985422137231822	NA
Caudate	-0.11647600773586092	50.04147427295535	NA	7.957520543779556	NA
Caudate	-0.11647600773586092	50.21705839321133	NA	7.929790649152241	NA
Caudate	-0.11647600773586092	50.392642513467315	NA	7.902229540718512	NA
Caudate	-0.11647600773586092	50.5682266337233	NA	7.874834442158961	NA
Caudate	-0.11647600773586092	50.74381075397929	NA	7.8476027033269995	NA
Caudate	-0.11647600773586092	50.91939487423527	NA	7.820531790922863	NA
Caudate	-0.11647600773586092	51.09497899449126	NA	7.793619279914906	NA
Caudate	-0.11647600773586092	51.27056311474724	NA	7.7668628456478075	NA
Caudate	-0.11647600773586092	51.446147235003224	NA	7.740260256582059	NA
Caudate	-0.11647600773586092	51.62173135525921	NA	7.713809367613701	NA
Caudate	-0.11647600773586092	51.79731547551519	NA	7.687508113927353	NA
Caudate	-0.11647600773586092	51.972899595771175	NA	7.661354505339437	NA
Caudate	-0.11647600773586092	52.14848371602716	NA	7.635346621091945	NA
Caudate	-0.11647600773586092	52.32406783628314	NA	7.609482605060334	NA
Caudate	-0.11647600773586092	52.499651956539125	NA	7.583760661342025	NA
Caudate	-0.11647600773586092	52.61647600773586	7.493534823420235	7.566724542738913	0.8460382092472831
Caudate	-0.11647600773586092	52.67523607679511	NA	7.558179050194829	NA
Caudate	-0.11647600773586092	52.85082019705109	NA	7.532736084296934	NA
Caudate	-0.11647600773586092	53.026404317307076	NA	7.5074301253025615	NA
Caudate	-0.11647600773586092	53.20198843756306	NA	7.482259580669305	NA
Caudate	-0.11647600773586092	53.37757255781904	NA	7.4572229007353235	NA
Caudate	-0.11647600773586092	53.55315667807503	NA	7.432318576026089	NA
Caudate	-0.11647600773586092	53.72874079833101	NA	7.407545134772306	NA
Caudate	-0.11647600773586092	53.904324918586994	NA	7.38290114062182	NA
Caudate	-0.11647600773586092	54.07990903884298	NA	7.358385190529941	NA
Caudate	-0.11647600773586092	54.25549315909896	NA	7.333995912813853	NA
Caudate	-0.11647600773586092	54.431077279354945	NA	7.309731965357663	NA
Caudate	-0.11647600773586092	54.60666139961093	NA	7.28559203395619	NA
Caudate	-0.11647600773586092	54.78224551986691	NA	7.2615748307862455	NA
Caudate	-0.11647600773586092	54.957829640122895	NA	7.237679092995029	NA
Caudate	-0.11647600773586092	55.13341376037888	NA	7.213903581396331	NA
Caudate	-0.11647600773586092	55.30899788063486	NA	7.190247079265872	NA
Caudate	-0.11647600773586092	55.484582000890846	NA	7.166708391227701	NA
Caudate	-0.11647600773586092	55.66016612114683	NA	7.143286342224469	NA
Caudate	-0.11647600773586092	55.83575024140281	NA	7.119979784492167	NA
Caudate	-0.11647600773586092	56.0113343616588	NA	7.096787582161036	NA
Caudate	-0.11647600773586092	56.18691848191478	NA	7.073708606091675	NA
Caudate	-0.11647600773586092	56.362502602170764	NA	7.050741753662533	NA
Caudate	-0.11647600773586092	56.53808672242675	NA	7.027885938461151	NA
Caudate	-0.11647600773586092	56.71367084268273	NA	7.005140089633558	NA
Caudate	-0.11647600773586092	56.889254962938715	NA	6.982503151280306	NA
Caudate	-0.11647600773586092	57.0648390831947	NA	6.959974081895509	NA
Caudate	-0.11647600773586092	57.24042320345068	NA	6.937551853845462	NA
Caudate	-0.11647600773586092	57.416007323706665	NA	6.915235452883609	NA
Caudate	-0.11647600773586092	57.59159144396265	NA	6.893023877699039	NA
Caudate	-0.11647600773586092	57.61647600773586	6.483870786467932	6.889884335807234	0.8010156664100823
Caudate	-0.11647600773586092	57.76717556421863	NA	6.870916139495784	NA
Caudate	-0.11647600773586092	57.942759684474616	NA	6.848911261600592	NA
Caudate	-0.11647600773586092	58.1183438047306	NA	6.827008279096733	NA
Caudate	-0.11647600773586092	58.29392792498658	NA	6.8052062384819925	NA
Caudate	-0.11647600773586092	58.46951204524257	NA	6.783504197348771	NA
Caudate	-0.11647600773586092	58.64509616549855	NA	6.761901224084616	NA
Caudate	-0.11647600773586092	58.820680285754534	NA	6.740396397591658	NA
Caudate	-0.11647600773586092	58.99626440601052	NA	6.718988807023303	NA
Caudate	-0.11647600773586092	59.1718485262665	NA	6.697677551536962	NA
Caudate	-0.11647600773586092	59.347432646522485	NA	6.676461740061541	NA
Caudate	-0.11647600773586092	59.52301676677847	NA	6.655340491078501	NA
Caudate	-0.11647600773586092	59.69860088703445	NA	6.634312932415475	NA
Caudate	-0.11647600773586092	59.874185007290436	NA	6.613380031324476	NA
Caudate	-0.11647600773586092	60.04976912754642	NA	6.592942310188192	NA
Caudate	-0.11647600773586092	60.2253532478024	NA	6.572710773265817	NA
Caudate	-0.11647600773586092	60.400937368058386	NA	6.5526655101793665	NA
Caudate	-0.11647600773586092	60.57652148831437	NA	6.532800892559705	NA
Caudate	-0.11647600773586092	60.75210560857035	NA	6.5131116622432055	NA
Caudate	-0.11647600773586092	60.92768972882634	NA	6.493592902060338	NA
Caudate	-0.11647600773586092	61.10327384908232	NA	6.474240008983499	NA
Caudate	-0.11647600773586092	61.278857969338304	NA	6.455048669442939	NA
Caudate	-0.11647600773586092	61.45444208959429	NA	6.436014836635314	NA
Caudate	-0.11647600773586092	61.63002620985027	NA	6.417134709663439	NA
Caudate	-0.11647600773586092	61.80561033010626	NA	6.39840471435903	NA
Caudate	-0.11647600773586092	61.981194450362246	NA	6.379821485652115	NA
Caudate	-0.11647600773586092	62.15677857061823	NA	6.3613818513619815	NA
Caudate	-0.11647600773586092	62.33236269087421	NA	6.343082817294435	NA
Caudate	-0.11647600773586092	62.507946811130196	NA	6.324921553539736	NA
Caudate	-0.11647600773586092	62.61647600773586	6.410318466967028	6.3137637676984175	0.767297136702956
Caudate	-0.11647600773586092	62.68353093138618	NA	6.30689538187399	NA
Caudate	-0.11647600773586092	62.85911505164216	NA	6.28900176417458	NA
Caudate	-0.11647600773586092	63.03469917189815	NA	6.271238291767677	NA
Caudate	-0.11647600773586092	63.21028329215413	NA	6.253602675632316	NA
Caudate	-0.11647600773586092	63.385867412410114	NA	6.236092737391688	NA
Caudate	-0.11647600773586092	63.5614515326661	NA	6.218706401028099	NA
Caudate	-0.11647600773586092	63.73703565292208	NA	6.201441686922737	NA
Caudate	-0.11647600773586092	63.912619773178065	NA	6.184296716165966	NA
Caudate	-0.11647600773586092	64.08820389343404	NA	6.167269659664647	NA
Caudate	-0.11647600773586092	64.26378801369003	NA	6.150358780536163	NA
Caudate	-0.11647600773586092	64.43937213394601	NA	6.133562411790123	NA
Caudate	-0.11647600773586092	64.614956254202	NA	6.116878951308399	NA
Caudate	-0.11647600773586092	64.79054037445798	NA	6.100306857225882	NA
Caudate	-0.11647600773586092	64.96612449471397	NA	6.083844643679708	NA
Caudate	-0.11647600773586092	65.14170861496994	NA	6.06749087689709	NA
Caudate	-0.11647600773586092	65.31729273522593	NA	6.051244171594394	NA
Caudate	-0.11647600773586092	65.49287685548191	NA	6.035103187662277	NA
Caudate	-0.11647600773586092	65.6684609757379	NA	6.019066627113816	NA
Caudate	-0.11647600773586092	65.84404509599388	NA	6.003133231274312	NA
Caudate	-0.11647600773586092	66.01962921624987	NA	5.987301778193316	NA
Caudate	-0.11647600773586092	66.19521333650584	NA	5.97157108026085	NA
Caudate	-0.11647600773586092	66.37079745676184	NA	5.955939982011342	NA
Caudate	-0.11647600773586092	66.54638157701781	NA	5.940407358100242	NA
Caudate	-0.11647600773586092	66.7219656972738	NA	5.924972111439171	NA
Caudate	-0.11647600773586092	66.89754981752978	NA	5.909633171476978	NA
Caudate	-0.11647600773586092	67.07313393778577	NA	5.8943894926148435	NA
Caudate	-0.11647600773586092	67.24871805804175	NA	5.879240052744693	NA
Caudate	-0.11647600773586092	67.42430217829774	NA	5.864183851900873	NA
Caudate	-0.11647600773586092	67.59988629855373	NA	5.849219911016084	NA
Caudate	-0.11647600773586092	67.61647600773586	5.963526552393623	5.847810804233769	0.7366919864157483
Caudate	-0.11647600773586092	67.7754704188097	NA	5.834347270773034	NA
Caudate	-0.11647600773586092	67.9510545390657	NA	5.819564990544258	NA
Caudate	-0.11647600773586092	68.12663865932167	NA	5.804872147412863	NA
Caudate	-0.11647600773586092	68.30222277957766	NA	5.790267835267798	NA
Caudate	-0.11647600773586092	68.47780689983364	NA	5.775751163967577	NA
Caudate	-0.11647600773586092	68.65339102008963	NA	5.7613212585669915	NA
Caudate	-0.11647600773586092	68.8289751403456	NA	5.746977258601779	NA
Caudate	-0.11647600773586092	69.0045592606016	NA	5.732718317426506	NA
Caudate	-0.11647600773586092	69.18014338085757	NA	5.718543601601509	NA
Caudate	-0.11647600773586092	69.35572750111356	NA	5.704452290324895	NA
Caudate	-0.11647600773586092	69.53131162136954	NA	5.690443574905973	NA
Caudate	-0.11647600773586092	69.70689574162553	NA	5.676516658276886	NA
Caudate	-0.11647600773586092	69.8824798618815	NA	5.662670754539309	NA
Caudate	-0.11647600773586092	70.0580639821375	NA	5.648905088543447	NA
Caudate	-0.11647600773586092	70.23364810239347	NA	5.635218895496745	NA
Caudate	-0.11647600773586092	70.40923222264946	NA	5.621611420599961	NA
Caudate	-0.11647600773586092	70.58481634290544	NA	5.608081918708434	NA
Caudate	-0.11647600773586092	70.76040046316143	NA	5.594629654016489	NA
Caudate	-0.11647600773586092	70.93598458341741	NA	5.5812538997631815	NA
Caudate	-0.11647600773586092	71.1115687036734	NA	5.567953937957734	NA
Caudate	-0.11647600773586092	71.28715282392938	NA	5.554729059123012	NA
Caudate	-0.11647600773586092	71.46273694418537	NA	5.541578562055689	NA
Caudate	-0.11647600773586092	71.63832106444134	NA	5.528501753601772	NA
Caudate	-0.11647600773586092	71.81390518469733	NA	5.515497956469074	NA
Caudate	-0.11647600773586092	71.98948930495331	NA	5.5025664877937635	NA
Caudate	-0.11647600773586092	72.1650734252093	NA	5.489706674325557	NA
Caudate	-0.11647600773586092	72.34065754546528	NA	5.476917853132943	NA
Caudate	-0.11647600773586092	72.51624166572127	NA	5.464199368402565	NA
Caudate	-0.11647600773586092	72.61647600773586	5.215939316224557	5.456970136142973	0.7074643379404949
Caudate	-0.11647600773586092	72.69182578597724	NA	5.451550571284567	NA
Caudate	-0.11647600773586092	72.86740990623323	NA	5.4389708197468245	NA
Caudate	-0.11647600773586092	73.04299402648921	NA	5.426459478437069	NA
Caudate	-0.11647600773586092	73.2185781467452	NA	5.414015918552459	NA
Caudate	-0.11647600773586092	73.39416226700118	NA	5.401639517716016	NA
Caudate	-0.11647600773586092	73.56974638725717	NA	5.389329659859357	NA
Caudate	-0.11647600773586092	73.74533050751315	NA	5.377085735111276	NA
Caudate	-0.11647600773586092	73.92091462776914	NA	5.364907139691752	NA
Caudate	-0.11647600773586092	74.09649874802511	NA	5.352793275810933	NA
Caudate	-0.11647600773586092	74.2720828682811	NA	5.340743551572752	NA
Caudate	-0.11647600773586092	74.44766698853708	NA	5.328757380882827	NA
Caudate	-0.11647600773586092	74.62325110879307	NA	5.31683418336033	NA
Caudate	-0.11647600773586092	74.79883522904905	NA	5.304973384253571	NA
Caudate	-0.11647600773586092	74.97441934930504	NA	5.293174414358896	NA
Caudate	-0.11647600773586092	75.15000346956101	NA	5.281436709942892	NA
Caudate	-0.11647600773586092	75.325587589817	NA	5.269759712667396	NA
Caudate	-0.11647600773586092	75.50117171007298	NA	5.25814286951735	NA
Caudate	-0.11647600773586092	75.67675583032897	NA	5.2465856327311	NA
Caudate	-0.11647600773586092	75.85233995058495	NA	5.235087459733175	NA
Caudate	-0.11647600773586092	76.02792407084094	NA	5.223647813069144	NA
Caudate	-0.11647600773586092	76.20350819109692	NA	5.212266160342616	NA
Caudate	-0.11647600773586092	76.3790923113529	NA	5.20094197415415	NA
Caudate	-0.11647600773586092	76.55467643160888	NA	5.189674732041902	NA
Caudate	-0.11647600773586092	76.73026055186487	NA	5.178463916424005	NA
Caudate	-0.11647600773586092	76.90584467212085	NA	5.167309014542519	NA
Caudate	-0.11647600773586092	77.08142879237684	NA	5.156209518408766	NA
Caudate	-0.11647600773586092	77.25701291263282	NA	5.145164924750173	NA
Caudate	-0.11647600773586092	77.43259703288881	NA	5.134174734958275	NA
Caudate	-0.11647600773586092	77.60818115314478	NA	5.123238455038043	NA
Caudate	-0.11647600773586092	77.61647600773586	5.104051517528557	5.1227231386702865	0.6861044628556173
Caudate	-0.11647600773586092	77.78376527340077	NA	5.112355595558286	NA
Caudate	-0.11647600773586092	77.95934939365675	NA	5.101525671603181	NA
Caudate	-0.11647600773586092	78.13493351391274	NA	5.09074820272477	NA
Caudate	-0.11647600773586092	78.31051763416872	NA	5.080022712896478	NA
Caudate	-0.11647600773586092	78.48610175442471	NA	5.069348730467463	NA
Caudate	-0.11647600773586092	78.6616858746807	NA	5.058725788117925	NA
Caudate	-0.11647600773586092	78.83726999493668	NA	5.048153422815161	NA
Caudate	-0.11647600773586092	79.01285411519267	NA	5.037631175770419	NA
Caudate	-0.11647600773586092	79.18843823544864	NA	5.027158592396494	NA
Caudate	-0.11647600773586092	79.36402235570463	NA	5.016735222266025	NA
Caudate	-0.11647600773586092	79.53960647596061	NA	5.006360619070467	NA
Caudate	-0.11647600773586092	79.7151905962166	NA	4.996034343235635	NA
Caudate	-0.11647600773586092	79.89077471647258	NA	4.985755958471885	NA
Caudate	-0.11647600773586092	80.06635883672857	NA	4.975525025898716	NA
Caudate	-0.11647600773586092	80.24194295698454	NA	4.965341115286786	NA
Caudate	-0.11647600773586092	80.41752707724054	NA	4.95520380032952	NA
Caudate	-0.11647600773586092	80.59311119749651	NA	4.945112658605551	NA
Caudate	-0.11647600773586092	80.7686953177525	NA	4.935067271541653	NA
Caudate	-0.11647600773586092	80.94427943800848	NA	4.925067224376214	NA
Caudate	-0.11647600773586092	81.11986355826447	NA	4.9151121061231	NA
Caudate	-0.11647600773586092	81.29544767852045	NA	4.905201509536041	NA
Caudate	-0.11647600773586092	81.47103179877644	NA	4.895335031073426	NA
Caudate	-0.11647600773586092	81.64661591903241	NA	4.8855122708635115	NA
Caudate	-0.11647600773586092	81.8222000392884	NA	4.875732832670079	NA
Caudate	-0.11647600773586092	81.99778415954438	NA	4.86599632385845	NA
Caudate	-0.11647600773586092	82.17336827980037	NA	4.856302355361933	NA
Caudate	-0.11647600773586092	82.34895240005635	NA	4.8466505416486365	NA
Caudate	-0.11647600773586092	82.52453652031234	NA	4.837040500688608	NA
Caudate	-0.11647600773586092	82.61647600773586	4.95499032427973	4.832025018752759	0.6650942345012545
Caudate	-0.11647600773586092	82.70012064056831	NA	4.827471853921448	NA
Caudate	-0.11647600773586092	82.8757047608243	NA	4.817944226224145	NA
Caudate	-0.11647600773586092	83.05128888108028	NA	4.808457245879328	NA
Caudate	-0.11647600773586092	83.22687300133627	NA	4.79901054454386	NA
Caudate	-0.11647600773586092	83.40245712159225	NA	4.789603757217736	NA
Caudate	-0.11647600773586092	83.57804124184824	NA	4.780236522213315	NA
Caudate	-0.11647600773586092	83.75362536210422	NA	4.770908481124872	NA
Caudate	-0.11647600773586092	83.9292094823602	NA	4.761619278798464	NA
Caudate	-0.11647600773586092	84.10479360261618	NA	4.7523685633020945	NA
Caudate	-0.11647600773586092	84.28037772287217	NA	4.743155985896166	NA
Caudate	-0.11647600773586092	84.45596184312815	NA	4.733981201004261	NA
Caudate	-0.11647600773586092	84.63154596338414	NA	4.724843866184194	NA
Caudate	-0.11647600773586092	84.80713008364012	NA	4.715743642099349	NA
Caudate	-0.11647600773586092	84.98271420389611	NA	4.706680192490282	NA
Caudate	-0.11647600773586092	85.158298324152085	NA	4.6976531841466524	NA
Caudate	-0.11647600773586092	85.33388244440808	NA	4.688662286879353	NA
Caudate	-0.11647600773586092	85.50946656466405	NA	4.679707173492978	NA
Caudate	-0.11647600773586092	85.68505068492004	NA	4.670787519758507	NA
Caudate	-0.11647600773586092	85.86063480517602	NA	4.661903004386301	NA
Caudate	-0.11647600773586092	86.03621892543201	NA	4.65305330899927	NA
Caudate	-0.11647600773586092	86.21180304568799	NA	4.644238118106403	NA
Caudate	-0.11647600773586092	86.38738716594398	NA	4.635457119076472	NA
Caudate	-0.11647600773586092	86.56297128619995	NA	4.626710002112008	NA
Caudate	-0.11647600773586092	86.73855540645594	NA	4.617996460223521	NA
Caudate	-0.11647600773586092	86.91413952671192	NA	4.609316189203983	NA
Caudate	-0.11647600773586092	87.08972364696791	NA	4.600668887603501	NA
Caudate	-0.11647600773586092	87.26530776722389	NA	4.59205425670428	NA
Caudate	-0.11647600773586092	87.44089188747988	NA	4.583472000495785	NA
Caudate	-0.11647600773586092	87.61647600773586	4.582433343294022	4.57490753201896	0.6483100686967205
Frontal	-0.11647600773586092	0	0	-2.1269275742870092e-14	0
Frontal	-0.11647600773586092	0.1755841202559837	NA	0.057727004138984184	NA
Frontal	-0.11647600773586092	0.3511682405119674	NA	0.7337601629406194	NA
Frontal	-0.11647600773586092	0.3664760077358609	0.7178461636832403	0.8686072028914313	0.5943509963021504
Frontal	-0.11647600773586092	0.5267523607679511	NA	2.501934891374804	NA
Frontal	-0.11647600773586092	0.7023364810239348	NA	4.671642383859934	NA
Frontal	-0.11647600773586092	0.8664760077358609	5.675557385018907	6.657727788152704	0.7672901618860205
Frontal	-0.11647600773586092	0.8779206012799184	NA	6.799680312751189	NA
Frontal	-0.11647600773586092	1.0535047215359021	NA	8.839772034399186	NA
Frontal	-0.11647600773586092	1.229088841791886	NA	10.556833949725238	NA
Frontal	-0.11647600773586092	1.3664760077358609	11.506329991581602	12.01942797740985	0.8788492461736329
Frontal	-0.11647600773586092	1.4046729620478695	NA	12.460995155558297	NA
Frontal	-0.11647600773586092	1.580257082303853	NA	14.76996650307724	NA
Frontal	-0.11647600773586092	1.7558412025598369	NA	17.39035109695189	NA
Frontal	-0.11647600773586092	1.8664760077358609	17.967391801432342	18.51272547263773	0.9728198736248336
Frontal	-0.11647600773586092	1.9314253228158207	NA	19.11788225288962	NA
Frontal	-0.11647600773586092	2.1070094430718043	NA	20.28580598777237	NA
Frontal	-0.11647600773586092	2.282593563327788	NA	20.797307544822836	NA
Frontal	-0.11647600773586092	2.366476007735861	21.71718619070333	20.987852895069565	1.0163760689043335
Frontal	-0.11647600773586092	2.458177683583772	NA	21.11361381364146	NA
Frontal	-0.11647600773586092	2.6337618038397554	NA	21.567173655289047	NA
Frontal	-0.11647600773586092	2.809345924095739	NA	21.99286518699796	NA
Frontal	-0.11647600773586092	2.866476007735861	22.388405411432128	22.100516655044718	1.019964999191554
Frontal	-0.11647600773586092	2.9849300443517226	NA	22.276958833131854	NA
Frontal	-0.11647600773586092	3.160514164607706	NA	22.37028790612564	NA
Frontal	-0.11647600773586092	3.33609828486369	NA	22.403210947391194	NA
Frontal	-0.11647600773586092	3.5116824051196738	NA	22.39992044304311	NA
Frontal	-0.11647600773586092	3.616476007735861	22.433054992495695	22.38085318995134	1.2278590277659935
Frontal	-0.11647600773586092	3.6872665253756574	NA	22.36078337600182	NA
Frontal	-0.11647600773586092	3.8628506456316414	NA	22.2861621278099	NA
Frontal	-0.11647600773586092	4.038434765887625	NA	22.17641463802814	NA
Frontal	-0.11647600773586092	4.2140188861436085	NA	22.031894548636487	NA
Frontal	-0.11647600773586092	4.389603006399592	NA	21.85295133517001	NA
Frontal	-0.11647600773586092	4.565187126655576	NA	21.63993042611637	NA
Frontal	-0.11647600773586092	4.616476007735861	21.68749400689602	21.57134379706187	1.2000149637571242
Frontal	-0.11647600773586092	4.740771246911559	NA	21.393173311921533	NA
Frontal	-0.11647600773586092	4.916355367167544	NA	21.11301764479255	NA
Frontal	-0.11647600773586092	5.091939487423527	NA	20.884502441420775	NA
Frontal	-0.11647600773586092	5.267523607679511	NA	20.736238362589848	NA
Frontal	-0.11647600773586092	5.4431077279354945	NA	20.600856790994865	NA
Frontal	-0.11647600773586092	5.616476007735861	20.41126461477631	20.47780386259304	1.1648157536601829
Frontal	-0.11647600773586092	5.618691848191478	NA	20.47629027957569	NA
Frontal	-0.11647600773586092	5.794275968447462	NA	20.360720535891744	NA
Frontal	-0.11647600773586092	5.969860088703445	NA	20.25254899720552	NA
Frontal	-0.11647600773586092	6.145444208959429	NA	20.15037087478114	NA
Frontal	-0.11647600773586092	6.321028329215412	NA	20.052952258434438	NA
Frontal	-0.11647600773586092	6.496612449471397	NA	19.95920992058008	NA
Frontal	-0.11647600773586092	6.67219656972738	NA	19.868193501548166	NA
Frontal	-0.11647600773586092	6.847780689983364	NA	19.779069795455488	NA
Frontal	-0.11647600773586092	7.0233648102393476	NA	19.69110888900833	NA
Frontal	-0.11647600773586092	7.116476007735861	18.99020373327583	19.644713648940662	1.3782105140306276
Frontal	-0.11647600773586092	7.198948930495331	NA	19.603671934803902	NA
Frontal	-0.11647600773586092	7.374533050751315	NA	19.516200366446686	NA
Frontal	-0.11647600773586092	7.550117171007298	NA	19.428206385510205	NA
Frontal	-0.11647600773586092	7.725701291263283	NA	19.339264570411085	NA
Frontal	-0.11647600773586092	7.901285411519266	NA	19.249004474936612	NA
Frontal	-0.11647600773586092	8.07686953177525	NA	19.157103913166004	NA
Frontal	-0.11647600773586092	8.252453652031233	NA	19.063283594069024	NA
Frontal	-0.11647600773586092	8.428037772287217	NA	18.967301922647973	NA
Frontal	-0.11647600773586092	8.6036218925432	NA	18.86895033971925	NA
Frontal	-0.11647600773586092	8.779206012799184	NA	18.768049462101146	NA
Frontal	-0.11647600773586092	8.954790133055168	NA	18.66444559782039	NA
Frontal	-0.11647600773586092	9.11647600773586	17.873939840985727	18.566538355660935	1.3074986716585597
Frontal	-0.11647600773586092	9.130374253311151	NA	18.558007672560798	NA
Frontal	-0.11647600773586092	9.305958373567135	NA	18.448624518872048	NA
Frontal	-0.11647600773586092	9.481542493823119	NA	18.33620248537158	NA
Frontal	-0.11647600773586092	9.657126614079102	NA	18.220663328214393	NA
Frontal	-0.11647600773586092	9.832710734335087	NA	18.101942351551973	NA
Frontal	-0.11647600773586092	10.008294854591071	NA	17.979986767625526	NA
Frontal	-0.11647600773586092	10.183878974847055	NA	17.859741430020794	NA
Frontal	-0.11647600773586092	10.359463095103038	NA	17.752581926543098	NA
Frontal	-0.11647600773586092	10.535047215359022	NA	17.649709922822968	NA
Frontal	-0.11647600773586092	10.710631335615005	NA	17.550700119604166	NA
Frontal	-0.11647600773586092	10.886215455870989	NA	17.455176559091623	NA
Frontal	-0.11647600773586092	11.061799576126973	NA	17.36280681634399	NA
Frontal	-0.11647600773586092	11.237383696382956	NA	17.273296875316845	NA
Frontal	-0.11647600773586092	11.41296781663894	NA	17.186386608849674	NA
Frontal	-0.11647600773586092	11.588551936894923	NA	17.101845791403758	NA
Frontal	-0.11647600773586092	11.764136057150907	NA	17.019470581750245	NA
Frontal	-0.11647600773586092	11.93972017740689	NA	16.93908042021066	NA
Frontal	-0.11647600773586092	12.115304297662874	NA	16.86051529158263	NA
Frontal	-0.11647600773586092	12.290888417918858	NA	16.783633310643822	NA
Frontal	-0.11647600773586092	12.466472538174841	NA	16.70830859220903	NA
Frontal	-0.11647600773586092	12.61647600773586	17.777652626924862	16.645106246884694	1.6488746663169376
Frontal	-0.11647600773586092	12.642056658430825	NA	16.634429372197246	NA
Frontal	-0.11647600773586092	12.81764077868681	NA	16.561896350120218	NA
Frontal	-0.11647600773586092	12.993224898942794	NA	16.490621226891356	NA
Frontal	-0.11647600773586092	13.168809019198777	NA	16.420525414931223	NA
Frontal	-0.11647600773586092	13.34439313945476	NA	16.3515389002595	NA
Frontal	-0.11647600773586092	13.519977259710744	NA	16.283599238657665	NA
Frontal	-0.11647600773586092	13.695561379966728	NA	16.216650670098797	NA
Frontal	-0.11647600773586092	13.871145500222712	NA	16.150643337503	NA
Frontal	-0.11647600773586092	14.046729620478695	NA	16.0855325975218	NA
Frontal	-0.11647600773586092	14.222313740734679	NA	16.021278412502976	NA
Frontal	-0.11647600773586092	14.397897860990662	NA	15.95784481406703	NA
Frontal	-0.11647600773586092	14.573481981246646	NA	15.895199429854157	NA
Frontal	-0.11647600773586092	14.74906610150263	NA	15.833313065995661	NA
Frontal	-0.11647600773586092	14.924650221758613	NA	15.772159338741524	NA
Frontal	-0.11647600773586092	15.100234342014597	NA	15.711714349450169	NA
Frontal	-0.11647600773586092	15.27581846227058	NA	15.651956397829284	NA
Frontal	-0.11647600773586092	15.451402582526566	NA	15.592586199605993	NA
Frontal	-0.11647600773586092	15.626986702782549	NA	15.532294398583112	NA
Frontal	-0.11647600773586092	15.802570823038533	NA	15.472156147616936	NA
Frontal	-0.11647600773586092	15.978154943294516	NA	15.412182086298005	NA
Frontal	-0.11647600773586092	16.1537390635505	NA	15.352381322455297	NA
Frontal	-0.11647600773586092	16.329323183806483	NA	15.292761577677119	NA
Frontal	-0.11647600773586092	16.504907304062467	NA	15.233329400333494	NA
Frontal	-0.11647600773586092	16.68049142431845	NA	15.174090290562523	NA
Frontal	-0.11647600773586092	16.856075544574434	NA	15.115048826575006	NA
Frontal	-0.11647600773586092	17.031659664830418	NA	15.056208776042936	NA
Frontal	-0.11647600773586092	17.2072437850864	NA	14.997573194330647	NA
Frontal	-0.11647600773586092	17.382827905342385	NA	14.939144511119633	NA
Frontal	-0.11647600773586092	17.55841202559837	NA	14.880924606795702	NA
Frontal	-0.11647600773586092	17.616476007735862	15.06697606926192	14.86171801743551	1.4615748685495742
Frontal	-0.11647600773586092	17.733996145854352	NA	14.822914879805387	NA
Frontal	-0.11647600773586092	17.909580266110336	NA	14.765116306046524	NA
Frontal	-0.11647600773586092	18.08516438636632	NA	14.707529491232227	NA
Frontal	-0.11647600773586092	18.260748506622303	NA	14.650154717056793	NA
Frontal	-0.11647600773586092	18.436332626878286	NA	14.592991981894514	NA
Frontal	-0.11647600773586092	18.61191674713427	NA	14.536041036675996	NA
Frontal	-0.11647600773586092	18.787500867390253	NA	14.479301416510818	NA
Frontal	-0.11647600773586092	18.963084987646237	NA	14.42277246855809	NA
Frontal	-0.11647600773586092	19.13866910790222	NA	14.366453376587604	NA
Frontal	-0.11647600773586092	19.314253228158204	NA	14.310343182621752	NA
Frontal	-0.11647600773586092	19.489837348414188	NA	14.254440806002728	NA
Frontal	-0.11647600773586092	19.665421468670175	NA	14.198745060188651	NA
Frontal	-0.11647600773586092	19.84100558892616	NA	14.143254667546662	NA
Frontal	-0.11647600773586092	20.016589709182142	NA	14.087968272379204	NA
Frontal	-0.11647600773586092	20.192173829438126	NA	14.032884452392112	NA
Frontal	-0.11647600773586092	20.36775794969411	NA	13.978001728788408	NA
Frontal	-0.11647600773586092	20.543342069950093	NA	13.923318575149905	NA
Frontal	-0.11647600773586092	20.718926190206076	NA	13.868833425249926	NA
Frontal	-0.11647600773586092	20.89451031046206	NA	13.814544679923147	NA
Frontal	-0.11647600773586092	21.070094430718044	NA	13.760450713104163	NA
Frontal	-0.11647600773586092	21.245678550974027	NA	13.706549877132744	NA
Frontal	-0.11647600773586092	21.42126267123001	NA	13.652840507412604	NA
Frontal	-0.11647600773586092	21.596846791485994	NA	13.599320926500065	NA
Frontal	-0.11647600773586092	21.772430911741978	NA	13.545989447689953	NA
Frontal	-0.11647600773586092	21.94801503199796	NA	13.492844378158306	NA
Frontal	-0.11647600773586092	22.123599152253945	NA	13.43988402171428	NA
Frontal	-0.11647600773586092	22.29918327250993	NA	13.387106681207541	NA
Frontal	-0.11647600773586092	22.474767392765912	NA	13.334510660631894	NA
Frontal	-0.11647600773586092	22.616476007735862	13.211658021047496	13.292193145232861	1.3231845405683509
Frontal	-0.11647600773586092	22.650351513021896	NA	13.282094266961321	NA
Frontal	-0.11647600773586092	22.82593563327788	NA	13.229855811749934	NA
Frontal	-0.11647600773586092	23.001519753533863	NA	13.177793612524056	NA
Frontal	-0.11647600773586092	23.177103873789846	NA	13.12590599399106	NA
Frontal	-0.11647600773586092	23.35268799404583	NA	13.074191289086722	NA
Frontal	-0.11647600773586092	23.528272114301814	NA	13.022647839880394	NA
Frontal	-0.11647600773586092	23.703856234557797	NA	12.971273998354809	NA
Frontal	-0.11647600773586092	23.87944035481378	NA	12.92006812707567	NA
Frontal	-0.11647600773586092	24.055024475069764	NA	12.869028622605235	NA
Frontal	-0.11647600773586092	24.230608595325748	NA	12.81815384928388	NA
Frontal	-0.11647600773586092	24.40619271558173	NA	12.767442202227965	NA
Frontal	-0.11647600773586092	24.581776835837715	NA	12.716892091259794	NA
Frontal	-0.11647600773586092	24.7573609560937	NA	12.666501938888334	NA
Frontal	-0.11647600773586092	24.932945076349682	NA	12.61627018054524	NA
Frontal	-0.11647600773586092	25.108529196605666	NA	12.566195264775835	NA
Frontal	-0.11647600773586092	25.28411331686165	NA	12.516275653390682	NA
Frontal	-0.11647600773586092	25.459697437117637	NA	12.466509821582392	NA
Frontal	-0.11647600773586092	25.63528155737362	NA	12.416896258012034	NA
Frontal	-0.11647600773586092	25.810865677629604	NA	12.367433464868922	NA
Frontal	-0.11647600773586092	25.986449797885587	NA	12.318119957906944	NA
Frontal	-0.11647600773586092	26.16203391814157	NA	12.268954266460543	NA
Frontal	-0.11647600773586092	26.337618038397554	NA	12.219934933442724	NA
Frontal	-0.11647600773586092	26.513202158653538	NA	12.171060515327529	NA
Frontal	-0.11647600773586092	26.68878627890952	NA	12.122329582118848	NA
Frontal	-0.11647600773586092	26.864370399165505	NA	12.073740717307402	NA
Frontal	-0.11647600773586092	27.03995451942149	NA	12.025292517817329	NA
Frontal	-0.11647600773586092	27.215538639677472	NA	11.976983593944164	NA
Frontal	-0.11647600773586092	27.391122759933456	NA	11.928812569284501	NA
Frontal	-0.11647600773586092	27.56670688018944	NA	11.88077808065953	NA
Frontal	-0.11647600773586092	27.616476007735862	11.67295388896763	11.867187342506275	1.2060205081706268
Frontal	-0.11647600773586092	27.742291000445423	NA	11.832878778032596	NA
Frontal	-0.11647600773586092	27.917875120701407	NA	11.785113324421845	NA
Frontal	-0.11647600773586092	28.09345924095739	NA	11.737480395808735	NA
Frontal	-0.11647600773586092	28.269043361213374	NA	11.689978681042966	NA
Frontal	-0.11647600773586092	28.444627481469357	NA	11.642606881744408	NA
Frontal	-0.11647600773586092	28.62021160172534	NA	11.595363712202559	NA
Frontal	-0.11647600773586092	28.795795721981325	NA	11.548247899273917	NA
Frontal	-0.11647600773586092	28.971379842237308	NA	11.501258182277688	NA
Frontal	-0.11647600773586092	29.14696396249329	NA	11.454393312890108	NA
Frontal	-0.11647600773586092	29.322548082749275	NA	11.40765205503777	NA
Frontal	-0.11647600773586092	29.49813220300526	NA	11.361033184790085	NA
Frontal	-0.11647600773586092	29.673716323261242	NA	11.31453549025123	NA
Frontal	-0.11647600773586092	29.849300443517226	NA	11.2681577714517	NA
Frontal	-0.11647600773586092	30.02488456377321	NA	11.221912524931023	NA
Frontal	-0.11647600773586092	30.200468684029193	NA	11.176230467412545	NA
Frontal	-0.11647600773586092	30.376052804285177	NA	11.130837768842722	NA
Frontal	-0.11647600773586092	30.55163692454116	NA	11.085720978794583	NA
Frontal	-0.11647600773586092	30.727221044797144	NA	11.040870717671027	NA
Frontal	-0.11647600773586092	30.90280516505313	NA	10.996278482255576	NA
Frontal	-0.11647600773586092	31.078389285309115	NA	10.951936544673952	NA
Frontal	-0.11647600773586092	31.253973405565098	NA	10.907837863243692	NA
Frontal	-0.11647600773586092	31.42955752582108	NA	10.863976003811006	NA
Frontal	-0.11647600773586092	31.605141646077065	NA	10.820345070338323	NA
Frontal	-0.11647600773586092	31.78072576633305	NA	10.77693964365278	NA
Frontal	-0.11647600773586092	31.956309886589032	NA	10.733754745352284	NA
Frontal	-0.11647600773586092	32.131894006845016	NA	10.690785750184052	NA
Frontal	-0.11647600773586092	32.307478127101	NA	10.648028354758388	NA
Frontal	-0.11647600773586092	32.48306224735698	NA	10.605478566801905	NA
Frontal	-0.11647600773586092	32.61647600773586	10.353037156808064	10.573284596536	1.1067431838713475
Frontal	-0.11647600773586092	32.65864636761297	NA	10.563132657076524	NA
Frontal	-0.11647600773586092	32.83423048786895	NA	10.520987130429095	NA
Frontal	-0.11647600773586092	33.009814608124934	NA	10.479038700233353	NA
Frontal	-0.11647600773586092	33.18539872838092	NA	10.437284265824573	NA
Frontal	-0.11647600773586092	33.3609828486369	NA	10.395720892574209	NA
Frontal	-0.11647600773586092	33.536566968892885	NA	10.354345794293616	NA
Frontal	-0.11647600773586092	33.71215108914887	NA	10.31315631769245	NA
Frontal	-0.11647600773586092	33.88773520940485	NA	10.272149928649773	NA
Frontal	-0.11647600773586092	34.063319329660835	NA	10.231324200084318	NA
Frontal	-0.11647600773586092	34.23890344991682	NA	10.190676801235641	NA
Frontal	-0.11647600773586092	34.4144875701728	NA	10.150205488189979	NA
Frontal	-0.11647600773586092	34.590071690428786	NA	10.109908095504345	NA
Frontal	-0.11647600773586092	34.76565581068477	NA	10.06978252879952	NA
Frontal	-0.11647600773586092	34.94123993094075	NA	10.029826758207923	NA
Frontal	-0.11647600773586092	35.11682405119674	NA	9.990038812575818	NA
Frontal	-0.11647600773586092	35.29240817145272	NA	9.950416774331016	NA
Frontal	-0.11647600773586092	35.467992291708704	NA	9.910958774937884	NA
Frontal	-0.11647600773586092	35.64357641196469	NA	9.871662990870599	NA
Frontal	-0.11647600773586092	35.81916053222067	NA	9.832527640043665	NA
Frontal	-0.11647600773586092	35.994744652476655	NA	9.793550978646028	NA
Frontal	-0.11647600773586092	36.17032877273264	NA	9.754731298331361	NA
Frontal	-0.11647600773586092	36.34591289298862	NA	9.71606692372268	NA
Frontal	-0.11647600773586092	36.521497013244606	NA	9.677556210194439	NA
Frontal	-0.11647600773586092	36.69708113350059	NA	9.63919754189955	NA
Frontal	-0.11647600773586092	36.87266525375657	NA	9.60098933001259	NA
Frontal	-0.11647600773586092	37.048249374012556	NA	9.562930011163933	NA
Frontal	-0.11647600773586092	37.22383349426854	NA	9.525018046042396	NA
Frontal	-0.11647600773586092	37.39941761452452	NA	9.487251918146708	NA
Frontal	-0.11647600773586092	37.57500173478051	NA	9.449630132668487	NA
Frontal	-0.11647600773586092	37.61647600773586	9.144462160203094	9.440764523658482	1.0217746219934254
Frontal	-0.11647600773586092	37.75058585503649	NA	9.412151215491262	NA
Frontal	-0.11647600773586092	37.926169975292474	NA	9.37481371229211	NA
Frontal	-0.11647600773586092	38.10175409554846	NA	9.337616187733909	NA
Frontal	-0.11647600773586092	38.27733821580444	NA	9.300557224737705	NA
Frontal	-0.11647600773586092	38.452922336060425	NA	9.263635423825876	NA
Frontal	-0.11647600773586092	38.62850645631641	NA	9.226849402527952	NA
Frontal	-0.11647600773586092	38.80409057657239	NA	9.19019779484174	NA
Frontal	-0.11647600773586092	38.979674696828376	NA	9.15367925074348	NA
Frontal	-0.11647600773586092	39.15525881708436	NA	9.11729243574141	NA
Frontal	-0.11647600773586092	39.33084293734035	NA	9.081036030467638	NA
Frontal	-0.11647600773586092	39.50642705759633	NA	9.044908730304098	NA
Frontal	-0.11647600773586092	39.68201117785232	NA	9.008909245038572	NA
Frontal	-0.11647600773586092	39.8575952981083	NA	8.973036302021614	NA
Frontal	-0.11647600773586092	40.033179418364284	NA	8.937288650859463	NA
Frontal	-0.11647600773586092	40.20876353862027	NA	8.901665026961895	NA
Frontal	-0.11647600773586092	40.38434765887625	NA	8.866164194798156	NA
Frontal	-0.11647600773586092	40.559931779132235	NA	8.83078493186918	NA
Frontal	-0.11647600773586092	40.73551589938822	NA	8.79552602848541	NA
Frontal	-0.11647600773586092	40.9111000196442	NA	8.760386287557525	NA
Frontal	-0.11647600773586092	41.086684139900186	NA	8.725364524399183	NA
Frontal	-0.11647600773586092	41.26226826015617	NA	8.690459566540177	NA
Frontal	-0.11647600773586092	41.43785238041215	NA	8.655670253548944	NA
Frontal	-0.11647600773586092	41.613436500668136	NA	8.620995436863549	NA
Frontal	-0.11647600773586092	41.78902062092412	NA	8.586433979630177	NA
Frontal	-0.11647600773586092	41.9646047411801	NA	8.551984756548373	NA
Frontal	-0.11647600773586092	42.14018886143609	NA	8.517646653722455	NA
Frontal	-0.11647600773586092	42.31577298169207	NA	8.483418568518356	NA
Frontal	-0.11647600773586092	42.491357101948054	NA	8.449299409425475	NA
Frontal	-0.11647600773586092	42.61647600773586	8.155559585403227	8.425052367950027	0.9524378778458922
Frontal	-0.11647600773586092	42.66694122220404	NA	8.415288095923005	NA
Frontal	-0.11647600773586092	42.84252534246002	NA	8.381383558350391	NA
Frontal	-0.11647600773586092	43.018109462716005	NA	8.347584737781464	NA
Frontal	-0.11647600773586092	43.19369358297199	NA	8.31389058590199	NA
Frontal	-0.11647600773586092	43.36927770322797	NA	8.280300064890358	NA
Frontal	-0.11647600773586092	43.544861823483956	NA	8.246812147301053	NA
Frontal	-0.11647600773586092	43.72044594373994	NA	8.213425815950849	NA
Frontal	-0.11647600773586092	43.89603006399592	NA	8.180140063807361	NA
Frontal	-0.11647600773586092	44.07161418425191	NA	8.1469538938798909	NA
Frontal	-0.11647600773586092	44.24719830450789	NA	8.113866319112345	NA
Frontal	-0.11647600773586092	44.422782424763874	NA	8.08087636227812	NA
Frontal	-0.11647600773586092	44.59836654501986	NA	8.047983055876822	NA
Frontal	-0.11647600773586092	44.77395066527584	NA	8.015185442032667	NA
Frontal	-0.11647600773586092	44.949534785531824	NA	7.9824825723945905	NA
Frontal	-0.11647600773586092	45.12511890578781	NA	7.949873508037762	NA
Frontal	-0.11647600773586092	45.30070302604379	NA	7.917357319366661	NA
Frontal	-0.11647600773586092	45.476287146299775	NA	7.885069214448787	NA
Frontal	-0.11647600773586092	45.65187126655576	NA	7.853095534876237	NA
Frontal	-0.11647600773586092	45.82745538681174	NA	7.821415343232113	NA
Frontal	-0.11647600773586092	46.003039507067726	NA	7.7900172001633665	NA
Frontal	-0.11647600773586092	46.17862362732371	NA	7.758890785382754	NA
Frontal	-0.11647600773586092	46.35420774757969	NA	7.728026768023304	NA
Frontal	-0.11647600773586092	46.52979186783568	NA	7.6974166922532055	NA
Frontal	-0.11647600773586092	46.70537598809166	NA	7.667052876352441	NA
Frontal	-0.11647600773586092	46.880960108347644	NA	7.636928323664427	NA
Frontal	-0.11647600773586092	47.05654422860363	NA	7.607036644023066	NA
Frontal	-0.11647600773586092	47.23212834885961	NA	7.577371984420571	NA
Frontal	-0.11647600773586092	47.407712469115594	NA	7.547928967826936	NA
Frontal	-0.11647600773586092	47.58329658937158	NA	7.518702639200282	NA
Frontal	-0.11647600773586092	47.61647600773586	7.333669771113603	7.513203939144755	0.8933233529586769
Frontal	-0.11647600773586092	47.75888070962756	NA	7.489688417840743	NA
Frontal	-0.11647600773586092	47.934464829883545	NA	7.460882080783841	NA
Frontal	-0.11647600773586092	48.11004895013953	NA	7.432279653988467	NA
Frontal	-0.11647600773586092	48.28563307039551	NA	7.403877440986528	NA
Frontal	-0.11647600773586092	48.461217190651496	NA	7.3756719845589025	NA
Frontal	-0.11647600773586092	48.63680131090748	NA	7.347660035445547	NA
Frontal	-0.11647600773586092	48.81238543116346	NA	7.319838529808363	NA
Frontal	-0.11647600773586092	48.98796955141945	NA	7.292204569331182	NA
Frontal	-0.11647600773586092	49.16355367167543	NA	7.2647554036462205	NA
Frontal	-0.11647600773586092	49.339137791931414	NA	7.2374884148128675	NA
Frontal	-0.11647600773586092	49.5147219121874	NA	7.210401103607176	NA
Frontal	-0.11647600773586092	49.69030603244338	NA	7.183491077408693	NA
Frontal	-0.11647600773586092	49.865890152699365	NA	7.156756039496617	NA
Frontal	-0.11647600773586092	50.04147427295535	NA	7.130193779589226	NA
Frontal	-0.11647600773586092	50.21705839321133	NA	7.103802165480312	NA
Frontal	-0.11647600773586092	50.392642513467315	NA	7.077579135643394	NA
Frontal	-0.11647600773586092	50.5682266337233	NA	7.051522692689874	NA
Frontal	-0.11647600773586092	50.74381075397929	NA	7.025630897580602	NA
Frontal	-0.11647600773586092	50.91939487423527	NA	6.999901864502266	NA
Frontal	-0.11647600773586092	51.09497899449126	NA	6.974333756330311	NA
Frontal	-0.11647600773586092	51.27056311474724	NA	6.948924780609563	NA
Frontal	-0.11647600773586092	51.446147235003224	NA	6.923673185991553	NA
Frontal	-0.11647600773586092	51.62173135525921	NA	6.898577259075005	NA
Frontal	-0.11647600773586092	51.79731547551519	NA	6.873635321602011	NA
Frontal	-0.11647600773586092	51.972899595771175	NA	6.8488457279682144	NA
Frontal	-0.11647600773586092	52.14848371602716	NA	6.824206863010129	NA
Frontal	-0.11647600773586092	52.32406783628314	NA	6.799717140037054	NA
Frontal	-0.11647600773586092	52.499651956539125	NA	6.775374999078957	NA
Frontal	-0.11647600773586092	52.61647600773586	6.793097405994082	6.7592600802094625	0.8460382092472831
Frontal	-0.11647600773586092	52.67523607679511	NA	6.7511789053249895	NA
Frontal	-0.11647600773586092	52.85082019705109	NA	6.727127347730349	NA
Frontal	-0.11647600773586092	53.026404317307076	NA	6.703218837771789	NA
Frontal	-0.11647600773586092	53.20198843756306	NA	6.679451908334376	NA
Frontal	-0.11647600773586092	53.37757255781904	NA	6.655825112714245	NA
Frontal	-0.11647600773586092	53.55315667807503	NA	6.632337023723771	NA
Frontal	-0.11647600773586092	53.72874079833101	NA	6.6089862328872275	NA
Frontal	-0.11647600773586092	53.904324918586994	NA	6.5857713497164765	NA
Frontal	-0.11647600773586092	54.07990903884298	NA	6.562691001057341	NA
Frontal	-0.11647600773586092	54.25549315909896	NA	6.539743830498536	NA
Frontal	-0.11647600773586092	54.431077279354945	NA	6.516928497835805	NA
Frontal	-0.11647600773586092	54.60666139961093	NA	6.4942436785850415	NA
Frontal	-0.11647600773586092	54.78224551986691	NA	6.471688063538725	NA
Frontal	-0.11647600773586092	54.957829640122895	NA	6.449260358360589	NA
Frontal	-0.11647600773586092	55.13341376037888	NA	6.426959283214345	NA
Frontal	-0.11647600773586092	55.30899788063486	NA	6.404783572422414	NA
Frontal	-0.11647600773586092	55.484582000890846	NA	6.382731974151353	NA
Frontal	-0.11647600773586092	55.66016612114683	NA	6.360803250120956	NA
Frontal	-0.11647600773586092	55.83575024140281	NA	6.3389961836841255	NA
Frontal	-0.11647600773586092	56.0113343616588	NA	6.317309564280478	NA
Frontal	-0.11647600773586092	56.18691848191478	NA	6.2957421826280875	NA
Frontal	-0.11647600773586092	56.362502602170764	NA	6.274292852142784	NA
Frontal	-0.11647600773586092	56.53808672242675	NA	6.252960398611149	NA
Frontal	-0.11647600773586092	56.71367084268273	NA	6.231743659995467	NA
Frontal	-0.11647600773586092	56.889254962938715	NA	6.210641486249213	NA
Frontal	-0.11647600773586092	57.0648390831947	NA	6.1896527391418985	NA
Frontal	-0.11647600773586092	57.24042320345068	NA	6.168776292092281	NA
Frontal	-0.11647600773586092	57.416007323706665	NA	6.148011030009067	NA
Frontal	-0.11647600773586092	57.59159144396265	NA	6.127355849138442	NA
Frontal	-0.11647600773586092	57.61647600773586	6.163528738847421	6.12443730350662	0.8010156664100823
Frontal	-0.11647600773586092	57.76717556421863	NA	6.106809656917565	NA
Frontal	-0.11647600773586092	57.942759684474616	NA	6.086371371833606	NA
Frontal	-0.11647600773586092	58.1183438047306	NA	6.066039923287732	NA
Frontal	-0.11647600773586092	58.29392792498658	NA	6.045814251463526	NA
Frontal	-0.11647600773586092	58.46951204524257	NA	6.025693307199506	NA
Frontal	-0.11647600773586092	58.64509616549855	NA	6.005676051865328	NA
Frontal	-0.11647600773586092	58.820680285754534	NA	5.985761457241363	NA
Frontal	-0.11647600773586092	58.99626440601052	NA	5.965948505401403	NA
Frontal	-0.11647600773586092	59.1718485262665	NA	5.946236188598119	NA
Frontal	-0.11647600773586092	59.347432646522485	NA	5.9266235091512005	NA
Frontal	-0.11647600773586092	59.52301676677847	NA	5.9071094793378975	NA
Frontal	-0.11647600773586092	59.69860088703445	NA	5.887693121285719	NA
Frontal	-0.11647600773586092	59.874185007290436	NA	5.868375286392897	NA
Frontal	-0.11647600773586092	60.04976912754642	NA	5.849543118113804	NA
Frontal	-0.11647600773586092	60.2253532478024	NA	5.830895349431176	NA
Frontal	-0.11647600773586092	60.400937368058386	NA	5.812413033831731	NA
Frontal	-0.11647600773586092	60.57652148831437	NA	5.794091556291579	NA
Frontal	-0.11647600773586092	60.75210560857035	NA	5.77592669830269	NA
Frontal	-0.11647600773586092	60.92768972882634	NA	5.757914592592122	NA
Frontal	-0.11647600773586092	61.10327384908232	NA	5.740051683164566	NA
Frontal	-0.11647600773586092	61.278857969338304	NA	5.722334690040816	NA
Frontal	-0.11647600773586092	61.45444208959429	NA	5.704760578138795	NA
Frontal	-0.11647600773586092	61.63002620985027	NA	5.687326529808848	NA
Frontal	-0.11647600773586092	61.80561033010626	NA	5.670029920592798	NA
Frontal	-0.11647600773586092	61.981194450362246	NA	5.652868297826737	NA
Frontal	-0.11647600773586092	62.15677857061823	NA	5.635839361752588	NA
Frontal	-0.11647600773586092	62.33236269087421	NA	5.618940948842742	NA
Frontal	-0.11647600773586092	62.507946811130196	NA	5.602171017077067	NA
Frontal	-0.11647600773586092	62.61647600773586	5.724998183093729	5.5918688979266	0.767297136702956
Frontal	-0.11647600773586092	62.68353093138618	NA	5.585527632942289	NA
Frontal	-0.11647600773586092	62.85911505164216	NA	5.5690089599507715	NA
Frontal	-0.11647600773586092	63.03469917189815	NA	5.552613248499802	NA
Frontal	-0.11647600773586092	63.21028329215413	NA	5.536338826913388	NA
Frontal	-0.11647600773586092	63.385867412410114	NA	5.520184093527385	NA
Frontal	-0.11647600773586092	63.5614515326661	NA	5.504147509695088	NA
Frontal	-0.11647600773586092	63.73703565292208	NA	5.488227595202584	NA
Frontal	-0.11647600773586092	63.912619773178065	NA	5.472422933757665	NA
Frontal	-0.11647600773586092	64.08820389343404	NA	5.456732125296862	NA
Frontal	-0.11647600773586092	64.26378801369003	NA	5.4411538281894165	NA
Frontal	-0.11647600773586092	64.43937213394601	NA	5.42568673927767	NA
Frontal	-0.11647600773586092	64.614956254202	NA	5.410329590527607	NA
Frontal	-0.11647600773586092	64.79054037445798	NA	5.395081146062358	NA
Frontal	-0.11647600773586092	64.96612449471397	NA	5.379940199533876	NA
Frontal	-0.11647600773586092	65.14170861496994	NA	5.3649055717929075	NA
Frontal	-0.11647600773586092	65.31729273522593	NA	5.349976108822174	NA
Frontal	-0.11647600773586092	65.49287685548191	NA	5.335150679901969	NA
Frontal	-0.11647600773586092	65.6684609757379	NA	5.320428175980765	NA
Frontal	-0.11647600773586092	65.84404509599388	NA	5.305807508226887	NA
Frontal	-0.11647600773586092	66.01962921624987	NA	5.291287606739909	NA
Frontal	-0.11647600773586092	66.19521333650584	NA	5.2768674194031115	NA
Frontal	-0.11647600773586092	66.37079745676184	NA	5.262545910860507	NA
Frontal	-0.11647600773586092	66.54638157701781	NA	5.248322061603788	NA
Frontal	-0.11647600773586092	66.7219656972738	NA	5.234194867156381	NA
Frontal	-0.11647600773586092	66.89754981752978	NA	5.220163337343282	NA
Frontal	-0.11647600773586092	67.07313393778577	NA	5.2062264956366	NA
Frontal	-0.11647600773586092	67.24871805804175	NA	5.1923833785680955	NA
Frontal	-0.11647600773586092	67.42430217829774	NA	5.178633035200782	NA
Frontal	-0.11647600773586092	67.59988629855373	NA	5.164974526652862	NA
Frontal	-0.11647600773586092	67.61647600773586	5.389812576984002	5.163688740253435	0.7366919864157483
Frontal	-0.11647600773586092	67.7754704188097	NA	5.151406925667788	NA
Frontal	-0.11647600773586092	67.9510545390657	NA	5.137929316225278	NA
Frontal	-0.11647600773586092	68.12663865932167	NA	5.124540793188367	NA
Frontal	-0.11647600773586092	68.30222277957766	NA	5.111240461982521	NA
Frontal	-0.11647600773586092	68.47780689983364	NA	5.098027438302996	NA
Frontal	-0.11647600773586092	68.65339102008963	NA	5.08490084784726	NA
Frontal	-0.11647600773586092	68.8289751403456	NA	5.07185982606965	NA
Frontal	-0.11647600773586092	69.0045592606016	NA	5.058903517955645	NA
Frontal	-0.11647600773586092	69.18014338085757	NA	5.0460310778136455	NA
Frontal	-0.11647600773586092	69.35572750111356	NA	5.033241669082175	NA
Frontal	-0.11647600773586092	69.53131162136954	NA	5.020534464150893	NA
Frontal	-0.11647600773586092	69.70689574162553	NA	5.007908644193746	NA
Frontal	-0.11647600773586092	69.8824798618815	NA	4.9953633990130575	NA
Frontal	-0.11647600773586092	70.0580639821375	NA	4.9828979268932265	NA
Frontal	-0.11647600773586092	70.23364810239347	NA	4.970511434463059	NA
Frontal	-0.11647600773586092	70.40923222264946	NA	4.958203136565807	NA
Frontal	-0.11647600773586092	70.58481634290544	NA	4.945972256136059	NA
Frontal	-0.11647600773586092	70.76040046316143	NA	4.933818024082741	NA
Frontal	-0.11647600773586092	70.93598458341741	NA	4.921739679177655	NA
Frontal	-0.11647600773586092	71.1115687036734	NA	4.909736467948971	NA
Frontal	-0.11647600773586092	71.28715282392938	NA	4.89780764457903	NA
Frontal	-0.11647600773586092	71.46273694418537	NA	4.885952470806289	NA
Frontal	-0.11647600773586092	71.63832106444134	NA	4.874170215830787	NA
Frontal	-0.11647600773586092	71.81390518469733	NA	4.862460164151798	NA
Frontal	-0.11647600773586092	71.98948930495331	NA	4.850821594479621	NA
Frontal	-0.11647600773586092	72.1650734252093	NA	4.839253794863077	NA
Frontal	-0.11647600773586092	72.34065754546528	NA	4.827756063467161	NA
Frontal	-0.11647600773586092	72.51624166572127	NA	4.8163277054889955	NA
Frontal	-0.11647600773586092	72.61647600773586	4.931457502648813	4.8098345113244845	0.7074643379404949
Frontal	-0.11647600773586092	72.69182578597724	NA	4.8049680330788735	NA
Frontal	-0.11647600773586092	72.86740990623323	NA	4.7936763652632255	NA
Frontal	-0.11647600773586092	73.04299402648921	NA	4.782452027869261	NA
Frontal	-0.11647600773586092	73.2185781467452	NA	4.77129435345125	NA
Frontal	-0.11647600773586092	73.39416226700118	NA	4.760202681218259	NA
Frontal	-0.11647600773586092	73.56974638725717	NA	4.749176356963273	NA
Frontal	-0.11647600773586092	73.74533050751315	NA	4.738214732993589	NA
Frontal	-0.11647600773586092	73.92091462776914	NA	4.727317168062446	NA
Frontal	-0.11647600773586092	74.09649874802511	NA	4.716483027301741	NA
Frontal	-0.11647600773586092	74.2720828682811	NA	4.705711682155863	NA
Frontal	-0.11647600773586092	74.44766698853708	NA	4.69500251031649	NA
Frontal	-0.11647600773586092	74.62325110879307	NA	4.684354895658357	NA
Frontal	-0.11647600773586092	74.79883522904905	NA	4.673768228175973	NA
Frontal	-0.11647600773586092	74.97441934930504	NA	4.663241903921128	NA
Frontal	-0.11647600773586092	75.15000346956101	NA	4.65277532494133	NA
Frontal	-0.11647600773586092	75.325587589817	NA	4.6423678992189394	NA
Frontal	-0.11647600773586092	75.50117171007298	NA	4.632019040611161	NA
Frontal	-0.11647600773586092	75.67675583032897	NA	4.621728168790738	NA
Frontal	-0.11647600773586092	75.85233995058495	NA	4.611494709187342	NA
Frontal	-0.11647600773586092	76.02792407084094	NA	4.6013180929297	NA
Frontal	-0.11647600773586092	76.20350819109692	NA	4.591197756788374	NA
Frontal	-0.11647600773586092	76.3790923113529	NA	4.581133143119177	NA
Frontal	-0.11647600773586092	76.55467643160888	NA	4.5711236998072975	NA
Frontal	-0.11647600773586092	76.73026055186487	NA	4.5611688802119454	NA
Frontal	-0.11647600773586092	76.90584467212085	NA	4.551268143111693	NA
Frontal	-0.11647600773586092	77.08142879237684	NA	4.541420952650386	NA
Frontal	-0.11647600773586092	77.25701291263282	NA	4.531626778283595	NA
Frontal	-0.11647600773586092	77.43259703288881	NA	4.521885094725707	NA
Frontal	-0.11647600773586092	77.60818115314478	NA	4.51219538189754	NA
Frontal	-0.11647600773586092	77.61647600773586	4.665318645283381	4.511738906644654	0.6861044628556173
Frontal	-0.11647600773586092	77.78376527340077	NA	4.502557124874506	NA
Frontal	-0.11647600773586092	77.95934939365675	NA	4.492969813835332	NA
Frontal	-0.11647600773586092	78.13493351391274	NA	4.483432944011328	NA
Frontal	-0.11647600773586092	78.31051763416872	NA	4.473946015636113	NA
Frontal	-0.11647600773586092	78.48610175442471	NA	4.46450853389596	NA
Frontal	-0.11647600773586092	78.6616858746807	NA	4.455120008880559	NA
Frontal	-0.11647600773586092	78.83726999493668	NA	4.445779955534336	NA
Frontal	-0.11647600773586092	79.01285411519267	NA	4.436487893608245	NA
Frontal	-0.11647600773586092	79.18843823544864	NA	4.427243347612078	NA
Frontal	-0.11647600773586092	79.36402235570463	NA	4.4180458467672015	NA
Frontal	-0.11647600773586092	79.53960647596061	NA	4.40889492495985	NA
Frontal	-0.11647600773586092	79.7151905962166	NA	4.39979012322727	NA
Frontal	-0.11647600773586092	79.89077471647258	NA	4.39073098645244	NA
Frontal	-0.11647600773586092	80.06635883672857	NA	4.381717057766247	NA
Frontal	-0.11647600773586092	80.24194295698454	NA	4.372747889258161	NA
Frontal	-0.11647600773586092	80.41752707724054	NA	4.36382303745566	NA
Frontal	-0.11647600773586092	80.59311119749651	NA	4.354942063280268	NA
Frontal	-0.11647600773586092	80.7686953177525	NA	4.346104532003943	NA
Frontal	-0.11647600773586092	80.94427943800848	NA	4.3373100132059985	NA
Frontal	-0.11647600773586092	81.11986355826447	NA	4.328558080730364	NA
Frontal	-0.11647600773586092	81.29544767852045	NA	4.319848312643335	NA
Frontal	-0.11647600773586092	81.47103179877644	NA	4.31118029119173	NA
Frontal	-0.11647600773586092	81.64661591903241	NA	4.302553602761427	NA
Frontal	-0.11647600773586092	81.8222000392884	NA	4.293967837836372	NA
Frontal	-0.11647600773586092	81.99778415954438	NA	4.28542259095794	NA
Frontal	-0.11647600773586092	82.17336827980037	NA	4.2769174606847375	NA
Frontal	-0.11647600773586092	82.34895240005635	NA	4.268452049552794	NA
Frontal	-0.11647600773586092	82.52453652031234	NA	4.260025964036145	NA
Frontal	-0.11647600773586092	82.61647600773586	4.389722687654705	4.255629445903308	0.6650942345012545
Frontal	-0.11647600773586092	82.70012064056831	NA	4.251638814507795	NA
Frontal	-0.11647600773586092	82.8757047608243	NA	4.24329021520111	NA
Frontal	-0.11647600773586092	83.05128888108028	NA	4.234979784171538	NA
Frontal	-0.11647600773586092	83.22687300133627	NA	4.2267071432587375	NA
Frontal	-0.11647600773586092	83.40245712159225	NA	4.218471918049108	NA
Frontal	-0.11647600773586092	83.57804124184824	NA	4.21027373783863	NA
Frontal	-0.11647600773586092	83.75362536210422	NA	4.202112235596132	NA
Frontal	-0.11647600773586092	83.9292094823602	NA	4.193987047926884	NA
Frontal	-0.11647600773586092	84.10479360261618	NA	4.185897815036582	NA
Frontal	-0.11647600773586092	84.28037772287217	NA	4.177844180695659	NA
Frontal	-0.11647600773586092	84.45596184312815	NA	4.169825792203964	NA
Frontal	-0.11647600773586092	84.63154596338414	NA	4.161842300355804	NA
Frontal	-0.11647600773586092	84.80713008364012	NA	4.153893359405321	NA
Frontal	-0.11647600773586092	84.98271420389611	NA	4.145978627032197	NA
Frontal	-0.11647600773586092	85.158298324152085	NA	4.13809776430773	NA
Frontal	-0.11647600773586092	85.33388244440808	NA	4.130250435661207	NA
Frontal	-0.11647600773586092	85.50946656466405	NA	4.1224363088466625	NA
Frontal	-0.11647600773586092	85.68505068492004	NA	4.114655054909925	NA
Frontal	-0.11647600773586092	85.86063480517602	NA	4.106906348155983	NA
Frontal	-0.11647600773586092	86.03621892543201	NA	4.099189866116734	NA
Frontal	-0.11647600773586092	86.21180304568799	NA	4.091505289518977	NA
Frontal	-0.11647600773586092	86.38738716594398	NA	4.083852302252765	NA
Frontal	-0.11647600773586092	86.56297128619995	NA	4.076230591340097	NA
Frontal	-0.11647600773586092	86.73855540645594	NA	4.068639846903819	NA
Frontal	-0.11647600773586092	86.91413952671192	NA	4.061079762136986	NA
Frontal	-0.11647600773586092	87.08972364696791	NA	4.053550033272366	NA
Frontal	-0.11647600773586092	87.26530776722389	NA	4.0460503595523685	NA
Frontal	-0.11647600773586092	87.44089188747988	NA	4.0385804431992405	NA
Frontal	-0.11647600773586092	87.61647600773586	4.244386760712523	4.0311259065384535	0.6483100686967205
Hippocampus	-0.11647600773586092	0	0	-2.6384671174699604e-14	0
Hippocampus	-0.11647600773586092	0.1755841202559837	NA	0.06860007740822627	NA
Hippocampus	-0.11647600773586092	0.3511682405119674	NA	0.8375343444426264	NA
Hippocampus	-0.11647600773586092	0.3664760077358609	1.2539241604486069	0.999144578431585	0.5943509963021504
Hippocampus	-0.11647600773586092	0.5267523607679511	NA	3.1349141295856118	NA
Hippocampus	-0.11647600773586092	0.7023364810239348	NA	6.264883335098915	NA
Hippocampus	-0.11647600773586092	0.8664760077358609	9.85767957396214	9.442667067281798	0.7672901618860205
Hippocampus	-0.11647600773586092	0.8779206012799184	NA	9.674422873653018	NA
Hippocampus	-0.11647600773586092	1.0535047215359021	NA	13.180873120733892	NA
Hippocampus	-0.11647600773586092	1.229088841791886	NA	16.39368296895463	NA
Hippocampus	-0.11647600773586092	1.3664760077358609	19.66833232939521	19.045341083792568	0.8788492461736329
Hippocampus	-0.11647600773586092	1.4046729620478695	NA	19.831770664820954	NA
Hippocampus	-0.11647600773586092	1.580257082303853	NA	23.824340882769096	NA
Hippocampus	-0.11647600773586092	1.7558412025598369	NA	28.342909847139055	NA
Hippocampus	-0.11647600773586092	1.8664760077358609	31.320903187424765	30.6483817209731	0.9728198736248336
Hippocampus	-0.11647600773586092	1.9314253228158207	NA	31.910620000933026	NA
Hippocampus	-0.11647600773586092	2.1070094430718043	NA	34.69524800173336	NA
Hippocampus	-0.11647600773586092	2.282593563327788	NA	36.49798824756705	NA
Hippocampus	-0.11647600773586092	2.366476007735861	38.88406668144235	37.19518082294068	1.0163760689043335
Hippocampus	-0.11647600773586092	2.458177683583772	NA	37.80132144296945	NA
Hippocampus	-0.11647600773586092	2.6337618038397554	NA	39.00069216826972	NA
Hippocampus	-0.11647600773586092	2.809345924095739	NA	40.00954475213397	NA
Hippocampus	-0.11647600773586092	2.866476007735861	39.78739629323413	40.27296371151478	1.019964999191554
Hippocampus	-0.11647600773586092	2.9849300443517226	NA	40.71993096732991	NA
Hippocampus	-0.11647600773586092	3.160514164607706	NA	41.11280167539504	NA
Hippocampus	-0.11647600773586092	3.33609828486369	NA	41.36893212743005	NA
Hippocampus	-0.11647600773586092	3.5116824051196738	NA	41.517060672015745	NA
Hippocampus	-0.11647600773586092	3.616476007735861	39.67218081841207	41.555537637667044	1.2278590277659935
Hippocampus	-0.11647600773586092	3.6872665253756574	NA	41.56088210604182	NA
Hippocampus	-0.11647600773586092	3.8628506456316414	NA	41.503941351042414	NA
Hippocampus	-0.11647600773586092	4.038434765887625	NA	41.34963985215063	NA
Hippocampus	-0.11647600773586092	4.2140188861436085	NA	41.10124170018314	NA
Hippocampus	-0.11647600773586092	4.389603006399592	NA	40.76187948887477	NA
Hippocampus	-0.11647600773586092	4.565187126655576	NA	40.334559918760164	NA
Hippocampus	-0.11647600773586092	4.616476007735861	39.54512930326431	40.19360672533631	1.2000149637571242
Hippocampus	-0.11647600773586092	4.740771246911559	NA	39.82216915870025	NA
Hippocampus	-0.11647600773586092	4.916355367167544	NA	39.227477975573656	NA
Hippocampus	-0.11647600773586092	5.091939487423527	NA	38.64399865800359	NA
Hippocampus	-0.11647600773586092	5.267523607679511	NA	38.13067536754359	NA
Hippocampus	-0.11647600773586092	5.4431077279354945	NA	37.625640180437806	NA
Hippocampus	-0.11647600773586092	5.616476007735861	37.23691247878475	37.134625096013174	1.1648157536601829
Hippocampus	-0.11647600773586092	5.618691848191478	NA	37.128395522014436	NA
Hippocampus	-0.11647600773586092	5.794275968447462	NA	36.6384669137707	NA
Hippocampus	-0.11647600773586092	5.969860088703445	NA	36.155401953850294	NA
Hippocampus	-0.11647600773586092	6.145444208959429	NA	35.67876934199784	NA
Hippocampus	-0.11647600773586092	6.321028329215412	NA	35.208157947055895	NA
Hippocampus	-0.11647600773586092	6.496612449471397	NA	34.74317591515364	NA
Hippocampus	-0.11647600773586092	6.67219656972738	NA	34.28344981681715	NA
Hippocampus	-0.11647600773586092	6.847780689983364	NA	33.828623831307794	NA
Hippocampus	-0.11647600773586092	7.0233648102393476	NA	33.37835896656943	NA
Hippocampus	-0.11647600773586092	7.116476007735861	34.25761792891234	33.141327128899476	1.3782105140306276
Hippocampus	-0.11647600773586092	7.198948930495331	NA	32.93233231323473	NA
Hippocampus	-0.11647600773586092	7.374533050751315	NA	32.490236331209054	NA
Hippocampus	-0.11647600773586092	7.550117171007298	NA	32.05177816741416	NA
Hippocampus	-0.11647600773586092	7.725701291263283	NA	31.61667900333615	NA
Hippocampus	-0.11647600773586092	7.901285411519266	NA	31.184673431080352	NA
Hippocampus	-0.11647600773586092	8.07686953177525	NA	30.755509109042098	NA
Hippocampus	-0.11647600773586092	8.252453652031233	NA	30.328945521502185	NA
Hippocampus	-0.11647600773586092	8.428037772287217	NA	29.90475386315884	NA
Hippocampus	-0.11647600773586092	8.6036218925432	NA	29.482716661804528	NA
Hippocampus	-0.11647600773586092	8.779206012799184	NA	29.062627121865987	NA
Hippocampus	-0.11647600773586092	8.954790133055168	NA	28.644288647274163	NA
Hippocampus	-0.11647600773586092	9.11647600773586	28.89937360361466	28.260451231299463	1.3074986716585597
Hippocampus	-0.11647600773586092	9.130374253311151	NA	28.22751438521072	NA
Hippocampus	-0.11647600773586092	9.305958373567135	NA	27.8121267898222	NA
Hippocampus	-0.11647600773586092	9.481542493823119	NA	27.39795720503271	NA
Hippocampus	-0.11647600773586092	9.657126614079102	NA	26.984845465623632	NA
Hippocampus	-0.11647600773586092	9.832710734335087	NA	26.57263951578485	NA
Hippocampus	-0.11647600773586092	10.008294854591071	NA	26.161195044376978	NA
Hippocampus	-0.11647600773586092	10.183878974847055	NA	25.75575830691671	NA
Hippocampus	-0.11647600773586092	10.359463095103038	NA	25.37217056200291	NA
Hippocampus	-0.11647600773586092	10.535047215359022	NA	25.002847161273074	NA
Hippocampus	-0.11647600773586092	10.710631335615005	NA	24.647192650283877	NA
Hippocampus	-0.11647600773586092	10.886215455870989	NA	24.30463719089927	NA
Hippocampus	-0.11647600773586092	11.061799576126973	NA	23.974635450815736	NA
Hippocampus	-0.11647600773586092	11.237383696382956	NA	23.6566655413184	NA
Hippocampus	-0.11647600773586092	11.41296781663894	NA	23.350228001172383	NA
Hippocampus	-0.11647600773586092	11.588551936894923	NA	23.054844824644547	NA
Hippocampus	-0.11647600773586092	11.764136057150907	NA	22.77005853173816	NA
Hippocampus	-0.11647600773586092	11.93972017740689	NA	22.495431278806194	NA
Hippocampus	-0.11647600773586092	12.115304297662874	NA	22.230544007788644	NA
Hippocampus	-0.11647600773586092	12.290888417918858	NA	21.974995632395782	NA
Hippocampus	-0.11647600773586092	12.466472538174841	NA	21.728402259631746	NA
Hippocampus	-0.11647600773586092	12.61647600773586	20.85299004159299	21.524547493700744	1.6488746663169376
Hippocampus	-0.11647600773586092	12.642056658430825	NA	21.490396445123075	NA
Hippocampus	-0.11647600773586092	12.81764077868681	NA	21.260626480783255	NA
Hippocampus	-0.11647600773586092	12.993224898942794	NA	21.03875571340823	NA
Hippocampus	-0.11647600773586092	13.168809019198777	NA	20.824461892858952	NA
Hippocampus	-0.11647600773586092	13.34439313945476	NA	20.617436548545413	NA
Hippocampus	-0.11647600773586092	13.519977259710744	NA	20.41738439298241	NA
Hippocampus	-0.11647600773586092	13.695561379966728	NA	20.22402275124107	NA
Hippocampus	-0.11647600773586092	13.871145500222712	NA	20.03708101517029	NA
Hippocampus	-0.11647600773586092	14.046729620478695	NA	19.85630012131279	NA
Hippocampus	-0.11647600773586092	14.222313740734679	NA	19.681432051485686	NA
Hippocampus	-0.11647600773586092	14.397897860990662	NA	19.512239355040922	NA
Hippocampus	-0.11647600773586092	14.573481981246646	NA	19.348494691863806	NA
Hippocampus	-0.11647600773586092	14.74906610150263	NA	19.18998039520854	NA
Hippocampus	-0.11647600773586092	14.924650221758613	NA	19.036488053508844	NA
Hippocampus	-0.11647600773586092	15.100234342014597	NA	18.887818110339392	NA
Hippocampus	-0.11647600773586092	15.27581846227058	NA	18.743779481739352	NA
Hippocampus	-0.11647600773586092	15.451402582526566	NA	18.603899446147235	NA
Hippocampus	-0.11647600773586092	15.626986702782549	NA	18.466448092439293	NA
Hippocampus	-0.11647600773586092	15.802570823038533	NA	18.332231101115028	NA
Hippocampus	-0.11647600773586092	15.978154943294516	NA	18.201117936896832	NA
Hippocampus	-0.11647600773586092	16.1537390635505	NA	18.072983696251246	NA
Hippocampus	-0.11647600773586092	16.329323183806483	NA	17.94770828182817	NA
Hippocampus	-0.11647600773586092	16.504907304062467	NA	17.825177041094435	NA
Hippocampus	-0.11647600773586092	16.68049142431845	NA	17.705280201564776	NA
Hippocampus	-0.11647600773586092	16.856075544574434	NA	17.587912659816222	NA
Hippocampus	-0.11647600773586092	17.031659664830418	NA	17.47297377966009	NA
Hippocampus	-0.11647600773586092	17.2072437850864	NA	17.360367199073718	NA
Hippocampus	-0.11647600773586092	17.382827905342385	NA	17.250000645511356	NA
Hippocampus	-0.11647600773586092	17.55841202559837	NA	17.141785759230185	NA
Hippocampus	-0.11647600773586092	17.616476007735862	17.049658522963487	17.10645884863396	1.4615748685495742
Hippocampus	-0.11647600773586092	17.733996145854352	NA	17.03563792428321	NA
Hippocampus	-0.11647600773586092	17.909580266110336	NA	16.931476106846056	NA
Hippocampus	-0.11647600773586092	18.08516438636632	NA	16.829222700558958	NA
Hippocampus	-0.11647600773586092	18.260748506622303	NA	16.728803378579208	NA
Hippocampus	-0.11647600773586092	18.436332626878286	NA	16.63014695205258	NA
Hippocampus	-0.11647600773586092	18.61191674713427	NA	16.533185234724822	NA
Hippocampus	-0.11647600773586092	18.787500867390253	NA	16.437852913426568	NA
Hippocampus	-0.11647600773586092	18.963084987646237	NA	16.344087424176436	NA
Hippocampus	-0.11647600773586092	19.13866910790222	NA	16.25182883365832	NA
Hippocampus	-0.11647600773586092	19.314253228158204	NA	16.16101972583937	NA
Hippocampus	-0.11647600773586092	19.489837348414188	NA	16.071605093505475	NA
Hippocampus	-0.11647600773586092	19.665421468670175	NA	15.98353223450046	NA
Hippocampus	-0.11647600773586092	19.84100558892616	NA	15.896750652464888	NA
Hippocampus	-0.11647600773586092	20.016589709182142	NA	15.811211961878845	NA
Hippocampus	-0.11647600773586092	20.192173829438126	NA	15.72686979722186	NA
Hippocampus	-0.11647600773586092	20.36775794969411	NA	15.643679726071133	NA
Hippocampus	-0.11647600773586092	20.543342069950093	NA	15.561599165966971	NA
Hippocampus	-0.11647600773586092	20.718926190206076	NA	15.480587304881865	NA
Hippocampus	-0.11647600773586092	20.89451031046206	NA	15.40060502513662	NA
Hippocampus	-0.11647600773586092	21.070094430718044	NA	15.321614830613926	NA
Hippocampus	-0.11647600773586092	21.245678550974027	NA	15.24358077712611	NA
Hippocampus	-0.11647600773586092	21.42126267123001	NA	15.166468405800034	NA
Hippocampus	-0.11647600773586092	21.596846791485994	NA	15.09024467934825	NA
Hippocampus	-0.11647600773586092	21.772430911741978	NA	15.014877921100926	NA
Hippocampus	-0.11647600773586092	21.94801503199796	NA	14.940337756678739	NA
Hippocampus	-0.11647600773586092	22.123599152253945	NA	14.866595058192056	NA
Hippocampus	-0.11647600773586092	22.29918327250993	NA	14.793621890856645	NA
Hippocampus	-0.11647600773586092	22.474767392765912	NA	14.721391461921002	NA
Hippocampus	-0.11647600773586092	22.616476007735862	14.79985882868895	14.663620797181357	1.3231845405683509
Hippocampus	-0.11647600773586092	22.650351513021896	NA	14.649878071805015	NA
Hippocampus	-0.11647600773586092	22.82593563327788	NA	14.5790570673538	NA
Hippocampus	-0.11647600773586092	23.001519753533863	NA	14.508904797114988	NA
Hippocampus	-0.11647600773586092	23.177103873789846	NA	14.439398568551574	NA
Hippocampus	-0.11647600773586092	23.35268799404583	NA	14.370516607106225	NA
Hippocampus	-0.11647600773586092	23.528272114301814	NA	14.302238017036862	NA
Hippocampus	-0.11647600773586092	23.703856234557797	NA	14.234542743946372	NA
Hippocampus	-0.11647600773586092	23.87944035481378	NA	14.167411538933113	NA
Hippocampus	-0.11647600773586092	24.055024475069764	NA	14.100825997477925	NA
Hippocampus	-0.11647600773586092	24.230608595325748	NA	14.034768309437876	NA
Hippocampus	-0.11647600773586092	24.40619271558173	NA	13.969221435215474	NA
Hippocampus	-0.11647600773586092	24.581776835837715	NA	13.904169019702323	NA
Hippocampus	-0.11647600773586092	24.7573609560937	NA	13.83959535597389	NA
Hippocampus	-0.11647600773586092	24.932945076349682	NA	13.775485357790124	NA
Hippocampus	-0.11647600773586092	25.108529196605666	NA	13.711824533284071	NA
Hippocampus	-0.11647600773586092	25.28411331686165	NA	13.648598959786883	NA
Hippocampus	-0.11647600773586092	25.459697437117637	NA	13.585795259739797	NA
Hippocampus	-0.11647600773586092	25.63528155737362	NA	13.523400577646138	NA
Hippocampus	-0.11647600773586092	25.810865677629604	NA	13.461402558018001	NA
Hippocampus	-0.11647600773586092	25.986449797885587	NA	13.399789324274641	NA
Hippocampus	-0.11647600773586092	26.16203391814157	NA	13.338549458551137	NA
Hippocampus	-0.11647600773586092	26.337618038397554	NA	13.27767198237795	NA
Hippocampus	-0.11647600773586092	26.513202158653538	NA	13.217146338193505	NA
Hippocampus	-0.11647600773586092	26.68878627890952	NA	13.156962371653758	NA
Hippocampus	-0.11647600773586092	26.864370399165505	NA	13.097110314704114	NA
Hippocampus	-0.11647600773586092	27.03995451942149	NA	13.037580769380588	NA
Hippocampus	-0.11647600773586092	27.215538639677472	NA	12.978364692308972	NA
Hippocampus	-0.11647600773586092	27.391122759933456	NA	12.919453379870797	NA
Hippocampus	-0.11647600773586092	27.56670688018944	NA	12.860838454008425	NA
Hippocampus	-0.11647600773586092	27.616476007735862	12.71230652680865	12.844276771150248	1.2060205081706268
Hippocampus	-0.11647600773586092	27.742291000445423	NA	12.802511848640622	NA
Hippocampus	-0.11647600773586092	27.917875120701407	NA	12.744465796662505	NA
Hippocampus	-0.11647600773586092	28.09345924095739	NA	12.686692817504534	NA
Hippocampus	-0.11647600773586092	28.269043361213374	NA	12.629185705226236	NA
Hippocampus	-0.11647600773586092	28.444627481469357	NA	12.571937517121507	NA
Hippocampus	-0.11647600773586092	28.62021160172534	NA	12.514941562813373	NA
Hippocampus	-0.11647600773586092	28.795795721981325	NA	12.45819139381695	NA
Hippocampus	-0.11647600773586092	28.971379842237308	NA	12.401680793550288	NA
Hippocampus	-0.11647600773586092	29.14696396249329	NA	12.345403767773783	NA
Hippocampus	-0.11647600773586092	29.322548082749275	NA	12.289354535439543	NA
Hippocampus	-0.11647600773586092	29.49813220300526	NA	12.233527519932922	NA
Hippocampus	-0.11647600773586092	29.673716323261242	NA	12.177917340689266	NA
Hippocampus	-0.11647600773586092	29.849300443517226	NA	12.122518805169664	NA
Hippocampus	-0.11647600773586092	30.02488456377321	NA	12.067341004972747	NA
Hippocampus	-0.11647600773586092	30.200468684029193	NA	12.01288899753375	NA
Hippocampus	-0.11647600773586092	30.376052804285177	NA	11.958944848366801	NA
Hippocampus	-0.11647600773586092	30.55163692454116	NA	11.905490342425702	NA
Hippocampus	-0.11647600773586092	30.727221044797144	NA	11.852510928917996	NA
Hippocampus	-0.11647600773586092	30.90280516505313	NA	11.799992617349732	NA
Hippocampus	-0.11647600773586092	31.078389285309115	NA	11.747921953946927	NA
Hippocampus	-0.11647600773586092	31.253973405565098	NA	11.696285999093517	NA
Hippocampus	-0.11647600773586092	31.42955752582108	NA	11.645072305741719	NA
Hippocampus	-0.11647600773586092	31.605141646077065	NA	11.594268898752489	NA
Hippocampus	-0.11647600773586092	31.78072576633305	NA	11.543864255125893	NA
Hippocampus	-0.11647600773586092	31.956309886589032	NA	11.493847316445057	NA
Hippocampus	-0.11647600773586092	32.131894006845016	NA	11.444207400402625	NA
Hippocampus	-0.11647600773586092	32.307478127101	NA	11.39493420342894	NA
Hippocampus	-0.11647600773586092	32.48306224735698	NA	11.346017830030611	NA
Hippocampus	-0.11647600773586092	32.61647600773586	11.40156174099915	11.309082579425871	1.1067431838713475
Hippocampus	-0.11647600773586092	32.65864636761297	NA	11.29744875005039	NA
Hippocampus	-0.11647600773586092	32.83423048786895	NA	11.24921778348304	NA
Hippocampus	-0.11647600773586092	33.009814608124934	NA	11.201316085943558	NA
Hippocampus	-0.11647600773586092	33.18539872838092	NA	11.153735134759753	NA
Hippocampus	-0.11647600773586092	33.3609828486369	NA	11.10646671566182	NA
Hippocampus	-0.11647600773586092	33.536566968892885	NA	11.059502910043294	NA
Hippocampus	-0.11647600773586092	33.71215108914887	NA	11.01283608276846	NA
Hippocampus	-0.11647600773586092	33.88773520940485	NA	10.96645887050267	NA
Hippocampus	-0.11647600773586092	34.063319329660835	NA	10.920364170542834	NA
Hippocampus	-0.11647600773586092	34.23890344991682	NA	10.874545130126396	NA
Hippocampus	-0.11647600773586092	34.4144875701728	NA	10.828995136198259	NA
Hippocampus	-0.11647600773586092	34.590071690428786	NA	10.783707805615556	NA
Hippocampus	-0.11647600773586092	34.76565581068477	NA	10.73867697577152	NA
Hippocampus	-0.11647600773586092	34.94123993094075	NA	10.693896695620253	NA
Hippocampus	-0.11647600773586092	35.11682405119674	NA	10.649361217085001	NA
Hippocampus	-0.11647600773586092	35.29240817145272	NA	10.60506498683336	NA
Hippocampus	-0.11647600773586092	35.467992291708704	NA	10.561002638403602	NA
Hippocampus	-0.11647600773586092	35.64357641196469	NA	10.517168984666798	NA
Hippocampus	-0.11647600773586092	35.81916053222067	NA	10.473559010610321	NA
Hippocampus	-0.11647600773586092	35.994744652476655	NA	10.430167866428803	NA
Hippocampus	-0.11647600773586092	36.17032877273264	NA	10.386990860909204	NA
Hippocampus	-0.11647600773586092	36.34591289298862	NA	10.344023455097368	NA
Hippocampus	-0.11647600773586092	36.521497013244606	NA	10.301261256233783	NA
Hippocampus	-0.11647600773586092	36.69708113350059	NA	10.258700011946997	NA
Hippocampus	-0.11647600773586092	36.87266525375657	NA	10.21633560469355	NA
Hippocampus	-0.11647600773586092	37.048249374012556	NA	10.174164046433699	NA
Hippocampus	-0.11647600773586092	37.22383349426854	NA	10.132181473532842	NA
Hippocampus	-0.11647600773586092	37.39941761452452	NA	10.090384141878827	NA
Hippocampus	-0.11647600773586092	37.57500173478051	NA	10.048768422205871	NA
Hippocampus	-0.11647600773586092	37.61647600773586	9.83083317806564	10.038964638870148	1.0217746219934254
Hippocampus	-0.11647600773586092	37.75058585503649	NA	10.007330795616134	NA
Hippocampus	-0.11647600773586092	37.926169975292474	NA	9.966067849290422	NA
Hippocampus	-0.11647600773586092	38.10175409554846	NA	9.924976272379915	NA
Hippocampus	-0.11647600773586092	38.27733821580444	NA	9.884052852070996	NA
Hippocampus	-0.11647600773586092	38.452922336060425	NA	9.843294469815822	NA
Hippocampus	-0.11647600773586092	38.62850645631641	NA	9.802698097721484	NA
Hippocampus	-0.11647600773586092	38.80409057657239	NA	9.762260795090805	NA
Hippocampus	-0.11647600773586092	38.979674696828376	NA	9.721979705108412	NA
Hippocampus	-0.11647600773586092	39.15525881708436	NA	9.68185205166569	NA
Hippocampus	-0.11647600773586092	39.33084293734035	NA	9.641875136318685	NA
Hippocampus	-0.11647600773586092	39.50642705759633	NA	9.602046335373268	NA
Hippocampus	-0.11647600773586092	39.68201117785232	NA	9.562363097091952	NA
Hippocampus	-0.11647600773586092	39.8575952981083	NA	9.522822942918074	NA
Hippocampus	-0.11647600773586092	40.033179418364284	NA	9.483423470338625	NA
Hippocampus	-0.11647600773586092	40.20876353862027	NA	9.444162310042191	NA
Hippocampus	-0.11647600773586092	40.38434765887625	NA	9.405037172470317	NA
Hippocampus	-0.11647600773586092	40.559931779132235	NA	9.366045827704946	NA
Hippocampus	-0.11647600773586092	40.73551589938822	NA	9.327186103303536	NA
Hippocampus	-0.11647600773586092	40.9111000196442	NA	9.288455882223483	NA
Hippocampus	-0.11647600773586092	41.086684139900186	NA	9.249853100832466	NA
Hippocampus	-0.11647600773586092	41.26226826015617	NA	9.211375747000611	NA
Hippocampus	-0.11647600773586092	41.43785238041215	NA	9.17302185827125	NA
Hippocampus	-0.11647600773586092	41.613436500668136	NA	9.134789520106734	NA
Hippocampus	-0.11647600773586092	41.78902062092412	NA	9.096676864206172	NA
Hippocampus	-0.11647600773586092	41.9646047411801	NA	9.058682066891953	NA
Hippocampus	-0.11647600773586092	42.14018886143609	NA	9.02080334756225	NA
Hippocampus	-0.11647600773586092	42.31577298169207	NA	8.983038967206454	NA
Hippocampus	-0.11647600773586092	42.491357101948054	NA	8.945387226981044	NA
Hippocampus	-0.11647600773586092	42.61647600773586	8.967431804850666	8.91862485935724	0.9524378778458922
Hippocampus	-0.11647600773586092	42.66694122220404	NA	8.907846466843276	NA
Hippocampus	-0.11647600773586092	42.84252534246002	NA	8.870415064240097	NA
Hippocampus	-0.11647600773586092	43.018109462716005	NA	8.833091432850091	NA
Hippocampus	-0.11647600773586092	43.19369358297199	NA	8.795874021376093	NA
Hippocampus	-0.11647600773586092	43.36927770322797	NA	8.758761312386358	NA
Hippocampus	-0.11647600773586092	43.544861823483956	NA	8.721751821202185	NA
Hippocampus	-0.11647600773586092	43.72044594373994	NA	8.68484409483004	NA
Hippocampus	-0.11647600773586092	43.89603006399592	NA	8.648036710936307	NA
Hippocampus	-0.11647600773586092	44.07161418425191	NA	8.611328276862757	NA
Hippocampus	-0.11647600773586092	44.24719830450789	NA	8.574717428681154	NA
Hippocampus	-0.11647600773586092	44.422782424763874	NA	8.538202830285234	NA
Hippocampus	-0.11647600773586092	44.59836654501986	NA	8.501783172518481	NA
Hippocampus	-0.11647600773586092	44.77395066527584	NA	8.465457172336212	NA
Hippocampus	-0.11647600773586092	44.949534785531824	NA	8.429223572000518	NA
Hippocampus	-0.11647600773586092	45.12511890578781	NA	8.393081138306643	NA
Hippocampus	-0.11647600773586092	45.30070302604379	NA	8.357028661839498	NA
Hippocampus	-0.11647600773586092	45.476287146299775	NA	8.321267589804684	NA
Hippocampus	-0.11647600773586092	45.65187126655576	NA	8.28598892125484	NA
Hippocampus	-0.11647600773586092	45.82745538681174	NA	8.25117135700795	NA
Hippocampus	-0.11647600773586092	46.003039507067726	NA	8.216800908215703	NA
Hippocampus	-0.11647600773586092	46.17862362732371	NA	8.182864129172366	NA
Hippocampus	-0.11647600773586092	46.35420774757969	NA	8.149348094404019	NA
Hippocampus	-0.11647600773586092	46.52979186783568	NA	8.116240376746108	NA
Hippocampus	-0.11647600773586092	46.70537598809166	NA	8.08352902636636	NA
Hippocampus	-0.11647600773586092	46.880960108347644	NA	8.051202550692132	NA
Hippocampus	-0.11647600773586092	47.05654422860363	NA	8.019249895202828	NA
Hippocampus	-0.11647600773586092	47.23212834885961	NA	7.987660425050043	NA
Hippocampus	-0.11647600773586092	47.407712469115594	NA	7.956423907469395	NA
Hippocampus	-0.11647600773586092	47.58329658937158	NA	7.925530494949761	NA
Hippocampus	-0.11647600773586092	47.61647600773586	7.926606118557527	7.91973064081651	0.8933233529586769
Hippocampus	-0.11647600773586092	47.75888070962756	NA	7.894970709127135	NA
Hippocampus	-0.11647600773586092	47.934464829883545	NA	7.864735464768545	NA
Hippocampus	-0.11647600773586092	48.11004895013953	NA	7.834815943244208	NA
Hippocampus	-0.11647600773586092	48.28563307039551	NA	7.805203674921148	NA
Hippocampus	-0.11647600773586092	48.461217190651496	NA	7.775890510516469	NA
Hippocampus	-0.11647600773586092	48.63680131090748	NA	7.746868599171494	NA
Hippocampus	-0.11647600773586092	48.81238543116346	NA	7.718130376079458	NA
Hippocampus	-0.11647600773586092	48.98796955141945	NA	7.689668550644364	NA
Hippocampus	-0.11647600773586092	49.16355367167543	NA	7.661476095148308	NA
Hippocampus	-0.11647600773586092	49.339137791931414	NA	7.633546233904835	NA
Hippocampus	-0.11647600773586092	49.5147219121874	NA	7.605872432877688	NA
Hippocampus	-0.11647600773586092	49.69030603244338	NA	7.578448389744501	NA
Hippocampus	-0.11647600773586092	49.865890152699365	NA	7.551268024386285	NA
Hippocampus	-0.11647600773586092	50.04147427295535	NA	7.524325469784204	NA
Hippocampus	-0.11647600773586092	50.21705839321133	NA	7.497615063306127	NA
Hippocampus	-0.11647600773586092	50.392642513467315	NA	7.471131338365932	NA
Hippocampus	-0.11647600773586092	50.5682266337233	NA	7.44486901643948	NA
Hippocampus	-0.11647600773586092	50.74381075397929	NA	7.418822999421884	NA
Hippocampus	-0.11647600773586092	50.91939487423527	NA	7.392988362311216	NA
Hippocampus	-0.11647600773586092	51.09497899449126	NA	7.3673603462045545	NA
Hippocampus	-0.11647600773586092	51.27056311474724	NA	7.341934351592855	NA
Hippocampus	-0.11647600773586092	51.446147235003224	NA	7.316705931941774	NA
Hippocampus	-0.11647600773586092	51.62173135525921	NA	7.291670787545953	NA
Hippocampus	-0.11647600773586092	51.79731547551519	NA	7.266824759645066	NA
Hippocampus	-0.11647600773586092	51.972899595771175	NA	7.242163824790257	NA
Hippocampus	-0.11647600773586092	52.14848371602716	NA	7.217684089450093	NA
Hippocampus	-0.11647600773586092	52.32406783628314	NA	7.193381784845759	NA
Hippocampus	-0.11647600773586092	52.499651956539125	NA	7.169253262005597	NA
Hippocampus	-0.11647600773586092	52.61647600773586	7.326124802500397	7.1532940006302015	0.8460382092472831
Hippocampus	-0.11647600773586092	52.67523607679511	NA	7.145294987029387	NA
Hippocampus	-0.11647600773586092	52.85082019705109	NA	7.121503536553493	NA
Hippocampus	-0.11647600773586092	53.026404317307076	NA	7.097875593408005	NA
Hippocampus	-0.11647600773586092	53.20198843756306	NA	7.074407942457751	NA
Hippocampus	-0.11647600773586092	53.37757255781904	NA	7.051097466619151	NA
Hippocampus	-0.11647600773586092	53.55315667807503	NA	7.027941143045325	NA
Hippocampus	-0.11647600773586092	53.72874079833101	NA	7.004936039472246	NA
Hippocampus	-0.11647600773586092	53.904324918586994	NA	6.9820793107189205	NA
Hippocampus	-0.11647600773586092	54.07990903884298	NA	6.959368195335036	NA
Hippocampus	-0.11647600773586092	54.25549315909896	NA	6.936800012389651	NA
Hippocampus	-0.11647600773586092	54.431077279354945	NA	6.914372158394823	NA
Hippocampus	-0.11647600773586092	54.60666139961093	NA	6.8920821043584874	NA
Hippocampus	-0.11647600773586092	54.78224551986691	NA	6.869927392960868	NA
Hippocampus	-0.11647600773586092	54.957829640122895	NA	6.847905635849191	NA
Hippocampus	-0.11647600773586092	55.13341376037888	NA	6.826014511045612	NA
Hippocampus	-0.11647600773586092	55.30899788063486	NA	6.804251760463369	NA
Hippocampus	-0.11647600773586092	55.484582000890846	NA	6.782615187526702	NA
Hippocampus	-0.11647600773586092	55.66016612114683	NA	6.761102654889861	NA
Hippocampus	-0.11647600773586092	55.83575024140281	NA	6.739712090565842	NA
Hippocampus	-0.11647600773586092	56.0113343616588	NA	6.718441470427923	NA
Hippocampus	-0.11647600773586092	56.18691848191478	NA	6.697288811941394	NA
Hippocampus	-0.11647600773586092	56.362502602170764	NA	6.676252193731817	NA
Hippocampus	-0.11647600773586092	56.53808672242675	NA	6.655329743593934	NA
Hippocampus	-0.11647600773586092	56.71367084268273	NA	6.634519636722471	NA
Hippocampus	-0.11647600773586092	56.889254962938715	NA	6.613820094016038	NA
Hippocampus	-0.11647600773586092	57.0648390831947	NA	6.593229380450744	NA
Hippocampus	-0.11647600773586092	57.24042320345068	NA	6.572745803520683	NA
Hippocampus	-0.11647600773586092	57.416007323706665	NA	6.55236771174238	NA
Hippocampus	-0.11647600773586092	57.59159144396265	NA	6.5320934932204375	NA
Hippocampus	-0.11647600773586092	57.61647600773586	6.578783800688369	6.529228411656054	0.8010156664100823
Hippocampus	-0.11647600773586092	57.76717556421863	NA	6.511921574271831	NA
Hippocampus	-0.11647600773586092	57.942759684474616	NA	6.491850418106249	NA
Hippocampus	-0.11647600773586092	58.1183438047306	NA	6.471878523560152	NA
Hippocampus	-0.11647600773586092	58.29392792498658	NA	6.45200442388224	NA
Hippocampus	-0.11647600773586092	58.46951204524257	NA	6.432226685568138	NA
Hippocampus	-0.11647600773586092	58.64509616549855	NA	6.412543907242135	NA
Hippocampus	-0.11647600773586092	58.820680285754534	NA	6.392954718584102	NA
Hippocampus	-0.11647600773586092	58.99626440601052	NA	6.373457779299541	NA
Hippocampus	-0.11647600773586092	59.1718485262665	NA	6.354051778130946	NA
Hippocampus	-0.11647600773586092	59.347432646522485	NA	6.334735431908795	NA
Hippocampus	-0.11647600773586092	59.52301676677847	NA	6.315507484640393	NA
Hippocampus	-0.11647600773586092	59.69860088703445	NA	6.296366706635036	NA
Hippocampus	-0.11647600773586092	59.874185007290436	NA	6.277313738234611	NA
Hippocampus	-0.11647600773586092	60.04976912754642	NA	6.258766745494637	NA
Hippocampus	-0.11647600773586092	60.2253532478024	NA	6.240454242033683	NA
Hippocampus	-0.11647600773586092	60.400937368058386	NA	6.222356488990231	NA
Hippocampus	-0.11647600773586092	60.57652148831437	NA	6.204467837662425	NA
Hippocampus	-0.11647600773586092	60.75210560857035	NA	6.186782845375419	NA
Hippocampus	-0.11647600773586092	60.92768972882634	NA	6.169296266950185	NA
Hippocampus	-0.11647600773586092	61.10327384908232	NA	6.152003046538568	NA
Hippocampus	-0.11647600773586092	61.278857969338304	NA	6.134898309808734	NA
Hippocampus	-0.11647600773586092	61.45444208959429	NA	6.117977356465717	NA
Hippocampus	-0.11647600773586092	61.63002620985027	NA	6.101235653092756	NA
Hippocampus	-0.11647600773586092	61.80561033010626	NA	6.084668826299309	NA
Hippocampus	-0.11647600773586092	61.981194450362246	NA	6.068272656162631	NA
Hippocampus	-0.11647600773586092	62.15677857061823	NA	6.052043069950121	NA
Hippocampus	-0.11647600773586092	62.33236269087421	NA	6.035976136110205	NA
Hippocampus	-0.11647600773586092	62.507946811130196	NA	6.020068058520411	NA
Hippocampus	-0.11647600773586092	62.61647600773586	6.711112406826914	6.0103130950423855	0.767297136702956
Hippocampus	-0.11647600773586092	62.68353093138618	NA	6.004315170981131	NA
Hippocampus	-0.11647600773586092	62.85911505164216	NA	5.988713931944693	NA
Hippocampus	-0.11647600773586092	63.03469917189815	NA	5.973260919469485	NA
Hippocampus	-0.11647600773586092	63.21028329215413	NA	5.957952826389409	NA
Hippocampus	-0.11647600773586092	63.385867412410114	NA	5.942786455689266	NA
Hippocampus	-0.11647600773586092	63.5614515326661	NA	5.92775871607732	NA
Hippocampus	-0.11647600773586092	63.73703565292208	NA	5.9128666195869215	NA
Hippocampus	-0.11647600773586092	63.912619773178065	NA	5.898107289937132	NA
Hippocampus	-0.11647600773586092	64.08820389343404	NA	5.8834779095224805	NA
Hippocampus	-0.11647600773586092	64.26378801369003	NA	5.868975769360617	NA
Hippocampus	-0.11647600773586092	64.43937213394601	NA	5.854598246723756	NA
Hippocampus	-0.11647600773586092	64.614956254202	NA	5.840342801727297	NA
Hippocampus	-0.11647600773586092	64.79054037445798	NA	5.826206974063007	NA
Hippocampus	-0.11647600773586092	64.96612449471397	NA	5.812188379870671	NA
Hippocampus	-0.11647600773586092	65.14170861496994	NA	5.798284708742094	NA
Hippocampus	-0.11647600773586092	65.31729273522593	NA	5.78449372085186	NA
Hippocampus	-0.11647600773586092	65.49287685548191	NA	5.7708132442093465	NA
Hippocampus	-0.11647600773586092	65.6684609757379	NA	5.757241172026651	NA
Hippocampus	-0.11647600773586092	65.84404509599388	NA	5.74377546019765	NA
Hippocampus	-0.11647600773586092	66.01962921624987	NA	5.730414124883149	NA
Hippocampus	-0.11647600773586092	66.19521333650584	NA	5.717155240197758	NA
Hippocampus	-0.11647600773586092	66.37079745676184	NA	5.703996935993935	NA
Hippocampus	-0.11647600773586092	66.54638157701781	NA	5.690937395739191	NA
Hippocampus	-0.11647600773586092	66.7219656972738	NA	5.677974854482232	NA
Hippocampus	-0.11647600773586092	66.89754981752978	NA	5.6651075969044165	NA
Hippocampus	-0.11647600773586092	67.07313393778577	NA	5.65233395545267	NA
Hippocampus	-0.11647600773586092	67.24871805804175	NA	5.639652308550534	NA
Hippocampus	-0.11647600773586092	67.42430217829774	NA	5.62706107888378	NA
Hippocampus	-0.11647600773586092	67.59988629855373	NA	5.614558731757592	NA
Hippocampus	-0.11647600773586092	67.61647600773586	5.634892748641214	5.61338200978341	0.7366919864157483
Hippocampus	-0.11647600773586092	67.7754704188097	NA	5.602143773522041	NA
Hippocampus	-0.11647600773586092	67.9510545390657	NA	5.589814750063117	NA
Hippocampus	-0.11647600773586092	68.12663865932167	NA	5.577570245356291	NA
Hippocampus	-0.11647600773586092	68.30222277957766	NA	5.565408880080141	NA
Hippocampus	-0.11647600773586092	68.47780689983364	NA	5.553329310287219	NA
Hippocampus	-0.11647600773586092	68.65339102008963	NA	5.541330226129943	NA
Hippocampus	-0.11647600773586092	68.8289751403456	NA	5.529410350638991	NA
Hippocampus	-0.11647600773586092	69.0045592606016	NA	5.517568438552015	NA
Hippocampus	-0.11647600773586092	69.18014338085757	NA	5.505803275190449	NA
Hippocampus	-0.11647600773586092	69.35572750111356	NA	5.494113675382494	NA
Hippocampus	-0.11647600773586092	69.53131162136954	NA	5.482498482430143	NA
Hippocampus	-0.11647600773586092	69.70689574162553	NA	5.470956567118402	NA
Hippocampus	-0.11647600773586092	69.8824798618815	NA	5.459486826765025	NA
Hippocampus	-0.11647600773586092	70.0580639821375	NA	5.448088184308839	NA
Hippocampus	-0.11647600773586092	70.23364810239347	NA	5.436759587435158	NA
Hippocampus	-0.11647600773586092	70.40923222264946	NA	5.425500007736598	NA
Hippocampus	-0.11647600773586092	70.58481634290544	NA	5.414308439907912	NA
Hippocampus	-0.11647600773586092	70.76040046316143	NA	5.403183900973225	NA
Hippocampus	-0.11647600773586092	70.93598458341741	NA	5.392125429544423	NA
Hippocampus	-0.11647600773586092	71.1115687036734	NA	5.381132085109319	NA
Hippocampus	-0.11647600773586092	71.28715282392938	NA	5.370202947348331	NA
Hippocampus	-0.11647600773586092	71.46273694418537	NA	5.35933711547843	NA
Hippocampus	-0.11647600773586092	71.63832106444134	NA	5.348533707623265	NA
Hippocampus	-0.11647600773586092	71.81390518469733	NA	5.337791866943092	NA
Hippocampus	-0.11647600773586092	71.98948930495331	NA	5.327110743157113	NA
Hippocampus	-0.11647600773586092	72.1650734252093	NA	5.316489505021593	NA
Hippocampus	-0.11647600773586092	72.34065754546528	NA	5.305927340480141	NA
Hippocampus	-0.11647600773586092	72.51624166572127	NA	5.295423453588104	NA
Hippocampus	-0.11647600773586092	72.61647600773586	5.2178409908360175	5.28945299690176	0.7074643379404949
Hippocampus	-0.11647600773586092	72.69182578597724	NA	5.284977064017808	NA
Hippocampus	-0.11647600773586092	72.86740990623323	NA	5.274587406583156	NA
Hippocampus	-0.11647600773586092	73.04299402648921	NA	5.26425373078257	NA
Hippocampus	-0.11647600773586092	73.2185781467452	NA	5.253975300359768	NA
Hippocampus	-0.11647600773586092	73.39416226700118	NA	5.243751392881446	NA
Hippocampus	-0.11647600773586092	73.56974638725717	NA	5.233581299331226	NA
Hippocampus	-0.11647600773586092	73.74533050751315	NA	5.223464323719134	NA
Hippocampus	-0.11647600773586092	73.92091462776914	NA	5.21339978270603	NA
Hippocampus	-0.11647600773586092	74.09649874802511	NA	5.203387005242277	NA
Hippocampus	-0.11647600773586092	74.2720828682811	NA	5.193425332220124	NA
Hippocampus	-0.11647600773586092	74.44766698853708	NA	5.183514116139181	NA
Hippocampus	-0.11647600773586092	74.62325110879307	NA	5.173652720784483	NA
Hippocampus	-0.11647600773586092	74.79883522904905	NA	5.163840520916558	NA
Hippocampus	-0.11647600773586092	74.97441934930504	NA	5.154076901973032	NA
Hippocampus	-0.11647600773586092	75.15000346956101	NA	5.144361259781323	NA
Hippocampus	-0.11647600773586092	75.325587589817	NA	5.134693000281908	NA
Hippocampus	-0.11647600773586092	75.50117171007298	NA	5.125071539261724	NA
Hippocampus	-0.11647600773586092	75.67675583032897	NA	5.115496302097329	NA
Hippocampus	-0.11647600773586092	75.85233995058495	NA	5.105966723507393	NA
Hippocampus	-0.11647600773586092	76.02792407084094	NA	5.096482247314127	NA
Hippocampus	-0.11647600773586092	76.20350819109692	NA	5.087042326213265	NA
Hippocampus	-0.11647600773586092	76.3790923113529	NA	5.077646421552318	NA
Hippocampus	-0.11647600773586092	76.55467643160888	NA	5.06829400311666	NA
Hippocampus	-0.11647600773586092	76.73026055186487	NA	5.058984548923196	NA
Hippocampus	-0.11647600773586092	76.90584467212085	NA	5.049717545021276	NA
Hippocampus	-0.11647600773586092	77.08142879237684	NA	5.040492485300588	NA
Hippocampus	-0.11647600773586092	77.25701291263282	NA	5.031308871305651	NA
Hippocampus	-0.11647600773586092	77.43259703288881	NA	5.02216621205679	NA
Hippocampus	-0.11647600773586092	77.60818115314478	NA	5.013064023877183	NA
Hippocampus	-0.11647600773586092	77.61647600773586	4.860556977642158	5.012635019378601	0.6861044628556173
Hippocampus	-0.11647600773586092	77.78376527340077	NA	5.004001830225823	NA
Hippocampus	-0.11647600773586092	77.95934939365675	NA	4.994979161536144	NA
Hippocampus	-0.11647600773586092	78.13493351391274	NA	4.985995555060013	NA
Hippocampus	-0.11647600773586092	78.31051763416872	NA	4.977050554716995	NA
Hippocampus	-0.11647600773586092	78.48610175442471	NA	4.968143710948562	NA
Hippocampus	-0.11647600773586092	78.6616858746807	NA	4.959274580577104	NA
Hippocampus	-0.11647600773586092	78.83726999493668	NA	4.950442726669566	NA
Hippocampus	-0.11647600773586092	79.01285411519267	NA	4.941647718405465	NA
Hippocampus	-0.11647600773586092	79.18843823544864	NA	4.932889130949177	NA
Hippocampus	-0.11647600773586092	79.36402235570463	NA	4.92416654532629	NA
Hippocampus	-0.11647600773586092	79.53960647596061	NA	4.915479548303866	NA
Hippocampus	-0.11647600773586092	79.7151905962166	NA	4.906827734203358	NA
Hippocampus	-0.11647600773586092	79.89077471647258	NA	4.8982107022947945	NA
Hippocampus	-0.11647600773586092	80.06635883672857	NA	4.889628052475906	NA
Hippocampus	-0.11647600773586092	80.24194295698454	NA	4.881079393357587	NA
Hippocampus	-0.11647600773586092	80.41752707724054	NA	4.872564338746971	NA
Hippocampus	-0.11647600773586092	80.59311119749651	NA	4.864082507548137	NA
Hippocampus	-0.11647600773586092	80.7686953177525	NA	4.855633523665772	NA
Hippocampus	-0.11647600773586092	80.94427943800848	NA	4.847217015911716	NA
Hippocampus	-0.11647600773586092	81.11986355826447	NA	4.8388326179141785	NA
Hippocampus	-0.11647600773586092	81.29544767852045	NA	4.8304799680296755	NA
Hippocampus	-0.11647600773586092	81.47103179877644	NA	4.822158709257416	NA
Hippocampus	-0.11647600773586092	81.64661591903241	NA	4.813868489156151	NA
Hippocampus	-0.11647600773586092	81.8222000392884	NA	4.805608959763414	NA
Hippocampus	-0.11647600773586092	81.99778415954438	NA	4.797379777516907	NA
Hippocampus	-0.11647600773586092	82.17336827980037	NA	4.789180603178157	NA
Hippocampus	-0.11647600773586092	82.34895240005635	NA	4.781011101758255	NA
Hippocampus	-0.11647600773586092	82.52453652031234	NA	4.77287094244552	NA
Hippocampus	-0.11647600773586092	82.61647600773586	4.205671430115368	4.76862018016238	0.6650942345012545
Hippocampus	-0.11647600773586092	82.70012064056831	NA	4.764759798535188	NA
Hippocampus	-0.11647600773586092	82.8757047608243	NA	4.756677347360943	NA
Hippocampus	-0.11647600773586092	83.05128888108028	NA	4.748623270228225	NA
Hippocampus	-0.11647600773586092	83.22687300133627	NA	4.740597252349298	NA
Hippocampus	-0.11647600773586092	83.40245712159225	NA	4.732598982779945	NA
Hippocampus	-0.11647600773586092	83.57804124184824	NA	4.724628154357842	NA
Hippocampus	-0.11647600773586092	83.75362536210422	NA	4.716684463642412	NA
Hippocampus	-0.11647600773586092	83.9292094823602	NA	4.708767610856207	NA
Hippocampus	-0.11647600773586092	84.10479360261618	NA	4.700877299827765	NA
Hippocampus	-0.11647600773586092	84.28037772287217	NA	4.693013237935761	NA
Hippocampus	-0.11647600773586092	84.45596184312815	NA	4.685175136054617	NA
Hippocampus	-0.11647600773586092	84.63154596338414	NA	4.677362708501353	NA
Hippocampus	-0.11647600773586092	84.80713008364012	NA	4.66957567298368	NA
Hippocampus	-0.11647600773586092	84.98271420389611	NA	4.6618137505492925	NA
Hippocampus	-0.11647600773586092	85.158298324152085	NA	4.654076665536403	NA
Hippocampus	-0.11647600773586092	85.33388244440808	NA	4.646364145525325	NA
Hippocampus	-0.11647600773586092	85.50946656466405	NA	4.638675921291146	NA
Hippocampus	-0.11647600773586092	85.68505068492004	NA	4.631011726757524	NA
Hippocampus	-0.11647600773586092	85.86063480517602	NA	4.623371298951431	NA
Hippocampus	-0.11647600773586092	86.03621892543201	NA	4.615754377958929	NA
Hippocampus	-0.11647600773586092	86.21180304568799	NA	4.608160706881856	NA
Hippocampus	-0.11647600773586092	86.38738716594398	NA	4.60059003179544	NA
Hippocampus	-0.11647600773586092	86.56297128619995	NA	4.5930421017068905	NA
Hippocampus	-0.11647600773586092	86.73855540645594	NA	4.585516668514667	NA
Hippocampus	-0.11647600773586092	86.91413952671192	NA	4.578013486968818	NA
Hippocampus	-0.11647600773586092	87.08972364696791	NA	4.570532314631917	NA
Hippocampus	-0.11647600773586092	87.26530776722389	NA	4.563072911840922	NA
Hippocampus	-0.11647600773586092	87.44089188747988	NA	4.555635041669704	NA
Hippocampus	-0.11647600773586092	87.61647600773586	4.470714624429034	4.54820389584681	0.6483100686967205
Insula	-0.11647600773586092	0	0	-2.611543983618226e-14	0
Insula	-0.11647600773586092	0.1755841202559837	NA	0.07103665002638444	NA
Insula	-0.11647600773586092	0.3511682405119674	NA	0.8606307954953318	NA
Insula	-0.11647600773586092	0.3664760077358609	1.2287557670637357	1.0281851004461144	0.5943509963021504
Insula	-0.11647600773586092	0.5267523607679511	NA	3.267501738032393	NA
Insula	-0.11647600773586092	0.7023364810239348	NA	6.567499677151708	NA
Insula	-0.11647600773586092	0.8664760077358609	9.736627425905915	9.918604418713143	0.7672901618860205
Insula	-0.11647600773586092	0.8779206012799184	NA	10.161847191169592	NA
Insula	-0.11647600773586092	1.0535047215359021	NA	13.827553374499201	NA
Insula	-0.11647600773586092	1.229088841791886	NA	17.13884458987512	NA
Insula	-0.11647600773586092	1.3664760077358609	19.733188580836263	19.83067911562369	0.8788492461736329
Insula	-0.11647600773586092	1.4046729620478695	NA	20.625682663301717	NA
Insula	-0.11647600773586092	1.580257082303853	NA	24.64690696156996	NA
Insula	-0.11647600773586092	1.7558412025598369	NA	29.186103654985722	NA
Insula	-0.11647600773586092	1.8664760077358609	30.64592976112076	31.469798564491605	0.9728198736248336
Insula	-0.11647600773586092	1.9314253228158207	NA	32.700834651079035	NA
Insula	-0.11647600773586092	2.1070094430718043	NA	35.33758116139069	NA
Insula	-0.11647600773586092	2.282593563327788	NA	36.896277301166954	NA
Insula	-0.11647600773586092	2.366476007735861	37.908339370097906	37.45123271578043	1.0163760689043335
Insula	-0.11647600773586092	2.458177683583772	NA	37.88830880730283	NA
Insula	-0.11647600773586092	2.6337618038397554	NA	38.741869646255175	NA
Insula	-0.11647600773586092	2.809345924095739	NA	39.39920648750578	NA
Insula	-0.11647600773586092	2.866476007735861	40.390308954057	39.548282976700804	1.019964999191554
Insula	-0.11647600773586092	2.9849300443517226	NA	39.7595714021734	NA
Insula	-0.11647600773586092	3.160514164607706	NA	39.815571231681176	NA
Insula	-0.11647600773586092	3.33609828486369	NA	39.76070661996391	NA
Insula	-0.11647600773586092	3.5116824051196738	NA	39.62360435092708	NA
Insula	-0.11647600773586092	3.616476007735861	39.058097820060034	39.50393177117191	1.2278590277659935
Insula	-0.11647600773586092	3.6872665253756574	NA	39.4074860525649	NA
Insula	-0.11647600773586092	3.8628506456316414	NA	39.1153458450494	NA
Insula	-0.11647600773586092	4.038434765887625	NA	38.74996974808009	NA
Insula	-0.11647600773586092	4.2140188861436085	NA	38.31395337158622	NA
Insula	-0.11647600773586092	4.389603006399592	NA	37.80971804254994	NA
Insula	-0.11647600773586092	4.565187126655576	NA	37.23952550711082	NA
Insula	-0.11647600773586092	4.616476007735861	36.85022919080213	37.06086760485065	1.2000149637571242
Insula	-0.11647600773586092	4.740771246911559	NA	36.60549133471528	NA
Insula	-0.11647600773586092	4.916355367167544	NA	35.90959713978288	NA
Insula	-0.11647600773586092	5.091939487423527	NA	35.245993107572914	NA
Insula	-0.11647600773586092	5.267523607679511	NA	34.67840360967977	NA
Insula	-0.11647600773586092	5.4431077279354945	NA	34.142763894208855	NA
Insula	-0.11647600773586092	5.616476007735861	33.8564943137667	33.641976317133846	1.1648157536601829
Insula	-0.11647600773586092	5.618691848191478	NA	33.63573978503382	NA
Insula	-0.11647600773586092	5.794275968447462	NA	33.15430124766977	NA
Insula	-0.11647600773586092	5.969860088703445	NA	32.69569518802482	NA
Insula	-0.11647600773586092	6.145444208959429	NA	32.257420676237444	NA
Insula	-0.11647600773586092	6.321028329215412	NA	31.837206379506465	NA
Insula	-0.11647600773586092	6.496612449471397	NA	31.432990007074277	NA
Insula	-0.11647600773586092	6.67219656972738	NA	31.042899588062333	NA
Insula	-0.11647600773586092	6.847780689983364	NA	30.665236418833466	NA
Insula	-0.11647600773586092	7.0233648102393476	NA	30.29845953110843	NA
Insula	-0.11647600773586092	7.116476007735861	30.04302372111538	30.107896381758273	1.3782105140306276
Insula	-0.11647600773586092	7.198948930495331	NA	29.94117154531903	NA
Insula	-0.11647600773586092	7.374533050751315	NA	29.592105785755564	NA
Insula	-0.11647600773586092	7.550117171007298	NA	29.250114545064672	NA
Insula	-0.11647600773586092	7.725701291263283	NA	28.91415839567271	NA
Insula	-0.11647600773586092	7.901285411519266	NA	28.58329645483619	NA
Insula	-0.11647600773586092	8.07686953177525	NA	28.256677854939568	NA
Insula	-0.11647600773586092	8.252453652031233	NA	27.933532677815926	NA
Insula	-0.11647600773586092	8.428037772287217	NA	27.613165367988838	NA
Insula	-0.11647600773586092	8.6036218925432	NA	27.294948152352806	NA
Insula	-0.11647600773586092	8.779206012799184	NA	26.97831470575124	NA
Insula	-0.11647600773586092	8.954790133055168	NA	26.662754596104165	NA
Insula	-0.11647600773586092	9.11647600773586	26.169647803451188	26.372725177899166	1.3074986716585597
Insula	-0.11647600773586092	9.130374253311151	NA	26.34780822562389	NA
Insula	-0.11647600773586092	9.305958373567135	NA	26.033062223901638	NA
Insula	-0.11647600773586092	9.481542493823119	NA	25.718145252587608	NA
Insula	-0.11647600773586092	9.657126614079102	NA	25.40272418497625	NA
Insula	-0.11647600773586092	9.832710734335087	NA	25.086500627077157	NA
Insula	-0.11647600773586092	10.008294854591071	NA	24.76920774973031	NA
Insula	-0.11647600773586092	10.183878974847055	NA	24.456085146212462	NA
Insula	-0.11647600773586092	10.359463095103038	NA	24.16385795160358	NA
Insula	-0.11647600773586092	10.535047215359022	NA	23.884833130784784	NA
Insula	-0.11647600773586092	10.710631335615005	NA	23.618017096988947	NA
Insula	-0.11647600773586092	10.886215455870989	NA	23.362502141165198	NA
Insula	-0.11647600773586092	11.061799576126973	NA	23.117458818812967	NA
Insula	-0.11647600773586092	11.237383696382956	NA	22.88212901457986	NA
Insula	-0.11647600773586092	11.41296781663894	NA	22.655819624243822	NA
Insula	-0.11647600773586092	11.588551936894923	NA	22.437896799079823	NA
Insula	-0.11647600773586092	11.764136057150907	NA	22.2277807025114	NA
Insula	-0.11647600773586092	11.93972017740689	NA	22.0249407334112	NA
Insula	-0.11647600773586092	12.115304297662874	NA	21.828891174480447	NA
Insula	-0.11647600773586092	12.290888417918858	NA	21.63918722784114	NA
Insula	-0.11647600773586092	12.466472538174841	NA	21.455421403348335	NA
Insula	-0.11647600773586092	12.61647600773586	21.748155621225333	21.302847429559773	1.6488746663169376
Insula	-0.11647600773586092	12.642056658430825	NA	21.277220228203063	NA
Insula	-0.11647600773586092	12.81764077868681	NA	21.1042412492457	NA
Insula	-0.11647600773586092	12.993224898942794	NA	20.936170301859526	NA
Insula	-0.11647600773586092	13.168809019198777	NA	20.77271902173694	NA
Insula	-0.11647600773586092	13.34439313945476	NA	20.613622577876495	NA
Insula	-0.11647600773586092	13.519977259710744	NA	20.458637607106166	NA
Insula	-0.11647600773586092	13.695561379966728	NA	20.307540332184203	NA
Insula	-0.11647600773586092	13.871145500222712	NA	20.16012484712682	NA
Insula	-0.11647600773586092	14.046729620478695	NA	20.01620155487066	NA
Insula	-0.11647600773586092	14.222313740734679	NA	19.875595743702767	NA
Insula	-0.11647600773586092	14.397897860990662	NA	19.73814629010078	NA
Insula	-0.11647600773586092	14.573481981246646	NA	19.603704476726417	NA
Insula	-0.11647600773586092	14.74906610150263	NA	19.4721329153185	NA
Insula	-0.11647600773586092	14.924650221758613	NA	19.343304565145058	NA
Insula	-0.11647600773586092	15.100234342014597	NA	19.21710183850627	NA
Insula	-0.11647600773586092	15.27581846227058	NA	19.09341578553809	NA
Insula	-0.11647600773586092	15.451402582526566	NA	18.971853139756007	NA
Insula	-0.11647600773586092	15.626986702782549	NA	18.850708069139767	NA
Insula	-0.11647600773586092	15.802570823038533	NA	18.73086007012079	NA
Insula	-0.11647600773586092	15.978154943294516	NA	18.612280144581153	NA
Insula	-0.11647600773586092	16.1537390635505	NA	18.49494065737621	NA
Insula	-0.11647600773586092	16.329323183806483	NA	18.378814985469724	NA
Insula	-0.11647600773586092	16.504907304062467	NA	18.263877787547468	NA
Insula	-0.11647600773586092	16.68049142431845	NA	18.15010477937736	NA
Insula	-0.11647600773586092	16.856075544574434	NA	18.03747265703779	NA
Insula	-0.11647600773586092	17.031659664830418	NA	17.92595902673354	NA
Insula	-0.11647600773586092	17.2072437850864	NA	17.815542340616222	NA
Insula	-0.11647600773586092	17.382827905342385	NA	17.7062018380777	NA
Insula	-0.11647600773586092	17.55841202559837	NA	17.59791749203253	NA
Insula	-0.11647600773586092	17.616476007735862	17.27534962208908	17.562337884004634	1.4615748685495742
Insula	-0.11647600773586092	17.733996145854352	NA	17.490669959748356	NA
Insula	-0.11647600773586092	17.909580266110336	NA	17.384440537822552	NA
Insula	-0.11647600773586092	18.08516438636632	NA	17.279211120938974	NA
Insula	-0.11647600773586092	18.260748506622303	NA	17.17496416407157	NA
Insula	-0.11647600773586092	18.436332626878286	NA	17.071682647830855	NA
Insula	-0.11647600773586092	18.61191674713427	NA	16.969350046676542	NA
Insula	-0.11647600773586092	18.787500867390253	NA	16.867950299744344	NA
Insula	-0.11647600773586092	18.963084987646237	NA	16.767467784056826	NA
Insula	-0.11647600773586092	19.13866910790222	NA	16.667887289909423	NA
Insula	-0.11647600773586092	19.314253228158204	NA	16.56919399824055	NA
Insula	-0.11647600773586092	19.489837348414188	NA	16.471373459812327	NA
Insula	-0.11647600773586092	19.665421468670175	NA	16.374411576043315	NA
Insula	-0.11647600773586092	19.84100558892616	NA	16.27829458134931	NA
Insula	-0.11647600773586092	20.016589709182142	NA	16.18300902686044	NA
Insula	-0.11647600773586092	20.192173829438126	NA	16.08854176539498	NA
Insula	-0.11647600773586092	20.36775794969411	NA	15.994879937580684	NA
Insula	-0.11647600773586092	20.543342069950093	NA	15.902010959024139	NA
Insula	-0.11647600773586092	20.718926190206076	NA	15.80992250843751	NA
Insula	-0.11647600773586092	20.89451031046206	NA	15.718602516640082	NA
Insula	-0.11647600773586092	21.070094430718044	NA	15.628039156359298	NA
Insula	-0.11647600773586092	21.245678550974027	NA	15.538220832762716	NA
Insula	-0.11647600773586092	21.42126267123001	NA	15.449136174658214	NA
Insula	-0.11647600773586092	21.596846791485994	NA	15.36077402630563	NA
Insula	-0.11647600773586092	21.772430911741978	NA	15.27312343978774	NA
Insula	-0.11647600773586092	21.94801503199796	NA	15.186173667893188	NA
Insula	-0.11647600773586092	22.123599152253945	NA	15.099914157468298	NA
Insula	-0.11647600773586092	22.29918327250993	NA	15.01433454319829	NA
Insula	-0.11647600773586092	22.474767392765912	NA	14.929424641782015	NA
Insula	-0.11647600773586092	22.616476007735862	14.65032723057806	14.86137822703864	1.3231845405683509
Insula	-0.11647600773586092	22.650351513021896	NA	14.845174446467544	NA
Insula	-0.11647600773586092	22.82593563327788	NA	14.761574121918688	NA
Insula	-0.11647600773586092	23.001519753533863	NA	14.67861399938519	NA
Insula	-0.11647600773586092	23.177103873789846	NA	14.596284572151928	NA
Insula	-0.11647600773586092	23.35268799404583	NA	14.514576491244181	NA
Insula	-0.11647600773586092	23.528272114301814	NA	14.433480561368688	NA
Insula	-0.11647600773586092	23.703856234557797	NA	14.352987737071201	NA
Insula	-0.11647600773586092	23.87944035481378	NA	14.273089119093706	NA
Insula	-0.11647600773586092	24.055024475069764	NA	14.19377603089793	NA
Insula	-0.11647600773586092	24.230608595325748	NA	14.115039780961393	NA
Insula	-0.11647600773586092	24.40619271558173	NA	14.036871880468604	NA
Insula	-0.11647600773586092	24.581776835837715	NA	13.959263982045547	NA
Insula	-0.11647600773586092	24.7573609560937	NA	13.88220786878698	NA
Insula	-0.11647600773586092	24.932945076349682	NA	13.805695451524866	NA
Insula	-0.11647600773586092	25.108529196605666	NA	13.729718766211143	NA
Insula	-0.11647600773586092	25.28411331686165	NA	13.654269971406691	NA
Insula	-0.11647600773586092	25.459697437117637	NA	13.579341345868684	NA
Insula	-0.11647600773586092	25.63528155737362	NA	13.504925286229566	NA
Insula	-0.11647600773586092	25.810865677629604	NA	13.431014304761174	NA
Insula	-0.11647600773586092	25.986449797885587	NA	13.357601027218116	NA
Insula	-0.11647600773586092	26.16203391814157	NA	13.284678190755294	NA
Insula	-0.11647600773586092	26.337618038397554	NA	13.212238641914464	NA
Insula	-0.11647600773586092	26.513202158653538	NA	13.140275334675481	NA
Insula	-0.11647600773586092	26.68878627890952	NA	13.068781328568118	NA
Insula	-0.11647600773586092	26.864370399165505	NA	12.99774978684066	NA
Insula	-0.11647600773586092	27.03995451942149	NA	12.92717397468184	NA
Insula	-0.11647600773586092	27.215538639677472	NA	12.857047257493225	NA
Insula	-0.11647600773586092	27.391122759933456	NA	12.787363099208324	NA
Insula	-0.11647600773586092	27.56670688018944	NA	12.718115060656938	NA
Insula	-0.11647600773586092	27.616476007735862	12.771019477517264	12.698565027957846	1.2060205081706268
Insula	-0.11647600773586092	27.742291000445423	NA	12.649296797971346	NA
Insula	-0.11647600773586092	27.917875120701407	NA	12.580902061032495	NA
Insula	-0.11647600773586092	28.09345924095739	NA	12.51292469195403	NA
Insula	-0.11647600773586092	28.269043361213374	NA	12.445358623602274	NA
Insula	-0.11647600773586092	28.444627481469357	NA	12.378197878150297	NA
Insula	-0.11647600773586092	28.62021160172534	NA	12.311436565664641	NA
Insula	-0.11647600773586092	28.795795721981325	NA	12.245068882722984	NA
Insula	-0.11647600773586092	28.971379842237308	NA	12.179089111061492	NA
Insula	-0.11647600773586092	29.14696396249329	NA	12.11349161625054	NA
Insula	-0.11647600773586092	29.322548082749275	NA	12.048270846397571	NA
Insula	-0.11647600773586092	29.49813220300526	NA	11.983421330876045	NA
Insula	-0.11647600773586092	29.673716323261242	NA	11.918937679079448	NA
Insula	-0.11647600773586092	29.849300443517226	NA	11.854814579199324	NA
Insula	-0.11647600773586092	30.02488456377321	NA	11.791061003362199	NA
Insula	-0.11647600773586092	30.200468684029193	NA	11.728199088344818	NA
Insula	-0.11647600773586092	30.376052804285177	NA	11.66601763282085	NA
Insula	-0.11647600773586092	30.55163692454116	NA	11.604489991413637	NA
Insula	-0.11647600773586092	30.727221044797144	NA	11.543594164181226	NA
Insula	-0.11647600773586092	30.90280516505313	NA	11.483309585639187	NA
Insula	-0.11647600773586092	31.078389285309115	NA	11.423617004574904	NA
Insula	-0.11647600773586092	31.253973405565098	NA	11.364498374459856	NA
Insula	-0.11647600773586092	31.42955752582108	NA	11.305936753517098	NA
Insula	-0.11647600773586092	31.605141646077065	NA	11.247916213585235	NA
Insula	-0.11647600773586092	31.78072576633305	NA	11.190421756996747	NA
Insula	-0.11647600773586092	31.956309886589032	NA	11.133439282233489	NA
Insula	-0.11647600773586092	32.131894006845016	NA	11.076955421924213	NA
Insula	-0.11647600773586092	32.307478127101	NA	11.0209575058035	NA
Insula	-0.11647600773586092	32.48306224735698	NA	10.965433563878875	NA
Insula	-0.11647600773586092	32.61647600773586	10.765362382753688	10.923554921507172	1.1067431838713475
Insula	-0.11647600773586092	32.65864636761297	NA	10.910372238396874	NA
Insula	-0.11647600773586092	32.83423048786895	NA	10.855762735880864	NA
Insula	-0.11647600773586092	33.009814608124934	NA	10.801594783346689	NA
Insula	-0.11647600773586092	33.18539872838092	NA	10.747858588325256	NA
Insula	-0.11647600773586092	33.3609828486369	NA	10.694544802354336	NA
Insula	-0.11647600773586092	33.536566968892885	NA	10.641644487631627	NA
Insula	-0.11647600773586092	33.71215108914887	NA	10.589149086548998	NA
Insula	-0.11647600773586092	33.88773520940485	NA	10.537050393852303	NA
Insula	-0.11647600773586092	34.063319329660835	NA	10.485340531194234	NA
Insula	-0.11647600773586092	34.23890344991682	NA	10.434011923868212	NA
Insula	-0.11647600773586092	34.4144875701728	NA	10.383057279530295	NA
Insula	-0.11647600773586092	34.590071690428786	NA	10.332469568733137	NA
Insula	-0.11647600773586092	34.76565581068477	NA	10.282242007111824	NA
Insula	-0.11647600773586092	34.94123993094075	NA	10.23236803907556	NA
Insula	-0.11647600773586092	35.11682405119674	NA	10.18284132287227	NA
Insula	-0.11647600773586092	35.29240817145272	NA	10.133655716904864	NA
Insula	-0.11647600773586092	35.467992291708704	NA	10.084805267188901	NA
Insula	-0.11647600773586092	35.64357641196469	NA	10.036284195851023	NA
Insula	-0.11647600773586092	35.81916053222067	NA	9.98808689057647	NA
Insula	-0.11647600773586092	35.994744652476655	NA	9.940207894922448	NA
Insula	-0.11647600773586092	36.17032877273264	NA	9.892641899420918	NA
Insula	-0.11647600773586092	36.34591289298862	NA	9.845383733401931	NA
Insula	-0.11647600773586092	36.521497013244606	NA	9.798428357474059	NA
Insula	-0.11647600773586092	36.69708113350059	NA	9.751770856604542	NA
Insula	-0.11647600773586092	36.87266525375657	NA	9.70540643374675	NA
Insula	-0.11647600773586092	37.048249374012556	NA	9.659330403967106	NA
Insula	-0.11647600773586092	37.22383349426854	NA	9.613538189028072	NA
Insula	-0.11647600773586092	37.39941761452452	NA	9.568025312387464	NA
Insula	-0.11647600773586092	37.57500173478051	NA	9.522787394577986	NA
Insula	-0.11647600773586092	37.61647600773586	9.466593738684685	9.512141581453216	1.0217746219934254
Insula	-0.11647600773586092	37.75058585503649	NA	9.477820148934008	NA
Insula	-0.11647600773586092	37.926169975292474	NA	9.433119377635732	NA
Insula	-0.11647600773586092	38.10175409554846	NA	9.388680968043158	NA
Insula	-0.11647600773586092	38.27733821580444	NA	9.344500889295148	NA
Insula	-0.11647600773586092	38.452922336060425	NA	9.30057518915073	NA
Insula	-0.11647600773586092	38.62850645631641	NA	9.256899991051984	NA
Insula	-0.11647600773586092	38.80409057657239	NA	9.21347149138968	NA
Insula	-0.11647600773586092	38.979674696828376	NA	9.170285956954357	NA
Insula	-0.11647600773586092	39.15525881708436	NA	9.127339722557192	NA
Insula	-0.11647600773586092	39.33084293734035	NA	9.084629188806536	NA
Insula	-0.11647600773586092	39.50642705759633	NA	9.042150820026729	NA
Insula	-0.11647600773586092	39.68201117785232	NA	8.999901142307637	NA
Insula	-0.11647600773586092	39.8575952981083	NA	8.957876747828024	NA
Insula	-0.11647600773586092	40.033179418364284	NA	8.916074301772204	NA
Insula	-0.11647600773586092	40.20876353862027	NA	8.87449047688635	NA
Insula	-0.11647600773586092	40.38434765887625	NA	8.833122029093683	NA
Insula	-0.11647600773586092	40.559931779132235	NA	8.791965767940688	NA
Insula	-0.11647600773586092	40.73551589938822	NA	8.751018555233257	NA
Insula	-0.11647600773586092	40.9111000196442	NA	8.710277303744613	NA
Insula	-0.11647600773586092	41.086684139900186	NA	8.669738975989773	NA
Insula	-0.11647600773586092	41.26226826015617	NA	8.629400583061042	NA
Insula	-0.11647600773586092	41.43785238041215	NA	8.589259183519891	NA
Insula	-0.11647600773586092	41.613436500668136	NA	8.54931188234085	NA
Insula	-0.11647600773586092	41.78902062092412	NA	8.509555829903551	NA
Insula	-0.11647600773586092	41.9646047411801	NA	8.46998822102914	NA
Insula	-0.11647600773586092	42.14018886143609	NA	8.43060629405793	NA
Insula	-0.11647600773586092	42.31577298169207	NA	8.391407329965121	NA
Insula	-0.11647600773586092	42.491357101948054	NA	8.352388651511992	NA
Insula	-0.11647600773586092	42.61647600773586	8.44944864601643	8.324692927701276	0.9524378778458922
Insula	-0.11647600773586092	42.66694122220404	NA	8.313547622429827	NA
Insula	-0.11647600773586092	42.84252534246002	NA	8.274881646634526	NA
Insula	-0.11647600773586092	43.018109462716005	NA	8.236388167469544	NA
Insula	-0.11647600773586092	43.19369358297199	NA	8.198064666975382	NA
Insula	-0.11647600773586092	43.36927770322797	NA	8.159908665183854	NA
Insula	-0.11647600773586092	43.544861823483956	NA	8.121917719435405	NA
Insula	-0.11647600773586092	43.72044594373994	NA	8.084089423718105	NA
Insula	-0.11647600773586092	43.89603006399592	NA	8.04642140802692	NA
Insula	-0.11647600773586092	44.07161418425191	NA	8.008911337742008	NA
Insula	-0.11647600773586092	44.24719830450789	NA	7.97155691302491	NA
Insula	-0.11647600773586092	44.422782424763874	NA	7.934355868231555	NA
Insula	-0.11647600773586092	44.59836654501986	NA	7.897305971341151	NA
Insula	-0.11647600773586092	44.77395066527584	NA	7.860405023400086	NA
Insula	-0.11647600773586092	44.949534785531824	NA	7.8236508579799775	NA
Insula	-0.11647600773586092	45.12511890578781	NA	7.78704134064913	NA
Insula	-0.11647600773586092	45.30070302604379	NA	7.750574368456743	NA
Insula	-0.11647600773586092	45.476287146299775	NA	7.714465638472339	NA
Insula	-0.11647600773586092	45.65187126655576	NA	7.678922734684912	NA
Insula	-0.11647600773586092	45.82745538681174	NA	7.64391364548612	NA
Insula	-0.11647600773586092	46.003039507067726	NA	7.60941466173314	NA
Insula	-0.11647600773586092	46.17862362732371	NA	7.5754038408560005	NA
Insula	-0.11647600773586092	46.35420774757969	NA	7.5418608544732235	NA
Insula	-0.11647600773586092	46.52979186783568	NA	7.5087668495120266	NA
Insula	-0.11647600773586092	46.70537598809166	NA	7.4761043216308005	NA
Insula	-0.11647600773586092	46.880960108347644	NA	7.443856999849028	NA
Insula	-0.11647600773586092	47.05654422860363	NA	7.412009741386778	NA
Insula	-0.11647600773586092	47.23212834885961	NA	7.380548435805407	NA
Insula	-0.11647600773586092	47.407712469115594	NA	7.349459917621585	NA
Insula	-0.11647600773586092	47.58329658937158	NA	7.3187318866406885	NA
Insula	-0.11647600773586092	47.61647600773586	7.394367666359141	7.312965072312074	0.8933233529586769
Insula	-0.11647600773586092	47.75888070962756	NA	7.288352835322758	NA
Insula	-0.11647600773586092	47.934464829883545	NA	7.258312023492971	NA
Insula	-0.11647600773586092	48.11004895013953	NA	7.228599301606003	NA
Insula	-0.11647600773586092	48.28563307039551	NA	7.199205156431913	NA
Insula	-0.11647600773586092	48.461217190651496	NA	7.170120644827837	NA
Insula	-0.11647600773586092	48.63680131090748	NA	7.141337338550815	NA
Insula	-0.11647600773586092	48.81238543116346	NA	7.112847282469168	NA
Insula	-0.11647600773586092	48.98796955141945	NA	7.084642956437845	NA
Insula	-0.11647600773586092	49.16355367167543	NA	7.056717240512265	NA
Insula	-0.11647600773586092	49.339137791931414	NA	7.029063383203853	NA
Insula	-0.11647600773586092	49.5147219121874	NA	7.001674972507294	NA
Insula	-0.11647600773586092	49.69030603244338	NA	6.974545909453275	NA
Insula	-0.11647600773586092	49.865890152699365	NA	6.9476703839625085	NA
Insula	-0.11647600773586092	50.04147427295535	NA	6.921042852796799	NA
Insula	-0.11647600773586092	50.21705839321133	NA	6.89465801942118	NA
Insula	-0.11647600773586092	50.392642513467315	NA	6.868510815607461	NA
Insula	-0.11647600773586092	50.5682266337233	NA	6.842596384624982	NA
Insula	-0.11647600773586092	50.74381075397929	NA	6.816910065877746	NA
Insula	-0.11647600773586092	50.91939487423527	NA	6.791447380859926	NA
Insula	-0.11647600773586092	51.09497899449126	NA	6.766204020312962	NA
Insula	-0.11647600773586092	51.27056311474724	NA	6.741175832477839	NA
Insula	-0.11647600773586092	51.446147235003224	NA	6.716358812345872	NA
Insula	-0.11647600773586092	51.62173135525921	NA	6.69174909181952	NA
Insula	-0.11647600773586092	51.79731547551519	NA	6.667342930702961	NA
Insula	-0.11647600773586092	51.972899595771175	NA	6.64313670844915	NA
Insula	-0.11647600773586092	52.14848371602716	NA	6.619126916596626	NA
Insula	-0.11647600773586092	52.32406783628314	NA	6.595310151835276	NA
Insula	-0.11647600773586092	52.499651956539125	NA	6.5716831096456545	NA
Insula	-0.11647600773586092	52.61647600773586	6.8398933911896025	6.556066497226428	0.8460382092472831
Insula	-0.11647600773586092	52.67523607679511	NA	6.5482425784614104	NA
Insula	-0.11647600773586092	52.85082019705109	NA	6.524985434308891	NA
Insula	-0.11647600773586092	53.026404317307076	NA	6.501908635881892	NA
Insula	-0.11647600773586092	53.20198843756306	NA	6.479009220013593	NA
Insula	-0.11647600773586092	53.37757255781904	NA	6.456284297510712	NA
Insula	-0.11647600773586092	53.55315667807503	NA	6.4337310493183315	NA
Insula	-0.11647600773586092	53.72874079833101	NA	6.4113467229864565	NA
Insula	-0.11647600773586092	53.904324918586994	NA	6.389128629412002	NA
Insula	-0.11647600773586092	54.07990903884298	NA	6.3670741398322654	NA
Insula	-0.11647600773586092	54.25549315909896	NA	6.345180683048086	NA
Insula	-0.11647600773586092	54.431077279354945	NA	6.323445742856584	NA
Insula	-0.11647600773586092	54.60666139961093	NA	6.301866855675648	NA
Insula	-0.11647600773586092	54.78224551986691	NA	6.280441608343387	NA
Insula	-0.11647600773586092	54.957829640122895	NA	6.25916763607756	NA
Insula	-0.11647600773586092	55.13341376037888	NA	6.238042620581334	NA
Insula	-0.11647600773586092	55.30899788063486	NA	6.217064288282711	NA
Insula	-0.11647600773586092	55.484582000890846	NA	6.19623040869632	NA
Insula	-0.11647600773586092	55.66016612114683	NA	6.175538792897139	NA
Insula	-0.11647600773586092	55.83575024140281	NA	6.154987301664284	NA
Insula	-0.11647600773586092	56.0113343616588	NA	6.13457382647038	NA
Insula	-0.11647600773586092	56.18691848191478	NA	6.114296283256195	NA
Insula	-0.11647600773586092	56.362502602170764	NA	6.094152636015296	NA
Insula	-0.11647600773586092	56.53808672242675	NA	6.074140884044562	NA
Insula	-0.11647600773586092	56.71367084268273	NA	6.054259060917383	NA
Insula	-0.11647600773586092	56.889254962938715	NA	6.034505233517503	NA
Insula	-0.11647600773586092	57.0648390831947	NA	6.014877501128764	NA
Insula	-0.11647600773586092	57.24042320345068	NA	5.995373994576041	NA
Insula	-0.11647600773586092	57.416007323706665	NA	5.9759928754134	NA
Insula	-0.11647600773586092	57.59159144396265	NA	5.956732335155528	NA
Insula	-0.11647600773586092	57.61647600773586	6.120353664700029	5.954012249697243	0.8010156664100823
Insula	-0.11647600773586092	57.76717556421863	NA	5.937590594549115	NA
Insula	-0.11647600773586092	57.942759684474616	NA	5.918565902881048	NA
Insula	-0.11647600773586092	58.1183438047306	NA	5.8996565373204435	NA
Insula	-0.11647600773586092	58.29392792498658	NA	5.880860802292002	NA
Insula	-0.11647600773586092	58.46951204524257	NA	5.862177028878292	NA
Insula	-0.11647600773586092	58.64509616549855	NA	5.8436035742486565	NA
Insula	-0.11647600773586092	58.820680285754534	NA	5.825138821112935	NA
Insula	-0.11647600773586092	58.99626440601052	NA	5.8067811771980296	NA
Insula	-0.11647600773586092	59.1718485262665	NA	5.788529074745681	NA
Insula	-0.11647600773586092	59.347432646522485	NA	5.770380970030013	NA
Insula	-0.11647600773586092	59.52301676677847	NA	5.752335342893316	NA
Insula	-0.11647600773586092	59.69860088703445	NA	5.734390696298929	NA
Insula	-0.11647600773586092	59.874185007290436	NA	5.716547406598598	NA
Insula	-0.11647600773586092	60.04976912754642	NA	5.699230386370215	NA
Insula	-0.11647600773586092	60.2253532478024	NA	5.682172027117747	NA
Insula	-0.11647600773586092	60.400937368058386	NA	5.66534875958662	NA
Insula	-0.11647600773586092	60.57652148831437	NA	5.648751575870893	NA
Insula	-0.11647600773586092	60.75210560857035	NA	5.63237209754098	NA
Insula	-0.11647600773586092	60.92768972882634	NA	5.61620252206834	NA
Insula	-0.11647600773586092	61.10327384908232	NA	5.600235573987283	NA
Insula	-0.11647600773586092	61.278857969338304	NA	5.584464460372325	NA
Insula	-0.11647600773586092	61.45444208959429	NA	5.56888283024706	NA
Insula	-0.11647600773586092	61.63002620985027	NA	5.553484737574859	NA
Insula	-0.11647600773586092	61.80561033010626	NA	5.538264607512666	NA
Insula	-0.11647600773586092	61.981194450362246	NA	5.5232172056377715	NA
Insula	-0.11647600773586092	62.15677857061823	NA	5.508337609883017	NA
Insula	-0.11647600773586092	62.33236269087421	NA	5.493621184939751	NA
Insula	-0.11647600773586092	62.507946811130196	NA	5.479063558908988	NA
Insula	-0.11647600773586092	62.61647600773586	5.708969134827923	5.470143079102158	0.767297136702956
Insula	-0.11647600773586092	62.68353093138618	NA	5.464660602001115	NA
Insula	-0.11647600773586092	62.85911505164216	NA	5.450408407101842	NA
Insula	-0.11647600773586092	63.03469917189815	NA	5.43630327203882	NA
Insula	-0.11647600773586092	63.21028329215413	NA	5.422341683397681	NA
Insula	-0.11647600773586092	63.385867412410114	NA	5.408520301749952	NA
Insula	-0.11647600773586092	63.5614515326661	NA	5.394835948167496	NA
Insula	-0.11647600773586092	63.73703565292208	NA	5.381285593726936	NA
Insula	-0.11647600773586092	63.912619773178065	NA	5.367866360529201	NA
Insula	-0.11647600773586092	64.08820389343404	NA	5.354575462923219	NA
Insula	-0.11647600773586092	64.26378801369003	NA	5.341410251116453	NA
Insula	-0.11647600773586092	64.43937213394601	NA	5.328368184022274	NA
Insula	-0.11647600773586092	64.614956254202	NA	5.3154468214216415	NA
Insula	-0.11647600773586092	64.79054037445798	NA	5.302643816796464	NA
Insula	-0.11647600773586092	64.96612449471397	NA	5.28995691077494	NA
Insula	-0.11647600773586092	65.14170861496994	NA	5.277383925135078	NA
Insula	-0.11647600773586092	65.31729273522593	NA	5.264922757316671	NA
Insula	-0.11647600773586092	65.49287685548191	NA	5.252571375397131	NA
Insula	-0.11647600773586092	65.6684609757379	NA	5.240327813489967	NA
Insula	-0.11647600773586092	65.84404509599388	NA	5.228190167528739	NA
Insula	-0.11647600773586092	66.01962921624987	NA	5.216156591402525	NA
Insula	-0.11647600773586092	66.19521333650584	NA	5.204225293411782	NA
Insula	-0.11647600773586092	66.37079745676184	NA	5.192394533016584	NA
Insula	-0.11647600773586092	66.54638157701781	NA	5.180662617851385	NA
Insula	-0.11647600773586092	66.7219656972738	NA	5.169027900982993	NA
Insula	-0.11647600773586092	66.89754981752978	NA	5.157488778390338	NA
Insula	-0.11647600773586092	67.07313393778577	NA	5.1460436866466415	NA
Insula	-0.11647600773586092	67.24871805804175	NA	5.134691100786313	NA
Insula	-0.11647600773586092	67.42430217829774	NA	5.123429532340318	NA
Insula	-0.11647600773586092	67.59988629855373	NA	5.112257527525445	NA
Insula	-0.11647600773586092	67.61647600773586	5.370839825687663	5.111206538116831	0.7366919864157483
Insula	-0.11647600773586092	67.7754704188097	NA	5.101173665573971	NA
Insula	-0.11647600773586092	67.9510545390657	NA	5.090176557191584	NA
Insula	-0.11647600773586092	68.12663865932167	NA	5.079264843132398	NA
Insula	-0.11647600773586092	68.30222277957766	NA	5.068437192880916	NA
Insula	-0.11647600773586092	68.47780689983364	NA	5.057692303431759	NA
Insula	-0.11647600773586092	68.65339102008963	NA	5.047028898158661	NA
Insula	-0.11647600773586092	68.8289751403456	NA	5.036445725765087	NA
Insula	-0.11647600773586092	69.0045592606016	NA	5.025941559309512	NA
Insula	-0.11647600773586092	69.18014338085757	NA	5.015515195298926	NA
Insula	-0.11647600773586092	69.35572750111356	NA	5.0051654528448335	NA
Insula	-0.11647600773586092	69.53131162136954	NA	4.994891172876315	NA
Insula	-0.11647600773586092	69.70689574162553	NA	4.984691217405486	NA
Insula	-0.11647600773586092	69.8824798618815	NA	4.974564468840831	NA
Insula	-0.11647600773586092	70.0580639821375	NA	4.964509829344438	NA
Insula	-0.11647600773586092	70.23364810239347	NA	4.954526220229468	NA
Insula	-0.11647600773586092	70.40923222264946	NA	4.944612581394533	NA
Insula	-0.11647600773586092	70.58481634290544	NA	4.934767870791942	NA
Insula	-0.11647600773586092	70.76040046316143	NA	4.92499106392699	NA
Insula	-0.11647600773586092	70.93598458341741	NA	4.9152811533858145	NA
Insula	-0.11647600773586092	71.1115687036734	NA	4.905637148389497	NA
Insula	-0.11647600773586092	71.28715282392938	NA	4.896058074372282	NA
Insula	-0.11647600773586092	71.46273694418537	NA	4.886542972581975	NA
Insula	-0.11647600773586092	71.63832106444134	NA	4.877090899700826	NA
Insula	-0.11647600773586092	71.81390518469733	NA	4.8677009342725315	NA
Insula	-0.11647600773586092	71.98948930495331	NA	4.858372158306293	NA
Insula	-0.11647600773586092	72.1650734252093	NA	4.849103670117503	NA
Insula	-0.11647600773586092	72.34065754546528	NA	4.839894584696926	NA
Insula	-0.11647600773586092	72.51624166572127	NA	4.830744030829231	NA
Insula	-0.11647600773586092	72.61647600773586	4.724182851892139	4.825546225008651	0.7074643379404949
Insula	-0.11647600773586092	72.69182578597724	NA	4.821651150807374	NA
Insula	-0.11647600773586092	72.86740990623323	NA	4.8126151001588156	NA
Insula	-0.11647600773586092	73.04299402648921	NA	4.803635047382553	NA
Insula	-0.11647600773586092	73.2185781467452	NA	4.794710173696371	NA
Insula	-0.11647600773586092	73.39416226700118	NA	4.785839672793482	NA
Insula	-0.11647600773586092	73.56974638725717	NA	4.777022750607941	NA
Insula	-0.11647600773586092	73.74533050751315	NA	4.7682586250882695	NA
Insula	-0.11647600773586092	73.92091462776914	NA	4.759546525978695	NA
Insula	-0.11647600773586092	74.09649874802511	NA	4.750885694607555	NA
Insula	-0.11647600773586092	74.2720828682811	NA	4.742275383682357	NA
Insula	-0.11647600773586092	74.44766698853708	NA	4.733714857091113	NA
Insula	-0.11647600773586092	74.62325110879307	NA	4.725203389709544	NA
Insula	-0.11647600773586092	74.79883522904905	NA	4.716740267213857	NA
Insula	-0.11647600773586092	74.97441934930504	NA	4.708324785898642	NA
Insula	-0.11647600773586092	75.15000346956101	NA	4.6999562524997724	NA
Insula	-0.11647600773586092	75.325587589817	NA	4.691633984021847	NA
Insula	-0.11647600773586092	75.50117171007298	NA	4.683357307570093	NA
Insula	-0.11647600773586092	75.67675583032897	NA	4.67512556018636	NA
Insula	-0.11647600773586092	75.85233995058495	NA	4.666938088689095	NA
Insula	-0.11647600773586092	76.02792407084094	NA	4.65879424951703	NA
Insula	-0.11647600773586092	76.20350819109692	NA	4.65069340857644	NA
Insula	-0.11647600773586092	76.3790923113529	NA	4.642634941091802	NA
Insula	-0.11647600773586092	76.55467643160888	NA	4.634618231459704	NA
Insula	-0.11647600773586092	76.73026055186487	NA	4.626642673105818	NA
Insula	-0.11647600773586092	76.90584467212085	NA	4.618707668344855	NA
Insula	-0.11647600773586092	77.08142879237684	NA	4.6108126282433775	NA
Insula	-0.11647600773586092	77.25701291263282	NA	4.6029569724853445	NA
Insula	-0.11647600773586092	77.43259703288881	NA	4.595140129240193	NA
Insula	-0.11647600773586092	77.60818115314478	NA	4.587361535033624	NA
Insula	-0.11647600773586092	77.61647600773586	4.478370896662478	4.586995002586821	0.6861044628556173
Insula	-0.11647600773586092	77.78376527340077	NA	4.579620634620622	NA
Insula	-0.11647600773586092	77.95934939365675	NA	4.571916880860961	NA
Insula	-0.11647600773586092	78.13493351391274	NA	4.564249734596935	NA
Insula	-0.11647600773586092	78.31051763416872	NA	4.556618664533267	NA
Insula	-0.11647600773586092	78.48610175442471	NA	4.549023147119173	NA
Insula	-0.11647600773586092	78.6616858746807	NA	4.5414626664324915	NA
Insula	-0.11647600773586092	78.83726999493668	NA	4.533936714065752	NA
Insula	-0.11647600773586092	79.01285411519267	NA	4.526444789014294	NA
Insula	-0.11647600773586092	79.18843823544864	NA	4.518986397566162	NA
Insula	-0.11647600773586092	79.36402235570463	NA	4.5115610531938835	NA
Insula	-0.11647600773586092	79.53960647596061	NA	4.504168276448107	NA
Insula	-0.11647600773586092	79.7151905962166	NA	4.4968075966070575	NA
Insula	-0.11647600773586092	79.89077471647258	NA	4.489478549285613	NA
Insula	-0.11647600773586092	80.06635883672857	NA	4.482180672535233	NA
Insula	-0.11647600773586092	80.24194295698454	NA	4.474913514191773	NA
Insula	-0.11647600773586092	80.41752707724054	NA	4.467676628662273	NA
Insula	-0.11647600773586092	80.59311119749651	NA	4.460469576828391	NA
Insula	-0.11647600773586092	80.7686953177525	NA	4.45329192595135	NA
Insula	-0.11647600773586092	80.94427943800848	NA	4.446143249578369	NA
Insula	-0.11647600773586092	81.11986355826447	NA	4.439023127450508	NA
Insula	-0.11647600773586092	81.29544767852045	NA	4.431931145412021	NA
Insula	-0.11647600773586092	81.47103179877644	NA	4.424866895321007	NA
Insula	-0.11647600773586092	81.64661591903241	NA	4.417829974961487	NA
Insula	-0.11647600773586092	81.8222000392884	NA	4.410819987956819	NA
Insula	-0.11647600773586092	81.99778415954438	NA	4.403836543684364	NA
Insula	-0.11647600773586092	82.17336827980037	NA	4.396879257191557	NA
Insula	-0.11647600773586092	82.34895240005635	NA	4.389947749113144	NA
Insula	-0.11647600773586092	82.52453652031234	NA	4.383041645589713	NA
Insula	-0.11647600773586092	82.61647600773586	4.3686432852003385	4.37943547588221	0.6650942345012545
Insula	-0.11647600773586092	82.70012064056831	NA	4.376160578187416	NA
Insula	-0.11647600773586092	82.8757047608243	NA	4.369304183818949	NA
Insula	-0.11647600773586092	83.05128888108028	NA	4.362472104665639	NA
Insula	-0.11647600773586092	83.22687300133627	NA	4.355663988100757	NA
Insula	-0.11647600773586092	83.40245712159225	NA	4.348879486613917	NA
Insula	-0.11647600773586092	83.57804124184824	NA	4.342118257736623	NA
Insula	-0.11647600773586092	83.75362536210422	NA	4.335379963968955	NA
Insula	-0.11647600773586092	83.9292094823602	NA	4.328664272707249	NA
Insula	-0.11647600773586092	84.10479360261618	NA	4.321970856172943	NA
Insula	-0.11647600773586092	84.28037772287217	NA	4.315299391342397	NA
Insula	-0.11647600773586092	84.45596184312815	NA	4.308649559877796	NA
Insula	-0.11647600773586092	84.63154596338414	NA	4.302021048059039	NA
Insula	-0.11647600773586092	84.80713008364012	NA	4.295413546716663	NA
Insula	-0.11647600773586092	84.98271420389611	NA	4.28882675116569	NA
Insula	-0.11647600773586092	85.158298324152085	NA	4.282260361140541	NA
Insula	-0.11647600773586092	85.33388244440808	NA	4.275714080730795	NA
Insula	-0.11647600773586092	85.50946656466405	NA	4.26918761831797	NA
Insula	-0.11647600773586092	85.68505068492004	NA	4.262680686513191	NA
Insula	-0.11647600773586092	85.86063480517602	NA	4.256193002095781	NA
Insula	-0.11647600773586092	86.03621892543201	NA	4.249724285952758	NA
Insula	-0.11647600773586092	86.21180304568799	NA	4.24327426301918	NA
Insula	-0.11647600773586092	86.38738716594398	NA	4.236842662219402	NA
Insula	-0.11647600773586092	86.56297128619995	NA	4.2304292164091954	NA
Insula	-0.11647600773586092	86.73855540645594	NA	4.224033662318642	NA
Insula	-0.11647600773586092	86.91413952671192	NA	4.217655740495927	NA
Insula	-0.11647600773586092	87.08972364696791	NA	4.211295195251973	NA
Insula	-0.11647600773586092	87.26530776722389	NA	4.204951774605788	NA
Insula	-0.11647600773586092	87.44089188747988	NA	4.198625230230667	NA
Insula	-0.11647600773586092	87.61647600773586	3.830672351695416	4.192300623172434	0.6483100686967205
Occipital	-0.11647600773586092	0	0	-2.1269275742870092e-14	0
Occipital	-0.11647600773586092	0.1755841202559837	NA	0.07106521997737286	NA
Occipital	-0.11647600773586092	0.3511682405119674	NA	0.860936883780569	NA
Occipital	-0.11647600773586092	0.3664760077358609	1.2210639070882805	1.0285732770163796	0.5943509963021504
Occipital	-0.11647600773586092	0.5267523607679511	NA	3.2712893403279497	NA
Occipital	-0.11647600773586092	0.7023364810239348	NA	6.584073418348087	NA
Occipital	-0.11647600773586092	0.8664760077358609	9.55875770462688	9.95929134839154	0.7672901618860205
Occipital	-0.11647600773586092	0.8779206012799184	NA	10.204688144636073	NA
Occipital	-0.11647600773586092	1.0535047215359021	NA	13.911440107976729	NA
Occipital	-0.11647600773586092	1.229088841791886	NA	17.277587745738526	NA
Occipital	-0.11647600773586092	1.3664760077358609	20.03599019711131	20.020219311715284	0.8788492461736329
Occipital	-0.11647600773586092	1.4046729620478695	NA	20.830428018412942	NA
Occipital	-0.11647600773586092	1.580257082303853	NA	24.92755787292786	NA
Occipital	-0.11647600773586092	1.7558412025598369	NA	29.552904052901674	NA
Occipital	-0.11647600773586092	1.8664760077358609	31.921143275196577	31.896340579173135	0.9728198736248336
Occipital	-0.11647600773586092	1.9314253228158207	NA	33.16393384881683	NA
Occipital	-0.11647600773586092	2.1070094430718043	NA	35.90264308329931	NA
Occipital	-0.11647600773586092	2.282593563327788	NA	37.56351620837462	NA
Occipital	-0.11647600773586092	2.366476007735861	38.978658869118334	38.165706846216615	1.0163760689043335
Occipital	-0.11647600773586092	2.458177683583772	NA	38.65247404807014	NA
Occipital	-0.11647600773586092	2.6337618038397554	NA	39.593871253640714	NA
Occipital	-0.11647600773586092	2.809345924095739	NA	40.32804159473708	NA
Occipital	-0.11647600773586092	2.866476007735861	40.21101778523682	40.49960336580929	1.019964999191554
Occipital	-0.11647600773586092	2.9849300443517226	NA	40.75343090851953	NA
Occipital	-0.11647600773586092	3.160514164607706	NA	40.86216285385794	NA
Occipital	-0.11647600773586092	3.33609828486369	NA	40.848127148195346	NA
Occipital	-0.11647600773586092	3.5116824051196738	NA	40.7407825912319	NA
Occipital	-0.11647600773586092	3.616476007735861	40.18994525958545	40.633928344773544	1.2278590277659935
Occipital	-0.11647600773586092	3.6872665253756574	NA	40.544155607687216	NA
Occipital	-0.11647600773586092	3.8628506456316414	NA	40.26201241654377	NA
Occipital	-0.11647600773586092	4.038434765887625	NA	39.89787773842785	NA
Occipital	-0.11647600773586092	4.2140188861436085	NA	39.455052130396815	NA
Occipital	-0.11647600773586092	4.389603006399592	NA	38.936628049204884	NA
Occipital	-0.11647600773586092	4.565187126655576	NA	38.34550473667255	NA
Occipital	-0.11647600773586092	4.616476007735861	37.90730120460708	38.159551940125134	1.2000149637571242
Occipital	-0.11647600773586092	4.740771246911559	NA	37.68440201388639	NA
Occipital	-0.11647600773586092	4.916355367167544	NA	36.955873064565644	NA
Occipital	-0.11647600773586092	5.091939487423527	NA	36.25460935006811	NA
Occipital	-0.11647600773586092	5.267523607679511	NA	35.64508213183786	NA
Occipital	-0.11647600773586092	5.4431077279354945	NA	35.06419739565616	NA
Occipital	-0.11647600773586092	5.616476007735861	34.654403994915015	34.516330287996176	1.1648157536601829
Occipital	-0.11647600773586092	5.618691848191478	NA	34.5094800257426	NA
Occipital	-0.11647600773586092	5.794275968447462	NA	33.97864197288874	NA
Occipital	-0.11647600773586092	5.969860088703445	NA	33.46956840922748	NA
Occipital	-0.11647600773586092	6.145444208959429	NA	32.98030490405654	NA
Occipital	-0.11647600773586092	6.321028329215412	NA	32.509045545462286	NA
Occipital	-0.11647600773586092	6.496612449471397	NA	32.05412193803644	NA
Occipital	-0.11647600773586092	6.67219656972738	NA	31.613993012114797	NA
Occipital	-0.11647600773586092	6.847780689983364	NA	31.187235584725588	NA
Occipital	-0.11647600773586092	7.0233648102393476	NA	30.772535616843225	NA
Occipital	-0.11647600773586092	7.116476007735861	30.700997802261103	30.557099490403825	1.3782105140306276
Occipital	-0.11647600773586092	7.198948930495331	NA	30.36868011562571	NA
Occipital	-0.11647600773586092	7.374533050751315	NA	29.974549634096594	NA
Occipital	-0.11647600773586092	7.550117171007298	NA	29.589111324235173	NA
Occipital	-0.11647600773586092	7.725701291263283	NA	29.21141250268439	NA
Occipital	-0.11647600773586092	7.901285411519266	NA	28.84057469129165	NA
Occipital	-0.11647600773586092	8.07686953177525	NA	28.47578861198614	NA
Occipital	-0.11647600773586092	8.252453652031233	NA	28.11630765387377	NA
Occipital	-0.11647600773586092	8.428037772287217	NA	27.76144412604036	NA
Occipital	-0.11647600773586092	8.6036218925432	NA	27.410565123639802	NA
Occipital	-0.11647600773586092	8.779206012799184	NA	27.063088131351616	NA
Occipital	-0.11647600773586092	8.954790133055168	NA	26.718477262035318	NA
Occipital	-0.11647600773586092	9.11647600773586	26.58323162483956	26.403253889957025	1.3074986716585597
Occipital	-0.11647600773586092	9.130374253311151	NA	26.37623977318071	NA
Occipital	-0.11647600773586092	9.305958373567135	NA	26.035922840675152	NA
Occipital	-0.11647600773586092	9.481542493823119	NA	25.697110570917694	NA
Occipital	-0.11647600773586092	9.657126614079102	NA	25.359421233708353	NA
Occipital	-0.11647600773586092	9.832710734335087	NA	25.02250469963558	NA
Occipital	-0.11647600773586092	10.008294854591071	NA	24.68604006688465	NA
Occipital	-0.11647600773586092	10.183878974847055	NA	24.355210879713056	NA
Occipital	-0.11647600773586092	10.359463095103038	NA	24.04671055588325	NA
Occipital	-0.11647600773586092	10.535047215359022	NA	23.752868875101612	NA
Occipital	-0.11647600773586092	10.710631335615005	NA	23.47270648878195	NA
Occipital	-0.11647600773586092	10.886215455870989	NA	23.205314926406718	NA
Occipital	-0.11647600773586092	11.061799576126973	NA	22.949851388920884	NA
Occipital	-0.11647600773586092	11.237383696382956	NA	22.705533925599227	NA
Occipital	-0.11647600773586092	11.41296781663894	NA	22.47163696613081	NA
Occipital	-0.11647600773586092	11.588551936894923	NA	22.24748718174679	NA
Occipital	-0.11647600773586092	11.764136057150907	NA	22.032459651146326	NA
Occipital	-0.11647600773586092	11.93972017740689	NA	21.82597430876206	NA
Occipital	-0.11647600773586092	12.115304297662874	NA	21.62749265456165	NA
Occipital	-0.11647600773586092	12.290888417918858	NA	21.43651470611474	NA
Occipital	-0.11647600773586092	12.466472538174841	NA	21.252576175074967	NA
Occipital	-0.11647600773586092	12.61647600773586	21.494454686861697	21.100683108186136	1.6488746663169376
Occipital	-0.11647600773586092	12.642056658430825	NA	21.075245851541812	NA
Occipital	-0.11647600773586092	12.81764077868681	NA	20.904123180985742	NA
Occipital	-0.11647600773586092	12.993224898942794	NA	20.738836019548643	NA
Occipital	-0.11647600773586092	13.168809019198777	NA	20.57903855457707	NA
Occipital	-0.11647600773586092	13.34439313945476	NA	20.42440937821445	NA
Occipital	-0.11647600773586092	13.519977259710744	NA	20.274649702775164	NA
Occipital	-0.11647600773586092	13.695561379966728	NA	20.129481707454975	NA
Occipital	-0.11647600773586092	13.871145500222712	NA	19.988647006700823	NA
Occipital	-0.11647600773586092	14.046729620478695	NA	19.851905231277957	NA
Occipital	-0.11647600773586092	14.222313740734679	NA	19.719032713730915	NA
Occipital	-0.11647600773586092	14.397897860990662	NA	19.589821270547823	NA
Occipital	-0.11647600773586092	14.573481981246646	NA	19.46407707390384	NA
Occipital	-0.11647600773586092	14.74906610150263	NA	19.341619606384715	NA
Occipital	-0.11647600773586092	14.924650221758613	NA	19.222280692577293	NA
Occipital	-0.11647600773586092	15.100234342014597	NA	19.105903601864895	NA
Occipital	-0.11647600773586092	15.27581846227058	NA	18.992342217182074	NA
Occipital	-0.11647600773586092	15.451402582526566	NA	18.88116806839805	NA
Occipital	-0.11647600773586092	15.626986702782549	NA	18.770640926212792	NA
Occipital	-0.11647600773586092	15.802570823038533	NA	18.661604027830734	NA
Occipital	-0.11647600773586092	15.978154943294516	NA	18.55399415371042	NA
Occipital	-0.11647600773586092	16.1537390635505	NA	18.447752178185773	NA
Occipital	-0.11647600773586092	16.329323183806483	NA	18.34282250955569	NA
Occipital	-0.11647600773586092	16.504907304062467	NA	18.239153218229532	NA
Occipital	-0.11647600773586092	16.68049142431845	NA	18.13669562772487	NA
Occipital	-0.11647600773586092	16.856075544574434	NA	18.035404082289578	NA
Occipital	-0.11647600773586092	17.031659664830418	NA	17.935235731554155	NA
Occipital	-0.11647600773586092	17.2072437850864	NA	17.836150330960454	NA
Occipital	-0.11647600773586092	17.382827905342385	NA	17.73811005680539	NA
Occipital	-0.11647600773586092	17.55841202559837	NA	17.64107933482387	NA
Occipital	-0.11647600773586092	17.616476007735862	17.053509782566483	17.609208487081144	1.4615748685495742
Occipital	-0.11647600773586092	17.733996145854352	NA	17.54502468131426	NA
Occipital	-0.11647600773586092	17.909580266110336	NA	17.449914555883407	NA
Occipital	-0.11647600773586092	18.08516438636632	NA	17.355719224955966	NA
Occipital	-0.11647600773586092	18.260748506622303	NA	17.262410635255936	NA
Occipital	-0.11647600773586092	18.436332626878286	NA	17.16996229652669	NA
Occipital	-0.11647600773586092	18.61191674713427	NA	17.0783491728097	NA
Occipital	-0.11647600773586092	18.787500867390253	NA	16.987547581652382	NA
Occipital	-0.11647600773586092	18.963084987646237	NA	16.89753510066182	NA
Occipital	-0.11647600773586092	19.13866910790222	NA	16.80829048086407	NA
Occipital	-0.11647600773586092	19.314253228158204	NA	16.7197935663685	NA
Occipital	-0.11647600773586092	19.489837348414188	NA	16.632025219873686	NA
Occipital	-0.11647600773586092	19.665421468670175	NA	16.544967253585252	NA
Occipital	-0.11647600773586092	19.84100558892616	NA	16.45860236514798	NA
Occipital	-0.11647600773586092	20.016589709182142	NA	16.372914078223502	NA
Occipital	-0.11647600773586092	20.192173829438126	NA	16.28788668737235	NA
Occipital	-0.11647600773586092	20.36775794969411	NA	16.20350520692403	NA
Occipital	-0.11647600773586092	20.543342069950093	NA	16.11975532354219	NA
Occipital	-0.11647600773586092	20.718926190206076	NA	16.036623352213567	NA
Occipital	-0.11647600773586092	20.89451031046206	NA	15.954096195409269	NA
Occipital	-0.11647600773586092	21.070094430718044	NA	15.87216130518552	NA
Occipital	-0.11647600773586092	21.245678550974027	NA	15.790806648008273	NA
Occipital	-0.11647600773586092	21.42126267123001	NA	15.710020672101647	NA
Occipital	-0.11647600773586092	21.596846791485994	NA	15.629792277135255	NA
Occipital	-0.11647600773586092	21.772430911741978	NA	15.55011078607881	NA
Occipital	-0.11647600773586092	21.94801503199796	NA	15.470965919065257	NA
Occipital	-0.11647600773586092	22.123599152253945	NA	15.392347769115108	NA
Occipital	-0.11647600773586092	22.29918327250993	NA	15.314246779585856	NA
Occipital	-0.11647600773586092	22.474767392765912	NA	15.236653723219936	NA
Occipital	-0.11647600773586092	22.616476007735862	14.840033351560942	15.174395215740116	1.3231845405683509
Occipital	-0.11647600773586092	22.650351513021896	NA	15.159559682674484	NA
Occipital	-0.11647600773586092	22.82593563327788	NA	15.082956032424244	NA
Occipital	-0.11647600773586092	23.001519753533863	NA	15.00683442193742	NA
Occipital	-0.11647600773586092	23.177103873789846	NA	14.931186760031373	NA
Occipital	-0.11647600773586092	23.35268799404583	NA	14.85600520032192	NA
Occipital	-0.11647600773586092	23.528272114301814	NA	14.781282127686604	NA
Occipital	-0.11647600773586092	23.703856234557797	NA	14.707010145667622	NA
Occipital	-0.11647600773586092	23.87944035481378	NA	14.633182064746304	NA
Occipital	-0.11647600773586092	24.055024475069764	NA	14.559790951061437	NA
Occipital	-0.11647600773586092	24.230608595325748	NA	14.48682994136862	NA
Occipital	-0.11647600773586092	24.40619271558173	NA	14.41429239842044	NA
Occipital	-0.11647600773586092	24.581776835837715	NA	14.342171858570795	NA
Occipital	-0.11647600773586092	24.7573609560937	NA	14.27046201748478	NA
Occipital	-0.11647600773586092	24.932945076349682	NA	14.199156722460287	NA
Occipital	-0.11647600773586092	25.108529196605666	NA	14.128249965263446	NA
Occipital	-0.11647600773586092	25.28411331686165	NA	14.057735875440663	NA
Occipital	-0.11647600773586092	25.459697437117637	NA	13.987608714072714	NA
Occipital	-0.11647600773586092	25.63528155737362	NA	13.917862867939187	NA
Occipital	-0.11647600773586092	25.810865677629604	NA	13.84849284406341	NA
Occipital	-0.11647600773586092	25.986449797885587	NA	13.77949326461066	NA
Occipital	-0.11647600773586092	26.16203391814157	NA	13.710858862114135	NA
Occipital	-0.11647600773586092	26.337618038397554	NA	13.642584475005187	NA
Occipital	-0.11647600773586092	26.513202158653538	NA	13.574665043426045	NA
Occipital	-0.11647600773586092	26.68878627890952	NA	13.507095605304695	NA
Occipital	-0.11647600773586092	26.864370399165505	NA	13.439871292673358	NA
Occipital	-0.11647600773586092	27.03995451942149	NA	13.37298732821295	NA
Occipital	-0.11647600773586092	27.215538639677472	NA	13.306439022008027	NA
Occipital	-0.11647600773586092	27.391122759933456	NA	13.240221768496145	NA
Occipital	-0.11647600773586092	27.56670688018944	NA	13.174331043599263	NA
Occipital	-0.11647600773586092	27.616476007735862	12.850128190523533	13.155713016821432	1.2060205081706268
Occipital	-0.11647600773586092	27.742291000445423	NA	13.10876240202331	NA
Occipital	-0.11647600773586092	27.917875120701407	NA	13.0435114747145	NA
Occipital	-0.11647600773586092	28.09345924095739	NA	12.978573966461296	NA
Occipital	-0.11647600773586092	28.269043361213374	NA	12.913945653631814	NA
Occipital	-0.11647600773586092	28.444627481469357	NA	12.849622382037266	NA
Occipital	-0.11647600773586092	28.62021160172534	NA	12.785600064912606	NA
Occipital	-0.11647600773586092	28.795795721981325	NA	12.721874681006323	NA
Occipital	-0.11647600773586092	28.971379842237308	NA	12.658442272771804	NA
Occipital	-0.11647600773586092	29.14696396249329	NA	12.595298944653289	NA
Occipital	-0.11647600773586092	29.322548082749275	NA	12.532440861459957	NA
Occipital	-0.11647600773586092	29.49813220300526	NA	12.469864246822146	NA
Occipital	-0.11647600773586092	29.673716323261242	NA	12.407565381724096	NA
Occipital	-0.11647600773586092	29.849300443517226	NA	12.345540603108109	NA
Occipital	-0.11647600773586092	30.02488456377321	NA	12.283800507955434	NA
Occipital	-0.11647600773586092	30.200468684029193	NA	12.222869059842486	NA
Occipital	-0.11647600773586092	30.376052804285177	NA	12.16253820900026	NA
Occipital	-0.11647600773586092	30.55163692454116	NA	12.102784540950516	NA
Occipital	-0.11647600773586092	30.727221044797144	NA	12.043588915323834	NA
Occipital	-0.11647600773586092	30.90280516505313	NA	11.984933302529615	NA
Occipital	-0.11647600773586092	31.078389285309115	NA	11.926800705740009	NA
Occipital	-0.11647600773586092	31.253973405565098	NA	11.869175088573815	NA
Occipital	-0.11647600773586092	31.42955752582108	NA	11.81204130806102	NA
Occipital	-0.11647600773586092	31.605141646077065	NA	11.755385052499351	NA
Occipital	-0.11647600773586092	31.78072576633305	NA	11.699192783843031	NA
Occipital	-0.11647600773586092	31.956309886589032	NA	11.643451720811127	NA
Occipital	-0.11647600773586092	32.131894006845016	NA	11.588149707526144	NA
Occipital	-0.11647600773586092	32.307478127101	NA	11.533275190704755	NA
Occipital	-0.11647600773586092	32.48306224735698	NA	11.478817230537057	NA
Occipital	-0.11647600773586092	32.61647600773586	11.134841964915935	11.437710740066008	1.1067431838713475
Occipital	-0.11647600773586092	32.65864636761297	NA	11.42476542992817	NA
Occipital	-0.11647600773586092	32.83423048786895	NA	11.371109897880022	NA
Occipital	-0.11647600773586092	33.009814608124934	NA	11.317841215528317	NA
Occipital	-0.11647600773586092	33.18539872838092	NA	11.264950404639618	NA
Occipital	-0.11647600773586092	33.3609828486369	NA	11.212428898387843	NA
Occipital	-0.11647600773586092	33.536566968892885	NA	11.16026851424261	NA
Occipital	-0.11647600773586092	33.71215108914887	NA	11.108461428814476	NA
Occipital	-0.11647600773586092	33.88773520940485	NA	11.057000154513302	NA
Occipital	-0.11647600773586092	34.063319329660835	NA	11.005877517886697	NA
Occipital	-0.11647600773586092	34.23890344991682	NA	10.955086639515205	NA
Occipital	-0.11647600773586092	34.4144875701728	NA	10.904620915350101	NA
Occipital	-0.11647600773586092	34.590071690428786	NA	10.854473999387846	NA
Occipital	-0.11647600773586092	34.76565581068477	NA	10.804639787583369	NA
Occipital	-0.11647600773586092	34.94123993094075	NA	10.755112402911218	NA
Occipital	-0.11647600773586092	35.11682405119674	NA	10.705886181490557	NA
Occipital	-0.11647600773586092	35.29240817145272	NA	10.656955659696118	NA
Occipital	-0.11647600773586092	35.467992291708704	NA	10.608315562182758	NA
Occipital	-0.11647600773586092	35.64357641196469	NA	10.559960790756994	NA
Occipital	-0.11647600773586092	35.81916053222067	NA	10.51188641403333	NA
Occipital	-0.11647600773586092	35.994744652476655	NA	10.464087657818157	NA
Occipital	-0.11647600773586092	36.17032877273264	NA	10.416559896167968	NA
Occipital	-0.11647600773586092	36.34591289298862	NA	10.369298643072694	NA
Occipital	-0.11647600773586092	36.521497013244606	NA	10.322299544718435	NA
Occipital	-0.11647600773586092	36.69708113350059	NA	10.275558372287465	NA
Occipital	-0.11647600773586092	36.87266525375657	NA	10.229071015256144	NA
Occipital	-0.11647600773586092	37.048249374012556	NA	10.18283347515469	NA
Occipital	-0.11647600773586092	37.22383349426854	NA	10.13684185975498	NA
Occipital	-0.11647600773586092	37.39941761452452	NA	10.091092377655405	NA
Occipital	-0.11647600773586092	37.57500173478051	NA	10.045581333233768	NA
Occipital	-0.11647600773586092	37.61647600773586	9.862151747110778	10.03486574202639	1.0217746219934254
Occipital	-0.11647600773586092	37.75058585503649	NA	10.000305121941668	NA
Occipital	-0.11647600773586092	37.926169975292474	NA	9.955260225915456	NA
Occipital	-0.11647600773586092	38.10175409554846	NA	9.910443209880908	NA
Occipital	-0.11647600773586092	38.27733821580444	NA	9.865850717330254	NA
Occipital	-0.11647600773586092	38.452922336060425	NA	9.821479466952031	NA
Occipital	-0.11647600773586092	38.62850645631641	NA	9.777326249295333	NA
Occipital	-0.11647600773586092	38.80409057657239	NA	9.733387923651636	NA
Occipital	-0.11647600773586092	38.979674696828376	NA	9.68966141513848	NA
Occipital	-0.11647600773586092	39.15525881708436	NA	9.646143711970623	NA
Occipital	-0.11647600773586092	39.33084293734035	NA	9.60283186290501	NA
Occipital	-0.11647600773586092	39.50642705759633	NA	9.559722974847173	NA
Occipital	-0.11647600773586092	39.68201117785232	NA	9.51681421060761	NA
Occipital	-0.11647600773586092	39.8575952981083	NA	9.47410279219403	NA
Occipital	-0.11647600773586092	40.033179418364284	NA	9.431586006448661	NA
Occipital	-0.11647600773586092	40.20876353862027	NA	9.389261147174661	NA
Occipital	-0.11647600773586092	40.38434765887625	NA	9.347125581026086	NA
Occipital	-0.11647600773586092	40.559931779132235	NA	9.30517672124262	NA
Occipital	-0.11647600773586092	40.73551589938822	NA	9.263412026106087	NA
Occipital	-0.11647600773586092	40.9111000196442	NA	9.221828997486313	NA
Occipital	-0.11647600773586092	41.086684139900186	NA	9.180425179470442	NA
Occipital	-0.11647600773586092	41.26226826015617	NA	9.139198157069606	NA
Occipital	-0.11647600773586092	41.43785238041215	NA	9.098145554997538	NA
Occipital	-0.11647600773586092	41.613436500668136	NA	9.057265036516368	NA
Occipital	-0.11647600773586092	41.78902062092412	NA	9.016554302344575	NA
Occipital	-0.11647600773586092	41.9646047411801	NA	8.976011089623178	NA
Occipital	-0.11647600773586092	42.14018886143609	NA	8.935633170935878	NA
Occipital	-0.11647600773586092	42.31577298169207	NA	8.895418353379654	NA
Occipital	-0.11647600773586092	42.491357101948054	NA	8.85536447768224	NA
Occipital	-0.11647600773586092	42.61647600773586	8.833972966469926	8.826919573299648	0.9524378778458922
Occipital	-0.11647600773586092	42.66694122220404	NA	8.81546941736337	NA
Occipital	-0.11647600773586092	42.84252534246002	NA	8.775731077936854	NA
Occipital	-0.11647600773586092	43.018109462716005	NA	8.736147396150661	NA
Occipital	-0.11647600773586092	43.19369358297199	NA	8.696716339262608	NA
Occipital	-0.11647600773586092	43.36927770322797	NA	8.657435904349118	NA
Occipital	-0.11647600773586092	43.544861823483956	NA	8.618304117645067	NA
Occipital	-0.11647600773586092	43.72044594373994	NA	8.579319033912514	NA
Occipital	-0.11647600773586092	43.89603006399592	NA	8.540478735836523	NA
Occipital	-0.11647600773586092	44.07161418425191	NA	8.501781333446354	NA
Occipital	-0.11647600773586092	44.24719830450789	NA	8.463224963560295	NA
Occipital	-0.11647600773586092	44.422782424763874	NA	8.424807789252743	NA
Occipital	-0.11647600773586092	44.59836654501986	NA	8.386527999342118	NA
Occipital	-0.11647600773586092	44.77395066527584	NA	8.348383807898177	NA
Occipital	-0.11647600773586092	44.949534785531824	NA	8.310373453767799	NA
Occipital	-0.11647600773586092	45.12511890578781	NA	8.272495200117799	NA
Occipital	-0.11647600773586092	45.30070302604379	NA	8.234747333993996	NA
Occipital	-0.11647600773586092	45.476287146299775	NA	8.19734605560186	NA
Occipital	-0.11647600773586092	45.65187126655576	NA	8.160500993085924	NA
Occipital	-0.11647600773586092	45.82745538681174	NA	8.124182686772716	NA
Occipital	-0.11647600773586092	46.003039507067726	NA	8.0883695292574	NA
Occipital	-0.11647600773586092	46.17862362732371	NA	8.053041284936064	NA
Occipital	-0.11647600773586092	46.35420774757969	NA	8.01817899173929	NA
Occipital	-0.11647600773586092	46.52979186783568	NA	7.983764870071119	NA
Occipital	-0.11647600773586092	46.70537598809166	NA	7.949782238422653	NA
Occipital	-0.11647600773586092	46.880960108347644	NA	7.916215435169138	NA
Occipital	-0.11647600773586092	47.05654422860363	NA	7.883049746095124	NA
Occipital	-0.11647600773586092	47.23212834885961	NA	7.850271337226104	NA
Occipital	-0.11647600773586092	47.407712469115594	NA	7.8178671925760765	NA
Occipital	-0.11647600773586092	47.58329658937158	NA	7.785825056449042	NA
Occipital	-0.11647600773586092	47.61647600773586	7.954464347392128	7.779810090592601	0.8933233529586769
Occipital	-0.11647600773586092	47.75888070962756	NA	7.754133379959484	NA
Occipital	-0.11647600773586092	47.934464829883545	NA	7.722781312549434	NA
Occipital	-0.11647600773586092	48.11004895013953	NA	7.691758539216326	NA
Occipital	-0.11647600773586092	48.28563307039551	NA	7.661055339122827	NA
Occipital	-0.11647600773586092	48.461217190651496	NA	7.630662530029065	NA
Occipital	-0.11647600773586092	48.63680131090748	NA	7.600571422270025	NA
Occipital	-0.11647600773586092	48.81238543116346	NA	7.5707737848152075	NA
Occipital	-0.11647600773586092	48.98796955141945	NA	7.541261813799263	NA
Occipital	-0.11647600773586092	49.16355367167543	NA	7.512028103341755	NA
Occipital	-0.11647600773586092	49.339137791931414	NA	7.483065618487863	NA
Occipital	-0.11647600773586092	49.5147219121874	NA	7.4543676701140384	NA
Occipital	-0.11647600773586092	49.69030603244338	NA	7.42592789165425	NA
Occipital	-0.11647600773586092	49.865890152699365	NA	7.397740217512978	NA
Occipital	-0.11647600773586092	50.04147427295535	NA	7.369798863040934	NA
Occipital	-0.11647600773586092	50.21705839321133	NA	7.342098305959004	NA
Occipital	-0.11647600773586092	50.392642513467315	NA	7.314633269123611	NA
Occipital	-0.11647600773586092	50.5682266337233	NA	7.287398704535361	NA
Occipital	-0.11647600773586092	50.74381075397929	NA	7.2603897784995874	NA
Occipital	-0.11647600773586092	50.91939487423527	NA	7.233601857854108	NA
Occipital	-0.11647600773586092	51.09497899449126	NA	7.207030497186076	NA
Occipital	-0.11647600773586092	51.27056311474724	NA	7.180671426965302	NA
Occipital	-0.11647600773586092	51.446147235003224	NA	7.154520542526774	NA
Occipital	-0.11647600773586092	51.62173135525921	NA	7.1285738938402465	NA
Occipital	-0.11647600773586092	51.79731547551519	NA	7.102827676009079	NA
Occipital	-0.11647600773586092	51.972899595771175	NA	7.077278220445009	NA
Occipital	-0.11647600773586092	52.14848371602716	NA	7.051921986669281	NA
Occipital	-0.11647600773586092	52.32406783628314	NA	7.026755554694384	NA
Occipital	-0.11647600773586092	52.499651956539125	NA	7.001775617943745	NA
Occipital	-0.11647600773586092	52.61647600773586	7.381388031567274	6.985257080862034	0.8460382092472831
Occipital	-0.11647600773586092	52.67523607679511	NA	6.976978976670224	NA
Occipital	-0.11647600773586092	52.85082019705109	NA	6.952362531836812	NA
Occipital	-0.11647600773586092	53.026404317307076	NA	6.927923279425852	NA
Occipital	-0.11647600773586092	53.20198843756306	NA	6.903658305145398	NA
Occipital	-0.11647600773586092	53.37757255781904	NA	6.879564779503831	NA
Occipital	-0.11647600773586092	53.55315667807503	NA	6.855639953225791	NA
Occipital	-0.11647600773586092	53.72874079833101	NA	6.831881152984642	NA
Occipital	-0.11647600773586092	53.904324918586994	NA	6.80828577742826	NA
Occipital	-0.11647600773586092	54.07990903884298	NA	6.784851293477021	NA
Occipital	-0.11647600773586092	54.25549315909896	NA	6.7615752328740015	NA
Occipital	-0.11647600773586092	54.431077279354945	NA	6.738455188969143	NA
Occipital	-0.11647600773586092	54.60666139961093	NA	6.71548881372042	NA
Occipital	-0.11647600773586092	54.78224551986691	NA	6.692673814896243	NA
Occipital	-0.11647600773586092	54.957829640122895	NA	6.670007953464538	NA
Occipital	-0.11647600773586092	55.13341376037888	NA	6.6474890411549925	NA
Occipital	-0.11647600773586092	55.30899788063486	NA	6.625114938181922	NA
Occipital	-0.11647600773586092	55.484582000890846	NA	6.602883551116232	NA
Occipital	-0.11647600773586092	55.66016612114683	NA	6.580792830895651	NA
Occipital	-0.11647600773586092	55.83575024140281	NA	6.558840780440075	NA
Occipital	-0.11647600773586092	56.0113343616588	NA	6.537025435424565	NA
Occipital	-0.11647600773586092	56.18691848191478	NA	6.515344857668863	NA
Occipital	-0.11647600773586092	56.362502602170764	NA	6.4937971581296425	NA
Occipital	-0.11647600773586092	56.53808672242675	NA	6.472380483931521	NA
Occipital	-0.11647600773586092	56.71367084268273	NA	6.451093017021943	NA
Occipital	-0.11647600773586092	56.889254962938715	NA	6.429932972908286	NA
Occipital	-0.11647600773586092	57.0648390831947	NA	6.408898599471301	NA
Occipital	-0.11647600773586092	57.24042320345068	NA	6.387988175849519	NA
Occipital	-0.11647600773586092	57.416007323706665	NA	6.367200011389623	NA
Occipital	-0.11647600773586092	57.59159144396265	NA	6.346532444658085	NA
Occipital	-0.11647600773586092	57.61647600773586	6.782131143697031	6.343612959037	0.8010156664100823
Occipital	-0.11647600773586092	57.76717556421863	NA	6.3259838425097525	NA
Occipital	-0.11647600773586092	57.942759684474616	NA	6.305552599209467	NA
Occipital	-0.11647600773586092	58.1183438047306	NA	6.285237135602949	NA
Occipital	-0.11647600773586092	58.29392792498658	NA	6.265035898333465	NA
Occipital	-0.11647600773586092	58.46951204524257	NA	6.2449473591012366	NA
Occipital	-0.11647600773586092	58.64509616549855	NA	6.224970013962536	NA
Occipital	-0.11647600773586092	58.820680285754534	NA	6.2051023826657055	NA
Occipital	-0.11647600773586092	58.99626440601052	NA	6.185343008021708	NA
Occipital	-0.11647600773586092	59.1718485262665	NA	6.165690455306673	NA
Occipital	-0.11647600773586092	59.347432646522485	NA	6.146143311694391	NA
Occipital	-0.11647600773586092	59.52301676677847	NA	6.126700185716697	NA
Occipital	-0.11647600773586092	59.69860088703445	NA	6.1073597067498095	NA
Occipital	-0.11647600773586092	59.874185007290436	NA	6.088122375168363	NA
Occipital	-0.11647600773586092	60.04976912754642	NA	6.069413303257687	NA
Occipital	-0.11647600773586092	60.2253532478024	NA	6.050965670640755	NA
Occipital	-0.11647600773586092	60.400937368058386	NA	6.0327567789187455	NA
Occipital	-0.11647600773586092	60.57652148831437	NA	6.014778332506307	NA
Occipital	-0.11647600773586092	60.75210560857035	NA	5.997022528014701	NA
Occipital	-0.11647600773586092	60.92768972882634	NA	5.979482019506892	NA
Occipital	-0.11647600773586092	61.10327384908232	NA	5.962149886293501	NA
Occipital	-0.11647600773586092	61.278857969338304	NA	5.945019603082678	NA
Occipital	-0.11647600773586092	61.45444208959429	NA	5.928085012310614	NA
Occipital	-0.11647600773586092	61.63002620985027	NA	5.911340298492288	NA
Occipital	-0.11647600773586092	61.80561033010626	NA	5.894779964443778	NA
Occipital	-0.11647600773586092	61.981194450362246	NA	5.8783988092384725	NA
Occipital	-0.11647600773586092	62.15677857061823	NA	5.86219190776966	NA
Occipital	-0.11647600773586092	62.33236269087421	NA	5.846154591801338	NA
Occipital	-0.11647600773586092	62.507946811130196	NA	5.83028243239775	NA
Occipital	-0.11647600773586092	62.61647600773586	6.372803437363481	5.820552583142069	0.767297136702956
Occipital	-0.11647600773586092	62.68353093138618	NA	5.814571223630361	NA
Occipital	-0.11647600773586092	62.85911505164216	NA	5.799016967468324	NA
Occipital	-0.11647600773586092	63.03469917189815	NA	5.783615859765388	NA
Occipital	-0.11647600773586092	63.21028329215413	NA	5.768364277262757	NA
Occipital	-0.11647600773586092	63.385867412410114	NA	5.753258765533213	NA
Occipital	-0.11647600773586092	63.5614515326661	NA	5.738296027797278	NA
Occipital	-0.11647600773586092	63.73703565292208	NA	5.723472916441586	NA
Occipital	-0.11647600773586092	63.912619773178065	NA	5.708786436171747	NA
Occipital	-0.11647600773586092	64.08820389343404	NA	5.694233684535297	NA
Occipital	-0.11647600773586092	64.26378801369003	NA	5.679811898853855	NA
Occipital	-0.11647600773586092	64.43937213394601	NA	5.665518429171046	NA
Occipital	-0.11647600773586092	64.614956254202	NA	5.651350731109957	NA
Occipital	-0.11647600773586092	64.79054037445798	NA	5.637306359242085	NA
Occipital	-0.11647600773586092	64.96612449471397	NA	5.623382960930115	NA
Occipital	-0.11647600773586092	65.14170861496994	NA	5.609578270610027	NA
Occipital	-0.11647600773586092	65.31729273522593	NA	5.5958901044800955	NA
Occipital	-0.11647600773586092	65.49287685548191	NA	5.582316355567204	NA
Occipital	-0.11647600773586092	65.6684609757379	NA	5.568854989142665	NA
Occipital	-0.11647600773586092	65.84404509599388	NA	5.555504038462087	NA
Occipital	-0.11647600773586092	66.01962921624987	NA	5.5422616008055545	NA
Occipital	-0.11647600773586092	66.19521333650584	NA	5.529125833796178	NA
Occipital	-0.11647600773586092	66.37079745676184	NA	5.5160949519766005	NA
Occipital	-0.11647600773586092	66.54638157701781	NA	5.503167223624717	NA
Occipital	-0.11647600773586092	66.7219656972738	NA	5.490340967791114	NA
Occipital	-0.11647600773586092	66.89754981752978	NA	5.4776145515420165	NA
Occipital	-0.11647600773586092	67.07313393778577	NA	5.464986387392822	NA
Occipital	-0.11647600773586092	67.24871805804175	NA	5.452454930918298	NA
Occipital	-0.11647600773586092	67.42430217829774	NA	5.440018678526599	NA
Occipital	-0.11647600773586092	67.59988629855373	NA	5.427676165385192	NA
Occipital	-0.11647600773586092	67.61647600773586	5.856413874399654	5.426514798266795	0.7366919864157483
Occipital	-0.11647600773586092	67.7754704188097	NA	5.415425963487616	NA
Occipital	-0.11647600773586092	67.9510545390657	NA	5.40326667985092	NA
Occipital	-0.11647600773586092	68.12663865932167	NA	5.3911969548342435	NA
Occipital	-0.11647600773586092	68.30222277957766	NA	5.379215460569777	NA
Occipital	-0.11647600773586092	68.47780689983364	NA	5.367320899497967	NA
Occipital	-0.11647600773586092	68.65339102008963	NA	5.355512002999446	NA
Occipital	-0.11647600773586092	68.8289751403456	NA	5.343787530116685	NA
Occipital	-0.11647600773586092	69.0045592606016	NA	5.332146266358885	NA
Occipital	-0.11647600773586092	69.18014338085757	NA	5.320587022584195	NA
Occipital	-0.11647600773586092	69.35572750111356	NA	5.309108633953532	NA
Occipital	-0.11647600773586092	69.53131162136954	NA	5.297709958951083	NA
Occipital	-0.11647600773586092	69.70689574162553	NA	5.2863898784664975	NA
Occipital	-0.11647600773586092	69.8824798618815	NA	5.27514729493451	NA
Occipital	-0.11647600773586092	70.0580639821375	NA	5.263981131527813	NA
Occipital	-0.11647600773586092	70.23364810239347	NA	5.2528903313994055	NA
Occipital	-0.11647600773586092	70.40923222264946	NA	5.241873856970892	NA
Occipital	-0.11647600773586092	70.58481634290544	NA	5.230930689263544	NA
Occipital	-0.11647600773586092	70.76040046316143	NA	5.220059827268947	NA
Occipital	-0.11647600773586092	70.93598458341741	NA	5.2092602873565825	NA
Occipital	-0.11647600773586092	71.1115687036734	NA	5.198531102715685	NA
Occipital	-0.11647600773586092	71.28715282392938	NA	5.187871322828945	NA
Occipital	-0.11647600773586092	71.46273694418537	NA	5.177280012975925	NA
Occipital	-0.11647600773586092	71.63832106444134	NA	5.166756253763924	NA
Occipital	-0.11647600773586092	71.81390518469733	NA	5.156299147978755	NA
Occipital	-0.11647600773586092	71.98948930495331	NA	5.145907800787856	NA
Occipital	-0.11647600773586092	72.1650734252093	NA	5.135581333449476	NA
Occipital	-0.11647600773586092	72.34065754546528	NA	5.125318883684927	NA
Occipital	-0.11647600773586092	72.51624166572127	NA	5.11511960254907	NA
Occipital	-0.11647600773586092	72.61647600773586	5.498369709540666	5.109325204312065	0.7074643379404949
Occipital	-0.11647600773586092	72.69182578597724	NA	5.104982654091057	NA
Occipital	-0.11647600773586092	72.86740990623323	NA	5.094907215031822	NA
Occipital	-0.11647600773586092	73.04299402648921	NA	5.084892474457169	NA
Occipital	-0.11647600773586092	73.2185781467452	NA	5.074937633525481	NA
Occipital	-0.11647600773586092	73.39416226700118	NA	5.065041905189019	NA
Occipital	-0.11647600773586092	73.56974638725717	NA	5.0552045139279285	NA
Occipital	-0.11647600773586092	73.74533050751315	NA	5.045424695496145	NA
Occipital	-0.11647600773586092	73.92091462776914	NA	5.035701696678364	NA
Occipital	-0.11647600773586092	74.09649874802511	NA	5.0260347750574175	NA
Occipital	-0.11647600773586092	74.2720828682811	NA	5.016423198791326	NA
Occipital	-0.11647600773586092	74.44766698853708	NA	5.006866246399504	NA
Occipital	-0.11647600773586092	74.62325110879307	NA	4.997363206557368	NA
Occipital	-0.11647600773586092	74.79883522904905	NA	4.987913377899054	NA
Occipital	-0.11647600773586092	74.97441934930504	NA	4.978516068827513	NA
Occipital	-0.11647600773586092	75.15000346956101	NA	4.969170597331687	NA
Occipital	-0.11647600773586092	75.325587589817	NA	4.9598762908102545	NA
Occipital	-0.11647600773586092	75.50117171007298	NA	4.950632485901578	NA
Occipital	-0.11647600773586092	75.67675583032897	NA	4.941438528319465	NA
Occipital	-0.11647600773586092	75.85233995058495	NA	4.93229377269446	NA
Occipital	-0.11647600773586092	76.02792407084094	NA	4.923197582420204	NA
Occipital	-0.11647600773586092	76.20350819109692	NA	4.914149329504781	NA
Occipital	-0.11647600773586092	76.3790923113529	NA	4.9051483944265355	NA
Occipital	-0.11647600773586092	76.55467643160888	NA	4.8961941659943395	NA
Occipital	-0.11647600773586092	76.73026055186487	NA	4.887286041211853	NA
Occipital	-0.11647600773586092	76.90584467212085	NA	4.878423425145733	NA
Occipital	-0.11647600773586092	77.08142879237684	NA	4.8696057307974465	NA
Occipital	-0.11647600773586092	77.25701291263282	NA	4.860832378978621	NA
Occipital	-0.11647600773586092	77.43259703288881	NA	4.852102798189621	NA
Occipital	-0.11647600773586092	77.60818115314478	NA	4.843416424501317	NA
Occipital	-0.11647600773586092	77.61647600773586	5.326363320336614	4.843007130247293	0.6861044628556173
Occipital	-0.11647600773586092	77.78376527340077	NA	4.8347727014397766	NA
Occipital	-0.11647600773586092	77.95934939365675	NA	4.826171079873801	NA
Occipital	-0.11647600773586092	78.13493351391274	NA	4.817611017905155	NA
Occipital	-0.11647600773586092	78.31051763416872	NA	4.809091980761351	NA
Occipital	-0.11647600773586092	78.48610175442471	NA	4.800613440690865	NA
Occipital	-0.11647600773586092	78.6616858746807	NA	4.792174876860732	NA
Occipital	-0.11647600773586092	78.83726999493668	NA	4.783775775256324	NA
Occipital	-0.11647600773586092	79.01285411519267	NA	4.775415628583299	NA
Occipital	-0.11647600773586092	79.18843823544864	NA	4.767093936171595	NA
Occipital	-0.11647600773586092	79.36402235570463	NA	4.758810203881313	NA
Occipital	-0.11647600773586092	79.53960647596061	NA	4.7505639440106044	NA
Occipital	-0.11647600773586092	79.7151905962166	NA	4.742354677230549	NA
Occipital	-0.11647600773586092	79.89077471647258	NA	4.734181929867577	NA
Occipital	-0.11647600773586092	80.06635883672857	NA	4.726045229411125	NA
Occipital	-0.11647600773586092	80.24194295698454	NA	4.71794411302756	NA
Occipital	-0.11647600773586092	80.41752707724054	NA	4.709878123886128	NA
Occipital	-0.11647600773586092	80.59311119749651	NA	4.701846811076699	NA
Occipital	-0.11647600773586092	80.7686953177525	NA	4.693849729528904	NA
Occipital	-0.11647600773586092	80.94427943800848	NA	4.685886439932707	NA
Occipital	-0.11647600773586092	81.11986355826447	NA	4.67795650866033	NA
Occipital	-0.11647600773586092	81.29544767852045	NA	4.670059507689507	NA
Occipital	-0.11647600773586092	81.47103179877644	NA	4.662195014527976	NA
Occipital	-0.11647600773586092	81.64661591903241	NA	4.654362612139255	NA
Occipital	-0.11647600773586092	81.8222000392884	NA	4.646561888869577	NA
Occipital	-0.11647600773586092	81.99778415954438	NA	4.638792438376015	NA
Occipital	-0.11647600773586092	82.17336827980037	NA	4.631053859555742	NA
Occipital	-0.11647600773586092	82.34895240005635	NA	4.6233457564764135	NA
Occipital	-0.11647600773586092	82.52453652031234	NA	4.615667738307555	NA
Occipital	-0.11647600773586092	82.61647600773586	5.130959883597221	4.611659239134523	0.6650942345012545
Occipital	-0.11647600773586092	82.70012064056831	NA	4.608019419253101	NA
Occipital	-0.11647600773586092	82.8757047608243	NA	4.600400418484891	NA
Occipital	-0.11647600773586092	83.05128888108028	NA	4.592810360077167	NA
Occipital	-0.11647600773586092	83.22687300133627	NA	4.585248872942061	NA
Occipital	-0.11647600773586092	83.40245712159225	NA	4.577715590766039	NA
Occipital	-0.11647600773586092	83.57804124184824	NA	4.570210151947269	NA
Occipital	-0.11647600773586092	83.75362536210422	NA	4.562732199533893	NA
Occipital	-0.11647600773586092	83.9292094823602	NA	4.555281381163191	NA
Occipital	-0.11647600773586092	84.10479360261618	NA	4.547857349001633	NA
Occipital	-0.11647600773586092	84.28037772287217	NA	4.540459759685755	NA
Occipital	-0.11647600773586092	84.45596184312815	NA	4.533088274263912	NA
Occipital	-0.11647600773586092	84.63154596338414	NA	4.5257425581388135	NA
Occipital	-0.11647600773586092	84.80713008364012	NA	4.518422281010879	NA
Occipital	-0.11647600773586092	84.98271420389611	NA	4.511127116822386	NA
Occipital	-0.11647600773586092	85.158298324152085	NA	4.50385674370239	NA
Occipital	-0.11647600773586092	85.33388244440808	NA	4.496610843912395	NA
Occipital	-0.11647600773586092	85.50946656466405	NA	4.4893891037927816	NA
Occipital	-0.11647600773586092	85.68505068492004	NA	4.482191213709954	NA
Occipital	-0.11647600773586092	85.86063480517602	NA	4.475016868004249	NA
Occipital	-0.11647600773586092	86.03621892543201	NA	4.467865764938466	NA
Occipital	-0.11647600773586092	86.21180304568799	NA	4.460737606647211	NA
Occipital	-0.11647600773586092	86.38738716594398	NA	4.453632099086793	NA
Occipital	-0.11647600773586092	86.56297128619995	NA	4.446548951985912	NA
Occipital	-0.11647600773586092	86.73855540645594	NA	4.439487878796957	NA
Occipital	-0.11647600773586092	86.91413952671192	NA	4.432448596647901	NA
Occipital	-0.11647600773586092	87.08972364696791	NA	4.425430826294961	NA
Occipital	-0.11647600773586092	87.26530776722389	NA	4.418434292075788	NA
Occipital	-0.11647600773586092	87.44089188747988	NA	4.41145872186328	NA
Occipital	-0.11647600773586092	87.61647600773586	4.860864411222202	4.404489153875929	0.6483100686967205
PCC	-0.11647600773586092	0	0	-2.8538521882838345e-14	0
PCC	-0.11647600773586092	0.1755841202559837	NA	0.0749080612294398	NA
PCC	-0.11647600773586092	0.3511682405119674	NA	0.8975510928578886	NA
PCC	-0.11647600773586092	0.3664760077358609	1.4730961146848365	1.0746257026943753	0.5943509963021504
PCC	-0.11647600773586092	0.5267523607679511	NA	3.491485596815678	NA
PCC	-0.11647600773586092	0.7023364810239348	NA	7.126426008306043	NA
PCC	-0.11647600773586092	0.8664760077358609	10.952744901302962	10.886810751840258	0.7672901618860205
PCC	-0.11647600773586092	0.8779206012799184	NA	11.160615181453734	NA
PCC	-0.11647600773586092	1.0535047215359021	NA	15.319952396458437	NA
PCC	-0.11647600773586092	1.229088841791886	NA	19.12201882082715	NA
PCC	-0.11647600773586092	1.3664760077358609	22.064491699897477	22.195335793487587	0.8788492461736329
PCC	-0.11647600773586092	1.4046729620478695	NA	23.10006811717092	NA
PCC	-0.11647600773586092	1.580257082303853	NA	27.65234286980894	NA
PCC	-0.11647600773586092	1.7558412025598369	NA	32.784275419532186	NA
PCC	-0.11647600773586092	1.8664760077358609	34.701432069871444	35.42841329141576	0.9728198736248336
PCC	-0.11647600773586092	1.9314253228158207	NA	36.854759579851724	NA
PCC	-0.11647600773586092	2.1070094430718043	NA	39.952742332175646	NA
PCC	-0.11647600773586092	2.282593563327788	NA	41.8444379602406	NA
PCC	-0.11647600773586092	2.366476007735861	43.12761729620853	42.515885462434625	1.0163760689043335
PCC	-0.11647600773586092	2.458177683583772	NA	43.052208970778814	NA
PCC	-0.11647600773586092	2.6337618038397554	NA	44.02972129518664	NA
PCC	-0.11647600773586092	2.809345924095739	NA	44.749468012732734	NA
PCC	-0.11647600773586092	2.866476007735861	45.30598491957656	44.90625153965145	1.019964999191554
PCC	-0.11647600773586092	2.9849300443517226	NA	45.11442552920063	NA
PCC	-0.11647600773586092	3.160514164607706	NA	45.1295363071759	NA
PCC	-0.11647600773586092	3.33609828486369	NA	45.00742025485394	NA
PCC	-0.11647600773586092	3.5116824051196738	NA	44.77910650034752	NA
PCC	-0.11647600773586092	3.616476007735861	44.15267126912606	44.59437353314357	1.2278590277659935
PCC	-0.11647600773586092	3.6872665253756574	NA	44.44973075301268	NA
PCC	-0.11647600773586092	3.8628506456316414	NA	44.024099729604394	NA
PCC	-0.11647600773586092	4.038434765887625	NA	43.50671366771031	NA
PCC	-0.11647600773586092	4.2140188861436085	NA	42.901787279194686	NA
PCC	-0.11647600773586092	4.389603006399592	NA	42.21326925199043	NA
PCC	-0.11647600773586092	4.565187126655576	NA	41.44486040104986	NA
PCC	-0.11647600773586092	4.616476007735861	41.32130176605916	41.2058775631878	1.2000149637571242
PCC	-0.11647600773586092	4.740771246911559	NA	40.60003056226191	NA
PCC	-0.11647600773586092	4.916355367167544	NA	39.68203431662519	NA
PCC	-0.11647600773586092	5.091939487423527	NA	38.788414483388046	NA
PCC	-0.11647600773586092	5.267523607679511	NA	37.993920651771944	NA
PCC	-0.11647600773586092	5.4431077279354945	NA	37.23640330696003	NA
PCC	-0.11647600773586092	5.616476007735861	36.712506423851	36.52193403916394	1.1648157536601829
PCC	-0.11647600773586092	5.618691848191478	NA	36.513001968151165	NA
PCC	-0.11647600773586092	5.794275968447462	NA	35.82105852458616	NA
PCC	-0.11647600773586092	5.969860088703445	NA	35.158103129464536	NA
PCC	-0.11647600773586092	6.145444208959429	NA	34.52184107454247	NA
PCC	-0.11647600773586092	6.321028329215412	NA	33.910140577265416	NA
PCC	-0.11647600773586092	6.496612449471397	NA	33.32102141702351	NA
PCC	-0.11647600773586092	6.67219656972738	NA	32.75264436152414	NA
PCC	-0.11647600773586092	6.847780689983364	NA	32.20330132837597	NA
PCC	-0.11647600773586092	7.0233648102393476	NA	31.67140623079381	NA
PCC	-0.11647600773586092	7.116476007735861	31.137322729466817	31.39592175310188	1.3782105140306276
PCC	-0.11647600773586092	7.198948930495331	NA	31.15548645988327	NA
PCC	-0.11647600773586092	7.374533050751315	NA	30.65417495926835	NA
PCC	-0.11647600773586092	7.550117171007298	NA	30.166202850897516	NA
PCC	-0.11647600773586092	7.725701291263283	NA	29.69039257372575	NA
PCC	-0.11647600773586092	7.901285411519266	NA	29.225651499629855	NA
PCC	-0.11647600773586092	8.07686953177525	NA	28.770966877677452	NA
PCC	-0.11647600773586092	8.252453652031233	NA	28.325397942634872	NA
PCC	-0.11647600773586092	8.428037772287217	NA	27.88807232105109	NA
PCC	-0.11647600773586092	8.6036218925432	NA	27.458181733316838	NA
PCC	-0.11647600773586092	8.779206012799184	NA	27.034976984924466	NA
PCC	-0.11647600773586092	8.954790133055168	NA	26.617763824808414	NA
PCC	-0.11647600773586092	9.11647600773586	26.01013503785142	26.238319788581993	1.3074986716585597
PCC	-0.11647600773586092	9.130374253311151	NA	26.2058990919067	NA
PCC	-0.11647600773586092	9.305958373567135	NA	25.79878712991181	NA
PCC	-0.11647600773586092	9.481542493823119	NA	25.39587645157134	NA
PCC	-0.11647600773586092	9.657126614079102	NA	24.996656635193546	NA
PCC	-0.11647600773586092	9.832710734335087	NA	24.600655437218556	NA
PCC	-0.11647600773586092	10.008294854591071	NA	24.207436105837335	NA
PCC	-0.11647600773586092	10.183878974847055	NA	23.82221444605939	NA
PCC	-0.11647600773586092	10.359463095103038	NA	23.463170884891355	NA
PCC	-0.11647600773586092	10.535047215359022	NA	23.122871522485866	NA
PCC	-0.11647600773586092	10.710631335615005	NA	22.800088649725094	NA
PCC	-0.11647600773586092	10.886215455870989	NA	22.493678934542288	NA
PCC	-0.11647600773586092	11.061799576126973	NA	22.202577570721278	NA
PCC	-0.11647600773586092	11.237383696382956	NA	21.925792833106975	NA
PCC	-0.11647600773586092	11.41296781663894	NA	21.66240101098994	NA
PCC	-0.11647600773586092	11.588551936894923	NA	21.411541693391033	NA
PCC	-0.11647600773586092	11.764136057150907	NA	21.17241338179683	NA
PCC	-0.11647600773586092	11.93972017740689	NA	20.944269407595737	NA
PCC	-0.11647600773586092	12.115304297662874	NA	20.726414133045253	NA
PCC	-0.11647600773586092	12.290888417918858	NA	20.518199416071802	NA
PCC	-0.11647600773586092	12.466472538174841	NA	20.319021320573114	NA
PCC	-0.11647600773586092	12.61647600773586	20.794018149350418	20.155590852029924	1.6488746663169376
PCC	-0.11647600773586092	12.642056658430825	NA	20.128317055166768	NA
PCC	-0.11647600773586092	12.81764077868681	NA	19.94556212451368	NA
PCC	-0.11647600773586092	12.993224898942794	NA	19.770267678447887	NA
PCC	-0.11647600773586092	13.168809019198777	NA	19.601978045170284	NA
PCC	-0.11647600773586092	13.34439313945476	NA	19.440268435718604	NA
PCC	-0.11647600773586092	13.519977259710744	NA	19.284742807814705	NA
PCC	-0.11647600773586092	13.695561379966728	NA	19.13503187801684	NA
PCC	-0.11647600773586092	13.871145500222712	NA	18.990791271873277	NA
PCC	-0.11647600773586092	14.046729620478695	NA	18.85169980249112	NA
PCC	-0.11647600773586092	14.222313740734679	NA	18.717457868598334	NA
PCC	-0.11647600773586092	14.397897860990662	NA	18.587785963798247	NA
PCC	-0.11647600773586092	14.573481981246646	NA	18.46242328929176	NA
PCC	-0.11647600773586092	14.74906610150263	NA	18.341126462879814	NA
PCC	-0.11647600773586092	14.924650221758613	NA	18.223668317557458	NA
PCC	-0.11647600773586092	15.100234342014597	NA	18.109836783475988	NA
PCC	-0.11647600773586092	15.27581846227058	NA	17.99943384748188	NA
PCC	-0.11647600773586092	15.451402582526566	NA	17.89197871113239	NA
PCC	-0.11647600773586092	15.626986702782549	NA	17.785593117084527	NA
PCC	-0.11647600773586092	15.802570823038533	NA	17.681043329158033	NA
PCC	-0.11647600773586092	15.978154943294516	NA	17.578235861704524	NA
PCC	-0.11647600773586092	16.1537390635505	NA	17.47708333739236	NA
PCC	-0.11647600773586092	16.329323183806483	NA	17.377503750492142	NA
PCC	-0.11647600773586092	16.504907304062467	NA	17.27942056125579	NA
PCC	-0.11647600773586092	16.68049142431845	NA	17.182762141473134	NA
PCC	-0.11647600773586092	16.856075544574434	NA	17.087461438255918	NA
PCC	-0.11647600773586092	17.031659664830418	NA	16.99345566112052	NA
PCC	-0.11647600773586092	17.2072437850864	NA	16.900685990750453	NA
PCC	-0.11647600773586092	17.382827905342385	NA	16.809097307933744	NA
PCC	-0.11647600773586092	17.55841202559837	NA	16.71863794127381	NA
PCC	-0.11647600773586092	17.616476007735862	16.424283722666523	16.688963931384304	1.4615748685495742
PCC	-0.11647600773586092	17.733996145854352	NA	16.62925943237026	NA
PCC	-0.11647600773586092	17.909580266110336	NA	16.540916317256546	NA
PCC	-0.11647600773586092	18.08516438636632	NA	16.453565922965584	NA
PCC	-0.11647600773586092	18.260748506622303	NA	16.367168178172996	NA
PCC	-0.11647600773586092	18.436332626878286	NA	16.281685436940542	NA
PCC	-0.11647600773586092	18.61191674713427	NA	16.197082314650164	NA
PCC	-0.11647600773586092	18.787500867390253	NA	16.113325535282407	NA
PCC	-0.11647600773586092	18.963084987646237	NA	16.03038378925163	NA
PCC	-0.11647600773586092	19.13866910790222	NA	15.948227601065101	NA
PCC	-0.11647600773586092	19.314253228158204	NA	15.866829206124201	NA
PCC	-0.11647600773586092	19.489837348414188	NA	15.786162436033134	NA
PCC	-0.11647600773586092	19.665421468670175	NA	15.706202611824603	NA
PCC	-0.11647600773586092	19.84100558892616	NA	15.626926444553156	NA
PCC	-0.11647600773586092	20.016589709182142	NA	15.548311942744764	NA
PCC	-0.11647600773586092	20.192173829438126	NA	15.470338326227015	NA
PCC	-0.11647600773586092	20.36775794969411	NA	15.392985945897097	NA
PCC	-0.11647600773586092	20.543342069950093	NA	15.316236209015685	NA
PCC	-0.11647600773586092	20.718926190206076	NA	15.240071509643368	NA
PCC	-0.11647600773586092	20.89451031046206	NA	15.164475163862882	NA
PCC	-0.11647600773586092	21.070094430718044	NA	15.089431349455207	NA
PCC	-0.11647600773586092	21.245678550974027	NA	15.014925049720729	NA
PCC	-0.11647600773586092	21.42126267123001	NA	14.940942001157905	NA
PCC	-0.11647600773586092	21.596846791485994	NA	14.867468644732096	NA
PCC	-0.11647600773586092	21.772430911741978	NA	14.794492080485593	NA
PCC	-0.11647600773586092	21.94801503199796	NA	14.722000025257264	NA
PCC	-0.11647600773586092	22.123599152253945	NA	14.649980773296372	NA
PCC	-0.11647600773586092	22.29918327250993	NA	14.578423159569839	NA
PCC	-0.11647600773586092	22.474767392765912	NA	14.507316525576586	NA
PCC	-0.11647600773586092	22.616476007735862	14.154787346511856	14.450250588690132	1.3231845405683509
PCC	-0.11647600773586092	22.650351513021896	NA	14.436650687495087	NA
PCC	-0.11647600773586092	22.82593563327788	NA	14.36641590650259	NA
PCC	-0.11647600773586092	23.001519753533863	NA	14.296602861115689	NA
PCC	-0.11647600773586092	23.177103873789846	NA	14.22720262141224	NA
PCC	-0.11647600773586092	23.35268799404583	NA	14.15820662500445	NA
PCC	-0.11647600773586092	23.528272114301814	NA	14.089606654641907	NA
PCC	-0.11647600773586092	23.703856234557797	NA	14.02139481733184	NA
PCC	-0.11647600773586092	23.87944035481378	NA	13.953563524871637	NA
PCC	-0.11647600773586092	24.055024475069764	NA	13.886105526472633	NA
PCC	-0.11647600773586092	24.230608595325748	NA	13.81901374260902	NA
PCC	-0.11647600773586092	24.40619271558173	NA	13.752281390276332	NA
PCC	-0.11647600773586092	24.581776835837715	NA	13.685901930825645	NA
PCC	-0.11647600773586092	24.7573609560937	NA	13.61986905104715	NA
PCC	-0.11647600773586092	24.932945076349682	NA	13.554176650347772	NA
PCC	-0.11647600773586092	25.108529196605666	NA	13.488818828784428	NA
PCC	-0.11647600773586092	25.28411331686165	NA	13.423789875893917	NA
PCC	-0.11647600773586092	25.459697437117637	NA	13.35908426026451	NA
PCC	-0.11647600773586092	25.63528155737362	NA	13.29469661979818	NA
PCC	-0.11647600773586092	25.810865677629604	NA	13.230621752615837	NA
PCC	-0.11647600773586092	25.986449797885587	NA	13.166854608561358	NA
PCC	-0.11647600773586092	26.16203391814157	NA	13.103390281263193	NA
PCC	-0.11647600773586092	26.337618038397554	NA	13.04022400071523	NA
PCC	-0.11647600773586092	26.513202158653538	NA	12.977351126341267	NA
PCC	-0.11647600773586092	26.68878627890952	NA	12.914767140509753	NA
PCC	-0.11647600773586092	26.864370399165505	NA	12.85246764246812	NA
PCC	-0.11647600773586092	27.03995451942149	NA	12.790448342667695	NA
PCC	-0.11647600773586092	27.215538639677472	NA	12.728705057452842	NA
PCC	-0.11647600773586092	27.391122759933456	NA	12.667233704088613	NA
PCC	-0.11647600773586092	27.56670688018944	NA	12.606030296104755	NA
PCC	-0.11647600773586092	27.616476007735862	12.301224542201124	12.58873033106026	1.2060205081706268
PCC	-0.11647600773586092	27.742291000445423	NA	12.54509093893378	NA
PCC	-0.11647600773586092	27.917875120701407	NA	12.4844118258232	NA
PCC	-0.11647600773586092	28.09345924095739	NA	12.423989234003313	NA
PCC	-0.11647600773586092	28.269043361213374	NA	12.363819521093063	NA
PCC	-0.11647600773586092	28.444627481469357	NA	12.303899121727822	NA
PCC	-0.11647600773586092	28.62021160172534	NA	12.244224544393976	NA
PCC	-0.11647600773586092	28.795795721981325	NA	12.184792368456334	NA
PCC	-0.11647600773586092	28.971379842237308	NA	12.125599241365267	NA
PCC	-0.11647600773586092	29.14696396249329	NA	12.06664187603144	NA
PCC	-0.11647600773586092	29.322548082749275	NA	12.007917048356799	NA
PCC	-0.11647600773586092	29.49813220300526	NA	11.94942159491133	NA
PCC	-0.11647600773586092	29.673716323261242	NA	11.891152410745708	NA
PCC	-0.11647600773586092	29.849300443517226	NA	11.833106447330746	NA
PCC	-0.11647600773586092	30.02488456377321	NA	11.7752950673875	NA
PCC	-0.11647600773586092	30.200468684029193	NA	11.71827038577174	NA
PCC	-0.11647600773586092	30.376052804285177	NA	11.66184361748186	NA
PCC	-0.11647600773586092	30.55163692454116	NA	11.605988512912463	NA
PCC	-0.11647600773586092	30.727221044797144	NA	11.550683285895156	NA
PCC	-0.11647600773586092	30.90280516505313	NA	11.495907441363043	NA
PCC	-0.11647600773586092	31.078389285309115	NA	11.44164168840588	NA
PCC	-0.11647600773586092	31.253973405565098	NA	11.387867859332157	NA
PCC	-0.11647600773586092	31.42955752582108	NA	11.334568834321024	NA
PCC	-0.11647600773586092	31.605141646077065	NA	11.281728471276066	NA
PCC	-0.11647600773586092	31.78072576633305	NA	11.229331540520059	NA
PCC	-0.11647600773586092	31.956309886589032	NA	11.177363698555338	NA
PCC	-0.11647600773586092	32.131894006845016	NA	11.125811353553454	NA
PCC	-0.11647600773586092	32.307478127101	NA	11.074661635349791	NA
PCC	-0.11647600773586092	32.48306224735698	NA	11.023902396720366	NA
PCC	-0.11647600773586092	32.61647600773586	10.928290729072703	10.985588174572655	1.1067431838713475
PCC	-0.11647600773586092	32.65864636761297	NA	10.97352213794685	NA
PCC	-0.11647600773586092	32.83423048786895	NA	10.923509964266215	NA
PCC	-0.11647600773586092	33.009814608124934	NA	10.873855546246626	NA
PCC	-0.11647600773586092	33.18539872838092	NA	10.824549082886511	NA
PCC	-0.11647600773586092	33.3609828486369	NA	10.77558126724806	NA
PCC	-0.11647600773586092	33.536566968892885	NA	10.726943254449433	NA
PCC	-0.11647600773586092	33.71215108914887	NA	10.678626631852046	NA
PCC	-0.11647600773586092	33.88773520940485	NA	10.630623391290944	NA
PCC	-0.11647600773586092	34.063319329660835	NA	10.582925903206455	NA
PCC	-0.11647600773586092	34.23890344991682	NA	10.535526892545587	NA
PCC	-0.11647600773586092	34.4144875701728	NA	10.488419416310345	NA
PCC	-0.11647600773586092	34.590071690428786	NA	10.441596842639019	NA
PCC	-0.11647600773586092	34.76565581068477	NA	10.395052831314178	NA
PCC	-0.11647600773586092	34.94123993094075	NA	10.348781315598648	NA
PCC	-0.11647600773586092	35.11682405119674	NA	10.30277648530749	NA
PCC	-0.11647600773586092	35.29240817145272	NA	10.257032771030378	NA
PCC	-0.11647600773586092	35.467992291708704	NA	10.211544829424835	NA
PCC	-0.11647600773586092	35.64357641196469	NA	10.166307529506268	NA
PCC	-0.11647600773586092	35.81916053222067	NA	10.12131593986568	NA
PCC	-0.11647600773586092	35.994744652476655	NA	10.07656531675115	NA
PCC	-0.11647600773586092	36.17032877273264	NA	10.032051092953184	NA
PCC	-0.11647600773586092	36.34591289298862	NA	9.987768867438444	NA
PCC	-0.11647600773586092	36.521497013244606	NA	9.943714395680193	NA
PCC	-0.11647600773586092	36.69708113350059	NA	9.899883580637237	NA
PCC	-0.11647600773586092	36.87266525375657	NA	9.856272464336778	NA
PCC	-0.11647600773586092	37.048249374012556	NA	9.812877220019224	NA
PCC	-0.11647600773586092	37.22383349426854	NA	9.769694144806497	NA
PCC	-0.11647600773586092	37.39941761452452	NA	9.726719652857513	NA
PCC	-0.11647600773586092	37.57500173478051	NA	9.683950268977394	NA
PCC	-0.11647600773586092	37.61647600773586	9.541923320120482	9.67387743211324	1.0217746219934254
PCC	-0.11647600773586092	37.75058585503649	NA	9.641382622649031	NA
PCC	-0.11647600773586092	37.926169975292474	NA	9.599013442458151	NA
PCC	-0.11647600773586092	38.10175409554846	NA	9.556839550884481	NA
PCC	-0.11647600773586092	38.27733821580444	NA	9.514857859434128	NA
PCC	-0.11647600773586092	38.452922336060425	NA	9.47306536408958	NA
PCC	-0.11647600773586092	38.62850645631641	NA	9.431459141055543	NA
PCC	-0.11647600773586092	38.80409057657239	NA	9.390036342780276	NA
PCC	-0.11647600773586092	38.979674696828376	NA	9.348794194233651	NA
PCC	-0.11647600773586092	39.15525881708436	NA	9.30772998942415	NA
PCC	-0.11647600773586092	39.33084293734035	NA	9.266841088138673	NA
PCC	-0.11647600773586092	39.50642705759633	NA	9.22612491288967	NA
PCC	-0.11647600773586092	39.68201117785232	NA	9.18557894605564	NA
PCC	-0.11647600773586092	39.8575952981083	NA	9.145200731786794	NA
PCC	-0.11647600773586092	40.033179418364284	NA	9.104987879947547	NA
PCC	-0.11647600773586092	40.20876353862027	NA	9.06493801618817	NA
PCC	-0.11647600773586092	40.38434765887625	NA	9.02504883720031	NA
PCC	-0.11647600773586092	40.559931779132235	NA	8.98531808771076	NA
PCC	-0.11647600773586092	40.73551589938822	NA	8.945743558534543	NA
PCC	-0.11647600773586092	40.9111000196442	NA	8.906323084745734	NA
PCC	-0.11647600773586092	41.086684139900186	NA	8.86705454395858	NA
PCC	-0.11647600773586092	41.26226826015617	NA	8.827935854711113	NA
PCC	-0.11647600773586092	41.43785238041215	NA	8.7889649749444	NA
PCC	-0.11647600773586092	41.613436500668136	NA	8.750139900571147	NA
PCC	-0.11647600773586092	41.78902062092412	NA	8.711458664127392	NA
PCC	-0.11647600773586092	41.9646047411801	NA	8.672919333502032	NA
PCC	-0.11647600773586092	42.14018886143609	NA	8.63452001073866	NA
PCC	-0.11647600773586092	42.31577298169207	NA	8.596258830905148	NA
PCC	-0.11647600773586092	42.491357101948054	NA	8.558133961026236	NA
PCC	-0.11647600773586092	42.61647600773586	8.64451478356035	8.531048801165607	0.9524378778458922
PCC	-0.11647600773586092	42.66694122220404	NA	8.520143599075132	NA
PCC	-0.11647600773586092	42.84252534246002	NA	8.482285973020115	NA
PCC	-0.11647600773586092	43.018109462716005	NA	8.444559339922488	NA
PCC	-0.11647600773586092	43.19369358297199	NA	8.40696198508257	NA
PCC	-0.11647600773586092	43.36927770322797	NA	8.369492221230503	NA
PCC	-0.11647600773586092	43.544861823483956	NA	8.332148387758998	NA
PCC	-0.11647600773586092	43.72044594373994	NA	8.294928849995232	NA
PCC	-0.11647600773586092	43.89603006399592	NA	8.257831998509374	NA
PCC	-0.11647600773586092	44.07161418425191	NA	8.220856248457398	NA
PCC	-0.11647600773586092	44.24719830450789	NA	8.1840000389559	NA
PCC	-0.11647600773586092	44.422782424763874	NA	8.147261832486944	NA
PCC	-0.11647600773586092	44.59836654501986	NA	8.110640114330963	NA
PCC	-0.11647600773586092	44.77395066527584	NA	8.074133392025942	NA
PCC	-0.11647600773586092	44.949534785531824	NA	8.037740194851265	NA
PCC	-0.11647600773586092	45.12511890578781	NA	8.001459073334557	NA
PCC	-0.11647600773586092	45.30070302604379	NA	7.965288598780226	NA
PCC	-0.11647600773586092	45.476287146299775	NA	7.92946884482519	NA
PCC	-0.11647600773586092	45.65187126655576	NA	7.894244503905359	NA
PCC	-0.11647600773586092	45.82745538681174	NA	7.859582567840594	NA
PCC	-0.11647600773586092	46.003039507067726	NA	7.8254575783400275	NA
PCC	-0.11647600773586092	46.17862362732371	NA	7.791845676940345	NA
PCC	-0.11647600773586092	46.35420774757969	NA	7.758724495944701	NA
PCC	-0.11647600773586092	46.52979186783568	NA	7.726073056913559	NA
PCC	-0.11647600773586092	46.70537598809166	NA	7.6938716761828525	NA
PCC	-0.11647600773586092	46.880960108347644	NA	7.6621018769215326	NA
PCC	-0.11647600773586092	47.05654422860363	NA	7.630746307274491	NA
PCC	-0.11647600773586092	47.23212834885961	NA	7.599788664168304	NA
PCC	-0.11647600773586092	47.407712469115594	NA	7.569213622386689	NA
PCC	-0.11647600773586092	47.58329658937158	NA	7.539006768549788	NA
PCC	-0.11647600773586092	47.61647600773586	7.685094097253717	7.533339137446569	0.8933233529586769
PCC	-0.11647600773586092	47.75888070962756	NA	7.509154539656804	NA
PCC	-0.11647600773586092	47.934464829883545	NA	7.479644207029757	NA
PCC	-0.11647600773586092	48.11004895013953	NA	7.4504637055986125	NA
PCC	-0.11647600773586092	48.28563307039551	NA	7.421601686585413	NA
PCC	-0.11647600773586092	48.461217190651496	NA	7.3930474548336935	NA
PCC	-0.11647600773586092	48.63680131090748	NA	7.364790916358251	NA
PCC	-0.11647600773586092	48.81238543116346	NA	7.336822538336865	NA
PCC	-0.11647600773586092	48.98796955141945	NA	7.309133311859998	NA
PCC	-0.11647600773586092	49.16355367167543	NA	7.281714717247066	NA
PCC	-0.11647600773586092	49.339137791931414	NA	7.254558691751328	NA
PCC	-0.11647600773586092	49.5147219121874	NA	7.227657599487587	NA
PCC	-0.11647600773586092	49.69030603244338	NA	7.201004203428542	NA
PCC	-0.11647600773586092	49.865890152699365	NA	7.174591639326389	NA
PCC	-0.11647600773586092	50.04147427295535	NA	7.1484133914260495	NA
PCC	-0.11647600773586092	50.21705839321133	NA	7.122463269845878	NA
PCC	-0.11647600773586092	50.392642513467315	NA	7.09673538951017	NA
PCC	-0.11647600773586092	50.5682266337233	NA	7.071224150525995	NA
PCC	-0.11647600773586092	50.74381075397929	NA	7.045924219904097	NA
PCC	-0.11647600773586092	50.91939487423527	NA	7.0208305145308625	NA
PCC	-0.11647600773586092	51.09497899449126	NA	6.995938185304536	NA
PCC	-0.11647600773586092	51.27056311474724	NA	6.971242602355132	NA
PCC	-0.11647600773586092	51.446147235003224	NA	6.946739341272919	NA
PCC	-0.11647600773586092	51.62173135525921	NA	6.922424170275629	NA
PCC	-0.11647600773586092	51.79731547551519	NA	6.898293038249383	NA
PCC	-0.11647600773586092	51.972899595771175	NA	6.874342063602928	NA
PCC	-0.11647600773586092	52.14848371602716	NA	6.8505675238787545	NA
PCC	-0.11647600773586092	52.32406783628314	NA	6.826965846068853	NA
PCC	-0.11647600773586092	52.499651956539125	NA	6.803533597586271	NA
PCC	-0.11647600773586092	52.61647600773586	7.041114805960103	6.788035301901169	0.8460382092472831
PCC	-0.11647600773586092	52.67523607679511	NA	6.780267477847218	NA
PCC	-0.11647600773586092	52.85082019705109	NA	6.757164310421362	NA
PCC	-0.11647600773586092	53.026404317307076	NA	6.734221035711184	NA
PCC	-0.11647600773586092	53.20198843756306	NA	6.71143470412377	NA
PCC	-0.11647600773586092	53.37757255781904	NA	6.688802469700976	NA
PCC	-0.11647600773586092	53.55315667807503	NA	6.666321584176468	NA
PCC	-0.11647600773586092	53.72874079833101	NA	6.643989391429985	NA
PCC	-0.11647600773586092	53.904324918586994	NA	6.6218033223115755	NA
PCC	-0.11647600773586092	54.07990903884298	NA	6.599760889810167	NA
PCC	-0.11647600773586092	54.25549315909896	NA	6.577859684542891	NA
PCC	-0.11647600773586092	54.431077279354945	NA	6.556097370542839	NA
PCC	-0.11647600773586092	54.60666139961093	NA	6.534471681324932	NA
PCC	-0.11647600773586092	54.78224551986691	NA	6.512980416210585	NA
PCC	-0.11647600773586092	54.957829640122895	NA	6.491621436893479	NA
PCC	-0.11647600773586092	55.13341376037888	NA	6.470392664229811	NA
PCC	-0.11647600773586092	55.30899788063486	NA	6.449292075237598	NA
PCC	-0.11647600773586092	55.484582000890846	NA	6.428317700290688	NA
PCC	-0.11647600773586092	55.66016612114683	NA	6.407467620494177	NA
PCC	-0.11647600773586092	55.83575024140281	NA	6.386739973589542	NA
PCC	-0.11647600773586092	56.0113343616588	NA	6.36613293621243	NA
PCC	-0.11647600773586092	56.18691848191478	NA	6.3456447173807	NA
PCC	-0.11647600773586092	56.362502602170764	NA	6.325273578105861	NA
PCC	-0.11647600773586092	56.53808672242675	NA	6.305017819320635	NA
PCC	-0.11647600773586092	56.71367084268273	NA	6.284875780109607	NA
PCC	-0.11647600773586092	56.889254962938715	NA	6.264845836050382	NA
PCC	-0.11647600773586092	57.0648390831947	NA	6.244926397657674	NA
PCC	-0.11647600773586092	57.24042320345068	NA	6.225115908923305	NA
PCC	-0.11647600773586092	57.416007323706665	NA	6.205412845945698	NA
PCC	-0.11647600773586092	57.59159144396265	NA	6.185815715642691	NA
PCC	-0.11647600773586092	57.61647600773586	6.409630174536641	6.183046766234907	0.8010156664100823
PCC	-0.11647600773586092	57.76717556421863	NA	6.1663230545420555	NA
PCC	-0.11647600773586092	57.942759684474616	NA	6.146933427644569	NA
PCC	-0.11647600773586092	58.1183438047306	NA	6.1276454273545005	NA
PCC	-0.11647600773586092	58.29392792498658	NA	6.108457672473309	NA
PCC	-0.11647600773586092	58.46951204524257	NA	6.089368807251975	NA
PCC	-0.11647600773586092	58.64509616549855	NA	6.07037750049824	NA
PCC	-0.11647600773586092	58.820680285754534	NA	6.051482444734965	NA
PCC	-0.11647600773586092	58.99626440601052	NA	6.032682355406311	NA
PCC	-0.11647600773586092	59.1718485262665	NA	6.0139759701283575	NA
PCC	-0.11647600773586092	59.347432646522485	NA	5.995362047981443	NA
PCC	-0.11647600773586092	59.52301676677847	NA	5.9768393688412225	NA
PCC	-0.11647600773586092	59.69860088703445	NA	5.958406732746091	NA
PCC	-0.11647600773586092	59.874185007290436	NA	5.940064818987024	NA
PCC	-0.11647600773586092	60.04976912754642	NA	5.9222499578261285	NA
PCC	-0.11647600773586092	60.2253532478024	NA	5.904705120944993	NA
PCC	-0.11647600773586092	60.400937368058386	NA	5.887406243574784	NA
PCC	-0.11647600773586092	60.57652148831437	NA	5.870343744961864	NA
PCC	-0.11647600773586092	60.75210560857035	NA	5.853508616820586	NA
PCC	-0.11647600773586092	60.92768972882634	NA	5.83689238471422	NA
PCC	-0.11647600773586092	61.10327384908232	NA	5.820487072104886	NA
PCC	-0.11647600773586092	61.278857969338304	NA	5.804285166887159	NA
PCC	-0.11647600773586092	61.45444208959429	NA	5.78827959023301	NA
PCC	-0.11647600773586092	61.63002620985027	NA	5.772463667587597	NA
PCC	-0.11647600773586092	61.80561033010626	NA	5.756831101666706	NA
PCC	-0.11647600773586092	61.981194450362246	NA	5.741375947316856	NA
PCC	-0.11647600773586092	62.15677857061823	NA	5.726092588108882	NA
PCC	-0.11647600773586092	62.33236269087421	NA	5.710975714544645	NA
PCC	-0.11647600773586092	62.507946811130196	NA	5.696020303765066	NA
PCC	-0.11647600773586092	62.61647600773586	6.177060193020525	5.686855010300179	0.767297136702956
PCC	-0.11647600773586092	62.68353093138618	NA	5.681221600655175	NA
PCC	-0.11647600773586092	62.85911505164216	NA	5.666575100249368	NA
PCC	-0.11647600773586092	63.03469917189815	NA	5.652076531346676	NA
PCC	-0.11647600773586092	63.21028329215413	NA	5.637721841252138	NA
PCC	-0.11647600773586092	63.385867412410114	NA	5.623507181566094	NA
PCC	-0.11647600773586092	63.5614515326661	NA	5.609428894948911	NA
PCC	-0.11647600773586092	63.73703565292208	NA	5.595483504589884	NA
PCC	-0.11647600773586092	63.912619773178065	NA	5.581667714776758	NA
PCC	-0.11647600773586092	64.08820389343404	NA	5.567978352348856	NA
PCC	-0.11647600773586092	64.26378801369003	NA	5.554412409151917	NA
PCC	-0.11647600773586092	64.43937213394601	NA	5.540967014330776	NA
PCC	-0.11647600773586092	64.614956254202	NA	5.527639425679819	NA
PCC	-0.11647600773586092	64.79054037445798	NA	5.514427021583493	NA
PCC	-0.11647600773586092	64.96612449471397	NA	5.501327293505757	NA
PCC	-0.11647600773586092	65.14170861496994	NA	5.488337838990723	NA
PCC	-0.11647600773586092	65.31729273522593	NA	5.475456355138914	NA
PCC	-0.11647600773586092	65.49287685548191	NA	5.46268063252628	NA
PCC	-0.11647600773586092	65.6684609757379	NA	5.450008549535413	NA
PCC	-0.11647600773586092	65.84404509599388	NA	5.437438067070283	NA
PCC	-0.11647600773586092	66.01962921624987	NA	5.424967223628196	NA
PCC	-0.11647600773586092	66.19521333650584	NA	5.412594130704043	NA
PCC	-0.11647600773586092	66.37079745676184	NA	5.400316968504101	NA
PCC	-0.11647600773586092	66.54638157701781	NA	5.388133981947796	NA
PCC	-0.11647600773586092	66.7219656972738	NA	5.376043476937711	NA
PCC	-0.11647600773586092	66.89754981752978	NA	5.364043816879206	NA
PCC	-0.11647600773586092	67.07313393778577	NA	5.35213341943247	NA
PCC	-0.11647600773586092	67.24871805804175	NA	5.3403107534809955	NA
PCC	-0.11647600773586092	67.42430217829774	NA	5.328574336301467	NA
PCC	-0.11647600773586092	67.59988629855373	NA	5.3169227309213305	NA
PCC	-0.11647600773586092	67.61647600773586	5.734220179922655	5.315826182875299	0.7366919864157483
PCC	-0.11647600773586092	67.7754704188097	NA	5.305354543650913	NA
PCC	-0.11647600773586092	67.9510545390657	NA	5.293868421778285	NA
PCC	-0.11647600773586092	68.12663865932167	NA	5.282463051415519	NA
PCC	-0.11647600773586092	68.30222277957766	NA	5.271137155486005	NA
PCC	-0.11647600773586092	68.47780689983364	NA	5.259889491843108	NA
PCC	-0.11647600773586092	68.65339102008963	NA	5.248718851511119	NA
PCC	-0.11647600773586092	68.8289751403456	NA	5.23762405704019	NA
PCC	-0.11647600773586092	69.0045592606016	NA	5.226603960967328	NA
PCC	-0.11647600773586092	69.18014338085757	NA	5.215657444376259	NA
PCC	-0.11647600773586092	69.35572750111356	NA	5.204783415549379	NA
PCC	-0.11647600773586092	69.53131162136954	NA	5.193980808705459	NA
PCC	-0.11647600773586092	69.70689574162553	NA	5.183248582817265	NA
PCC	-0.11647600773586092	69.8824798618815	NA	5.1725857205036725	NA
PCC	-0.11647600773586092	70.0580639821375	NA	5.161991226991117	NA
PCC	-0.11647600773586092	70.23364810239347	NA	5.151464129139722	NA
PCC	-0.11647600773586092	70.40923222264946	NA	5.1410034745296755	NA
PCC	-0.11647600773586092	70.58481634290544	NA	5.130608330603807	NA
PCC	-0.11647600773586092	70.76040046316143	NA	5.1202777838624325	NA
PCC	-0.11647600773586092	70.93598458341741	NA	5.11001093910708	NA
PCC	-0.11647600773586092	71.1115687036734	NA	5.099806918729677	NA
PCC	-0.11647600773586092	71.28715282392938	NA	5.08966486204417	NA
PCC	-0.11647600773586092	71.46273694418537	NA	5.079583924657695	NA
PCC	-0.11647600773586092	71.63832106444134	NA	5.069563277878697	NA
PCC	-0.11647600773586092	71.81390518469733	NA	5.059602114668337	NA
PCC	-0.11647600773586092	71.98948930495331	NA	5.049699631822803	NA
PCC	-0.11647600773586092	72.1650734252093	NA	5.03985504206798	NA
PCC	-0.11647600773586092	72.34065754546528	NA	5.03006757425905	NA
PCC	-0.11647600773586092	72.51624166572127	NA	5.020336470465128	NA
PCC	-0.11647600773586092	72.61647600773586	4.906833913331199	5.014806322532992	0.7074643379404949
PCC	-0.11647600773586092	72.69182578597724	NA	5.010660985552298	NA
PCC	-0.11647600773586092	72.86740990623323	NA	5.001040386789427	NA
PCC	-0.11647600773586092	73.04299402648921	NA	4.99147395347514	NA
PCC	-0.11647600773586092	73.2185781467452	NA	4.981960976584715	NA
PCC	-0.11647600773586092	73.39416226700118	NA	4.972500758435518	NA
PCC	-0.11647600773586092	73.56974638725717	NA	4.963092612369719	NA
PCC	-0.11647600773586092	73.74533050751315	NA	4.953735862453237	NA
PCC	-0.11647600773586092	73.92091462776914	NA	4.944429843189849	NA
PCC	-0.11647600773586092	74.09649874802511	NA	4.935173899249435	NA
PCC	-0.11647600773586092	74.2720828682811	NA	4.925967385209467	NA
PCC	-0.11647600773586092	74.44766698853708	NA	4.916809665308922	NA
PCC	-0.11647600773586092	74.62325110879307	NA	4.907700113213811	NA
PCC	-0.11647600773586092	74.79883522904905	NA	4.898638111793537	NA
PCC	-0.11647600773586092	74.97441934930504	NA	4.8896230529074725	NA
PCC	-0.11647600773586092	75.15000346956101	NA	4.880654337201062	NA
PCC	-0.11647600773586092	75.325587589817	NA	4.871731373910871	NA
PCC	-0.11647600773586092	75.50117171007298	NA	4.8628535806780135	NA
PCC	-0.11647600773586092	75.67675583032897	NA	4.8540203833694555	NA
PCC	-0.11647600773586092	75.85233995058495	NA	4.845231215906728	NA
PCC	-0.11647600773586092	76.02792407084094	NA	4.836485520101507	NA
PCC	-0.11647600773586092	76.20350819109692	NA	4.82778274549778	NA
PCC	-0.11647600773586092	76.3790923113529	NA	4.81912234922009	NA
PCC	-0.11647600773586092	76.55467643160888	NA	4.810503795827572	NA
PCC	-0.11647600773586092	76.73026055186487	NA	4.801926557173343	NA
PCC	-0.11647600773586092	76.90584467212085	NA	4.793390112269077	NA
PCC	-0.11647600773586092	77.08142879237684	NA	4.7848939471543135	NA
PCC	-0.11647600773586092	77.25701291263282	NA	4.77643755477032	NA
PCC	-0.11647600773586092	77.43259703288881	NA	4.768020434838232	NA
PCC	-0.11647600773586092	77.60818115314478	NA	4.759642093741186	NA
PCC	-0.11647600773586092	77.61647600773586	4.681708663345542	4.7592472426751184	0.6861044628556173
PCC	-0.11647600773586092	77.78376527340077	NA	4.751302044410301	NA
PCC	-0.11647600773586092	77.95934939365675	NA	4.742999806214203	NA
PCC	-0.11647600773586092	78.13493351391274	NA	4.734734904852004	NA
PCC	-0.11647600773586092	78.31051763416872	NA	4.726506872249423	NA
PCC	-0.11647600773586092	78.48610175442471	NA	4.718315246458029	NA
PCC	-0.11647600773586092	78.6616858746807	NA	4.71015957155732	NA
PCC	-0.11647600773586092	78.83726999493668	NA	4.702039397559519	NA
PCC	-0.11647600773586092	79.01285411519267	NA	4.693954280317026	NA
PCC	-0.11647600773586092	79.18843823544864	NA	4.685903781432284	NA
PCC	-0.11647600773586092	79.36402235570463	NA	4.677887468170012	NA
PCC	-0.11647600773586092	79.53960647596061	NA	4.669904913371632	NA
PCC	-0.11647600773586092	79.7151905962166	NA	4.661955697197747	NA
PCC	-0.11647600773586092	79.89077471647258	NA	4.6540394046790485	NA
PCC	-0.11647600773586092	80.06635883672857	NA	4.646155621661416	NA
PCC	-0.11647600773586092	80.24194295698454	NA	4.638303942481001	NA
PCC	-0.11647600773586092	80.41752707724054	NA	4.630483966652874	NA
PCC	-0.11647600773586092	80.59311119749651	NA	4.622695298796725	NA
PCC	-0.11647600773586092	80.7686953177525	NA	4.614937548564332	NA
PCC	-0.11647600773586092	80.94427943800848	NA	4.607210330568523	NA
PCC	-0.11647600773586092	81.11986355826447	NA	4.599513264313573	NA
PCC	-0.11647600773586092	81.29544767852045	NA	4.591845974127086	NA
PCC	-0.11647600773586092	81.47103179877644	NA	4.584208089093194	NA
PCC	-0.11647600773586092	81.64661591903241	NA	4.576599242987087	NA
PCC	-0.11647600773586092	81.8222000392884	NA	4.569019074210781	NA
PCC	-0.11647600773586092	81.99778415954438	NA	4.56146722573011	NA
PCC	-0.11647600773586092	82.17336827980037	NA	4.553943345012899	NA
PCC	-0.11647600773586092	82.34895240005635	NA	4.54644708396826	NA
PCC	-0.11647600773586092	82.52453652031234	NA	4.538978098886957	NA
PCC	-0.11647600773586092	82.61647600773586	4.512873021014546	4.5350779489621456	0.6650942345012545
PCC	-0.11647600773586092	82.70012064056831	NA	4.531536050382832	NA
PCC	-0.11647600773586092	82.8757047608243	NA	4.524120603335265	NA
PCC	-0.11647600773586092	83.05128888108028	NA	4.516731426832599	NA
PCC	-0.11647600773586092	83.22687300133627	NA	4.5093681941165125	NA
PCC	-0.11647600773586092	83.40245712159225	NA	4.50203058252736	NA
PCC	-0.11647600773586092	83.57804124184824	NA	4.494718273450341	NA
PCC	-0.11647600773586092	83.75362536210422	NA	4.487430952262595	NA
PCC	-0.11647600773586092	83.9292094823602	NA	4.480168308281114	NA
PCC	-0.11647600773586092	84.10479360261618	NA	4.47293003471149	NA
PCC	-0.11647600773586092	84.28037772287217	NA	4.4657158285974505	NA
PCC	-0.11647600773586092	84.45596184312815	NA	4.45852539077116	NA
PCC	-0.11647600773586092	84.63154596338414	NA	4.451358425804342	NA
PCC	-0.11647600773586092	84.80713008364012	NA	4.444214641960049	NA
PCC	-0.11647600773586092	84.98271420389611	NA	4.437093751145235	NA
PCC	-0.11647600773586092	85.158298324152085	NA	4.429995468863955	NA
PCC	-0.11647600773586092	85.33388244440808	NA	4.422919514171322	NA
PCC	-0.11647600773586092	85.50946656466405	NA	4.415865609628084	NA
PCC	-0.11647600773586092	85.68505068492004	NA	4.408833481255891	NA
PCC	-0.11647600773586092	85.86063480517602	NA	4.401822858493169	NA
PCC	-0.11647600773586092	86.03621892543201	NA	4.39483347415164	NA
PCC	-0.11647600773586092	86.21180304568799	NA	4.387865064373479	NA
PCC	-0.11647600773586092	86.38738716594398	NA	4.380917368589007	NA
PCC	-0.11647600773586092	86.56297128619995	NA	4.373990129475044	NA
PCC	-0.11647600773586092	86.73855540645594	NA	4.367083092913798	NA
PCC	-0.11647600773586092	86.91413952671192	NA	4.360196007952303	NA
PCC	-0.11647600773586092	87.08972364696791	NA	4.353328626762498	NA
PCC	-0.11647600773586092	87.26530776722389	NA	4.346480704601729	NA
PCC	-0.11647600773586092	87.44089188747988	NA	4.339651999773876	NA
PCC	-0.11647600773586092	87.61647600773586	4.234359801626219	4.332827403046143	0.6483100686967205
Parietal	-0.11647600773586092	0	0	-1.9923119050283375e-14	0
Parietal	-0.11647600773586092	0.1755841202559837	NA	0.05512598356581403	NA
Parietal	-0.11647600773586092	0.3511682405119674	NA	0.7089850387270011	NA
Parietal	-0.11647600773586092	0.3664760077358609	0.6585574499068041	0.8374458108660475	0.5943509963021504
Parietal	-0.11647600773586092	0.5267523607679511	NA	2.3531774932042064	NA
Parietal	-0.11647600773586092	0.7023364810239348	NA	4.306279280667857	NA
Parietal	-0.11647600773586092	0.8664760077358609	5.01207341570095	6.034865285872505	0.7672901618860205
Parietal	-0.11647600773586092	0.8779206012799184	NA	6.1578939834839845	NA
Parietal	-0.11647600773586092	1.0535047215359021	NA	7.8978267909637365	NA
Parietal	-0.11647600773586092	1.229088841791886	NA	9.328957349146378	NA
Parietal	-0.11647600773586092	1.3664760077358609	10.067168400808988	10.576844651270921	0.8788492461736329
Parietal	-0.11647600773586092	1.4046729620478695	NA	10.957261077430344	NA
Parietal	-0.11647600773586092	1.580257082303853	NA	12.972795874663369	NA
Parietal	-0.11647600773586092	1.7558412025598369	NA	15.267607661100259	NA
Parietal	-0.11647600773586092	1.8664760077358609	15.910498040265685	16.198789830582154	0.9728198736248336
Parietal	-0.11647600773586092	1.9314253228158207	NA	16.70420358661885	NA
Parietal	-0.11647600773586092	2.1070094430718043	NA	17.65116826448505	NA
Parietal	-0.11647600773586092	2.282593563327788	NA	18.02992513683886	NA
Parietal	-0.11647600773586092	2.366476007735861	19.162340486132067	18.1849368206621	1.0163760689043335
Parietal	-0.11647600773586092	2.458177683583772	NA	18.28945435878402	NA
Parietal	-0.11647600773586092	2.6337618038397554	NA	18.74130548034015	NA
Parietal	-0.11647600773586092	2.809345924095739	NA	19.19772755877469	NA
Parietal	-0.11647600773586092	2.866476007735861	19.591892397037995	19.321711197998575	1.019964999191554
Parietal	-0.11647600773586092	2.9849300443517226	NA	19.54127464595177	NA
Parietal	-0.11647600773586092	3.160514164607706	NA	19.713567137113515	NA
Parietal	-0.11647600773586092	3.33609828486369	NA	19.831933675284816	NA
Parietal	-0.11647600773586092	3.5116824051196738	NA	19.91932643222186	NA
Parietal	-0.11647600773586092	3.616476007735861	19.647267486537164	19.956529821050456	1.2278590277659935
Parietal	-0.11647600773586092	3.6872665253756574	NA	19.975280750881225	NA
Parietal	-0.11647600773586092	3.8628506456316414	NA	19.99945082382769	NA
Parietal	-0.11647600773586092	4.038434765887625	NA	19.9915914286512	NA
Parietal	-0.11647600773586092	4.2140188861436085	NA	19.951542401603675	NA
Parietal	-0.11647600773586092	4.389603006399592	NA	19.879215439589977	NA
Parietal	-0.11647600773586092	4.565187126655576	NA	19.774582881991094	NA
Parietal	-0.11647600773586092	4.616476007735861	19.490038209328944	19.737943475301336	1.2000149637571242
Parietal	-0.11647600773586092	4.740771246911559	NA	19.63766817596018	NA
Parietal	-0.11647600773586092	4.916355367167544	NA	19.468537773187368	NA
Parietal	-0.11647600773586092	5.091939487423527	NA	19.35051145185158	NA
Parietal	-0.11647600773586092	5.267523607679511	NA	19.30548060723085	NA
Parietal	-0.11647600773586092	5.4431077279354945	NA	19.265726811315073	NA
Parietal	-0.11647600773586092	5.616476007735861	18.9949236833892	19.23017493813644	1.1648157536601829
Parietal	-0.11647600773586092	5.618691848191478	NA	19.22973840269134	NA
Parietal	-0.11647600773586092	5.794275968447462	NA	19.196236946847613	NA
Parietal	-0.11647600773586092	5.969860088703445	NA	19.164142261968863	NA
Parietal	-0.11647600773586092	6.145444208959429	NA	19.13254267991143	NA
Parietal	-0.11647600773586092	6.321028329215412	NA	19.100669758811794	NA
Parietal	-0.11647600773586092	6.496612449471397	NA	19.067876781057002	NA
Parietal	-0.11647600773586092	6.67219656972738	NA	19.033620470063283	NA
Parietal	-0.11647600773586092	6.847780689983364	NA	18.99744544410416	NA
Parietal	-0.11647600773586092	7.0233648102393476	NA	18.958970997533065	NA
Parietal	-0.11647600773586092	7.116476007735861	18.570628388676333	18.937523469131065	1.3782105140306276
Parietal	-0.11647600773586092	7.198948930495331	NA	18.917879861057628	NA
Parietal	-0.11647600773586092	7.374533050751315	NA	18.873908644858574	NA
Parietal	-0.11647600773586092	7.550117171007298	NA	18.82683971267874	NA
Parietal	-0.11647600773586092	7.725701291263283	NA	18.77649427270558	NA
Parietal	-0.11647600773586092	7.901285411519266	NA	18.722726503125678	NA
Parietal	-0.11647600773586092	8.07686953177525	NA	18.6654182045887	NA
Parietal	-0.11647600773586092	8.252453652031233	NA	18.604475392353347	NA
Parietal	-0.11647600773586092	8.428037772287217	NA	18.539824271688033	NA
Parietal	-0.11647600773586092	8.6036218925432	NA	18.47140789883696	NA
Parietal	-0.11647600773586092	8.779206012799184	NA	18.399183768309317	NA
Parietal	-0.11647600773586092	8.954790133055168	NA	18.32312159476883	NA
Parietal	-0.11647600773586092	9.11647600773586	18.14228695888254	18.2496679261913	1.3074986716585597
Parietal	-0.11647600773586092	9.130374253311151	NA	18.243201427452068	NA
Parietal	-0.11647600773586092	9.305958373567135	NA	18.159412047342087	NA
Parietal	-0.11647600773586092	9.481542493823119	NA	18.071749604773135	NA
Parietal	-0.11647600773586092	9.657126614079102	NA	17.980216461477124	NA
Parietal	-0.11647600773586092	9.832710734335087	NA	17.884820206468447	NA
Parietal	-0.11647600773586092	10.008294854591071	NA	17.785572819744562	NA
Parietal	-0.11647600773586092	10.183878974847055	NA	17.6873807721149	NA
Parietal	-0.11647600773586092	10.359463095103038	NA	17.600596104178184	NA
Parietal	-0.11647600773586092	10.535047215359022	NA	17.51625076178565	NA
Parietal	-0.11647600773586092	10.710631335615005	NA	17.434078473539067	NA
Parietal	-0.11647600773586092	10.886215455870989	NA	17.353851865046053	NA
Parietal	-0.11647600773586092	11.061799576126973	NA	17.27537664654014	NA
Parietal	-0.11647600773586092	11.237383696382956	NA	17.198486670333043	NA
Parietal	-0.11647600773586092	11.41296781663894	NA	17.123039727915124	NA
Parietal	-0.11647600773586092	11.588551936894923	NA	17.048913976004187	NA
Parietal	-0.11647600773586092	11.764136057150907	NA	16.976004897411027	NA
Parietal	-0.11647600773586092	11.93972017740689	NA	16.904222716678007	NA
Parietal	-0.11647600773586092	12.115304297662874	NA	16.833490202427207	NA
Parietal	-0.11647600773586092	12.290888417918858	NA	16.763740798541257	NA
Parietal	-0.11647600773586092	12.466472538174841	NA	16.69491703496226	NA
Parietal	-0.11647600773586092	12.61647600773586	17.66318400128617	16.63681533305672	1.6488746663169376
Parietal	-0.11647600773586092	12.642056658430825	NA	16.626969176260094	NA
Parietal	-0.11647600773586092	12.81764077868681	NA	16.559854072384404	NA
Parietal	-0.11647600773586092	12.993224898942794	NA	16.49353418134103	NA
Parietal	-0.11647600773586092	13.168809019198777	NA	16.42797673806206	NA
Parietal	-0.11647600773586092	13.34439313945476	NA	16.363153047589883	NA
Parietal	-0.11647600773586092	13.519977259710744	NA	16.299037883970215	NA
Parietal	-0.11647600773586092	13.695561379966728	NA	16.23560897903392	NA
Parietal	-0.11647600773586092	13.871145500222712	NA	16.172846587614345	NA
Parietal	-0.11647600773586092	14.046729620478695	NA	16.1107331177617	NA
Parietal	-0.11647600773586092	14.222313740734679	NA	16.04925281622679	NA
Parietal	-0.11647600773586092	14.397897860990662	NA	15.988391500942935	NA
Parietal	-0.11647600773586092	14.573481981246646	NA	15.928136333472635	NA
Parietal	-0.11647600773586092	14.74906610150263	NA	15.86847562543837	NA
Parietal	-0.11647600773586092	14.924650221758613	NA	15.809398673851776	NA
Parietal	-0.11647600773586092	15.100234342014597	NA	15.750895621016774	NA
Parietal	-0.11647600773586092	15.27581846227058	NA	15.69295733532945	NA
Parietal	-0.11647600773586092	15.451402582526566	NA	15.635298274199208	NA
Parietal	-0.11647600773586092	15.626986702782549	NA	15.576681661722729	NA
Parietal	-0.11647600773586092	15.802570823038533	NA	15.518214227661648	NA
Parietal	-0.11647600773586092	15.978154943294516	NA	15.459907282623655	NA
Parietal	-0.11647600773586092	16.1537390635505	NA	15.401770126484202	NA
Parietal	-0.11647600773586092	16.329323183806483	NA	15.343810315468712	NA
Parietal	-0.11647600773586092	16.504907304062467	NA	15.286033971198155	NA
Parietal	-0.11647600773586092	16.68049142431845	NA	15.22844598332887	NA
Parietal	-0.11647600773586092	16.856075544574434	NA	15.171050196988807	NA
Parietal	-0.11647600773586092	17.031659664830418	NA	15.113849572131377	NA
Parietal	-0.11647600773586092	17.2072437850864	NA	15.056846319010244	NA
Parietal	-0.11647600773586092	17.382827905342385	NA	15.00004201334912	NA
Parietal	-0.11647600773586092	17.55841202559837	NA	14.943437694245933	NA
Parietal	-0.11647600773586092	17.616476007735862	15.01010722078686	14.924763289561783	1.4615748685495742
Parietal	-0.11647600773586092	17.733996145854352	NA	14.887033947395595	NA
Parietal	-0.11647600773586092	17.909580266110336	NA	14.830830975829022	NA
Parietal	-0.11647600773586092	18.08516438636632	NA	14.774828660037054	NA
Parietal	-0.11647600773586092	18.260748506622303	NA	14.71902660906827	NA
Parietal	-0.11647600773586092	18.436332626878286	NA	14.663424203951882	NA
Parietal	-0.11647600773586092	18.61191674713427	NA	14.608020634594576	NA
Parietal	-0.11647600773586092	18.787500867390253	NA	14.552814931128381	NA
Parietal	-0.11647600773586092	18.963084987646237	NA	14.4978059905403	NA
Parietal	-0.11647600773586092	19.13866910790222	NA	14.442992599290063	NA
Parietal	-0.11647600773586092	19.314253228158204	NA	14.388373452516761	NA
Parietal	-0.11647600773586092	19.489837348414188	NA	14.333947170345152	NA
Parietal	-0.11647600773586092	19.665421468670175	NA	14.279712311725861	NA
Parietal	-0.11647600773586092	19.84100558892616	NA	14.225667386179	NA
Parietal	-0.11647600773586092	20.016589709182142	NA	14.171810863755063	NA
Parietal	-0.11647600773586092	20.192173829438126	NA	14.118141183480247	NA
Parietal	-0.11647600773586092	20.36775794969411	NA	14.06465676051326	NA
Parietal	-0.11647600773586092	20.543342069950093	NA	14.011355992206655	NA
Parietal	-0.11647600773586092	20.718926190206076	NA	13.958237263236976	NA
Parietal	-0.11647600773586092	20.89451031046206	NA	13.905298949943209	NA
Parietal	-0.11647600773586092	21.070094430718044	NA	13.852539423992317	NA
Parietal	-0.11647600773586092	21.245678550974027	NA	13.799957055472774	NA
Parietal	-0.11647600773586092	21.42126267123001	NA	13.74755021550204	NA
Parietal	-0.11647600773586092	21.596846791485994	NA	13.695317278420722	NA
Parietal	-0.11647600773586092	21.772430911741978	NA	13.643256623635738	NA
Parietal	-0.11647600773586092	21.94801503199796	NA	13.591366637165113	NA
Parietal	-0.11647600773586092	22.123599152253945	NA	13.539645712929286	NA
Parietal	-0.11647600773586092	22.29918327250993	NA	13.488092253827135	NA
Parietal	-0.11647600773586092	22.474767392765912	NA	13.436704672629086	NA
Parietal	-0.11647600773586092	22.616476007735862	13.278470163638538	13.395351264575751	1.3231845405683509
Parietal	-0.11647600773586092	22.650351513021896	NA	13.385481392714949	NA
Parietal	-0.11647600773586092	22.82593563327788	NA	13.334420848679903	NA
Parietal	-0.11647600773586092	23.001519753533863	NA	13.283521486828583	NA
Parietal	-0.11647600773586092	23.177103873789846	NA	13.232781765574185	NA
Parietal	-0.11647600773586092	23.35268799404583	NA	13.182200155757098	NA
Parietal	-0.11647600773586092	23.528272114301814	NA	13.131775140895185	NA
Parietal	-0.11647600773586092	23.703856234557797	NA	13.08150521737622	NA
Parietal	-0.11647600773586092	23.87944035481378	NA	13.031388894601374	NA
Parietal	-0.11647600773586092	24.055024475069764	NA	12.981424715977328	NA
Parietal	-0.11647600773586092	24.230608595325748	NA	12.93161119797987	NA
Parietal	-0.11647600773586092	24.40619271558173	NA	12.88194688742395	NA
Parietal	-0.11647600773586092	24.581776835837715	NA	12.832430346465536	NA
Parietal	-0.11647600773586092	24.7573609560937	NA	12.78306015048347	NA
Parietal	-0.11647600773586092	24.932945076349682	NA	12.733834888052916	NA
Parietal	-0.11647600773586092	25.108529196605666	NA	12.68475316090387	NA
Parietal	-0.11647600773586092	25.28411331686165	NA	12.635813583867193	NA
Parietal	-0.11647600773586092	25.459697437117637	NA	12.58701478481024	NA
Parietal	-0.11647600773586092	25.63528155737362	NA	12.538355404563758	NA
Parietal	-0.11647600773586092	25.810865677629604	NA	12.48983409684158	NA
Parietal	-0.11647600773586092	25.986449797885587	NA	12.441449528154385	NA
Parietal	-0.11647600773586092	26.16203391814157	NA	12.393200377718525	NA
Parietal	-0.11647600773586092	26.337618038397554	NA	12.345085337360853	NA
Parietal	-0.11647600773586092	26.513202158653538	NA	12.297103111420395	NA
Parietal	-0.11647600773586092	26.68878627890952	NA	12.249252416647396	NA
Parietal	-0.11647600773586092	26.864370399165505	NA	12.201531982100333	NA
Parietal	-0.11647600773586092	27.03995451942149	NA	12.153940549041401	NA
Parietal	-0.11647600773586092	27.215538639677472	NA	12.106476870830994	NA
Parietal	-0.11647600773586092	27.391122759933456	NA	12.059139712820954	NA
Parietal	-0.11647600773586092	27.56670688018944	NA	12.011927852247739	NA
Parietal	-0.11647600773586092	27.616476007735862	11.69897386787556	11.998568267302838	1.2060205081706268
Parietal	-0.11647600773586092	27.742291000445423	NA	11.964840078125047	NA
Parietal	-0.11647600773586092	27.917875120701407	NA	11.9178751911364	NA
Parietal	-0.11647600773586092	28.09345924095739	NA	11.871032003527798	NA
Parietal	-0.11647600773586092	28.269043361213374	NA	11.824309339000633	NA
Parietal	-0.11647600773586092	28.444627481469357	NA	11.777706032604867	NA
Parietal	-0.11647600773586092	28.62021160172534	NA	11.731220930632706	NA
Parietal	-0.11647600773586092	28.795795721981325	NA	11.684852890512783	NA
Parietal	-0.11647600773586092	28.971379842237308	NA	11.638600780704941	NA
Parietal	-0.11647600773586092	29.14696396249329	NA	11.592463480595669	NA
Parietal	-0.11647600773586092	29.322548082749275	NA	11.546439880394207	NA
Parietal	-0.11647600773586092	29.49813220300526	NA	11.50052888102945	NA
Parietal	-0.11647600773586092	29.673716323261242	NA	11.45472939404759	NA
Parietal	-0.11647600773586092	29.849300443517226	NA	11.409040341510543	NA
Parietal	-0.11647600773586092	30.02488456377321	NA	11.36347423791142	NA
Parietal	-0.11647600773586092	30.200468684029193	NA	11.318443282700596	NA
Parietal	-0.11647600773586092	30.376052804285177	NA	11.273661327085424	NA
Parietal	-0.11647600773586092	30.55163692454116	NA	11.229117649786554	NA
Parietal	-0.11647600773586092	30.727221044797144	NA	11.184805471326783	NA
Parietal	-0.11647600773586092	30.90280516505313	NA	11.140718747697415	NA
Parietal	-0.11647600773586092	31.078389285309115	NA	11.096852062980405	NA
Parietal	-0.11647600773586092	31.253973405565098	NA	11.053200538015533	NA
Parietal	-0.11647600773586092	31.42955752582108	NA	11.00975975271139	NA
Parietal	-0.11647600773586092	31.605141646077065	NA	10.966525679958433	NA
Parietal	-0.11647600773586092	31.78072576633305	NA	10.923494629407843	NA
Parietal	-0.11647600773586092	31.956309886589032	NA	10.88066321598363	NA
Parietal	-0.11647600773586092	32.131894006845016	NA	10.838028283082341	NA
Parietal	-0.11647600773586092	32.307478127101	NA	10.79558687736404	NA
Parietal	-0.11647600773586092	32.48306224735698	NA	10.75333624343929	NA
Parietal	-0.11647600773586092	32.61647600773586	10.33698488278685	10.721359018988142	1.1067431838713475
Parietal	-0.11647600773586092	32.65864636761297	NA	10.711273784948947	NA
Parietal	-0.11647600773586092	32.83423048786895	NA	10.669397043211823	NA
Parietal	-0.11647600773586092	33.009814608124934	NA	10.627703679044354	NA
Parietal	-0.11647600773586092	33.18539872838092	NA	10.586191457277915	NA
Parietal	-0.11647600773586092	33.3609828486369	NA	10.544858233570027	NA
Parietal	-0.11647600773586092	33.536566968892885	NA	10.503701943166586	NA
Parietal	-0.11647600773586092	33.71215108914887	NA	10.46272059132315	NA
Parietal	-0.11647600773586092	33.88773520940485	NA	10.421912245137362	NA
Parietal	-0.11647600773586092	34.063319329660835	NA	10.381275026581394	NA
Parietal	-0.11647600773586092	34.23890344991682	NA	10.340807106555113	NA
Parietal	-0.11647600773586092	34.4144875701728	NA	10.300506699807366	NA
Parietal	-0.11647600773586092	34.590071690428786	NA	10.26037206059572	NA
Parietal	-0.11647600773586092	34.76565581068477	NA	10.220401478974251	NA
Parietal	-0.11647600773586092	34.94123993094075	NA	10.180593277615719	NA
Parietal	-0.11647600773586092	35.11682405119674	NA	10.14094580908822	NA
Parietal	-0.11647600773586092	35.29240817145272	NA	10.101457453518648	NA
Parietal	-0.11647600773586092	35.467992291708704	NA	10.06212661658511	NA
Parietal	-0.11647600773586092	35.64357641196469	NA	10.022951727789403	NA
Parietal	-0.11647600773586092	35.81916053222067	NA	9.983931238967752	NA
Parietal	-0.11647600773586092	35.994744652476655	NA	9.945063623004373	NA
Parietal	-0.11647600773586092	36.17032877273264	NA	9.906347372717704	NA
Parietal	-0.11647600773586092	36.34591289298862	NA	9.867780999893643	NA
Parietal	-0.11647600773586092	36.521497013244606	NA	9.829363034443967	NA
Parietal	-0.11647600773586092	36.69708113350059	NA	9.791092023671423	NA
Parietal	-0.11647600773586092	36.87266525375657	NA	9.752966531625692	NA
Parietal	-0.11647600773586092	37.048249374012556	NA	9.714985138536788	NA
Parietal	-0.11647600773586092	37.22383349426854	NA	9.677146440314502	NA
Parietal	-0.11647600773586092	37.39941761452452	NA	9.639449048104245	NA
Parietal	-0.11647600773586092	37.57500173478051	NA	9.601891587890922	NA
Parietal	-0.11647600773586092	37.61647600773586	9.163272350044076	9.593040540969703	1.0217746219934254
Parietal	-0.11647600773586092	37.75058585503649	NA	9.564472700143881	NA
Parietal	-0.11647600773586092	37.926169975292474	NA	9.527191039496998	NA
Parietal	-0.11647600773586092	38.10175409554846	NA	9.490045274458758	NA
Parietal	-0.11647600773586092	38.27733821580444	NA	9.45303408714802	NA
Parietal	-0.11647600773586092	38.452922336060425	NA	9.41615617305186	NA
Parietal	-0.11647600773586092	38.62850645631641	NA	9.379410240802244	NA
Parietal	-0.11647600773586092	38.80409057657239	NA	9.34279501196902	NA
Parietal	-0.11647600773586092	38.979674696828376	NA	9.306309220866767	NA
Parietal	-0.11647600773586092	39.15525881708436	NA	9.269951614373818	NA
Parietal	-0.11647600773586092	39.33084293734035	NA	9.23372095176161	NA
Parietal	-0.11647600773586092	39.50642705759633	NA	9.197616004533053	NA
Parietal	-0.11647600773586092	39.68201117785232	NA	9.161635556268747	NA
Parietal	-0.11647600773586092	39.8575952981083	NA	9.125778405866049	NA
Parietal	-0.11647600773586092	40.033179418364284	NA	9.090043372264567	NA
Parietal	-0.11647600773586092	40.20876353862027	NA	9.054429259038551	NA
Parietal	-0.11647600773586092	40.38434765887625	NA	9.018934896670523	NA
Parietal	-0.11647600773586092	40.559931779132235	NA	8.98355912703829	NA
Parietal	-0.11647600773586092	40.73551589938822	NA	8.94830080329144	NA
Parietal	-0.11647600773586092	40.9111000196442	NA	8.913158789730813	NA
Parietal	-0.11647600773586092	41.086684139900186	NA	8.878131961691052	NA
Parietal	-0.11647600773586092	41.26226826015617	NA	8.84321920542569	NA
Parietal	-0.11647600773586092	41.43785238041215	NA	8.808419417994545	NA
Parietal	-0.11647600773586092	41.613436500668136	NA	8.773731507153318	NA
Parietal	-0.11647600773586092	41.78902062092412	NA	8.739154391245057	NA
Parietal	-0.11647600773586092	41.9646047411801	NA	8.704686999093555	NA
Parietal	-0.11647600773586092	42.14018886143609	NA	8.67032826989833	NA
Parietal	-0.11647600773586092	42.31577298169207	NA	8.63607715313119	NA
Parietal	-0.11647600773586092	42.491357101948054	NA	8.601932608434302	NA
Parietal	-0.11647600773586092	42.61647600773586	8.276852641846435	8.577666069957631	0.9524378778458922
Parietal	-0.11647600773586092	42.66694122220404	NA	8.567893605519597	NA
Parietal	-0.11647600773586092	42.84252534246002	NA	8.533959124069526	NA
Parietal	-0.11647600773586092	43.018109462716005	NA	8.500128153639034	NA
Parietal	-0.11647600773586092	43.19369358297199	NA	8.466399693558719	NA
Parietal	-0.11647600773586092	43.36927770322797	NA	8.432772752839206	NA
Parietal	-0.11647600773586092	43.544861823483956	NA	8.399246350076481	NA
Parietal	-0.11647600773586092	43.72044594373994	NA	8.36581951335848	NA
Parietal	-0.11647600773586092	43.89603006399592	NA	8.332491280172516	NA
Parietal	-0.11647600773586092	44.07161418425191	NA	8.29926069731384	NA
Parietal	-0.11647600773586092	44.24719830450789	NA	8.266126820795165	NA
Parietal	-0.11647600773586092	44.422782424763874	NA	8.23308871575706	NA
Parietal	-0.11647600773586092	44.59836654501986	NA	8.20014545637937	NA
Parietal	-0.11647600773586092	44.77395066527584	NA	8.167296125793495	NA
Parietal	-0.11647600773586092	44.949534785531824	NA	8.134539815995604	NA
Parietal	-0.11647600773586092	45.12511890578781	NA	8.101875627760688	NA
Parietal	-0.11647600773586092	45.30070302604379	NA	8.0693026705575	NA
Parietal	-0.11647600773586092	45.476287146299775	NA	8.036940216004238	NA
Parietal	-0.11647600773586092	45.65187126655576	NA	8.004851278729024	NA
Parietal	-0.11647600773586092	45.82745538681174	NA	7.973017892732978	NA
Parietal	-0.11647600773586092	46.003039507067726	NA	7.941431800760566	NA
Parietal	-0.11647600773586092	46.17862362732371	NA	7.910085691495941	NA
Parietal	-0.11647600773586092	46.35420774757969	NA	7.878973060787806	NA
Parietal	-0.11647600773586092	46.52979186783568	NA	7.848088093617426	NA
Parietal	-0.11647600773586092	46.70537598809166	NA	7.817425563705504	NA
Parietal	-0.11647600773586092	46.880960108347644	NA	7.786980748118164	NA
Parietal	-0.11647600773586092	47.05654422860363	NA	7.756749354627454	NA
Parietal	-0.11647600773586092	47.23212834885961	NA	7.726727459917614	NA
Parietal	-0.11647600773586092	47.407712469115594	NA	7.696911457014186	NA
Parietal	-0.11647600773586092	47.58329658937158	NA	7.667298010555717	NA
Parietal	-0.11647600773586092	47.61647600773586	7.553648512376921	7.661724687376021	0.8933233529586769
Parietal	-0.11647600773586092	47.75888070962756	NA	7.637884018734663	NA
Parietal	-0.11647600773586092	47.934464829883545	NA	7.6086666050964045	NA
Parietal	-0.11647600773586092	48.11004895013953	NA	7.579643023075031	NA
Parietal	-0.11647600773586092	48.28563307039551	NA	7.550810690375684	NA
Parietal	-0.11647600773586092	48.461217190651496	NA	7.522167160303231	NA
Parietal	-0.11647600773586092	48.63680131090748	NA	7.4937100993030255	NA
Parietal	-0.11647600773586092	48.81238543116346	NA	7.46543727247375	NA
Parietal	-0.11647600773586092	48.98796955141945	NA	7.437346531224807	NA
Parietal	-0.11647600773586092	49.16355367167543	NA	7.409435802757587	NA
Parietal	-0.11647600773586092	49.339137791931414	NA	7.3817030810978315	NA
Parietal	-0.11647600773586092	49.5147219121874	NA	7.354146419447216	NA
Parietal	-0.11647600773586092	49.69030603244338	NA	7.326763923656856	NA
Parietal	-0.11647600773586092	49.865890152699365	NA	7.299553746655127	NA
Parietal	-0.11647600773586092	50.04147427295535	NA	7.272514083687096	NA
Parietal	-0.11647600773586092	50.21705839321133	NA	7.2456431682444125	NA
Parietal	-0.11647600773586092	50.392642513467315	NA	7.218939268582432	NA
Parietal	-0.11647600773586092	50.5682266337233	NA	7.192400684736983	NA
Parietal	-0.11647600773586092	50.74381075397929	NA	7.166025745966141	NA
Parietal	-0.11647600773586092	50.91939487423527	NA	7.139812808553647	NA
Parietal	-0.11647600773586092	51.09497899449126	NA	7.113760253920051	NA
Parietal	-0.11647600773586092	51.27056311474724	NA	7.087866486995652	NA
Parietal	-0.11647600773586092	51.446147235003224	NA	7.062129934816413	NA
Parietal	-0.11647600773586092	51.62173135525921	NA	7.036549045309486	NA
Parietal	-0.11647600773586092	51.79731547551519	NA	7.011122286240322	NA
Parietal	-0.11647600773586092	51.972899595771175	NA	6.985848144297312	NA
Parietal	-0.11647600773586092	52.14848371602716	NA	6.960725124293526	NA
Parietal	-0.11647600773586092	52.32406783628314	NA	6.935751748468327	NA
Parietal	-0.11647600773586092	52.499651956539125	NA	6.910926555874005	NA
Parietal	-0.11647600773586092	52.61647600773586	6.991294081008806	6.894490618712144	0.8460382092472831
Parietal	-0.11647600773586092	52.67523607679511	NA	6.886248101834918	NA
Parietal	-0.11647600773586092	52.85082019705109	NA	6.861714957468531	NA
Parietal	-0.11647600773586092	53.026404317307076	NA	6.837325709259173	NA
Parietal	-0.11647600773586092	53.20198843756306	NA	6.8130789586769005	NA
Parietal	-0.11647600773586092	53.37757255781904	NA	6.78897332183483	NA
Parietal	-0.11647600773586092	53.55315667807503	NA	6.765007429179426	NA
Parietal	-0.11647600773586092	53.72874079833101	NA	6.7411799252088755	NA
Parietal	-0.11647600773586092	53.904324918586994	NA	6.717489468215701	NA
Parietal	-0.11647600773586092	54.07990903884298	NA	6.693934730049939	NA
Parietal	-0.11647600773586092	54.25549315909896	NA	6.670514395900254	NA
Parietal	-0.11647600773586092	54.431077279354945	NA	6.647227164090088	NA
Parietal	-0.11647600773586092	54.60666139961093	NA	6.624071745887215	NA
Parietal	-0.11647600773586092	54.78224551986691	NA	6.601046865324502	NA
Parietal	-0.11647600773586092	54.957829640122895	NA	6.578151259030538	NA
Parietal	-0.11647600773586092	55.13341376037888	NA	6.555383676068802	NA
Parietal	-0.11647600773586092	55.30899788063486	NA	6.5327428777841945	NA
Parietal	-0.11647600773586092	55.484582000890846	NA	6.510227637656068	NA
Parietal	-0.11647600773586092	55.66016612114683	NA	6.487836741156863	NA
Parietal	-0.11647600773586092	55.83575024140281	NA	6.465568994070432	NA
Parietal	-0.11647600773586092	56.0113343616588	NA	6.443423206880449	NA
Parietal	-0.11647600773586092	56.18691848191478	NA	6.421398189998234	NA
Parietal	-0.11647600773586092	56.362502602170764	NA	6.399492775551428	NA
Parietal	-0.11647600773586092	56.53808672242675	NA	6.3777058070180015	NA
Parietal	-0.11647600773586092	56.71367084268273	NA	6.3560361391073865	NA
Parietal	-0.11647600773586092	56.889254962938715	NA	6.334482637644231	NA
Parietal	-0.11647600773586092	57.0648390831947	NA	6.313044179454338	NA
Parietal	-0.11647600773586092	57.24042320345068	NA	6.291719652252769	NA
Parietal	-0.11647600773586092	57.416007323706665	NA	6.270507954533813	NA
Parietal	-0.11647600773586092	57.59159144396265	NA	6.249407995462727	NA
Parietal	-0.11647600773586092	57.61647600773586	6.287039925925621	6.246426548014994	0.8010156664100823
Parietal	-0.11647600773586092	57.76717556421863	NA	6.228418694769204	NA
Parietal	-0.11647600773586092	57.942759684474616	NA	6.207538982642275	NA
Parietal	-0.11647600773586092	58.1183438047306	NA	6.186767799626729	NA
Parietal	-0.11647600773586092	58.29392792498658	NA	6.1661040965209235	NA
Parietal	-0.11647600773586092	58.46951204524257	NA	6.1455468342758275	NA
Parietal	-0.11647600773586092	58.64509616549855	NA	6.125094983895386	NA
Parietal	-0.11647600773586092	58.820680285754534	NA	6.104747526338026	NA
Parietal	-0.11647600773586092	58.99626440601052	NA	6.0845034524193125	NA
Parietal	-0.11647600773586092	59.1718485262665	NA	6.064361762715766	NA
Parietal	-0.11647600773586092	59.347432646522485	NA	6.0443214674696515	NA
Parietal	-0.11647600773586092	59.52301676677847	NA	6.024381586494898	NA
Parietal	-0.11647600773586092	59.69860088703445	NA	6.004541149083992	NA
Parietal	-0.11647600773586092	59.874185007290436	NA	5.984801007305616	NA
Parietal	-0.11647600773586092	60.04976912754642	NA	5.965540832083782	NA
Parietal	-0.11647600773586092	60.2253532478024	NA	5.946452926216494	NA
Parietal	-0.11647600773586092	60.400937368058386	NA	5.927519510984589	NA
Parietal	-0.11647600773586092	60.57652148831437	NA	5.908737084546645	NA
Parietal	-0.11647600773586092	60.75210560857035	NA	5.890102479508208	NA
Parietal	-0.11647600773586092	60.92768972882634	NA	5.871612814699204	NA
Parietal	-0.11647600773586092	61.10327384908232	NA	5.85326545415094	NA
Parietal	-0.11647600773586092	61.278857969338304	NA	5.835057972195453	NA
Parietal	-0.11647600773586092	61.45444208959429	NA	5.816988123770909	NA
Parietal	-0.11647600773586092	61.63002620985027	NA	5.799053819154184	NA
Parietal	-0.11647600773586092	61.80561033010626	NA	5.781253102458087	NA
Parietal	-0.11647600773586092	61.981194450362246	NA	5.76358413333001	NA
Parietal	-0.11647600773586092	62.15677857061823	NA	5.746045171372937	NA
Parietal	-0.11647600773586092	62.33236269087421	NA	5.728634562881691	NA
Parietal	-0.11647600773586092	62.507946811130196	NA	5.711350729547764	NA
Parietal	-0.11647600773586092	62.61647600773586	5.879580568559566	5.70073029792067	0.767297136702956
Parietal	-0.11647600773586092	62.68353093138618	NA	5.694192158838635	NA
Parietal	-0.11647600773586092	62.85911505164216	NA	5.677157395800797	NA
Parietal	-0.11647600773586092	63.03469917189815	NA	5.660245036073699	NA
Parietal	-0.11647600773586092	63.21028329215413	NA	5.643453719933564	NA
Parietal	-0.11647600773586092	63.385867412410114	NA	5.626782127212967	NA
Parietal	-0.11647600773586092	63.5614515326661	NA	5.610228972965387	NA
Parietal	-0.11647600773586092	63.73703565292208	NA	5.593793005371142	NA
Parietal	-0.11647600773586092	63.912619773178065	NA	5.577473013630083	NA
Parietal	-0.11647600773586092	64.08820389343404	NA	5.561267782084914	NA
Parietal	-0.11647600773586092	64.26378801369003	NA	5.5451761346616895	NA
Parietal	-0.11647600773586092	64.43937213394601	NA	5.529196916638991	NA
Parietal	-0.11647600773586092	64.614956254202	NA	5.513328992947333	NA
Parietal	-0.11647600773586092	64.79054037445798	NA	5.497571246708608	NA
Parietal	-0.11647600773586092	64.96612449471397	NA	5.481922577979775	NA
Parietal	-0.11647600773586092	65.14170861496994	NA	5.466381902670467	NA
Parietal	-0.11647600773586092	65.31729273522593	NA	5.450948151608504	NA
Parietal	-0.11647600773586092	65.49287685548191	NA	5.435620269731417	NA
Parietal	-0.11647600773586092	65.6684609757379	NA	5.42039721538512	NA
Parietal	-0.11647600773586092	65.84404509599388	NA	5.4052779597140255	NA
Parietal	-0.11647600773586092	66.01962921624987	NA	5.3902614861288445	NA
Parietal	-0.11647600773586092	66.19521333650584	NA	5.37534678984071	NA
Parietal	-0.11647600773586092	66.37079745676184	NA	5.360532877451783	NA
Parietal	-0.11647600773586092	66.54638157701781	NA	5.345818766593985	NA
Parietal	-0.11647600773586092	66.7219656972738	NA	5.331203485608859	NA
Parietal	-0.11647600773586092	66.89754981752978	NA	5.316686073262444	NA
Parietal	-0.11647600773586092	67.07313393778577	NA	5.302265578490086	NA
Parietal	-0.11647600773586092	67.24871805804175	NA	5.287941060166877	NA
Parietal	-0.11647600773586092	67.42430217829774	NA	5.273711586899862	NA
Parietal	-0.11647600773586092	67.59988629855373	NA	5.259576236839101	NA
Parietal	-0.11647600773586092	67.61647600773586	5.543066845628008	5.258245515789504	0.7366919864157483
Parietal	-0.11647600773586092	67.7754704188097	NA	5.245534097504628	NA
Parietal	-0.11647600773586092	67.9510545390657	NA	5.231584265627241	NA
Parietal	-0.11647600773586092	68.12663865932167	NA	5.217725847001137	NA
Parietal	-0.11647600773586092	68.30222277957766	NA	5.203957956346601	NA
Parietal	-0.11647600773586092	68.47780689983364	NA	5.190279717181549	NA
Parietal	-0.11647600773586092	68.65339102008963	NA	5.176690261700595	NA
Parietal	-0.11647600773586092	68.8289751403456	NA	5.163188730660646	NA
Parietal	-0.11647600773586092	69.0045592606016	NA	5.149774273272175	NA
Parietal	-0.11647600773586092	69.18014338085757	NA	5.136446047095466	NA
Parietal	-0.11647600773586092	69.35572750111356	NA	5.123203217941097	NA
Parietal	-0.11647600773586092	69.53131162136954	NA	5.1100449597742506	NA
Parietal	-0.11647600773586092	69.70689574162553	NA	5.096970454622332	NA
Parietal	-0.11647600773586092	69.8824798618815	NA	5.083978892485463	NA
Parietal	-0.11647600773586092	70.0580639821375	NA	5.071069471249621	NA
Parietal	-0.11647600773586092	70.23364810239347	NA	5.058241396602084	NA
Parietal	-0.11647600773586092	70.40923222264946	NA	5.045493881948862	NA
Parietal	-0.11647600773586092	70.58481634290544	NA	5.03282614833413	NA
Parietal	-0.11647600773586092	70.76040046316143	NA	5.020237424361212	NA
Parietal	-0.11647600773586092	70.93598458341741	NA	5.0077269461151594	NA
Parietal	-0.11647600773586092	71.1115687036734	NA	4.995293957086718	NA
Parietal	-0.11647600773586092	71.28715282392938	NA	4.982937708097582	NA
Parietal	-0.11647600773586092	71.46273694418537	NA	4.9706574572268565	NA
Parietal	-0.11647600773586092	71.63832106444134	NA	4.958452469738609	NA
Parietal	-0.11647600773586092	71.81390518469733	NA	4.946322026198553	NA
Parietal	-0.11647600773586092	71.98948930495331	NA	4.934265400722287	NA
Parietal	-0.11647600773586092	72.1650734252093	NA	4.922281876606987	NA
Parietal	-0.11647600773586092	72.34065754546528	NA	4.910370747155316	NA
Parietal	-0.11647600773586092	72.51624166572127	NA	4.8985313125071865	NA
Parietal	-0.11647600773586092	72.61647600773586	5.10775100869439	4.891804488468484	0.7074643379404949
Parietal	-0.11647600773586092	72.69182578597724	NA	4.886762879572814	NA
Parietal	-0.11647600773586092	72.86740990623323	NA	4.875064761966557	NA
Parietal	-0.11647600773586092	73.04299402648921	NA	4.863436279941454	NA
Parietal	-0.11647600773586092	73.2185781467452	NA	4.851876760324557	NA
Parietal	-0.11647600773586092	73.39416226700118	NA	4.840385536452881	NA
Parietal	-0.11647600773586092	73.56974638725717	NA	4.8289619481101544	NA
Parietal	-0.11647600773586092	73.74533050751315	NA	4.817605341464108	NA
Parietal	-0.11647600773586092	73.92091462776914	NA	4.806315069004534	NA
Parietal	-0.11647600773586092	74.09649874802511	NA	4.795090489481923	NA
Parietal	-0.11647600773586092	74.2720828682811	NA	4.78393096784672	NA
Parietal	-0.11647600773586092	74.44766698853708	NA	4.772835875189256	NA
Parietal	-0.11647600773586092	74.62325110879307	NA	4.761804588680236	NA
Parietal	-0.11647600773586092	74.79883522904905	NA	4.750836491511823	NA
Parietal	-0.11647600773586092	74.97441934930504	NA	4.739930972839345	NA
Parietal	-0.11647600773586092	75.15000346956101	NA	4.729087427723562	NA
Parietal	-0.11647600773586092	75.325587589817	NA	4.718305257073475	NA
Parietal	-0.11647600773586092	75.50117171007298	NA	4.7075838675897765	NA
Parietal	-0.11647600773586092	75.67675583032897	NA	4.696922671708761	NA
Parietal	-0.11647600773586092	75.85233995058495	NA	4.686321087546862	NA
Parietal	-0.11647600773586092	76.02792407084094	NA	4.675778538845696	NA
Parietal	-0.11647600773586092	76.20350819109692	NA	4.6652944549176585	NA
Parietal	-0.11647600773586092	76.3790923113529	NA	4.654868270592021	NA
Parietal	-0.11647600773586092	76.55467643160888	NA	4.6444994261616035	NA
Parietal	-0.11647600773586092	76.73026055186487	NA	4.63418736732992	NA
Parietal	-0.11647600773586092	76.90584467212085	NA	4.623931545158878	NA
Parietal	-0.11647600773586092	77.08142879237684	NA	4.613731416016936	NA
Parietal	-0.11647600773586092	77.25701291263282	NA	4.603586441527818	NA
Parietal	-0.11647600773586092	77.43259703288881	NA	4.593496088519689	NA
Parietal	-0.11647600773586092	77.60818115314478	NA	4.583459828974838	NA
Parietal	-0.11647600773586092	77.61647600773586	4.968880004391131	4.582987034892144	0.6861044628556173
Parietal	-0.11647600773586092	77.78376527340077	NA	4.573477139979847	NA
Parietal	-0.11647600773586092	77.95934939365675	NA	4.563547503676247	NA
Parietal	-0.11647600773586092	78.13493351391274	NA	4.553670407211644	NA
Parietal	-0.11647600773586092	78.31051763416872	NA	4.543845342691307	NA
Parietal	-0.11647600773586092	78.48610175442471	NA	4.53407180713027	NA
Parietal	-0.11647600773586092	78.6616858746807	NA	4.52434930240583	NA
Parietal	-0.11647600773586092	78.83726999493668	NA	4.514677335210578	NA
Parietal	-0.11647600773586092	79.01285411519267	NA	4.505055417005825	NA
Parietal	-0.11647600773586092	79.18843823544864	NA	4.495483063975511	NA
Parietal	-0.11647600773586092	79.36402235570463	NA	4.48595979698054	NA
Parietal	-0.11647600773586092	79.53960647596061	NA	4.47648514151358	NA
Parietal	-0.11647600773586092	79.7151905962166	NA	4.467058630298541	NA
Parietal	-0.11647600773586092	79.89077471647258	NA	4.457679799845234	NA
Parietal	-0.11647600773586092	80.06635883672857	NA	4.448348184604153	NA
Parietal	-0.11647600773586092	80.24194295698454	NA	4.439063328153568	NA
Parietal	-0.11647600773586092	80.41752707724054	NA	4.429824778483891	NA
Parietal	-0.11647600773586092	80.59311119749651	NA	4.420632087955008	NA
Parietal	-0.11647600773586092	80.7686953177525	NA	4.411484813254082	NA
Parietal	-0.11647600773586092	80.94427943800848	NA	4.402382515353677	NA
Parietal	-0.11647600773586092	81.11986355826447	NA	4.393324759470364	NA
Parietal	-0.11647600773586092	81.29544767852045	NA	4.384311115023671	NA
Parietal	-0.11647600773586092	81.47103179877644	NA	4.3753411555954775	NA
Parietal	-0.11647600773586092	81.64661591903241	NA	4.366414458889766	NA
Parietal	-0.11647600773586092	81.8222000392884	NA	4.357530606692762	NA
Parietal	-0.11647600773586092	81.99778415954438	NA	4.348689184833493	NA
Parietal	-0.11647600773586092	82.17336827980037	NA	4.3398897831446925	NA
Parietal	-0.11647600773586092	82.34895240005635	NA	4.331131995424105	NA
Parietal	-0.11647600773586092	82.52453652031234	NA	4.32241541939616	NA
Parietal	-0.11647600773586092	82.61647600773586	4.672478982695831	4.317867543771494	0.6650942345012545
Parietal	-0.11647600773586092	82.70012064056831	NA	4.313739656674002	NA
Parietal	-0.11647600773586092	82.8757047608243	NA	4.305104312721904	NA
Parietal	-0.11647600773586092	83.05128888108028	NA	4.296508996818051	NA
Parietal	-0.11647600773586092	83.22687300133627	NA	4.28795332201764	NA
Parietal	-0.11647600773586092	83.40245712159225	NA	4.279436905116418	NA
Parietal	-0.11647600773586092	83.57804124184824	NA	4.2709593666144725	NA
Parietal	-0.11647600773586092	83.75362536210422	NA	4.262520330680452	NA
Parietal	-0.11647600773586092	83.9292094823602	NA	4.2541194251161025	NA
Parietal	-0.11647600773586092	84.10479360261618	NA	4.2457562813211345	NA
Parietal	-0.11647600773586092	84.28037772287217	NA	4.237430534258438	NA
Parietal	-0.11647600773586092	84.45596184312815	NA	4.229141822419666	NA
Parietal	-0.11647600773586092	84.63154596338414	NA	4.220889787791088	NA
Parietal	-0.11647600773586092	84.80713008364012	NA	4.212674075819839	NA
Parietal	-0.11647600773586092	84.98271420389611	NA	4.204494335380441	NA
Parietal	-0.11647600773586092	85.158298324152085	NA	4.196350218741685	NA
Parietal	-0.11647600773586092	85.33388244440808	NA	4.188241381533812	NA
Parietal	-0.11647600773586092	85.50946656466405	NA	4.180167482716018	NA
Parietal	-0.11647600773586092	85.68505068492004	NA	4.172128184544277	NA
Parietal	-0.11647600773586092	85.86063480517602	NA	4.164123152539491	NA
Parietal	-0.11647600773586092	86.03621892543201	NA	4.1561520554558715	NA
Parietal	-0.11647600773586092	86.21180304568799	NA	4.148214565249762	NA
Parietal	-0.11647600773586092	86.38738716594398	NA	4.140310357048615	NA
Parietal	-0.11647600773586092	86.56297128619995	NA	4.132439109120381	NA
Parietal	-0.11647600773586092	86.73855540645594	NA	4.124600502843112	NA
Parietal	-0.11647600773586092	86.91413952671192	NA	4.116794222674958	NA
Parietal	-0.11647600773586092	87.08972364696791	NA	4.109019956124322	NA
Parietal	-0.11647600773586092	87.26530776722389	NA	4.101277393720418	NA
Parietal	-0.11647600773586092	87.44089188747988	NA	4.093566228984048	NA
Parietal	-0.11647600773586092	87.61647600773586	4.5531475873661345	4.085872195889871	0.6483100686967205
Putamen	-0.11647600773586092	0	0	-2.423082046656086e-14	0
Putamen	-0.11647600773586092	0.1755841202559837	NA	0.059226342232466256	NA
Putamen	-0.11647600773586092	0.3511682405119674	NA	0.7481097750895573	NA
Putamen	-0.11647600773586092	0.3664760077358609	0.7694161336481177	0.8866588608443495	0.5943509963021504
Putamen	-0.11647600773586092	0.5267523607679511	NA	2.590937829522231	NA
Putamen	-0.11647600773586092	0.7023364810239348	NA	4.901782411343101	NA
Putamen	-0.11647600773586092	0.8664760077358609	6.193923855097326	7.071384694176484	0.7672901618860205
Putamen	-0.11647600773586092	0.8779206012799184	NA	7.227540943144359	NA
Putamen	-0.11647600773586092	1.0535047215359021	NA	9.506911415367991	NA
Putamen	-0.11647600773586092	1.229088841791886	NA	11.485594751878187	NA
Putamen	-0.11647600773586092	1.3664760077358609	12.90455991281769	13.168444825643107	0.8788492461736329
Putamen	-0.11647600773586092	1.4046729620478695	NA	13.675241229073244	NA
Putamen	-0.11647600773586092	1.580257082303853	NA	16.309599385765367	NA
Putamen	-0.11647600773586092	1.7558412025598369	NA	19.30599237267378	NA
Putamen	-0.11647600773586092	1.8664760077358609	20.530383187362524	20.67547510493344	0.9728198736248336
Putamen	-0.11647600773586092	1.9314253228158207	NA	21.424779224645015	NA
Putamen	-0.11647600773586092	2.1070094430718043	NA	22.974934385748668	NA
Putamen	-0.11647600773586092	2.282593563327788	NA	23.842389867328322	NA
Putamen	-0.11647600773586092	2.366476007735861	25.026393861594965	24.193042561084027	1.0163760689043335
Putamen	-0.11647600773586092	2.458177683583772	NA	24.486853706931765	NA
Putamen	-0.11647600773586092	2.6337618038397554	NA	25.245238942491874	NA
Putamen	-0.11647600773586092	2.809345924095739	NA	25.95987350495602	NA
Putamen	-0.11647600773586092	2.866476007735861	25.976659120667343	26.1578220626288	1.019964999191554
Putamen	-0.11647600773586092	2.9849300443517226	NA	26.515203323338397	NA
Putamen	-0.11647600773586092	3.160514164607706	NA	26.863727655352875	NA
Putamen	-0.11647600773586092	3.33609828486369	NA	27.140882155388176	NA
Putamen	-0.11647600773586092	3.5116824051196738	NA	27.37018744384319	NA
Putamen	-0.11647600773586092	3.616476007735861	26.33804662328987	27.48411562072806	1.2278590277659935
Putamen	-0.11647600773586092	3.6872665253756574	NA	27.551344226429226	NA
Putamen	-0.11647600773586092	3.8628506456316414	NA	27.684174144671953	NA
Putamen	-0.11647600773586092	4.038434765887625	NA	27.768601089960196	NA
Putamen	-0.11647600773586092	4.2140188861436085	NA	27.804635289964907	NA
Putamen	-0.11647600773586092	4.389603006399592	NA	27.79235975724473	NA
Putamen	-0.11647600773586092	4.565187126655576	NA	27.731918750530724	NA
Putamen	-0.11647600773586092	4.616476007735861	26.57623065966076	27.705228709146155	1.2000149637571242
Putamen	-0.11647600773586092	4.740771246911559	NA	27.623507950884093	NA
Putamen	-0.11647600773586092	4.916355367167544	NA	27.46736609897382	NA
Putamen	-0.11647600773586092	5.091939487423527	NA	27.34931003428681	NA
Putamen	-0.11647600773586092	5.267523607679511	NA	27.301927380991632	NA
Putamen	-0.11647600773586092	5.4431077279354945	NA	27.258742425135495	NA
Putamen	-0.11647600773586092	5.616476007735861	26.377983906133174	27.21861324535714	1.1648157536601829
Putamen	-0.11647600773586092	5.618691848191478	NA	27.218110247465976	NA
Putamen	-0.11647600773586092	5.794275968447462	NA	27.17863989440611	NA
Putamen	-0.11647600773586092	5.969860088703445	NA	27.139156699674224	NA
Putamen	-0.11647600773586092	6.145444208959429	NA	27.09867018060157	NA
Putamen	-0.11647600773586092	6.321028329215412	NA	27.056346684504728	NA
Putamen	-0.11647600773586092	6.496612449471397	NA	27.011486082453985	NA
Putamen	-0.11647600773586092	6.67219656972738	NA	26.96350191171884	NA
Putamen	-0.11647600773586092	6.847780689983364	NA	26.911904456736494	NA
Putamen	-0.11647600773586092	7.0233648102393476	NA	26.856286333913282	NA
Putamen	-0.11647600773586092	7.116476007735861	26.921289684236523	26.825041531205066	1.3782105140306276
Putamen	-0.11647600773586092	7.198948930495331	NA	26.79631020986998	NA
Putamen	-0.11647600773586092	7.374533050751315	NA	26.731698337531757	NA
Putamen	-0.11647600773586092	7.550117171007298	NA	26.662223641147655	NA
Putamen	-0.11647600773586092	7.725701291263283	NA	26.587702121104424	NA
Putamen	-0.11647600773586092	7.901285411519266	NA	26.507986383293677	NA
Putamen	-0.11647600773586092	8.07686953177525	NA	26.422959602333385	NA
Putamen	-0.11647600773586092	8.252453652031233	NA	26.332532082208292	NA
Putamen	-0.11647600773586092	8.428037772287217	NA	26.23663661916767	NA
Putamen	-0.11647600773586092	8.6036218925432	NA	26.135224702148875	NA
Putamen	-0.11647600773586092	8.779206012799184	NA	26.02826390522887	NA
Putamen	-0.11647600773586092	8.954790133055168	NA	25.91573541568604	NA
Putamen	-0.11647600773586092	9.11647600773586	26.911180122482484	25.8071828703975	1.3074986716585597
Putamen	-0.11647600773586092	9.130374253311151	NA	25.79763192867887	NA
Putamen	-0.11647600773586092	9.305958373567135	NA	25.673955854300676	NA
Putamen	-0.11647600773586092	9.481542493823119	NA	25.544717790793413	NA
Putamen	-0.11647600773586092	9.657126614079102	NA	25.40993522453989	NA
Putamen	-0.11647600773586092	9.832710734335087	NA	25.269631423279044	NA
Putamen	-0.11647600773586092	10.008294854591071	NA	25.123834493952934	NA
Putamen	-0.11647600773586092	10.183878974847055	NA	24.977617379664416	NA
Putamen	-0.11647600773586092	10.359463095103038	NA	24.84306331772571	NA
Putamen	-0.11647600773586092	10.535047215359022	NA	24.711682926273017	NA
Putamen	-0.11647600773586092	10.710631335615005	NA	24.58317572273696	NA
Putamen	-0.11647600773586092	10.886215455870989	NA	24.45728391714025	NA
Putamen	-0.11647600773586092	11.061799576126973	NA	24.33378611510516	NA
Putamen	-0.11647600773586092	11.237383696382956	NA	24.212491952142287	NA
Putamen	-0.11647600773586092	11.41296781663894	NA	24.093237521464967	NA
Putamen	-0.11647600773586092	11.588551936894923	NA	23.975881477950573	NA
Putamen	-0.11647600773586092	11.764136057150907	NA	23.86030171823325	NA
Putamen	-0.11647600773586092	11.93972017740689	NA	23.74639255170681	NA
Putamen	-0.11647600773586092	12.115304297662874	NA	23.634062289822833	NA
Putamen	-0.11647600773586092	12.290888417918858	NA	23.523231191810236	NA
Putamen	-0.11647600773586092	12.466472538174841	NA	23.41382971409534	NA
Putamen	-0.11647600773586092	12.61647600773586	25.59793530119481	23.321452643169607	1.6488746663169376
Putamen	-0.11647600773586092	12.642056658430825	NA	23.305797018499653	NA
Putamen	-0.11647600773586092	12.81764077868681	NA	23.1990797009383	NA
Putamen	-0.11647600773586092	12.993224898942794	NA	23.0936307080032	NA
Putamen	-0.11647600773586092	13.168809019198777	NA	22.989408413640763	NA
Putamen	-0.11647600773586092	13.34439313945476	NA	22.8863758322436	NA
Putamen	-0.11647600773586092	13.519977259710744	NA	22.7844999479795	NA
Putamen	-0.11647600773586092	13.695561379966728	NA	22.68375114316515	NA
Putamen	-0.11647600773586092	13.871145500222712	NA	22.584102711034646	NA
Putamen	-0.11647600773586092	14.046729620478695	NA	22.485530440421527	NA
Putamen	-0.11647600773586092	14.222313740734679	NA	22.388012261717275	NA
Putamen	-0.11647600773586092	14.397897860990662	NA	22.291527945044283	NA
Putamen	-0.11647600773586092	14.573481981246646	NA	22.19605884292084	NA
Putamen	-0.11647600773586092	14.74906610150263	NA	22.101587670838533	NA
Putamen	-0.11647600773586092	14.924650221758613	NA	22.00809832014528	NA
Putamen	-0.11647600773586092	15.100234342014597	NA	21.91557569845698	NA
Putamen	-0.11647600773586092	15.27581846227058	NA	21.82400559352708	NA
Putamen	-0.11647600773586092	15.451402582526566	NA	21.733093649200427	NA
Putamen	-0.11647600773586092	15.626986702782549	NA	21.641499143088698	NA
Putamen	-0.11647600773586092	15.802570823038533	NA	21.5502815097595	NA
Putamen	-0.11647600773586092	15.978154943294516	NA	21.459450711192368	NA
Putamen	-0.11647600773586092	16.1537390635505	NA	21.369014567578738	NA
Putamen	-0.11647600773586092	16.329323183806483	NA	21.278978998747366	NA
Putamen	-0.11647600773586092	16.504907304062467	NA	21.18934841688168	NA
Putamen	-0.11647600773586092	16.68049142431845	NA	21.10012591990274	NA
Putamen	-0.11647600773586092	16.856075544574434	NA	21.011313492753388	NA
Putamen	-0.11647600773586092	17.031659664830418	NA	20.922912178836693	NA
Putamen	-0.11647600773586092	17.2072437850864	NA	20.83492222602404	NA
Putamen	-0.11647600773586092	17.382827905342385	NA	20.747343210995503	NA
Putamen	-0.11647600773586092	17.55841202559837	NA	20.660174145118077	NA
Putamen	-0.11647600773586092	17.616476007735862	21.0507002676353	20.631438105237628	1.4615748685495742
Putamen	-0.11647600773586092	17.733996145854352	NA	20.573413564593746	NA
Putamen	-0.11647600773586092	17.909580266110336	NA	20.487059607204777	NA
Putamen	-0.11647600773586092	18.08516438636632	NA	20.401110077639498	NA
Putamen	-0.11647600773586092	18.260748506622303	NA	20.315562503088554	NA
Putamen	-0.11647600773586092	18.436332626878286	NA	20.230414180551456	NA
Putamen	-0.11647600773586092	18.61191674713427	NA	20.14566221708042	NA
Putamen	-0.11647600773586092	18.787500867390253	NA	20.06130356400679	NA
Putamen	-0.11647600773586092	18.963084987646237	NA	19.977335046040963	NA
Putamen	-0.11647600773586092	19.13866910790222	NA	19.89375338600473	NA
Putamen	-0.11647600773586092	19.314253228158204	NA	19.810555225842716	NA
Putamen	-0.11647600773586092	19.489837348414188	NA	19.727737144464044	NA
Putamen	-0.11647600773586092	19.665421468670175	NA	19.64529567288372	NA
Putamen	-0.11647600773586092	19.84100558892616	NA	19.56322730706382	NA
Putamen	-0.11647600773586092	20.016589709182142	NA	19.48152851879532	NA
Putamen	-0.11647600773586092	20.192173829438126	NA	19.400195764911025	NA
Putamen	-0.11647600773586092	20.36775794969411	NA	19.319225495077202	NA
Putamen	-0.11647600773586092	20.543342069950093	NA	19.238614158374567	NA
Putamen	-0.11647600773586092	20.718926190206076	NA	19.158358208848476	NA
Putamen	-0.11647600773586092	20.89451031046206	NA	19.07845411018129	NA
Putamen	-0.11647600773586092	21.070094430718044	NA	18.998898339617472	NA
Putamen	-0.11647600773586092	21.245678550974027	NA	18.91968739125242	NA
Putamen	-0.11647600773586092	21.42126267123001	NA	18.840817778779744	NA
Putamen	-0.11647600773586092	21.596846791485994	NA	18.762286037777805	NA
Putamen	-0.11647600773586092	21.772430911741978	NA	18.68408872760401	NA
Putamen	-0.11647600773586092	21.94801503199796	NA	18.606222432955658	NA
Putamen	-0.11647600773586092	22.123599152253945	NA	18.52868376514713	NA
Putamen	-0.11647600773586092	22.29918327250993	NA	18.451469363145836	NA
Putamen	-0.11647600773586092	22.474767392765912	NA	18.374575894403353	NA
Putamen	-0.11647600773586092	22.616476007735862	18.362454196440385	18.312749408733133	1.3231845405683509
Putamen	-0.11647600773586092	22.650351513021896	NA	18.298000055512404	NA
Putamen	-0.11647600773586092	22.82593563327788	NA	18.221738572716053	NA
Putamen	-0.11647600773586092	23.001519753533863	NA	18.14578820229151	NA
Putamen	-0.11647600773586092	23.177103873789846	NA	18.070145730827573	NA
Putamen	-0.11647600773586092	23.35268799404583	NA	17.994807975412005	NA
Putamen	-0.11647600773586092	23.528272114301814	NA	17.919771783742608	NA
Putamen	-0.11647600773586092	23.703856234557797	NA	17.84503403417388	NA
Putamen	-0.11647600773586092	23.87944035481378	NA	17.770591635709224	NA
Putamen	-0.11647600773586092	24.055024475069764	NA	17.69644156805575	NA
Putamen	-0.11647600773586092	24.230608595325748	NA	17.622580764345408	NA
Putamen	-0.11647600773586092	24.40619271558173	NA	17.54900622101884	NA
Putamen	-0.11647600773586092	24.581776835837715	NA	17.475714968795625	NA
Putamen	-0.11647600773586092	24.7573609560937	NA	17.402704068447065	NA
Putamen	-0.11647600773586092	24.932945076349682	NA	17.32997061060272	NA
Putamen	-0.11647600773586092	25.108529196605666	NA	17.257511715541497	NA
Putamen	-0.11647600773586092	25.28411331686165	NA	17.18532453296993	NA
Putamen	-0.11647600773586092	25.459697437117637	NA	17.11340624178986	NA
Putamen	-0.11647600773586092	25.63528155737362	NA	17.041754049857847	NA
Putamen	-0.11647600773586092	25.810865677629604	NA	16.970365193737575	NA
Putamen	-0.11647600773586092	25.986449797885587	NA	16.899236938447164	NA
Putamen	-0.11647600773586092	26.16203391814157	NA	16.828366577202203	NA
Putamen	-0.11647600773586092	26.337618038397554	NA	16.757751431155764	NA
Putamen	-0.11647600773586092	26.513202158653538	NA	16.6873888491363	NA
Putamen	-0.11647600773586092	26.68878627890952	NA	16.617276207384	NA
Putamen	-0.11647600773586092	26.864370399165505	NA	16.54741090928639	NA
Putamen	-0.11647600773586092	27.03995451942149	NA	16.4777903851136	NA
Putamen	-0.11647600773586092	27.215538639677472	NA	16.40841209175409	NA
Putamen	-0.11647600773586092	27.391122759933456	NA	16.33927351245031	NA
Putamen	-0.11647600773586092	27.56670688018944	NA	16.270372156535874	NA
Putamen	-0.11647600773586092	27.616476007735862	15.817601796070235	16.250884841306995	1.2060205081706268
Putamen	-0.11647600773586092	27.742291000445423	NA	16.201705559173543	NA
Putamen	-0.11647600773586092	27.917875120701407	NA	16.133271281094665	NA
Putamen	-0.11647600773586092	28.09345924095739	NA	16.065066908340114	NA
Putamen	-0.11647600773586092	28.269043361213374	NA	15.997090052002978	NA
Putamen	-0.11647600773586092	28.444627481469357	NA	15.929338347973069	NA
Putamen	-0.11647600773586092	28.62021160172534	NA	15.861809456683371	NA
Putamen	-0.11647600773586092	28.795795721981325	NA	15.794501062858503	NA
Putamen	-0.11647600773586092	28.971379842237308	NA	15.727410875265276	NA
Putamen	-0.11647600773586092	29.14696396249329	NA	15.660536626465445	NA
Putamen	-0.11647600773586092	29.322548082749275	NA	15.593876072570586	NA
Putamen	-0.11647600773586092	29.49813220300526	NA	15.527426992999205	NA
Putamen	-0.11647600773586092	29.673716323261242	NA	15.461187190236185	NA
Putamen	-0.11647600773586092	29.849300443517226	NA	15.395154489594383	NA
Putamen	-0.11647600773586092	30.02488456377321	NA	15.329340480024916	NA
Putamen	-0.11647600773586092	30.200468684029193	NA	15.264185695440144	NA
Putamen	-0.11647600773586092	30.376052804285177	NA	15.199424699212566	NA
Putamen	-0.11647600773586092	30.55163692454116	NA	15.135044571201977	NA
Putamen	-0.11647600773586092	30.727221044797144	NA	15.071036428412823	NA
Putamen	-0.11647600773586092	30.90280516505313	NA	15.007392208713616	NA
Putamen	-0.11647600773586092	31.078389285309115	NA	14.94410455453512	NA
Putamen	-0.11647600773586092	31.253973405565098	NA	14.881166713719228	NA
Putamen	-0.11647600773586092	31.42955752582108	NA	14.818572454982004	NA
Putamen	-0.11647600773586092	31.605141646077065	NA	14.75631599582978	NA
Putamen	-0.11647600773586092	31.78072576633305	NA	14.694391941086598	NA
Putamen	-0.11647600773586092	31.956309886589032	NA	14.632795257298932	NA
Putamen	-0.11647600773586092	32.131894006845016	NA	14.571521168805596	NA
Putamen	-0.11647600773586092	32.307478127101	NA	14.510565134893389	NA
Putamen	-0.11647600773586092	32.48306224735698	NA	14.44992285696367	NA
Putamen	-0.11647600773586092	32.61647600773586	13.986037731326052	14.404052472283535	1.1067431838713475
Putamen	-0.11647600773586092	32.65864636761297	NA	14.389590228047224	NA
Putamen	-0.11647600773586092	32.83423048786895	NA	14.329563309074182	NA
Putamen	-0.11647600773586092	33.009814608124934	NA	14.269838308606209	NA
Putamen	-0.11647600773586092	33.18539872838092	NA	14.210411565519252	NA
Putamen	-0.11647600773586092	33.3609828486369	NA	14.151279534200961	NA
Putamen	-0.11647600773586092	33.536566968892885	NA	14.092438771891215	NA
Putamen	-0.11647600773586092	33.71215108914887	NA	14.03388592784928	NA
Putamen	-0.11647600773586092	33.88773520940485	NA	13.975617734077849	NA
Putamen	-0.11647600773586092	34.063319329660835	NA	13.917630997374195	NA
Putamen	-0.11647600773586092	34.23890344991682	NA	13.859922592512472	NA
Putamen	-0.11647600773586092	34.4144875701728	NA	13.80248945639045	NA
Putamen	-0.11647600773586092	34.590071690428786	NA	13.74532858299841	NA
Putamen	-0.11647600773586092	34.76565581068477	NA	13.688437019089003	NA
Putamen	-0.11647600773586092	34.94123993094075	NA	13.63181186044491	NA
Putamen	-0.11647600773586092	35.11682405119674	NA	13.575450248656276	NA
Putamen	-0.11647600773586092	35.29240817145272	NA	13.519349368332936	NA
Putamen	-0.11647600773586092	35.467992291708704	NA	13.463506444687592	NA
Putamen	-0.11647600773586092	35.64357641196469	NA	13.407918741435516	NA
Putamen	-0.11647600773586092	35.81916053222067	NA	13.35258355896425	NA
Putamen	-0.11647600773586092	35.994744652476655	NA	13.297498232733993	NA
Putamen	-0.11647600773586092	36.17032877273264	NA	13.24266013187479	NA
Putamen	-0.11647600773586092	36.34591289298862	NA	13.188066657951934	NA
Putamen	-0.11647600773586092	36.521497013244606	NA	13.133715243875029	NA
Putamen	-0.11647600773586092	36.69708113350059	NA	13.079603352929961	NA
Putamen	-0.11647600773586092	36.87266525375657	NA	13.025728477915896	NA
Putamen	-0.11647600773586092	37.048249374012556	NA	12.972088140372199	NA
Putamen	-0.11647600773586092	37.22383349426854	NA	12.918679889882455	NA
Putamen	-0.11647600773586092	37.39941761452452	NA	12.865501303444397	NA
Putamen	-0.11647600773586092	37.57500173478051	NA	12.81254998489657	NA
Putamen	-0.11647600773586092	37.61647600773586	12.047515873069784	12.800075449023703	1.0217746219934254
Putamen	-0.11647600773586092	37.75058585503649	NA	12.759823564393523	NA
Putamen	-0.11647600773586092	37.926169975292474	NA	12.707319697922921	NA
Putamen	-0.11647600773586092	38.10175409554846	NA	12.65503606685861	NA
Putamen	-0.11647600773586092	38.27733821580444	NA	12.602970377544706	NA
Putamen	-0.11647600773586092	38.452922336060425	NA	12.55112036090656	NA
Putamen	-0.11647600773586092	38.62850645631641	NA	12.499483772084893	NA
Putamen	-0.11647600773586092	38.80409057657239	NA	12.44805839009009	NA
Putamen	-0.11647600773586092	38.979674696828376	NA	12.396842017473952	NA
Putamen	-0.11647600773586092	39.15525881708436	NA	12.34583248001681	NA
Putamen	-0.11647600773586092	39.33084293734035	NA	12.295027626427899	NA
Putamen	-0.11647600773586092	39.50642705759633	NA	12.244425328057538	NA
Putamen	-0.11647600773586092	39.68201117785232	NA	12.194023478619549	NA
Putamen	-0.11647600773586092	39.8575952981083	NA	12.143819999366634	NA
Putamen	-0.11647600773586092	40.033179418364284	NA	12.093812846628468	NA
Putamen	-0.11647600773586092	40.20876353862027	NA	12.04399995488672	NA
Putamen	-0.11647600773586092	40.38434765887625	NA	11.994379304711897	NA
Putamen	-0.11647600773586092	40.559931779132235	NA	11.944948897768866	NA
Putamen	-0.11647600773586092	40.73551589938822	NA	11.89570675658167	NA
Putamen	-0.11647600773586092	40.9111000196442	NA	11.846650924302775	NA
Putamen	-0.11647600773586092	41.086684139900186	NA	11.797779464487087	NA
Putamen	-0.11647600773586092	41.26226826015617	NA	11.749090460869917	NA
Putamen	-0.11647600773586092	41.43785238041215	NA	11.70058201714875	NA
Putamen	-0.11647600773586092	41.613436500668136	NA	11.652252256768545	NA
Putamen	-0.11647600773586092	41.78902062092412	NA	11.604099322710338	NA
Putamen	-0.11647600773586092	41.9646047411801	NA	11.556121377282922	NA
Putamen	-0.11647600773586092	42.14018886143609	NA	11.508316601917599	NA
Putamen	-0.11647600773586092	42.31577298169207	NA	11.460683196965528	NA
Putamen	-0.11647600773586092	42.491357101948054	NA	11.413219381497942	NA
Putamen	-0.11647600773586092	42.61647600773586	10.81220036790543	11.37949972631689	0.9524378778458922
Putamen	-0.11647600773586092	42.66694122220404	NA	11.36592339310879	NA
Putamen	-0.11647600773586092	42.84252534246002	NA	11.3187934877199	NA
Putamen	-0.11647600773586092	43.018109462716005	NA	11.271827939388517	NA
Putamen	-0.11647600773586092	43.19369358297199	NA	11.225025040117123	NA
Putamen	-0.11647600773586092	43.36927770322797	NA	11.178383099665469	NA
Putamen	-0.11647600773586092	43.544861823483956	NA	11.131900445364831	NA
Putamen	-0.11647600773586092	43.72044594373994	NA	11.085575421934331	NA
Putamen	-0.11647600773586092	43.89603006399592	NA	11.03940639129938	NA
Putamen	-0.11647600773586092	44.07161418425191	NA	10.99339173241204	NA
Putamen	-0.11647600773586092	44.24719830450789	NA	10.947529841073482	NA
Putamen	-0.11647600773586092	44.422782424763874	NA	10.901819129758326	NA
Putamen	-0.11647600773586092	44.59836654501986	NA	10.856258027440896	NA
Putamen	-0.11647600773586092	44.77395066527584	NA	10.810844979423356	NA
Putamen	-0.11647600773586092	44.949534785531824	NA	10.765578447165689	NA
Putamen	-0.11647600773586092	45.12511890578781	NA	10.720456908117493	NA
Putamen	-0.11647600773586092	45.30070302604379	NA	10.675478855551578	NA
Putamen	-0.11647600773586092	45.476287146299775	NA	10.63078805718471	NA
Putamen	-0.11647600773586092	45.65187126655576	NA	10.586485859156776	NA
Putamen	-0.11647600773586092	45.82745538681174	NA	10.542552803383849	NA
Putamen	-0.11647600773586092	46.003039507067726	NA	10.49897868894619	NA
Putamen	-0.11647600773586092	46.17862362732371	NA	10.455754362461663	NA
Putamen	-0.11647600773586092	46.35420774757969	NA	10.412871567923885	NA
Putamen	-0.11647600773586092	46.52979186783568	NA	10.370322818703062	NA
Putamen	-0.11647600773586092	46.70537598809166	NA	10.328101288431853	NA
Putamen	-0.11647600773586092	46.880960108347644	NA	10.286200717983052	NA
Putamen	-0.11647600773586092	47.05654422860363	NA	10.244615336159265	NA
Putamen	-0.11647600773586092	47.23212834885961	NA	10.203339792066815	NA
Putamen	-0.11647600773586092	47.407712469115594	NA	10.16236909744594	NA
Putamen	-0.11647600773586092	47.58329658937158	NA	10.121698577484901	NA
Putamen	-0.11647600773586092	47.61647600773586	9.525693576708186	10.11404675735018	0.8933233529586769
Putamen	-0.11647600773586092	47.75888070962756	NA	10.08132382886373	NA
Putamen	-0.11647600773586092	47.934464829883545	NA	10.041240719852581	NA
Putamen	-0.11647600773586092	48.11004895013953	NA	10.001445259012913	NA
Putamen	-0.11647600773586092	48.28563307039551	NA	9.961933654934224	NA
Putamen	-0.11647600773586092	48.461217190651496	NA	9.922702281098044	NA
Putamen	-0.11647600773586092	48.63680131090748	NA	9.883747648782832	NA
Putamen	-0.11647600773586092	48.81238543116346	NA	9.845066390823202	NA
Putamen	-0.11647600773586092	48.98796955141945	NA	9.806655247728617	NA
Putamen	-0.11647600773586092	49.16355367167543	NA	9.768511055812716	NA
Putamen	-0.11647600773586092	49.339137791931414	NA	9.730630737036499	NA
Putamen	-0.11647600773586092	49.5147219121874	NA	9.693011290312159	NA
Putamen	-0.11647600773586092	49.69030603244338	NA	9.655649784052063	NA
Putamen	-0.11647600773586092	49.865890152699365	NA	9.618543349778957	NA
Putamen	-0.11647600773586092	50.04147427295535	NA	9.581689176641	NA
Putamen	-0.11647600773586092	50.21705839321133	NA	9.545084506698116	NA
Putamen	-0.11647600773586092	50.392642513467315	NA	9.508726630865997	NA
Putamen	-0.11647600773586092	50.5682266337233	NA	9.472612885420912	NA
Putamen	-0.11647600773586092	50.74381075397929	NA	9.43674064898274	NA
Putamen	-0.11647600773586092	50.91939487423527	NA	9.401107339905954	NA
Putamen	-0.11647600773586092	51.09497899449126	NA	9.365710414018452	NA
Putamen	-0.11647600773586092	51.27056311474724	NA	9.330547362657423	NA
Putamen	-0.11647600773586092	51.446147235003224	NA	9.295615710958467	NA
Putamen	-0.11647600773586092	51.62173135525921	NA	9.260913016361025	NA
Putamen	-0.11647600773586092	51.79731547551519	NA	9.226436867298462	NA
Putamen	-0.11647600773586092	51.972899595771175	NA	9.192184882045881	NA
Putamen	-0.11647600773586092	52.14848371602716	NA	9.158154707702689	NA
Putamen	-0.11647600773586092	52.32406783628314	NA	9.124344019290378	NA
Putamen	-0.11647600773586092	52.499651956539125	NA	9.090750518948814	NA
Putamen	-0.11647600773586092	52.61647600773586	8.637353985731766	9.068518453391688	0.8460382092472831
Putamen	-0.11647600773586092	52.67523607679511	NA	9.057371935216892	NA
Putamen	-0.11647600773586092	52.85082019705109	NA	9.024206022385325	NA
Putamen	-0.11647600773586092	53.026404317307076	NA	8.991250559911375	NA
Putamen	-0.11647600773586092	53.20198843756306	NA	8.958503351886622	NA
Putamen	-0.11647600773586092	53.37757255781904	NA	8.925962226550288	NA
Putamen	-0.11647600773586092	53.55315667807503	NA	8.893625035841831	NA
Putamen	-0.11647600773586092	53.72874079833101	NA	8.861489654987135	NA
Putamen	-0.11647600773586092	53.904324918586994	NA	8.829553982113884	NA
Putamen	-0.11647600773586092	54.07990903884298	NA	8.797815937891922	NA
Putamen	-0.11647600773586092	54.25549315909896	NA	8.766273465195532	NA
Putamen	-0.11647600773586092	54.431077279354945	NA	8.734924528784271	NA
Putamen	-0.11647600773586092	54.60666139961093	NA	8.703767115000414	NA
Putamen	-0.11647600773586092	54.78224551986691	NA	8.672799231480598	NA
Putamen	-0.11647600773586092	54.957829640122895	NA	8.642018906879873	NA
Putamen	-0.11647600773586092	55.13341376037888	NA	8.611424190606805	NA
Putamen	-0.11647600773586092	55.30899788063486	NA	8.581013152568133	NA
Putamen	-0.11647600773586092	55.484582000890846	NA	8.550783882922007	NA
Putamen	-0.11647600773586092	55.66016612114683	NA	8.52073449183874	NA
Putamen	-0.11647600773586092	55.83575024140281	NA	8.49086312148113	NA
Putamen	-0.11647600773586092	56.0113343616588	NA	8.461167923389459	NA
Putamen	-0.11647600773586092	56.18691848191478	NA	8.43164705159888	NA
Putamen	-0.11647600773586092	56.362502602170764	NA	8.40229869406962	NA
Putamen	-0.11647600773586092	56.53808672242675	NA	8.373121057666404	NA
Putamen	-0.11647600773586092	56.71367084268273	NA	8.344112367950967	NA
Putamen	-0.11647600773586092	56.889254962938715	NA	8.315270868978335	NA
Putamen	-0.11647600773586092	57.0648390831947	NA	8.28659482309675	NA
Putamen	-0.11647600773586092	57.24042320345068	NA	8.258082510750674	NA
Putamen	-0.11647600773586092	57.416007323706665	NA	8.229732230286949	NA
Putamen	-0.11647600773586092	57.59159144396265	NA	8.20154229776386	NA
Putamen	-0.11647600773586092	57.61647600773586	7.865246054183686	8.19755990699337	0.8010156664100823
Putamen	-0.11647600773586092	57.76717556421863	NA	8.173511046762828	NA
Putamen	-0.11647600773586092	57.942759684474616	NA	8.145636828202734	NA
Putamen	-0.11647600773586092	58.1183438047306	NA	8.117918010156702	NA
Putamen	-0.11647600773586092	58.29392792498658	NA	8.090352977671229	NA
Putamen	-0.11647600773586092	58.46951204524257	NA	8.062940132587572	NA
Putamen	-0.11647600773586092	58.64509616549855	NA	8.035677893365348	NA
Putamen	-0.11647600773586092	58.820680285754534	NA	8.008564694908213	NA
Putamen	-0.11647600773586092	58.99626440601052	NA	7.9815989883916245	NA
Putamen	-0.11647600773586092	59.1718485262665	NA	7.954779241092567	NA
Putamen	-0.11647600773586092	59.347432646522485	NA	7.9281039362212375	NA
Putamen	-0.11647600773586092	59.52301676677847	NA	7.90157157275462	NA
Putamen	-0.11647600773586092	59.69860088703445	NA	7.87518066527193	NA
Putamen	-0.11647600773586092	59.874185007290436	NA	7.84893156668515	NA
Putamen	-0.11647600773586092	60.04976912754642	NA	7.823215229496401	NA
Putamen	-0.11647600773586092	60.2253532478024	NA	7.797734504692765	NA
Putamen	-0.11647600773586092	60.400937368058386	NA	7.77247061237239	NA
Putamen	-0.11647600773586092	60.57652148831437	NA	7.747419089660229	NA
Putamen	-0.11647600773586092	60.75210560857035	NA	7.722575846916541	NA
Putamen	-0.11647600773586092	60.92768972882634	NA	7.697937115507989	NA
Putamen	-0.11647600773586092	61.10327384908232	NA	7.673499403273654	NA
Putamen	-0.11647600773586092	61.278857969338304	NA	7.649259456548047	NA
Putamen	-0.11647600773586092	61.45444208959429	NA	7.625214227771486	NA
Putamen	-0.11647600773586092	61.63002620985027	NA	7.601360847861634	NA
Putamen	-0.11647600773586092	61.80561033010626	NA	7.577696602642265	NA
Putamen	-0.11647600773586092	61.981194450362246	NA	7.554218912729378	NA
Putamen	-0.11647600773586092	62.15677857061823	NA	7.530925316363518	NA
Putamen	-0.11647600773586092	62.33236269087421	NA	7.507813454752861	NA
Putamen	-0.11647600773586092	62.507946811130196	NA	7.484881059555885	NA
Putamen	-0.11647600773586092	62.61647600773586	7.206946438712128	7.470795299552674	0.767297136702956
Putamen	-0.11647600773586092	62.68353093138618	NA	7.46212594218746	NA
Putamen	-0.11647600773586092	62.85911505164216	NA	7.43954598467894	NA
Putamen	-0.11647600773586092	63.03469917189815	NA	7.417139131862612	NA
Putamen	-0.11647600773586092	63.21028329215413	NA	7.3949033846849925	NA
Putamen	-0.11647600773586092	63.385867412410114	NA	7.372836794482118	NA
Putamen	-0.11647600773586092	63.5614515326661	NA	7.350937458074983	NA
Putamen	-0.11647600773586092	63.73703565292208	NA	7.32920351583186	NA
Putamen	-0.11647600773586092	63.912619773178065	NA	7.307633163637125	NA
Putamen	-0.11647600773586092	64.08820389343404	NA	7.286224588911678	NA
Putamen	-0.11647600773586092	64.26378801369003	NA	7.264976033906425	NA
Putamen	-0.11647600773586092	64.43937213394601	NA	7.243885770471319	NA
Putamen	-0.11647600773586092	64.614956254202	NA	7.2229520980713815	NA
Putamen	-0.11647600773586092	64.79054037445798	NA	7.202173342071265	NA
Putamen	-0.11647600773586092	64.96612449471397	NA	7.181547852248948	NA
Putamen	-0.11647600773586092	65.14170861496994	NA	7.1610740015049235	NA
Putamen	-0.11647600773586092	65.31729273522593	NA	7.140750184738233	NA
Putamen	-0.11647600773586092	65.49287685548191	NA	7.12057481786489	NA
Putamen	-0.11647600773586092	65.6684609757379	NA	7.100546336957857	NA
Putamen	-0.11647600773586092	65.84404509599388	NA	7.080663197490914	NA
Putamen	-0.11647600773586092	66.01962921624987	NA	7.060923873671224	NA
Putamen	-0.11647600773586092	66.19521333650584	NA	7.04132685784774	NA
Putamen	-0.11647600773586092	66.37079745676184	NA	7.021870659984482	NA
Putamen	-0.11647600773586092	66.54638157701781	NA	7.002553807189314	NA
Putamen	-0.11647600773586092	66.7219656972738	NA	6.983374843290245	NA
Putamen	-0.11647600773586092	66.89754981752978	NA	6.964332328452455	NA
Putamen	-0.11647600773586092	67.07313393778577	NA	6.945424838830223	NA
Putamen	-0.11647600773586092	67.24871805804175	NA	6.926650966248932	NA
Putamen	-0.11647600773586092	67.42430217829774	NA	6.9080093179127084	NA
Putamen	-0.11647600773586092	67.59988629855373	NA	6.889498516134402	NA
Putamen	-0.11647600773586092	67.61647600773586	6.613483441886102	6.887756270016632	0.7366919864157483
Putamen	-0.11647600773586092	67.7754704188097	NA	6.87111719808453	NA
Putamen	-0.11647600773586092	67.9510545390657	NA	6.8528640155568725	NA
Putamen	-0.11647600773586092	68.12663865932167	NA	6.8347376347482625	NA
Putamen	-0.11647600773586092	68.30222277957766	NA	6.816736736050754	NA
Putamen	-0.11647600773586092	68.47780689983364	NA	6.798860013854619	NA
Putamen	-0.11647600773586092	68.65339102008963	NA	6.781106176360651	NA
Putamen	-0.11647600773586092	68.8289751403456	NA	6.763473945400689	NA
Putamen	-0.11647600773586092	69.0045592606016	NA	6.745962056265318	NA
Putamen	-0.11647600773586092	69.18014338085757	NA	6.728569257537921	NA
Putamen	-0.11647600773586092	69.35572750111356	NA	6.7112943109342735	NA
Putamen	-0.11647600773586092	69.53131162136954	NA	6.694135991147131	NA
Putamen	-0.11647600773586092	69.70689574162553	NA	6.67709308569522	NA
Putamen	-0.11647600773586092	69.8824798618815	NA	6.660164394776201	NA
Putamen	-0.11647600773586092	70.0580639821375	NA	6.643348731123162	NA
Putamen	-0.11647600773586092	70.23364810239347	NA	6.626644919864401	NA
Putamen	-0.11647600773586092	70.40923222264946	NA	6.610051798386055	NA
Putamen	-0.11647600773586092	70.58481634290544	NA	6.593568216197525	NA
Putamen	-0.11647600773586092	70.76040046316143	NA	6.5771930347992615	NA
Putamen	-0.11647600773586092	70.93598458341741	NA	6.560925127552911	NA
Putamen	-0.11647600773586092	71.1115687036734	NA	6.5447633795535864	NA
Putamen	-0.11647600773586092	71.28715282392938	NA	6.5287066875040995	NA
Putamen	-0.11647600773586092	71.46273694418537	NA	6.512753959591052	NA
Putamen	-0.11647600773586092	71.63832106444134	NA	6.496904115362788	NA
Putamen	-0.11647600773586092	71.81390518469733	NA	6.481156096785454	NA
Putamen	-0.11647600773586092	71.98948930495331	NA	6.465508838510408	NA
Putamen	-0.11647600773586092	72.1650734252093	NA	6.449961289224654	NA
Putamen	-0.11647600773586092	72.34065754546528	NA	6.434512412739588	NA
Putamen	-0.11647600773586092	72.51624166572127	NA	6.419161183641487	NA
Putamen	-0.11647600773586092	72.61647600773586	5.991385924355805	6.410441115203677	0.7074643379404949
Putamen	-0.11647600773586092	72.69182578597724	NA	6.4039065871784	NA
Putamen	-0.11647600773586092	72.86740990623323	NA	6.38874761914854	NA
Putamen	-0.11647600773586092	73.04299402648921	NA	6.373683285789807	NA
Putamen	-0.11647600773586092	73.2185781467452	NA	6.3587126036706705	NA
Putamen	-0.11647600773586092	73.39416226700118	NA	6.343834599582286	NA
Putamen	-0.11647600773586092	73.56974638725717	NA	6.329048310431757	NA
Putamen	-0.11647600773586092	73.74533050751315	NA	6.314352783136585	NA
Putamen	-0.11647600773586092	73.92091462776914	NA	6.2997470745203605	NA
Putamen	-0.11647600773586092	74.09649874802511	NA	6.285230251209496	NA
Putamen	-0.11647600773586092	74.2720828682811	NA	6.27080138953109	NA
Putamen	-0.11647600773586092	74.44766698853708	NA	6.256459575411937	NA
Putamen	-0.11647600773586092	74.62325110879307	NA	6.24220390427857	NA
Putamen	-0.11647600773586092	74.79883522904905	NA	6.228033480958403	NA
Putamen	-0.11647600773586092	74.97441934930504	NA	6.213947419581891	NA
Putamen	-0.11647600773586092	75.15000346956101	NA	6.19994484348576	NA
Putamen	-0.11647600773586092	75.325587589817	NA	6.186024885117226	NA
Putamen	-0.11647600773586092	75.50117171007298	NA	6.1721866859392644	NA
Putamen	-0.11647600773586092	75.67675583032897	NA	6.158429396336829	NA
Putamen	-0.11647600773586092	75.85233995058495	NA	6.14475217552409	NA
Putamen	-0.11647600773586092	76.02792407084094	NA	6.131154191452624	NA
Putamen	-0.11647600773586092	76.20350819109692	NA	6.117634620720599	NA
Putamen	-0.11647600773586092	76.3790923113529	NA	6.104192648482851	NA
Putamen	-0.11647600773586092	76.55467643160888	NA	6.090827468361975	NA
Putamen	-0.11647600773586092	76.73026055186487	NA	6.0775382823602735	NA
Putamen	-0.11647600773586092	76.90584467212085	NA	6.064324300772654	NA
Putamen	-0.11647600773586092	77.08142879237684	NA	6.051184742100467	NA
Putamen	-0.11647600773586092	77.25701291263282	NA	6.038118832966183	NA
Putamen	-0.11647600773586092	77.43259703288881	NA	6.025125808028996	NA
Putamen	-0.11647600773586092	77.60818115314478	NA	6.012204909901307	NA
Putamen	-0.11647600773586092	77.61647600773586	5.762307304852164	6.011596284944165	0.6861044628556173
Putamen	-0.11647600773586092	77.78376527340077	NA	5.999355389066045	NA
Putamen	-0.11647600773586092	77.95934939365675	NA	5.9865765037948915	NA
Putamen	-0.11647600773586092	78.13493351391274	NA	5.9738675200673335	NA
Putamen	-0.11647600773586092	78.31051763416872	NA	5.961227711490552	NA
Putamen	-0.11647600773586092	78.48610175442471	NA	5.948656359220145	NA
Putamen	-0.11647600773586092	78.6616858746807	NA	5.936152751881712	NA
Putamen	-0.11647600773586092	78.83726999493668	NA	5.923716185493197	NA
Putamen	-0.11647600773586092	79.01285411519267	NA	5.911345963388073	NA
Putamen	-0.11647600773586092	79.18843823544864	NA	5.899041396139352	NA
Putamen	-0.11647600773586092	79.36402235570463	NA	5.886801801484275	NA
Putamen	-0.11647600773586092	79.53960647596061	NA	5.874626504249967	NA
Putamen	-0.11647600773586092	79.7151905962166	NA	5.862514839772028	NA
Putamen	-0.11647600773586092	79.89077471647258	NA	5.8504661493204315	NA
Putamen	-0.11647600773586092	80.06635883672857	NA	5.838479772380092	NA
Putamen	-0.11647600773586092	80.24194295698454	NA	5.826555061411349	NA
Putamen	-0.11647600773586092	80.41752707724054	NA	5.8146913756035135	NA
Putamen	-0.11647600773586092	80.59311119749651	NA	5.802888080804942	NA
Putamen	-0.11647600773586092	80.7686953177525	NA	5.791144549453864	NA
Putamen	-0.11647600773586092	80.94427943800848	NA	5.779460160509896	NA
Putamen	-0.11647600773586092	81.11986355826447	NA	5.767834299386236	NA
Putamen	-0.11647600773586092	81.29544767852045	NA	5.756266357882661	NA
Putamen	-0.11647600773586092	81.47103179877644	NA	5.744755734119104	NA
Putamen	-0.11647600773586092	81.64661591903241	NA	5.73330183247002	NA
Putamen	-0.11647600773586092	81.8222000392884	NA	5.721904063499377	NA
Putamen	-0.11647600773586092	81.99778415954438	NA	5.71056184389631	NA
Putamen	-0.11647600773586092	82.17336827980037	NA	5.69927459641151	NA
Putamen	-0.11647600773586092	82.34895240005635	NA	5.688041749794219	NA
Putamen	-0.11647600773586092	82.52453652031234	NA	5.676862738729897	NA
Putamen	-0.11647600773586092	82.61647600773586	5.29983917503612	5.671030462238445	0.6650942345012545
Putamen	-0.11647600773586092	82.70012064056831	NA	5.665737003778523	NA
Putamen	-0.11647600773586092	82.8757047608243	NA	5.654663991313576	NA
Putamen	-0.11647600773586092	83.05128888108028	NA	5.643643153461597	NA
Putamen	-0.11647600773586092	83.22687300133627	NA	5.632673948042415	NA
Putamen	-0.11647600773586092	83.40245712159225	NA	5.621755838509987	NA
Putamen	-0.11647600773586092	83.57804124184824	NA	5.6108882938938525	NA
Putamen	-0.11647600773586092	83.75362536210422	NA	5.600070788741193	NA
Putamen	-0.11647600773586092	83.9292094823602	NA	5.589302803059488	NA
Putamen	-0.11647600773586092	84.10479360261618	NA	5.5785838222597794	NA
Putamen	-0.11647600773586092	84.28037772287217	NA	5.567913337100519	NA
Putamen	-0.11647600773586092	84.45596184312815	NA	5.557290843632003	NA
Putamen	-0.11647600773586092	84.63154596338414	NA	5.5467158431413806	NA
Putamen	-0.11647600773586092	84.80713008364012	NA	5.536187842098222	NA
Putamen	-0.11647600773586092	84.98271420389611	NA	5.525706352100695	NA
Putamen	-0.11647600773586092	85.158298324152085	NA	5.51527088982224	NA
Putamen	-0.11647600773586092	85.33388244440808	NA	5.504880976958843	NA
Putamen	-0.11647600773586092	85.50946656466405	NA	5.49453614017684	NA
Putamen	-0.11647600773586092	85.68505068492004	NA	5.484235911061278	NA
Putamen	-0.11647600773586092	85.86063480517602	NA	5.473979826064788	NA
Putamen	-0.11647600773586092	86.03621892543201	NA	5.463767426457002	NA
Putamen	-0.11647600773586092	86.21180304568799	NA	5.453598258274516	NA
Putamen	-0.11647600773586092	86.38738716594398	NA	5.443471872271327	NA
Putamen	-0.11647600773586092	86.56297128619995	NA	5.433387823869846	NA
Putamen	-0.11647600773586092	86.73855540645594	NA	5.423345673112328	NA
Putamen	-0.11647600773586092	86.91413952671192	NA	5.413344984612953	NA
Putamen	-0.11647600773586092	87.08972364696791	NA	5.403385327510208	NA
Putamen	-0.11647600773586092	87.26530776722389	NA	5.393466275419985	NA
Putamen	-0.11647600773586092	87.44089188747988	NA	5.383587406388952	NA
Putamen	-0.11647600773586092	87.61647600773586	5.256847584519061	5.373734153951926	0.6483100686967205
Temporal	-0.11647600773586092	0	0	-2.4500051805078207e-14	0
Temporal	-0.11647600773586092	0.1755841202559837	NA	0.07018522012663603	NA
Temporal	-0.11647600773586092	0.3511682405119674	NA	0.8525033858412077	NA
Temporal	-0.11647600773586092	0.3664760077358609	1.3567133313826931	1.0179615513520424	0.5943509963021504
Temporal	-0.11647600773586092	0.5267523607679511	NA	3.2178644376814254	NA
Temporal	-0.11647600773586092	0.7023364810239348	NA	6.442320466550965	NA
Temporal	-0.11647600773586092	0.8664760077358609	9.796748148012703	9.699383897004472	0.7672901618860205
Temporal	-0.11647600773586092	0.8779206012799184	NA	9.935527662316604	NA
Temporal	-0.11647600773586092	1.0535047215359021	NA	13.485094120553228	NA
Temporal	-0.11647600773586092	1.229088841791886	NA	16.677410243708426	NA
Temporal	-0.11647600773586092	1.3664760077358609	19.263536507107347	19.274354951098836	0.8788492461736329
Temporal	-0.11647600773586092	1.4046729620478695	NA	20.041811446386014	NA
Temporal	-0.11647600773586092	1.580257082303853	NA	23.92843443571029	NA
Temporal	-0.11647600773586092	1.7558412025598369	NA	28.31575533041017	NA
Temporal	-0.11647600773586092	1.8664760077358609	30.533840421814997	30.504497981047482	0.9728198736248336
Temporal	-0.11647600773586092	1.9314253228158207	NA	31.682638339470614	NA
Temporal	-0.11647600773586092	2.1070094430718043	NA	34.18863342903146	NA
Temporal	-0.11647600773586092	2.282593563327788	NA	35.64181828733994	NA
Temporal	-0.11647600773586092	2.366476007735861	36.56810789706226	36.15496518364202	1.0163760689043335
Temporal	-0.11647600773586092	2.458177683583772	NA	36.552092633527444	NA
Temporal	-0.11647600773586092	2.6337618038397554	NA	37.342855652758146	NA
Temporal	-0.11647600773586092	2.809345924095739	NA	37.95028491397167	NA
Temporal	-0.11647600773586092	2.866476007735861	37.701543360906655	38.08582418644866	1.019964999191554
Temporal	-0.11647600773586092	2.9849300443517226	NA	38.2732238763994	NA
Temporal	-0.11647600773586092	3.160514164607706	NA	38.301958800667194	NA
Temporal	-0.11647600773586092	3.33609828486369	NA	38.22605492572903	NA
Temporal	-0.11647600773586092	3.5116824051196738	NA	38.07377714437651	NA
Temporal	-0.11647600773586092	3.616476007735861	37.726481285485946	37.947731048442556	1.2278590277659935
Temporal	-0.11647600773586092	3.6872665253756574	NA	37.848080899337624	NA
Temporal	-0.11647600773586092	3.8628506456316414	NA	37.551706137661036	NA
Temporal	-0.11647600773586092	4.038434765887625	NA	37.1871962741342	NA
Temporal	-0.11647600773586092	4.2140188861436085	NA	36.75691543049141	NA
Temporal	-0.11647600773586092	4.389603006399592	NA	36.26306410796544	NA
Temporal	-0.11647600773586092	4.565187126655576	NA	35.70769343632889	NA
Temporal	-0.11647600773586092	4.616476007735861	35.49863720822312	35.53417094893704	1.2000149637571242
Temporal	-0.11647600773586092	4.740771246911559	NA	35.09271812948142	NA
Temporal	-0.11647600773586092	4.916355367167544	NA	34.41992826574648	NA
Temporal	-0.11647600773586092	5.091939487423527	NA	33.78281051340847	NA
Temporal	-0.11647600773586092	5.267523607679511	NA	33.24270848924633	NA
Temporal	-0.11647600773586092	5.4431077279354945	NA	32.73511059045059	NA
Temporal	-0.11647600773586092	5.616476007735861	32.650222828843965	32.26242074240375	1.1648157536601829
Temporal	-0.11647600773586092	5.618691848191478	NA	32.25654541298064	NA
Temporal	-0.11647600773586092	5.794275968447462	NA	31.803865823054963	NA
Temporal	-0.11647600773586092	5.969860088703445	NA	31.3742192077898	NA
Temporal	-0.11647600773586092	6.145444208959429	NA	30.965020447903406	NA
Temporal	-0.11647600773586092	6.321028329215412	NA	30.573927363515118	NA
Temporal	-0.11647600773586092	6.496612449471397	NA	30.1988184068394	NA
Temporal	-0.11647600773586092	6.67219656972738	NA	29.837772396262725	NA
Temporal	-0.11647600773586092	6.847780689983364	NA	29.489050105086637	NA
Temporal	-0.11647600773586092	7.0233648102393476	NA	29.151077535298008	NA
Temporal	-0.11647600773586092	7.116476007735861	29.05381223739915	28.975724343401904	1.3782105140306276
Temporal	-0.11647600773586092	7.198948930495331	NA	28.822430722241222	NA
Temporal	-0.11647600773586092	7.374533050751315	NA	28.501821930164592	NA
Temporal	-0.11647600773586092	7.550117171007298	NA	28.188087111418483	NA
Temporal	-0.11647600773586092	7.725701291263283	NA	27.880174513720014	NA
Temporal	-0.11647600773586092	7.901285411519266	NA	27.577134330468827	NA
Temporal	-0.11647600773586092	8.07686953177525	NA	27.27810961282451	NA
Temporal	-0.11647600773586092	8.252453652031233	NA	26.98232679222403	NA
Temporal	-0.11647600773586092	8.428037772287217	NA	26.689088661580882	NA
Temporal	-0.11647600773586092	8.6036218925432	NA	26.397767427597298	NA
Temporal	-0.11647600773586092	8.779206012799184	NA	26.10779808634643	NA
Temporal	-0.11647600773586092	8.954790133055168	NA	25.81867260765396	NA
Temporal	-0.11647600773586092	9.11647600773586	25.16535546487856	25.552785225545595	1.3074986716585597
Temporal	-0.11647600773586092	9.130374253311151	NA	25.529934652352516	NA
Temporal	-0.11647600773586092	9.305958373567135	NA	25.241174773660756	NA
Temporal	-0.11647600773586092	9.481542493823119	NA	24.952026058397113	NA
Temporal	-0.11647600773586092	9.657126614079102	NA	24.66216016778946	NA
Temporal	-0.11647600773586092	9.832710734335087	NA	24.371283741321562	NA
Temporal	-0.11647600773586092	10.008294854591071	NA	24.079135130401667	NA
Temporal	-0.11647600773586092	10.183878974847055	NA	23.790928209789882	NA
Temporal	-0.11647600773586092	10.359463095103038	NA	23.523035663216845	NA
Temporal	-0.11647600773586092	10.535047215359022	NA	23.267664332425447	NA
Temporal	-0.11647600773586092	10.710631335615005	NA	23.02382872580394	NA
Temporal	-0.11647600773586092	10.886215455870989	NA	22.79063131110008	NA
Temporal	-0.11647600773586092	11.061799576126973	NA	22.567254500401916	NA
Temporal	-0.11647600773586092	11.237383696382956	NA	22.35295336774943	NA
Temporal	-0.11647600773586092	11.41296781663894	NA	22.147049032378	NA
Temporal	-0.11647600773586092	11.588551936894923	NA	21.948922646722398	NA
Temporal	-0.11647600773586092	11.764136057150907	NA	21.75800993387701	NA
Temporal	-0.11647600773586092	11.93972017740689	NA	21.573796224265763	NA
Temporal	-0.11647600773586092	12.115304297662874	NA	21.395811945870623	NA
Temporal	-0.11647600773586092	12.290888417918858	NA	21.22362852654257	NA
Temporal	-0.11647600773586092	12.466472538174841	NA	21.056854670712234	NA
Temporal	-0.11647600773586092	12.61647600773586	21.26356428192008	20.918390763040353	1.6488746663169376
Temporal	-0.11647600773586092	12.642056658430825	NA	20.895132976263422	NA
Temporal	-0.11647600773586092	12.81764077868681	NA	20.738136860464234	NA
Temporal	-0.11647600773586092	12.993224898942794	NA	20.58556776669486	NA
Temporal	-0.11647600773586092	13.168809019198777	NA	20.43715262629605	NA
Temporal	-0.11647600773586092	13.34439313945476	NA	20.29264155221017	NA
Temporal	-0.11647600773586092	13.519977259710744	NA	20.151805743220336	NA
Temporal	-0.11647600773586092	13.695561379966728	NA	20.014435579531728	NA
Temporal	-0.11647600773586092	13.871145500222712	NA	19.880338892199205	NA
Temporal	-0.11647600773586092	14.046729620478695	NA	19.74933939050707	NA
Temporal	-0.11647600773586092	14.222313740734679	NA	19.621275232858743	NA
Temporal	-0.11647600773586092	14.397897860990662	NA	19.49599772805591	NA
Temporal	-0.11647600773586092	14.573481981246646	NA	19.373370155046246	NA
Temporal	-0.11647600773586092	14.74906610150263	NA	19.253266690309086	NA
Temporal	-0.11647600773586092	14.924650221758613	NA	19.135571433038866	NA
Temporal	-0.11647600773586092	15.100234342014597	NA	19.020177519186202	NA
Temporal	-0.11647600773586092	15.27581846227058	NA	18.906986316233624	NA
Temporal	-0.11647600773586092	15.451402582526566	NA	18.795615278337355	NA
Temporal	-0.11647600773586092	15.626986702782549	NA	18.68438874866803	NA
Temporal	-0.11647600773586092	15.802570823038533	NA	18.574204797575987	NA
Temporal	-0.11647600773586092	15.978154943294516	NA	18.465043058795	NA
Temporal	-0.11647600773586092	16.1537390635505	NA	18.356884037436483	NA
Temporal	-0.11647600773586092	16.329323183806483	NA	18.249708843296695	NA
Temporal	-0.11647600773586092	16.504907304062467	NA	18.14349942511205	NA
Temporal	-0.11647600773586092	16.68049142431845	NA	18.038238404313944	NA
Temporal	-0.11647600773586092	16.856075544574434	NA	17.933909026809935	NA
Temporal	-0.11647600773586092	17.031659664830418	NA	17.83049511899407	NA
Temporal	-0.11647600773586092	17.2072437850864	NA	17.727981047601773	NA
Temporal	-0.11647600773586092	17.382827905342385	NA	17.626351683060342	NA
Temporal	-0.11647600773586092	17.55841202559837	NA	17.525592366017552	NA
Temporal	-0.11647600773586092	17.616476007735862	17.31235138350603	17.492461158835987	1.4615748685495742
Temporal	-0.11647600773586092	17.733996145854352	NA	17.425688876760262	NA
Temporal	-0.11647600773586092	17.909580266110336	NA	17.326627407260847	NA
Temporal	-0.11647600773586092	18.08516438636632	NA	17.228394535613578	NA
Temporal	-0.11647600773586092	18.260748506622303	NA	17.130977202644594	NA
Temporal	-0.11647600773586092	18.436332626878286	NA	17.03436269049882	NA
Temporal	-0.11647600773586092	18.61191674713427	NA	16.93853860302539	NA
Temporal	-0.11647600773586092	18.787500867390253	NA	16.84349284779912	NA
Temporal	-0.11647600773586092	18.963084987646237	NA	16.74921361963069	NA
Temporal	-0.11647600773586092	19.13866910790222	NA	16.655689385431323	NA
Temporal	-0.11647600773586092	19.314253228158204	NA	16.562908870310327	NA
Temporal	-0.11647600773586092	19.489837348414188	NA	16.470861044794756	NA
Temporal	-0.11647600773586092	19.665421468670175	NA	16.37953511307053	NA
Temporal	-0.11647600773586092	19.84100558892616	NA	16.28892050215372	NA
Temporal	-0.11647600773586092	20.016589709182142	NA	16.199006851908806	NA
Temporal	-0.11647600773586092	20.192173829438126	NA	16.109784005838403	NA
Temporal	-0.11647600773586092	20.36775794969411	NA	16.021242002575896	NA
Temporal	-0.11647600773586092	20.543342069950093	NA	15.933371068018525	NA
Temporal	-0.11647600773586092	20.718926190206076	NA	15.846161608044234	NA
Temporal	-0.11647600773586092	20.89451031046206	NA	15.75960420176074	NA
Temporal	-0.11647600773586092	21.070094430718044	NA	15.673689595239999	NA
Temporal	-0.11647600773586092	21.245678550974027	NA	15.588408695695415	NA
Temporal	-0.11647600773586092	21.42126267123001	NA	15.503752566063115	NA
Temporal	-0.11647600773586092	21.596846791485994	NA	15.41971241995207	NA
Temporal	-0.11647600773586092	21.772430911741978	NA	15.336279616931074	NA
Temporal	-0.11647600773586092	21.94801503199796	NA	15.253445658123374	NA
Temporal	-0.11647600773586092	22.123599152253945	NA	15.171202182082652	NA
Temporal	-0.11647600773586092	22.29918327250993	NA	15.089540960926165	NA
Temporal	-0.11647600773586092	22.474767392765912	NA	15.008453896703184	NA
Temporal	-0.11647600773586092	22.616476007735862	14.732482584184396	14.943424450887207	1.3231845405683509
Temporal	-0.11647600773586092	22.650351513021896	NA	14.927933017978804	NA
Temporal	-0.11647600773586092	22.82593563327788	NA	14.847970476615105	NA
Temporal	-0.11647600773586092	23.001519753533863	NA	14.768558544733015	NA
Temporal	-0.11647600773586092	23.177103873789846	NA	14.689689611840096	NA
Temporal	-0.11647600773586092	23.35268799404583	NA	14.611356182110402	NA
Temporal	-0.11647600773586092	23.528272114301814	NA	14.533550871804133	NA
Temporal	-0.11647600773586092	23.703856234557797	NA	14.45626640681582	NA
Temporal	-0.11647600773586092	23.87944035481378	NA	14.379495620340549	NA
Temporal	-0.11647600773586092	24.055024475069764	NA	14.30323151993083	NA
Temporal	-0.11647600773586092	24.230608595325748	NA	14.227467082461647	NA
Temporal	-0.11647600773586092	24.40619271558173	NA	14.152195443094401	NA
Temporal	-0.11647600773586092	24.581776835837715	NA	14.0774098429861	NA
Temporal	-0.11647600773586092	24.7573609560937	NA	14.003103620397257	NA
Temporal	-0.11647600773586092	24.932945076349682	NA	13.929270208897334	NA
Temporal	-0.11647600773586092	25.108529196605666	NA	13.855903135637968	NA
Temporal	-0.11647600773586092	25.28411331686165	NA	13.782996019689072	NA
Temporal	-0.11647600773586092	25.459697437117637	NA	13.710542570433251	NA
Temporal	-0.11647600773586092	25.63528155737362	NA	13.638536586014721	NA
Temporal	-0.11647600773586092	25.810865677629604	NA	13.566971951838697	NA
Temporal	-0.11647600773586092	25.986449797885587	NA	13.495842639118123	NA
Temporal	-0.11647600773586092	26.16203391814157	NA	13.425142703464463	NA
Temporal	-0.11647600773586092	26.337618038397554	NA	13.3548662835199	NA
Temporal	-0.11647600773586092	26.513202158653538	NA	13.28500759962817	NA
Temporal	-0.11647600773586092	26.68878627890952	NA	13.215560952541828	NA
Temporal	-0.11647600773586092	26.864370399165505	NA	13.146520722163629	NA
Temporal	-0.11647600773586092	27.03995451942149	NA	13.077881366320124	NA
Temporal	-0.11647600773586092	27.215538639677472	NA	13.009637419565927	NA
Temporal	-0.11647600773586092	27.391122759933456	NA	12.94178349201606	NA
Temporal	-0.11647600773586092	27.56670688018944	NA	12.874314268206179	NA
Temporal	-0.11647600773586092	27.616476007735862	12.67678857070136	12.855259262609412	1.2060205081706268
Temporal	-0.11647600773586092	27.742291000445423	NA	12.80722450597818	NA
Temporal	-0.11647600773586092	27.917875120701407	NA	12.740509035390462	NA
Temporal	-0.11647600773586092	28.09345924095739	NA	12.674162757651432	NA
Temporal	-0.11647600773586092	28.269043361213374	NA	12.608180644075238	NA
Temporal	-0.11647600773586092	28.444627481469357	NA	12.542557735058748	NA
Temporal	-0.11647600773586092	28.62021160172534	NA	12.477289139078744	NA
Temporal	-0.11647600773586092	28.795795721981325	NA	12.412370031708601	NA
Temporal	-0.11647600773586092	28.971379842237308	NA	12.347795654653558	NA
Temporal	-0.11647600773586092	29.14696396249329	NA	12.283561314803865	NA
Temporal	-0.11647600773586092	29.322548082749275	NA	12.219662383305218	NA
Temporal	-0.11647600773586092	29.49813220300526	NA	12.156094294645657	NA
Temporal	-0.11647600773586092	29.673716323261242	NA	12.092852545758621	NA
Temporal	-0.11647600773586092	29.849300443517226	NA	12.029932695141296	NA
Temporal	-0.11647600773586092	30.02488456377321	NA	11.967344535571144	NA
Temporal	-0.11647600773586092	30.200468684029193	NA	11.905604931861394	NA
Temporal	-0.11647600773586092	30.376052804285177	NA	11.844498804201868	NA
Temporal	-0.11647600773586092	30.55163692454116	NA	11.784000362681603	NA
Temporal	-0.11647600773586092	30.727221044797144	NA	11.724088498428529	NA
Temporal	-0.11647600773586092	30.90280516505313	NA	11.664743564365109	NA
Temporal	-0.11647600773586092	31.078389285309115	NA	11.605947247890755	NA
Temporal	-0.11647600773586092	31.253973405565098	NA	11.547682455121825	NA
Temporal	-0.11647600773586092	31.42955752582108	NA	11.489933205633244	NA
Temporal	-0.11647600773586092	31.605141646077065	NA	11.432684536742475	NA
Temporal	-0.11647600773586092	31.78072576633305	NA	11.375922416464299	NA
Temporal	-0.11647600773586092	31.956309886589032	NA	11.319633702690444	NA
Temporal	-0.11647600773586092	32.131894006845016	NA	11.263805985350892	NA
Temporal	-0.11647600773586092	32.307478127101	NA	11.208427545028009	NA
Temporal	-0.11647600773586092	32.48306224735698	NA	11.153487349517277	NA
Temporal	-0.11647600773586092	32.61647600773586	11.021378115412103	11.112028926272053	1.1067431838713475
Temporal	-0.11647600773586092	32.65864636761297	NA	11.098974966801167	NA
Temporal	-0.11647600773586092	32.83423048786895	NA	11.04488051571732	NA
Temporal	-0.11647600773586092	33.009814608124934	NA	10.991194621062823	NA
Temporal	-0.11647600773586092	33.18539872838092	NA	10.937908372729941	NA
Temporal	-0.11647600773586092	33.3609828486369	NA	10.885013288505663	NA
Temporal	-0.11647600773586092	33.536566968892885	NA	10.832501280200805	NA
Temporal	-0.11647600773586092	33.71215108914887	NA	10.780364622805424	NA
Temporal	-0.11647600773586092	33.88773520940485	NA	10.728595926394396	NA
Temporal	-0.11647600773586092	34.063319329660835	NA	10.677188110532967	NA
Temporal	-0.11647600773586092	34.23890344991682	NA	10.626134380954277	NA
Temporal	-0.11647600773586092	34.4144875701728	NA	10.575428208302169	NA
Temporal	-0.11647600773586092	34.590071690428786	NA	10.525063308751262	NA
Temporal	-0.11647600773586092	34.76565581068477	NA	10.475033626333568	NA
Temporal	-0.11647600773586092	34.94123993094075	NA	10.425333316816358	NA
Temporal	-0.11647600773586092	35.11682405119674	NA	10.375956732990428	NA
Temporal	-0.11647600773586092	35.29240817145272	NA	10.326898411240533	NA
Temporal	-0.11647600773586092	35.467992291708704	NA	10.278153059281658	NA
Temporal	-0.11647600773586092	35.64357641196469	NA	10.229715544955338	NA
Temporal	-0.11647600773586092	35.81916053222067	NA	10.18158088598983	NA
Temporal	-0.11647600773586092	35.994744652476655	NA	10.133744240637007	NA
Temporal	-0.11647600773586092	36.17032877273264	NA	10.08620089910637	NA
Temporal	-0.11647600773586092	36.34591289298862	NA	10.038946275724232	NA
Temporal	-0.11647600773586092	36.521497013244606	NA	9.991975901752554	NA
Temporal	-0.11647600773586092	36.69708113350059	NA	9.94528541880775	NA
Temporal	-0.11647600773586092	36.87266525375657	NA	9.898870572825524	NA
Temporal	-0.11647600773586092	37.048249374012556	NA	9.852727208522445	NA
Temporal	-0.11647600773586092	37.22383349426854	NA	9.806851264309627	NA
Temporal	-0.11647600773586092	37.39941761452452	NA	9.761238767617877	NA
Temporal	-0.11647600773586092	37.57500173478051	NA	9.715885830597513	NA
Temporal	-0.11647600773586092	37.61647600773586	9.562755727206758	9.705210650861957	1.0217746219934254
Temporal	-0.11647600773586092	37.75058585503649	NA	9.670788646159105	NA
Temporal	-0.11647600773586092	37.926169975292474	NA	9.625943484324898	NA
Temporal	-0.11647600773586092	38.10175409554846	NA	9.581346688863015	NA
Temporal	-0.11647600773586092	38.27733821580444	NA	9.536994674179386	NA
Temporal	-0.11647600773586092	38.452922336060425	NA	9.492883922444486	NA
Temporal	-0.11647600773586092	38.62850645631641	NA	9.449010980934062	NA
Temporal	-0.11647600773586092	38.80409057657239	NA	9.4053724595649	NA
Temporal	-0.11647600773586092	38.979674696828376	NA	9.361965028608568	NA
Temporal	-0.11647600773586092	39.15525881708436	NA	9.318785416567422	NA
Temporal	-0.11647600773586092	39.33084293734035	NA	9.27583040819865	NA
Temporal	-0.11647600773586092	39.50642705759633	NA	9.233096842673477	NA
Temporal	-0.11647600773586092	39.68201117785232	NA	9.190581611859828	NA
Temporal	-0.11647600773586092	39.8575952981083	NA	9.148281664604214	NA
Temporal	-0.11647600773586092	40.033179418364284	NA	9.106194013527352	NA
Temporal	-0.11647600773586092	40.20876353862027	NA	9.064315672520543	NA
Temporal	-0.11647600773586092	40.38434765887625	NA	9.022643729200015	NA
Temporal	-0.11647600773586092	40.559931779132235	NA	8.981175316800766	NA
Temporal	-0.11647600773586092	40.73551589938822	NA	8.939907613006689	NA
Temporal	-0.11647600773586092	40.9111000196442	NA	8.898837838846442	NA
Temporal	-0.11647600773586092	41.086684139900186	NA	8.857963257650438	NA
Temporal	-0.11647600773586092	41.26226826015617	NA	8.817281174063261	NA
Temporal	-0.11647600773586092	41.43785238041215	NA	8.776788933107285	NA
Temporal	-0.11647600773586092	41.613436500668136	NA	8.736483919293281	NA
Temporal	-0.11647600773586092	41.78902062092412	NA	8.696363555774248	NA
Temporal	-0.11647600773586092	41.9646047411801	NA	8.656425303538967	NA
Temporal	-0.11647600773586092	42.14018886143609	NA	8.616666660642288	NA
Temporal	-0.11647600773586092	42.31577298169207	NA	8.577085161469183	NA
Temporal	-0.11647600773586092	42.491357101948054	NA	8.537678376029978	NA
Temporal	-0.11647600773586092	42.61647600773586	8.49326825786453	8.50970282826714	0.9524378778458922
Temporal	-0.11647600773586092	42.66694122220404	NA	8.498443909284552	NA
Temporal	-0.11647600773586092	42.84252534246002	NA	8.459379400493033	NA
Temporal	-0.11647600773586092	43.018109462716005	NA	8.42048252259146	NA
Temporal	-0.11647600773586092	43.19369358297199	NA	8.381750981590164	NA
Temporal	-0.11647600773586092	43.36927770322797	NA	8.34318251599363	NA
Temporal	-0.11647600773586092	43.544861823483956	NA	8.30477489624007	NA
Temporal	-0.11647600773586092	43.72044594373994	NA	8.266525924159481	NA
Temporal	-0.11647600773586092	43.89603006399592	NA	8.228433432448936	NA
Temporal	-0.11647600773586092	44.07161418425191	NA	8.190495284163928	NA
Temporal	-0.11647600773586092	44.24719830450789	NA	8.152709372224782	NA
Temporal	-0.11647600773586092	44.422782424763874	NA	8.115073618937123	NA
Temporal	-0.11647600773586092	44.59836654501986	NA	8.077585975525645	NA
Temporal	-0.11647600773586092	44.77395066527584	NA	8.040244421680226	NA
Temporal	-0.11647600773586092	44.949534785531824	NA	8.003046965113816	NA
Temporal	-0.11647600773586092	45.12511890578781	NA	7.9659916411313425	NA
Temporal	-0.11647600773586092	45.30070302604379	NA	7.929076512209068	NA
Temporal	-0.11647600773586092	45.476287146299775	NA	7.892512230634437	NA
Temporal	-0.11647600773586092	45.65187126655576	NA	7.8564982759957145	NA
Temporal	-0.11647600773586092	45.82745538681174	NA	7.82100272337064	NA
Temporal	-0.11647600773586092	46.003039507067726	NA	7.786002129016776	NA
Temporal	-0.11647600773586092	46.17862362732371	NA	7.751474867340379	NA
Temporal	-0.11647600773586092	46.35420774757969	NA	7.717400969045232	NA
Temporal	-0.11647600773586092	46.52979186783568	NA	7.683761974023773	NA
Temporal	-0.11647600773586092	46.70537598809166	NA	7.650540797643006	NA
Temporal	-0.11647600773586092	46.880960108347644	NA	7.617721609200978	NA
Temporal	-0.11647600773586092	47.05654422860363	NA	7.58528972144147	NA
Temporal	-0.11647600773586092	47.23212834885961	NA	7.553231490116411	NA
Temporal	-0.11647600773586092	47.407712469115594	NA	7.52153422267784	NA
Temporal	-0.11647600773586092	47.58329658937158	NA	7.490186095265057	NA
Temporal	-0.11647600773586092	47.61647600773586	7.64558180511156	7.484300862121768	0.8933233529586769
Temporal	-0.11647600773586092	47.75888070962756	NA	7.459176077229369	NA
Temporal	-0.11647600773586092	47.934464829883545	NA	7.428493902206549	NA
Temporal	-0.11647600773586092	48.11004895013953	NA	7.398129892937111	NA
Temporal	-0.11647600773586092	48.28563307039551	NA	7.368075002138017	NA
Temporal	-0.11647600773586092	48.461217190651496	NA	7.338320745409343	NA
Temporal	-0.11647600773586092	48.63680131090748	NA	7.308859145207322	NA
Temporal	-0.11647600773586092	48.81238543116346	NA	7.279682688148505	NA
Temporal	-0.11647600773586092	48.98796955141945	NA	7.2507842861690746	NA
Temporal	-0.11647600773586092	49.16355367167543	NA	7.222157241187219	NA
Temporal	-0.11647600773586092	49.339137791931414	NA	7.193795212949018	NA
Temporal	-0.11647600773586092	49.5147219121874	NA	7.165692189767259	NA
Temporal	-0.11647600773586092	49.69030603244338	NA	7.137842461889272	NA
Temporal	-0.11647600773586092	49.865890152699365	NA	7.110240597253988	NA
Temporal	-0.11647600773586092	50.04147427295535	NA	7.082881419420335	NA
Temporal	-0.11647600773586092	50.21705839321133	NA	7.0557599874690204	NA
Temporal	-0.11647600773586092	50.392642513467315	NA	7.0288715776978385	NA
Temporal	-0.11647600773586092	50.5682266337233	NA	7.002211666947059	NA
Temporal	-0.11647600773586092	50.74381075397929	NA	6.975775917406405	NA
Temporal	-0.11647600773586092	50.91939487423527	NA	6.9495601627688135	NA
Temporal	-0.11647600773586092	51.09497899449126	NA	6.923560395608162	NA
Temporal	-0.11647600773586092	51.27056311474724	NA	6.897772755869888	NA
Temporal	-0.11647600773586092	51.446147235003224	NA	6.872193520373021	NA
Temporal	-0.11647600773586092	51.62173135525921	NA	6.8468190932318604	NA
Temporal	-0.11647600773586092	51.79731547551519	NA	6.8216459971136585	NA
Temporal	-0.11647600773586092	51.972899595771175	NA	6.796670865256416	NA
Temporal	-0.11647600773586092	52.14848371602716	NA	6.7718904341778074	NA
Temporal	-0.11647600773586092	52.32406783628314	NA	6.747301537012585	NA
Temporal	-0.11647600773586092	52.499651956539125	NA	6.722901097421421	NA
Temporal	-0.11647600773586092	52.61647600773586	6.93275185307322	6.706769316616121	0.8460382092472831
Temporal	-0.11647600773586092	52.67523607679511	NA	6.698686124019555	NA
Temporal	-0.11647600773586092	52.85082019705109	NA	6.674653705278106	NA
Temporal	-0.11647600773586092	53.026404317307076	NA	6.650801004855424	NA
Temporal	-0.11647600773586092	53.20198843756306	NA	6.627125257319535	NA
Temporal	-0.11647600773586092	53.37757255781904	NA	6.603623764226503	NA
Temporal	-0.11647600773586092	53.55315667807503	NA	6.580293890522562	NA
Temporal	-0.11647600773586092	53.72874079833101	NA	6.557133061240911	NA
Temporal	-0.11647600773586092	53.904324918586994	NA	6.534138758466717	NA
Temporal	-0.11647600773586092	54.07990903884298	NA	6.511308518546181	NA
Temporal	-0.11647600773586092	54.25549315909896	NA	6.488639929517929	NA
Temporal	-0.11647600773586092	54.431077279354945	NA	6.466130628746654	NA
Temporal	-0.11647600773586092	54.60666139961093	NA	6.443778300741159	NA
Temporal	-0.11647600773586092	54.78224551986691	NA	6.421580675140239	NA
Temporal	-0.11647600773586092	54.957829640122895	NA	6.39953552485153	NA
Temporal	-0.11647600773586092	55.13341376037888	NA	6.377640664329741	NA
Temporal	-0.11647600773586092	55.30899788063486	NA	6.35589394798197	NA
Temporal	-0.11647600773586092	55.484582000890846	NA	6.334293268688877	NA
Temporal	-0.11647600773586092	55.66016612114683	NA	6.312836556431501	NA
Temporal	-0.11647600773586092	55.83575024140281	NA	6.2915217867157995	NA
Temporal	-0.11647600773586092	56.0113343616588	NA	6.27034696148619	NA
Temporal	-0.11647600773586092	56.18691848191478	NA	6.24931010291587	NA
Temporal	-0.11647600773586092	56.362502602170764	NA	6.228409277476384	NA
Temporal	-0.11647600773586092	56.53808672242675	NA	6.207642583162059	NA
Temporal	-0.11647600773586092	56.71367084268273	NA	6.187008148583286	NA
Temporal	-0.11647600773586092	56.889254962938715	NA	6.166504132115845	NA
Temporal	-0.11647600773586092	57.0648390831947	NA	6.146128721101561	NA
Temporal	-0.11647600773586092	57.24042320345068	NA	6.125880131095866	NA
Temporal	-0.11647600773586092	57.416007323706665	NA	6.105756605158427	NA
Temporal	-0.11647600773586092	57.59159144396265	NA	6.085756413183178	NA
Temporal	-0.11647600773586092	57.61647600773586	6.220837949482935	6.0829317271183	0.8010156664100823
Temporal	-0.11647600773586092	57.76717556421863	NA	6.065877851264524	NA
Temporal	-0.11647600773586092	57.942759684474616	NA	6.046119241096762	NA
Temporal	-0.11647600773586092	58.1183438047306	NA	6.026478929404007	NA
Temporal	-0.11647600773586092	58.29392792498658	NA	6.0069552873981795	NA
Temporal	-0.11647600773586092	58.46951204524257	NA	5.98754671026276	NA
Temporal	-0.11647600773586092	58.64509616549855	NA	5.968251616660372	NA
Temporal	-0.11647600773586092	58.820680285754534	NA	5.9490684482622465	NA
Temporal	-0.11647600773586092	58.99626440601052	NA	5.929995669297926	NA
Temporal	-0.11647600773586092	59.1718485262665	NA	5.911031766123684	NA
Temporal	-0.11647600773586092	59.347432646522485	NA	5.892175246808155	NA
Temporal	-0.11647600773586092	59.52301676677847	NA	5.873424640734038	NA
Temporal	-0.11647600773586092	59.69860088703445	NA	5.854778498214635	NA
Temporal	-0.11647600773586092	59.874185007290436	NA	5.836237238865493	NA
Temporal	-0.11647600773586092	60.04976912754642	NA	5.818223371973482	NA
Temporal	-0.11647600773586092	60.2253532478024	NA	5.800466962285947	NA
Temporal	-0.11647600773586092	60.400937368058386	NA	5.782944500171644	NA
Temporal	-0.11647600773586092	60.57652148831437	NA	5.765647059102508	NA
Temporal	-0.11647600773586092	60.75210560857035	NA	5.748566359360305	NA
Temporal	-0.11647600773586092	60.92768972882634	NA	5.7316947111872905	NA
Temporal	-0.11647600773586092	61.10327384908232	NA	5.715024963104745	NA
Temporal	-0.11647600773586092	61.278857969338304	NA	5.698550454927263	NA
Temporal	-0.11647600773586092	61.45444208959429	NA	5.682264975043731	NA
Temporal	-0.11647600773586092	61.63002620985027	NA	5.666162721575174	NA
Temporal	-0.11647600773586092	61.80561033010626	NA	5.650238267055305	NA
Temporal	-0.11647600773586092	61.981194450362246	NA	5.634486526312057	NA
Temporal	-0.11647600773586092	62.15677857061823	NA	5.618902727257699	NA
Temporal	-0.11647600773586092	62.33236269087421	NA	5.603482384321893	NA
Temporal	-0.11647600773586092	62.507946811130196	NA	5.588221274286429	NA
Temporal	-0.11647600773586092	62.61647600773586	5.910278639326423	5.578866249841828	0.767297136702956
Temporal	-0.11647600773586092	62.68353093138618	NA	5.573115414302307	NA
Temporal	-0.11647600773586092	62.85911505164216	NA	5.558161041890001	NA
Temporal	-0.11647600773586092	63.03469917189815	NA	5.543354596741839	NA
Temporal	-0.11647600773586092	63.21028329215413	NA	5.528692704162149	NA
Temporal	-0.11647600773586092	63.385867412410114	NA	5.514172159995602	NA
Temporal	-0.11647600773586092	63.5614515326661	NA	5.499789916908144	NA
Temporal	-0.11647600773586092	63.73703565292208	NA	5.4855430737359425	NA
Temporal	-0.11647600773586092	63.912619773178065	NA	5.471428876544925	NA
Temporal	-0.11647600773586092	64.08820389343404	NA	5.457444659173091	NA
Temporal	-0.11647600773586092	64.26378801369003	NA	5.44358788739114	NA
Temporal	-0.11647600773586092	64.43937213394601	NA	5.429856131535233	NA
Temporal	-0.11647600773586092	64.614956254202	NA	5.416247058673795	NA
Temporal	-0.11647600773586092	64.79054037445798	NA	5.402758425467181	NA
Temporal	-0.11647600773586092	64.96612449471397	NA	5.389388071657158	NA
Temporal	-0.11647600773586092	65.14170861496994	NA	5.376133914128935	NA
Temporal	-0.11647600773586092	65.31729273522593	NA	5.362993941493662	NA
Temporal	-0.11647600773586092	65.49287685548191	NA	5.349966209144188	NA
Temporal	-0.11647600773586092	65.6684609757379	NA	5.3370488347409255	NA
Temporal	-0.11647600773586092	65.84404509599388	NA	5.324239994088984	NA
Temporal	-0.11647600773586092	66.01962921624987	NA	5.311537917370946	NA
Temporal	-0.11647600773586092	66.19521333650584	NA	5.298940885703123	NA
Temporal	-0.11647600773586092	66.37079745676184	NA	5.286447227985932	NA
Temporal	-0.11647600773586092	66.54638157701781	NA	5.274055318021834	NA
Temporal	-0.11647600773586092	66.7219656972738	NA	5.261763571876603	NA
Temporal	-0.11647600773586092	66.89754981752978	NA	5.249570445461982	NA
Temporal	-0.11647600773586092	67.07313393778577	NA	5.2374744323197255	NA
Temporal	-0.11647600773586092	67.24871805804175	NA	5.225474061588876	NA
Temporal	-0.11647600773586092	67.42430217829774	NA	5.213567896139757	NA
Temporal	-0.11647600773586092	67.59988629855373	NA	5.2017545308598265	NA
Temporal	-0.11647600773586092	67.61647600773586	5.542126684688736	5.200643112668809	0.7366919864157483
Temporal	-0.11647600773586092	67.7754704188097	NA	5.190032591077521	NA
Temporal	-0.11647600773586092	67.9510545390657	NA	5.178400731111971	NA
Temporal	-0.11647600773586092	68.12663865932167	NA	5.166857632937182	NA
Temporal	-0.11647600773586092	68.30222277957766	NA	5.15540200495047	NA
Temporal	-0.11647600773586092	68.47780689983364	NA	5.144032580835914	NA
Temporal	-0.11647600773586092	68.65339102008963	NA	5.132748118514346	NA
Temporal	-0.11647600773586092	68.8289751403456	NA	5.121547399172177	NA
Temporal	-0.11647600773586092	69.0045592606016	NA	5.110429226362104	NA
Temporal	-0.11647600773586092	69.18014338085757	NA	5.099392425169411	NA
Temporal	-0.11647600773586092	69.35572750111356	NA	5.088435841437959	NA
Temporal	-0.11647600773586092	69.53131162136954	NA	5.077558341050757	NA
Temporal	-0.11647600773586092	69.70689574162553	NA	5.066758809260299	NA
Temporal	-0.11647600773586092	69.8824798618815	NA	5.056036150064279	NA
Temporal	-0.11647600773586092	70.0580639821375	NA	5.045389285622867	NA
Temporal	-0.11647600773586092	70.23364810239347	NA	5.034817155713845	NA
Temporal	-0.11647600773586092	70.40923222264946	NA	5.0243187172223704	NA
Temporal	-0.11647600773586092	70.58481634290544	NA	5.013892943662528	NA
Temporal	-0.11647600773586092	70.76040046316143	NA	5.0035388247277455	NA
Temporal	-0.11647600773586092	70.93598458341741	NA	4.9932553658678565	NA
Temporal	-0.11647600773586092	71.1115687036734	NA	4.983041587890404	NA
Temporal	-0.11647600773586092	71.28715282392938	NA	4.972896526584257	NA
Temporal	-0.11647600773586092	71.46273694418537	NA	4.96281923236371	NA
Temporal	-0.11647600773586092	71.63832106444134	NA	4.952808769931236	NA
Temporal	-0.11647600773586092	71.81390518469733	NA	4.94286422516811	NA
Temporal	-0.11647600773586092	71.98948930495331	NA	4.932984685667486	NA
Temporal	-0.11647600773586092	72.1650734252093	NA	4.923169254403235	NA
Temporal	-0.11647600773586092	72.34065754546528	NA	4.913417050189203	NA
Temporal	-0.11647600773586092	72.51624166572127	NA	4.903727204673832	NA
Temporal	-0.11647600773586092	72.61647600773586	5.092408804000813	4.898223253446768	0.7074643379404949
Temporal	-0.11647600773586092	72.69182578597724	NA	4.894098862087875	NA
Temporal	-0.11647600773586092	72.86740990623323	NA	4.884531179002597	NA
Temporal	-0.11647600773586092	73.04299402648921	NA	4.875023324097759	NA
Temporal	-0.11647600773586092	73.2185781467452	NA	4.865574477938614	NA
Temporal	-0.11647600773586092	73.39416226700118	NA	4.856183832761283	NA
Temporal	-0.11647600773586092	73.56974638725717	NA	4.846850592265884	NA
Temporal	-0.11647600773586092	73.74533050751315	NA	4.837573971416895	NA
Temporal	-0.11647600773586092	73.92091462776914	NA	4.828353196250198	NA
Temporal	-0.11647600773586092	74.09649874802511	NA	4.819187503686422	NA
Temporal	-0.11647600773586092	74.2720828682811	NA	4.81007614135009	NA
Temporal	-0.11647600773586092	74.44766698853708	NA	4.801018367394255	NA
Temporal	-0.11647600773586092	74.62325110879307	NA	4.7920134503302405	NA
Temporal	-0.11647600773586092	74.79883522904905	NA	4.783060668862146	NA
Temporal	-0.11647600773586092	74.97441934930504	NA	4.774159311725877	NA
Temporal	-0.11647600773586092	75.15000346956101	NA	4.765308677532433	NA
Temporal	-0.11647600773586092	75.325587589817	NA	4.756508074615117	NA
Temporal	-0.11647600773586092	75.50117171007298	NA	4.747756820880576	NA
Temporal	-0.11647600773586092	75.67675583032897	NA	4.739054243663368	NA
Temporal	-0.11647600773586092	75.85233995058495	NA	4.7303996795838925	NA
Temporal	-0.11647600773586092	76.02792407084094	NA	4.721792474409552	NA
Temporal	-0.11647600773586092	76.20350819109692	NA	4.713231982918896	NA
Temporal	-0.11647600773586092	76.3790923113529	NA	4.704717568768743	NA
Temporal	-0.11647600773586092	76.55467643160888	NA	4.696248604363956	NA
Temporal	-0.11647600773586092	76.73026055186487	NA	4.687824470729937	NA
Temporal	-0.11647600773586092	76.90584467212085	NA	4.679444557387587	NA
Temporal	-0.11647600773586092	77.08142879237684	NA	4.6711082622307085	NA
Temporal	-0.11647600773586092	77.25701291263282	NA	4.662814991405689	NA
Temporal	-0.11647600773586092	77.43259703288881	NA	4.654564159193448	NA
Temporal	-0.11647600773586092	77.60818115314478	NA	4.6463551878934926	NA
Temporal	-0.11647600773586092	77.61647600773586	4.896847070244687	4.645968413196161	0.6861044628556173
Temporal	-0.11647600773586092	77.78376527340077	NA	4.6381875077100485	NA
Temporal	-0.11647600773586092	77.95934939365675	NA	4.630060556640205	NA
Temporal	-0.11647600773586092	78.13493351391274	NA	4.621973780363884	NA
Temporal	-0.11647600773586092	78.31051763416872	NA	4.613926632135811	NA
Temporal	-0.11647600773586092	78.48610175442471	NA	4.605918572679185	NA
Temporal	-0.11647600773586092	78.6616858746807	NA	4.597949070081117	NA
Temporal	-0.11647600773586092	78.83726999493668	NA	4.590017599689783	NA
Temporal	-0.11647600773586092	79.01285411519267	NA	4.582123644013209	NA
Temporal	-0.11647600773586092	79.18843823544864	NA	4.574266692619645	NA
Temporal	-0.11647600773586092	79.36402235570463	NA	4.566446242039536	NA
Temporal	-0.11647600773586092	79.53960647596061	NA	4.558661795668974	NA
Temporal	-0.11647600773586092	79.7151905962166	NA	4.550912865617543	NA
Temporal	-0.11647600773586092	79.89077471647258	NA	4.543198970087192	NA
Temporal	-0.11647600773586092	80.06635883672857	NA	4.53551962906244	NA
Temporal	-0.11647600773586092	80.24194295698454	NA	4.527874372468666	NA
Temporal	-0.11647600773586092	80.41752707724054	NA	4.5202627366357175	NA
Temporal	-0.11647600773586092	80.59311119749651	NA	4.512684264209777	NA
Temporal	-0.11647600773586092	80.7686953177525	NA	4.5051385040665055	NA
Temporal	-0.11647600773586092	80.94427943800848	NA	4.49762501122549	NA
Temporal	-0.11647600773586092	81.11986355826447	NA	4.490143346765846	NA
Temporal	-0.11647600773586092	81.29544767852045	NA	4.482693077743171	NA
Temporal	-0.11647600773586092	81.47103179877644	NA	4.475273777107591	NA
Temporal	-0.11647600773586092	81.64661591903241	NA	4.467885023622986	NA
Temporal	-0.11647600773586092	81.8222000392884	NA	4.4605264017874395	NA
Temporal	-0.11647600773586092	81.99778415954438	NA	4.453197501754707	NA
Temporal	-0.11647600773586092	82.17336827980037	NA	4.445897919256932	NA
Temporal	-0.11647600773586092	82.34895240005635	NA	4.438627255528331	NA
Temporal	-0.11647600773586092	82.52453652031234	NA	4.431385117230023	NA
Temporal	-0.11647600773586092	82.61647600773586	4.577750280251836	4.427604231017727	0.6650942345012545
Temporal	-0.11647600773586092	82.70012064056831	NA	4.424171116375878	NA
Temporal	-0.11647600773586092	82.8757047608243	NA	4.416984870259447	NA
Temporal	-0.11647600773586092	83.05128888108028	NA	4.409826001381856	NA
Temporal	-0.11647600773586092	83.22687300133627	NA	4.402694137380749	NA
Temporal	-0.11647600773586092	83.40245712159225	NA	4.395588910960227	NA
Temporal	-0.11647600773586092	83.57804124184824	NA	4.388509959821703	NA
Temporal	-0.11647600773586092	83.75362536210422	NA	4.381456926595774	NA
Temporal	-0.11647600773586092	83.9292094823602	NA	4.37442945877502	NA
Temporal	-0.11647600773586092	84.10479360261618	NA	4.367427208647707	NA
Temporal	-0.11647600773586092	84.28037772287217	NA	4.360449833232447	NA
Temporal	-0.11647600773586092	84.45596184312815	NA	4.35349699421372	NA
Temporal	-0.11647600773586092	84.63154596338414	NA	4.346568357878328	NA
Temporal	-0.11647600773586092	84.80713008364012	NA	4.339663595052678	NA
Temporal	-0.11647600773586092	84.98271420389611	NA	4.332782381040952	NA
Temporal	-0.11647600773586092	85.158298324152085	NA	4.325924395564116	NA
Temporal	-0.11647600773586092	85.33388244440808	NA	4.319089322699799	NA
Temporal	-0.11647600773586092	85.50946656466405	NA	4.312276850822942	NA
Temporal	-0.11647600773586092	85.68505068492004	NA	4.305486672547303	NA
Temporal	-0.11647600773586092	85.86063480517602	NA	4.2987184846677575	NA
Temporal	-0.11647600773586092	86.03621892543201	NA	4.291971988103349	NA
Temporal	-0.11647600773586092	86.21180304568799	NA	4.285246887841195	NA
Temporal	-0.11647600773586092	86.38738716594398	NA	4.278542892881085	NA
Temporal	-0.11647600773586092	86.56297128619995	NA	4.271859716180881	NA
Temporal	-0.11647600773586092	86.73855540645594	NA	4.265197074602639	NA
Temporal	-0.11647600773586092	86.91413952671192	NA	4.258554688859498	NA
Temporal	-0.11647600773586092	87.08972364696791	NA	4.251932283463263	NA
Temporal	-0.11647600773586092	87.26530776722389	NA	4.245329586672712	NA
Temporal	-0.11647600773586092	87.44089188747988	NA	4.238746330442615	NA
Temporal	-0.11647600773586092	87.61647600773586	4.346611639462017	4.232167594531448	0.6483100686967205
Thalamus	-0.11647600773586092	0	0	-2.611543983618226e-14	0
Thalamus	-0.11647600773586092	0.1755841202559837	NA	0.06436953416959756	NA
Thalamus	-0.11647600773586092	0.3511682405119674	NA	0.796989160551649	NA
Thalamus	-0.11647600773586092	0.3664760077358609	0.900216064177253	0.9481253270980543	0.5943509963021504
Thalamus	-0.11647600773586092	0.5267523607679511	NA	2.8774070483651513	NA
Thalamus	-0.11647600773586092	0.7023364810239348	NA	5.579774096886942	NA
Thalamus	-0.11647600773586092	0.8664760077358609	7.260621030434004	8.184247628441303	0.7672901618860205
Thalamus	-0.11647600773586092	0.8779206012799184	NA	8.37107218889352	NA
Thalamus	-0.11647600773586092	1.0535047215359021	NA	11.114054614106342	NA
Thalamus	-0.11647600773586092	1.229088841791886	NA	13.482537290655676	NA
Thalamus	-0.11647600773586092	1.3664760077358609	15.037838596197366	15.42746559537641	0.8788492461736329
Thalamus	-0.11647600773586092	1.4046729620478695	NA	16.006734441732075	NA
Thalamus	-0.11647600773586092	1.580257082303853	NA	18.98054189188766	NA
Thalamus	-0.11647600773586092	1.7558412025598369	NA	22.34901445814846	NA
Thalamus	-0.11647600773586092	1.8664760077358609	23.24647541306646	23.90737021706304	0.9728198736248336
Thalamus	-0.11647600773586092	1.9314253228158207	NA	24.73775463299979	NA
Thalamus	-0.11647600773586092	2.1070094430718043	NA	26.400004509977094	NA
Thalamus	-0.11647600773586092	2.282593563327788	NA	27.20317583172808	NA
Thalamus	-0.11647600773586092	2.366476007735861	28.31729892210889	27.47280818108776	1.0163760689043335
Thalamus	-0.11647600773586092	2.458177683583772	NA	27.649315899018166	NA
Thalamus	-0.11647600773586092	2.6337618038397554	NA	28.12882577537833	NA
Thalamus	-0.11647600773586092	2.809345924095739	NA	28.534019949508842	NA
Thalamus	-0.11647600773586092	2.866476007735861	28.69691000949662	28.62615338762837	1.019964999191554
Thalamus	-0.11647600773586092	2.9849300443517226	NA	28.757500831005476	NA
Thalamus	-0.11647600773586092	3.160514164607706	NA	28.770261227540004	NA
Thalamus	-0.11647600773586092	3.33609828486369	NA	28.7312003018777	NA
Thalamus	-0.11647600773586092	3.5116824051196738	NA	28.66241960148007	NA
Thalamus	-0.11647600773586092	3.616476007735861	29.074323609756853	28.606372296174715	1.2278590277659935
Thalamus	-0.11647600773586092	3.6872665253756574	NA	28.56192898176231	NA
Thalamus	-0.11647600773586092	3.8628506456316414	NA	28.428094554846755	NA
Thalamus	-0.11647600773586092	4.038434765887625	NA	28.259585321582858	NA
Thalamus	-0.11647600773586092	4.2140188861436085	NA	28.05532771543741	NA
Thalamus	-0.11647600773586092	4.389603006399592	NA	27.814466886099805	NA
Thalamus	-0.11647600773586092	4.565187126655576	NA	27.536333724295513	NA
Thalamus	-0.11647600773586092	4.616476007735861	27.757358348742336	27.4480004182347	1.2000149637571242
Thalamus	-0.11647600773586092	4.740771246911559	NA	27.220416777224557	NA
Thalamus	-0.11647600773586092	4.916355367167544	NA	26.866338330051395	NA
Thalamus	-0.11647600773586092	5.091939487423527	NA	26.562371527597747	NA
Thalamus	-0.11647600773586092	5.267523607679511	NA	26.352927100844	NA
Thalamus	-0.11647600773586092	5.4431077279354945	NA	26.169748874948272	NA
Thalamus	-0.11647600773586092	5.616476007735861	25.655540731894508	26.00996631177181	1.1648157536601829
Thalamus	-0.11647600773586092	5.618691848191478	NA	26.00803947566708	NA
Thalamus	-0.11647600773586092	5.794275968447462	NA	25.863720949730315	NA
Thalamus	-0.11647600773586092	5.969860088703445	NA	25.73332810169179	NA
Thalamus	-0.11647600773586092	6.145444208959429	NA	25.61391763328151	NA
Thalamus	-0.11647600773586092	6.321028329215412	NA	25.502990744184345	NA
Thalamus	-0.11647600773586092	6.496612449471397	NA	25.39842719998812	NA
Thalamus	-0.11647600773586092	6.67219656972738	NA	25.29842916848371	NA
Thalamus	-0.11647600773586092	6.847780689983364	NA	25.201473377171276	NA
Thalamus	-0.11647600773586092	7.0233648102393476	NA	25.106270359214413	NA
Thalamus	-0.11647600773586092	7.116476007735861	23.44496060427375	25.05611571598083	1.3782105140306276
Thalamus	-0.11647600773586092	7.198948930495331	NA	25.01172973771146	NA
Thalamus	-0.11647600773586092	7.374533050751315	NA	24.916930653725398	NA
Thalamus	-0.11647600773586092	7.550117171007298	NA	24.82109657603799	NA
Thalamus	-0.11647600773586092	7.725701291263283	NA	24.723573843486694	NA
Thalamus	-0.11647600773586092	7.901285411519266	NA	24.623813386909674	NA
Thalamus	-0.11647600773586092	8.07686953177525	NA	24.52135486001798	NA
Thalamus	-0.11647600773586092	8.252453652031233	NA	24.415814025340886	NA
Thalamus	-0.11647600773586092	8.428037772287217	NA	24.30687123551702	NA
Thalamus	-0.11647600773586092	8.6036218925432	NA	24.194261529210483	NA
Thalamus	-0.11647600773586092	8.779206012799184	NA	24.07776658579619	NA
Thalamus	-0.11647600773586092	8.954790133055168	NA	23.957207744824508	NA
Thalamus	-0.11647600773586092	9.11647600773586	22.40642055077008	23.842471735562945	1.3074986716585597
Thalamus	-0.11647600773586092	9.130374253311151	NA	23.832440060290597	NA
Thalamus	-0.11647600773586092	9.305958373567135	NA	23.703347236402706	NA
Thalamus	-0.11647600773586092	9.481542493823119	NA	23.56983731425428	NA
Thalamus	-0.11647600773586092	9.657126614079102	NA	23.431838998152447	NA
Thalamus	-0.11647600773586092	9.832710734335087	NA	23.28929852683503	NA
Thalamus	-0.11647600773586092	10.008294854591071	NA	23.142177008848368	NA
Thalamus	-0.11647600773586092	10.183878974847055	NA	22.995684546866304	NA
Thalamus	-0.11647600773586092	10.359463095103038	NA	22.86393195180962	NA
Thalamus	-0.11647600773586092	10.535047215359022	NA	22.738537136977385	NA
Thalamus	-0.11647600773586092	10.710631335615005	NA	22.618680292762058	NA
Thalamus	-0.11647600773586092	10.886215455870989	NA	22.50366188776211	NA
Thalamus	-0.11647600773586092	11.061799576126973	NA	22.392884861431863	NA
Thalamus	-0.11647600773586092	11.237383696382956	NA	22.285839454686148	NA
Thalamus	-0.11647600773586092	11.41296781663894	NA	22.182090287663197	NA
Thalamus	-0.11647600773586092	11.588551936894923	NA	22.081265351742985	NA
Thalamus	-0.11647600773586092	11.764136057150907	NA	21.983046632236213	NA
Thalamus	-0.11647600773586092	11.93972017740689	NA	21.887162120169855	NA
Thalamus	-0.11647600773586092	12.115304297662874	NA	21.793379007383475	NA
Thalamus	-0.11647600773586092	12.290888417918858	NA	21.70149788963614	NA
Thalamus	-0.11647600773586092	12.466472538174841	NA	21.611347828393637	NA
Thalamus	-0.11647600773586092	12.61647600773586	22.956641490976487	21.53559109542478	1.6488746663169376
Thalamus	-0.11647600773586092	12.642056658430825	NA	21.52278214408798	NA
Thalamus	-0.11647600773586092	12.81764077868681	NA	21.435674832486278	NA
Thalamus	-0.11647600773586092	12.993224898942794	NA	21.349917511859633	NA
Thalamus	-0.11647600773586092	13.168809019198777	NA	21.265416822317615	NA
Thalamus	-0.11647600773586092	13.34439313945476	NA	21.18209221032307	NA
Thalamus	-0.11647600773586092	13.519977259710744	NA	21.099874041325787	NA
Thalamus	-0.11647600773586092	13.695561379966728	NA	21.018701991906823	NA
Thalamus	-0.11647600773586092	13.871145500222712	NA	20.93852368002561	NA
Thalamus	-0.11647600773586092	14.046729620478695	NA	20.8592934980979	NA
Thalamus	-0.11647600773586092	14.222313740734679	NA	20.78097161885619	NA
Thalamus	-0.11647600773586092	14.397897860990662	NA	20.70352314839693	NA
Thalamus	-0.11647600773586092	14.573481981246646	NA	20.626917404610328	NA
Thalamus	-0.11647600773586092	14.74906610150263	NA	20.551127302418596	NA
Thalamus	-0.11647600773586092	14.924650221758613	NA	20.476128830000434	NA
Thalamus	-0.11647600773586092	15.100234342014597	NA	20.401900602523295	NA
Thalamus	-0.11647600773586092	15.27581846227058	NA	20.32842348190182	NA
Thalamus	-0.11647600773586092	15.451402582526566	NA	20.255394259432702	NA
Thalamus	-0.11647600773586092	15.626986702782549	NA	20.181347269923872	NA
Thalamus	-0.11647600773586092	15.802570823038533	NA	20.107311598179965	NA
Thalamus	-0.11647600773586092	15.978154943294516	NA	20.033326524552713	NA
Thalamus	-0.11647600773586092	16.1537390635505	NA	19.95942512483466	NA
Thalamus	-0.11647600773586092	16.329323183806483	NA	19.885635167656588	NA
Thalamus	-0.11647600773586092	16.504907304062467	NA	19.81197992676137	NA
Thalamus	-0.11647600773586092	16.68049142431845	NA	19.73847884576899	NA
Thalamus	-0.11647600773586092	16.856075544574434	NA	19.66514810925944	NA
Thalamus	-0.11647600773586092	17.031659664830418	NA	19.59200112921798	NA
Thalamus	-0.11647600773586092	17.2072437850864	NA	19.51904895938171	NA
Thalamus	-0.11647600773586092	17.382827905342385	NA	19.446300648168464	NA
Thalamus	-0.11647600773586092	17.55841202559837	NA	19.37376353928728	NA
Thalamus	-0.11647600773586092	17.616476007735862	20.69201669317721	19.349823713664545	1.4615748685495742
Thalamus	-0.11647600773586092	17.733996145854352	NA	19.30144352778119	NA
Thalamus	-0.11647600773586092	17.909580266110336	NA	19.229345278105203	NA
Thalamus	-0.11647600773586092	18.08516438636632	NA	19.157472409863974	NA
Thalamus	-0.11647600773586092	18.260748506622303	NA	19.08582765600057	NA
Thalamus	-0.11647600773586092	18.436332626878286	NA	19.014412997517766	NA
Thalamus	-0.11647600773586092	18.61191674713427	NA	18.943229778208817	NA
Thalamus	-0.11647600773586092	18.787500867390253	NA	18.872278802359418	NA
Thalamus	-0.11647600773586092	18.963084987646237	NA	18.801560417944	NA
Thalamus	-0.11647600773586092	19.13866910790222	NA	18.731074587465436	NA
Thalamus	-0.11647600773586092	19.314253228158204	NA	18.66082094826914	NA
Thalamus	-0.11647600773586092	19.489837348414188	NA	18.590798863891145	NA
Thalamus	-0.11647600773586092	19.665421468670175	NA	18.521007467768616	NA
Thalamus	-0.11647600773586092	19.84100558892616	NA	18.45144570044475	NA
Thalamus	-0.11647600773586092	20.016589709182142	NA	18.38211234123189	NA
Thalamus	-0.11647600773586092	20.192173829438126	NA	18.31300603515439	NA
Thalamus	-0.11647600773586092	20.36775794969411	NA	18.244125315870512	NA
Thalamus	-0.11647600773586092	20.543342069950093	NA	18.17546862516955	NA
Thalamus	-0.11647600773586092	20.718926190206076	NA	18.107034329551716	NA
Thalamus	-0.11647600773586092	20.89451031046206	NA	18.03882073432326	NA
Thalamus	-0.11647600773586092	21.070094430718044	NA	17.970826095575152	NA
Thalamus	-0.11647600773586092	21.245678550974027	NA	17.90304863035931	NA
Thalamus	-0.11647600773586092	21.42126267123001	NA	17.835486525329404	NA
Thalamus	-0.11647600773586092	21.596846791485994	NA	17.768137944074205	NA
Thalamus	-0.11647600773586092	21.772430911741978	NA	17.70100103333728	NA
Thalamus	-0.11647600773586092	21.94801503199796	NA	17.634073928288398	NA
Thalamus	-0.11647600773586092	22.123599152253945	NA	17.567354756987285	NA
Thalamus	-0.11647600773586092	22.29918327250993	NA	17.500841644159642	NA
Thalamus	-0.11647600773586092	22.474767392765912	NA	17.43453271438772	NA
Thalamus	-0.11647600773586092	22.616476007735862	18.290384294325555	17.381164484492952	1.3231845405683509
Thalamus	-0.11647600773586092	22.650351513021896	NA	17.3684260948022	NA
Thalamus	-0.11647600773586092	22.82593563327788	NA	17.30251991734966	NA
Thalamus	-0.11647600773586092	23.001519753533863	NA	17.236812320698725	NA
Thalamus	-0.11647600773586092	23.177103873789846	NA	17.171301451838662	NA
Thalamus	-0.11647600773586092	23.35268799404583	NA	17.105985467416172	NA
Thalamus	-0.11647600773586092	23.528272114301814	NA	17.040862534849524	NA
Thalamus	-0.11647600773586092	23.703856234557797	NA	16.975930833253148	NA
Thalamus	-0.11647600773586092	23.87944035481378	NA	16.911188554201	NA
Thalamus	-0.11647600773586092	24.055024475069764	NA	16.846633928122042	NA
Thalamus	-0.11647600773586092	24.230608595325748	NA	16.782265149565774	NA
Thalamus	-0.11647600773586092	24.40619271558173	NA	16.718080448199046	NA
Thalamus	-0.11647600773586092	24.581776835837715	NA	16.65407807062343	NA
Thalamus	-0.11647600773586092	24.7573609560937	NA	16.590256278028747	NA
Thalamus	-0.11647600773586092	24.932945076349682	NA	16.526613346387435	NA
Thalamus	-0.11647600773586092	25.108529196605666	NA	16.463147566597677	NA
Thalamus	-0.11647600773586092	25.28411331686165	NA	16.399857244582684	NA
Thalamus	-0.11647600773586092	25.459697437117637	NA	16.336740701353236	NA
Thalamus	-0.11647600773586092	25.63528155737362	NA	16.273796273038897	NA
Thalamus	-0.11647600773586092	25.810865677629604	NA	16.211022310892883	NA
Thalamus	-0.11647600773586092	25.986449797885587	NA	16.148417181274567	NA
Thalamus	-0.11647600773586092	26.16203391814157	NA	16.085979265613258	NA
Thalamus	-0.11647600773586092	26.337618038397554	NA	16.023706960356233	NA
Thalamus	-0.11647600773586092	26.513202158653538	NA	15.961598676903435	NA
Thalamus	-0.11647600773586092	26.68878627890952	NA	15.89965284153116	NA
Thalamus	-0.11647600773586092	26.864370399165505	NA	15.83786789530646	NA
Thalamus	-0.11647600773586092	27.03995451942149	NA	15.776242293993851	NA
Thalamus	-0.11647600773586092	27.215538639677472	NA	15.714774507955942	NA
Thalamus	-0.11647600773586092	27.391122759933456	NA	15.653463022048252	NA
Thalamus	-0.11647600773586092	27.56670688018944	NA	15.592306335510454	NA
Thalamus	-0.11647600773586092	27.616476007735862	16.021771828959	15.574999419337248	1.2060205081706268
Thalamus	-0.11647600773586092	27.742291000445423	NA	15.531302961853795	NA
Thalamus	-0.11647600773586092	27.917875120701407	NA	15.47045142874587	NA
Thalamus	-0.11647600773586092	28.09345924095739	NA	15.409750277893353	NA
Thalamus	-0.11647600773586092	28.269043361213374	NA	15.349198064922922	NA
Thalamus	-0.11647600773586092	28.444627481469357	NA	15.288793359261138	NA
Thalamus	-0.11647600773586092	28.62021160172534	NA	15.228534744013313	NA
Thalamus	-0.11647600773586092	28.795795721981325	NA	15.168420815842017	NA
Thalamus	-0.11647600773586092	28.971379842237308	NA	15.108450184845092	NA
Thalamus	-0.11647600773586092	29.14696396249329	NA	15.048621474433753	NA
Thalamus	-0.11647600773586092	29.322548082749275	NA	14.988933321210759	NA
Thalamus	-0.11647600773586092	29.49813220300526	NA	14.929384374848786	NA
Thalamus	-0.11647600773586092	29.673716323261242	NA	14.869973297969317	NA
Thalamus	-0.11647600773586092	29.849300443517226	NA	14.810698766021966	NA
Thalamus	-0.11647600773586092	30.02488456377321	NA	14.751573418731274	NA
Thalamus	-0.11647600773586092	30.200468684029193	NA	14.69307540174149	NA
Thalamus	-0.11647600773586092	30.376052804285177	NA	14.634959573781916	NA
Thalamus	-0.11647600773586092	30.55163692454116	NA	14.577202810320221	NA
Thalamus	-0.11647600773586092	30.727221044797144	NA	14.51978768892853	NA
Thalamus	-0.11647600773586092	30.90280516505313	NA	14.46269902455819	NA
Thalamus	-0.11647600773586092	31.078389285309115	NA	14.40592354138165	NA
Thalamus	-0.11647600773586092	31.253973405565098	NA	14.34944959321812	NA
Thalamus	-0.11647600773586092	31.42955752582108	NA	14.29326692534566	NA
Thalamus	-0.11647600773586092	31.605141646077065	NA	14.23736647156891	NA
Thalamus	-0.11647600773586092	31.78072576633305	NA	14.181740181319636	NA
Thalamus	-0.11647600773586092	31.956309886589032	NA	14.126380894013025	NA
Thalamus	-0.11647600773586092	32.131894006845016	NA	14.071282165206837	NA
Thalamus	-0.11647600773586092	32.307478127101	NA	14.016438173018607	NA
Thalamus	-0.11647600773586092	32.48306224735698	NA	13.96184365871691	NA
Thalamus	-0.11647600773586092	32.61647600773586	14.058825271573353	13.920525111333417	1.1067431838713475
Thalamus	-0.11647600773586092	32.65864636761297	NA	13.907493830557854	NA
Thalamus	-0.11647600773586092	32.83423048786895	NA	13.853384297601998	NA
Thalamus	-0.11647600773586092	33.009814608124934	NA	13.799511013306981	NA
Thalamus	-0.11647600773586092	33.18539872838092	NA	13.745870227448115	NA
Thalamus	-0.11647600773586092	33.3609828486369	NA	13.692458445133294	NA
Thalamus	-0.11647600773586092	33.536566968892885	NA	13.639272391861752	NA
Thalamus	-0.11647600773586092	33.71215108914887	NA	13.586308983731264	NA
Thalamus	-0.11647600773586092	33.88773520940485	NA	13.53356530203166	NA
Thalamus	-0.11647600773586092	34.063319329660835	NA	13.481038571574924	NA
Thalamus	-0.11647600773586092	34.23890344991682	NA	13.428726142208646	NA
Thalamus	-0.11647600773586092	34.4144875701728	NA	13.37662547304147	NA
Thalamus	-0.11647600773586092	34.590071690428786	NA	13.324734118979068	NA
Thalamus	-0.11647600773586092	34.76565581068477	NA	13.273049719228547	NA
Thalamus	-0.11647600773586092	34.94123993094075	NA	13.221569987479985	NA
Thalamus	-0.11647600773586092	35.11682405119674	NA	13.170292703516864	NA
Thalamus	-0.11647600773586092	35.29240817145272	NA	13.119215706043924	NA
Thalamus	-0.11647600773586092	35.467992291708704	NA	13.068336886552418	NA
Thalamus	-0.11647600773586092	35.64357641196469	NA	13.017654184069249	NA
Thalamus	-0.11647600773586092	35.81916053222067	NA	12.96716558065928	NA
Thalamus	-0.11647600773586092	35.994744652476655	NA	12.91686909756959	NA
Thalamus	-0.11647600773586092	36.17032877273264	NA	12.86676279192062	NA
Thalamus	-0.11647600773586092	36.34591289298862	NA	12.816844753863608	NA
Thalamus	-0.11647600773586092	36.521497013244606	NA	12.76711310413535	NA
Thalamus	-0.11647600773586092	36.69708113350059	NA	12.717565991951712	NA
Thalamus	-0.11647600773586092	36.87266525375657	NA	12.668201593189908	NA
Thalamus	-0.11647600773586092	37.048249374012556	NA	12.61901810881693	NA
Thalamus	-0.11647600773586092	37.22383349426854	NA	12.570013763528076	NA
Thalamus	-0.11647600773586092	37.39941761452452	NA	12.521186804564437	NA
Thalamus	-0.11647600773586092	37.57500173478051	NA	12.472535500683177	NA
Thalamus	-0.11647600773586092	37.61647600773586	12.086014304924875	12.461069188429148	1.0217746219934254
Thalamus	-0.11647600773586092	37.75058585503649	NA	12.424058141258184	NA
Thalamus	-0.11647600773586092	37.926169975292474	NA	12.375753035491986	NA
Thalamus	-0.11647600773586092	38.10175409554846	NA	12.327618511722564	NA
Thalamus	-0.11647600773586092	38.27733821580444	NA	12.279652916811438	NA
Thalamus	-0.11647600773586092	38.452922336060425	NA	12.231854615600843	NA
Thalamus	-0.11647600773586092	38.62850645631641	NA	12.184221990430391	NA
Thalamus	-0.11647600773586092	38.80409057657239	NA	12.136753440704243	NA
Thalamus	-0.11647600773586092	38.979674696828376	NA	12.089447382501671	NA
Thalamus	-0.11647600773586092	39.15525881708436	NA	12.042302248224843	NA
Thalamus	-0.11647600773586092	39.33084293734035	NA	11.995316486278359	NA
Thalamus	-0.11647600773586092	39.50642705759633	NA	11.948488560776122	NA
Thalamus	-0.11647600773586092	39.68201117785232	NA	11.901816951271703	NA
Thalamus	-0.11647600773586092	39.8575952981083	NA	11.85530015676065	NA
Thalamus	-0.11647600773586092	40.033179418364284	NA	11.808936701560572	NA
Thalamus	-0.11647600773586092	40.20876353862027	NA	11.762725090802254	NA
Thalamus	-0.11647600773586092	40.38434765887625	NA	11.71666386347191	NA
Thalamus	-0.11647600773586092	40.559931779132235	NA	11.67075157289947	NA
Thalamus	-0.11647600773586092	40.73551589938822	NA	11.624986786575633	NA
Thalamus	-0.11647600773586092	40.9111000196442	NA	11.579368085976903	NA
Thalamus	-0.11647600773586092	41.086684139900186	NA	11.533894066398453	NA
Thalamus	-0.11647600773586092	41.26226826015617	NA	11.4885633367933	NA
Thalamus	-0.11647600773586092	41.43785238041215	NA	11.443374519617143	NA
Thalamus	-0.11647600773586092	41.613436500668136	NA	11.398326250678348	NA
Thalamus	-0.11647600773586092	41.78902062092412	NA	11.353417178992265	NA
Thalamus	-0.11647600773586092	41.9646047411801	NA	11.308645966639599	NA
Thalamus	-0.11647600773586092	42.14018886143609	NA	11.264011288628295	NA
Thalamus	-0.11647600773586092	42.31577298169207	NA	11.219511832758615	NA
Thalamus	-0.11647600773586092	42.491357101948054	NA	11.175146299491104	NA
Thalamus	-0.11647600773586092	42.61647600773586	10.7036601216775	11.143612954860473	0.9524378778458922
Thalamus	-0.11647600773586092	42.66694122220404	NA	11.130913401817157	NA
Thalamus	-0.11647600773586092	42.84252534246002	NA	11.086811865132018	NA
Thalamus	-0.11647600773586092	43.018109462716005	NA	11.04284042710997	NA
Thalamus	-0.11647600773586092	43.19369358297199	NA	10.998997837581527	NA
Thalamus	-0.11647600773586092	43.36927770322797	NA	10.955282858412538	NA
Thalamus	-0.11647600773586092	43.544861823483956	NA	10.911694263385096	NA
Thalamus	-0.11647600773586092	43.72044594373994	NA	10.86823083808003	NA
Thalamus	-0.11647600773586092	43.89603006399592	NA	10.824891379761054	NA
Thalamus	-0.11647600773586092	44.07161418425191	NA	10.78167469726034	NA
Thalamus	-0.11647600773586092	44.24719830450789	NA	10.738579610865507	NA
Thalamus	-0.11647600773586092	44.422782424763874	NA	10.69560495220805	NA
Thalamus	-0.11647600773586092	44.59836654501986	NA	10.652749564152959	NA
Thalamus	-0.11647600773586092	44.77395066527584	NA	10.610012300689679	NA
Thalamus	-0.11647600773586092	44.949534785531824	NA	10.567392026824246	NA
Thalamus	-0.11647600773586092	45.12511890578781	NA	10.52488761847262	NA
Thalamus	-0.11647600773586092	45.30070302604379	NA	10.482497962355167	NA
Thalamus	-0.11647600773586092	45.476287146299775	NA	10.44039900122447	NA
Thalamus	-0.11647600773586092	45.65187126655576	NA	10.398733610362148	NA
Thalamus	-0.11647600773586092	45.82745538681174	NA	10.35746922454829	NA
Thalamus	-0.11647600773586092	46.003039507067726	NA	10.316583932872	NA
Thalamus	-0.11647600773586092	46.17862362732371	NA	10.276058710179486	NA
Thalamus	-0.11647600773586092	46.35420774757969	NA	10.235876993020923	NA
Thalamus	-0.11647600773586092	46.52979186783568	NA	10.196024318385868	NA
Thalamus	-0.11647600773586092	46.70537598809166	NA	10.156488015925717	NA
Thalamus	-0.11647600773586092	46.880960108347644	NA	10.117256945739532	NA
Thalamus	-0.11647600773586092	47.05654422860363	NA	10.078321274973655	NA
Thalamus	-0.11647600773586092	47.23212834885961	NA	10.039672287485276	NA
Thalamus	-0.11647600773586092	47.407712469115594	NA	10.00130222167194	NA
Thalamus	-0.11647600773586092	47.58329658937158	NA	9.963204132294644	NA
Thalamus	-0.11647600773586092	47.61647600773586	9.31571657681048	9.956035071502805	0.8933233529586769
Thalamus	-0.11647600773586092	47.75888070962756	NA	9.925371772740332	NA
Thalamus	-0.11647600773586092	47.934464829883545	NA	9.887799526507498	NA
Thalamus	-0.11647600773586092	48.11004895013953	NA	9.850482232048781	NA
Thalamus	-0.11647600773586092	48.28563307039551	NA	9.813415186768687	NA
Thalamus	-0.11647600773586092	48.461217190651496	NA	9.776594073104855	NA
Thalamus	-0.11647600773586092	48.63680131090748	NA	9.740014898397966	NA
Thalamus	-0.11647600773586092	48.81238543116346	NA	9.703673949783035	NA
Thalamus	-0.11647600773586092	48.98796955141945	NA	9.667567755734398	NA
Thalamus	-0.11647600773586092	49.16355367167543	NA	9.63169305327865	NA
Thalamus	-0.11647600773586092	49.339137791931414	NA	9.59604676003636	NA
Thalamus	-0.11647600773586092	49.5147219121874	NA	9.560625950377394	NA
Thalamus	-0.11647600773586092	49.69030603244338	NA	9.525427835080745	NA
Thalamus	-0.11647600773586092	49.865890152699365	NA	9.490449743979932	NA
Thalamus	-0.11647600773586092	50.04147427295535	NA	9.45568911115198	NA
Thalamus	-0.11647600773586092	50.21705839321133	NA	9.421143462273433	NA
Thalamus	-0.11647600773586092	50.392642513467315	NA	9.3868104038225475	NA
Thalamus	-0.11647600773586092	50.5682266337233	NA	9.35268761385455	NA
Thalamus	-0.11647600773586092	50.74381075397929	NA	9.31877283411708	NA
Thalamus	-0.11647600773586092	50.91939487423527	NA	9.285063863307563	NA
Thalamus	-0.11647600773586092	51.09497899449126	NA	9.251558551303573	NA
Thalamus	-0.11647600773586092	51.27056311474724	NA	9.21825479422236	NA
Thalamus	-0.11647600773586092	51.446147235003224	NA	9.18515053018684	NA
Thalamus	-0.11647600773586092	51.62173135525921	NA	9.152243735693759	NA
Thalamus	-0.11647600773586092	51.79731547551519	NA	9.119532422494936	NA
Thalamus	-0.11647600773586092	51.972899595771175	NA	9.087014634915924	NA
Thalamus	-0.11647600773586092	52.14848371602716	NA	9.054688447547463	NA
Thalamus	-0.11647600773586092	52.32406783628314	NA	9.02255196325475	NA
Thalamus	-0.11647600773586092	52.499651956539125	NA	8.990603311457669	NA
Thalamus	-0.11647600773586092	52.61647600773586	8.592444386308294	8.96944958398435	0.8460382092472831
Thalamus	-0.11647600773586092	52.67523607679511	NA	8.958840646642079	NA
Thalamus	-0.11647600773586092	52.85082019705109	NA	8.927262147068157	NA
Thalamus	-0.11647600773586092	53.026404317307076	NA	8.895866013646824	NA
Thalamus	-0.11647600773586092	53.20198843756306	NA	8.86465046895956	NA
Thalamus	-0.11647600773586092	53.37757255781904	NA	8.833613756400654	NA
Thalamus	-0.11647600773586092	53.55315667807503	NA	8.802754139423858	NA
Thalamus	-0.11647600773586092	53.72874079833101	NA	8.772069900878307	NA
Thalamus	-0.11647600773586092	53.904324918586994	NA	8.74155934242063	NA
Thalamus	-0.11647600773586092	54.07990903884298	NA	8.711220783992161	NA
Thalamus	-0.11647600773586092	54.25549315909896	NA	8.681052563351994	NA
Thalamus	-0.11647600773586092	54.431077279354945	NA	8.651053035657439	NA
Thalamus	-0.11647600773586092	54.60666139961093	NA	8.621220573085486	NA
Thalamus	-0.11647600773586092	54.78224551986691	NA	8.591553564489189	NA
Thalamus	-0.11647600773586092	54.957829640122895	NA	8.562050415083938	NA
Thalamus	-0.11647600773586092	55.13341376037888	NA	8.532709546159623	NA
Thalamus	-0.11647600773586092	55.30899788063486	NA	8.503529394814798	NA
Thalamus	-0.11647600773586092	55.484582000890846	NA	8.474508413709977	NA
Thalamus	-0.11647600773586092	55.66016612114683	NA	8.4456450708373	NA
Thalamus	-0.11647600773586092	55.83575024140281	NA	8.416937860023966	NA
Thalamus	-0.11647600773586092	56.0113343616588	NA	8.388385281103844	NA
Thalamus	-0.11647600773586092	56.18691848191478	NA	8.359985833833063	NA
Thalamus	-0.11647600773586092	56.362502602170764	NA	8.331738045490324	NA
Thalamus	-0.11647600773586092	56.53808672242675	NA	8.303640457712811	NA
Thalamus	-0.11647600773586092	56.71367084268273	NA	8.275691626327367	NA
Thalamus	-0.11647600773586092	56.889254962938715	NA	8.247890121187838	NA
Thalamus	-0.11647600773586092	57.0648390831947	NA	8.220234526017938	NA
Thalamus	-0.11647600773586092	57.24042320345068	NA	8.19272343825885	NA
Thalamus	-0.11647600773586092	57.416007323706665	NA	8.165355468921224	NA
Thalamus	-0.11647600773586092	57.59159144396265	NA	8.138129242440929	NA
Thalamus	-0.11647600773586092	57.61647600773586	7.353465154290095	8.13428195218131	0.8010156664100823
Thalamus	-0.11647600773586092	57.76717556421863	NA	8.111043396538264	NA
Thalamus	-0.11647600773586092	57.942759684474616	NA	8.084096582080301	NA
Thalamus	-0.11647600773586092	58.1183438047306	NA	8.057287462945968	NA
Thalamus	-0.11647600773586092	58.29392792498658	NA	8.030614715893773	NA
Thalamus	-0.11647600773586092	58.46951204524257	NA	8.004077030431805	NA
Thalamus	-0.11647600773586092	58.64509616549855	NA	7.977673108689995	NA
Thalamus	-0.11647600773586092	58.820680285754534	NA	7.9514016652942905	NA
Thalamus	-0.11647600773586092	58.99626440601052	NA	7.9252614272427895	NA
Thalamus	-0.11647600773586092	59.1718485262665	NA	7.89925113378357	NA
Thalamus	-0.11647600773586092	59.347432646522485	NA	7.87336953629421	NA
Thalamus	-0.11647600773586092	59.52301676677847	NA	7.847615398162895	NA
Thalamus	-0.11647600773586092	59.69860088703445	NA	7.821987494670958	NA
Thalamus	-0.11647600773586092	59.874185007290436	NA	7.796486448350765	NA
Thalamus	-0.11647600773586092	60.04976912754642	NA	7.771518268826539	NA
Thalamus	-0.11647600773586092	60.2253532478024	NA	7.746796648573619	NA
Thalamus	-0.11647600773586092	60.400937368058386	NA	7.722298114802751	NA
Thalamus	-0.11647600773586092	60.57652148831437	NA	7.698014255321123	NA
Thalamus	-0.11647600773586092	60.75210560857035	NA	7.67393766745204	NA
Thalamus	-0.11647600773586092	60.92768972882634	NA	7.650061810753613	NA
Thalamus	-0.11647600773586092	61.10327384908232	NA	7.626380881534803	NA
Thalamus	-0.11647600773586092	61.278857969338304	NA	7.6028897059395915	NA
Thalamus	-0.11647600773586092	61.45444208959429	NA	7.579583648848879	NA
Thalamus	-0.11647600773586092	61.63002620985027	NA	7.556458536256953	NA
Thalamus	-0.11647600773586092	61.80561033010626	NA	7.533510589126488	NA
Thalamus	-0.11647600773586092	61.981194450362246	NA	7.510736367021873	NA
Thalamus	-0.11647600773586092	62.15677857061823	NA	7.488132720072369	NA
Thalamus	-0.11647600773586092	62.33236269087421	NA	7.46569674803136	NA
Thalamus	-0.11647600773586092	62.507946811130196	NA	7.4434257653805	NA
Thalamus	-0.11647600773586092	62.61647600773586	6.842834393915366	7.429741443050527	0.767297136702956
Thalamus	-0.11647600773586092	62.68353093138618	NA	7.421317271583619	NA
Thalamus	-0.11647600773586092	62.85911505164216	NA	7.3993689257274715	NA
Thalamus	-0.11647600773586092	63.03469917189815	NA	7.377578524899744	NA
Thalamus	-0.11647600773586092	63.21028329215413	NA	7.355943985750818	NA
Thalamus	-0.11647600773586092	63.385867412410114	NA	7.334463328767834	NA
Thalamus	-0.11647600773586092	63.5614515326661	NA	7.313134664859374	NA
Thalamus	-0.11647600773586092	63.73703565292208	NA	7.291956185966878	NA
Thalamus	-0.11647600773586092	63.912619773178065	NA	7.270926169423399	NA
Thalamus	-0.11647600773586092	64.08820389343404	NA	7.250042914383873	NA
Thalamus	-0.11647600773586092	64.26378801369003	NA	7.229304794562729	NA
Thalamus	-0.11647600773586092	64.43937213394601	NA	7.208710231325268	NA
Thalamus	-0.11647600773586092	64.614956254202	NA	7.188257688485519	NA
Thalamus	-0.11647600773586092	64.79054037445798	NA	7.167945667856866	NA
Thalamus	-0.11647600773586092	64.96612449471397	NA	7.147772705444124	NA
Thalamus	-0.11647600773586092	65.14170861496994	NA	7.127737368182265	NA
Thalamus	-0.11647600773586092	65.31729273522593	NA	7.107838251140979	NA
Thalamus	-0.11647600773586092	65.49287685548191	NA	7.088073975126131	NA
Thalamus	-0.11647600773586092	65.6684609757379	NA	7.068443184619584	NA
Thalamus	-0.11647600773586092	65.84404509599388	NA	7.0489445460074105	NA
Thalamus	-0.11647600773586092	66.01962921624987	NA	7.029576746053825	NA
Thalamus	-0.11647600773586092	66.19521333650584	NA	7.0103384905848065	NA
Thalamus	-0.11647600773586092	66.37079745676184	NA	6.991228503350224	NA
Thalamus	-0.11647600773586092	66.54638157701781	NA	6.9722455250384865	NA
Thalamus	-0.11647600773586092	66.7219656972738	NA	6.953388312420987	NA
Thalamus	-0.11647600773586092	66.89754981752978	NA	6.934655637607502	NA
Thalamus	-0.11647600773586092	67.07313393778577	NA	6.916046287396107	NA
Thalamus	-0.11647600773586092	67.24871805804175	NA	6.897559062703838	NA
Thalamus	-0.11647600773586092	67.42430217829774	NA	6.8791927780662245	NA
Thalamus	-0.11647600773586092	67.59988629855373	NA	6.8609462611957515	NA
Thalamus	-0.11647600773586092	67.61647600773586	6.29808174013326	6.859228420590598	0.7366919864157483
Thalamus	-0.11647600773586092	67.7754704188097	NA	6.842818352590481	NA
Thalamus	-0.11647600773586092	67.9510545390657	NA	6.824807905185749	NA
Thalamus	-0.11647600773586092	68.12663865932167	NA	6.8069137840426	NA
Thalamus	-0.11647600773586092	68.30222277957766	NA	6.789134866067604	NA
Thalamus	-0.11647600773586092	68.47780689983364	NA	6.771470039759696	NA
Thalamus	-0.11647600773586092	68.65339102008963	NA	6.753918204980012	NA
Thalamus	-0.11647600773586092	68.8289751403456	NA	6.736478272741639	NA
Thalamus	-0.11647600773586092	69.0045592606016	NA	6.719149165016212	NA
Thalamus	-0.11647600773586092	69.18014338085757	NA	6.701929814555315	NA
Thalamus	-0.11647600773586092	69.35572750111356	NA	6.684819164724298	NA
Thalamus	-0.11647600773586092	69.53131162136954	NA	6.667816169347113	NA
Thalamus	-0.11647600773586092	69.70689574162553	NA	6.6509197925603845	NA
Thalamus	-0.11647600773586092	69.8824798618815	NA	6.634129008675739	NA
Thalamus	-0.11647600773586092	70.0580639821375	NA	6.6174428020490605	NA
Thalamus	-0.11647600773586092	70.23364810239347	NA	6.600860166955968	NA
Thalamus	-0.11647600773586092	70.40923222264946	NA	6.584380107472605	NA
Thalamus	-0.11647600773586092	70.58481634290544	NA	6.568001637361149	NA
Thalamus	-0.11647600773586092	70.76040046316143	NA	6.551723779959352	NA
Thalamus	-0.11647600773586092	70.93598458341741	NA	6.535545568073829	NA
Thalamus	-0.11647600773586092	71.1115687036734	NA	6.519466043876461	NA
Thalamus	-0.11647600773586092	71.28715282392938	NA	6.503484258803723	NA
Thalamus	-0.11647600773586092	71.46273694418537	NA	6.487599273458492	NA
Thalamus	-0.11647600773586092	71.63832106444134	NA	6.471810157514268	NA
Thalamus	-0.11647600773586092	71.81390518469733	NA	6.456116000052388	NA
Thalamus	-0.11647600773586092	71.98948930495331	NA	6.440515881851018	NA
Thalamus	-0.11647600773586092	72.1650734252093	NA	6.425008895294544	NA
Thalamus	-0.11647600773586092	72.34065754546528	NA	6.409594145422987	NA
Thalamus	-0.11647600773586092	72.51624166572127	NA	6.394270745895316	NA
Thalamus	-0.11647600773586092	72.61647600773586	5.598813760620564	6.385563795090404	0.7074643379404949
Thalamus	-0.11647600773586092	72.69182578597724	NA	6.379037818903678	NA
Thalamus	-0.11647600773586092	72.86740990623323	NA	6.363894495088855	NA
Thalamus	-0.11647600773586092	73.04299402648921	NA	6.3488399134569775	NA
Thalamus	-0.11647600773586092	73.2185781467452	NA	6.333873221297258	NA
Thalamus	-0.11647600773586092	73.39416226700118	NA	6.318993574100894	NA
Thalamus	-0.11647600773586092	73.56974638725717	NA	6.304200135480904	NA
Thalamus	-0.11647600773586092	73.74533050751315	NA	6.2894920770929374	NA
Thalamus	-0.11647600773586092	73.92091462776914	NA	6.274868578557066	NA
Thalamus	-0.11647600773586092	74.09649874802511	NA	6.260328827380424	NA
Thalamus	-0.11647600773586092	74.2720828682811	NA	6.245872018880738	NA
Thalamus	-0.11647600773586092	74.44766698853708	NA	6.231497356110652	NA
Thalamus	-0.11647600773586092	74.62325110879307	NA	6.217204049782922	NA
Thalamus	-0.11647600773586092	74.79883522904905	NA	6.202991318196411	NA
Thalamus	-0.11647600773586092	74.97441934930504	NA	6.188858387162777	NA
Thalamus	-0.11647600773586092	75.15000346956101	NA	6.174804489933997	NA
Thalamus	-0.11647600773586092	75.325587589817	NA	6.16082886713063	NA
Thalamus	-0.11647600773586092	75.50117171007298	NA	6.146930766670764	NA
Thalamus	-0.11647600773586092	75.67675583032897	NA	6.133109443699718	NA
Thalamus	-0.11647600773586092	75.85233995058495	NA	6.119364160520444	NA
Thalamus	-0.11647600773586092	76.02792407084094	NA	6.105694186524601	NA
Thalamus	-0.11647600773586092	76.20350819109692	NA	6.092098798124313	NA
Thalamus	-0.11647600773586092	76.3790923113529	NA	6.078577278684646	NA
Thalamus	-0.11647600773586092	76.55467643160888	NA	6.065128918456708	NA
Thalamus	-0.11647600773586092	76.73026055186487	NA	6.0517530145113865	NA
Thalamus	-0.11647600773586092	76.90584467212085	NA	6.038448870673789	NA
Thalamus	-0.11647600773586092	77.08142879237684	NA	6.025215797458276	NA
Thalamus	-0.11647600773586092	77.25701291263282	NA	6.01205311200416	NA
Thalamus	-0.11647600773586092	77.43259703288881	NA	5.998960138011994	NA
Thalamus	-0.11647600773586092	77.60818115314478	NA	5.9859362056805185	NA
Thalamus	-0.11647600773586092	77.61647600773586	5.637893605516297	5.9853226381287765	0.6861044628556173
Thalamus	-0.11647600773586092	77.78376527340077	NA	5.972980651644165	NA
Thalamus	-0.11647600773586092	77.95934939365675	NA	5.9600928189112485	NA
Thalamus	-0.11647600773586092	78.13493351391274	NA	5.947272056802639	NA
Thalamus	-0.11647600773586092	78.31051763416872	NA	5.934517720891172	NA
Thalamus	-0.11647600773586092	78.48610175442471	NA	5.921829172941484	NA
Thalamus	-0.11647600773586092	78.6616858746807	NA	5.9092057808505585	NA
Thalamus	-0.11647600773586092	78.83726999493668	NA	5.896646918588778	NA
Thalamus	-0.11647600773586092	79.01285411519267	NA	5.884151966141569	NA
Thalamus	-0.11647600773586092	79.18843823544864	NA	5.871720309451594	NA
Thalamus	-0.11647600773586092	79.36402235570463	NA	5.859351340361511	NA
Thalamus	-0.11647600773586092	79.53960647596061	NA	5.847044456557271	NA
Thalamus	-0.11647600773586092	79.7151905962166	NA	5.834799064889568	NA
Thalamus	-0.11647600773586092	79.89077471647258	NA	5.822614576974748	NA
Thalamus	-0.11647600773586092	80.06635883672857	NA	5.810490401728502	NA
Thalamus	-0.11647600773586092	80.24194295698454	NA	5.798425959656414	NA
Thalamus	-0.11647600773586092	80.41752707724054	NA	5.786420676831958	NA
Thalamus	-0.11647600773586092	80.59311119749651	NA	5.774473984842954	NA
Thalamus	-0.11647600773586092	80.7686953177525	NA	5.762585320738643	NA
Thalamus	-0.11647600773586092	80.94427943800848	NA	5.750754126977183	NA
Thalamus	-0.11647600773586092	81.11986355826447	NA	5.7389798513736565	NA
Thalamus	-0.11647600773586092	81.29544767852045	NA	5.727261947048637	NA
Thalamus	-0.11647600773586092	81.47103179877644	NA	5.7155998723772035	NA
Thalamus	-0.11647600773586092	81.64661591903241	NA	5.703993090938446	NA
Thalamus	-0.11647600773586092	81.8222000392884	NA	5.692441071465453	NA
Thalamus	-0.11647600773586092	81.99778415954438	NA	5.680943287795811	NA
Thalamus	-0.11647600773586092	82.17336827980037	NA	5.6694992188225495	NA
Thalamus	-0.11647600773586092	82.34895240005635	NA	5.6581083484455785	NA
Thalamus	-0.11647600773586092	82.52453652031234	NA	5.646770165523555	NA
Thalamus	-0.11647600773586092	82.61647600773586	5.053880799441713	5.640854103291494	0.6650942345012545
Thalamus	-0.11647600773586092	82.70012064056831	NA	5.635484163826279	NA
Thalamus	-0.11647600773586092	82.8757047608243	NA	5.624249841987459	NA
Thalamus	-0.11647600773586092	83.05128888108028	NA	5.613066703458029	NA
Thalamus	-0.11647600773586092	83.22687300133627	NA	5.601934256459818	NA
Thalamus	-0.11647600773586092	83.40245712159225	NA	5.590852013939737	NA
Thalamus	-0.11647600773586092	83.57804124184824	NA	5.579819493524377	NA
Thalamus	-0.11647600773586092	83.75362536210422	NA	5.568836217475038	NA
Thalamus	-0.11647600773586092	83.9292094823602	NA	5.557901712643201	NA
Thalamus	-0.11647600773586092	84.10479360261618	NA	5.547015510426445	NA
Thalamus	-0.11647600773586092	84.28037772287217	NA	5.5361771467247145	NA
Thalamus	-0.11647600773586092	84.45596184312815	NA	5.525386161897122	NA
Thalamus	-0.11647600773586092	84.63154596338414	NA	5.514642100719064	NA
Thalamus	-0.11647600773586092	84.80713008364012	NA	5.503944512339815	NA
Thalamus	-0.11647600773586092	84.98271420389611	NA	5.49329295024047	NA
Thalamus	-0.11647600773586092	85.158298324152085	NA	5.482686972192358	NA
Thalamus	-0.11647600773586092	85.33388244440808	NA	5.472126140215798	NA
Thalamus	-0.11647600773586092	85.50946656466405	NA	5.461610020539286	NA
Thalamus	-0.11647600773586092	85.68505068492004	NA	5.4511381835590536	NA
Thalamus	-0.11647600773586092	85.86063480517602	NA	5.440710203799035	NA
Thalamus	-0.11647600773586092	86.03621892543201	NA	5.430325659871192	NA
Thalamus	-0.11647600773586092	86.21180304568799	NA	5.4199841344362545	NA
Thalamus	-0.11647600773586092	86.38738716594398	NA	5.409685214164808	NA
Thalamus	-0.11647600773586092	86.56297128619995	NA	5.399428489698768	NA
Thalamus	-0.11647600773586092	86.73855540645594	NA	5.389213555613215	NA
Thalamus	-0.11647600773586092	86.91413952671192	NA	5.379040010378622	NA
Thalamus	-0.11647600773586092	87.08972364696791	NA	5.368907456323405	NA
Thalamus	-0.11647600773586092	87.26530776722389	NA	5.358815499596893	NA
Thalamus	-0.11647600773586092	87.44089188747988	NA	5.348763750132565	NA
Thalamus	-0.11647600773586092	87.61647600773586	4.925815574949438	5.338737425979072	0.6483100686967205
