fwhm_x	fwhm_y	fwhm_z
9.869834	7.573481	5.834364
