fwhm_x	fwhm_y	fwhm_z
8.69891	4.597034	4.324316
