time	whole_blood_radioactivity	plasma_radioactivity	metabolite_parent_fraction	AIF
0	0	0	0.9860728480864611	0
1.2024004000666777	0.0534891437654763	0.06576675685952023	0.9860728480864611	0.0521652664724668
2.4048008001333554	0.1069782875309526	0.13153351371904046	0.9860728480864611	0.1043305329449336
3.6072012002000333	0.1604674312964289	0.19730027057856067	0.9860728480864611	0.1564957994174004
4.809601600266711	0.2139565750619052	0.2630670274380809	0.9860728480864611	0.2086610658898672
6.012002000333388	0.2674457188273815	0.32883378429760113	0.9860728480864611	0.26082633236233405
7.214402400400067	0.3209348625928578	0.39460054115712134	0.9860728480864611	0.3129915988348008
8.416802800466744	0.3744240063583341	0.46036729801664156	0.9853733407834079	0.3651568653072676
9.619203200533422	0.4279131501238104	0.5261340548761618	0.9846416645222141	0.4173221317797344
10.821603600600099	0.48140229388928674	0.5919008117356821	0.9839099882610204	0.4694873982522012
12.024004000666777	0.534891437654763	0.6576675685952023	0.9831783119998266	0.5216526647246681
13.226404400733454	0.5883805814202393	0.7234343254547224	0.9824466357386328	0.5738179311971349
14.428804800800133	0.6418697251857156	0.7892010823142427	0.981714959477439	0.6259831976696016
15.631205200866813	0.695358868951192	0.8549678391737631	0.9811097527078048	0.6781484641420685
16.83360560093349	0.7488480127166682	0.9207345960332831	0.9805167388289613	0.7303137306145352
18.036006001000164	0.8023371564821445	0.9865013528928034	0.9799237249501178	0.7824789970870019
19.238406401066843	0.8558263002476209	1.0522681097523237	0.9793307110712745	0.8346442635594687
20.440806801133522	0.9093154440130972	1.1180348666118438	0.978737697192431	0.8868095300319356
21.643207201200198	0.9628045877785735	1.1838016234713642	0.9781446833135875	0.9389747965044024
22.845607601266877	1.01629373154405	1.2495683803308844	0.9776463215136421	0.9911400629768693
24.048008001333553	1.069782875309526	1.3153351371904045	0.9771623410369817	1.0433053294493362
25.250408401400232	1.1232720190750025	1.381101894049925	0.9766783605603214	1.095470595921803
26.452808801466908	1.1767611628404786	1.4468686509094448	0.9761943800836611	1.1476358623942697
27.655209201533587	1.2302503066059551	1.5126354077689652	0.9757103996070008	1.1998011288667365
28.857609601600267	37.82970652941146	46.512935826664084	0.9752264191303405	44.995150490796256
30.060010001666942	800.6533627291233	984.4310700922025	0.9748425808555643	958.03439769406
31.262410401733625	1563.4770189288372	1922.3492043577437	0.9744801121861653	1871.0736448973264
32.4648108018003	2326.300675128549	2860.2673386232823	0.9741176435167662	2784.11289210059
33.66721120186698	3089.124331328263	3798.1854728888234	0.9737551748473672	3697.1521393038565
34.869611601933656	3956.0478498162306	4866.324841877053	0.9733927061779681	4749.2850611530375
36.07201200200033	6516.987230770716	8080.4284735728	0.9730302375085691	8064.887751737201
37.27441240206701	9077.926611725217	11346.18188476559	0.9727600938397081	11380.490442321385
38.476812802133686	11638.865992679719	14664.840156929456	0.9725159648462037	14696.093132905567
39.679213202200366	14199.80537363422	18037.699367982616	0.9722718358526993	18011.69582348975
40.881613602267045	16760.744754588723	21466.09827997296	0.9720277068591949	21327.29851407393
42.08401400233372	19321.684135543208	24951.420110827265	0.9717835778656905	24642.901204658097
43.286414402400396	21882.623516497704	28495.09439509019	0.9715394488721861	27958.503895242276
44.488814802467076	24443.56289745221	32098.59893891146	0.9713705068997706	31274.10658582646
45.691215202533755	26838.67518119966	35328.786203348616	0.9712285059683072	34285.40812641625
46.89361560260043	29111.150756247163	38241.23710463361	0.971086505036844	37071.66507467187
48.096016002667106	31383.62633129468	41141.71986763134	0.9709445041053807	39857.9220229275
49.298416402733785	33656.10190634219	44030.30811210832	0.9708025031739175	42644.17897118314
50.500816802800465	35928.57748138971	46907.0748552556	0.9706605022424541	45430.43591943877
51.703217202867144	38201.053056437224	49772.0925178413	0.9705737135887671	48216.69286769441
52.905617602933816	40473.528631484725	52625.432930287825	0.9705114718420742	51002.94981595003
54.108018003000495	42746.00420653224	55467.16733867501	0.9704492300953813	53789.20676420566
55.310418403067175	44866.6094419986	58117.65362025492	0.9703869883486884	56398.47809993921
56.512818803133854	45485.294054686696	58986.742468749915	0.9703247466019955	57257.45150313998
57.71521920320053	46103.978667374795	59857.830248338476	0.9702625048553026	58116.42490634074
58.917619603267205	46722.66328006289	60730.923863365206	0.970237473608157	58975.398309541495
60.120020003333885	47341.347892750986	61606.030250008414	0.970232631455353	59834.371712742264
61.32242040340056	47960.03250543908	62483.15637646365	0.970227789302549	60693.345115943026
62.52482080346725	48578.71711812718	63362.309243128766	0.970222947149745	61552.31851914378
63.727221203533915	49197.40173081527	64243.49588279007	0.97021810499694106	62411.29192234454
64.9296216036006	49816.086343503375	65126.72336080995	0.970213262844137	63270.265325545304
66.13202200366727	50434.770956191474	66011.99877531559	0.9702311736449966	64129.23872874606
67.33442240373395	51053.45556887957	66899.32925738925	0.9702639829312778	64988.21213194682
68.53682280380063	51672.140181567665	67788.72197125964	0.9702967922175592	65847.18553514758
69.73922320386731	52290.824794255765	68680.1841144948	0.9703296015038404	66706.15893834835
70.94162360393399	52909.509406943864	69573.72291819619	0.9703624107901216	67565.13234154912
72.14402400400066	53528.194019631956	70469.34564719426	0.9703952200764029	68424.10574474986
73.346424404067335	54146.87863232005	71367.05960024535	0.9704404375072655	69283.07914795063
74.54882480413401	54765.56324500815	72266.87211022995	0.9704953907930551	70142.0525511514
75.7512252042007	55297.28520758647	73081.46871825297	0.9705503440788447	70938.97200182609
76.95362560426737	55776.77863672781	73846.219386132	0.9706052973646343	71698.62272931545
78.15602600433405	56256.272065869154	74613.69396754734	0.9706602506504238	72458.27345680479
79.35842640440073	56735.7654950105	75383.90704164756	0.9707152039362135	73217.92418429414
80.56082680446741	57215.25892415184	76156.87329180945	0.97077560084424	73977.57491178351
81.76322720453409	57694.75235329318	76932.60750657108	0.970841096169054	74737.225639272845
82.96562760460075	58174.24578243452	77711.12458057489	0.9709065914938679	75496.8763667622
84.16802800466743	58653.73921157586	78492.43951552118	0.9709720868186819	76256.52709425155
85.37042840473411	59133.2326407172	79276.56742113152	0.9710375821434958	77016.1778217409
86.57282880480079	59612.726069858545	80063.52351612282	0.9711030774683097	77775.82854923025
87.77522920486747	60092.21949899989	80853.323129192	0.9711696358980303	78535.4792767196
88.97762960493415	60553.54314977689	81586.69105365597	0.9712373816247131	79239.31375156816
90.18003000500083	60910.04273010283	81978.74045152852	0.9713051273513957	79621.13621934604
91.38243040506751	61266.54231042878	82369.94729988868	0.9713728730780785	80002.95868712392
92.58483080513419	61623.04189075472	82760.3143118934	0.9714406188047613	80384.78115490181
93.78723120520085	61979.54147108066	83149.84418906293	0.9715083645314441	80766.60362267969
94.98963160526753	62336.0410514066	83538.53962134331	0.9715746171091691	81148.42609045756
96.19203200533421	62692.54063173255	83926.40328716808	0.9716388777576171	81530.24855823544
97.39443240540089	63049.04021205849	84313.43785352	0.9717031384060651	81912.07102601332
98.59683280546757	63405.539792384436	84699.64597599203	0.971767399054513	82293.8934937912
99.79923320553425	63762.03937271038	85085.03029884813	0.971831659702961	82675.71596156908
101.00163360560093	64118.538953036325	85469.59345508362	0.9718959203514089	83057.53842934697
102.20403400566761	64475.03853336227	85853.33806648517	0.9719573827256204	83439.36089712485
103.40643440573429	64831.53811368821	86236.26674369033	0.9720143651946045	83821.18336490272
104.60883480580095	65119.927759813734	86538.13667337915	0.9720713476635887	84119.089950638
105.81123520586763	65375.176242209986	86800.4386654535	0.9721283301325729	84376.16446071636
107.01363560593431	65630.42472460624	87062.27671931968	0.972185312601557	84633.23897079473
108.21603600600099	65885.6732070025	87323.65206475381	0.9722422950705413	84890.3134808731
109.41843640606767	66140.92168939873	87584.56592718938	0.9722959816311647	85147.38799095145
110.62083680613435	66396.17017179499	87845.01952773657	0.9723432847246114	85404.46250102983
111.82323720620103	66651.41865419125	88105.01408320104	0.9723905878180581	85661.5370111082
113.02563760626771	66906.66713658751	88364.55080610317	0.9724378909115047	85918.61152118657
114.22803800633439	67161.91561898375	88623.63090469665	0.9724851940049514	86175.68603126492
115.43043840640107	67417.16410138	88882.2555829874	0.9725324970983981	86432.76054134329
116.63283880646773	67672.41258377625	89140.4260407522	0.9725765104081632	86689.83505142166
117.83523920653441	67927.6610661725	89398.14347355712	0.972612719690904	86946.90956150001
119.03763960660109	68261.46217475703	89765.89998094423	0.9726489289736447	87309.49502197887
120.24004000666777	68914.16843157899	90581.58258765566	0.9726851382563855	88100.43007318297
121.44244040673445	69566.87468840095	91396.49786700899	0.9727213475391263	88891.3651243871
122.64484080680111	70219.5809452229	92210.64690125325	0.972757556821867	89682.30017559121
123.8472412068678	70872.28720204486	93024.03077060312	0.9727907813058941	90473.23522679532
125.0496416069345	71524.99345886681	93836.6505532439	0.9728151731675586	91264.17027799942
126.25204200700117	72177.69971568878	94648.50732533609	0.972839565029223	92055.10532920354
127.45444240706783	72830.40597251072	95459.6021610202	0.9728639568908873	92846.04038040765
128.65684280713452	73483.11222933269	96269.93613242163	0.9728883487525518	93636.97543161176
129.8592432072012	74135.81848615463	97079.51030965507	0.9729127406142162	94427.91048281586
131.06164360726788	74788.52474297659	97888.32576082957	0.9729346149768745	95218.84553401999
132.26404400733455	75441.23099979854	98696.38355205297	0.9729469388719302	96009.78058522409
133.4664444074012	76093.9372566205	99503.68474743674	0.9729592627669859	96800.7156364282
134.6688448074679	76746.64351344247	100310.23040910058	0.9729715866620415	97591.65068763231
135.87124520753457	77399.34977026441	101116.02159717707	0.9729839105570973	98382.58573883641
137.07364560760126	76629.7407344357	100364.18323411098	0.972996234452153	97617.96896959873
138.27604600766793	75324.9112788082	99017.89442793232	0.9730065831284291	96267.99457771744
139.47844640773462	74020.08182318066	97661.67043301594	0.9730069101113806	94918.02018583613
140.6808468078013	72715.25236755316	96295.40086419722	0.9730072370943321	93568.04579395484
141.88324720786798	71410.4229119256	94918.9736949832	0.9730075640772836	92218.0714020735
143.08564760793465	70105.5934562981	93532.27522693263	0.9730078910602351	90868.09701019221
144.2880480080013	68800.76400067059	92135.19005834762	0.9730082180431866	89518.12261831092
145.490448408068	67495.93454504304	90727.60105225921	0.9730071319316157	88168.1482264296
146.69284880813467	66191.10508941555	89309.38930368848	0.9729957492691105	86818.17383454832
147.89524920820136	64886.275633788006	87880.43410616276	0.9729843666066053	85468.19944266698
149.09764960826803	63621.12260329326	86360.74782368315	0.9729729839441	84054.08606267288
150.30005000833472	62476.57203978471	84599.57736917057	0.9729616012815948	82445.01257297824
151.5024504084014	61332.0214762762	82847.0054024053	0.9729502186190897	80835.93908328364
152.70485080846808	60187.47091276766	81102.96910668339	0.9729379712373255	79226.865593589
153.90725120853475	59042.92034925914	79367.40627569554	0.9729153162513181	77617.7921038944
155.1096516086014	57898.36978575063	77640.25530613081	0.9728926612653106	76008.71861419981
156.3120520086681	56753.81922224208	75921.45519038789	0.9728700062793032	74399.64512450517
157.51445240873477	55609.26865873357	74210.94550939191	0.9728473512932958	72790.57163481056
158.71685280880146	54464.71809522503	72508.66642551446	0.9728246963072884	71181.49814511593
159.91925320886813	53320.167531716506	70814.55867559629	0.9728016885258264	69572.42465542133
161.12165360893482	52175.61696820796	69128.56356406945	0.9727682597138166	67963.3511657267
162.3240540090015	51031.06640469944	67450.62295617882	0.9727348309018069	66354.2776760321
163.52645440906818	49886.5158411909	65780.67927129971	0.972701402089797	64745.20418633745
164.72885480913484	48741.965277682386	64118.675476351644	0.9726679732777873	63136.13069664285
165.9312552092015	47597.41471417387	62464.555079305035	0.9726345444657776	61527.05720694826
167.1336556092682	46452.86415066533	60818.262122780674	0.9726011156537678	59917.98371725362
168.33605600933487	45308.313587156816	59179.74117773968	0.9725575029257	58308.91022755902
169.53845640940156	44163.76302364827	57548.93733726228	0.972513774632265	56699.83673786439
170.74085680946823	43019.21246013975	55925.79621041491	0.9724700463388299	55090.76324816978
171.94325720953492	41874.66189663121	54310.26391620287	0.9724263180453949	53481.68975847514
173.14565760960159	40730.111333122695	52702.287077608504	0.9723825897519599	51872.61626878055
174.34805800966828	39585.560769614145	51101.81281571219	0.9723388614585249	50263.54277908591
175.55045840973494	38441.01020610563	49508.78874389602	0.9722858330185451	48654.46928939131
176.7528588098016	37296.45964259711	47923.16296212772	0.9722322613563917	47045.39579969671
177.9552592098683	36151.909079088575	46344.88405132437	0.9721786896942384	45436.32231000207
179.15765960993497	35007.35851558006	44773.90106779424	0.9721251180320851	43827.24882030747
180.36006001000166	33862.80795207152	43210.1635377553	0.9720715463699318	42218.17533061283
181.56246041006833	32718.257388563004	41653.62145192979	0.9720179747077784	40609.10184091823
182.76486081013502	31573.706825054458	40104.225260212734	0.9719560020185052	39000.0283512236
183.96726121020168	31181.961509211396	39617.78930238677	0.9718931046611786	38487.32674698659
185.16966161026838	30973.221584461455	39388.34785917462	0.9718302073038521	38241.1508694284
186.37206201033504	30764.481659711517	39158.48892884813	0.9717673099465255	37994.97499187021
187.5744624104017	30555.741734961575	38928.21137089275	0.9717044125891989	37748.79911431202
188.7768628104684	30347.001810211634	38697.5140406358	0.9716415152318724	37502.623236753825
189.97926321053507	30138.261885461692	38466.395789227565	0.9715711132456324	37256.44735919564
191.18166361060176	29929.52196071175	38234.85546362224	0.971499457814052	37010.27148163744
192.38406401066842	29720.782035961813	38002.891906558696	0.9714278023824716	36764.09560407926
193.58646441073512	29512.042111211864	37770.50395654123	0.9713561469508911	36517.91972652107
194.78886481080178	29303.302186461926	37537.69044782018	0.9712844915193107	36271.74384896287
195.99126521086848	29094.56226171198	37304.45021037246	0.9712128360877302	36025.567971404686
197.19366561093514	28885.822336962043	37070.78206988188	0.9711344923223406	35779.392093846494
198.3960660110018	28677.0824122121	36836.68484771953	0.9710546092983228	35533.2162162883
199.5984664110685	28468.34248746216	36602.157360923906	0.9709747262743049	35287.040338730105
200.80086681113517	28259.60256271222	36367.198422181	0.9708948432502871	35040.86446117192
202.00326721120186	28050.862637962276	36131.80683980423	0.9708149602262692	34794.68858361373
203.20566761126852	27842.12271321234	35895.98141771439	0.9707350772022513	34548.51270605554
204.40806801133522	27633.38278846239	35659.72095541928	0.9706492128407181	34302.33682849735
205.61046841140188	27424.64286371245	35423.0242479934	0.9705615512281509	34056.16095093916
206.81286881146858	27215.902938962507	35185.890086057436	0.9704738896155836	33809.98507338097
208.01526921153524	27007.16301421257	34948.31725575769	0.9703862280030163	33563.809195822774
209.2176696116019	26798.42308946263	34710.304538745346	0.970298566390449	33317.63331826459
210.4200700116686	26589.683164712686	34471.85071215563	0.9702109047778817	33071.4574407064
211.62247041173526	26380.943239962748	34232.95454858693	0.9701178706023048	32825.28156314821
212.82487081180196	26172.203315212802	33993.61481607966	0.9700227983826337	32579.105685590017
214.02727121186862	25963.463390462864	33753.83027809512	0.9699277261629626	32332.92980803183
215.22967161193532	25754.723465712916	33513.599693494216	0.9698326539432915	32086.753930473635
216.43207201200198	25545.983540962978	33272.92181651602	0.9697375817236205	31840.578052915447
217.63447241206867	25337.243616213036	33031.79539675621	0.9696425095039494	31594.402175357256
218.83687281213534	25128.503691463095	32790.21917914552	0.9695425991282656	31348.226297799065
220.039273212202	24919.763766713157	32548.191903927815	0.9694404225956356	31102.050420240877
221.2416736122687	24711.02384196321	32305.71230663832	0.9693382460630057	30855.874542682686
222.44407401233536	24502.283917213274	32062.77911808155	0.9692360695303757	30609.6986651245
223.64647441240206	24293.54399246333	31819.39106430914	0.9691338929977457	30363.522787566304
224.84887481246872	24084.80406771339	31575.54686659763	0.9690317164651158	30117.346910008117
226.05127521253542	23876.064142963445	31331.245241426033	0.9689251778338177	29871.17103244992
227.25367561260208	23667.324218213507	31086.484900453324	0.9688161539667817	29624.995154891734
228.45607601266877	23458.584293463562	30841.264550495795	0.9687071300997456	29378.81927733354
229.65847641273544	23249.844368713624	30595.582893504277	0.9685981062327095	29132.643399775356
230.86087681280213	23041.104443963675	30349.43862654124	0.9684890823656734	28886.46752221716
232.0632772128688	22832.36451921374	30102.83044175779	0.9683800584986374	28640.291644658973
233.26567761293546	22623.6245944638	29855.7570263704	0.9682670972084384	28394.115767100786
234.46807801300216	22414.884669713858	29608.217062637767	0.9681514344509056	28147.93988954259
235.67047841306882	22206.144744963916	29360.209227837255	0.9680357716933727	27901.764011984404
236.87287881313551	21997.40482021397	29111.73219424142	0.9679201089358399	27655.58813442621
238.07527921320218	21788.66489546403	28862.78462909425	0.9678044461783071	27409.412256868025
239.27767961326887	21579.924970714088	28613.365194587408	0.9676887834207742	27163.23637930983
240.48008001333554	21371.185045964146	28363.472547836205	0.9675695671340258	26917.060501751643
241.68248041340223	21162.445121214205	28113.105340855527	0.9674474330414156	26670.884624193448
242.8848808134689	20953.705196464267	27862.262220535613	0.9673252989488053	26424.70874663526
244.08728121353556	20744.96527171433	27610.94182861763	0.967203164856195	26178.532869077073
245.28968161360223	20536.225346964384	27359.142801669197	0.9670810307635846	25932.35699151888
246.49208201366892	20327.485422214446	27106.86377105975	0.9669588966709745	25686.181113960694
247.6944824137356	20118.745497464497	26854.103362935668	0.9668335608898838	25440.0052364025
248.89688281380225	19910.00557271456	26600.860198195416	0.9667050887315349	25193.829358844312
250.099283213869	19701.265647964618	26347.132892464415	0.966576616573186	24947.653481286117
251.30168361393564	19492.525723214676	26092.92005606982	0.9664481444148372	24701.47760372793
252.50408401400233	19283.785798464734	25838.22029401517	0.9663196722564883	24455.301726169735
253.70648441406902	19075.045873714793	25583.03220595485	0.9661912000981393	24209.125848611548
254.90888481413566	18866.305948964855	25327.354386168452	0.9660598530364821	23962.949971053364
256.1112852142023	18657.566024214917	25071.18542353492	0.9659251471630558	23716.774093495176
257.31368561426905	18448.826099464964	24814.52390150662	0.9657904412896293	23470.598215936974
258.5160860143357	18240.086174715023	24557.368398083272	0.9656557354162029	23224.422338378783
259.7184864144024	18031.34624996509	24299.71748578559	0.9655210295427765	22978.2464608206
260.92088681446904	17822.606325215147	24041.569731628915	0.9653863236693501	22732.07058326241
262.12328721453576	17613.8664004652	23782.923697096692	0.9652490502699996	22485.89470570421
263.32568761460243	17405.126475715257	23523.777938113704	0.9651081905079234	22239.718828146022
264.5280880146691	17196.38655096532	23264.131005019186	0.9649673307458472	21993.542950587835
265.73048841473576	16987.64662621538	23003.981442539836	0.964826470983771	21747.367073029647
266.9328888148024	16778.906701465443	22743.327789762578	0.9646856112216947	21501.19119547146
268.13528921486915	16570.16677671549	22482.168580107238	0.9645447514596185	21255.015317913258
269.3376896149358	16361.42685196555	22220.50234129908	0.9644016167279532	21008.83944035507
270.5400900150025	16152.686927215613	21958.327595341067	0.9642546620017086	20762.663562796886
271.74249041506914	15943.947002465671	21695.642858486062	0.9641077072754641	20516.4876852387
272.94489081513586	15735.207077715724	21432.446641208848	0.9639607525492195	20270.311807680497
274.14729121520253	15526.467152965784	21168.737448177988	0.963813797822975	20024.13593012231
275.3496916152692	15317.727228215845	20904.513778227458	0.9636668430967305	19777.96005256412
276.55209201533586	15108.987303465905	20639.774124328193	0.9635178948827118	19531.784175005934
277.7544924154025	14900.247378715967	20374.516973559443	0.9633648862200993	19285.608297447743
278.95689281546925	14691.507453966018	20108.740807079917	0.9632118775574869	19039.43241988955
280.1592932155359	14482.767529216077	19842.444100098866	0.9630588688948746	18793.25654233136
281.3616936156026	14274.027604466139	19575.62532184684	0.9629058602322621	18547.080664773173
282.56409401566924	14065.287679716199	19308.282935546395	0.9627528515696497	18300.904787214982
283.76649441573596	13856.54775496625	19040.415398382574	0.9625981229029784	18054.728909656784
284.9688948158026	13647.807830216312	18772.02116147328	0.9624390859441389	17808.553032098596
286.1712952158693	13439.06790546637	18503.09866983935	0.9622800489852993	17562.37715454041
287.37369561593596	13230.32798071643	18233.646362374566	0.9621210120264597	17316.20127698222
288.5760960160026	13021.588055966493	17963.66267181544	0.9619619750676202	17070.025399424034
289.77849641606934	12812.848131216544	17693.14602471081	0.9618029381087806	16823.849521865835
290.980896816136	12604.108206466606	17422.09484139134	0.9616424496076582	16577.673644307648
292.1832972162027	12395.368281716665	17150.507535938654	0.9614773985268946	16331.497766749457
293.38569761626934	12186.628356966725	16878.382516154525	0.961312347446131	16085.321889191271
294.58809801633606	11977.888432216776	16605.718183529665	0.9611472963653674	15839.146011633073
295.7904984164027	11769.148507466838	16332.512933212516	0.9609822452846039	15592.970134074885
296.9928988164694	11560.4085827169	16058.765153977685	0.9608171942038403	15346.794256516696
298.19529921653606	11351.668657966957	15784.473228194296	0.9606509624292605	15100.618378958508
299.3976996166027	11142.928733217019	15509.63553179415	0.960479929806453	14854.442501400321
300.60010001666944	10934.18880846707	15234.250434239631	0.9603088971836454	14608.266623842122
301.8025004167361	10725.845670927445	14958.835858285016	0.9601378645608379	14362.546506815923
303.0049008168028	10707.912779873832	14932.475530599495	0.9599668319380303	14335.53675388327
304.20730121686944	10689.97988882022	14906.119968940437	0.9597957993152229	14308.527000950617
305.40970161693616	10672.046997766605	14879.769172015374	0.9596238616998329	14281.517248017963
306.6121020170028	10654.114106712994	14853.423138532336	0.9594469304174028	14254.50749508531
307.8145024170695	10636.18121565938	14827.081867199806	0.9592699991349727	14227.497742152656
309.01690281713616	10618.248324605767	14800.745356726726	0.9590930678525427	14200.487989220004
310.2193032172028	10600.315433552156	14774.413605822521	0.9589161365701125	14173.478236287354
311.42170361726954	10582.38254249854	14748.086613197067	0.9587392052876824	14146.4684833547
312.6241040173362	10564.44965144493	14721.764377560721	0.9585616403521983	14119.458730422046
313.8265044174029	10546.516760391316	14695.446897624293	0.958378920027459	14092.448977489394
315.02890481746954	10528.583869337703	14669.134172099066	0.9581961997027196	14065.439224556741
316.23130521753626	10510.65097828409	14642.826199696783	0.9580134793779803	14038.429471624086
317.4337056176029	10492.718087230478	14616.522979129666	0.957830759053241	14011.419718691433
318.6361060176696	10474.785196176867	14590.224509110383	0.9576480387285017	13984.409965758781
319.83850641773626	10456.852305123253	14563.930788352081	0.9574649466916257	13957.400212826129
321.0409068178029	10438.919414069642	14537.641815568368	0.9572765506108185	13930.390459893477
322.24330721786964	10420.986523016027	14511.357589473308	0.9570881545300112	13903.380706960823
323.4457076179363	10403.053631962415	14485.078108781447	0.9568997584492039	13876.37095402817
324.648108018003	10385.120740908802	14458.803372207776	0.9567113623683967	13849.361201095517
325.85050841806964	10367.187849855189	14432.533378467764	0.9565229662875895	13822.351448162864
327.05290881813636	10349.254958801575	14406.268126277342	0.9563344504176148	13795.34169523021
328.255309218203	10331.322067747962	14380.007614352895	0.9561404892450319	13768.331942297556
329.4577096182697	10313.38917669435	14353.751841411282	0.9559465280724492	13741.322189364904
330.66011001833635	10295.456285640737	14327.500806169815	0.9557525668998663	13714.312436432252
331.862510418403	10277.523394587124	14301.25450734628	0.9555586057272836	13687.3026834996
333.06491081846974	10259.59050353351	14275.012943658916	0.9553646445547007	13660.292930566946
334.2673112185364	10241.6576124799	14248.776113826434	0.955170683382118	13633.283177634294
335.46971161860307	10223.724721426286	14222.544016567994	0.9549713826426501	13606.273424701641
336.67211201866974	10205.791830372673	14196.316650603232	0.9547719593271962	13579.263671768987
337.87451241873646	10187.85893931906	14170.094014652235	0.9545725360117422	13552.253918836333
339.0769128188031	10169.926048265446	14143.87610743556	0.9543731126962882	13525.244165903681
340.2793132188698	10151.993157211835	14117.662927674224	0.9541736893808341	13498.234412971027
341.48171361893645	10134.060266158222	14091.454474089696	0.9539742660653802	13471.224660038377
342.6841140190031	10116.12737510461	14065.250745403915	0.9537698325977462	13444.214907105725
343.88651441906984	10098.194484050997	14039.051740339279	0.953565042754478	13417.20515417307
345.0889148191365	10080.261592997384	14012.857457618646	0.9533602529112098	13390.195401240417
346.29131521920317	10062.328701943772	13986.667895965338	0.9531554630679416	13363.185648307764
347.49371561926984	10044.395810890159	13960.48305410313	0.9529506732246735	13336.175895375112
348.69611601933656	10026.462919836546	13934.302930756261	0.9527458833814053	13309.166142442456
349.8985164194032	10008.530028782932	13908.127524649426	0.9525363989672976	13282.156389509804
351.1009168194699	9990.59713772932	13881.956834507793	0.9523263321123998	13255.146636577152
352.30331721953655	9972.664246675708	13855.790859056966	0.9521162652575019	13228.1368836445
353.5057176196032	9954.731355622094	13829.629597023033	0.951906198402604	13201.127130711848
354.70811801966994	9936.798464568481	13803.473047132522	0.9516961315477062	13174.117377779194
355.9105184197366	9918.865573514868	13777.321208112431	0.9514860646928083	13147.107624846542
357.11291881980327	9900.932682461256	13751.174078690212	0.9512716067042283	13120.097871913888
358.31531921986993	9882.999791407643	13725.031657593772	0.9510563473012362	13093.088118981235
359.51771961993666	9865.06690035403	13698.893943551484	0.9508410878982442	13066.078366048581
360.7201200200033	9847.134009300416	13672.76093529217	0.9506258284952522	13039.068613115927
361.92252042007	9829.201118246803	13646.63263154512	0.9504105690922602	13012.058860183277
363.12492082013665	9811.268227193192	13620.509031040076	0.9501953096892681	12985.049107250625
364.3273212202033	9793.335336139578	13594.390132507233	0.9499759518242856	12958.039354317973
365.52972162027004	9775.402445085965	13568.275934677247	0.9497555801725558	12931.029601385317
366.7321220203367	9757.469554032354	13542.166436281235	0.949535208520826	12904.019848452665
367.93452242040337	9739.536662978742	13516.061636050767	0.9493148368690962	12877.010095520012
369.13692282047003	9721.603771925129	13489.961532717864	0.9490944652173664	12850.000342587358
370.33932322053676	9703.670880871516	13463.866125015009	0.9488740935656366	12822.990589654704
371.5417236206034	9685.737989817902	13437.775411675144	0.9486499064802483	12795.980836722052
372.7441240206701	9667.80509876429	13411.689391431664	0.9484244994709777	12768.9710837894
373.94652442073675	9649.872207710678	13385.608063018419	0.9481990924617072	12741.961330856746
375.1489248208034	9631.939316657064	13359.53142516971	0.9479736854524367	12714.951577924096
376.35132522087014	9614.006425603451	13333.459476620299	0.9477482784431661	12687.941824991442
377.5537256209368	9596.073534549838	13307.392216105402	0.9475228714338956	12660.932072058788
378.75612602100347	9578.140643496225	13281.329642360688	0.9472939232853679	12633.922319126135
379.95852642107013	9560.207752442613	13255.271754122288	0.9470635550459245	12606.912566193483
381.16092682113685	9542.274861389	13229.218550126776	0.9468331868064812	12579.902813260827
382.3633272212035	9524.341970335387	13203.170029111187	0.9466028185670379	12552.893060328175
383.5657276212702	9506.409079281773	13177.126189813005	0.9463724503275944	12525.883307395523
384.76812802133685	9488.476188228162	13151.087030970179	0.9461420820881511	12498.87355446287
385.9705284214035	9470.543297174549	13125.052551321096	0.9459084390026884	12471.863801530219
387.17292882147024	9452.610406120935	13099.022749604608	0.9456731814463643	12444.854048597565
388.3753292215369	9434.677515067322	13072.997624560012	0.9454379238900401	12417.844295664912
389.57772962160357	9416.744624013709	13046.97717492707	0.9452026663337161	12390.834542732258
390.78013002167023	9398.811732960097	13020.961399445987	0.9449674087773919	12363.824789799606
391.98253042173695	9380.878841906484	12994.950296857416	0.9447321512210678	12336.815036866952
393.1849308218036	9362.945950852873	12968.943865902482	0.9444938776965636	12309.8052839343
394.3873312218703	9345.01305979926	12942.942105322736	0.9442538009919229	12282.795531001646
395.58973162193695	9327.080168745646	12916.9450138602	0.9440137242872823	12255.785778068994
396.7921320220036	9309.147277692035	12890.952590257344	0.9437736475826415	12228.776025136342
397.99453242207034	9291.21438663842	12864.96483325708	0.9435335708780008	12201.766272203688
399.196932822137	9273.281495584808	12838.98174160279	0.9432934941733602	12174.756519271035
400.39933322220367	9255.348604531195	12813.003314038287	0.9430506534262774	12147.746766338383
401.60173362227033	9237.415713477581	12787.029549307848	0.9428058263978868	12120.73701340573
402.80413402233705	9219.482822423968	12761.060446156192	0.9425609993694962	12093.727260473075
404.0065344224037	9201.549931370357	12735.096003328505	0.9423161723411057	12066.717507540423
405.2089348224704	9183.617040316743	12709.136219570395	0.9420713453127151	12039.70775460777
406.41133522253705	9165.68414926313	12683.181093627945	0.9418265182843245	12012.698001675119
407.6137356226037	9147.751258209517	12657.230624247682	0.9415791725483398	11985.688248742466
408.81613602267043	9129.818367155905	12631.284810176581	0.9413296630187298	11958.678495809812
410.0185364227371	9111.885476102292	12605.343650162058	0.9410801534891198	11931.668742877158
411.22093682280376	9093.952585048679	12579.407142951992	0.9408306439595098	11904.658989944506
412.42333722287043	9076.019693995066	12553.475287294705	0.9405811344298997	11877.649237011854
413.62573762293715	9058.086802941452	12527.548081938965	0.9403316249002897	11850.6394840792
414.8281380230038	9040.153911887843	12501.625525633995	0.9400798356831681	11823.629731146546
416.0305384230705	9022.22102083423	12475.707617129463	0.9398257107642852	11796.619978213894
417.23293882313715	9004.288129780616	12449.794355175485	0.9395715858454023	11769.610225281242
418.4353392232038	8986.355238727003	12423.885738522626	0.9393174609265195	11742.600472348588
419.63773962327053	8968.42234767339	12397.981765921899	0.9390633360076366	11715.590719415935
420.8401400233372	8950.489456619778	12372.082436124767	0.9388092110887537	11688.580966483283
422.04254042340386	8932.556565566165	12346.187747883132	0.9385530393929495	11661.57121355063
423.24494082347053	8914.623674512552	12320.297699949355	0.9382943657340606	11634.561460617977
424.44734122353725	8896.690783458938	12294.412291076233	0.9380356920751715	11607.551707685323
425.6497416236039	8878.757892405325	12268.53152001702	0.9377770184162825	11580.54195475267
426.8521420236706	8860.825001351714	12242.655385525415	0.9375183447573935	11553.532201820017
428.05454242373725	8842.8921102981	12216.783886355552	0.9372596710985044	11526.522448887366
429.2569428238039	8824.959219244487	12190.917021262027	0.9369991776101754	11499.512695954714
430.45934322387063	8807.026328190874	12165.054788999869	0.9367360216081054	11472.502943022058
431.6617436239373	8789.09343713726	12139.197188324562	0.9364728656060354	11445.493190089406
432.86414402400396	8771.160546083649	12113.344217992037	0.9362097096039654	11418.483437156754
434.0665444240706	8753.227655030036	12087.495876758658	0.9359465536018954	11391.4736842241
435.26894482413735	8735.294763976422	12061.652163381246	0.9356833975998254	11364.463931291446
436.471345224204	8717.36187292281	12035.813076617067	0.9354186428502712	11337.454178358794
437.6737456242707	8699.428981869196	12009.978615223825	0.9351510708269756	11310.444425426142
438.87614602433734	8681.496090815584	11984.148777959674	0.93488349880368	11283.434672493488
440.078546424404	8663.563199761973	11958.323563583206	0.9346159267803844	11256.424919560835
441.28094682447073	8645.63030870836	11932.502970853466	0.9343483547570888	11229.415166628183
442.4833472245374	8627.697417654748	11906.686998529942	0.9340807827337932	11202.40541369553
443.68574762460406	8609.764526601135	11880.875645372556	0.9338118272367618	11175.395660762877
444.8881480246707	8591.831635547522	11855.068910141688	0.9335399055884863	11148.385907830225
446.09054842473745	8573.898744493908	11829.266791598147	0.9332679839402108	11121.37615489757
447.2929488248041	8555.965853440295	11803.4692885032	0.9329960622919353	11094.366401964917
448.4953492248708	8538.032962386684	11777.676399618547	0.9327241406436598	11067.356649032265
449.69774962493744	8520.10007133307	11751.888123706332	0.9324522189953843	11040.346896099614
450.9001500250041	8502.167180279457	11726.10445952914	0.9321791233632118	11013.33714316696
452.10255042507083	8484.234289225844	11700.325405850013	0.9319029186848855	10986.327390234306
453.3049508251375	8466.30139817223	11674.550961432416	0.9316267140065592	10959.317637301654
454.50735122520416	8448.36850711862	11648.78112504027	0.9313505093282329	10932.307884369
455.7097516252708	8430.435616065006	11623.015895437924	0.9310743046499066	10905.298131436348
456.91215202533755	8412.502725011393	11597.255271390184	0.9307980999715803	10878.288378503694
458.1145524254042	8394.56983395778	11571.499251662288	0.9305209250127267	10851.278625571042
459.3169528254709	8376.636942904166	11545.74783501992	0.9302405042007134	10824.268872638388
460.51935322553754	8358.704051850555	11520.001020229201	0.9299600833887002	10797.259119705735
461.72175362560426	8340.77116079694	11494.258806056696	0.929679662576687	10770.249366773083
462.92415402567093	8322.83826974333	11468.521191269414	0.9293992417646738	10743.23961384043
464.1265544257376	8304.905378689717	11442.788174634792	0.9291188209526606	10716.229860907777
465.32895482580426	8286.972487636103	11417.059754920723	0.9288376277528637	10689.220107975125
466.5313552258709	8269.039596582492	11391.335930895533	0.9285530580887666	10662.210355042473
467.73375562593765	8251.106705528877	11365.61670132798	0.9282684884246696	10635.200602109817
468.9361560260043	8233.173814475265	11339.902064987278	0.9279839187605725	10608.190849177165
470.138556426071	8215.240923421652	11314.192020643071	0.9276993490964756	10581.181096244512
471.34095682613764	8197.308032368039	11288.48656706544	0.9274147794323785	10554.17134331186
472.54335722620436	8179.3751413144255	11262.785703024914	0.927129629421357	10527.161590379204
473.74575762627103	8161.442250260812	11237.08942729245	0.926840978639205	10500.151837446554
474.9481580263377	8143.509359207201	11211.397738639458	0.9265523278570531	10473.1420845139
476.15055842640436	8125.5764681535875	11185.710635837771	0.9262636770749011	10446.132331581248
477.352958826471	8107.643577099974	11160.02811765967	0.9259750262927491	10419.122578648596
478.55535922653775	8089.710686046363	11134.350182877872	0.9256863755105971	10392.112825715942
479.7577596266044	8071.7777949927495	11108.676830265533	0.9253973305159878	10365.103072783288
480.9601600266711	8053.844903939136	11083.008058596242	0.9251046668548263	10338.093319850635
482.1625604267377	8035.912012885526	11057.343866644034	0.9248120031936646	10311.083566917983
483.36496082680446	8017.979121831911	11031.684253183372	0.924519339532503	10284.07381398533
484.56736122687107	8000.046230778299	11006.029216989167	0.9242266758713414	10257.064061052677
485.7697616269378	7982.113339724686	10980.378756836757	0.9239340122101798	10230.054308120025
486.97216202700446	7964.180448671073	10954.73287150192	0.9236411345001826	10203.044555187373
488.1745624270711	7946.24755761746	10929.091559760875	0.9233445267438266	10176.034802254719
489.37696282713785	7928.314666563846	10903.454820390269	0.9230479189874706	10149.025049322065
490.57936322720445	7910.381775510235	10877.822652167199	0.9227513112311146	10122.015296389414
491.78176362727123	7892.448884456621	10852.195053869182	0.9224547034747587	10095.00554345676
492.98416402733784	7874.515993403009	10826.572024274177	0.9221580957184027	10067.995790524108
494.1865644274046	7856.583102349396	10800.953562160585	0.921861448034426	10040.986037591452
495.3889648274712	7838.650211295782	10775.339666307234	0.9215609655399146	10013.9762846588
496.5913652275379	7820.717320242171	10749.730335493394	0.9212604830454032	9986.966531726146
497.7937656276045	7802.784429188558	10724.125568498763	0.9209600005508918	9959.956778793496
498.9961660276713	7784.851538134944	10698.52536410348	0.9206595180563804	9932.947025860843
500.198566427738	7766.918647081331	10672.929721088114	0.9203590355618689	9905.937272928188
501.4009668278046	7748.98575602772	10647.338638233676	0.9200585530673575	9878.927519995535
502.6033672278713	7731.052864974106	10621.7521143216	0.9197543938584128	9851.917767062883
503.8057676279379	7713.119973920493	10596.170148133762	0.9194501065745104	9824.90801413023
505.00816802800466	7695.18708286688	10570.59273845247	0.919145819290608	9797.898261197577
506.21056842807127	7677.254191813268	10545.019884060468	0.9188415320067055	9770.888508264925
507.41296882813805	7659.321300759656	10519.45158374093	0.9185372447228031	9743.878755332273
508.61536922820466	7641.388409706043	10493.887836277467	0.9182329574389007	9716.869002399619
509.8177696282713	7623.455518652429	10468.328640454118	0.9179252257959264	9689.859249466967
511.02017002833804	7605.522627598816	10442.773995055359	0.9176172042728556	9662.849496534312
512.2225704284047	7587.589736545205	10417.223898866097	0.9173091827497849	9635.83974360166
513.4249708284714	7569.656845491591	10391.678350671675	0.9170011612267142	9608.829990669008
514.6273712285381	7551.723954437977	10366.13734925786	0.9166931397036434	9581.820237736352
515.8297716286047	7533.791063384366	10340.600893410865	0.9163851181805727	9554.810484803702
517.0321720286714	7515.8581723307525	10315.068981917319	0.9160738789802442	9527.800731871046
518.234572428738	7497.925281277141	10289.541613564299	0.915762194371696	9500.790978938398
519.4369728288048	7479.992390223528	10264.018787139297	0.9154505097631478	9473.781226005744
520.6393732288715	7462.0594991699145	10238.500501430248	0.9151388251545997	9446.771473073088
521.8417736289381	7444.126608116302	10212.986755225518	0.9148271405460514	9419.761720140437
523.0441740290048	7426.193717062689	10187.477547313896	0.9145154559375033	9392.751967207783
524.2465744290715	7408.260826009075	10161.97287648461	0.9142007745763707	9365.74221427513
525.4489748291381	7390.327934955463	10136.472741527316	0.9138854986347142	9338.732461342477
526.6513752292049	7372.39504390185	10110.977141232099	0.9135702226930577	9311.722708409825
527.8537756292715	7354.4621528482385	10085.486074389475	0.9132549467514012	9284.712955477173
529.0561760293382	7336.529261794624	10059.999539790388	0.9129396708097446	9257.703202544519
530.2585764294049	7318.596370741011	10034.517536226216	0.9126243948680881	9230.693449611865
531.4609768294715	7300.6634796874	10009.04006248877	0.9123063372539023	9203.683696679214
532.6633772295382	7282.730588633786	9983.567117370278	0.9119875423194154	9176.673943746559
533.8657776296048	7264.797697580175	9958.098699663411	0.9116687473849283	9149.664190813908
535.0681780296716	7246.864806526561	9932.634808161258	0.9113499524504414	9122.654437881256
536.2705784297383	7228.9319154729465	9907.175441657342	0.9110311575159543	9095.6446849486
537.4729788298049	7210.999024419335	9881.720598945622	0.9107123625814674	9068.63493201595
538.6753792298716	7193.066133365722	9856.270278820468	0.9103909951203848	9041.625179083294
539.8777796299382	7175.13324231211	9830.824480076697	0.9100687541052341	9014.615426150645
541.080180030005	7157.200351258496	9805.383201509536	0.9097465130900835	8987.60567321799
542.2825804300717	7139.267460204884	9779.946441914659	0.9094242720749329	8960.595920285336
543.4849808301383	7121.334569151271	9754.514200088155	0.9091020310597823	8933.586167352685
544.687381230205	7103.401678097658	9729.086474826545	0.9087797900446316	8906.57641442003
545.8897816302717	7085.468787044045	9703.663264926774	0.9084551796247811	8879.566661487377
547.0921820303383	7067.535895990433	9678.244569186223	0.9081295659924042	8852.556908554725
548.2945824304051	7049.603004936819	9652.830386402684	0.9078039523600273	8825.547155622073
549.4969828304717	7031.670113883208	9627.420715374396	0.9074783387276504	8798.537402689419
550.6993832305384	7013.7372228295935	9602.015554900003	0.9071527250952734	8771.527649756767
551.9017836306051	6995.80433177598	9576.614903778598	0.9068271114628965	8744.517896824113
553.1041840306717	6977.871440722369	9551.2187608096865	0.9064993254347414	8717.50814389146
554.3065844307384	6959.938549668756	9525.827124793195	0.9061704131752103	8690.498390958806
555.508984830805	6942.005658615144	9500.439994529494	0.9058415009156792	8663.488638026156
556.7113852308718	6924.07276756153	9475.05736881936	0.9055125886561481	8636.478885093502
557.9137856309385	6906.139876507917	9449.679246464011	0.905183676396617	8609.469132160846
559.1161860310051	6888.206985454305	9424.305626265083	0.9048547641370859	8582.459379228198
560.3185864310718	6870.274094400692	9398.936507024633	0.9045238702909729	8555.449626295542
561.5209868311384	6852.3412033470795	9373.571887545153	0.9041917338928644	8528.439873362891
562.7233872312052	6834.408312293465	9348.211766629553	0.903859597494756	8501.430120430237
563.9257876312719	6816.475421239852	9322.856143081164	0.9035274610966475	8474.420367497583
565.1281880313385	6798.542530186241	9297.505015703757	0.903195324698539	8447.410614564931
566.3305884314052	6780.609639132628	9272.158383301508	0.9028631883004306	8420.400861632277
567.5329888314719	6762.676748079015	9246.81624467903	0.9025292548416806	8393.391108699625
568.7353892315385	6744.7438570254035	9221.478598641355	0.9021939692609209	8366.381355766973
569.9377896316053	6726.810965971788	9196.145443993933	0.9018586836801612	8339.371602834319
571.1401900316719	6708.878074918177	9170.816779542656	0.9015233980994014	8312.361849901667
572.3425904317386	6690.945183864564	9145.492604093815	0.9011881125186417	8285.352096969014
573.5449908318053	6673.01229281095	9120.172916454145	0.9008528269378819	8258.342344036359
574.7473912318719	6655.079401757338	9094.85771543079	0.9005159224597433	8231.332591103708
575.9497916319386	6637.146510703725	9069.54699983132	0.9001775630858502	8204.322838171054
577.1521920320052	6619.213619650113	9044.240768463736	0.8998392037119571	8177.313085238403
578.354592432072	6601.2807285965	9018.939020136446	0.899500844338064	8150.30333230575
579.5569928321387	6583.347837542887	8993.641753658294	0.899162484964171	8123.293579373094
580.7593932322053	6565.414946489274	8968.348967838541	0.8988241255902778	8096.2838264404445
581.961793632272	6547.482055435661	8943.060661486867	0.8984843190450335	8069.274073507789
583.1641940323386	6529.54916438205	8917.776833413378	0.8981429616651385	8042.264320575139
584.3665944324053	6511.6162733284355	8892.497482428593	0.8978016042852436	8015.254567642484
585.5689948324721	6493.683382274822	8867.222607343467	0.8974602469053486	7988.244814709831
586.7713952325387	6475.75049122121	8841.952206969365	0.8971188895254537	7961.235061777179
587.9737956326054	6457.817600167597	8816.686280118076	0.8967775321455588	7934.225308844526
589.1761960326721	6439.884709113983	8791.424825601804	0.8964348928141103	7907.215555911871
590.3785964327387	6421.951818060373	8766.167842233186	0.8960906135752364	7880.20580297922
591.5809968328055	6404.0189270067585	8740.915328825264	0.8957463343363626	7853.196050046567
592.7833972328721	6386.086035953146	8715.667284191513	0.8954020550974888	7826.186297113914
593.9857976329388	6368.153144899534	8690.423707145823	0.895057775858615	7799.176544181261
595.1881980330055	6350.22025384592	8665.184596502499	0.8947134966197412	7772.166791248606
596.3905984330721	6332.287362792308	8639.949951076276	0.89436809427246	7745.157038315956
597.5929988331388	6314.354471738694	8614.719769682299	0.8940209701299936	7718.147285383301
598.7953992332054	6296.4215806850825	8589.494051136138	0.8936738459875272	7691.13753245065
599.9977996332722	6278.488689631469	8564.272794253777	0.8933267218450608	7664.127779517997
601.2002000333389	6260.555798577855	8539.05599785162	0.8929795977025944	7637.118026585342
602.4026004334055	6242.6229075242445	8513.843660746496	0.8926324735601281	7610.108273652691
603.6050008334722	6224.69001647063	8488.63578175564	0.8922843796886938	7583.0985207200365
604.8074012335388	6206.757125417019	8463.432359696722	0.8919344913126819	7556.088767787385
606.0098016336055	6188.824234363406	8438.233393387813	0.89158460293667	7529.079014854731
607.2122020336723	6170.891343309792	8413.038881647413	0.8912347145606582	7502.069261922078
608.4146024337389	6152.95845225618	8387.848823294436	0.8908848261846463	7475.059508989427
609.6170028338056	6135.025561202567	8362.663217148214	0.8905349378086345	7448.049756056773
610.8194032338723	6126.585770016959	8350.14190699931	0.8901842276703169	7433.07741703325
612.0218036339389	6127.08111190589	8349.537565546681	0.8898316612081936	7429.434980427996
613.2242040340057	6127.576453794822	8348.933409252606	0.8894790947460702	7425.792543822742
614.4266044340723	6128.0717956837525	8348.329438032002	0.8891265282839469	7422.150107217489
615.629004834139	6128.567137572684	8347.72565179984	0.8887739618218236	7418.507670612235
616.8314052342057	6129.062479461615	8347.122050471145	0.8884213953597002	7414.865234006981
618.0338056342723	6129.557821350547	8346.518633960997	0.8880681486980092	7411.222797401727
619.236206034339	6130.053163239477	8345.915402184517	0.887712994752501	7407.580360796473
620.4386064344056	6130.548505128409	8345.312355056889	0.8873578408069926	7403.937924191219
621.6410068344724	6131.043847017339	8344.709492493344	0.8870026868614844	7400.295487585966
622.8434072345391	6131.539188906271	8344.106814409162	0.8866475329159761	7396.653050980712
624.0458076346057	6132.034530795202	8343.504320719685	0.8862923789704679	7393.010614375458
625.2482080346724	6132.529872684134	8342.902011340295	0.8859366789346067	7389.368177770205
626.4506084347391	6133.025214573065	8342.29988618643	0.8855790304535344	7385.725741164951
627.6530088348057	6133.520556461996	8341.697945173588	0.8852213819724621	7382.083304559697
628.8554092348725	6134.015898350927	8341.096188217301	0.8848637334913898	7378.440867954443
630.0578096349391	6134.511240239858	8340.49461523317	0.8845060850103175	7374.79843134919
631.2602100350058	6135.006582128789	8339.893226136839	0.8841484365292451	7371.155994743936
632.4626104350725	6135.501924017721	8339.292020844005	0.8837903680340294	7367.513558138682
633.6650108351391	6135.997265906652	8338.690999270417	0.8834303187660357	7363.871121533428
634.86741123520585	6136.492607795583	8338.090161331873	0.8830702694980419	7360.228684928174
636.0698116352725	6136.987949684514	8337.489506944228	0.8827102202300482	7356.58624832292
637.2722120353392	6137.483291573446	8336.889036023384	0.8823501709620545	7352.943811717667
638.4746124354059	6137.978633462377	8336.288748485293	0.8819901216940607	7349.301375112413
639.6770128354725	6138.473975351309	8335.688644245962	0.881629770293229	7345.658938507159
640.8794132355392	6138.969317240239	8335.08872322145	0.8812674143581678	7342.016501901906
642.0818136356058	6139.46465912917	8334.48898532786	0.8809050584231065	7338.374065296652
643.2842140356726	6139.960001018101	8333.889430481358	0.8805427024880453	7334.731628691398
644.4866144357393	6140.455342907033	8333.290058598152	0.880180346552984	7331.089192086144
645.6890148358059	6140.950684795964	8332.6908695945	0.8798179906179229	7327.446755480891
646.8914152358726	6141.4460266848955	8332.09186338672	0.8794554421546753	7323.804318875637
648.0938156359393	6141.941368573826	8331.493039891173	0.8790908736668109	7320.161882270383
649.296216036006	6142.436710462758	8330.894399024275	0.8787263051789467	7316.519445665129
650.4986164360727	6142.932052351689	8330.295940702494	0.8783617366910824	7312.877009059875
651.7010168361393	6143.427394240621	8329.697664842342	0.8779971682032182	7309.234572454621
652.903417236206	6143.922736129551	8329.099571360388	0.8776325997153539	7305.592135849368
654.1058176362727	6144.418078018482	8328.501660173251	0.8772679400217108	7301.949699244114
655.3082180363393	6144.913419907413	8327.903931197603	0.87690125294274	7298.30726263886
656.510618436406	6145.408761796345	8327.306384350162	0.8765345658637692	7294.664826033606
657.7130188364727	6145.904103685276	8326.7090195477	0.8761678787847984	7291.022389428353
658.9154192365394	6146.399445574208	8326.111836707038	0.8758011917058276	7287.379952823099
660.1178196366061	6146.8947874631385	8325.514835745045	0.8754345046268568	7283.737516217845
661.3202200366727	6147.39012935207	8324.91801657865	0.8750678175478861	7280.095079612592
662.5226204367394	6147.885471241001	8324.321379124822	0.8746991076121214	7276.452643007338
663.725020836806	6148.380813129932	8323.724923300584	0.8743303958219136	7272.810206402084
664.9274212368728	6148.876155018863	8323.128649023016	0.8739616840317057	7269.16776979683
666.1298216369395	6149.371496907795	8322.532556209238	0.8735929722414978	7265.525333191576
667.3322220370061	6149.8668387967255	8321.936644776428	0.8732242604512899	7261.882896586322
668.5346224370728	6150.362180685657	8321.340914641813	0.872855548661082	7258.240459981069
669.7370228371395	6150.857522574588	8320.745365722665	0.8724849926481657	7254.598023375815
670.9394232372061	6151.35286446352	8320.149997936313	0.8721143499732553	7250.955586770561
672.1418236372729	6151.848206352451	8319.554811200134	0.8717437072983449	7247.313150165307
673.3442240373395	6152.343548241382	8318.959805431556	0.8713730646234347	7243.670713560054
674.5466244374062	6152.838890130313	8318.364980548053	0.8710024219485243	7240.0282769548
675.7490248374729	6153.334232019244	8317.770336467154	0.8706317792736139	7236.385840349546
676.9514252375395	6153.829573908175	8317.17587310644	0.8702594626332492	7232.743403744293
678.1538256376062	6154.324915797107	8316.581590383534	0.8698869827613839	7229.100967139038
679.3562260376729	6154.820257686038	8315.987488216117	0.8695145028895185	7225.458530533785
680.5586264377396	6155.315599574969	8315.393566521912	0.8691420230176532	7221.816093928531
681.7610268378063	6155.8109414639	8314.7998252187	0.8687695431457878	7218.1736573232765
682.9634272378729	6156.306283352832	8314.206264224313	0.8683970632739225	7214.531220718023
684.1658276379396	6156.801625241763	8313.612883456619	0.8680230711934102	7210.88878411277
685.3682280380062	6157.296967130695	8313.019682833554	0.8676488475098934	7207.246347507516
686.570628438073	6157.7923090196255	8312.42666227309	0.8672746238263765	7203.603910902262
687.7730288381397	6158.287650908556	8311.833821693253	0.8669004001428596	7199.961474297008
688.9754292382063	6158.782992797487	8311.241161012125	0.8665261764593428	7196.319037691755
690.177829638273	6159.278334686419	8310.648680147828	0.8661519527758259	7192.676601086501
691.3802300383397	6159.77367657535	8310.056379018542	0.8657763700668256	7189.034164481247
692.5826304384063	6160.2690184642815	8309.46425754249	0.8654004955171423	7185.391727875994
693.7850308384731	6160.764360353212	8308.87231563795	0.8650246209674589	7181.749291270739
694.9874312385397	6161.259702242144	8308.280553223241	0.8646487464177757	7178.106854665486
696.1898316386064	6161.755044131075	8307.688970216743	0.8642728718680923	7174.464418060232
697.3922320386731	6162.250386020007	8307.09756653688	0.863896997318409	7170.8219814549775
698.5946324387397	6162.745727908937	8306.506342102122	0.8635199083682308	7167.179544849724
699.7970328388064	6163.2410697978685	8305.915296830992	0.8631424754034541	7163.537108244471
700.999433238873	6163.736411686799	8305.32443064207	0.8627650424386776	7159.8946716392165
702.2018336389398	6164.231753575731	8304.733743453966	0.862387609473901	7156.252235033963
703.4042340390065	6164.727095464662	8304.143235185356	0.8620101765091244	7152.609798428709
704.6066344390731	6165.222437353594	8303.552905754963	0.8616327435443478	7148.967361823456
705.8090348391398	6165.717779242525	8302.962755081551	0.8612542322722184	7145.324925218202
707.0114352392064	6166.213121131456	8302.372783083943	0.8608753327961274	7141.682488612948
708.2138356392732	6166.708463020387	8301.782989681005	0.8604964333200364	7138.040052007695
709.4162360393399	6167.203804909319	8301.193374791654	0.8601175338439454	7134.39761540244
710.6186364394065	6167.699146798249	8300.6039383348525	0.8597386343678544	7130.755178797187
711.8210368394732	6168.194488687181	8300.014680229617	0.8593597348917634	7127.112742191933
713.0234372395399	6168.6898305761115	8299.425600395016	0.8589798847061538	7123.4703055866785
714.2258376396065	6169.185172465043	8298.836698750158	0.8585996100236674	7119.827868981425
715.4282380396733	6169.680514353974	8298.247975214204	0.8582193353411808	7116.185432376171
716.6306384397399	6170.175856242906	8297.659429706368	0.8578390606586942	7112.5429957709175
717.8330388398066	6170.671198131837	8297.07106214591	0.8574587859762076	7108.900559165664
719.0354392398733	6171.1665400207685	8296.48287245213	0.857078511293721	7105.25812256041
720.2378396399399	6171.661881909699	8295.894860544397	0.8566974050507677	7101.615685955157
721.4402400400066	6172.15722379863	8295.307026342107	0.8563158458177967	7097.973249349902
722.6426404400733	6172.652565687561	8294.71936976472	0.8559342865848257	7094.330812744649
723.84504084014	6173.147907576493	8294.131890731738	0.8555527273518547	7090.688376139396
725.0474412402067	6173.643249465424	8293.544589162711	0.8551711681188837	7087.045939534141
726.2498416402733	6174.1385913543545	8292.957464977246	0.8547896088859127	7083.403502928888
727.45224204034	6174.633933243286	8292.370518094984	0.8544073288489971	7079.761066323634
728.6546424404066	6175.129275132217	8291.783748435626	0.854024575023803	7076.118629718379
729.8570428404734	6175.624617021149	8291.197155918915	0.8536418211986089	7072.476193113126
731.0594432405401	6176.11995891008	8290.61074046465	0.8532590673734147	7068.833756507872
732.2618436406067	6176.615300799011	8290.024501992672	0.8528763135482206	7065.1913199026185
733.4642440406734	6177.110642687941	8289.438440422871	0.8524935597230265	7061.548883297365
734.6666444407401	6177.605984576873	8288.852555675192	0.8521101875235731	7057.906446692111
735.8690448408067	6178.101326465804	8288.266847669616	0.8517263283197083	7054.2640100868575
737.0714452408735	6178.596668354736	8287.681316326181	0.8513424691158433	7050.621573481603
738.2738456409401	6179.092010243667	8287.095961564974	0.8509586099119785	7046.97913687635
739.4762460410068	6179.587352132598	8286.510783306125	0.8505747507081136	7043.336700271097
740.6786464410735	6180.082694021529	8285.925781469818	0.8501908915042486	7039.694263665842
741.8810468411401	6180.578035910461	8285.340955976277	0.849806508103792	7036.051827060589
743.0834472412068	6181.073377799392	8284.756306745785	0.8494216319446893	7032.409390455335
744.2858476412734	6181.568719688323	8284.171833698658	0.8490367557855868	7028.76695385008
745.4882480413402	6182.064061577254	8283.587536755278	0.8486518796264841	7025.124517244827
746.6906484414069	6182.559403466185	8283.00341583606	0.8482670034673815	7021.482080639573
747.8930488414735	6183.054745355116	8282.419470861478	0.8478821273082789	7017.8396440343195
749.0954492415402	6183.550087244048	8281.835701752045	0.8474968129618426	7014.197207429066
750.2978496416068	6184.045429132979	8281.252108428327	0.8471110074371107	7010.554770823813
751.5002500416736	6184.540771021911	8280.668690810937	0.8467252019123787	7006.9123342185585
752.7026504417403	6185.036112910841	8280.085448820535	0.8463393963876465	7003.269897613304
753.9050508418069	6185.531454799773	8279.502382377828	0.8459535908629146	6999.627461008051
755.1074512418736	6186.026796688704	8278.919491403574	0.8455677853381824	6995.9850244027975
756.3098516419403	6186.522138577635	8278.336775818574	0.8451816195590098	6992.342587797543
757.5122520420069	6187.017480466566	8277.75423554368	0.844794971382479	6988.70015119229
758.7146524420737	6187.5128223554975	8277.171870499793	0.8444083232059482	6985.057714587035
759.9170528421403	6188.008164244428	8276.589680607856	0.8440216750294174	6981.415277981781
761.119453242207	6188.50350613336	8276.007665788866	0.8436350268528865	6977.772841376528
762.3218536422737	6188.998848022291	8275.425825963861	0.8432483786763556	6974.130404771274
763.5242540423403	6189.494189911223	8274.844161053932	0.8428614402020211	6970.48796816602
764.726654442407	6189.989531800154	8274.262670980217	0.8424740351715817	6966.845531560767
765.9290548424736	6190.484873689085	8273.681355663897	0.8420866301411424	6963.203094955514
767.1314552425404	6190.980215578015	8273.100215026203	0.8416992251107029	6959.5606583502595
768.3338556426071	6191.475557466947	8272.519248988414	0.8413118200802635	6955.918221745005
769.5362560426737	6191.970899355878	8271.938457471857	0.8409244150498241	6952.275785139752
770.7386564427404	6192.46624124481	8271.357840397903	0.8405367818097523	6948.6333485344985
771.941056842807	6192.9615831337405	8270.777397687974	0.8401487047690133	6944.990911929244
773.1434572428738	6193.456925022672	8270.197129263537	0.839760627728274	6941.348475323991
774.3458576429405	6193.952266911603	8269.617035046105	0.8393725506875348	6937.706038718736
775.5482580430071	6194.447608800535	8269.037114957242	0.8389844736467957	6934.063602113482
776.7506584430738	6194.942950689466	8268.457368918556	0.8385963966060564	6930.421165508229
777.9530588431405	6195.4382925783975	8267.8777968517	0.8382081456904694	6926.778728902975
779.1554592432071	6195.9336344673275	8267.29839867838	0.8378194804922607	6923.136292297721
780.3578596432739	6196.428976356259	8266.719174320346	0.8374308152940522	6919.493855692467
781.5602600433405	6196.92431824519	8266.140123699392	0.8370421500958435	6915.851419087214
782.7626604434072	6197.419660134122	8265.561246737365	0.8366534848976348	6912.20898248196
783.9650608434739	6197.915002023053	8264.982543356155	0.8362648196994261	6908.566545876706
785.1674612435405	6198.4103439119845	8264.404013477695	0.8358760273297324	6904.924109271453
786.3698616436072	6198.905685800915	8263.825657023974	0.8354868568014691	6901.2816726661995
787.5722620436738	6199.401027689847	8263.247473917021	0.8350976862732058	6897.639236060945
788.7746624437406	6199.896369578778	8262.669464078914	0.8347085157449425	6893.996799455692
789.9770628438073	6200.391711467709	8262.091627431773	0.8343193452166792	6890.354362850437
791.1794632438739	6200.88705335664	8261.51396389778	0.8339301746884159	6886.711926245183
792.3818636439406	6201.382395245571	8260.936473399142	0.8335409161890537	6883.06948963993
793.5842640440072	6201.877737134502	8260.359155858128	0.8331513220999683	6879.427053034677
794.786664444074	6202.373079023434	8259.782011197049	0.832761728010883	6875.784616429422
795.9890648441407	6202.868420912365	8259.205039338258	0.8323721339217975	6872.142179824168
797.1914652442073	6203.363762801297	8258.628240204163	0.8319825398327122	6868.499743218915
798.393865644274	6203.8591046902275	8258.051613717214	0.8315929457436269	6864.857306613661
799.5962660443407	6204.354446579159	8257.475159799906	0.8312032955153666	6861.214870008407
800.7986664444073	6204.849788468089	8256.898878374785	0.8308133585456159	6857.572433403154
802.001066844474	6205.345130357021	8256.322769364437	0.8304234215758651	6853.9299967979005
803.2034672445407	6205.840472245952	8255.746832691497	0.8300334846061145	6850.287560192646
804.4058676446074	6206.335814134884	8255.171068278649	0.8296435476363637	6846.645123587393
805.6082680446741	6206.831156023814	8254.595476048622	0.829253610666613	6843.002686982138
806.8106684447407	6207.326497912746	8254.020055924191	0.8288636421613209	6839.360250376884
808.0130688448074	6207.821839801677	8253.444807828175	0.8284734418729645	6835.717813771631
809.215469244874	6208.317181690609	8252.869731683439	0.828083241584608	6832.075377166378
810.4178696449408	6208.81252357954	8252.294827412896	0.8276930412962515	6828.432940561123
811.6202700450075	6209.307865468471	8251.72009493951	0.8273028410078951	6824.790503955869
812.8226704450741	6209.803207357401	8251.14553418628	0.8269126407195387	6821.148067350616
814.0250708451408	6210.298549246333	8250.571145076261	0.8265224264164006	6817.505630745362
815.2274712452074	6210.793891135264	8249.996927532547	0.8261320412262433	6813.863194140108
816.4298716452741	6211.289233024196	8249.422881478285	0.825741656036086	6810.220757534855
817.6322720453409	6211.784574913127	8248.849006836661	0.8253512708459286	6806.578320929601
818.8346724454075	6212.279916802058	8248.275303530907	0.8249608856557713	6802.935884324347
820.0370728454742	6212.775258690989	8247.701771484306	0.824570500465614	6799.293447719094
821.2394732455409	6213.270600579921	8247.128410620187	0.8241801118488126	6795.651011113839
822.4418736456075	6213.765942468852	8246.555220861917	0.8237896190031002	6792.008574508585
823.6442740456743	6214.261284357784	8245.982202132918	0.8233991261573879	6788.366137903331
824.8466744457409	6214.7566262467135	8245.40935435665	0.8230086333116756	6784.723701298078
826.0490748458076	6215.251968135645	8244.836677456628	0.8226181404659633	6781.081264692824
827.2514752458743	6215.747310024576	8244.264171356397	0.8222276476202509	6777.43882808757
828.4538756459409	6216.242651913508	8243.691835979565	0.8218371547745387	6773.796391482317
829.6562760460076	6216.737993802439	8243.119671249777	0.8214466307090418	6770.153954877063
830.8586764460742	6217.2333356913705	8242.547677090719	0.821056106259994	6766.511518271809
832.061076846141	6217.728677580301	8241.975853426135	0.8206655818109462	6762.869081666556
833.2634772462077	6218.224019469233	8241.404200179804	0.8202750573618983	6759.226645061302
834.4658776462743	6218.719361358164	8240.832717275556	0.8198845329128505	6755.584208456048
835.668278046341	6219.214703247095	8240.261404637256	0.8194940084638027	6751.941771850795
836.8706784464076	6219.710045136026	8239.690262188833	0.8191035248224694	6748.2993352455405
838.0730788464743	6220.2053870249565	8239.119289854249	0.8187130436066279	6744.656898640286
839.2754792465411	6220.700728913888	8238.548487557508	0.8183225623907863	6741.014462035032
840.4778796466077	6221.196070802819	8237.977855222667	0.8179320811749448	6737.372025429779
841.6802800466744	6221.691412691751	8237.407392773826	0.8175415999591032	6733.729588824525
842.8826804467411	6222.186754580682	8236.83710013513	0.8171511187432616	6730.087152219271
844.0850808468077	6222.6820964696135	8236.266977230767	0.816760742670193	6726.444715614018
845.2874812468744	6223.177438358544	8235.697023984974	0.8163703782885636	6722.802279008764
846.4898816469411	6223.672780247475	8235.12724032203	0.8159800139069342	6719.15984240351
847.6922820470078	6224.168122136406	8234.557626166263	0.8155896495253047	6715.517405798257
848.8946824470745	6224.663464025338	8233.988181442039	0.8151992851436752	6711.8749691930025
850.0970828471411	6225.158805914269	8233.418906073777	0.8148089207620457	6708.232532587749
851.2994832472078	6225.6541478032	8232.849799985934	0.814418718313285	6704.590095982496
852.5018836472744	6226.149489692131	8232.280863103018	0.8140285431132444	6700.9476593772415
853.7042840473412	6226.644831581063	8231.712095349576	0.8136383679132038	6697.305222771987
854.9066844474079	6227.140173469994	8231.143496650206	0.8132481927131631	6693.662786166733
856.1090848474745	6227.635515358926	8230.575066929543	0.8128580175131225	6690.02034956148
857.3114852475412	6228.1308572478565	8230.006806112277	0.8124678423130818	6686.377912956226
858.5138856476078	6228.626199136787	8229.438714123133	0.8120778784431126	6682.735476350973
859.7162860476745	6229.121541025718	8228.870790886886	0.8116879635020512	6679.093039745719
860.9186864477413	6229.61688291465	8228.303036328356	0.8112980485609897	6675.450603140465
862.1210868478079	6230.112224803581	8227.735450372404	0.8109081336199284	6671.808166535211
863.3234872478746	6230.607566692513	8227.16803294394	0.810518218678867	6668.165729929958
864.5258876479413	6231.102908581443	8226.600783967915	0.8101283037378055	6664.523293324703
865.7282880480079	6231.598250470375	8226.033703369329	0.8097386422873789	6660.88085671945
866.9306884480746	6232.093592359306	8225.466791073219	0.8093490573980461	6657.238420114196
868.1330888481413	6232.588934248238	8224.900047004672	0.8089594725087134	6653.595983508942
869.335489248208	6233.084276137168	8224.333471088818	0.8085698876193804	6649.953546903688
870.5378896482747	6233.5796180260995	8223.767063250834	0.8081803027300476	6646.311110298434
871.7402900483413	6234.07495991503	8223.20082341594	0.8077907178407149	6642.668673693181
872.942690448408	6234.570301803962	8222.634751509398	0.8074014215259783	6639.026237087927
874.1450908484746	6235.065643692893	8222.068847456518	0.8070122351834937	6635.383800482674
875.3474912485414	6235.560985581825	8221.503111182647	0.8066230488410093	6631.74136387742
876.5498916486081	6236.056327470756	8220.937542613186	0.8062338624985248	6628.098927272166
877.7522920486747	6236.551669359687	8220.372141673573	0.8058446761560403	6624.456490666912
878.9546924487414	6237.047011248618	8219.806908289296	0.8054554898135559	6620.814054061659
880.157092848808	6237.54235313755	8219.241842385882	0.8050666202164577	6617.171617456405
881.3594932488747	6238.03769502648	8218.676943888902	0.8046778996069536	6613.529180851151
882.5618936489415	6238.533036915412	8218.11221272398	0.8042891789974494	6609.886744245897
883.7642940490081	6239.0283788043425	8217.547648816771	0.8039004583879454	6606.244307640643
884.9666944490748	6239.523720693274	8216.983252092981	0.8035117377784413	6602.601871035389
886.1690948491415	6240.019062582205	8216.419022478363	0.8031230171689372	6598.959434430135
887.3714952492081	6240.514404471137	8215.854959898708	0.8027346347284295	6595.316997824882
888.5738956492748	6241.009746360068	8215.291064279852	0.8023464457185778	6591.674561219628
889.7762960493415	6241.5050882489995	8214.727335547681	0.8019582567087262	6588.032124614374
890.9786964494082	6242.00043013793	8214.163773628112	0.8015700676988745	6584.389688009121
892.1810968494749	6242.495772026862	8213.60037844712	0.8011818786890228	6580.747251403866
893.3834972495415	6242.991113915792	8213.037149930715	0.8007936896791712	6577.104814798613
894.5858976496082	6243.486455804724	8212.474088004956	0.8004058535615031	6573.46237819336
895.7882980496748	6243.981797693655	8211.911192595942	0.8000182604835813	6569.819941588106
896.9906984497416	6244.4771395825865	8211.348463629814	0.7996306674056594	6566.177504982852
898.1930988498083	6244.972481471517	8210.785901032765	0.7992430743277376	6562.535068377598
899.3954992498749	6245.467823360449	8210.22350473102	0.7988554812498156	6558.8926317723435
900.5978996499416	6245.96316524938	8209.66127465086	0.7984678881718938	6555.25019516709
901.8003000500082	6246.458507138312	8209.099210718598	0.79808065556488	6551.607758561837
903.0027004500749	6246.9538490272425	8208.537312860597	0.7976937200376004	6547.965321956583
904.2051008501417	6247.449190916173	8207.975581003264	0.7973067845103209	6544.322885351329
905.4075012502083	6247.944532805104	8207.414015073049	0.7969198489830414	6540.680448746075
906.609901650275	6248.439874694036	8206.85261499644	0.7965329134557618	6537.038012140822
907.8123020503417	6247.412394618034	8205.51883437574	0.7961459779284823	6533.372333383374
909.0147024504083	6244.91731415113	8203.44010441821	0.7957594032275705	6529.684255295979
910.217102850475	6242.422233684226	8201.360766952803	0.7953731832899866	6525.996177208583
911.4195032505417	6239.9271532173225	8199.280821713162	0.7949869633524027	6522.308099121187
912.6219036506084	6237.432072750418	8197.20026843278	0.7946007434148187	6518.620021033792
913.8243040506751	6234.936992283514	8195.119106844986	0.7942145234772348	6514.931942946397
915.0267044507417	6232.441911816611	8193.037336682963	0.7938283035396508	6511.2438648590005
916.2291048508084	6229.9468313497055	8190.954957679727	0.7934424384010558	6507.555786771605
917.431505250875	6227.451750882801	8188.871969568146	0.7930569893126888	6503.86770868421
918.6339056509418	6224.956670415898	8186.788372080931	0.7926715402243217	6500.179630596814
919.8363060510085	6222.461589948994	8184.704164950633	0.7922860911359547	6496.491552509418
921.0387064510751	6219.966509482089	8182.619347909648	0.7919006420475877	6492.803474422023
922.2411068511418	6217.471429015185	8180.533920690216	0.7915151929592207	6489.115396334627
923.4435072512085	6214.976348548281	8178.447883024418	0.7911300869399299	6485.427318247231
924.6459076512751	6212.481268081377	8176.361234644185	0.7907454619342787	6481.739240159836
925.8483080513419	6209.986187614473	8174.273975281281	0.7903608369286276	6478.05116207244
927.0507084514085	6207.491107147569	8172.186104667318	0.7899762119229764	6474.363083985045
928.2531088514752	6204.996026680665	8170.097622533753	0.7895915869173252	6470.6750058976495
929.4555092515419	6202.5009462137605	8168.008528611884	0.789206961911674	6466.986927810253
930.6579096516085	6200.005865746856	8165.918822632845	0.7888226626525351	6463.298849722858
931.8603100516752	6197.510785279953	8163.8285043276255	0.7884389125144858	6459.610771635462
933.0627104517419	6195.015704813049	8161.737573427046	0.7880551623764365	6455.922693548067
934.2651108518086	6192.520624346144	8159.646029661776	0.7876714122383872	6452.23461546067
935.4675112518753	6190.02554387924	8157.553872762321	0.7872876621003378	6448.546537373275
936.6699116519419	6187.530463412336	8155.461102459034	0.7869039119622886	6444.858459285881
937.8723120520086	6185.035382945432	8153.367718482107	0.786520465151565	6441.170381198484
939.0747124520752	6182.540302478528	8151.273720561577	0.7861376387444182	6437.482303111089
940.277112852142	6180.045222011624	8149.179108427314	0.7857548123372713	6433.794225023693
941.4795132522087	6177.550141544719	8147.083881809042	0.7853719859301245	6430.106146936298
942.6819136522753	6175.0550610778155	8144.9880404363175	0.7849891595229775	6426.418068848901
943.884314052342	6172.559980610911	8142.891584038539	0.7846063331158307	6422.729990761506
945.0867144524087	6170.064900144007	8140.794512344952	0.7842237829130186	6419.041912674111
946.2891148524753	6167.569819677104	8138.696825084635	0.7838419276685076	6415.353834586715
947.4915152525421	6165.074739210199	8136.598521986514	0.7834600724239965	6411.665756499319
948.6939156526087	6162.579658743295	8134.499602779353	0.7830782171794856	6407.977678411924
949.8963160526754	6160.084578276391	8132.400067191753	0.7826963619349745	6404.289600324528
951.0987164527421	6157.589497809487	8130.2999149521665	0.7823145066904634	6400.6015222371325
952.3011168528087	6155.094417342582	8128.199145788874	0.7819328960609909	6396.913444149737
953.5035172528754	6152.599336875679	8126.097759430005	0.7815520581817348	6393.225366062342
954.705917652942	6150.104256408775	8123.995755603523	0.7811712203024788	6389.537287974946
955.9083180530088	6147.6091759418705	8121.893134037236	0.7807903824232227	6385.84920988755
957.1107184530755	6145.114095474966	8119.789894458792	0.7804095445439666	6382.161131800155
958.3131188531421	6142.619015008062	8117.686036595676	0.7800287066647106	6378.473053712759
959.5155192532088	6140.123934541159	8115.581560175216	0.7796480774464726	6374.784975625364
960.7179196532754	6137.628854074254	8113.4764649245735	0.77926830159786	6371.096897537968
961.9203200533422	6135.13377360735	8111.37075057076	0.7788885257492474	6367.408819450572
963.122720453409	6132.638693140446	8109.264416840613	0.7785087499006348	6363.720741363177
964.3251208534754	6130.143612673542	8107.157463460824	0.7781289740520222	6360.0326632757815
965.5275212535422	6127.648532206637	8105.049890157915	0.7777491982034096	6356.344585188386
966.7299216536089	6125.153451739734	8102.941696658244	0.7773695908931775	6352.65650710099
967.9323220536755	6122.65837127283	8100.832882688014	0.7769909201597542	6348.968429013595
969.1347224537421	6120.163290805925	8098.723447973267	0.7766122494263309	6345.280350926199
970.3371228538088	6117.668210339021	8096.613392239879	0.7762335786929077	6341.592272838803
971.5395232538756	6115.173129872117	8094.502715213571	0.7758549079594843	6337.904194751408
972.7419236539423	6112.678049405213	8092.3914166198965	0.7754762372260611	6334.216116664013
973.9443240540089	6110.182968938309	8090.279496184248	0.7750976909900971	6330.528038576616
975.1467244540755	6107.687888471405	8088.166953631862	0.7747201672608824	6326.839960489221
976.3491248541422	6105.192808004501	8086.053788687805	0.7743426435316679	6323.151882401826
977.5515252542091	6102.697727537597	8083.940001076986	0.7739651198024533	6319.46380431443
978.7539256542757	6100.202647070692	8081.825590524154	0.7735875960732388	6315.775726227034
979.9563260543423	6097.707566603788	8079.710556753889	0.7732100723440243	6312.087648139639
981.1587264544089	6095.212486136885	8077.594899490617	0.7728326253130964	6308.399570052244
982.3611268544756	6092.7174056699805	8075.478618458595	0.7724562893178927	6304.7114919648475
983.5635272545425	6090.222325203076	8073.361713381917	0.772079953322689	6301.023413877452
984.7659276546091	6087.727244736172	8071.244183984522	0.7717036173274853	6297.335335790057
985.9683280546757	6085.232164269268	8069.126029990176	0.7713272813322816	6293.647257702661
987.1707284547424	6082.737083802364	8067.00725112249	0.7709509453370778	6289.959179615265
988.3731288548092	6080.242003335459	8064.887847104907	0.7705746346358481	6286.27110152787
989.5755292548758	6077.746922868555	8062.767817660711	0.7701995259555308	6282.583023440474
990.7779296549425	6075.251842401652	8060.64716251302	0.7698244172752134	6278.894945353079
991.9803300550091	6072.756761934747	8058.525881384785	0.7694493085948961	6275.206867265683
993.1827304550758	6070.261681467843	8056.403973998799	0.7690741999145788	6271.518789178288
994.3851308551426	6067.76660100094	8054.281440077693	0.7686990912342615	6267.830711090891
995.587531255209	6065.2715205340355	8052.158279343928	0.7683239825539442	6264.1426330034965
996.7899316552758	6062.77644006713	8050.034491519801	0.7679501100671455	6260.4545549161
997.9923320553426	6060.281359600227	8047.910076327453	0.7675762671445384	6256.766476828705
999.1947324554092	6057.786279133323	8045.785033488851	0.7672024242219313	6253.07839874131
1000.397132855476	6055.2911986664185	8043.659362725804	0.7668285812993241	6249.3903206539135
1001.5995332555424	6052.796118199515	8041.533063759958	0.766454738376717	6245.702242566518
1002.8019336556092	6050.30103773261	8039.406136312787	0.7660808954541098	6242.014164479122
1004.0043340556759	6047.805957265706	8037.278580105603	0.7657082678785349	6238.326086391728
1005.2067344557425	6045.310876798802	8035.15039485956	0.7653357280298316	6234.638008304331
1006.4091348558092	6042.815796331898	8033.021580295637	0.7649631881811283	6230.949930216935
1007.6115352558758	6040.320715864994	8030.892136134657	0.7645906483324251	6227.261852129541
1008.8139356559427	6037.8256353980905	8028.762062097272	0.7642181084837218	6223.573774042145
1010.0163360560093	6035.330554931185	8026.631357903966	0.7638455686350185	6219.885695954748
1011.2187364560759	6032.835474464282	8024.500023275071	0.763474219014922	6216.197617867353
1012.4211368561425	6030.340393997378	8022.368057930737	0.7631030184416193	6212.509539779958
1013.6235372562091	6027.8453135304735	8020.235461590957	0.7627318178683167	6208.821461692562
1014.8259376562761	6025.35023306357	8018.102233975562	0.7623606172950139	6205.133383605166
1016.0283380563427	6022.855152596665	8015.9683748042025	0.7619894167217113	6201.445305517771
1017.2307384564093	6020.360072129761	8013.833883796382	0.7616182161484086	6197.757227430375
1018.4331388564759	6017.864991662857	8011.698760671424	0.7612481765708584	6194.0691493429795
1019.6355392565426	6015.369911195953	8009.563005148491	0.7608783503721663	6190.381071255584
1020.8379396566095	6012.874830729049	8007.426616946578	0.7605085241734743	6186.692993168189
1022.0403400566761	6010.3797502621455	8005.289595784515	0.7601386979747822	6183.004915080793
1023.2427404567427	6007.884669795241	8003.151941380962	0.7597688717760901	6179.316836993397
1024.4451408568093	6005.389589328337	8001.013653454416	0.759399045577398	6175.628758906003
1025.6475412568761	6002.894508861433	7998.874731723204	0.7590303471828577	6171.940680818606
1026.8499416569427	6000.3994283945285	7996.735175905488	0.7586619293685528	6168.252602731211
1028.0523420570094	5997.904347927624	7994.594985719265	0.7582935115542478	6164.564524643815
1029.2547424570762	5995.40926746072	7992.454160882358	0.7579250937399428	6160.876446556419
1030.4571428571428	5992.914186993816	7990.31270111243	0.7575566759256378	6157.188368469024
1031.6595432572094	5990.4191065269115	7988.170606126972	0.7571882581113328	6153.5002903816285
1032.8619436572762	5987.924026060008	7986.02787564331	0.7568209311045645	6149.812212294232
1034.0643440573429	5985.428945593104	7983.884509378597	0.7564539546082527	6146.124134206837
1035.2667444574095	5982.9338651262	7981.740507049826	0.7560869781119409	6142.436056119442
1036.469144857476	5980.438784659296	7979.595868373816	0.755720001615629	6138.747978032046
1037.671545257543	5977.943704192391	7977.45059306722	0.7553530251193171	6135.05989994465
1038.8739456576095	5975.448623725488	7975.304680846524	0.7549860486230053	6131.371821857255
1040.0763460576761	5972.9535432585835	7973.158131428043	0.7546201222842703	6127.68374376986
1041.278746457743	5970.458462791679	7971.010944527926	0.7542546189770291	6123.995665682463
1042.4811468578096	5967.963382324776	7968.8631198621515	0.7538891156697878	6120.307587595068
1043.6835472578762	5965.468301857872	7966.714657146528	0.7535236123625465	6116.619509507673
1044.885947657943	5962.9732213909665	7964.565556096699	0.7531581090553052	6112.931431420277
1046.0883480580096	5960.478140924063	7962.415816428139	0.752792605748064	6109.243353332881
1047.2907484580762	5957.983060457159	7960.265437856146	0.7524281084445975	6105.555275245486
1048.493148858143	5955.487979990254	7958.114420095859	0.7520641091489645	6101.86719715809
1049.6955492582097	5952.99289952335	7955.962762862239	0.7517001098533315	6098.1791190706945
1050.8979496582763	5950.497819056446	7953.810465870087	0.7513361105576984	6094.491040983299
1052.1003500583429	5948.002738589542	7951.657528834024	0.7509721112620655	6090.802962895904
1053.3027504584097	5945.5076581226385	7949.503951468506	0.7506081119664324	6087.114884808508
1054.5051508584763	5943.012577655734	7947.349733487821	0.7502450711641719	6083.426806721112
1055.707551258543	5940.51749718883	7945.194874606083	0.7498826056684529	6079.738728633717
1056.9099516586098	5938.022416721926	7943.0393745372385	0.7495201401727338	6076.050650546321
1058.1123520586764	5935.5273362550215	7940.883232995066	0.7491576746770148	6072.362572458926
1059.314752458743	5933.032255788117	7938.726449693166	0.7487952091812957	6068.67449437153
1060.5171528588098	5930.537175321214	7936.569024344976	0.7484327436855767	6064.986416284133
1061.7195532588764	5928.04209485431	7934.410956663762	0.7480711859611191	6061.298338196739
1062.921953658943	5925.547014387405	7932.252246362611	0.7477102830339817	6057.6102601093435
1064.1243540590099	5923.051933920501	7930.092893154451	0.747349380106844	6053.922182021947
1065.3267544590765	5920.556853453597	7927.932896752033	0.7469884771797066	6050.234103934551
1066.529154859143	5918.0617729866935	7925.7722568679355	0.7466275742525691	6046.546025847157
1067.7315552592097	5915.566692519789	7923.610973214568	0.7462666713254316	6042.857947759761
1068.9339556592765	5913.071612052885	7921.449045504169	0.7459066223782028	6039.169869672364
1070.1363560593431	5910.576531585982	7919.286473448802	0.7455473097835338	6035.48179158497
1071.3387564594098	5908.081451119077	7917.123256760365	0.7451879971888649	6031.793713497575
1072.5411568594766	5905.586370652172	7914.959395150577	0.7448286845941958	6028.1056354101775
1073.7435572595432	5903.091290185269	7912.794888330991	0.7444693719995269	6024.417557322783
1074.9459576596098	5900.596209718365	7910.629736012986	0.7441100594048579	6020.729479235388
1076.1483580596766	5898.1011292514595	7908.463937907767	0.7437515440694714	6017.041401147992
1077.3507584597432	5895.606048784556	7906.297493726368	0.7433938485814672	6013.353323060595
1078.5531588598099	5893.110968317652	7904.130403179653	0.7430361530934629	6009.665244973201
1079.7555592598765	5890.615887850748	7901.962665978308	0.7426784576054588	6005.977166885806
1080.9579596599433	5888.120807383844	7899.794281832854	0.7423207621174545	6002.289088798409
1082.16036006001	5885.62572691694	7897.6252504536305	0.7419630666294502	5998.601010711013
1083.3627604600765	5883.130646450036	7895.4555715508095	0.7416061088882369	5994.912932623619
1084.5651608601434	5880.6355659831315	7893.285244834389	0.7412500563067002	5991.224854536222
1085.76756126021	5878.140485516227	7891.1142700141945	0.7408940037251636	5987.5367764488265
1086.9699616602766	5875.645405049323	7888.942646799875	0.7405379511436271	5983.848698361432
1088.1723620603434	5873.15032458242	7886.77037490091	0.7401818985620904	5980.160620274035
1089.37476246041	5870.655244115515	7884.597454026603	0.7398258459805538	5976.47254218664
1090.5771628604766	5868.160163648611	7882.423883886084	0.7394704689762429	5972.784464099244
1091.7795632605435	5865.665083181707	7880.249664188309	0.7391160841420651	5969.096386011849
1092.98196366061	5863.170002714803	7878.0747946420615	0.7387616993078874	5965.408307924453
1094.1843640606767	5860.674922247899	7875.899274955952	0.7384073144737097	5961.720229837058
1095.3867644607433	5858.179841780995	7873.723104838412	0.738052929639532	5958.032151749663
1096.5891648608101	5855.684761314091	7871.546283997701	0.7376985448053542	5954.344073662266
1097.7915652608767	5853.189680847187	7869.368812141905	0.7373447708538903	5950.655995574871
1098.9939656609433	5850.694600380283	7867.190688978936	0.7369920776646907	5946.9679174874755
1100.1963660610102	5848.199519913378	7865.011914216528	0.736639384475491	5943.279839400079
1101.3987664610768	5845.704439446475	7862.832487562243	0.7362866912862914	5939.591761312684
1102.6011668611434	5843.20935897957	7860.6524087234675	0.7359339980970918	5935.903683225289
1103.8035672612102	5840.714278512665	7858.471677407411	0.7355813049078921	5932.215605137893
1105.0059676612768	5838.219198045762	7856.290293321112	0.7352291555113668	5928.527527050497
1106.2083680613434	5835.724117578858	7854.1082561714275	0.7348781769372676	5924.839448963102
1107.4107684614103	5833.229037111953	7851.925565665045	0.7345271983631684	5921.151370875707
1108.6131688614769	5830.73395664505	7849.742221508471	0.7341762197890692	5917.46329278831
1109.8155692615435	5828.238876178146	7847.558223408039	0.7338252412149701	5913.775214700915
1111.01796966161	5825.743795711242	7845.3735710699075	0.7334742626408709	5910.08713661352
1112.220370061677	5823.248715244337	7843.188264200056	0.733123758500555	5906.399058526124
1113.4227704617435	5820.753634777433	7841.002302504289	0.7327745166000719	5902.710980438728
1114.6251708618101	5818.258554310529	7838.81568568824	0.7324252746995887	5899.022902351333
1115.827571261877	5815.763473843625	7836.628413457355	0.7320760327991055	5895.334824263937
1117.0299716619436	5813.268393376721	7834.440485516912	0.7317267908986222	5891.6467461765415
1118.2323720620102	5810.773312909817	7832.251901572012	0.7313775489981391	5887.958668089146
1119.434772462077	5808.278232442913	7830.062661327573	0.7310287100275996	5884.27059000175
1120.6371728621436	5805.783151976008	7827.872764488341	0.7306812259636227	5880.582511914355
1121.8395732622103	5803.288071509105	7825.682210758887	0.7303337418996458	5876.894433826959
1123.0419736622769	5800.792991042201	7823.490999843597	0.7299862578356691	5873.206355739564
1124.2443740623437	5798.297910575296	7821.299131446686	0.7296387737716921	5869.518277652168
1125.4467744624103	5795.802830108392	7819.106605272191	0.7292912897077153	5865.830199564773
1126.649174862477	5793.307749641488	7816.913421023968	0.7289441350459993	5862.142121477377
1127.8515752625437	5790.812669174584	7814.7195784056985	0.728598429101848	5858.454043389981
1129.0539756626104	5788.31758870768	7812.525077120885	0.7282527231576968	5854.765965302586
1130.256376062677	5785.822508240776	7810.329916872849	0.7279070172135457	5851.0778872151905
1131.4587764627438	5783.327427773871	7808.1340973647375	0.7275613112693945	5847.389809127794
1132.6611768628104	5780.832347306968	7805.937618299519	0.7272156053252433	5843.701731040399
1133.863577262877	5778.337266840063	7803.740479379985	0.7268701533501166	5840.013652953004
1135.0659776629439	5775.842186373159	7801.542680308742	0.726526244945646	5836.325574865607
1136.2683780630105	5773.347105906256	7799.344220788223	0.7261823365411755	5832.637496778211
1137.470778463077	5770.852025439352	7797.145100520682	0.725838428136705	5828.949418690817
1138.6731788631437	5768.356944972447	7794.945319208192	0.7254945197322344	5825.261340603422
1139.8755792632105	5765.861864505543	7792.744876552645	0.7251506113277639	5821.573262516025
1141.0779796632771	5763.366784038639	7790.5437722557635	0.7248068796689885	5817.88518442863
1142.2803800633437	5760.8717035717345	7788.342006019078	0.7244647873767311	5814.197106341235
1143.4827804634106	5758.376623104831	7786.139577543947	0.7241226950844739	5810.509028253838
1144.6851808634772	5755.881542637927	7783.936486531548	0.7237806027922166	5806.820950166443
1145.8875812635438	5753.386462171022	7781.732732682875	0.7234385104999593	5803.132872079048
1147.0899816636106	5750.891381704118	7779.52831569875	0.723096418207702	5799.444793991652
1148.2923820636772	5748.396301237214	7777.323235279806	0.7227544237603397	5795.7567159042555
1149.4947824637438	5745.901220770311	7775.117491126502	0.7224141653216639	5792.068637816861
1150.6971828638107	5743.406140303406	7772.911082939113	0.7220739068829879	5788.380559729465
1151.8995832638773	5740.911059836501	7770.704010417737	0.7217336484443121	5784.692481642069
1153.1019836639439	5738.415979369598	7768.496273262287	0.7213933900056362	5781.004403554673
1154.3043840640105	5735.920898902694	7766.287871172501	0.7210531315669603	5777.316325467279
1155.5067844640773	5733.42581843579	7764.0788038479295	0.7207128905046896	5773.628247379882
1156.709184864144	5730.930737968886	7761.869070987946	0.7203744828459565	5769.940169292487
1157.9115852642105	5728.435657501982	7759.658672291742	0.7200360751872235	5766.252091205091
1159.1139856642774	5725.940577035077	7757.447607458328	0.7196976675284903	5762.564013117696
1160.316386064344	5723.445496568173	7755.235876186533	0.7193592598697572	5758.8759350303
1161.5187864644106	5720.950416101269	7753.023478175004	0.7190208522110242	5755.1878569429055
1162.7211868644774	5718.455335634365	7750.810413122208	0.718682444552291	5751.499778855509
1163.923587264544	5715.960255167462	7748.596680726425	0.7183458392481634	5747.811700768113
1165.1259876646106	5713.465174700557	7746.38228068576	0.7180092984968702	5744.123622680718
1166.3283880646773	5710.970094233653	7744.16721269813	0.7176727577455769	5740.435544593323
1167.530788464744	5708.475013766749	7741.951476461274	0.7173362169942836	5736.747466505926
1168.7331888648107	5705.979933299845	7739.735071672747	0.7169996762429903	5733.059388418531
1169.9355892648773	5703.48485283294	7737.51799802992	0.7166631354916971	5729.371310331136
1171.1379896649441	5700.989772366036	7735.300255229982	0.7163283291538669	5725.683232243739
1172.3403900650108	5698.494691899132	7733.081842969944	0.715993670654757	5721.995154156344
1173.5427904650774	5695.9996114322275	7730.862760946625	0.7156590121556473	5718.307076068949
1174.7451908651442	5693.504530965324	7728.6430088566685	0.7153243536565373	5714.618997981554
1175.9475912652108	5691.00945049842	7726.42258639653	0.7149896951574275	5710.930919894157
1177.1499916652774	5688.514370031517	7724.201493262486	0.7146550366583178	5707.242841806762
1178.3523920653442	5686.019289564611	7721.979729150626	0.7143220426094696	5703.554763719367
1179.5547924654109	5683.524209097707	7719.757293756855	0.7139892809405984	5699.8666856319705
1180.7571928654775	5681.029128630804	7717.5341867769	0.7136565192717272	5696.178607544575
1181.959593265544	5678.5340481639	7715.3104079063	0.713323757602856	5692.49052945718
1183.161993665611	5676.038967696995	7713.085956840406	0.7129909959339847	5688.802451369784
1184.3643940656775	5673.543887230092	7710.8608332743925	0.7126582342651135	5685.114373282388
1185.5667944657441	5671.048806763188	7708.635036903246	0.7123270651757106	5681.426295194993
1186.769194865811	5668.553726296283	7706.408567421767	0.7119962141644517	5677.738217107598
1187.9715952658776	5666.058645829379	7704.181424524576	0.7116653631531926	5674.050139020202
1189.1739956659442	5663.563565362475	7701.953607906103	0.7113345121419337	5670.362060932806
1190.376396066011	5661.068484895571	7699.7251172605975	0.7110036611306746	5666.673982845411
1191.5787964660776	5658.573404428667	7697.495952282123	0.7106728101194156	5662.985904758015
1192.7811968661442	5656.078323961763	7695.266112664554	0.7103434780208341	5659.2978266706195
1193.983597266211	5653.583243494858	7693.0355981015855	0.7100145507598133	5655.609748583223
1195.1859976662777	5651.088163027955	7690.8044082867245	0.7096856234987927	5651.921670495828
1196.3883980663443	5648.59308256105	7688.572542913292	0.7093566962377721	5648.233592408433
1197.590798466411	5646.098002094146	7686.340001674424	0.7090277689767513	5644.545514321037
1198.7931988664777	5643.602921627242	7684.106784263067	0.7086988417157307	5640.857436233641
1199.9955992665443	5641.107841160338	7681.872890371988	0.7083713580133288	5637.169358146246
1201.197999666611	5638.612760693433	7679.638319693766	0.7080443668762755	5633.481280058851
1202.4004000666778	5636.11768022653	7677.40307192079	0.707717375739222	5629.793201971454
1203.6028004667444	5633.622599759626	7675.167146745264	0.7073903846021685	5626.105123884059
1204.805200866811	5631.127519292722	7672.930543859207	0.7070633934651152	5622.417045796664
1206.0076012668778	5628.632438825817	7670.69326295445	0.7067364023280617	5618.728967709268
1207.2100016669444	5626.137358358913	7668.455303722639	0.7064107778141763	5615.040889621871
1208.412402067011	5623.64227789201	7666.2166658552305	0.7060857344716769	5611.352811534477
1209.6148024670777	5621.147197425105	7663.9773490434945	0.7057606911291774	5607.664733447082
1210.8172028671445	5618.652116958201	7661.737352978516	0.705435647786678	5603.9766553596855
1212.019603267211	5616.157036491298	7659.496677351191	0.7051106044441785	5600.28857727229
1213.2220036672777	5613.6619560243935	7657.255321852223	0.7047855611016791	5596.600499184895
1214.4244040673445	5611.166875557488	7655.013286172136	0.7044618059685395	5592.912421097499
1215.6268044674111	5608.671795090585	7652.770570001263	0.7041387214036874	5589.224343010103
1216.8292048674778	5606.176714623681	7650.527173029747	0.7038156368388353	5585.536264922708
1218.0316052675446	5603.6816341567765	7648.2830949475465	0.7034925522739831	5581.848186835312
1219.2340056676112	5601.186553689873	7646.038335444427	0.703169467709131	5578.160108747916
1220.4364060676778	5598.691473222969	7643.792894209971	0.7028463831442788	5574.472030660521
1221.6388064677446	5596.196392756064	7641.546770933566	0.7025245069968324	5570.783952573125
1222.8412068678113	5593.70131228916	7639.299965304416	0.7022033915207602	5567.095874485729
1224.0436072678779	5591.206231822256	7637.052477011536	0.7018822760446878	5563.407796398334
1225.2460076679445	5588.711151355352	7634.80430574375	0.7015611605686154	5559.719718310939
1226.4484080680113	5586.216070888448	7632.55545118969	0.701240045092543	5556.031640223542
1227.650808468078	5583.720990421543	7630.305913037807	0.7009189296164706	5552.343562136147
1228.8532088681445	5581.225909954639	7628.055690976355	0.7005989414851124	5548.6554840487515
1230.0556092682114	5578.730829487736	7625.8047846934005	0.7002798047523981	5544.967405961356
1231.258009668278	5576.2357490208315	7623.553193876823	0.699960668019684	5541.27932787396
1232.4604100683446	5573.740668553928	7621.300918214307	0.69964153128697	5537.591249786566
1233.6628104684114	5571.245588087023	7619.047957393352	0.6993223945542558	5533.903171699169
1234.865210868478	5568.750507620119	7616.7943111012655	0.6990032578215417	5530.215093611773
1236.0676112685446	5566.255427153215	7614.539979025162	0.6986851661747403	5526.527015524378
1237.2700116686115	5563.760346686311	7612.284960851972	0.6983680171986814	5522.838937436983
1238.472412068678	5561.265266219407	7610.029256268429	0.6980508682226224	5519.150859349586
1239.6748124687447	5558.770185752503	7607.772864961075	0.6977337192465635	5515.462781262191
1240.8772128688113	5556.275105285599	7605.515786616272	0.6974165702705045	5511.774703174796
1242.0796132688781	5553.780024818694	7603.258020920176	0.6970994212944455	5508.0866250874005
1243.2820136689447	5551.284944351791	7600.9995675587625	0.696783234051262	5504.398547000004
1244.4844140690113	5548.7898638848865	7598.7404262178125	0.696468081219004	5500.71046891261
1245.6868144690782	5546.294783417981	7596.480596582913	0.6961529283867461	5497.022390825214
1246.8892148691448	5543.799702951079	7594.220078339465	0.6958377755544883	5493.3343127378175
1248.0916152692114	5541.304622484174	7591.95887117267	0.6955226227222304	5489.646234650422
1249.2940156692782	5538.809542017269	7589.6969747675475	0.6952074698899725	5485.958156563027
1250.4964160693448	5536.314461550366	7587.434388808914	0.6948931944324634	5482.270078475631
1251.6988164694114	5533.819381083462	7585.171112981404	0.6945800455199805	5478.582000388235
1252.9012168694783	5531.324300616557	7582.90714696945	0.6942668966074975	5474.89392230084
1254.1036172695449	5528.829220149653	7580.642490457301	0.6939537476950145	5471.205844213444
1255.3060176696115	5526.334139682749	7578.37714312901	0.6936405987825316	5467.517766126049
1256.508418069678	5523.839059215845	7576.111104668432	0.6933274498700486	5463.829688038653
1257.710818469745	5521.3439787489415	7573.844374759237	0.6930150930555492	5460.141609951258
1258.9132188698115	5518.848898282037	7571.5769530848975	0.692703955242466	5456.453531863862
1260.1156192698782	5516.353817815134	7569.308839328695	0.6923928174293827	5452.7654537764665
1261.318019669945	5513.858737348229	7567.040033173713	0.6920816796162995	5449.07737568907
1262.5204200700116	5511.3636568813245	7564.770534302847	0.6917705418032163	5445.389297601675
1263.7228204700782	5508.868576414421	7562.500342398799	0.6914594039901331	5441.70121951428
1264.925220870145	5506.373495947516	7560.229457144072	0.6911489721634163	5438.013141426884
1266.1276212702116	5503.878415480612	7557.957878220977	0.6908398520476676	5434.325063339487
1267.3300216702783	5501.383335013709	7555.685605311637	0.6905307319319188	5430.636985252093
1268.5324220703449	5498.888254546804	7553.41263809797	0.6902216118161701	5426.948907164698
1269.7348224704117	5496.3931740799	7551.138976261706	0.6899124917004213	5423.260829077302
1270.9372228704783	5493.8980936129965	7548.864619484383	0.6896033715846726	5419.572750989906
1272.139623270545	5491.403013146092	7546.589567447337	0.6892948705899777	5415.884672902511
1273.3420236706118	5488.907932679187	7544.313819831715	0.688987774202297	5412.196594815115
1274.5444240706784	5486.412852212284	7542.037376318468	0.6886806778146162	5408.508516727719
1275.746824470745	5483.9177717453795	7539.760236588348	0.6883735814269354	5404.820438640324
1276.9492248708118	5481.422691278475	7537.482400321916	0.6880664850392546	5401.132360552928
1278.1516252708784	5478.927610811572	7535.203867199539	0.6877593886515738	5397.444282465532
1279.354025670945	5476.432530344668	7532.92463690138	0.6874528238445017	5393.756204378137
1280.5564260710119	5473.937449877762	7530.644709107415	0.6871477566627351	5390.068126290741
1281.7588264710785	5471.442369410859	7528.364083497421	0.6868426894809686	5386.380048203346
1282.961226871145	5468.947288943955	7526.082759750978	0.6865376222992022	5382.69197011595
1284.1636272712117	5466.452208477051	7523.800737547472	0.6862325551174357	5379.003892028555
1285.3660276712785	5463.957128010147	7521.5180165660895	0.6859274879356692	5375.315813941159
1286.5684280713451	5461.462047543243	7519.234596485821	0.6856228641949391	5371.627735853764
1287.7708284714117	5458.96696707634	7516.950476985467	0.6853198311581796	5367.939657766368
1288.9732288714786	5456.4718866094345	7514.66565774362	0.68501679812142	5364.251579678972
1290.1756292715452	5453.97680614253	7512.3801384386825	0.6847137650846605	5360.563501591576
1291.3780296716118	5451.481725675627	7510.093918748861	0.684410732047901	5356.8754235041815
1292.5804300716786	5448.986645208722	7507.806998352161	0.6841076990111414	5353.187345416785
1293.7828304717452	5446.4915647418175	7505.519376926392	0.6838050207502077	5349.499267329389
1294.9852308718118	5443.996484274914	7503.231054149169	0.6835040262727429	5345.811189241994
1296.1876312718787	5441.50140380801	7500.942029697902	0.6832030317952781	5342.1231111545985
1297.3900316719453	5439.006323341106	7498.65230324981	0.6829020373178134	5338.435033067203
1298.592432072012	5436.511242874202	7496.361874481911	0.6826010428403486	5334.746954979807
1299.7948324720785	5434.016162407298	7494.070743071024	0.6823000483628839	5331.058876892413
1300.9972328721453	5431.521081940393	7491.778908693771	0.6819993195414062	5327.370798805016
1302.199633272212	5429.0260014734895	7489.486371026578	0.6817003675264802	5323.68272071762
1303.4020336722785	5426.530921006585	7487.193129745667	0.6814014155115541	5319.994642630226
1304.6044340723454	5424.035840539681	7484.899184527067	0.6811024634966278	5316.30656454283
1305.806834472412	5421.540760072778	7482.604535046602	0.6808035114817017	5312.618486455433
1307.0092348724786	5419.045679605873	7480.309180979903	0.6805045594667756	5308.930408368038
1308.2116352725454	5416.550599138968	7478.013122002397	0.6802057836019442	5305.242330280643
1309.414035672612	5414.055518672065	7475.716357789313	0.6799088774553231	5301.554252193247
1310.6164360726787	5411.560438205161	7473.4188880156835	0.679611971308702	5297.866174105851
1311.8188364727453	5409.065357738256	7471.120712356335	0.679315065162081	5294.178096018456
1313.021236872812	5406.570277271353	7468.821830485903	0.6790181590154598	5290.490017931061
1314.2236372728787	5404.075196804449	7466.522242078814	0.6787212528688388	5286.8019398436645
1315.4260376729453	5401.580116337545	7464.221946809299	0.678424433046546	5283.11386175627
1316.6284380730121	5399.08503587064	7461.920944351387	0.678129575689891	5279.425783668874
1317.8308384730788	5396.589955403736	7459.619234378911	0.6778347183332359	5275.737705581478
1319.0332388731454	5394.094874936833	7457.316816565496	0.6775398609765809	5272.049627494082
1320.2356392732122	5391.5997944699275	7455.013690584572	0.6772450036199258	5268.361549406687
1321.4380396732788	5389.104714003023	7452.709856109366	0.6769501462632709	5264.673471319291
1322.6404400733454	5386.60963353612	7450.4053128129035	0.6766552889066159	5260.985393231896
1323.8428404734123	5384.114553069216	7448.100060368011	0.6763624790331723	5257.2973151445
1325.0452408734789	5381.619472602311	7445.794098447312	0.6760696729172123	5253.609237057105
1326.2476412735455	5379.124392135408	7443.487426723225	0.6757768668012525	5249.921158969709
1327.450041673612	5376.629311668504	7441.180044867973	0.6754840606852925	5246.2330808823135
1328.652442073679	5374.134231201599	7438.871952553574	0.6751912545693326	5242.545002794918
1329.8548424737455	5371.639150734695	7436.563149451845	0.6748984484533727	5238.856924707522
1331.0572428738121	5369.144070267791	7434.2536352344005	0.6746076015370559	5235.168846620127
1332.259643273879	5366.648989800887	7431.943409572651	0.674316848654559	5231.4807685327305
1333.4620436739456	5364.153909333983	7429.632472137805	0.6740260957720621	5227.792690445335
1334.6644440740122	5361.658828867079	7427.320822600873	0.6737353428895653	5224.10461235794
1335.866844474079	5359.163748400174	7425.0084606326545	0.6734445900070684	5220.416534270545
1337.0692448741456	5356.668667933271	7422.695385903754	0.6731538371245714	5216.7284561831475
1338.2716452742122	5354.173587466366	7420.381598084569	0.672864954577691	5213.040378095753
1339.474045674279	5351.678506999462	7418.067096845293	0.6725762564762329	5209.352300008357
1340.6764460743457	5349.183426532559	7415.751881855919	0.6722875583747748	5205.6642219209625
1341.8788464744123	5346.6883460656545	7413.435952786234	0.6719988602733168	5201.976143833566
1343.081246874479	5344.193265598751	7411.119309305821	0.6717101621718587	5198.288065746171
1344.2836472745457	5341.698185131846	7408.8019510840595	0.6714214640704006	5194.599987658775
1345.4860476746123	5339.203104664942	7406.483877790129	0.6711345469296764	5190.9119095713795
1346.688448074679	5336.708024198038	7404.165089093	0.6708479047242034	5187.223831483984
1347.8908484747458	5334.212943731133	7401.845584661437	0.6705612625187303	5183.535753396588
1349.0932488748124	5331.717863264229	7399.525364164007	0.6702746203132572	5179.847675309192
1350.295649274879	5329.222782797326	7397.204427269067	0.6699879781077842	5176.159597221797
1351.4980496749458	5326.727702330421	7394.882773644771	0.6697013359023111	5172.471519134401
1352.7004500750124	5324.232621863517	7392.560402959067	0.6694163848390577	5168.783441047007
1353.902850475079	5321.737541396614	7390.237314879698	0.669131799224243	5165.095362959611
1355.1052508751457	5319.2424609297095	7387.913509074204	0.6688472136094284	5161.407284872215
1356.3076512752125	5316.747380462804	7385.588985209912	0.6685626279946137	5157.719206784819
1357.510051675279	5314.252299995901	7383.263742953956	0.668278042379799	5154.031128697424
1358.7124520753457	5311.757219528997	7380.9377819732545	0.6679934567649845	5150.3430506100285
1359.9148524754125	5309.2621390620925	7378.6111019345235	0.6677104720951317	5146.654972522632
1361.1172528754792	5306.767058595188	7376.28370250427	0.6674279433575233	5142.966894435236
1362.3196532755458	5304.271978128285	7373.955583348799	0.667145414619915	5139.278816347842
1363.5220536756126	5301.77689766138	7371.626744134206	0.6668628858823066	5135.5907382604455
1364.7244540756792	5299.281817194476	7369.297184526382	0.6665803571446982	5131.902660173049
1365.9268544757458	5296.786736727572	7366.966904191009	0.6662978284070898	5128.214582085655
1367.1292548758126	5294.291656260668	7364.635902793565	0.6660168101010413	5124.526503998259
1368.3316552758793	5291.7965757937645	7362.304179999318	0.6657363381310012	5120.838425910863
1369.5340556759459	5289.301495326859	7359.971735473328	0.6654558661609612	5117.150347823467
1370.7364560760125	5286.806414859957	7357.638568880456	0.6651753941909211	5113.462269736073
1371.9388564760793	5284.311334393052	7355.304679885341	0.664894922220881	5109.774191648677
1373.141256876146	5281.8162539261475	7352.970068152428	0.6646144502508409	5106.08611356128
1374.3436572762125	5279.321173459244	7350.634733345948	0.6643353979431691	5102.398035473885
1375.5460576762794	5276.826092992339	7348.298675129922	0.6640569822466039	5098.70995738649
1376.748458076346	5274.331012525435	7345.961893168168	0.6637785665500388	5095.021879299094
1377.9508584764126	5271.835932058531	7343.624387124292	0.6635001508534737	5091.333801211698
1379.1532588764794	5269.340851591627	7341.286156661692	0.6632217351569084	5087.645723124303
1380.355659276546	5266.845771124723	7338.94720144356	0.6629433194603433	5083.957645036908
1381.5580596766126	5264.3506906578195	7336.607521132874	0.6626662324593204	5080.269566949512
1382.7604600766795	5261.855610190914	7334.267115392407	0.6623898721691995	5076.581488862116
1383.962860476746	5259.36052972401	7331.925983884724	0.6621135118790787	5072.893410774721
1385.1652608768127	5256.865449257107	7329.584126272176	0.661837151588958	5069.205332687325
1386.3676612768793	5254.3703687902025	7327.241542216909	0.6615607912988372	5065.51725459993
1387.5700616769461	5251.875288323297	7324.898231380855	0.6612844310087163	5061.829176512534
1388.7724620770127	5249.380207856394	7322.554193425742	0.6610093083056812	5058.141098425138
1389.9748624770793	5246.88512738949	7320.209428013081	0.6607350021933475	5054.453020337743
1391.1772628771462	5244.3900469225855	7317.863934804181	0.6604606960810137	5050.764942250347
1392.3796632772128	5241.894966455682	7315.517713460132	0.66018638996868	5047.076864162951
1393.5820636772794	5239.399885988778	7313.1707636418205	0.6599120838563463	5043.388786075556
1394.7844640773462	5236.904805521874	7310.823085009919	0.6596377777440124	5039.7007079881605
1395.9868644774128	5234.409725054969	7308.474677224888	0.6593646180225742	5036.012629900765
1397.1892648774794	5231.914644588066	7306.125539946984	0.6590923645088425	5032.324551813369
1398.391665277546	5229.419564121162	7303.775672836242	0.6588201109951107	5028.636473725974
1399.594065677613	5226.9244836542575	7301.425075552494	0.6585478574813789	5024.948395638578
1400.7964660776795	5224.429403187353	7299.0737477553575	0.6582756039676472	5021.260317551182
1401.998866477746	5221.93432272045	7296.721689104236	0.6580033504539154	5017.572239463787
1403.201266877813	5219.439242253545	7294.368899258327	0.6577321520989926	5013.884161376391
1404.4036672778795	5216.9441617866405	7292.015377876613	0.65746194926504	5010.196083288995
1405.6060676779462	5214.449081319737	7289.661124617863	0.6571917464310875	5006.5080052016
1406.808468078013	5211.954000852833	7287.306139140635	0.6569215435971348	5002.819927114205
1408.0108684780796	5209.458920385929	7284.950421103275	0.6566513407631823	4999.1318490268095
1409.2132688781462	5206.963839919025	7282.5939701639145	0.6563811379292298	4995.443770939413
1410.415669278213	5204.46875945212	7280.236785980475	0.6561118990359265	4991.755692852017
1411.6180696782797	5201.973678985216	7277.878868210666	0.6558437446339723	4988.067614764623
1412.8204700783463	5199.4785985183125	7275.520216511979	0.6555755902320181	4984.3795366772265
1414.0228704784129	5196.983518051408	7273.160830541697	0.6553074358300639	4980.691458589831
1415.2252708784797	5194.488437584503	7270.800709956884	0.6550392814281096	4977.003380502435
1416.4276712785463	5191.9933571176	7268.439854414397	0.6547711270261555	4973.31530241504
1417.630071678613	5189.4982766506955	7266.078263570877	0.6545038454084746	4969.627224327644
1418.8324720786798	5187.003196183791	7263.715937082748	0.6542377368722524	4965.939146240249
1420.0348724787464	5184.508115716888	7261.352874606225	0.6539716283360302	4962.251068152853
1421.237272878813	5182.013035249984	7258.9890757973035	0.6537055197998081	4958.562990065458
1422.4396732788798	5179.517954783079	7256.624540311766	0.6534394112635857	4954.874911978061
1423.6420736789464	5177.022874316175	7254.259267805185	0.6531733027273636	4951.186833890667
1424.844474079013	5174.527793849272	7251.893257932916	0.6529079759267573	4947.498755803271
1426.0468744790799	5172.032713382368	7249.5265103500915	0.6526439103817786	4943.810677715875
1427.2492748791465	5169.537632915463	7247.159024711642	0.6523798448367999	4940.122599628479
1428.451675279213	5167.042552448559	7244.790800672275	0.6521157792918212	4936.434521541084
1429.6540756792797	5164.547471981656	7242.4218378864825	0.6518517137468425	4932.746443453689
1430.8564760793465	5162.0523915147505	7240.052136008542	0.6515876482018638	4929.0583653662925
1432.0588764794131	5159.557311047846	7237.681694692519	0.6513242734956223	4925.370287278896
1433.2612768794797	5157.062230580943	7235.310513592259	0.6510622477692334	4921.682209191502
1434.4636772795466	5154.567150114039	7232.938592361391	0.6508002220428445	4917.994131104106
1435.6660776796132	5152.072069647134	7230.565930653329	0.6505381963164557	4914.30605301671
1436.8684780796798	5149.576989180231	7228.192528121271	0.6502761705900669	4910.617974929314
1438.0708784797466	5147.081908713326	7225.818384418197	0.650014144863678	4906.929896841919
1439.2732788798132	5144.586828246422	7223.443499196873	0.6497527192731576	4903.241818754524
1440.4756792798798	5142.091747779518	7221.067872109846	0.6494927299043931	4899.553740667128
1441.6780796799464	5139.596667312614	7218.6915028094445	0.6492327405356286	4895.865662579732
1442.8804800800133	5137.101586845709	7216.314390947781	0.6489727511668641	4892.177584492337
1444.08288048008	5134.6065063788055	7213.936536176754	0.6487127617980998	4888.489506404941
1445.2852808801465	5132.111425911901	7211.557938148038	0.6484527724293353	4884.801428317546
1446.4876812802133	5129.616345444997	7209.178596513097	0.6481932927280268	4881.11335023015
1447.69008168028	5127.121264978094	7206.798510923169	0.6479353359772556	4877.425272142754
1448.8924820803466	5124.626184511189	7204.417681029278	0.6476773792264845	4873.7371940553585
1450.0948824804134	5122.131104044285	7202.036106482233	0.6474194224757133	4870.049115967963
1451.29728288048	5119.636023577381	7199.6537869326185	0.647161465724942	4866.361037880568
1452.4996832805466	5117.140943110477	7197.270722030803	0.6469035089741709	4862.672959793172
1453.7020836806134	5114.645862643573	7194.886911426937	0.6466459716956087	4858.984881705776
1454.90448408068	5112.150782176668	7192.502354770951	0.6463900435539799	4855.296803618381
1456.1068844807467	5109.655701709765	7190.117051712557	0.6461341154123511	4851.608725530985
1457.3092848808133	5107.1606212428615	7187.7310019012475	0.6458781872707224	4847.9206474435905
1458.51168528088	5104.665540775956	7185.344204986293	0.6456222591290937	4844.232569356194
1459.7140856809467	5102.170460309052	7182.956660616749	0.6453663309874649	4840.544491268798
1460.9164860810133	5099.675379842149	7180.568368441448	0.645110732432978	4836.856413181403
1462.1188864810802	5097.180299375244	7178.179328109003	0.6448568286316649	4833.168335094007
1463.3212868811468	5094.68521890834	7175.7895392678065	0.644602924830352	4829.480257006612
1464.5236872812134	5092.190138441437	7173.399001566033	0.644349021029039	4825.792178919216
1465.7260876812802	5089.695057974532	7171.00771465163	0.644095117227726	4822.104100831821
1466.9284880813468	5087.199977507627	7168.615678172334	0.643841213426413	4818.416022744425
1468.1308884814134	5084.704897040724	7166.222891775656	0.6435875496727201	4814.727944657029
1469.3332888814803	5082.209816573819	7163.829355108879	0.6433356656919651	4811.039866569633
1470.5356892815469	5079.714736106915	7161.435067819079	0.6430837817112102	4807.351788482239
1471.7380896816135	5077.219655640011	7159.0400295531	0.6428318977304552	4803.663710394842
1472.94049008168	5074.724575173107	7156.644239957565	0.6425800137497003	4799.975632307447
1474.142890481747	5072.229494706203	7154.24769867888	0.6423281297689454	4796.287554220051
1475.3452908818135	5069.734414239299	7151.850405363225	0.6420763966755938	4792.599476132656
1476.5476912818801	5067.239333772395	7149.452359656562	0.6418265277535562	4788.91139804526
1477.750091681947	5064.744253305491	7147.053561204626	0.6415766588315185	4785.223319957865
1478.9524920820136	5062.249172838587	7144.6540096529325	0.6413267899094809	4781.535241870469
1480.1548924820802	5059.754092371682	7142.253704646775	0.6410769209874433	4777.8471637830735
1481.357292882147	5057.259011904778	7139.852645831221	0.6408270520654056	4774.159085695677
1482.5596932822136	5054.763931437874	7137.450832851118	0.6405772452820576	4770.471007608283
1483.7620936822802	5052.268850970971	7135.048265351092	0.6403293864234643	4766.782929520887
1484.9644940823468	5049.773770504066	7132.644942975535	0.640081527564871	4763.094851433491
1486.1668944824137	5047.278690037162	7130.2408653686325	0.6398336687062777	4759.406773346096
1487.3692948824803	5044.783609570258	7127.836032174334	0.6395858098476843	4755.7186952587
1488.571695282547	5042.288529103354	7125.430443036365	0.6393379509890911	4752.030617171305
1489.7740956826137	5039.79344863645	7123.024097598237	0.6390900921304977	4748.342539083908
1490.9764960826803	5037.298368169546	7120.6169955032265	0.6388442119472613	4744.654460996514
1492.178896482747	5034.803287702642	7118.209136394389	0.6385983579318671	4740.966382909118
1493.3812968828138	5032.308207235737	7115.80051991456	0.638352503916473	4737.278304821722
1494.5836972828804	5029.813126768833	7113.391145706347	0.6381066499010789	4733.590226734326
1495.786097682947	5027.31804630193	7110.981013412127	0.6378607958856848	4729.902148646931
1496.9884980830138	5024.822965835025	7108.570122674061	0.6376149418702906	4726.214070559535
1498.1908984830804	5022.32788536812	7106.158473134082	0.6373709732581543	4722.5259924721395
1499.393298883147	5019.832804901217	7103.7460644338935	0.6371271186490082	4718.837914384744
1500.5956992832137	5017.337724434313	7101.33289621498	0.6368832640398621	4715.149836297349
1501.7980996832805	5014.842643967409	7098.9189681185935	0.636639409430716	4711.461758209953
1503.000500083347	5012.347563500505	7096.504279785763	0.6363955548215698	4707.7736801225565
1504.2029004834137	5009.852483033601	7094.088830857294	0.6361517002124237	4704.085602035162
1505.4053008834805	5007.357402566697	7091.67262097376	0.6359096380249604	4700.397523947766
1506.6077012835472	5004.862322099792	7089.255649775514	0.635667777176484	4696.709445860371
1507.8101016836138	5002.367241632888	7086.837916902679	0.6354259163280076	4693.021367772975
1509.0125020836806	4999.872161165984	7084.41942199515	0.6351840554795312	4689.333289685579
1510.2149024837472	4997.37708069908	7082.000164692599	0.6349421946310548	4685.645211598184
1511.4173028838138	4994.882000232175	7079.580144634467	0.6347003337825784	4681.957133510788
1512.6197032838807	4992.386919765272	7077.159361459969	0.634460172698999	4678.269055423392
1513.8221036839473	4989.891839298368	7074.7378148080925	0.6342202997648781	4674.580977335997
1515.0245040840139	4987.396758831464	7072.315504317599	0.6339804268307573	4670.892899248601
1516.2269044840805	4984.90167836456	7069.892429627016	0.6337405538966364	4667.204821161206
1517.4293048841473	4982.406597897656	7067.468590374652	0.63350068096251555	4663.51674307381
1518.631705284214	4979.911517430752	7065.043986198579	0.6332608080283947	4659.828664986416
1519.8341056842805	4977.416436963847	7062.618616736643	0.6330225425599024	4656.140586899019
1521.0365060843474	4974.921356496943	7060.192481626468	0.6327846515007947	4652.452508811623
1522.238906484414	4972.426276030039	7057.765580505437	0.6325467604416869	4648.764430724228
1523.4413068844806	4969.931195563136	7055.337913010715	0.6323088693825791	4645.076352636833
1524.6437072845474	4967.43611509623	7052.90947877923	0.6320709783234714	4641.388274549437
1525.846107684614	4964.941034629326	7050.480277447685	0.6318330872643636	4637.700196462041
1527.0485080846806	4962.445954162423	7048.050308652553	0.6315967117603652	4634.012118374645
1528.2509084847472	4959.950873695519	7045.619572030076	0.6313607963514237	4630.324040287251
1529.453308884814	4957.455793228614	7043.188067216265	0.6311248809424823	4626.6359621998545
1530.6557092848807	4954.960712761711	7040.755793846906	0.6308889655335409	4622.947884112458
1531.8581096849473	4952.465632294807	7038.322751557548	0.6306530501245995	4619.259806025063
1533.0605100850141	4949.9705518279025	7035.888939983514	0.630417134715658	4615.571727937668
1534.2629104850807	4947.475471360998	7033.4543587598955	0.630182643369837	4611.883649850272
1535.4653108851473	4944.980390894094	7031.019007521552	0.6299486972080581	4608.195571762876
1536.6677112852142	4942.48531042719	7028.582885903113	0.6297147510462794	4604.507493675481
1537.8701116852808	4939.990229960285	7026.145993538978	0.6294808048845005	4600.819415588086
1539.0725120853474	4937.495149493381	7023.708330063311	0.6292468587227218	4597.131337500689
1540.2749124854142	4935.000069026478	7021.26989511005	0.6290129125609429	4593.443259413293
1541.4773128854808	4932.504988559574	7018.830688312898	0.6287802994171922	4589.755181325899
1542.6797132855475	4930.009908092669	7016.390709305323	0.6285483159285824	4586.067103238503
1543.882113685614	4927.514827625766	7013.949957720569	0.6283163324399728	4582.379025151107
1545.084514085681	4925.019747158862	7011.50843319164	0.628084348951363	4578.690947063712
1546.2869144857475	4922.524666691957	7009.0661353513115	0.6278523654627532	4575.002868976317
1547.489314885814	4920.029586225053	7006.623063832126	0.6276203819741435	4571.3147908889205
1548.691715285881	4917.534505758149	7004.179218266392	0.6273896409323624	4567.626712801525
1549.8941156859476	4915.039425291245	7001.734598286186	0.6271596133789329	4563.93863471413
1551.0965160860142	4912.54434482434	6999.289203523349	0.6269295858255035	4560.250556626734
1552.298916486081	4910.049264357436	6996.843033609493	0.626699558272074	4556.5624785393375
1553.5013168861476	4907.554183890532	6994.396088175995	0.6264695307186446	4552.874400451943
1554.7037172862142	4905.059103423629	6991.948366853993	0.6262395031652153	4549.186322364547
1555.906117686281	4902.564022956724	6989.499869274397	0.6260106279869725	4545.498244277151
1557.1085180863477	4900.06894248982	6987.050595067882	0.6257825494735622	4541.810166189755
1558.3109184864143	4897.573862022917	6984.600543864886	0.6255544709601517	4538.12208810236
1559.5133188864809	4895.0787815560125	6982.149715295616	0.6253263924467413	4534.434010014965
1560.7157192865477	4892.583701089108	6979.69810899004	0.6250983139333308	4530.7459319275695
1561.9181196866143	4890.088620622204	6977.245724577896	0.6248702354199204	4527.057853840173
1563.120520086681	4887.5935401553	6974.792561688683	0.624643219733984	4523.369775752778
1564.3229204867478	4885.098459688395	6972.338619951666	0.6244170832149111	4519.681697665382
1565.5253208868144	4882.603379221491	6969.883898995877	0.6241909466958382	4515.993619577987
1566.727721286881	4880.108298754587	6967.428398450108	0.6239648101767653	4512.305541490591
1567.9301216869478	4877.613218287684	6964.97211794292	0.6237386736576923	4508.617463403195
1569.1325220870144	4875.118137820779	6962.5150571026315	0.6235125371386194	4504.9293853158
1570.334922487081	4872.623057353875	6960.057215557332	0.6232873744463552	4501.241307228404
1571.5373228871479	4870.127976886971	6957.598592934867	0.6230631727319047	4497.553229141008
1572.7397232872145	4867.632896420067	6955.139188862855	0.6228389710174542	4493.865151053613
1573.942123687281	4865.137815953162	6952.679002968671	0.6226147693030037	4490.177072966218
1575.1445240873477	4862.642735486259	6950.218034879451	0.6223905675885533	4486.488994878822
1576.3469244874145	4860.147655019355	6947.756284222101	0.6221663658741028	4482.800916791426
1577.5493248874811	4857.6525745524505	6945.293750623286	0.6219430495547453	4479.112838704032
1578.7517252875477	4855.157494085546	6942.83043370943	0.6217207753174917	4475.424760616635
1579.9541256876146	4852.662413618642	6940.366333106727	0.621498501080238	4471.736682529239
1581.1565260876812	4850.167333151738	6937.901448441128	0.6212762268429843	4468.048604441844
1582.3589264877478	4847.672252684834	6935.435779338345	0.6210539526057307	4464.360526354449
1583.5613268878146	4845.17717221793	6932.9693254238555	0.6208316783684771	4460.6724482670525
1584.7637272878812	4842.682091751026	6930.5020863228965	0.6206102016842732	4456.984370179657
1585.9661276879478	4840.1870112841225	6928.034061660464	0.6203898474652405	4453.296292092262
1587.1685280880145	4837.691930817218	6925.565251061322	0.6201694932462078	4449.608214004867
1588.3709284880813	4835.196850350314	6923.095654149985	0.6199491390271753	4445.92013591747
1589.573328888148	4832.70176988341	6920.625270550741	0.6197287848081426	4442.232057830075
1590.7757292882145	4830.2066894165055	6918.154099887629	0.61950843058911	4438.543979742679
1591.9781296882813	4827.711608949601	6915.682141784449	0.6192887866903372	4434.855901655284
1593.180530088348	4825.216528482697	6913.209395864769	0.6190703449050029	4431.167823567888
1594.3829304884146	4822.721448015793	6910.735861751909	0.6188519031196685	4427.479745480492
1595.5853308884814	4820.226367548889	6908.261539068951	0.6186334613343342	4423.791667393097
1596.787731288548	4817.731287081985	6905.786427438737	0.6184150195489999	4420.1035893057015
1597.9901316886146	4815.236206615081	6903.3105264838705	0.6181965777636657	4416.415511218305
1599.1925320886814	4812.741126148177	6900.833835826707	0.6179787596935286	4412.727433130909
1600.394932488748	4810.246045681272	6898.356355089372	0.6177622226376697	4409.039355043515
1601.5973328888147	4807.750965214368	6895.878083893744	0.6175456855818108	4405.35127695612
1602.7997332888813	4805.255884747465	6893.399021861457	0.6173291485259519	4401.663198868723
1604.002133688948	4802.7608042805605	6890.91916861391	0.617112611470093	4397.975120781328
1605.2045340890147	4800.265723813655	6888.438523772254	0.6168960744142341	4394.287042693933
1606.4069344890813	4797.770643346752	6885.957086957405	0.6166800751136396	4390.598964606537
1607.6093348891482	4795.275562879848	6883.474857790032	0.616465434969027	4386.910886519141
1608.8117352892148	4792.7804824129435	6880.991835890561	0.6162507948244142	4383.222808431746
1610.0141356892814	4790.28540194604	6878.50802087918	0.6160361546798014	4379.53473034435
1611.2165360893482	4787.790321479136	6876.023412375829	0.6158215145351887	4375.846652256953
1612.4189364894148	4785.295241012231	6873.5380100002085	0.615606874390576	4372.158574169559
1613.6213368894814	4782.800160545328	6871.05181337178	0.6153926867027897	4368.470496082163
1614.8237372895483	4780.305080078423	6868.564822109749	0.6151799355427308	4364.7824179947675
1616.0261376896149	4777.80999961152	6866.077035833092	0.6149671843826718	4361.094339907371
1617.2285380896815	4775.3149191446155	6863.588454160533	0.6147544332226129	4357.406261819977
1618.430938489748	4772.819838677711	6861.099076710555	0.614541682062554	4353.718183732581
1619.633338889815	4770.324758210807	6858.608903101395	0.6143289309024951	4350.030105645185
1620.8357392898815	4767.829677743903	6856.117932951051	0.6141165475776804	4346.342027557789
1622.0381396899481	4765.3345972769985	6853.62616587727	0.6139056773724151	4342.653949470394
1623.240540090015	4762.839516810095	6851.13360149756	0.6136948071671497	4338.965871382998
1624.4429404900816	4760.344436343191	6848.640239429178	0.6134839369618845	4335.277793295603
1625.6453408901482	4757.849355876287	6846.146079289141	0.6132730667566192	4331.589715208207
1626.847741290215	4755.354275409382	6843.65112069422	0.613062196551354	4327.901637120812
1628.0501416902816	4752.859194942478	6841.155363260939	0.6128516102509971	4324.213559033416
1629.2525420903482	4750.364114475574	6838.6588066055765	0.612642612872949	4320.525480946021
1630.4549424904149	4747.8690340086705	6836.161450344169	0.6124336154949007	4316.837402858625
1631.6573428904817	4745.373953541765	6833.663294092498	0.6122246181168524	4313.14932477123
1632.8597432905483	4742.878873074861	6831.1643374661135	0.6120156207388041	4309.461246683833
1634.062143690615	4740.383792607958	6828.6645800803035	0.611806623360756	4305.773168596438
1635.2645440906817	4737.8887121410535	6826.164021550119	0.6115978266619785	4302.085090509042
1636.4669444907483	4735.393631674149	6823.662661490361	0.6113906938908622	4298.397012421648
1637.669344890815	4732.898551207246	6821.160499515583	0.6111835611197458	4294.70893433425
1638.8717452908818	4730.403470740342	6818.657535240094	0.6109764283486294	4291.020856246856
1640.0741456909484	4727.9083902734365	6816.153768277953	0.610769295577513	4287.33277815946
1641.276546091015	4725.413309806534	6813.649198242974	0.6105621628063967	4283.644700072065
1642.4789464910818	4722.918229339629	6811.143824748717	0.610355148206156	4279.956621984668
1643.6813468911485	4720.4231488727255	6808.637647408505	0.6101498717339469	4276.268543897274
1644.883747291215	4717.928068405821	6806.1306658354015	0.6099445952617377	4272.580465809878
1646.0861476912817	4715.432987938917	6803.62287964223	0.6097393187895286	4268.8923877224825
1647.2885480913485	4712.937907472013	6801.1142884415585	0.6095340423173193	4265.204309635086
1648.490948491415	4710.4428270051085	6798.604891845713	0.6093287658451102	4261.516231547692
1649.6933488914817	4707.947746538204	6796.094689466767	0.6091235257642919	4257.828153460295
1650.8957492915486	4705.452666071301	6793.583680916544	0.6089200972000577	4254.140075372899
1652.0981496916152	4702.957585604397	6791.071865806618	0.6087166686358235	4250.451997285504
1653.3005500916818	4700.462505137492	6788.5592437483165	0.6085132400715894	4246.763919198109
1654.5029504917486	4697.967424670588	6786.045814352716	0.6083098115073552	4243.075841110713
1655.7053508918152	4695.472344203684	6783.531577230639	0.6081063829431211	4239.387763023317
1656.9077512918818	4692.97726373678	6781.016531992666	0.607902954378887	4235.699684935922
1658.1101516919487	4690.482183269875	6778.500678249118	0.607701320605123	4232.011606848525
1659.3125520920153	4687.987102802971	6775.984015610074	0.6074997314797217	4228.323528761131
1660.5149524920819	4685.492022336067	6773.466543685355	0.6072981423543202	4224.635450673736
1661.7173528921485	4682.9969418691635	6770.948262084534	0.6070965532289189	4220.947372586339
1662.9197532922153	4680.501861402259	6768.429170416935	0.6068949641035174	4217.259294498944
1664.122153692282	4678.006780935355	6765.909268291627	0.606693374978116	4213.571216411548
1665.3245540923485	4675.511700468452	6763.388555317429	0.6064934918103821	4209.883138324153
1666.5269544924154	4673.0166200015465	6760.867031102906	0.6062937335810281	4206.195060236757
1667.729354892482	4670.521539534642	6758.344695256378	0.6060939753516741	4202.506982149362
1668.9317552925486	4668.026459067739	6755.821547385904	0.6058942171223201	4198.818904061965
1670.1341556926154	4665.531378600835	6753.297587099297	0.605694458892966	4195.130825974569
1671.336556092682	4663.03629813393	6750.772814004113	0.6054947006636121	4191.442747887175
1672.5389564927486	4660.541217667027	6748.247227707659	0.6052965602488672	4187.75466979978
1673.7413568928152	4658.046137200123	6745.720827816985	0.6050986243035684	4184.066591712383
1674.943757292882	4655.5510567332185	6743.193613938889	0.6049006883582695	4180.378513624988
1676.1461576929487	4653.055976266314	6740.66558567992	0.6047027524129706	4176.690435537593
1677.3485580930153	4650.56089579941	6738.1367426463685	0.6045048164676716	4173.0023574501965
1678.5509584930821	4648.065815332507	6735.607084444271	0.6043068805223727	4169.314279362801
1679.7533588931487	4645.570734865602	6733.076610679414	0.6041104749511363	4165.626201275406
1680.9557592932154	4643.075654398698	6730.545320957327	0.6039143526130055	4161.93812318801
1682.1581596932822	4640.580573931794	6728.013214883282	0.6037182302748748	4158.2500451006135
1683.3605600933488	4638.08549346489	6725.480292062304	0.603522107936744	4154.561967013219
1684.5629604934154	4635.590412997985	6722.946552099156	0.6033259855986133	4150.873888925824
1685.7653608934822	4633.095332531081	6720.41199459835	0.6031298632604825	4147.185810838428
1686.9677612935488	4630.600252064177	6717.8766191641425	0.602935184570287	4143.497732751032
1688.1701616936155	4628.105171597273	6715.340425400533	0.6027408671017291	4139.809654663637
1689.372562093682	4625.610091130369	6712.803412911264	0.6025465496331711	4136.121576576241
1690.574962493749	4623.115010663465	6710.265581299826	0.6023522321646132	4132.4334984888455
1691.7773628938155	4620.619930196561	6707.7269301694505	0.6021579146960553	4128.74542040145
1692.9797632938821	4618.124849729657	6705.187459123116	0.6019635972274974	4125.057342314054
1694.182163693949	4615.629769262752	6702.647167763538	0.601770637406248	4121.369264226658
1695.3845640940156	4613.134688795848	6700.1060556931825	0.6015781160130255	4117.681186139263
1696.5869644940822	4610.639608328945	6697.564122514255	0.6013855946198028	4113.993108051867
1697.789364894149	4608.14452786204	6695.0213678287055	0.6011930732265802	4110.305029964472
1698.9917652942156	4605.649447395136	6692.4777912382215	0.6010005518333575	4106.616951877076
1700.1941656942822	4603.154366928233	6689.933392344245	0.600808030440135	4102.928873789681
1701.396566094349	4600.659286461328	6687.388170747943	0.6006167814293776	4099.240795702284
1702.5989664944157	4598.164205994424	6684.842126050239	0.6004260472645601	4095.55271761489
1703.8013668944823	4595.66912552752	6682.295257851793	0.6002353130997427	4091.864639527493
1705.0037672945489	4593.174045060616	6679.747565753006	0.6000445789349251	4088.176561440099
1706.2061676946157	4590.678964593712	6677.1990493540225	0.5998538447701076	4084.488483352702
1707.4085680946823	4588.183884126808	6674.649708254726	0.5996631106052902	4080.8004052653077
1708.610968494749	4585.688803659904	6672.099542054741	0.5994735643033853	4077.112327177912
1709.8133688948158	4583.193723193	6669.548550353435	0.5992846084711786	4073.4242490905153
1711.0157692948824	4580.698642726095	6666.996732749915	0.5990956526389719	4069.73617100312
1712.218169694949	4578.203562259191	6664.444088843027	0.5989066968067652	4066.048092915725
1713.4205700950158	4575.708481792287	6661.890618231359	0.5987177409745585	4062.3600148283285
1714.6229704950824	4573.213401325383	6659.336320513241	0.598528785142352	4058.6719367409332
1715.825370895149	4570.718320858478	6656.781195286736	0.5983409334075626	4054.9838586535375
1717.0277712952156	4568.223240391575	6654.225242149653	0.5981537469670287	4051.295780566143
1718.2301716952825	4565.728159924671	6651.668460699538	0.5979665605264949	4047.6077024787464
1719.432572095349	4563.2330794577665	6649.110850533675	0.597779374085961	4043.9196243913516
1720.6349724954157	4560.737998990863	6646.552411249088	0.5975921876454273	4040.2315463039554
1721.8373728954825	4558.242918523958	6643.9931424425395	0.5974050012048935	4036.5434682165596
1723.0397732955491	4555.747838057054	6641.433043710533	0.597218835858385	4032.8553901291643
1724.2421736956157	4553.25275759015	6638.872114649305	0.5970334098270486	4029.1673120417695
1725.4445740956826	4550.757677123245	6636.310354854832	0.5968479837957121	4025.479233954373
1726.6469744957492	4548.262596656342	6633.747763922835	0.5966625577643757	4021.7911558669775
1727.8493748958158	4545.767516189438	6631.184341448762	0.5964771317330393	4018.103077779582
1729.0517752958826	4543.272435722533	6628.6200870278035	0.5962917057017028	4014.4149996921865
1730.2541756959492	4540.77735525563	6626.05500025489	0.5961072185304572	4010.7269216047907
1731.4565760960159	4538.282274788726	6623.489080724681	0.5959235438878034	4007.038843517395
1732.6589764960825	4535.7871943218215	6620.922328031583	0.5957398692451497	4003.3507654299997
1733.8613768961493	4533.292113854918	6618.354741769731	0.5955561946024959	3999.662687342604
1735.063777296216	4530.797033388014	6615.786321532999	0.5953725199598421	3995.9746092552086
1736.2661776962825	4528.301952921109	6613.217066914998	0.5951888453171883	3992.286531167813
1737.4685780963493	4525.806872454205	6610.646977509075	0.5950060280768351	3988.598453080417
1738.670978496416	4523.311791987301	6608.076052908311	0.5948240957677025	3984.910374993022
1739.8733788964826	4520.816711520397	6605.504292705525	0.5946421634585699	3981.2222969056265
1741.0757792965494	4518.321631053493	6602.931696493266	0.5944602311494372	3977.5342188182303
1742.278179696616	4515.826550586588	6600.3582638638245	0.5942782988403046	3973.846140730835
1743.4805800966826	4513.331470119684	6597.783994409223	0.594096366531172	3970.1580626434397
1744.6829804967495	4510.836389652781	6595.208887721219	0.593915210948737	3966.4699845560435
1745.885380896816	4508.3413091858765	6592.632943391302	0.593735011886605	3962.7819064686482
1747.0877812968827	4505.846228718972	6590.056161010701	0.5935548128244731	3959.0938283812525
1748.2901816969493	4503.351148252069	6587.478540170371	0.5933746137623411	3955.4057502938576
1749.492582097016	4500.856067785164	6584.9000804610105	0.5931944147002092	3951.717672206461
1750.6949824970827	4498.3609873182595	6582.320781473045	0.5930142156380772	3948.029594119066
1751.8973828971493	4495.865906851356	6579.7406427966325	0.5928347134146519	3944.341516031671
1753.0997832972162	4493.370826384451	6577.159664021669	0.5926562384848285	3940.653437944274
1754.3021836972828	4490.875745917548	6574.577844737783	0.5924777635550051	3936.9653598568793
1755.5045840973494	4488.380665450643	6571.995184534329	0.5922992886251818	3933.2772817694836
1756.7069844974162	4485.885584983739	6569.411683000401	0.5921208136953584	3929.589203682088
1757.9093848974828	4483.390504516836	6566.827339724824	0.591942338765535	3925.901125594692
1759.1117852975494	4480.8954240499315	6564.24215429615	0.5917644815788669	3922.213047507297
1760.314185697616	4478.400343583027	6561.656126302671	0.5915877216415757	3918.5249694199015
1761.5165860976829	4475.905263116124	6559.069255332403	0.5914109617042845	3914.8368913325053
1762.7189864977495	4473.410182649219	6556.481540973095	0.5912342017669934	3911.14881324511
1763.921386897816	4470.9151021823145	6553.8929828122355	0.5910574418297022	3907.4607351577147
1765.123787297883	4468.420021715411	6551.303580437031	0.5908806818924109	3903.7726570703185
1766.3261876979495	4465.924941248507	6548.713333434427	0.5907044613994178	3900.084578982923
1767.5285880980161	4463.429860781603	6546.122241391098	0.5905294072927891	3896.396500895528
1768.730988498083	4460.934780314698	6543.530303893445	0.5903543531861605	3892.7084228081317
1769.9333888981496	4458.439699847794	6540.937520527607	0.5901792990795318	3889.0203447207364
1771.1357892982162	4455.94461938089	6538.343890879444	0.590004244972903	3885.3322666333406
1772.338189698283	4453.4495389139865	6535.749414534554	0.5898291908662744	3881.6441885459453
1773.5405900983496	4450.954458447082	6533.154091078255	0.589654598705483	3877.9561104585496
1774.7429904984162	4448.459377980178	6530.557920095602	0.5894812412484493	3874.268032371154
1775.9453908984829	4445.964297513275	6527.960901171374	0.5893078837914155	3870.579954283759
1777.1477912985497	4443.4692170463695	6525.363033890081	0.5891345263343817	3866.891876196363
1778.3501916986163	4440.974136579465	6522.764317835965	0.588961168877348	3863.2037981089675
1779.552592098683	4438.479056112562	6520.16475259299	0.5887878114203141	3859.5157200215717
1780.7549924987497	4435.983975645657	6517.564337744849	0.588614839214226	3855.827641934176
1781.9573928988164	4433.488895178753	6514.963072874968	0.5884431692093266	3852.1395638467807
1783.159793298883	4430.993814711849	6512.360957566496	0.5882714992044273	3848.451485759385
1784.3621936989498	4428.498734244945	6509.757991402309	0.588099829199528	3844.763407671989
1785.5645940990164	4426.003653778042	6507.154173965012	0.5879281591946286	3841.075329584594
1786.766994499083	4423.508573311137	6504.549504836939	0.5877564891897292	3837.387251497198
1787.9693948991498	4421.013492844232	6501.943983600145	0.5875851285460919	3833.6991734098024
1789.1717952992165	4418.518412377329	6499.337609836417	0.5874151367766355	3830.0110953224066
1790.374195699283	4416.0233319104245	6496.730383127267	0.587245145007179	3826.323017235012
1791.5765960993497	4413.52825144352	6494.122303053928	0.5870751532377224	3822.634939147616
1792.7789964994165	4411.033170976617	6491.513369197368	0.5869051614682659	3818.94686106022
1793.9813968994831	4408.538090509713	6488.903581138273	0.5867351696988095	3815.258782972825
1795.1837972995497	4406.0430100428075	6486.292938457056	0.5865654121750227	3811.570704885429
1796.3861976996166	4403.547929575904	6483.681440733859	0.5863970891653403	3807.882626798033
1797.5885980996832	4401.052849109	6481.069087548545	0.5862287661556579	3804.1945487106377
1798.7909984997498	4398.557768642096	6478.455878480701	0.5860604431459755	3800.5064706232424
1799.9933988998166	4396.062688175192	6475.841813109642	0.5858921201362931	3796.818392535846
1801.1957992998832	4393.567607708288	6473.226891014407	0.5857237971266107	3793.130314448451
1802.3981996999498	4391.072527241384	6470.611111773753	0.5855556339902512	3789.4422363610556
1803.6006001000164	4389.133364627279	6467.712792796371	0.5853889693314127	3786.5741169183198
1804.8030005000833	4387.751230775921	6464.532857451177	0.5852223046725743	3784.5275946720726
1806.0054009001499	4386.369096924563	6461.354046457533	0.5850556400137358	3782.4810724258264
1807.2078013002165	4384.986963073205	6458.17635921923	0.5848889753548973	3780.4345501795797
1808.4102017002833	4383.604829221847	6454.9997951404785	0.5847223106960588	3778.3880279333325
1809.61260210035	4382.2226953704885	6451.824353625909	0.5845557323928846	3776.3415056870863
1810.8150025004165	4380.8405615191305	6448.650034080571	0.5843907145204792	3774.2949834408396
1812.0174029004834	4379.458427667772	6445.476835909938	0.5842256966480738	3772.248461194593
1813.21980330055	4378.076293816415	6442.304758519903	0.5840606787756684	3770.201938948346
1814.4222037006166	4376.694159965057	6439.133801316776	0.583895660903263	3768.1554167020995
1815.6246041006834	4375.312026113699	6435.963963707289	0.5837306430308575	3766.108894455853
1816.82700450075	4373.929892262341	6432.7952450985895	0.5835656390047521	3764.062372209606
1818.0294049008166	4372.547758410983	6429.627644898249	0.5834022553405583	3762.01584996336
1819.2318053008833	4371.165624559625	6426.461162514252	0.5832388716763646	3759.969327717113
1820.43420570095	4369.783490708267	6423.295797355	0.5830754880121707	3757.9228054708665
1821.6366061010167	4368.401356856909	6420.131548829319	0.5829121043479768	3755.87628322462
1822.8390065010833	4367.019223005551	6416.968416346447	0.582748720683783	3753.829760978373
1824.0414069011501	4365.637089154193	6413.806399316035	0.5825853370195891	3751.7832387321264
1825.2438073012167	4364.254955302835	6410.645497148159	0.5824235170248315	3749.7367164858797
1826.4462077012834	4362.872821451478	6407.485709253305	0.5822617545722578	3747.6901942396335
1827.6486081013502	4361.490687600119	6404.327035042372	0.582099992119684	3745.6436719933868
1828.8510085014168	4360.108553748761	6401.169473926683	0.5819382296671103	3743.59714974714
1830.0534089014834	4358.7264198974035	6398.0130253179705	0.5817764672145365	3741.550627500894
1831.2558093015502	4357.3442860460445	6394.857688628379	0.5816147047619626	3739.5041052546467
1832.4582097016169	4355.962152194687	6391.703463270473	0.5814544226791857	3737.4575830084004
1833.6606101016835	4354.58001834333	6388.550348657225	0.5812942683793041	3735.4110607621537
1834.86301050175	4353.197884491972	6385.398344202025	0.5811341140794225	3733.364538515907
1836.065410901817	4351.815750640613	6382.247449318675	0.5809739597795409	3731.3180162696603
1837.2678113018835	4350.433616789256	6379.0976634213885	0.5808138054796593	3729.2714940234137
1838.4702117019501	4349.051482937898	6375.94898592479	0.5806536511797779	3727.2249717771674
1839.672612102017	4347.66934908654	6372.801416243922	0.5804948950744654	3725.1784495309203
1840.8750125020836	4346.287215235182	6369.654953794231	0.5803363358410959	3723.1319272846736
1842.0774129021502	4344.905081383824	6366.509597991579	0.5801777766077265	3721.0854050384273
1843.279813302217	4343.522947532466	6363.365348252239	0.580019217374357	3719.03888279218
1844.4822137022836	4342.140813681108	6360.222203992892	0.5798606581409876	3716.992360545934
1845.6846141023502	4340.75867982975	6357.080164630632	0.5797020989076181	3714.9458382996872
1846.887014502417	4339.376545978392	6353.9392295829575	0.5795448568495092	3712.8993160534405
1848.0894149024837	4337.994412127034	6350.799398267785	0.5793878796027436	3710.852793807194
1849.2918153025503	4336.612278275676	6347.660670103433	0.5792309023559781	3708.806271560947
1850.4942157026169	4335.230144424318	6344.52304450863	0.5790739251092125	3706.759749314701
1851.6966161026837	4333.8480105729595	6341.386520902515	0.578916947862447	3704.7132270684538
1852.8990165027503	4332.465876721602	6338.251098704633	0.5787599706156814	3702.6667048222075
1854.101416902817	4331.083742870244	6335.116777334936	0.5786042306680723	3700.620182575961
1855.3038173028838	4329.701609018886	6331.983556213785	0.5784488223192017	3698.5736603297137
1856.5062177029504	4328.319475167528	6328.851434761949	0.5782934139703312	3696.5271380834674
1857.708618103017	4326.93734131617	6325.7204124006	0.5781380056214606	3694.4806158372207
1858.9110185030838	4325.555207464812	6322.590488551318	0.57798259727259	3692.434093590974
1860.1134189031504	4324.173073613454	6319.4616626360885	0.5778271889237194	3690.3875713447273
1861.315819303217	4322.790939762096	6316.333934077304	0.5776729392056764	3688.3410490984807
1862.5182197032836	4321.408805910738	6313.207302297759	0.5775190867423418	3686.2945268522344
1863.7206201033505	4320.02667205938	6310.081766720657	0.577365234279007	3684.2480046059873
1864.923020503417	4318.644538208022	6306.9573267696	0.5772113818156723	3682.201482359741
1866.1254209034837	4317.262404356664	6303.833981868599	0.5770575293523377	3680.1549601134943
1867.3278213035505	4315.880270505306	6300.711731442068	0.5769036768890029	3678.108437867247
1868.5302217036171	4314.498136653948	6297.590574914823	0.5767509055984099	3676.061915621001
1869.7326221036838	4313.11600280259	6294.470511712081	0.5765985961024956	3674.0153933747542
1870.9350225037506	4311.733868951232	6291.351541259468	0.5764462866065814	3671.9688711285075
1872.1374229038172	4310.3517350998745	6288.233662983005	0.576293977110667	3669.922348882261
1873.3398233038838	4308.9696012485165	6285.116876309121	0.5761416676147527	3667.875826636014
1874.5422237039506	4307.587467397158	6282.001180664639	0.5759893581188384	3665.8293043897675
1875.7446241040172	4306.2053335458	6278.886575476793	0.575838053535655	3663.7827821435208
1876.9470245040839	4304.823199694442	6275.77306017321	0.575687274183689	3661.7362598972745
1878.1494249041505	4303.441065843084	6272.660634181922	0.5755364948317232	3659.689737651028
1879.3518253042173	4302.058931991726	6269.549296931357	0.5753857154797571	3657.643215404781
1880.554225704284	4300.676798140368	6266.439047850347	0.5752349361277913	3655.5966931585344
1881.7566261043505	4299.29466428901	6263.329886368123	0.5750841567758254	3653.5501709122877
1882.9590265044174	4297.912530437652	6260.22181191431	0.5749343072623808	3651.503648666041
1884.161426904484	4296.530396586294	6257.114823918939	0.5747850453258766	3649.457126419795
1885.3638273045506	4295.148262734936	6254.008921812434	0.5746357833893725	3647.4106041735486
1886.5662277046174	4293.766128883578	6250.904105025619	0.5744865214528684	3645.3640819273014
1887.768628104684	4292.38399503222	6247.800372989717	0.5743372595163642	3643.3175596810547
1888.9710285047506	4291.001861180862	6244.697725136348	0.57418799757986	3641.2710374348085
1890.1734289048175	4289.619727329504	6241.596160897525	0.5740395915811082	3639.2245151885613
1891.375829304884	4288.237593478147	6238.495679705663	0.5738918344268591	3637.177992942315
1892.5782297049507	4286.855459626789	6235.396280993569	0.57374407727261	3635.1314706960684
1893.7806301050173	4285.473325775431	6232.297964194452	0.573596320118361	3633.0849484498217
1894.9830305050841	4284.0911919240725	6229.20072874191	0.573448562964112	3631.038426203575
1896.1854309051507	4282.7090580727145	6226.104574069939	0.5733008058098629	3628.9919039573283
1897.3878313052173	4281.326924221356	6223.00949961293	0.5731538318535956	3626.945381711082
1898.5902317052842	4279.944790369998	6219.915504805669	0.5730075669439142	3624.898859464835
1899.7926321053508	4278.56265651864	6216.822589083337	0.5728613020342327	3622.852337218588
1900.9950325054174	4277.180522667282	6213.730751881506	0.5727150371245513	3620.805814972342
1902.1974329054842	4275.798388815924	6210.639992636144	0.5725687722148698	3618.759292726095
1903.3998333055508	4274.416254964566	6207.550310783611	0.5724225073051884	3616.7127704798486
1904.6022337056174	4273.034121113209	6204.461705760663	0.5722769540022125	3614.666248233602
1905.804634105684	4271.651987261851	6201.374177004442	0.5721321688951262	3612.619725987355
1907.0070345057509	4270.269853410492	6198.287723952486	0.5719873837880398	3610.5732037411085
1908.2094349058175	4268.887719559135	6195.202346042731	0.5718425986809536	3608.526681494862
1909.411835305884	4267.505585707777	6192.118042713492	0.5716978135738673	3606.4801592486156
1910.614235705951	4266.123451856419	6189.034813403484	0.571553028466781	3604.4336370023684
1911.8166361060175	4264.741318005062	6185.952657551813	0.5714088845110578	3602.387114756122
1913.0190365060841	4263.359184153704	6182.871574597971	0.5712655668604567	3600.3405925098755
1914.221436906151	4261.977050302345	6179.791563981839	0.5711222492098558	3598.2940702636283
1915.4238373062176	4260.5949164509875	6176.712625143697	0.5709789315592547	3596.247548017382
1916.6262377062842	4259.2127825996295	6173.634757524205	0.5708356139086538	3594.2010257711354
1917.828638106351	4257.830648748271	6170.557960564417	0.5706922962580527	3592.1545035248887
1919.0310385064176	4256.448514896913	6167.482233705774	0.5705495504268028	3590.107981278642
1920.2334389064843	4255.066381045555	6164.407576390104	0.5704076879825435	3588.0614590323953
1921.4358393065509	4253.684247194197	6161.333988059627	0.5702658255382843	3586.014936786149
1922.6382397066177	4252.302113342839	6158.261468156949	0.570123963094025	3583.968414539902
1923.8406401066843	4250.919979491481	6155.190016125063	0.5699821006497657	3581.9218922936557
1925.043040506751	4249.537845640123	6152.1196314073495	0.5698402382055066	3579.875370047409
1926.245440906818	4248.155711788765	6149.050313447576	0.569698879359281	3577.828847801162
1927.4478413068841	4246.773577937407	6145.982061689894	0.5695584599672492	3575.7823255549156
1928.6502417069507	4245.391444086049	6142.914875578845	0.5694180405752174	3573.735803308669
1929.8526421070178	4244.009310234692	6139.848754559354	0.5692776211831856	3571.689281062422
1931.0550425070844	4242.627176383334	6136.783698076732	0.5691372017911538	3569.6427588161755
1932.257442907151	4241.245042531976	6133.7197055766765	0.568996782399122	3567.596236569929
1933.4598433072179	4239.862908680618	6130.656776505266	0.5688567994818421	3565.549714323682
1934.6622437072845	4238.48077482926	6127.594910308966	0.568717811083975	3563.5031920774354
1935.864644107351	4237.098640977902	6124.534106434627	0.5685788226861079	3561.456669831189
1937.0670445074177	4235.716507126544	6121.474364329482	0.5684398342882409	3559.4101475849425
1938.2694449074843	4234.3343732751855	6118.415683441146	0.5683008458903737	3557.363625338696
1939.471845307551	4232.952239423827	6115.358063217621	0.5681618574925066	3555.317103092449
1940.6742457076175	4231.570105572469	6112.301503107288	0.5680232395314715	3553.2705808462024
1941.8766461076846	4230.187971721111	6109.24600255891	0.567885670165741	3551.224058599956
1943.0790465077512	4228.805837869753	6106.191561021638	0.5677481008000105	3549.1775363537095
1944.281446907818	4227.423704018395	6103.138177944998	0.56761053143428	3547.131014107463
1945.4838473078846	4226.041570167037	6100.0858527789005	0.5674729620685494	3545.084491861216
1946.6862477079512	4224.659436315679	6097.034584973637	0.5673353927028189	3543.0379696149694
1947.8886481080178	4223.277302464321	6093.98437397988	0.5671981288086844	3540.991447368723
1949.0910485080844	4221.895168612964	6090.935219248681	0.5670619666090454	3538.9449251224764
1950.293448908151	4220.513034761606	6087.887120231475	0.5669258044094065	3536.8984028762297
1951.4958493082177	4219.130900910248	6084.84007638007	0.5667896422097676	3534.851880629983
1952.6982497082845	4217.74876705889	6081.794087146663	0.5666534800101287	3532.8053583837363
1953.9006501083513	4216.366633207532	6078.749151983821	0.5665173178104898	3530.7588361374897
1955.1030505084182	4214.984499356174	6075.705270344497	0.5663813971772196	3528.712313891243
1956.3054509084848	4213.602365504816	6072.662441682017	0.5662466303735227	3526.6657916449967
1957.5078513085514	4212.220231653458	6069.620665450088	0.5661118635698259	3524.6192693987496
1958.710251708618	4210.8380978021	6066.579941102796	0.5659770967661291	3522.572747152503
1959.9126521086846	4209.4559639507415	6063.540268094601	0.5658423299624321	3520.5262249062566
1961.1150525087512	4208.0738300993835	6060.501645880341	0.5657075631587353	3518.4797026600095
1962.3174529088178	4206.691696248025	6057.4640739152355	0.5655729750635246	3516.4331804137632
1963.5198533088846	4205.309562396667	6054.427551654874	0.565439591981394	3514.3866581675165
1964.7222537089513	4203.927428545309	6051.392078555227	0.5653062088992635	3512.34013592127
1965.9246541090183	4202.545294693951	6048.357654072636	0.5651728258171329	3510.293613675023
1967.127054509085	4201.163160842593	6045.324277663824	0.5650394427350024	3508.2470914287765
1968.3294549091515	4199.781026991236	6042.291948785886	0.5649060596528719	3506.20056918253
1969.5318553092181	4198.398893139878	6039.26066689629	0.5647727934560441	3504.154046936283
1970.7342557092848	4197.01675928852	6036.230431452883	0.5646407825167266	3502.107524690037
1971.9366561093514	4195.634625437162	6033.201241913883	0.564508771577409	3500.06100244379
1973.139056509418	4194.252491585804	6030.173097737883	0.5643767606380914	3498.014480197543
1974.3414569094848	4192.870357734446	6027.145998383849	0.5642447496987738	3495.9679579512967
1975.5438573095514	4191.488223883088	6024.1199433111215	0.5641127387594562	3493.92143570505
1976.7462577096185	4190.10609003173	6021.094931979414	0.5639807839043374	3491.8749134588033
1977.948658109685	4188.723956180372	6018.07096384881	0.5638501336245185	3489.8283912125567
1979.1510585097517	4187.341822329014	6015.048038379768	0.5637194833446998	3487.78186896631
1980.3534589098178	4185.9596884776565	6012.026155033121	0.563588833064881	3485.7353467200637
1981.555859309885	4184.577554626298	6009.005313270063	0.5634581827850622	3483.6888244738166
1982.7582597099515	4183.1954207749395	6005.9855125521735	0.5633275325052434	3481.6423022275703
1983.9606601100181	4181.813286923582	6002.9667523413955	0.5631968822254246	3479.5957799813236
1985.163060510085	4180.431153072223	5999.94903210004	0.563067577509604	3477.5492577350765
1986.3654609101516	4179.049019220865	5996.932351290796	0.5629382765011972	3475.5027354888302
1987.5678613102182	4177.666885369509	5993.916709376718	0.5628089754927904	3473.4562132425835
1988.7702617102852	4176.28475151815	5990.902105821226	0.5626796744843835	3471.409690996337
1989.9726621103518	4174.902617666793	5987.888540088121	0.5625503734759767	3469.36316875009
1991.175062510418	4173.520483815435	5984.876011641562	0.5624210724675698	3467.3166465038435
1992.3774629104846	4172.138349964077	5981.864519946083	0.562293046935394	3465.270124257597
1993.5798633105517	4170.756216112719	5978.854064466584	0.5621650839053016	3463.22360201135
1994.7822637106183	4169.374082261361	5975.844644668333	0.5620371208752094	3461.177079765104
1995.9846641106851	4167.991948410003	5972.836260016969	0.5619091578451172	3459.130557518857
1997.1870645107517	4166.609814558645	5969.828909978495	0.561781194815025	3457.0840352726104
1998.3894649108183	4165.227680707287	5966.822594019283	0.5616532317849328	3455.037513026364
1999.591865310885	4163.845546855929	5963.8173116060725	0.561526475222464	3452.9909907801175
2000.794265710952	4162.463413004571	5960.813062205965	0.5613998389723114	3450.944468533871
2001.9966661110182	4161.081279153213	5957.809845286435	0.5612732027221586	3448.897946287624
2003.1990665110848	4159.6991453018545	5954.807660315319	0.5611465664720059	3446.851424041378
2004.4014669111518	4158.3170114504965	5951.8065067608195	0.5610199302218533	3444.8049017951307
2005.6038673112184	4156.934877599138	5948.806384091505	0.5608932939717005	3442.758379548884
2006.8062677112853	4155.552743747781	5945.807291776308	0.5607677962469817	3440.711857302638
2008.0086681113519	4154.170609896423	5942.8092292845295	0.5606424756728284	3438.665335056391
2009.2110685114185	4152.788476045065	5939.812196085829	0.5605171550986752	3436.6188128101444
2010.413468911485	4151.406342193707	5936.816191650234	0.5603918345245219	3434.5722905638977
2011.6158693115517	4150.024208342349	5933.821215448134	0.5602665139503687	3432.525768317651
2012.8182697116183	4148.642074490991	5930.827266950284	0.5601411933762155	3430.4792460714043
2014.020670111685	4147.259940639633	5927.8343456278	0.5600169444390091	3428.4327238251576
2015.2230705117515	4145.877806788275	5924.842450952162	0.5598929285310348	3426.3862015789114
2016.4254709118186	4144.495672936917	5921.851582395212	0.5597689126230605	3424.339679332664
2017.6278713118854	4143.113539085559	5918.861739429157	0.5596448967150862	3422.2931570864175
2018.830271711952	4141.731405234201	5915.872921526559	0.5595208808071119	3420.2466348401713
2020.0326721120186	4140.349271382843	5912.885128160349	0.5593968648991376	3418.200112593924
2021.2350725120853	4138.967137531485	5909.898358803816	0.5592738547806512	3416.153590347678
2022.4374729121519	4137.585003680127	5906.91261293061	0.5591511326228198	3414.107068101431
2023.6398733122185	4136.202869828769	5903.927890014741	0.5590284104649884	3412.0605458551845
2024.842273712285	4134.820735977411	5900.944189530581	0.558905688307157	3410.014023608938
2026.0446741123517	4133.438602126053	5897.961510952862	0.5587829661493255	3407.967501362691
2027.2470745124183	4132.056468274695	5894.979853756675	0.5586602439914942	3405.920979116445
2028.4494749124856	4130.674334423337	5891.999217417469	0.5585384628040879	3403.8744568701977
2029.6518753125522	4129.292200571979	5889.019601411054	0.558417023573791	3401.8279346239515
2030.8542757126188	4127.910066720621	5886.0410052136	0.558295584343494	3399.781412377705
2032.0566761126854	4126.527932869263	5883.063428301635	0.5581741451131971	3397.7348901314576
2033.259076512752	4125.145799017905	5880.086870152039	0.5580527058829001	3395.6883678852114
2034.4614769128186	4123.763665166547	5877.111330242062	0.5579312666526032	3393.6418456389647
2035.6638773128852	4122.381531315189	5874.136808049299	0.5578107045894816	3391.5953233927185
2036.8662777129518	4120.999397463831	5871.163303051711	0.5576905375571606	3389.5488011464713
2038.0686781130184	4119.617263612473	5868.190814727611	0.5575703705248396	3387.5022789002246
2039.2710785130853	4118.235129761115	5865.219342555673	0.5574502034925187	3385.4557566539784
2040.4734789131523	4116.852995909757	5862.248886014924	0.5573300364601977	3383.409234407731
2041.675879313219	4115.470862058399	5859.279444584748	0.5572098694278768	3381.362712161485
2042.8782797132856	4114.088728207041	5856.3110177448825	0.5570905167627658	3379.3161899152383
2044.0806801133522	4112.706594355683	5853.343604975426	0.5569716112915165	3377.269667668991
2045.2830805134188	4111.3244605043255	5850.37720575683	0.5568527058202674	3375.223145422745
2046.4854809134854	4109.9423266529675	5847.411819569897	0.5567338003490182	3373.176623176498
2047.687881313552	4108.560192801609	5844.447445895787	0.556614894877769	3371.1301009302515
2048.8902817136186	4107.178058950252	5841.484084216016	0.5564959894065199	3369.0835786840053
2050.0926821136854	4105.795925098893	5838.521734012449	0.5563778364933291	3367.037056437758
2051.2950825137523	4104.413791247535	5835.560394767311	0.5562601820384867	3364.9905341915114
2052.4974829138187	4103.031657396178	5832.600065963176	0.5561425275836445	3362.944011945265
2053.6998833138855	4101.649523544819	5829.64074708297	0.5560248731288021	3360.8974896990185
2054.9022837139523	4100.267389693461	5826.682437609978	0.5559072186739598	3358.850967452772
2056.1046841140187	4098.885255842104	5823.725137027831	0.5557895642191174	3356.8044452065255
2057.3070845140855	4097.503121990746	5820.768844820514	0.5556726014915894	3354.757922960279
2058.5094849141524	4096.120988139387	5817.813560472362	0.5555561876002977	3352.7114007140317
2059.7118853142188	4094.73885428803	5814.859283468069	0.5554397737090061	3350.664878467786
2060.9142857142856	4093.3567204366723	5811.9060132926725	0.5553233598177144	3348.6183562215388
2062.1166861143524	4091.9745865853133	5808.953749431562	0.5552069459264228	3346.571833975292
2063.319086514419	4090.592452733956	5806.002491370483	0.5550905320351311	3344.525311729046
2064.5214869144856	4089.210318882598	5803.052238595524	0.5549747500064777	3342.4787894827987
2065.7238873145525	4087.828185031239	5800.1029905931255	0.5548595663172411	3340.432267236552
2066.926287714619	4086.446051179882	5797.154746850086	0.5547443826280047	3338.3857449903057
2068.1286881146857	4085.063917328524	5794.2075068535405	0.5546291989387682	3336.339222744059
2069.3310885147525	4083.6817834771655	5791.26127009098	0.5545140152495317	3334.292700497812
2070.533488914819	4082.2996496258083	5788.316036050248	0.5543988315602952	3332.2461782515657
2071.7358893148858	4080.9175157744503	5785.371804219529	0.5542842208228212	3330.199656005319
2072.938289714952	4079.5353819230922	5782.428574087358	0.5541702570650429	3328.1531337590727
2074.140690115019	4078.153248071734	5779.486345142623	0.5540562933072645	3326.106611512826
2075.343090515086	4076.771114220376	5776.545116874549	0.5539423295494861	3324.060089266579
2076.545490915152	4075.388980369018	5773.604888772723	0.5538283657917078	3322.0135670203326
2077.747891315219	4074.00684651766	5770.665660327066	0.5537144020339294	3319.967044774086
2078.950291715286	4072.624712666302	5767.727431027852	0.5536009532586461	3317.920522527839
2080.1526921153522	4071.2425788149444	5764.790200365701	0.5534881992521503	3315.8740002815925
2081.355092515419	4069.8604449635864	5761.853967831578	0.5533754452456545	3313.827478035346
2082.557492915486	4068.4783111122283	5758.918732916794	0.5532626912391587	3311.780955789099
2083.7598933155523	4067.0961772608703	5755.984495113008	0.5531499372326629	3309.734433542853
2084.962293715619	4065.714043409512	5753.05125391222	0.553037183226167	3307.6879112966058
2086.164694115686	4064.331909558154	5750.119008806781	0.5529248871623935	3305.641389050359
2087.3670945157523	4062.949775706796	5747.187759289379	0.552813332816936	3303.594866804113
2088.569494915819	4061.567641855438	5744.257504853052	0.5527017784714784	3301.548344557866
2089.771895315886	4060.1855080040805	5741.328244991182	0.5525902241260208	3299.501822311619
2090.9742957159524	4058.8033741527224	5738.399979197493	0.5524786697805633	3297.4553000653727
2092.1766961160192	4057.4212403013644	5735.472706966053	0.5523671154351056	3295.408777819126
2093.379096516086	4056.0391064500063	5732.546427791272	0.5522559629100601	3293.362255572879
2094.5814969161524	4054.6569725986483	5729.621141167909	0.5521455982248236	3291.315733326633
2095.7838973162193	4053.2748387472902	5726.696846591055	0.5520352335395871	3289.269211080386
2096.986297716286	4051.892704895932	5723.773543556153	0.5519248688543504	3287.222688834139
2098.1886981163525	4050.510571044574	5720.851231558983	0.551814504169114	3285.176166587893
2099.3910985164193	4049.1284371932165	5717.9299100956705	0.5517041394838774	3283.129644341646
2100.5934989164857	4047.7463033418585	5715.00957866268	0.5515941214022592	3281.0831220954
2101.7958993165525	4046.3641694905004	5712.090236756814	0.5514849364653406	3279.036599849153
2102.9982997166194	4044.9820356391424	5709.171883875225	0.551375751528422	3276.990077602906
2104.2007001166858	4043.5999017877843	5706.254519515397	0.5512665665915035	3274.94355535666
2105.4031005167526	4042.2177679364263	5703.338143175161	0.551157381654585	3272.897033110413
2106.6055009168194	4040.8356340850682	5700.422754352681	0.5510481967176665	3270.850510864166
2107.807901316886	4039.45350023371	5697.50835254647	0.5509393040612294	3268.80398861792
2109.0103017169527	4038.0713663823526	5694.594937255372	0.5508312890491117	3266.7574663716728
2110.2127021170195	4036.6892325309946	5691.682507978575	0.5507232740369942	3264.710944125426
2111.415102517086	4035.3070986796365	5688.771064215604	0.5506152590248767	3262.66442187918
2112.6175029171527	4033.9249648282785	5685.860605466325	0.5505072440127592	3260.6178996329336
2113.8199033172195	4032.5428309769204	5682.951131230939	0.5503992290006416	3258.5713773866864
2115.022303717286	4031.1606971255624	5680.042641009987	0.5502914528277575	3256.52485514044
2116.2247041173528	4029.7785632742043	5677.135134304348	0.5501845980047751	3254.4783328941935
2117.4271045174196	4028.3964294228463	5674.228610615238	0.5500777431817928	3252.4318106479463
2118.629504917486	4027.0142955714887	5671.323069444211	0.5499708883588106	3250.3852884017006
2119.831905317553	4025.6321617201306	5668.418510293153	0.5498640335358282	3248.3387661554534
2121.0343057176196	4024.2500278687726	5665.514932664298	0.549757178712846	3246.2922439092067
2122.236706117686	4022.8678940174145	5662.612336060203	0.549650510158062	3244.2457216629605
2123.439106517753	4021.4857601660565	5659.710719983771	0.5495448058758532	3242.1991994167133
2124.6415069178197	4020.1036263146984	5656.810083938234	0.5494391015936443	3240.1526771704666
2125.843907317886	4018.7214924633404	5653.910427427166	0.5493333973114354	3238.1061549242204
2127.046307717953	4017.3393586119823	5651.01174995447	0.5492276930292265	3236.0596326779737
2128.2487081180197	4015.9572247606247	5648.114051024388	0.5491219887470176	3234.0131104317265
2129.451108518086	4014.5750909092667	5645.217330141495	0.5490164190206042	3231.9665881854803
2130.653508918153	4013.1929570579086	5642.321586810702	0.5489118557175562	3229.9200659392336
2131.8559093182193	4011.8108232065515	5639.426820537253	0.5488072924145083	3227.8735436929874
2133.058309718286	4010.4286893551935	5636.533030826722	0.5487027291114603	3225.8270214467407
2134.260710118353	4009.0465555038345	5633.640217185022	0.5485981658084125	3223.7804992004935
2135.4631105184194	4007.6644216524774	5630.748379118402	0.5484936025053645	3221.7339769542473
2136.6655109184862	4006.2822878011193	5627.857516133435	0.5483891228928576	3219.6874547080006
2137.867911318553	4004.900153949761	5624.967627737029	0.5482856910935433	3217.6409324617534
2139.0703117186195	4003.5180200984037	5622.078713436434	0.5481822592942293	3215.5944102155077
2140.2727121186863	4002.1358862470456	5619.190772739217	0.5480788274949151	3213.5478879692605
2141.475112518753	4000.7537523956867	5616.3038051532885	0.5479753956956008	3211.501365723014
2142.6775129188195	3999.3716185443295	5613.417810186888	0.5478719638962868	3209.4548434767676
2143.8799133188863	3997.989484692971	5610.53278734858	0.5477685657580227	3207.4083212305204
2145.082313718953	3996.607350841613	5607.648736147269	0.5476662560726293	3205.3617989842737
2146.2847141190196	3995.2252169902554	5604.765656092187	0.547563946387236	3203.3152767380275
2147.4871145190864	3993.8430831388973	5601.883546692891	0.5474616367018428	3201.268754491781
2148.689514919153	3992.4609492875393	5599.0024074592775	0.5473593270164495	3199.2222322455336
2149.8919153192196	3991.0788154361817	5596.122237901566	0.5472570173310563	3197.1757099992874
2151.0943157192864	3989.696681584823	5593.243037530307	0.547154707645663	3195.1291877530407
2152.2967161193533	3988.314547733465	5590.364805856382	0.5470534952254508	3193.0826655067935
2153.4991165194197	3986.9324138821075	5587.487542391003	0.5469522983492001	3191.0361432605478
2154.7015169194865	3985.550280030749	5584.611246645705	0.5468511014729496	3188.9896210143006
2155.9039173195533	3984.168146179391	5581.735918132357	0.5467499045966989	3186.9430987680535
2157.1063177196197	3982.786012328034	5578.861556363156	0.5466487077204483	3184.8965765218077
2158.3087181196865	3981.4038784766753	5575.98816085062	0.5465475108441976	3182.8500542755605
2159.511118519753	3980.0217446253178	5573.115731107606	0.5464473536210865	3180.8035320293147
2160.7135189198198	3978.6396107739597	5570.244266647289	0.5463472603336514	3178.7570097830676
2161.9159193198866	3977.257476922601	5567.373766983173	0.5462471670462162	3176.7104875368204
2163.118319719953	3975.8753430712436	5564.504231629095	0.5461470737587811	3174.6639652905747
2164.32072012002	3974.4932092198856	5561.635660099209	0.546046980471346	3172.6174430443275
2165.5231205200866	3973.1110753685275	5558.768051908005	0.5459468871839108	3170.570920798081
2166.725520920153	3971.72894151717	5555.90140657029	0.54584777682365	3168.5243985518346
2167.92792132022	3970.346807665812	5553.035723601206	0.5457487779885609	3166.4778763055874
2169.1303217202867	3968.964673814454	5550.17100251621	0.5456497791534718	3164.431354059341
2170.332722120353	3967.5825399630958	5547.307242831095	0.5455507803183828	3162.384831813095
2171.53512252042	3966.2004061117377	5544.444444061969	0.5454517814832937	3160.3383095668482
2172.7375229204868	3964.8182722603797	5541.582605725273	0.5453527826482045	3158.291787320601
2173.939923320553	3963.4361384090216	5538.721727337767	0.5452547108888319	3156.245265074355
2175.14232372062	3962.0540045576636	5535.861808416538	0.5451567974528818	3154.198742828108
2176.344724120687	3960.671870706306	5533.0028484789955	0.5450588840169318	3152.1522205818615
2177.547124520753	3959.289736854948	5530.144847042873	0.5449609705809818	3150.105698335615
2178.74952492082	3957.90760300359	5527.287803626226	0.5448630571450318	3148.059176089368
2179.951925320887	3956.525469152232	5524.431717747437	0.5447651437090818	3146.0126538431214
2181.1543257209532	3955.143335300874	5521.576588925205	0.5446681023604261	3143.966131596875
2182.35672612102	3953.7612014495157	5518.722416678558	0.5445712653530665	3141.919609350628
2183.559126521087	3952.3790675981577	5515.869200526841	0.5444744283457071	3139.8730871043813
2184.7615269211533	3950.9969337467996	5513.016939989727	0.5443775913383477	3137.826564858135
2185.96392732122	3949.614799895442	5510.165634587203	0.5442807543309883	3135.7800426118883
2187.166327721287	3948.232666044084	5507.315283839583	0.5441839173236289	3133.733520365641
2188.3687281213533	3946.850532192726	5504.465887267499	0.5440878982668116	3131.686998119395
2189.57112852142	3945.468398341368	5501.617444391909	0.5439921287995481	3129.6404758731483
2190.7735289214866	3944.0862644900103	5498.769954734086	0.5438963593322845	3127.593953626902
2191.9759293215534	3942.7041306386523	5495.923417815624	0.543800589865021	3125.547431380655
2193.1783297216202	3941.3219967872938	5493.077833158439	0.5437048203977574	3123.500909134408
2194.3807301216866	3939.939862935936	5490.233200284769	0.5436090509304939	3121.454386888162
2195.5831305217534	3938.5577290845786	5487.3895187171665	0.543514046117425	3119.4078646419152
2196.7855309218203	3937.17559523322	5484.546787978505	0.5434193353832041	3117.361342395668
2197.9879313218867	3935.7934613818625	5481.70500759198	0.5433246246489831	3115.314820149422
2199.1903317219535	3934.4113275305044	5478.864177081102	0.543229913914762	3113.268297903175
2200.3927321220203	3933.029193679146	5476.0242959697	0.5431352031805411	3111.2217756569285
2201.5951325220867	3931.6470598277883	5473.185363781927	0.5430404924463201	3109.175253410682
2202.7975329221536	3930.2649259764303	5470.3473800422435	0.542946493899193	3107.128731164435
2203.9999333222204	3928.882792125072	5467.510344275438	0.5428528331717888	3105.0822089181884
2205.2023337222868	3927.5006582737146	5464.674256006613	0.5427591724443845	3103.035686671942
2206.4047341223536	3926.1185244223566	5461.839114761183	0.5426655117169803	3100.9891644256954
2207.6071345224204	3924.736390570998	5459.004920064886	0.5425718509895759	3098.9426421794483
2208.809534922487	3923.3542567196405	5456.171671443776	0.5424781902621718	3096.896119933202
2210.0119353225537	3921.9721228682824	5453.339368424221	0.5423851900729542	3094.8495976869553
2211.2143357226205	3920.589989016924	5450.508010532902	0.5422925707063504	3092.803075440708
2212.416736122687	3919.2078551655663	5447.677597296825	0.5421999513397466	3090.7565531944624
2213.6191365227537	3917.8257213142083	5444.848128243303	0.5421073319731429	3088.7100309482153
2214.8215369228205	3916.4435874628502	5442.019602899967	0.5420147126065391	3086.663508701968
2216.023937322887	3915.0614536114927	5439.192020794767	0.5419220932399355	3084.6169864557223
2217.2263377229538	3913.6793197601346	5436.365381455961	0.5418300835698585	3082.570464209475
2218.42873812302	3912.297185908777	5433.539684412127	0.5417384969976278	3080.5239419632294
2219.631138523087	3910.9150520574185	5430.714929192152	0.541646910425397	3078.4774197169822
2220.833538923154	3909.5329182060605	5427.891115325243	0.5415553238531663	3076.430897470735
2222.03593932322	3908.150784354703	5425.068242340918	0.5414637372809356	3074.3843752244893
2223.238339723287	3906.7686505033444	5422.246309769007	0.5413721507087047	3072.337852978242
2224.440740123354	3905.3865166519868	5419.425317139654	0.5412811237877502	3070.2913307319955
2225.6431405234202	3904.004382800629	5416.605263983319	0.5411905615224298	3068.244808485749
2226.845540923487	3902.6222489492707	5413.786149830769	0.5410999992571095	3066.1982862395025
2228.047941323554	3901.2401150979126	5410.967974213088	0.5410094369917892	3064.151763993256
2229.2503417236203	3899.857981246555	5408.150736661673	0.5409188747264688	3062.1052417470096
2230.452742123687	3898.475847395197	5405.334436708225	0.5408283124611484	3060.058719500763
2231.655142523754	3897.0937135438385	5402.519073884769	0.5407382605875338	3058.0121972545157
2232.8575429238203	3895.711579692481	5399.70464772363	0.5406487142200019	3055.9656750082695
2234.059943323887	3894.329445841123	5396.891157757451	0.5405591678524702	3053.919152762023
2235.262343723954	3892.947311989765	5394.078603519181	0.5404696214849383	3051.872630515776
2236.4647441240204	3891.565178138407	5391.266984542089	0.5403800751174065	3049.82610826953
2237.6671445240872	3890.183044287049	5388.4563003597405	0.5402905287498746	3047.7795860232827
2238.869544924154	3888.8009104356906	5385.64655050602	0.5402014442895372	3045.7330637770356
2240.0719453242205	3887.418776584333	5382.837734515123	0.5401129054883846	3043.68654153079
2241.2743457242873	3886.036642732975	5380.0298519215485	0.5400243666872321	3041.640019284543
2242.476746124354	3884.6545088816165	5377.222902260109	0.5399358278860794	3039.593497038296
2243.6791465244205	3883.2723750302594	5374.416885065928	0.5398472890849269	3037.5469747920497
2244.8815469244873	3881.8902411789013	5371.611799874431	0.5397587502837743	3035.5004525458025
2246.0839473245537	3880.5081073275433	5368.807646221358	0.5396706256698532	3033.4539302995568
2247.2863477246206	3879.125973476185	5366.004423642754	0.5395830861807545	3031.4074080533096
2248.4887481246874	3877.743839624827	5363.202131674974	0.5394955466916557	3029.360885807063
2249.6911485247538	3876.361705773469	5360.400769854682	0.5394080072025569	3027.3143635608167
2250.8935489248206	3874.979571922111	5357.6003377188445	0.5393204677134581	3025.2678413145695
2252.0959493248874	3873.597438070753	5354.800834804739	0.5392329282243593	3023.221319068323
2253.298349724954	3872.215304219395	5352.002260649952	0.5391457559566772	3021.1747968220766
2254.5007501250207	3870.8331703680374	5349.204614792373	0.5390592076017616	3019.12827457583
2255.7031505250875	3869.4510365166793	5346.407896770197	0.5389726592468459	3017.0817523295827
2256.905550925154	3868.0689026653213	5343.61210612193	0.5388861108919303	3015.0352300833365
2258.1079513252207	3866.6867688139632	5340.817242386382	0.5387995625370147	3012.98870783709
2259.3103517252875	3865.304634962605	5338.023305102666	0.5387130141820989	3010.942185590843
2260.512752125354	3863.9225011112476	5335.230293810206	0.538626786826643	3008.895663344597
2261.7151525254208	3862.540367259889	5332.438208048723	0.5385412215038632	3006.8491410983497
2262.9175529254876	3861.1582334085315	5329.647047358253	0.5384556561810834	3004.802618852103
2264.119953325554	3859.776099557174	5326.856811279129	0.5383700908583036	3002.756096605857
2265.322353725621	3858.3939657058154	5324.067499351993	0.5382845255355238	3000.70957435961
2266.5247541256877	3857.0118318544573	5321.279111117787	0.5381989602127439	2998.663052113363
2267.727154525754	3855.6296980030997	5318.491646117763	0.5381136704011453	2996.6165298671167
2268.929554925821	3854.2475641517412	5315.70510389347	0.5380290800836471	2994.57000762087
2270.1319553258877	3852.865430300383	5312.919483986764	0.5379444897661491	2992.523485374623
2271.334355725954	3851.4832964490256	5310.134785939807	0.5378598994486509	2990.476963128377
2272.536756126021	3850.101162597667	5307.351009295057	0.5377753091311527	2988.43044088213
2273.7391565260878	3848.7190287463095	5304.568153595282	0.5376907188136545	2986.3839186358828
2274.941556926154	3847.336894894952	5301.786218383549	0.537606359242669	2984.337396389637
2276.143957326221	3845.9547610435934	5299.005203203223	0.5375227359781591	2982.29087414339
2277.3463577262874	3844.572627192236	5296.225107597979	0.5374391127136493	2980.244351897144
2278.548758126354	3843.1904933408778	5293.445931111791	0.5373554894491395	2978.197829650897
2279.751158526421	3841.8083594895193	5290.667673288928	0.5372718661846296	2976.1513074046497
2280.9535589264874	3840.4262256381617	5287.890333673974	0.5371882429201199	2974.1047851584035
2282.1559593265542	3839.0440917868036	5285.113911811799	0.5371048063511067	2972.058262912157
2283.358359726621	3837.6619579354456	5282.338407247584	0.5370221422612221	2970.01174066591
2284.5607601266875	3836.279824084088	5279.563819526805	0.5369394781713376	2967.965218419664
2285.7631605267543	3834.89769023273	5276.790148195243	0.5368568140814529	2965.918696173417
2286.965560926821	3833.5155563813714	5274.017392798973	0.5367741499915684	2963.8721739271705
2288.1679613268875	3832.133422530014	5271.245552884374	0.5366914859016838	2961.8256516809242
2289.3703617269543	3830.751288678656	5268.474627998124	0.5366089651600863	2959.7791294346775
2290.572762127021	3829.3691548272973	5265.7046176872	0.5365272524397625	2957.7326071884304
2291.7751625270876	3827.98702097594	5262.935521498878	0.5364455397194389	2955.686084942184
2292.9775629271544	3826.604887124582	5260.16733898073	0.5363638269991151	2953.6395626959375
2294.1799633272212	3825.2227532732236	5257.400069680631	0.5362821142787914	2951.5930404496903
2295.3823637272876	3823.8406194218664	5254.6337131467535	0.5362004015584677	2949.5465182034445
2296.5847641273544	3822.458485570508	5251.868268927564	0.5361187895332925	2947.4999959571974
2297.7871645274213	3821.07635171915	5249.103736571829	0.5360380204501337	2945.4534737109507
2298.9895649274877	3819.6942178677923	5246.340115628617	0.5359572513669749	2943.4069514647044
2300.1919653275545	3818.312084016434	5243.5774056472865	0.5358764822838161	2941.3604292184577
2301.3943657276213	3816.9299501650758	5240.815606177497	0.5357957132006573	2939.3139069722106
2302.5967661276877	3815.5478163137186	5238.054716769206	0.5357149441174985	2937.2673847259643
2303.7991665277546	3814.16568246236	5235.294736972663	0.5356342337607963	2935.220862479717
2305.001566927821	3812.7835486110025	5232.535666338418	0.5355544006544453	2933.1743402334714
2306.2039673278878	3811.4014147596445	5229.777504417316	0.5354745675480942	2931.1278179872243
2307.4063677279546	3810.019280908286	5227.020250760495	0.5353947344417431	2929.0812957409776
2308.608768128021	3808.6371470569284	5224.263904919394	0.5353149013353921	2927.0347734947313
2309.811168528088	3807.2550132055703	5221.508466445744	0.535235068229041	2924.988251248484
2311.0135689281547	3805.872879354212	5218.753934891566	0.5351552525553877	2922.9417290022375
2312.215969328221	3804.4907455028547	5216.000309809189	0.5350763478368967	2920.8952067559917
2313.418369728288	3803.1086116514966	5213.247590751224	0.5349974431184057	2918.8486845097445
2314.6207701283547	3801.7264778001386	5210.495777270584	0.5349185383999147	2916.8021622634974
2315.823170528421	3800.3443439487805	5207.74486892047	0.5348396336814236	2914.755640017251
2317.025570928488	3798.9622100974225	5204.994865254382	0.5347607289629326	2912.7091177710045
2318.2279713285548	3797.5800762460644	5202.245765826111	0.5346818242444416	2910.6625955247578
2319.430371728621	3796.1979423947064	5199.497570189745	0.534603817200114	2908.6160732785115
2320.632772128688	3794.8158085433483	5196.750277899657	0.5345258333513173	2906.5695510322644
2321.835172528755	3793.4336746919907	5194.003888510522	0.5344478495025207	2904.5230287860177
2323.037572928821	3792.0515408406327	5191.2584015773045	0.534369865653724	2902.4765065397714
2324.239973328888	3790.6694069892746	5188.513816655259	0.5342918818049274	2900.4299842935247
2325.442373728955	3789.2872731379166	5185.770133299932	0.5342138979561307	2898.3834620472776
2326.6447741290212	3787.9051392865586	5183.02735106717	0.5341367643614973	2896.3369398010313
2327.847174529088	3786.5230054352005	5180.285469513099	0.5340596939343861	2894.290417554784
2329.049574929155	3785.1408715838425	5177.544488194146	0.533982623507275	2892.2438953085375
2330.2519753292213	3783.7587377324844	5174.804406667025	0.533905553080164	2890.1973730622917
2331.454375729288	3782.376603881127	5172.065224488742	0.5338284826530528	2888.1508508160446
2332.6567761293545	3780.994470029769	5169.326941216595	0.5337514122259418	2886.1043285697983
2333.8591765294213	3779.6123361784107	5166.589556408167	0.5336751453495789	2884.0578063235516
2335.061576929488	3778.2302023270527	5163.853069621338	0.5335989809656753	2882.0112840773045
2336.2639773295546	3776.848068475695	5161.117480414277	0.5335228165817717	2879.9647618310587
2337.4663777296214	3775.4659346243366	5158.38278834544	0.533446652197868	2877.9182395848115
2338.6687781296882	3774.0838007729785	5155.64899297357	0.5333704878139645	2875.8717173385644
2339.8711785297546	3772.701666921621	5152.91609385771	0.5332943234300608	2873.825195092318
2341.0735789298215	3771.319533070263	5150.18409055718	0.5332189166003805	2871.778672846072
2342.2759793298883	3769.937399218905	5147.452982631595	0.5331436509501148	2869.732150599825
2343.4783797299547	3768.5552653675472	5144.72276964086	0.5330683852998493	2867.685628353579
2344.6807801300215	3767.1731315161887	5141.993451145163	0.5329931196495838	2865.639106107332
2345.8831805300883	3765.7909976648307	5139.265026704985	0.5329178539993182	2863.592583861085
2347.0855809301547	3764.408863813473	5136.5374958810935	0.5328425883490527	2861.546061614839
2348.2879813302216	3763.0267299621146	5133.81085823454	0.5327680349537902	2859.499539368592
2349.4903817302884	3761.6445961107565	5131.0851133266715	0.5326936607958809	2857.453017122345
2350.6927821303548	3760.2624622593994	5128.360260719114	0.5326192866379716	2855.406494876099
2351.8951825304216	3758.8803284080414	5125.636299973785	0.5325449124800623	2853.359972629852
2353.0975829304884	3757.498194556683	5122.913230652885	0.532470538322153	2851.313450383605
2354.299983330555	3756.1160607053253	5120.191052318909	0.5323961641642437	2849.266928137359
2355.5023837306217	3754.733926853967	5117.469764534629	0.5323224576499483	2847.220405891112
2356.7047841306885	3753.3517930026087	5114.749366863105	0.5322489678107829	2845.1738836448653
2357.907184530755	3751.969659151251	5112.02985886769	0.5321754779716176	2843.127361398619
2359.1095849308217	3750.587525299893	5109.3112401120125	0.5321019881324521	2841.0808391523724
2360.3119853308885	3749.205391448535	5106.5935101599935	0.5320284982932868	2839.0343169061252
2361.514385730955	3747.8232575971774	5103.876668575836	0.5319550084541214	2836.987794659879
2362.7167861310218	3746.4411237458194	5101.160714924029	0.5318821423256472	2834.941272413632
2363.919186531088	3745.058989894462	5098.445648769345	0.531809529698665	2832.894750167386
2365.121586931155	3743.6768560431033	5095.73146967684	0.5317369170716829	2830.848227921139
2366.323987331222	3742.294722191745	5093.018177211858	0.5316643044447007	2828.801705674892
2367.526387731288	3740.9125883403876	5090.305770940024	0.5315916918177185	2826.755183428646
2368.728788131355	3739.530454489029	5087.594250427246	0.5315190791907364	2824.7086611823993
2369.931188531422	3738.1483206376715	5084.883615239717	0.5314470470107358	2822.662138936152
2371.1335889314882	3736.766186786314	5082.173864943917	0.5313753045558142	2820.615616689906
2372.335989331555	3735.3840529349554	5079.464999106599	0.5313035621008926	2818.569094443659
2373.538389731622	3734.0019190835974	5076.757017294808	0.5312318196459711	2816.522572197412
2374.7407901316883	3732.61978523224	5074.049919075868	0.5311600771910495	2814.476049951166
2375.943190531755	3731.2376513808813	5071.343704017385	0.531088334736128	2812.429527704919
2377.145590931822	3729.8555175295232	5068.638371687248	0.5310171301245478	2810.3830054586724
2378.3479913318884	3728.4733836781656	5065.933921653628	0.5309462508673916	2808.336483212426
2379.550391731955	3727.0912498268076	5063.230353484975	0.5308753716102353	2806.289960966179
2380.752792132022	3725.7091159754495	5060.527666750027	0.5308044923530791	2804.2434387199323
2381.9551925320884	3724.326982124092	5057.8258610177945	0.530733613095923	2802.196916473686
2383.1575929321552	3722.9448482727335	5055.124935857574	0.5306627338387668	2800.1503942274394
2384.359993332222	3721.5627144213754	5052.424890838943	0.5305923504723452	2798.1038719811922
2385.5623937322885	3720.180580570018	5049.725725531758	0.5305223275038762	2796.057349734946
2386.7647941323553	3718.7984467186593	5047.027439506155	0.530452304535407	2794.010827488699
2387.967194532422	3717.4163128673013	5044.330032332551	0.530382281566938	2791.964305242452
2389.1695949324885	3716.034179015944	5041.633503581646	0.530312258598469	2789.9177829962064
2390.3719953325553	3714.652045164586	5038.937852824413	0.5302422356299998	2787.871260749959
2391.5743957326217	3713.269911313228	5036.2430796321105	0.5301726672417667	2785.824738503713
2392.7767961326886	3711.88777746187	5033.549183576271	0.530103493717519	2783.7782162574663
2393.9791965327554	3710.505643610512	5030.856164228708	0.5300343201932712	2781.7316940112196
2395.181596932822	3709.123509759154	5028.164021161517	0.5299651466690235	2779.6851717649733
2396.3839973328886	3707.741375907796	5025.472753947065	0.5298959731447758	2777.638649518726
2397.5863977329554	3706.359242056438	5022.782362158005	0.529826799620528	2775.5921272724795
2398.788798133022	3704.97710820508	5020.0928453672595	0.5297580399993059	2773.5456050262333
2399.9911985330887	3703.594974353722	5017.404203148038	0.5296897091388213	2771.4990827799866
2401.1935989331555	3702.212840502364	5014.716435073819	0.5296213782783366	2769.45256053374
2402.395999333222	3700.830706651006	5012.029540718365	0.5295530474178519	2767.4060382874936
2403.5983997332887	3699.448572799648	5009.343519655711	0.5294847165573672	2765.3595160412465
2404.8008001333556	3698.06643894829	5006.658371460171	0.5294163856968825	2763.312993795
2406.003200533422	3696.684305096932	5003.974095706335	0.5293484286867917	2761.266471548754
2407.2056009334888	3695.302171245574	5001.290691969069	0.5292809337730211	2759.219949302507
2408.4080013335556	3693.9200373942163	4998.608159823517	0.5292134388592504	2757.1734270562597
2409.610401733622	3692.537903542858	4995.926498845097	0.5291459439454799	2755.1269048100135
2410.812802133689	3691.1557696915	4993.245708609503	0.5290784490317093	2753.0803825637668
2412.0152025337557	3689.773635840142	4990.565788692704	0.5290109541179387	2751.0338603175196
2413.217602933822	3688.391501988784	4987.886738670948	0.5289437936179039	2748.987338071274
2414.420003333889	3687.009368137426	4985.208558120753	0.5288771279966092	2746.9408158250267
2415.6224037339557	3685.627234286068	4982.531246618915	0.5288104623753147	2744.8942935787795
2416.824804134022	3684.24510043471	4979.8548037425035	0.5287437967540202	2742.8477713325337
2418.027204534089	3682.8629665833523	4977.179229068862	0.5286771311327256	2740.801249086287
2419.2296049341553	3681.4808327319947	4974.504522175611	0.5286104655114311	2738.754726840041
2420.432005334222	3680.098698880636	4971.830682640638	0.5285440954746898	2736.7082045937937
2421.634405734289	3678.716565029278	4969.157710042112	0.5284782525538507	2734.6616823475465
2422.8368061343554	3677.3344311779206	4966.485603958474	0.5284124096330116	2732.6151601013007
2424.039206534422	3675.952297326562	4963.814363968433	0.5283465667121725	2730.5686378550536
2425.241606934489	3674.570163475204	4961.143989650976	0.5282807237913333	2728.522115608807
2426.4440073345554	3673.1880296238464	4958.474480585364	0.5282148808704942	2726.4755933625606
2427.6464077346222	3671.805895772489	4955.805836351125	0.5281492953041094	2724.4290711163135
2428.848808134689	3670.4237619211303	4953.138056528062	0.5280842685533325	2722.382548870067
2430.0512085347555	3669.0416280697727	4950.471140696255	0.5280192418025557	2720.336026623821
2431.2536089348223	3667.6594942184147	4947.805088436048	0.5279542150517788	2718.289504377574
2432.456009334889	3666.277360367056	4945.139899328061	0.5278891883010018	2716.2429821313267
2433.6584097349555	3664.8952265156986	4942.475572953186	0.5278241615502249	2714.1964598850805
2434.8608101350223	3663.5130926643405	4939.812108892584	0.5277593545145989	2712.1499376388338
2436.063210535089	3662.130958812982	4937.149506727687	0.5276951374645316	2710.103415392587
2437.2656109351556	3660.748824961625	4934.4877660402035	0.5276309204144642	2708.056893146341
2438.4680113352224	3659.366691110267	4931.826886412105	0.5275667033643968	2706.0103709000937
2439.6704117352892	3657.9845572589084	4929.166867425636	0.5275024863143295	2703.963848653847
2440.8728121353556	3656.6024234075508	4926.507708663315	0.5274382692642622	2701.9173264076007
2442.0752125354225	3655.2202895561927	4923.849409707924	0.5273742348726537	2699.870804161354
2443.2776129354893	3653.838155704834	4921.191970142519	0.5273108211143994	2697.824281915107
2444.4800133355557	3652.456021853477	4918.535389550428	0.5272474073561452	2695.7777596688607
2445.6824137356225	3651.0738880021186	4915.87966751524	0.5271839935978909	2693.7312374226135
2446.8848141356893	3649.6917541507605	4913.224803620819	0.5271205798396367	2691.684715176367
2448.0872145357557	3648.3096202994034	4910.570797451302	0.5270571660813824	2689.638192930121
2449.2896149358226	3646.927486448045	4907.917648591082	0.5269938984994262	2687.591670683874
2450.492015335889	3645.5453525966873	4905.265356624835	0.5269312816839659	2685.5451484376276
2451.6944157359558	3644.1632187453292	4902.613921137493	0.5268686648685055	2683.498626191381
2452.8968161360226	3642.7810848939707	4899.963341714264	0.5268060480530451	2681.4521039451342
2454.099216536089	3641.398951042613	4897.313617940621	0.5267434312375847	2679.405581698888
2455.301616936156	3640.016817191255	4894.664749402305	0.5266808144221243	2677.3590594526413
2456.5040173362227	3638.634683339897	4892.016735685322	0.5266183078673543	2675.312537206394
2457.706417736289	3637.2525494885394	4889.36957637595	0.5265564817049686	2673.266014960148
2458.908818136356	3635.8704156371814	4886.7232710607295	0.5264946555425829	2671.219492713901
2460.1112185364227	3634.488281785823	4884.07781932647	0.5264328293801972	2669.1729704676545
2461.313618936489	3633.1061479344653	4881.4332207602465	0.5263710032178116	2667.1264482214083
2462.516019336556	3631.7240140831072	4878.789474949402	0.5263091770554259	2665.079925975161
2463.7184197366228	3630.3418802317487	4876.146581481542	0.5262474257967997	2663.0334037289144
2464.920820136689	3628.959746380391	4873.5045399445435	0.5261863840564982	2660.9868814826687
2466.123220536756	3627.577612529033	4870.8633499265425	0.5261253423161967	2658.9403592364215
2467.325620936823	3626.195478677675	4868.223011015945	0.5260643005758951	2656.8938369901743
2468.528021336889	3624.8133448263175	4865.583522801424	0.5260032588355936	2654.847314743928
2469.730421736956	3623.4312109749594	4862.9448848719085	0.5259422170952921	2652.8007924976814
2470.932822137023	3622.0490771236014	4860.307096816603	0.5258812154527206	2650.7542702514347
2472.1352225370892	3620.6669432722433	4857.670158224971	0.525820951961672	2648.7077480051885
2473.337622937156	3619.2848094208853	4855.034068686739	0.5257606884706233	2646.6612257589413
2474.540023337223	3617.902675569527	4852.3988277919025	0.5257004249795747	2644.614703512694
2475.7424237372893	3616.520541718169	4849.764435130718	0.525640161488526	2642.5681812664484
2476.944824137356	3615.1384078668116	4847.130890293706	0.5255798979974774	2640.5216590202017
2478.1472245374225	3613.7562740154535	4844.49819287165	0.5255196403413552	2638.4751367739555
2479.3496249374894	3612.3741401640955	4841.866342455597	0.5254601489843217	2636.4286145277083
2480.552025337556	3610.9920063127374	4839.235338636859	0.5254006576272882	2634.382092281461
2481.7544257376226	3609.60987246138	4836.605181007009	0.5253411662702546	2632.3355700352154
2482.9568261376894	3608.2277386100213	4833.975869157883	0.5252816749132211	2630.289047788968
2484.1592265377562	3606.8456047586633	4831.3474026815775	0.5252221835561875	2628.2425255427215
2485.3616269378226	3605.4634709073057	4828.719781170456	0.5251626921991541	2626.1960032964753
2486.5640273378895	3604.0813370559476	4826.093004217141	0.525103939025705	2624.149481050228
2487.7664277379563	3602.6992032045896	4823.467071414518	0.525045213744483	2622.1029588039814
2488.9688281380227	3601.317069353232	4820.8419823557315	0.5249864884632611	2620.0564365577357
2490.1712285380895	3599.9349355018735	4818.217736634189	0.5249277631820392	2618.0099143114885
2491.3736289381563	3598.5528016505154	4815.594333843561	0.5248690379008172	2615.9633920652414
2492.5760293382227	3597.170667799158	4812.971773577777	0.5248103126195952	2613.916869818995
2493.7784297382896	3595.7885339477994	4810.350055431026	0.5247522863212482	2611.8703475727484
2494.9808301383564	3594.4064000964413	4807.729178997762	0.5246943211141099	2609.8238253265017
2496.183230538423	3593.024266245084	4805.109143872695	0.5246363559069716	2607.7773030802555
2497.3856309384896	3591.6421323937257	4802.489949650797	0.5245783906998333	2605.7307808340083
2498.5880313385564	3590.2599985423676	4799.8715959272995	0.5245204254926951	2603.6842585877616
2499.790431738623	3588.87786469101	4797.254082297696	0.5244624602855568	2601.6377363415154
2500.9928321386897	3587.4957308396515	4794.637408357735	0.5244051554372989	2599.5912140952687
2502.1952325387565	3586.1135969882935	4792.021573703427	0.5243479443584399	2597.5446918490215
2503.397632938823	3584.731463136936	4789.406577931044	0.5242907332795809	2595.4981696027753
2504.6000333388897	3583.3493292855774	4786.792420637111	0.5242335222007218	2593.451647356528
2505.8024337389566	3581.96719543422	4784.179101418417	0.5241763111218627	2591.4051251102815
2507.004834139023	3580.585061582862	4781.566619872009	0.5241191000430037	2589.3586028640357
2508.2072345390898	3579.202927731504	4778.9549755951875	0.5240625112679124	2587.3120806177885
2509.409634939156	3577.820793880146	4776.3441681855165	0.5240060484269019	2585.2655583715423
2510.612035339223	3576.438660028788	4773.734197240815	0.5239495855858913	2583.219036125295
2511.81443573929	3575.05652617743	4771.12506235916	0.5238931227448809	2581.172513879049
2513.016836139356	3573.674392326072	4768.516763138888	0.5238366599038703	2579.1259916328027
2514.219236539423	3572.292258474714	4765.909299178591	0.5237801970628598	2577.079469386556
2515.42163693949	3570.9101246233563	4763.302670077116	0.5237243190316534	2575.032947140309
2516.6240373395563	3569.5279907719982	4760.696875433572	0.52366859859288994	2572.9864248940626
2517.826437739623	3568.14585692064	4758.0919148473195	0.5236128781541265	2570.939902647816
2519.02883813969	3566.763723069282	4755.487787917978	0.523557157715363	2568.893380401569
2520.2312385397563	3565.3815892179246	4752.884494245424	0.5235014372765996	2566.846858155323
2521.433638939823	3563.999455366566	4750.282033429787	0.5234457168378361	2564.800335909076
2522.63603933989	3562.617321515208	4747.680405071455	0.5233905442684278	2562.753813662829
2523.8384397399564	3561.2351876638504	4745.079608771072	0.523335560450598	2560.7072914165833
2525.040840140023	3559.8530538124924	4742.479644129534	0.5232805766327682	2558.660769170336
2526.24324054009	3558.4709199611343	4739.880510747997	0.5232255928149384	2556.614246924089
2527.4456409401564	3557.0887861097767	4737.282208227867	0.5231706089971087	2554.5677246778428
2528.6480413402232	3555.706652258418	4734.684736170809	0.5231156251792788	2552.521202431596
2529.85044174029	3554.32451840706	4732.088094178738	0.5230611528363336	2550.4746801853494
2531.0528421403565	3552.9423845557026	4729.49228185383	0.5230068999118752	2548.428157939103
2532.2552425404233	3551.560250704344	4726.897298798508	0.522952646987417	2546.381635692856
2533.45764294049	3550.178116852986	4724.303144615455	0.5228983940629586	2544.335113446609
2534.6600433405565	3548.795983001629	4721.709818907603	0.5228441411385003	2542.288591200363
2535.8624437406233	3547.4138491502704	4719.117321278139	0.5227898882140419	2540.2420689541163
2537.0648441406897	3546.031715298913	4716.525651330508	0.5227361109085374	2538.19554670787
2538.2672445407566	3544.6495814475547	4713.9348086684	0.5226825832031076	2536.149024461623
2539.4696449408234	3543.2674475961962	4711.344792895764	0.5226290554976776	2534.102502215376
2540.67204534089	3541.8853137448386	4708.755603616801	0.5225755277922476	2532.05597996913
2541.8744457409566	3540.5031798934806	4706.1672404359615	0.5225220000868177	2530.0094577228833
2543.0768461410235	3539.121046042122	4703.57970295795	0.5224684723813877	2527.962935476636
2544.27924654109	3537.738912190765	4700.992990787727	0.5224153849701771	2525.91641323039
2545.4816469411567	3536.356778339407	4698.407103530499	0.5223625768621218	2523.869890984143
2546.6840473412235	3534.974644488049	4695.822040791725	0.5223097687540664	2521.823368737896
2547.88644774129	3533.592510636691	4693.237802177121	0.5222569606460111	2519.7768464916503
2549.0888481413567	3532.2103767853328	4690.654387292648	0.5222041525379558	2517.730324245403
2550.2912485414236	3530.8282429339747	4688.071795744523	0.5221513444299004	2515.683801999156
2551.49364894149	3529.4461090826167	4685.490027139211	0.52209894181528	2513.6372797529098
2552.6960493415568	3528.0639752312586	4682.909081083427	0.5220468477351127	2511.590757506663
2553.8984497416236	3526.681841379901	4680.32895718414	0.5219947536549453	2509.5442352604164
2555.10085014169	3525.299707528543	4677.749655048566	0.521942659574778	2507.49771301417
2556.303250541757	3523.917573677185	4675.171174284174	0.5218905654946107	2505.451190767923
2557.5056509418237	3522.535439825827	4672.593514498681	0.5218384714144433	2503.404668521676
2558.70805134189	3521.153305974469	4670.016675300055	0.5217867485437221	2501.35814627543
2559.910451741957	3519.771172123111	4667.440656296511	0.5217353629736013	2499.3116240291833
2561.1128521420237	3518.3890382717527	4664.865457096518	0.5216839774034805	2497.265101782936
2562.31525254209	3517.0069044203947	4662.29107730879	0.5216325918333597	2495.21857953669
2563.517652942157	3515.624770569037	4659.717516542291	0.521581206263239	2493.172057290443
2564.7200533422233	3514.2426367176795	4657.144774406236	0.5215298206931183	2491.125535044197
2565.92245374229	3512.860502866321	4654.572850510083	0.5214787725581917	2489.0790127979503
2567.124854142357	3511.478369014963	4652.001744463547	0.5214280900314069	2487.032490551703
2568.3272545424234	3510.0962351636053	4649.431455876585	0.5213774075046221	2484.985968305457
2569.52965494249	3508.714101312247	4646.861984359399	0.5213267249778373	2482.9394460592102
2570.732055342557	3507.331967460889	4644.2933295224475	0.5212760424510524	2480.892923812964
2571.9344557426234	3505.949833609531	4641.725490976433	0.5212253599242677	2478.8464015667178
2573.1368561426902	3504.567699758173	4639.158468332301	0.5211749815611948	2476.7998793204706
2574.339256542757	3503.185565906815	4636.592261201249	0.5211249966616538	2474.7533570742235
2575.5416569428235	3501.8034320554575	4634.026869194724	0.5210750117621127	2472.706834827977
2576.7440573428903	3500.421298204099	4631.462291924409	0.5210250268625717	2470.6603125817305
2577.946457742957	3499.039164352741	4628.898529002246	0.5209750419630307	2468.613790335484
2579.1488581430235	3497.6570305013834	4626.335580040417	0.5209250570634897	2466.5672680892376
2580.3512585430904	3496.274896650025	4623.77344465135	0.5208753435520727	2464.5207458429904
2581.553658943157	3494.892762798667	4621.2121224477205	0.520826050913795	2462.4742235967437
2582.7560593432236	3493.5106289473097	4618.6516130424525	0.5207767582755172	2460.4277013504975
2583.9584597432904	3492.1284950959516	4616.091916048709	0.5207274656372395	2458.381179104251
2585.1608601433572	3490.746361244593	4613.533031079903	0.5206781729989618	2456.3346568580037
2586.3632605434236	3489.3642273932355	4610.974957749694	0.5206288803606841	2454.2881346117574
2587.5656609434905	3487.9820935418775	4608.417695671983	0.5205798268240518	2452.2416123655107
2588.7680613435573	3486.599959690519	4605.861244460916	0.520531221130665	2450.195090119264
2589.9704617436237	3485.2178258391614	4603.305603730889	0.5204826154372781	2448.148567873018
2591.1728621436905	3483.8356919878033	4600.750773096535	0.5204340097438913	2446.1020456267706
2592.3752625437573	3482.4535581364453	4598.196752172736	0.5203854040505045	2444.0555233805235
2593.5776629438237	3481.0714242850877	4595.643540574615	0.5203367983571177	2442.0090011342777
2594.7800633438906	3479.6892904337296	4593.091137917543	0.5202883999613128	2439.962478888031
2595.982463743957	3478.307156582372	4590.539543817134	0.5202404759455556	2437.9159566417848
2597.184864144024	3476.9250227310135	4587.988757889238	0.5201925519297982	2435.8694343955376
2598.3872645440906	3475.5428888796555	4585.438779749958	0.5201446279140409	2433.8229121492905
2599.589664944157	3474.160755028298	4582.889609015637	0.5200967038982837	2431.7763899030447
2600.792065344224	3472.77862117694	4580.341245302859	0.5200487798825264	2429.729867656798
2601.9944657442907	3471.396487325582	4577.793688228451	0.5200010318360957	2427.683345410551
2603.196866144357	3470.014353474224	4575.246937409485	0.5199537842793205	2425.6368231643046
2604.399266544424	3468.632219622866	4572.700992463273	0.5199065367225452	2423.5903009180574
2605.6016669444907	3467.2500857715077	4570.15585300737	0.51985928916577	2421.5437786718107
2606.804067344557	3465.86795192015	4567.611518659574	0.5198120416089947	2419.497256425565
2608.006467744624	3464.485818068792	4565.0679890379215	0.5197647940522195	2417.450734179318
2609.2088681446908	3463.1036842174335	4562.5252637606945	0.519717691605806	2415.4042119330707
2610.411268544757	3461.721550366076	4559.983342446415	0.5196711153374921	2413.3576896868244
2611.613668944824	3460.3394165147183	4557.442224713845	0.5196245390691782	2411.3111674405777
2612.816069344891	3458.95728266336	4554.901910181986	0.5195779628008642	2409.264645194331
2614.018469744957	3457.575148812002	4552.362398470088	0.5195313865325504	2407.218122948085
2615.220870145024	3456.193014960644	4549.823689197631	0.5194848102642364	2405.1716007018376
2616.423270545091	3454.8108811092857	4547.285781984344	0.5194383487101782	2403.1250784555905
2617.6256709451573	3453.428747257928	4544.748676450192	0.519392438607444	2401.0785562093447
2618.828071345224	3452.04661340657	4542.21237221538	0.5193465285047096	2399.032033963098
2620.030471745291	3450.6644795552115	4539.676868900356	0.5193006184019754	2396.985511716851
2621.2328721453573	3449.2823457038544	4537.142166125804	0.5192547082992411	2394.9389894706046
2622.435272545424	3447.9002118524963	4534.608263512649	0.5192087981965068	2392.892467224358
2623.6376729454905	3446.5180780011383	4532.075160682056	0.5191629728684359	2390.8459449781117
2624.8400733455574	3445.1359441497802	4529.542857255427	0.5191177238555578	2388.799422731865
2626.042473745624	3443.753810298422	4527.011352854407	0.5190724748426795	2386.752900485618
2627.2448741456906	3442.371676447064	4524.480647100875	0.5190272258298012	2384.7063782393716
2628.4472745457574	3440.989542595706	4521.950739616951	0.518981976816923	2382.659855993125
2629.6496749458242	3439.607408744348	4519.421630024994	0.5189367278040448	2380.613333746878
2630.8520753458906	3438.2252748929905	4516.893317947599	0.518891534076491	2378.5668115006324
2632.0544757459575	3436.8431410416324	4514.365803007599	0.5188469411244261	2376.5202892543853
2633.2568761460243	3435.4610071902744	4511.839084828069	0.5188023481723613	2374.473767008138
2634.4592765460907	3434.0788733389163	4509.313163032317	0.5187577552202964	2372.427244761892
2635.6616769461575	3432.6967394875583	4506.788037243889	0.5187131622682315	2370.380722515645
2636.8640773462243	3431.3146056362	4504.26370708657	0.5186685693161667	2368.3342002693985
2638.0664777462907	3429.932471784842	4501.7401721843835	0.5186240026041645	2366.2876780231522
2639.2688781463576	3428.550337933484	4499.217432161582	0.5185800607300781	2364.241155776905
2640.4712785464244	3427.1682040821265	4496.695486642666	0.5185361188559918	2362.1946335306584
2641.673678946491	3425.786070230769	4494.174335252364	0.5184921769819055	2360.148111284412
2642.8760793465576	3424.4039363794104	4491.653977615642	0.5184482351078191	2358.1015890381655
2644.0784797466245	3423.0218025280524	4489.134413357707	0.5184042932337328	2356.0550667919183
2645.280880146691	3421.639668676695	4486.615642103997	0.5183603513596464	2354.008544545672
2646.4832805467577	3420.2575348253363	4484.097663480186	0.5183170532592283	2351.9620222994254
2647.6856809468245	3418.8754009739782	4481.5804771121875	0.518273757526025	2349.9155000531787
2648.888081346891	3417.4932671226206	4479.064082626147	0.5182304617928217	2347.8689778069324
2650.0904817469577	3416.1111332712626	4476.548479648443	0.5181871660596185	2345.8224555606853
2651.292882147024	3414.728999419905	4474.033667805697	0.5181438703264153	2343.775933314439
2652.495282547091	3413.346865568547	4471.519646724755	0.518100574593212	2341.729411068192
2653.697682947158	3411.9647317171884	4469.0064160327065	0.5180578895665519	2339.6828888219457
2654.900083347224	3410.582597865831	4466.4939753568715	0.5180152350824111	2337.6363665756994
2656.102483747291	3409.200464014473	4463.982324324803	0.5179725805982702	2335.5898443294523
2657.304884147358	3407.8183301631143	4461.471462564288	0.5179299261141294	2333.543322083205
2658.507284547424	3406.4361963117567	4458.961389703354	0.5178872716299885	2331.4967998369593
2659.709684947491	3405.0540624603987	4456.452105370255	0.5178446171458476	2329.4502775907126
2660.912085347558	3403.6719286090406	4453.943609193479	0.5178025407719841	2327.4037553444655
2662.1144857476243	3402.289794757683	4451.435900801751	0.5177605226899004	2325.3572330982192
2663.316886147691	3400.907660906325	4448.928979824026	0.5177185046078167	2323.310710851972
2664.519286547758	3399.5255270549665	4446.422845889494	0.517676486525733	2321.2641886057254
2665.7216869478243	3398.143393203609	4443.917498627578	0.5176344684436491	2319.2176663594796
2666.924087347891	3396.761259352251	4441.41293766793	0.5175924503615654	2317.1711441132325
2668.126487747958	3395.3791255008923	4438.90916264044	0.5175509782580456	2315.1246218669853
2669.3288881480244	3393.9969916495347	4436.406173175227	0.5175095917753715	2313.078099620739
2670.531288548091	3392.614857798177	4433.90396890264	0.5174682052926973	2311.0315773744924
2671.733688948158	3391.2327239468186	4431.402549453263	0.5174268188100232	2308.9850551282457
2672.9360893482244	3389.850590095461	4428.901914457914	0.517385432327349	2306.9385328819994
2674.1384897482912	3388.468456244103	4426.402063547637	0.5173440458446747	2304.8920106357523
2675.340890148358	3387.0863223927445	4423.902996353708	0.5173031736671841	2302.845488389505
2676.5432905484245	3385.7041885413873	4421.40471250764	0.5172624140251803	2300.7989661432593
2677.7456909484913	3384.322054690029	4418.907211641171	0.5172216543831764	2298.7524438970127
2678.948091348558	3382.939920838671	4416.410493386271	0.5171808947411725	2296.7059216507655
2680.1504917486245	3381.5577869873136	4413.914557375144	0.5171401350991687	2294.6593994045193
2681.3528921486914	3380.175653135955	4411.4194032402165	0.5170993754571648	2292.6128771582726
2682.5552925487577	3378.7935192845976	4408.925030614158	0.5170590988991569	2290.5663549120263
2683.7576929488246	3377.4113854332395	4406.431439129855	0.5170189613825434	2288.5198326657796
2684.9600933488914	3376.029251581881	4403.938628420429	0.5169788238659301	2286.473310419533
2686.162493748958	3374.6471177305234	4401.446598119237	0.5169386863493166	2284.4267881732867
2687.3648941490246	3373.2649838791654	4398.955347859856	0.5168985488327033	2282.3802659270395
2688.5672945490915	3371.882850027807	4396.4648772760975	0.5168584113160898	2280.333743680793
2689.769694949158	3370.5007161764497	4393.975186002003	0.516818726107789	2278.287221434547
2690.9720953492247	3369.1185823250917	4391.486273671839	0.5167792060434396	2276.2406991883
2692.1744957492915	3367.736448473733	4388.998139920104	0.5167396859790903	2274.1941769420528
2693.376896149358	3366.3543146223756	4386.510784381525	0.5167001659147409	2272.147654695807
2694.5792965494247	3364.9721807710175	4384.024206691055	0.5166606458503915	2270.10113244956
2695.7816969494916	3363.590046919659	4381.538406483877	0.5166211257860421	2268.054610203313
2696.984097349558	3362.2079130683014	4379.053383395406	0.5165820276541989	2266.008087957067
2698.186497749625	3360.8257792169434	4376.569137061276	0.5165431203529519	2263.9615657108197
2699.3888981496916	3359.4436453655853	4374.085667117356	0.5165042130517049	2261.9150434645726
2700.591298549758	3358.0615115142277	4371.602973199741	0.5164653057504579	2259.868521218327
2701.793698949825	3356.6793776628697	4369.121054944751	0.5164263984492109	2257.82199897208
2702.9960993498917	3355.2972438115116	4366.639911988936	0.5163874911479639	2255.775476725833
2704.198499749958	3353.9151099601536	4364.159543969073	0.5163489756863425	2253.7289544795867
2705.400900150025	3353.060708760198	4362.6694088326685	0.51631067625829	2252.5541095746057
2706.6033005500917	3352.734567241589	4362.169926745524	0.5162723768302375	2252.2518125275446
2707.805700950158	3352.408425722981	4361.670461865123	0.516234077402185	2251.9495154804836
2709.008101350225	3352.0822842043726	4361.171014190575	0.5161957779741324	2251.647218433422
2710.2105017502913	3351.7561426857646	4360.67158372099	0.51615747854608	2251.344921386361
2711.412902150358	3351.430001167156	4360.172170455482	0.5161195411216764	2251.0426243392994
2712.615302550425	3351.1038596485478	4359.672774393159	0.5160818443887575	2250.7403272922384
2713.8177029504914	3350.7777181299393	4359.173395533134	0.5160441476558387	2250.438030245177
2715.020103350558	3350.4515766113313	4358.674033874517	0.51600645092292	2250.1357331981158
2716.222503750625	3350.1254350927225	4358.17468941642	0.5159687541900012	2249.8334361510547
2717.4249041506914	3349.7992935741145	4357.675362157955	0.5159310574570823	2249.531139103993
2718.6273045507583	3349.473152055506	4357.176052098232	0.5158936932462148	2249.2288420569316
2719.829704950825	3349.147010536898	4356.676759236362	0.5158565938490438	2248.9265450098706
2721.0321053508915	3348.8208690182896	4356.177483571458	0.5158194944518727	2248.6242479628095
2722.2345057509583	3348.494727499681	4355.678225102631	0.5157823950547016	2248.321950915748
2723.436906151025	3348.1685859810727	4355.178983828992	0.5157452956575305	2248.0196538686864
2724.6393065510915	3347.8424444624648	4354.679759749654	0.5157081962603594	2247.7173568216253
2725.8417069511584	3347.5163029438563	4354.180552863729	0.5156714003204056	2247.4150597745643
2727.044107351225	3347.190161425248	4353.681363170325	0.5156348927933	2247.1127627275027
2728.2465077512916	3346.8640199066394	4353.182190668558	0.5155983852661944	2246.8104656804417
2729.4489081513584	3346.5378783880315	4352.68303535754	0.5155618777390888	2246.50816863338
2730.6513085514252	3346.2117368694226	4352.183897236379	0.5155253702119832	2246.205871586319
2731.8537089514916	3345.8855953508146	4351.684776304192	0.5154888626848776	2245.9035745392575
2733.0561093515585	3345.559453832206	4351.185672560087	0.5154526300029729	2245.6012774921965
2734.2585097516253	3345.233312313598	4350.6865860031785	0.51541670882096	2245.298980445135
2735.4609101516917	3344.9071707949897	4350.187516632578	0.5153807876389471	2244.996683398074
2736.6633105517585	3344.5810292763813	4349.6884644473985	0.5153448664569342	2244.6943863510123
2737.865710951825	3344.254887757773	4349.189429446751	0.5153089452749213	2244.3920893039513
2739.0681113518917	3343.928746239165	4348.690411629748	0.5152730240929084	2244.08979225689
2740.2705117519586	3343.602604720556	4348.191410995504	0.5152373496242908	2243.787495209829
2741.472912152025	3343.276463201948	4347.692427543129	0.5152020092491857	2243.4851981627676
2742.675312552092	3342.9503216833396	4347.193461271737	0.5151666688740805	2243.182901115706
2743.8777129521586	3342.6241801647316	4346.694512180441	0.5151313284989754	2242.880604068645
2745.080113352225	3342.298038646123	4346.195580268352	0.5150959881238701	2242.578307021584
2746.282513752292	3341.9718971275147	4345.696665534584	0.515060647748765	2242.2760099745224
2747.4849141523587	3341.6457556089063	4345.19776797825	0.515025526461162	2241.973712927461
2748.687314552425	3341.3196140902983	4344.698887598463	0.5149907614044826	2241.6714158803998
2749.889714952492	3340.99347257169	4344.200024394336	0.5149559963478033	2241.3691188333382
2751.0921153525587	3340.6673310530814	4343.70117836498	0.514921231291124	2241.066821786277
2752.294515752625	3340.341189534473	4343.20234950951	0.5148864662344447	2240.764524739216
2753.496916152692	3340.015048015865	4342.70353782704	0.5148517011777654	2240.4622276921546
2754.699316552759	3339.688906497256	4342.204743316681	0.5148171280846624	2240.159930645093
2755.901716952825	3339.362764978648	4341.705965977547	0.5147829329153812	2239.857633598032
2757.104117352892	3339.0366234600397	4341.207205808752	0.5147487377461001	2239.555336550971
2758.306517752959	3338.7104819414317	4340.70846280941	0.514714542576819	2239.2530395039093
2759.508918153025	3338.3843404228232	4340.209736978632	0.5146803474075379	2238.950742456848
2760.711318553092	3338.058198904215	4339.7110283155325	0.5146461522382567	2238.6484454097867
2761.913718953159	3337.7320573856064	4339.212336819227	0.5146121224012057	2238.3461483627257
2763.1161193532253	3337.4059158669984	4338.713662488826	0.5145784917395689	2238.0438513156646
2764.318519753292	3337.0797743483895	4338.2150053234445	0.5145448610779322	2237.741554268603
2765.520920153359	3336.7536328297815	4337.716365322199	0.5145112304162954	2237.4392572215415
2766.7233205534253	3336.427491311173	4337.217742484198	0.5144775997546588	2237.1369601744805
2767.925720953492	3336.101349792565	4336.7191368085605	0.514443969093022	2236.8346631274194
2769.1281213535585	3335.7752082739567	4336.220548294398	0.5144104776132853	2236.532366080358
2770.3305217536254	3335.449066755348	4335.721976940823	0.5143774061115284	2236.230069033297
2771.532922153692	3335.12292523674	4335.2234227469535	0.5143443346097716	2235.9277719862353
2772.7353225537586	3334.796783718132	4334.7248857119	0.5143112631080147	2235.625474939174
2773.9377229538254	3334.470642199523	4334.2263658347765	0.5142781916062579	2235.3231778921127
2775.1401233538922	3334.144500680915	4333.727863114701	0.514245120104501	2235.0208808450516
2776.3425237539586	3333.8183591623065	4333.229377550785	0.5142121621146514	2234.7185837979905
2777.5449241540255	3333.4922176436985	4332.730909142144	0.5141796444742749	2234.4162867509285
2778.7473245540923	3333.1660761250896	4332.232457887891	0.5141471268338983	2234.1139897038674
2779.9497249541587	3332.8399346064816	4331.734023787141	0.5141146091935217	2233.8116926568064
2781.1521253542255	3332.513793087873	4331.23560683901	0.5140820915531452	2233.5093956097453
2782.3545257542924	3332.187651569265	4330.737207042611	0.5140495739127686	2233.2070985626833
2783.5569261543587	3331.8615100506568	4330.23882439706	0.5140171445891278	2232.9048015156222
2784.7593265544256	3331.5353685320483	4329.740458901468	0.5139851755669947	2232.602504468561
2785.9617269544924	3331.20922701344	4329.242110554956	0.5139532065448618	2232.3002074215
2787.164127354559	3330.883085494832	4328.743779356633	0.5139212375227287	2231.9979103744386
2788.3665277546256	3330.556943976223	4328.2454653056175	0.5138892685005957	2231.6956133273775
2789.5689281546925	3330.230802457615	4327.747168401023	0.5138572994784626	2231.393316280316
2790.771328554759	3329.9046609390066	4327.248888641966	0.5138253940453366	2231.091019233255
2791.9737289548257	3329.5785194203986	4326.7506260275595	0.5137939684530232	2230.7887221861934
2793.1761293548925	3329.2523779017897	4326.25238055692	0.5137625428607098	2230.4864251391323
2794.378529754959	3328.9262363831817	4325.754152229162	0.5137311172683964	2230.184128092071
2795.5809301550257	3328.6000948645733	4325.255941043401	0.513699691676083	2229.8818310450097
2796.783330555092	3328.2739533459653	4324.757746998755	0.5136682660837696	2229.579533997948
2797.985730955159	3327.9478118273564	4324.259570094334	0.5136368798129138	2229.277236950887
2799.188131355226	3327.6216703087484	4323.761410329257	0.5136059925160652	2228.974939903826
2800.390531755292	3327.29552879014	4323.2632677026395	0.5135751052192166	2228.6726428567645
2801.592932155359	3326.969387271532	4322.765142213596	0.5135442179223678	2228.370345809703
2802.795332555426	3326.643245752923	4322.2670338612415	0.5135133306255192	2228.068048762642
2803.997732955492	3326.317104234315	4321.768942644694	0.5134824433286705	2227.765751715581
2805.200133355559	3325.9909627157067	4321.270868563069	0.5134515715387592	2227.4634546685193
2806.402533755626	3325.6648211970987	4320.77281161548	0.5134212174564551	2227.1611576214577
2807.6049341556923	3325.3386796784903	4320.274771801045	0.5133908633741509	2226.8588605743967
2808.807334555759	3325.012538159882	4319.776749118879	0.5133605092918466	2226.5565635273356
2810.009734955826	3324.6863966412734	4319.2787435680975	0.5133301552095425	2226.254266480274
2811.2121353558923	3324.3602551226654	4318.780755147818	0.5132998011272383	2225.951969433213
2812.414535755959	3324.0341136040565	4318.282783857156	0.513269447044934	2225.649672386152
2813.616936156026	3323.7079720854485	4317.784829695227	0.5132396132874681	2225.3473753390904
2814.8193365560924	3323.38183056684	4317.286892661148	0.5132097873915945	2225.045078292029
2816.021736956159	3323.055689048232	4316.788972754035	0.5131799614957209	2224.742781244968
2817.224137356226	3322.7295475296232	4316.291069973005	0.5131501355998471	2224.4404841979067
2818.4265377562924	3322.4034060110152	4315.793184317175	0.5131203097039735	2224.1381871508456
2819.6289381563593	3322.077264492407	4315.295315785658	0.5130904838080999	2223.8358901037836
2820.831338556426	3321.7511229737984	4314.797464377574	0.5130611503316708	2223.5335930567226
2822.0337389564925	3321.42498145519	4314.2996300920395	0.5130318476463017	2223.2312960096615
2823.2361393565593	3321.0988399365815	4313.801812928169	0.5130025449609327	2222.9289989626004
2824.438539756626	3320.7726984179735	4313.304012885081	0.5129732422755635	2222.6267019155384
2825.6409401566925	3320.446556899365	4312.806229961892	0.5129439395901945	2222.3244048684774
2826.8433405567594	3320.1204153807566	4312.308464157719	0.5129146369048254	2222.0221078214163
2828.0457409568257	3319.794273862148	4311.810715471678	0.5128857992173234	2221.719810774355
2829.2481413568926	3319.46813234354	4311.312983902886	0.5128570148181074	2221.4175137272937
2830.4505417569594	3319.141990824932	4310.815269450462	0.5128282304188916	2221.115216680232
2831.652942157026	3318.815849306324	4310.317572113521	0.5127994460196756	2220.812919633171
2832.8553425570926	3318.489707787715	4309.81989189118	0.5127706616204597	2220.5106225861095
2834.0577429571595	3318.163566269107	4309.322228782559	0.5127418772212439	2220.2083255390485
2835.260143357226	3317.8374247504985	4308.824582786772	0.5127135308748162	2219.9060284919874
2836.4625437572927	3317.51128323189	4308.326953902938	0.5126852598883734	2219.6037314449263
2837.6649441573595	3317.1851417132816	4307.829342130175	0.5126569889019307	2219.3014343978643
2838.867344557426	3316.8590001946736	4307.331747467599	0.5126287179154879	2218.9991373508033
2840.0697449574927	3316.532858676065	4306.8341699143275	0.5126004469290452	2218.696840303742
2841.2721453575596	3316.2067171574568	4306.336609469479	0.5125721759426024	2218.394543256681
2842.474545757626	3315.8805756388483	4305.839066132171	0.5125443165331601	2218.0922462096196
2843.676946157693	3315.5544341202403	4305.341539901521	0.512516554136483	2217.789949162558
2844.8793465577596	3315.228292601632	4304.844030776646	0.5124887917398058	2217.487652115497
2846.081746957826	3314.9021510830235	4304.346538756666	0.5124610293431285	2217.185355068436
2847.284147357893	3314.576009564415	4303.8490638406965	0.5124332669464513	2216.8830580213744
2848.4865477579597	3314.249868045807	4303.351606027856	0.5124055045497742	2216.580760974313
2849.688948158026	3313.9237265271986	4302.854165317265	0.5123781277165066	2216.278463927252
2850.891348558093	3313.59758500859	4302.356741708038	0.5123508691363714	2215.9761668801907
2852.0937489581597	3313.2714434899817	4301.859335199294	0.5123236105562362	2215.673869833129
2853.296149358226	3312.9453019713737	4301.361945790154	0.5122963519761011	2215.371572786068
2854.498549758293	3312.6191604527653	4300.864573479734	0.5122690933959659	2215.0692757390066
2855.7009501583593	3312.293018934157	4300.367218267151	0.5122418348158309	2214.7669786919455
2856.903350558426	3311.9668774155484	4299.869880151525	0.512214936240725	2214.464681644884
2858.105750958493	3311.6407358969404	4299.372559131974	0.5121881767531107	2214.162384597823
2859.3081513585594	3311.314594378332	4298.8752552076185	0.5121614172654962	2213.860087550762
2860.510551758626	3310.9884528597236	4298.377968377573	0.5121346577778819	2213.5577905037003
2861.712952158693	3310.662311341115	4297.88069864096	0.5121078982902675	2213.2554934566388
2862.9153525587594	3310.336169822507	4297.383445996897	0.5120811388026532	2212.9531964095777
2864.1177529588263	3310.0100283038987	4296.886210444501	0.5120547142100167	2212.6508993625166
2865.320153358893	3309.6838867852903	4296.388991982892	0.5120284491395252	2212.348602315455
2866.5225537589595	3309.357745266682	4295.891790611189	0.5120021840690336	2212.046305268394
2867.7249541590263	3309.031603748074	4295.394606328512	0.5119759189985422	2211.7440082213325
2868.927354559093	3308.7054622294654	4294.897439133979	0.5119496539280507	2211.4417111742714
2870.1297549591595	3308.379320710857	4294.400289026707	0.5119233888575592	2211.13941412721
2871.3321553592264	3308.0531791922485	4293.903156005819	0.5118974340135527	2210.837117080149
2872.534555759293	3307.7270376736406	4293.406040070431	0.511871658732846	2210.5348200330873
2873.7369561593596	3307.400896155032	4292.9089412196645	0.5118458834521393	2210.232522986026
2874.9393565594264	3307.0747546364237	4292.411859452636	0.5118201081714326	2209.9302259389647
2876.1417569594933	3306.7486131178152	4291.914794768468	0.511794332890726	2209.6279288919036
2877.3441573595596	3306.4224715992073	4291.417747166278	0.5117685576100192	2209.3256318448425
2878.5465577596265	3306.096330080599	4290.920716645187	0.5117430683221912	2209.023334797781
2879.7489581596933	3305.7701885619904	4290.423703204311	0.5117177782514257	2208.7210377507195
2880.9513585597597	3305.444047043382	4289.926706842774	0.5116924881806604	2208.4187407036584
2882.1537589598265	3305.117905524774	4289.429727559693	0.511667198109895	2208.1164436565973
2883.356159359893	3304.7917640061655	4288.932765354189	0.5116419080391297	2207.814146609536
2884.5585597599597	3304.465622487557	4288.435820225379	0.5116166179683643	2207.5118495624747
2885.7609601600266	3304.1394809689486	4287.938892172387	0.5115915900851925	2207.209552515413
2886.963360560093	3303.8133394503407	4287.441981194331	0.5115667806914683	2206.907255468352
2888.16576096016	3303.487197931732	4286.945087290329	0.5115419712977441	2206.6049584212906
2889.3681613602266	3303.161056413124	4286.4482104595045	0.5115171619040201	2206.3026613742295
2890.570561760293	3302.8349148945154	4285.951350700975	0.5114923525102959	2206.0003643271684
2891.77296216036	3302.5087733759074	4285.454508013861	0.5114675431165718	2205.698067280107
2892.9753625604267	3302.182631857299	4284.957682397285	0.5114429725270098	2205.3957702330454
2894.177762960493	3301.8564903386905	4284.460873850364	0.5114186393238204	2205.0934731859843
2895.38016336056	3301.530348820082	4283.964082372219	0.511394306120631	2204.791176138923
2896.5825637606267	3301.204207301474	4283.467307961973	0.5113699729174416	2204.4888790918617
2897.784964160693	3300.8780657828656	4282.970550618744	0.5113456397142522	2204.1865820448
2898.98736456076	3300.551924264257	4282.473810341652	0.5113213065110627	2203.884284997739
2900.189764960827	3300.2257827456488	4281.97708712982	0.511297189144092	2203.581987950678
2901.392165360893	3299.899641227041	4281.480380982367	0.511273327690785	2203.279690903617
2902.59456576096	3299.5734997084323	4280.983691898412	0.5112494662374781	2202.977393856555
2903.796966161027	3299.247358189824	4280.48701987708	0.5112256047841712	2202.675096809494
2904.999366561093	3298.9212166712155	4279.990364917488	0.5112017433308643	2202.372799762433
2906.20176696116	3298.5950751526075	4279.493727018758	0.5111778818775574	2202.0705027153717
2907.404167361227	3298.2689336339986	4278.9971061800115	0.5111542137017446	2201.76820566831
2908.6065677612933	3297.9427921153906	4278.50050240037	0.5111308196029887	2201.465908621249
2909.80896816136	3297.616650596782	4278.0039156789535	0.5111074255042327	2201.1636115741876
2911.011368561427	3297.290509078174	4277.507346014882	0.5110840314054768	2200.8613145271265
2912.2137689614933	3296.9643675595657	4277.01079340728	0.5110606373067208	2200.559017480065
2913.41616936156	3296.6382260409573	4276.514257855265	0.5110372432079648	2200.256720433004
2914.6185697616265	3296.312084522349	4276.01773935796	0.5110140202310248	2199.954423385943
2915.8209701616934	3295.985943003741	4275.521237914488	0.5109910891362808	2199.652126338881
2917.02337056176	3295.659801485132	4275.024753523966	0.5109681580415367	2199.34982929182
2918.2257709618266	3295.333659966524	4274.528286185519	0.5109452269467928	2199.0475322447587
2919.4281713618934	3295.0075184479156	4274.0318358982695	0.5109222958520487	2198.7452351976976
2920.6305717619603	3294.6813769293076	4273.535402661335	0.5108993647573047	2198.4429381506357
2921.8329721620266	3294.355235410699	4273.038986473841	0.5108765830256669	2198.1406411035746
2923.0353725620935	3294.0290938920907	4272.542587334907	0.5108541106286678	2197.8383440565135
2924.2377729621603	3293.7029523734823	4272.046205243654	0.5108316382316688	2197.5360470094524
2925.4401733622267	3293.3768108548743	4271.549840199206	0.5108091658346696	2197.233749962391
2926.6425737622935	3293.050669336266	4271.0534922006855	0.5107866934376706	2196.9314529153294
2927.8449741623604	3292.7245278176574	4270.55716124721	0.5107642210406715	2196.6291558682683
2929.0473745624267	3292.398386299049	4270.060847337907	0.5107418766390535	2196.326858821207
2930.2497749624936	3292.072244780441	4269.564550471896	0.51071985867729075	2196.0245617741457
2931.4521753625604	3291.746103261832	4269.068270648298	0.5106978407155279	2195.7222647270846
2932.654575762627	3291.419961743224	4268.572007866236	0.5106758227537652	2195.4199676800235
2933.8569761626936	3291.0938202246157	4268.075762124834	0.5106538047920025	2195.117670632962
2935.0593765627605	3290.7676787060077	4267.579533423211	0.5106317868302397	2194.8153735859005
2936.261776962827	3290.4415371873993	4267.083321760493	0.5106098758812248	2194.5130765388394
2937.4641773628937	3290.115395668791	4266.5871271358	0.5105883081354395	2194.2107794917783
2938.6665777629605	3289.7892541501824	4266.090949548255	0.5105667403896543	2193.908482444717
2939.868978163027	3289.4631126315744	4265.594788996981	0.5105451726438691	2193.6061853976553
2941.0713785630937	3289.1369711129655	4265.0986454811	0.5105236048980839	2193.303888350594
2942.27377896316	3288.8108295943575	4264.602518999734	0.5105020371522987	2193.001591303533
2943.476179363227	3288.484688075749	4264.106409552009	0.5104805558159183	2192.6992942564716
2944.678579763294	3288.158546557141	4263.610317137043	0.510459434109601	2192.39699720941
2945.88098016336	3287.8324050385327	4263.114241753962	0.5104383124032837	2192.094700162349
2947.083380563427	3287.5062635199242	4262.618183401889	0.5104171906969666	2191.792403115288
2948.285780963494	3287.180122001316	4262.122142079947	0.5103960689906493	2191.4901060682264
2949.48818136356	3286.853980482708	4261.626117787256	0.510374947284332	2191.1878090211653
2950.690581763627	3286.5278389640994	4261.130110522942	0.5103538917576543	2190.885511974104
2951.892982163694	3286.201697445491	4260.634120286129	0.5103332119565488	2190.5832149270427
2953.0953825637603	3285.8755559268825	4260.138147075937	0.5103125321554433	2190.280917879981
2954.297782963827	3285.5494144082745	4259.642190891491	0.5102918523543377	2189.97862083292
2955.500183363894	3285.2232728896656	4259.146251731914	0.5102711725532322	2189.676323785859
2956.7025837639603	3284.8971313710576	4258.65032959633	0.5102504927521266	2189.374026738798
2957.904984164027	3284.570989852449	4258.154424483862	0.5102298592688483	2189.071729691736
2959.107384564094	3284.244848333841	4257.658536393635	0.5102096172804629	2188.769432644675
2960.3097849641604	3283.918706815233	4257.1626653247695	0.5101893752920774	2188.467135597614
2961.512185364227	3283.5925652966243	4256.666811276391	0.510169133303692	2188.1648385505528
2962.714585764294	3283.266423778016	4256.170974247623	0.5101488913153064	2187.862541503491
2963.9169861643604	3282.940282259408	4255.675154237589	0.5101286493269209	2187.5602444564297
2965.1193865644273	3282.614140740799	4255.179351245413	0.5101084341569644	2187.2579474093686
2966.321786964494	3282.287999222191	4254.68356527022	0.5100886259300886	2186.955650362307
2967.5241873645605	3281.9618577035826	4254.187796311132	0.5100688177032128	2186.653353315246
2968.7265877646273	3281.6357161849746	4253.692044367273	0.5100490094763369	2186.3510562681845
2969.9289881646937	3281.309574666366	4253.19630943777	0.5100292012494612	2186.0487592211234
2971.1313885647605	3280.9834331477578	4252.700591521742	0.5100093930225853	2185.746462174062
2972.3337889648274	3280.6572916291493	4252.204890618318	0.509989592471701	2185.444165127001
2973.5361893648937	3280.3311501105413	4251.70920672662	0.5099702139959296	2185.1418680799397
2974.7385897649606	3280.005008591933	4251.213539845773	0.5099508355201582	2184.839571032878
2975.9409901650274	3279.6788670733245	4250.717889974901	0.5099314570443868	2184.5372739858167
2977.143390565094	3279.352725554716	4250.222257113128	0.5099120785686154	2184.2349769387556
2978.3457909651606	3279.026584036108	4249.726641259579	0.509892700092844	2183.9326798916945
2979.5481913652275	3278.700442517499	4249.2310424133775	0.5098733216170727	2183.6303828446335
2980.750591765294	3278.374300998891	4248.73546057365	0.5098543578074793	2183.328085797572
2981.9529921653607	3278.0481594802827	4248.23989573952	0.5098354051127412	2183.0257887505104
2983.1553925654275	3277.7220179616747	4247.744347910112	0.509816452418003	2182.7234917034493
2984.357792965494	3277.3958764430663	4247.248817084552	0.5097974997232648	2182.4211946563883
2985.5601933655607	3277.069734924458	4246.753303261963	0.5097785470285267	2182.1188976093267
2986.7625937656276	3276.7435934058494	4246.257806441471	0.5097595943337886	2181.816600562265
2987.964994165694	3276.4174518872414	4245.762326622202	0.5097410339304824	2181.514303515204
2989.167394565761	3276.0913103686325	4245.2668638032765	0.5097225030865744	2181.212006468143
2990.3697949658276	3275.7651688500246	4244.771417983827	0.5097039722426665	2180.9097094210815
2991.572195365894	3275.439027331416	4244.275989162972	0.5096854413987586	2180.6074123740204
2992.774595765961	3275.112885812808	4243.7805773398395	0.5096669105548506	2180.305115326959
2993.9769961660277	3274.7867442941993	4243.285182513555	0.5096483797109427	2180.002818279898
2995.179396566094	3274.4606027755913	4242.789804683242	0.5096302191642278	2179.7005212328363
2996.381796966161	3274.134461256983	4242.294443848028	0.5096121062803569	2179.3982241857752
2997.5841973662277	3273.808319738375	4241.799100007039	0.5095939933964859	2179.0959271387137
2998.786597766294	3273.4821782197664	4241.303773159397	0.509575880512615	2178.793630091652
2999.988998166361	3273.156036701158	4240.808463304229	0.5095577676287442	2178.491333044591
3001.1913985664273	3272.8298951825495	4240.313170440663	0.5095396547448733	2178.18903599753
3002.393798966494	3272.5037536639416	4239.817894567823	0.5095218905388836	2177.886738950469
3003.596199366561	3272.1776121453327	4239.322635684833	0.5095041917632129	2177.5844419034074
3004.7985997666274	3271.8514706267247	4238.827393790821	0.5094864929875421	2177.2821448563463
3006.001000166694	3271.5253291081162	4238.332168884913	0.5094687942118714	2176.979847809285
3007.203400566761	3271.1991875895083	4237.836960966232	0.5094510954362007	2176.6775507622237
3008.4058009668274	3270.8730460709	4237.34177003391	0.5094333966605299	2176.375253715162
3009.6082013668943	3270.5469045522914	4236.846596087066	0.5094160253128603	2176.072956668101
3010.810601766961	3270.220763033683	4236.351439124829	0.5093987368320614	2175.7706596210396
3012.0130021670275	3269.894621515075	4235.856299146327	0.5093814483512625	2175.4683625739785
3013.2154025670943	3269.568479996466	4235.361176150684	0.5093641598704636	2175.166065526917
3014.417802967161	3269.242338477858	4234.866070137026	0.5093468713896647	2174.863768479856
3015.6202033672275	3268.9161969592496	4234.370981104481	0.5093295829088658	2174.561471432795
3016.8226037672944	3268.5900554406417	4233.875909052174	0.5093126009702059	2174.2591743857333
3018.025004167361	3268.2639139220328	4233.380853979233	0.5092957190090158	2173.956877338672
3019.2274045674276	3267.937772403425	4232.885815884783	0.5092788370478257	2173.6545802916107
3020.4298049674944	3267.6116308848163	4232.390794767952	0.5092619550866356	2173.3522832445497
3021.6322053675613	3267.2854893662084	4231.895790627865	0.5092450731254454	2173.049986197488
3022.8346057676276	3266.9593478475995	4231.400803463649	0.5092281911642553	2172.7476891504266
3024.0370061676945	3266.6332063289915	4230.905833274431	0.5092115952180307	2172.4453921033655
3025.2394065677613	3266.307064810383	4230.410880059339	0.5091951160388168	2172.1430950563044
3026.4418069678277	3265.980923291775	4229.915943817499	0.5091786368596029	2171.840798009243
3027.6442073678945	3265.654781773166	4229.421024548036	0.5091621576803889	2171.538500962182
3028.846607767961	3265.328640254558	4228.92612225008	0.5091456785011749	2171.2362039151208
3030.0490081680277	3265.0024987359498	4228.431236922757	0.5091291993219609	2170.9339068680592
3031.2514085680946	3264.676357217342	4227.936368565194	0.5091129859839764	2170.6316098209977
3032.453808968161	3264.3502156987333	4227.441517176518	0.5090969058863044	2170.3293127739366
3033.656209368228	3264.024074180125	4226.946682755855	0.5090808257886323	2170.0270157268756
3034.8586097682946	3263.6979326615165	4226.451865302334	0.5090647456909604	2169.724718679814
3036.061010168361	3263.3717911429085	4225.957064815084	0.5090486655932883	2169.4224216327525
3037.263410568428	3263.0456496242996	4225.462281293228	0.5090325854956164	2169.1201245856914
3038.4658109684947	3262.7195081056916	4224.967514735897	0.5090167514137033	2168.8178275386304
3039.668211368561	3262.393366587083	4224.472765142217	0.5090010667339108	2168.5155304915693
3040.870611768628	3262.067225068475	4223.978032511317	0.5089853820541184	2168.2132334445073
3042.0730121686947	3261.7410835498663	4223.483316842322	0.508969697374326	2167.910936397446
3043.275412568761	3261.4149420312583	4222.988618134363	0.5089540126945334	2167.608639350385
3044.477812968828	3261.08880051265	4222.493936386565	0.508938328014741	2167.306342303324
3045.680213368895	3260.762658994042	4221.999271598056	0.5089228698684103	2167.004045256262
3046.882613768961	3260.436517475433	4221.504623767965	0.5089075769791882	2166.701748209201
3048.085014169028	3260.110375956825	4221.009992895421	0.508892284089966	2166.39945116214
3049.287414569095	3259.7842344382166	4220.5153789795495	0.5088769912007438	2166.0971541150784
3050.489814969161	3259.4580929196086	4220.020782019481	0.5088616983115216	2165.7948570680173
3051.692215369228	3259.1319514009997	4219.526202014342	0.5088464054222995	2165.4925600209563
3052.894615769295	3258.8058098823917	4219.03163896326	0.5088313199223975	2165.1902629738947
3054.0970161693613	3258.4796683637833	4218.5370928653665	0.5088164152323724	2164.887965926833
3055.299416569428	3258.1535268451753	4218.042563719786	0.5088015105423475	2164.585668879772
3056.5018169694945	3257.827385326567	4217.5480515256495	0.5087866058523224	2164.283371832711
3057.7042173695613	3257.5012438079584	4217.053556282083	0.5087717011622973	2163.98107478565
3058.906617769628	3257.17510228935	4216.559077988218	0.5087567964722722	2163.678777738588
3060.1090181696945	3256.848960770742	4216.064616643181	0.5087420803606415	2163.376480691527
3061.3114185697614	3256.522819252133	4215.5701722461	0.5087275603139683	2163.074183644466
3062.513818969828	3256.196677733525	4215.075744796105	0.5087130402672951	2162.771886597405
3063.7162193698946	3255.8705362149167	4214.581334292326	0.5086985202206219	2162.4695895503432
3064.9186197699614	3255.5443946963087	4214.086940733889	0.5086840001739487	2162.1672925032817
3066.1210201700283	3255.2182531777	4213.592564119925	0.5086694801272755	2161.8649954562206
3067.3234205700946	3254.892111659092	4213.09820444956	0.5086551301764191	2161.5626984091596
3068.5258209701615	3254.5659701404834	4212.6038617219265	0.5086409912523744	2161.260401362098
3069.7282213702283	3254.2398286218754	4212.1095359361525	0.5086268523283298	2160.9581043150365
3070.9306217702947	3253.9136871032665	4211.615227091364	0.5086127134042852	2160.6558072679754
3072.1330221703615	3253.5875455846585	4211.1209351866955	0.5085985744802405	2160.3535102209144
3073.3354225704284	3253.26140406605	4210.626660221273	0.5085844355561959	2160.051213173853
3074.5378229704947	3252.935262547442	4210.132402194225	0.5085704485689453	2159.7489161267918
3075.7402233705616	3252.609121028833	4209.638161104682	0.5085566872815277	2159.4466190797307
3076.9426237706284	3252.2829795102252	4209.143936951774	0.5085429259941101	2159.144322032669
3078.145024170695	3251.956837991617	4208.6497297346295	0.5085291647066926	2158.8420249856076
3079.3474245707616	3251.630696473009	4208.155539452378	0.508515403419275	2158.5397279385465
3080.5498249708285	3251.3045549544	4207.661366104149	0.5085016421318574	2158.2374308914855
3081.752225370895	3250.978413435792	4207.167209689073	0.5084880149410455	2157.935133844424
3082.9546257709617	3250.6522719171835	4206.6730702062805	0.5084746278385823	2157.6328367973624
3084.1570261710285	3250.326130398575	4206.178947654898	0.5084612407361192	2157.3305397503013
3085.359426571095	3249.9999888799666	4205.6848420340575	0.5084478536336561	2157.0282427032403
3086.5618269711617	3249.6738473613586	4205.190753342889	0.5084344665311931	2156.7259456561787
3087.764227371228	3249.34770584275	4204.696681580522	0.5084210794287299	2156.4236486091177
3088.966627771295	3249.021564324142	4204.202626746086	0.5084078088968671	2156.121351562056
3090.169028171362	3248.6954228055333	4203.708588838712	0.5083947925616227	2155.819054514995
3091.371428571428	3248.3692812869253	4203.214567857529	0.5083817762263784	2155.5167574679335
3092.573828971495	3248.043139768317	4202.720563801668	0.5083687598911341	2155.2144604208725
3093.776229371562	3247.7169982497085	4202.226576670258	0.5083557435558897	2154.912163373811
3094.978629771628	3247.3908567311	4201.732606462431	0.5083427272206454	2154.60986632675
3096.181030171695	3247.064715212492	4201.238653177316	0.5083298102395992	2154.3075692796883
3097.383430571762	3246.7385736938836	4200.744716814046	0.5083171612873916	2154.0052722326272
3098.5858309718283	3246.4124321752756	4200.2507973717475	0.5083045123351839	2153.702975185566
3099.788231371895	3246.0862906566667	4199.756894849553	0.5082918633829762	2153.400678138505
3100.990631771962	3245.7601491380588	4199.263009246593	0.5082792144307685	2153.098381091443
3102.1930321720283	3245.4340076194503	4198.769140561998	0.50826656547856075	2152.796084044382
3103.395432572095	3245.1078661008423	4198.275288794899	0.5082539989692404	2152.493786997321
3104.597832972162	3244.7817245822334	4197.781453944426	0.50824171404906	2152.1914899502594
3105.8002333722284	3244.4555830636255	4197.287636009712	0.5082294291288797	2151.8891929031984
3107.002633772295	3244.129441545017	4196.793834989885	0.5082171442086993	2151.586895856137
3108.205034172362	3243.8033000264086	4196.300050884076	0.508204859288519	2151.2845988090758
3109.4074345724284	3243.4771585078	4195.806283691419	0.5081925743683386	2150.9823017620142
3110.6098349724953	3243.151016989192	4195.312533411042	0.5081803552803823	2150.680004714953
3111.812235372562	3242.8248754705837	4194.818800042079	0.5081684310740174	2150.3777076678916
3113.0146357726285	3242.4987339519757	4194.325083583657	0.5081565068676525	2150.0754106208306
3114.2170361726953	3242.172592433367	4193.831384034911	0.5081445826612875	2149.773113573769
3115.4194365727617	3241.846450914759	4193.337701394971	0.5081326584549226	2149.470816526708
3116.6218369728285	3241.5203093961504	4192.844035662969	0.5081207342485576	2149.168519479647
3117.8242373728954	3241.1941678775424	4192.350386838034	0.5081088595600235	2148.8662224325853
3119.0266377729617	3240.8680263589335	4191.8567549193	0.5080972927816892	2148.563925385524
3120.2290381730286	3240.5418848403256	4191.363139905899	0.508085726003355	2148.2616283384627
3121.4314385730954	3240.215743321717	4190.869541796958	0.5080741592250206	2147.9593312914017
3122.633838973162	3239.889601803109	4190.375960591615	0.5080625924466864	2147.6570342443406
3123.8362393732286	3239.5634602845003	4189.882396288997	0.5080510256683521	2147.354737197279
3125.0386397732955	3239.2373187658923	4189.388848888238	0.5080394923854139	2147.0524401502175
3126.241040173362	3238.911177247284	4188.89531838847	0.5080282797813861	2146.7501431031565
3127.4434405734287	3238.5850357286754	4188.401804788823	0.5080170671773583	2146.4478460560954
3128.6458409734955	3238.258894210067	4187.908308088429	0.5080058545733305	2146.145549009034
3129.848241373562	3237.932752691459	4187.414828286423	0.5079946419693028	2145.843251961973
3131.0506417736287	3237.6066111728505	4186.921365381935	0.507983429365275	2145.5409549149113
3132.2530421736956	3237.280469654242	4186.427919374096	0.5079722345219198	2145.2386578678497
3133.455442573762	3236.9543281356337	4185.9344902620405	0.5079613728701742	2144.9363608207887
3134.657842973829	3236.6281866170257	4185.4410780449	0.5079505112184286	2144.6340637737276
3135.8602433738956	3236.3020450984172	4184.947682721805	0.507939649566683	2144.331766726666
3137.062643773962	3235.975903579809	4184.45430429189	0.5079287879149375	2144.0294696796045
3138.265044174029	3235.6497620612004	4183.960942754286	0.5079179262631918	2143.7271726325434
3139.4674445740957	3235.323620542592	4183.467598108127	0.5079070669209234	2143.4248755854824
3140.669844974162	3234.997479023984	4182.974270352544	0.5078965530307777	2143.1225785384213
3141.872245374229	3234.671337505375	4182.48095948667	0.5078860391406322	2142.8202814913593
3143.0746457742957	3234.345195986767	4181.987665509639	0.5078755252504866	2142.5179844442982
3144.277046174362	3234.0190544681586	4181.494388420582	0.5078650113603411	2142.215687397237
3145.479446574429	3233.6929129495506	4181.001128218634	0.5078544974701955	2141.913390350176
3146.6818469744953	3233.366771430942	4180.507884902925	0.5078439835800499	2141.6110933031146
3147.884247374562	3233.0406299123338	4180.014658472588	0.5078338014295012	2141.3087962560535
3149.086647774629	3232.7144883937253	4179.521448926759	0.5078236321412638	2141.006499208992
3150.2890481746954	3232.3883468751173	4179.028256264568	0.5078134628530263	2140.704202161931
3151.491448574762	3232.062205356509	4178.5350804851505	0.5078032935647889	2140.4019051148694
3152.693848974829	3231.7360638379005	4178.041921587637	0.5077931242765515	2140.0996080678083
3153.8962493748954	3231.409922319292	4177.548779571162	0.507782954988314	2139.797311020747
3155.0986497749623	3231.083780800684	4177.05565443486	0.5077730994141834	2139.4950139736857
3156.301050175029	3230.757639282075	4176.562546177863	0.5077632715988046	2139.192716926624
3157.5034505750955	3230.431497763467	4176.069454799303	0.5077534437834259	2138.890419879563
3158.7058509751623	3230.1053562448587	4175.576380298316	0.5077436159680472	2138.588122832502
3159.908251375229	3229.7792147262508	4175.083322674034	0.5077337881526686	2138.2858257854405
3161.1106517752955	3229.4530732076423	4174.590281925591	0.5077239603372898	2137.983528738379
3162.3130521753624	3229.126931689034	4174.09725805212	0.5077144285121741	2137.681231691318
3163.515452575429	3228.8007901704254	4173.604251052756	0.5077049390709018	2137.378934644257
3164.7178529754956	3228.4746486518175	4173.11126092663	0.5076954496296294	2137.0766375971953
3165.9202533755624	3228.148507133209	4172.618287672879	0.507685960188357	2136.7743405501337
3167.1226537756293	3227.8223656146006	4172.1253312906365	0.5076764707470847	2136.4720435030727
3168.3250541756956	3227.496224095992	4171.632391779033	0.5076669813058123	2136.1697464560116
3169.5274545757625	3227.170082577384	4171.139469137207	0.5076577704283302	2135.86744940895
3170.7298549758293	3226.8439410587753	4170.646563364289	0.5076486162923727	2135.565152361889
3171.9322553758957	3226.5177995401673	4170.153674459414	0.5076394621564152	2135.262855314828
3173.1346557759625	3226.191658021559	4169.6608024217185	0.5076303080204577	2134.9605582677664
3174.337056176029	3225.865516502951	4169.167947250334	0.5076211538845002	2134.658261220705
3175.5394565760957	3225.5393749843424	4168.675108944395	0.5076119997485428	2134.3559641736438
3176.7418569761626	3225.213233465734	4168.1822875030375	0.5076031070430553	2134.0536671265827
3177.944257376229	3224.8870919471256	4167.689482925394	0.5075942851732432	2133.7513700795216
3179.146657776296	3224.5609504285176	4167.196695210599	0.5075854633034312	2133.4490730324596
3180.3490581763626	3224.2348089099087	4166.703924357787	0.5075766414336191	2133.1467759853986
3181.551458576429	3223.9086673913007	4166.211170366096	0.5075678195638071	2132.8444789383375
3182.753858976496	3223.5825258726923	4165.718433234656	0.507558997693995	2132.5421818912764
3183.9562593765627	3223.2563843540843	4165.225712962604	0.5075504204103344	2132.2398848442144
3185.158659776629	3222.930242835476	4164.733009549074	0.5075419277967921	2131.9375877971534
3186.361060176696	3222.6041013168674	4164.240322993201	0.5075334351832497	2131.6352907500923
3187.5634605767627	3222.277959798259	4163.747653294119	0.5075249425697074	2131.3329937030308
3188.765860976829	3221.951818279651	4163.255000450964	0.507516449956165	2131.0306966559697
3189.968261376896	3221.625676761042	4162.762364462871	0.5075079573426227	2130.728399608908
3191.170661776963	3221.299535242434	4162.269745328976	0.5074996927558214	2130.426102561847
3192.373062177029	3220.9733937238257	4161.777143048411	0.5074915264176384	2130.1238055147855
3193.575462577096	3220.6472522052177	4161.284557620314	0.5074833600794554	2129.8215084677245
3194.777862977163	3220.321110686609	4160.791989043819	0.5074751937412723	2129.5192114206634
3195.980263377229	3219.994969168001	4160.299437318061	0.5074670274030892	2129.2169143736023
3197.182663777296	3219.6688276493924	4159.806902442177	0.5074588610649062	2128.9146173265403
3198.385064177363	3219.3426861307844	4159.3143844153	0.5074509064749312	2128.6123202794793
3199.5874645774293	3219.0165446121755	4158.8218832365665	0.5074430634598408	2128.310023232418
3200.789864977496	3218.6904030935675	4158.329398905113	0.5074352204447503	2128.007726185357
3201.9922653775625	3218.364261574959	4157.836931420074	0.5074273774296599	2127.7054291382956
3203.1946657776293	3218.038120056351	4157.344480780584	0.5074195344145696	2127.403132091234
3204.397066177696	3217.711978537742	4156.85204698578	0.5074116913994792	2127.100835044173
3205.5994665777625	3217.385837019134	4156.359630034799	0.5074040441309671	2126.798537997112
3206.8018669778294	3217.059695500526	4155.867229926775	0.5073965215150263	2126.4962409500504
3208.004267377896	3216.733553981918	4155.374846660844	0.5073889988990856	2126.193943902989
3209.2066677779626	3216.4074124633094	4154.882480236142	0.5073814762831449	2125.891646855928
3210.4090681780294	3216.081270944701	4154.3901306518055	0.5073739536672042	2125.5893498088667
3211.6114685780963	3215.7551294260925	4153.89779790697	0.5073664310512634	2125.287052761805
3212.8138689781626	3215.4289879074845	4153.405482000772	0.5073590884532614	2124.984755714744
3214.0162693782295	3215.1028463888756	4152.913182932347	0.5073518833405373	2124.6824586676826
3215.2186697782963	3214.7767048702676	4152.420900700832	0.5073446782278132	2124.380161620621
3216.4210701783627	3214.450563351659	4151.928635305364	0.507337473115089	2124.07786457356
3217.6234705784295	3214.124421833051	4151.436386745077	0.5073302680023649	2123.775567526499
3218.8258709784964	3213.7982803144423	4150.944155019108	0.5073230628896409	2123.473270479438
3220.0282713785627	3213.4721387958343	4150.451940126595	0.5073160223353482	2123.1709734323763
3221.2306717786296	3213.145997277226	4149.959742066674	0.507309131857606	2122.8686763853148
3222.4330721786964	3212.819855758618	4149.467560838481	0.5073022413798638	2122.5663793382537
3223.635472578763	3212.4937142400095	4148.975396441153	0.5072953509021215	2122.2640822911926
3224.8378729788296	3212.167572721401	4148.483248873826	0.5072884604243794	2121.961785244131
3226.0402733788965	3211.8414312027926	4147.9911181356365	0.5072815699466371	2121.6594881970695
3227.242673778963	3211.5152896841846	4147.499004225722	0.5072748288331511	2121.3571911500085
3228.4450741790297	3211.1891481655757	4147.00690714322	0.5072682501495477	2121.0548941029474
3229.6474745790965	3210.8630066469677	4146.514826887267	0.5072616714659443	2120.752597055886
3230.849874979163	3210.5368651283593	4146.022763457	0.5072550927823408	2120.450300008825
3232.0522753792297	3210.2107236097513	4145.530716851555	0.5072485140987374	2120.1480029617633
3233.254675779296	3209.884582091143	4145.03868707007	0.507241935415134	2119.845705914702
3234.457076179363	3209.5584405725344	4144.5466741116825	0.5072354911631991	2119.5434088676407
3235.65947657943	3209.232299053926	4144.054677975529	0.50722922145998	2119.2411118205796
3236.861876979496	3208.906157535318	4143.562698660747	0.5072229517567608	2118.9388147735185
3238.064277379563	3208.580016016709	4143.070736166474	0.5072166820535416	2118.636517726457
3239.26667777963	3208.253874498101	4142.578790491845	0.5072104123503225	2118.3342206793955
3240.469078179696	3207.9277329794927	4142.086861636002	0.5072041426471033	2118.0319236323344
3241.671478579763	3207.6015914608847	4141.59494959808	0.5071979927008621	2117.7296265852733
3242.87387897983	3207.275449942276	4141.103054377217	0.5071920291910614	2117.427329538212
3244.0762793798963	3206.949308423668	4140.611175972549	0.5071860656812608	2117.1250324911507
3245.278679779963	3206.6231669050594	4140.119314383217	0.5071801021714601	2116.822735444089
3246.48108018003	3206.2970253864514	4139.627469608355	0.5071741386616595	2116.520438397028
3247.6834805800963	3205.9708838678425	4139.135641647103	0.5071681751518589	2116.2181413499666
3248.885880980163	3205.6447423492345	4138.643830498599	0.5071623169786067	2115.9158443029055
3250.08828138023	3205.318600830626	4138.15203616198	0.5071566569017522	2115.613547255844
3251.2906817802964	3204.992459312018	4137.660258636384	0.5071509968248975	2115.311250208783
3252.493082180363	3204.6663177934092	4137.16849792095	0.5071453367480429	2115.0089531617214
3253.69548258043	3204.3401762748013	4136.676754014816	0.5071396766711882	2114.7066561146603
3254.8978829804964	3204.014034756193	4136.185026917118	0.5071340165943335	2114.404359067599
3256.1002833805633	3203.687893237585	4135.693316626998	0.5071284476842762	2114.1020620205377
3257.30268378063	3203.361751718976	4135.201623143589	0.5071230883060956	2113.799764973476
3258.5050841806965	3203.035610200368	4134.709946466035	0.5071177289279151	2113.497467926415
3259.7074845807633	3202.7094686817595	4134.218286593472	0.5071123695497345	2113.195170879354
3260.9098849808297	3202.3833271631515	4133.726643525037	0.5071070101715539	2112.892873832293
3262.1122853808965	3202.0571856445426	4133.23501725987	0.5071016507933733	2112.590576785231
3263.3146857809634	3201.7310441259347	4132.74340779711	0.5070963686593863	2112.28827973817
3264.5170861810298	3201.404902607326	4132.2518151358945	0.5070913072715211	2111.985982691109
3265.7194865810966	3201.0787610887182	4131.760239275364	0.5070862458836558	2111.6836856440477
3266.9218869811634	3200.7526195701093	4131.268680214654	0.5070811844957906	2111.381388596986
3268.12428738123	3200.4264780515014	4130.777137952905	0.5070761231079254	2111.079091549925
3269.3266877812966	3200.100336532893	4130.285612489258	0.5070710617200601	2110.7767945028636
3270.5290881813635	3199.774195014285	4129.794103822849	0.5070660638974532	2110.474497455802
3271.73148858143	3199.448053495676	4129.302611952818	0.5070612978171725	2110.172200408741
3272.9338889814967	3199.121911977068	4128.811136878304	0.5070565317368917	2109.86990336168
3274.1362893815635	3198.7957704584596	4128.319678598447	0.5070517656566109	2109.5676063146184
3275.33868978163	3198.4696289398516	4127.828237112384	0.5070469995763301	2109.265309267557
3276.5410901816967	3198.1434874212428	4127.336812419256	0.5070422334960494	2108.963012220496
3277.7434905817636	3197.8173459026348	4126.845404518202	0.5070375175423317	2108.6607151734347
3278.94589098183	3197.4912043840263	4126.35401340836	0.5070330441122505	2108.3584181263736
3280.148291381897	3197.1650628654183	4125.862639088872	0.5070285706821693	2108.0561210793117
3281.3506917819636	3196.8389213468095	4125.371281558875	0.5070240972520881	2107.7538240322506
3282.55309218203	3196.5127798282015	4124.879940817509	0.5070196238220069	2107.4515269851895
3283.755492582097	3196.186638309593	4124.388616863916	0.5070151503919257	2107.1492299381284
3284.9578929821637	3195.860496790985	4123.897309697232	0.5070107138865737	2106.8469328910664
3286.16029338223	3195.534355272376	4123.406019316598	0.507006530474376	2106.5446358440054
3287.362693782297	3195.208213753768	4122.914745721155	0.5070023470621784	2106.2423387969443
3288.5650941823633	3194.8820722351597	4122.423488910042	0.5069981636499807	2105.940041749883
3289.76749458243	3194.5559307165518	4121.932248882398	0.506993980237783	2105.6377447028217
3290.969894982497	3194.229789197943	4121.441025637364	0.5069897968255853	2105.3354476557606
3292.1722953825633	3193.903647679335	4120.94981917408	0.5069856373698151	2105.0331506086995
3293.37469578263	3193.5775061607264	4120.458629491684	0.5069817413679784	2104.730853561638
3294.577096182697	3193.2513646421185	4119.96745658932	0.5069778453661418	2104.4285565145765
3295.7794965827634	3192.9252231235096	4119.476300466125	0.5069739493643051	2104.1262594675154
3296.98189698283	3192.5990816049016	4118.98516112124	0.5069700533624685	2103.8239624204543
3298.184297382897	3192.272940086293	4118.494038553806	0.5069661573606318	2103.5216653733924
3299.3866977829634	3191.946798567685	4118.002932762963	0.5069622725771719	2103.2193683263313
3300.5890981830303	3191.6206570490763	4117.511843747849	0.5069586614026975	2102.91707127927
3301.791498583097	3191.2945155304683	4117.0207715076085	0.5069550502282232	2102.614774232209
3302.9938989831635	3190.96837401186	4116.52971604138	0.506951439053749	2102.3124771851476
3304.1962993832303	3190.642232493252	4116.038677348303	0.5069478278792746	2102.010180138086
3305.398699783297	3190.316090974643	4115.547655427519	0.5069442167048003	2101.707883091025
3306.6011001833635	3189.989949456035	4115.056650278172	0.5069406055303259	2101.405586043964
3307.8035005834304	3189.6638079374266	4114.565661899396	0.5069372753318135	2101.1032889969024
3309.005900983497	3189.337666418818	4114.0746902903375	0.5069339464259575	2100.800991949841
3310.2083013835636	3189.0115249002097	4113.5837354501355	0.5069306175201013	2100.49869490278
3311.4107017836304	3188.6853833816017	4113.09279737793	0.5069272886142452	2100.1963978557187
3312.6131021836973	3188.3592418629933	4112.601876072864	0.5069239597083891	2099.894100808657
3313.8155025837636	3188.0331003443853	4112.110971534076	0.5069206308025329	2099.591803761596
3315.0179029838305	3187.7069588257764	4111.6200837607075	0.5069175680506843	2099.289506714535
3316.2203033838973	3187.3808173071684	4111.129212751904	0.5069145188786938	2098.9872096674735
3317.4227037839637	3187.05467578856	4110.6383585068	0.5069114697067031	2098.684912620412
3318.6251041840305	3186.7285342699515	4110.147521024541	0.5069084205347125	2098.382615573351
3319.827504584097	3186.402392751343	4109.656700304267	0.5069053713627218	2098.08031852629
3321.0299049841637	3186.076251232735	4109.165896345121	0.5069023221907312	2097.7780214792288
3322.2323053842306	3185.7501097141267	4108.675109146242	0.5068995245952145	2097.4757244321668
3323.434705784297	3185.4239681955187	4108.184338706773	0.5068967526460662	2097.1734273851057
3324.637106184364	3185.09782667691	4107.693585025856	0.5068939806969178	2096.8711303380446
3325.8395065844306	3184.771685158302	4107.202848102631	0.5068912087477695	2096.568833290983
3327.041906984497	3184.4455436396934	4106.712127936241	0.5068884367986211	2096.266536243922
3328.244307384564	3184.1194021210854	4106.221424525827	0.5068856648494727	2095.9642391968605
3329.4467077846307	3183.7932606024765	4105.73073787053	0.5068831301403327	2095.6619421497994
3330.649108184697	3183.4671190838685	4105.240067969495	0.5068806329264751	2095.359645102738
3331.851508584764	3183.14097756526	4104.749414821861	0.5068781357126174	2095.057348055677
3333.0539089848307	3182.8148360466516	4104.258778426771	0.5068756384987598	2094.7550510086153
3334.256309384897	3182.488694528043	4103.768158783367	0.5068731412849021	2094.452753961554
3335.458709784964	3182.162553009435	4103.277555890791	0.5068706440710445	2094.1504569144927
3336.661110185031	3181.836411490827	4102.786969748185	0.5068683699984934	2093.8481598674316
3337.863510585097	3181.510269972219	4102.29640035469	0.5068661450555921	2093.5458628203705
3339.065910985164	3181.18412845361	4101.805847709452	0.5068639201126908	2093.2435657733095
3340.268311385231	3180.857986935002	4101.315311811609	0.5068616951697894	2092.9412687262475
3341.470711785297	3180.5318454163935	4100.824792660306	0.5068594702268882	2092.6389716791864
3342.673112185364	3180.2057038977855	4100.334290254686	0.5068572452839868	2092.3366746321253
3343.875512585431	3179.8795623791766	4099.843804593887	0.5068552296181962	2092.0343775850642
3345.0779129854973	3179.5534208605686	4099.353335677058	0.5068532745048822	2091.7320805380027
3346.280313385564	3179.22727934196	4098.862883503337	0.506851319391568	2091.429783490941
3347.4827137856305	3178.901137823352	4098.372448071869	0.5068493642782539	2091.12748644388
3348.6851141856973	3178.5749963047433	4097.882029381794	0.5068474091649398	2090.825189396819
3349.887514585764	3178.2488547861353	4097.391627432258	0.5068454540516257	2090.5228923497575
3351.0899149858305	3177.922713267527	4096.901242222403	0.5068436945825217	2090.2205953026964
3352.2923153858974	3177.596571748919	4096.410873751371	0.5068420068801424	2089.918298255635
3353.494715785964	3177.27043023031	4095.920522018304	0.5068403191777631	2089.6160012085734
3354.6971161860306	3176.944288711702	4095.430187022347	0.5068386314753839	2089.3137041615123
3355.8995165860974	3176.6181471930936	4094.939868762644	0.5068369437730046	2089.0114071144512
3357.1019169861643	3176.292005674485	4094.4495672383346	0.5068352560706253	2088.7091100673897
3358.3043173862307	3175.9658641558767	4093.9592824485658	0.5068337506076858	2088.406813020328
3359.5067177862975	3175.6397226372687	4093.469014392478	0.5068323279200607	2088.104515973267
3360.7091181863643	3175.3135811186603	4092.9787630692163	0.5068309052324357	2087.802218926206
3361.9115185864307	3174.9874396000523	4092.488528477923	0.5068294825448106	2087.499921879145
3363.1139189864975	3174.6612980814434	4091.9983106177415	0.5068280598571855	2087.1976248320834
3364.3163193865644	3174.3351565628354	4091.5081094878165	0.5068266371695604	2086.895327785022
3365.5187197866308	3174.009015044227	4091.01792508729	0.5068253835416141	2086.593030737961
3366.7211201866976	3173.6828735256186	4090.527757415307	0.5068242234947905	2086.2907336908997
3367.9235205867644	3173.35673200701	4090.03760647101	0.5068230634479668	2085.988436643838
3369.125920986831	3173.030590488402	4089.547472253544	0.5068219034011432	2085.686139596777
3370.3283213868976	3172.7044489697937	4089.057354762052	0.5068207433543196	2085.3838425497156
3371.5307217869645	3172.3783074511853	4088.567253995677	0.5068195833074959	2085.0815455026545
3372.733122187031	3172.052165932577	4088.0771699535644	0.5068185793625248	2084.779248455593
3373.9355225870977	3171.726024413969	4087.587102634858	0.5068176796045398	2084.476951408532
3375.137922987164	3171.3998828953604	4087.0970520387013	0.5068167798465548	2084.174654361471
3376.340323387231	3171.073741376752	4086.607018164238	0.5068158800885697	2083.8723573144093
3377.5427237872977	3170.7475998581435	4086.1170010106134	0.5068149803305847	2083.570060267348
3378.745124187364	3170.4214583395355	4085.62700057697	0.5068140805725997	2083.2677632202867
3379.947524587431	3170.095316820927	4085.137016862454	0.5068133241775435	2082.9654661732256
3381.149924987498	3169.7691753023187	4084.6470498662084	0.5068126823781869	2082.6631691261637
3382.352325387564	3169.4430337837102	4084.1570995873776	0.5068120405788301	2082.3608720791026
3383.554725787631	3169.1168922651023	4083.6671660251077	0.5068113987794735	2082.0585750320415
3384.757126187698	3168.790750746494	4083.177249178541	0.5068107569801167	2081.7562779849804
3385.9595265877642	3168.464609227886	4082.6873490468233	0.50681011518076	2081.453980937919
3387.161926987831	3168.138467709277	4082.1974656290977	0.5068096042213222	2081.151683890858
3388.364327387898	3167.812326190669	4081.7075989245113	0.5068092180719019	2080.8493868437963
3389.5667277879643	3167.4861846720605	4081.2177489322075	0.5068088319224818	2080.5470897967352
3390.769128188031	3167.160043153452	4080.7279156513305	0.5068084457730616	2080.2447927496737
3391.971528588098	3166.8339016348436	4080.2380990810257	0.5068080596236415	2079.9424957026126
3393.1739289881643	3166.5077601162357	4079.748299220438	0.5068076734742213	2079.6401986555516
3394.376329388231	3166.181618597627	4079.2585160687136	0.5068074058546778	2079.33790160849
3395.578729788298	3165.855477079019	4078.768749624995	0.506807273067791	2079.0356045614285
3396.7811301883644	3165.5293355604103	4078.278999888429	0.5068071402809042	2078.7333075143674
3397.983530588431	3165.2031940418024	4077.7892668581608	0.5068070074940175	2078.4310104673064
3399.185930988498	3164.877052523194	4077.2995505333347	0.5068068747071308	2078.128713420245
3400.3883313885644	3164.550911004586	4076.8098509130964	0.5068067419202441	2077.8264163731833
3401.5907317886313	3164.224769485977	4076.320167996591	0.5068067155632543	2077.524119326122
3402.793132188698	3163.898627967369	4075.8305017829643	0.5068068338725571	2077.221822279061
3403.9955325887645	3163.5724864487606	4075.3408522713607	0.5068069521818599	2076.919525232
3405.1979329888313	3163.246344930152	4074.8512194609266	0.5068070704911627	2076.617228184938
3406.4003333888977	3162.9202034115438	4074.3616033508083	0.5068071888004655	2076.314931137877
3407.6027337889645	3162.5940618929358	4073.872003940149	0.5068073071097683	2076.012634090816
3408.8051341890314	3162.2679203743273	4073.3824212280974	0.5068075199561883	2075.7103370437544
3410.0075345890978	3161.9417788557193	4072.892855213798	0.5068078871161724	2075.4080399966933
3411.2099349891646	3161.6156373371105	4072.403305896394	0.5068082542761565	2075.1057429496323
3412.4123353892314	3161.2894958185025	4071.9137732750346	0.5068086214361406	2074.8034459025707
3413.614735789298	3160.963354299894	4071.4242573488655	0.5068089885961247	2074.501148855509
3414.8171361893646	3160.6372127812856	4070.93475811703	0.5068093557561087	2074.198851808448
3416.0195365894315	3160.311071262677	4070.4452755786765	0.5068098057648067	2073.896554761387
3417.221936989498	3159.984929744069	4069.9558097329505	0.5068104195505747	2073.594257714326
3418.4243373895647	3159.6587882254607	4069.466360578997	0.5068110333363426	2073.291960667264
3419.6267377896315	3159.3326467068523	4068.9769281159647	0.5068116471221106	2072.989663620203
3420.829138189698	3159.006505188244	4068.4875123429974	0.5068122609078786	2072.687366573142
3422.0315385897648	3158.680363669636	4067.998113259242	0.5068128746936466	2072.3850695260808
3423.2339389898316	3158.3542221510274	4067.508730863846	0.5068135598413195	2072.082772479019
3424.436339389898	3158.028080632419	4067.0193651559543	0.5068144180483678	2071.7804754319577
3425.638739789965	3157.7019391138106	4066.530016134714	0.506815276255416	2071.4781783848966
3426.8411401900316	3157.3757975952026	4066.0406837992723	0.5068161344624643	2071.1758813378356
3428.043540590098	3157.049656076594	4065.5513681487746	0.5068169926695125	2070.873584290774
3429.245940990165	3156.7235145579857	4065.0620691823674	0.5068178508765608	2070.5712872437125
3430.4483413902317	3156.3973730393773	4064.5727868991994	0.5068187691575551	2070.2689901966514
3431.650741790298	3156.0712315207693	4064.0835212984152	0.5068198696015542	2069.9666931495904
3432.853142190365	3155.745090002161	4063.594272379163	0.5068209700455533	2069.664396102529
3434.0555425904313	3155.418948483553	4063.1050401405887	0.5068220704895524	2069.3620990554678
3435.257942990498	3155.092806964944	4062.61582458184	0.5068231709335514	2069.0598020084067
3436.460343390565	3154.766665446336	4062.126625702063	0.5068242713775506	2068.7575049613447
3437.6627437906313	3154.4405239277276	4061.6374435004063	0.5068254208036824	2068.4552079142836
3438.865144190698	3154.114382409119	4061.148277976015	0.506826761320264	2068.1529108672225
3440.067544590765	3153.7882408905107	4060.6591291280374	0.5068281018368458	2067.8506138201615
3441.2699449908314	3153.4620993719027	4060.169996955621	0.5068294423534275	2067.5483167731
3442.4723453908982	3153.1359578532943	4059.680881457914	0.5068307828700092	2067.2460197260384
3443.674745790965	3152.809816334686	4059.19178263406	0.5068321233865909	2066.9437226789773
3444.8771461910314	3152.4836748160774	4058.7027004832103	0.5068335019869707	2066.6414256319163
3446.0795465910983	3152.157533297469	4058.2136350045116	0.5068350804315153	2066.3391285848547
3447.281946991165	3151.831391778861	4057.724586197109	0.5068366588760599	2066.036831537793
3448.4843473912315	3151.5052502602525	4057.235554060153	0.5068382373206044	2065.734534490732
3449.6867477912983	3151.179108741644	4056.7465385927894	0.5068398157651489	2065.432237443671
3450.889148191365	3150.8529672230356	4056.2575397941664	0.5068413942096934	2065.1299403966095
3452.0915485914315	3150.5268257044277	4055.768557663433	0.5068430000305513	2064.8276433495485
3453.2939489914984	3150.2006841858192	4055.279592199735	0.506844814277978	2064.525346302487
3454.496349391565	3149.874542667211	4054.790643402221	0.5068466285254049	2064.223049255426
3455.6987497916316	3149.5484011486024	4054.30171127004	0.5068484427728317	2063.9207522083643
3456.9011501916984	3149.2222596299944	4053.8127958023383	0.5068502570202585	2063.6184551613032
3458.1035505917653	3148.8961181113855	4053.323896998265	0.5068520712676854	2063.316158114242
3459.3059509918317	3148.5699765927775	4052.835014856968	0.5068539023721981	2063.013861067181
3460.5083513918985	3148.243835074169	4052.346149377596	0.5068559503167597	2062.711564020119
3461.7107517919653	3147.917693555561	4051.857300559295	0.5068579982613213	2062.409266973058
3462.9131521920317	3147.591552036952	4051.3684684012155	0.5068600462058829	2062.106969925997
3464.1155525920985	3147.265410518344	4050.8796529025053	0.5068620941504446	2061.8046728789354
3465.317952992165	3146.9392689997358	4050.3908540623124	0.5068641420950062	2061.5023758318744
3466.5203533922318	3146.613127481128	4049.902071879787	0.506866196563128	2061.200078784813
3467.7227537922986	3146.286985962519	4049.413306354074	0.5068684761182045	2060.8977817377518
3468.925154192365	3145.960844443911	4048.924557484325	0.506870755673281	2060.5954846906902
3470.127554592432	3145.6347029253025	4048.4358252696884	0.5068730352283575	2060.293187643629
3471.3299549924986	3145.3085614066945	4047.9471097093115	0.506875314783434	2059.9908905965676
3472.532355392565	3144.9824198880856	4047.458410802343	0.5068775943385104	2059.6885935495065
3473.734755792632	3144.6562783694776	4046.9697285479338	0.506879873893587	2059.386296502445
3474.9371561926987	3144.330136850869	4046.4810629452313	0.5068823793647019	2059.083999455384
3476.139556592765	3144.003995332261	4045.9924139933837	0.5068848884626003	2058.781702408323
3477.341956992832	3143.6778538136523	4045.503781691541	0.5068873975604985	2058.4794053612613
3478.5443573928987	3143.3517122950443	4045.0151660388524	0.5068899066583967	2058.1771083142
3479.746757792965	3143.025570776436	4044.526567034466	0.506892415756295	2057.8748112671387
3480.949158193032	3142.699429257828	4044.0379846775327	0.5068949248541932	2057.5725142200777
3482.151558593099	3142.373287739219	4043.549418967199	0.5068976478495175	2057.2702171730166
3483.353958993165	3142.047146220611	4043.060869902616	0.506900384441271	2056.967920125955
3484.556359393232	3141.7210047020026	4042.572337482934	0.5069031210330243	2056.6656230788935
3485.758759793299	3141.394863183394	4042.083821707299	0.5069058576247777	2056.3633260318325
3486.9611601933652	3141.0687216647857	4041.5953225748635	0.5069085942165311	2056.0610289847714
3488.163560593432	3140.7425801461777	4041.106840084777	0.5069113308082845	2055.75873193771
3489.365960993499	3140.4164386275693	4040.6183742361873	0.5069142694756298	2055.4564348906483
3490.5683613935653	3140.0902971089613	4040.1299250282436	0.506917231530802	2055.1541378435873
3491.770761793632	3139.7641555903524	4039.641492460098	0.5069201935859742	2054.8518407965257
3492.9731621936985	3139.4380140717444	4039.153076530899	0.5069231556411464	2054.5495437494646
3494.1755625937653	3139.111872553136	4038.6646772397958	0.5069261176963186	2054.2472467024036
3495.377962993832	3138.785731034528	4038.1762945859386	0.5069290797514908	2053.944949655342
3496.5803633938986	3138.459589515919	4037.687928568478	0.5069322322545883	2053.6426526082805
3497.7827637939654	3138.133447997311	4037.199579186563	0.5069354177610779	2053.3403555612194
3498.985164194032	3137.8073064787027	4036.711246439344	0.5069386032675675	2053.0380585141584
3500.1875645940986	3137.4811649600947	4036.2229303259724	0.506941788774057	2052.7357614670973
3501.3899649941654	3137.155023441486	4035.734630845595	0.5069449742805466	2052.4334644200353
3502.5923653942323	3136.828881922878	4035.246347997365	0.5069481597870362	2052.1311673729742
3503.7947657942987	3136.5027404042694	4034.7580817804314	0.5069515243053788	2051.828870325913
3504.9971661943655	3136.1765988856614	4034.269832193945	0.5069549312692276	2051.526573278852
3506.1995665944323	3135.8504573670525	4033.7815992370556	0.5069583382330763	2051.2242762317906
3507.4019669944987	3135.5243158484445	4033.2933829089147	0.506961745196925	2050.9219791847295
3508.6043673945655	3135.198174329836	4032.805183208671	0.5069651521607739	2050.619682137668
3509.8067677946324	3134.872032811228	4032.3170001354765	0.5069685591246226	2050.317385090607
3511.0091681946988	3134.545891292619	4031.8288336884816	0.5069721338533075	2050.0150880435453
3512.2115685947656	3134.2197497740112	4031.340683866836	0.5069757602985097	2049.7127909964843
3513.4139689948324	3133.893608255403	4030.8525506696915	0.5069793867437117	2049.4104939494227
3514.616369394899	3133.567466736795	4030.3644340961996	0.5069830131889138	2049.1081969023617
3515.8187697949656	3133.241325218186	4029.8763341455074	0.5069866396341158	2048.8058998553
3517.0211701950325	3132.915183699578	4029.38825081677	0.5069902660793179	2048.503602808239
3518.223570595099	3132.5890421809695	4028.900184109137	0.5069940492288924	2048.201305761178
3519.4259709951657	3132.2629006623615	4028.4121340217584	0.5069978931972073	2047.8990087141162
3520.628371395232	3131.9367591437526	4027.924100553786	0.5070017371655224	2047.596711667055
3521.830771795299	3131.6106176251446	4027.4360837043705	0.5070055811338374	2047.2944146199939
3523.0331721953658	3131.284476106536	4026.948083472664	0.5070094251021525	2046.9921175729326
3524.235572595432	3130.958334587928	4026.460099857818	0.5070132690704676	2046.6898205258715
3525.437972995499	3130.6321930693193	4025.9721328589812	0.5070172588667747	2046.3875234788097
3526.640373395566	3130.3060515507113	4025.4841824753075	0.5070213184175416	2046.0852264317487
3527.842773795632	3129.979910032103	4024.996248705948	0.5070253779683086	2045.7829293846873
3529.045174195699	3129.653768513495	4024.5083315500533	0.5070294375190755	2045.4806323376263
3530.247574595766	3129.327626994886	4024.0204310067743	0.5070334970698425	2045.178335290565
3531.4499749958322	3129.001485476278	4023.5325470752646	0.5070375566206093	2044.876038243504
3532.652375395899	3128.6753439576696	4023.0446797546742	0.5070417513046378	2044.5737411964421
3533.854775795966	3128.349202439061	4022.5568290441556	0.5070460245145925	2044.271444149381
3535.0571761960323	3128.0230609204527	4022.0689949428606	0.507050297724547	2043.9691471023198
3536.259576596099	3127.6969194018448	4021.5811774499402	0.5070545709345017	2043.6668500552587
3537.461976996166	3127.3707778832363	4021.0933765645473	0.5070588441444562	2043.364553008197
3538.6643773962323	3127.0446363646283	4020.6055922858336	0.5070631173544109	2043.0622559611359
3539.866777796299	3126.7184948460194	4020.1178246129484	0.5070675151821444	2042.7599589140746
3541.069178196366	3126.3923533274115	4019.6300735450486	0.5070720001452375	2042.4576618670135
3542.2715785964324	3126.066211808803	4019.1423390812834	0.5070764851083306	2042.1553648199522
3543.4739789964992	3125.740070290195	4018.654621220805	0.5070809700714236	2041.8530677728907
3544.676379396566	3125.413928771586	4018.1669199627654	0.5070854550345167	2041.5507707258294
3545.8787797966324	3125.087787252978	4017.679235306319	0.5070899399976099	2041.248473678768
3547.0811801966993	3124.7616457343697	4017.1915672506148	0.5070945392398793	2040.946176631707
3548.283580596766	3124.4355042157613	4016.7039157948075	0.5070992340670981	2040.6438795846452
3549.4859809968325	3124.109362697153	4016.2162809380497	0.5071039288943169	2040.3415825375841
3550.6883813968993	3123.783221178545	4015.728662679492	0.5071086237215356	2040.0392854905228
3551.8907817969657	3123.4570796599364	4015.2410610182897	0.5071133185487543	2039.7369884434618
3553.0931821970325	3123.1309381413284	4014.753475953593	0.5071180133759731	2039.4346913964005
3554.2955825970994	3122.8047966227196	4014.265907484554	0.5071228123183101	2039.1323943493394
3555.4979829971658	3122.4786551041116	4013.778355610329	0.5071277151375009	2038.830097302278
3556.7003833972326	3122.152513585503	4013.2908203300676	0.5071326179566916	2038.5278002552166
3557.9027837972994	3121.826372066895	4012.803301642924	0.5071375207758824	2038.2255032081553
3559.105184197366	3121.5002305482863	4012.31579954805	0.5071424235950731	2037.9232061610942
3560.3075845974327	3121.1740890296783	4011.8283140446006	0.5071473264142637	2037.6209091140329
3561.5099849974995	3120.84794751107	4011.340845131727	0.5071523233567561	2037.3186120669714
3562.712385397566	3120.521805992462	4010.853392808583	0.5071574323124509	2037.01631501991
3563.9147857976327	3120.195664473853	4010.3659570743202	0.5071625412681456	2036.714017972849
3565.1171861976995	3119.869522955245	4009.8785379280944	0.5071676502238405	2036.4117209257877
3566.319586597766	3119.5433814366365	4009.3911353690582	0.5071727591795352	2036.1094238787266
3567.5219869978328	3119.2172399180286	4008.9037493963638	0.5071778681352299	2035.8071268316648
3568.7243873978996	3118.8910983994197	4008.416380009164	0.5071830613923782	2035.5048297846038
3569.926787797966	3118.5649568808117	4007.9290272066137	0.5071883746456203	2035.2025327375425
3571.129188198033	3118.2388153622032	4007.441690987867	0.5071936878988623	2034.9002356904814
3572.3315885980996	3117.912673843595	4006.9543713520748	0.5071990011521044	2034.59793864342
3573.533988998166	3117.5865323249864	4006.4670682983933	0.5072043144053464	2034.2956415963586
3574.736389398233	3117.2603908063784	4005.9797818259754	0.5072096276585886	2033.9933445492973
3575.9387897982997	3116.93424928777	4005.4925119339746	0.5072150155591647	2033.691047502236
3577.141190198366	3116.608107769162	4005.0052586215443	0.5072205312873399	2033.3887504551749
3578.343590598433	3116.281966250553	4004.518021887838	0.5072260470155152	2033.0864534081136
3579.5459909984993	3115.955824731945	4004.030801732011	0.5072315627436905	2032.7841563610525
3580.748391398566	3115.6296832133366	4003.5435981532164	0.5072370784718658	2032.4818593139908
3581.950791798633	3115.303541694728	4003.056411150608	0.5072425942000411	2032.1795622669297
3583.1531921986993	3114.9774001761198	4002.56924072334	0.5072481750868807	2031.8772652198684
3584.355592598766	3114.651258657512	4002.0820868705673	0.5072538914833374	2031.5749681728073
3585.557992998833	3114.3251171389034	4001.5949495914438	0.5072596078797943	2031.2726711257455
3586.7603933988994	3113.9989756202954	4001.1078288851218	0.5072653242762512	2030.9703740786845
3587.9627937989662	3113.6728341016865	4000.6207247507577	0.507271040672708	2030.6680770316232
3589.165194199033	3113.3466925830785	4000.1336371875054	0.5072767570691648	2030.365779984562
3590.3675945990994	3113.02055106447	3999.6465661945185	0.5072825292976755	2030.0634829375008
3591.5699949991663	3112.6944095458616	3999.1595117709526	0.5072884445671483	2029.7611858904393
3592.772395399233	3112.368268027253	3998.672473915962	0.5072943598366211	2029.458888843378
3593.9747957992995	3112.042126508645	3998.1854526287007	0.5073002751060939	2029.156591796317
3595.1771961993663	3111.7159849900368	3997.698447908324	0.5073061903755668	2028.8542947492556
3596.379596599433	3111.3898434714283	3997.2114597539858	0.5073121056450396	2028.551997702194
3597.5819969994996	3111.06370195282	3996.7244881648407	0.50731806757795606	2028.2497006551328
3598.7843973995664	3110.737560434212	3996.2375331400453	0.507324179925764	2027.9474036080717
3599.986797799633	3110.4114189156035	3995.750594678753	0.5073302922735718	2027.6451065610104
3601.1891981996996	3110.085277396995	3995.2636727801173	0.5073364046213797	2027.342809513949
3602.3915985997664	3109.7591358783866	3994.776767443296	0.5073425169691876	2027.040512466888
3603.5939989998333	3109.4329943597786	3994.2898786674436	0.5073486293169955	2026.7382154198262
3604.7963993998997	3109.10685284117	3993.8030064517134	0.5073547793115352	2026.4359183727652
3605.9987997999665	3108.7807113225617	3993.3161507952623	0.5073610869123348	2026.1336213257039
3607.201200200033	3108.4544022519567	3992.8294656654325	0.5073673945131346	2025.8314968034151
3608.4036006000997	3107.96040155761	3992.4968601213977	0.5073737021139344	2025.702040824254
3609.6060010001665	3107.4664008632635	3992.1642042616777	0.5073800097147342	2025.5725848450932
3610.808401400233	3106.9724001689174	3991.8314980748555	0.507386317315534	2025.4431288659327
3612.0108018002998	3106.478399474571	3991.498741549507	0.5073926537000707	2025.3136728867719
3613.2132022003666	3105.984398780224	3991.1659346742094	0.5073991546829061	2025.1842169076108
3614.415602600433	3105.490398085878	3990.8330774375345	0.5074056556657415	2025.05476092845
3615.6180030005	3104.9963973915314	3990.5001698280466	0.5074121566485769	2024.925304949289
3616.8204034005666	3104.5023966971853	3990.167211834314	0.5074186576314124	2024.7958489701282
3618.022803800633	3104.0083960028387	3989.8342034448942	0.5074251586142478	2024.666392990967
3619.2252042007	3103.514395308492	3989.5011446483477	0.5074316796803352	2024.5369370118062
3620.4276046007667	3103.020394614146	3989.168035433228	0.5074383721551092	2024.4074810326454
3621.630005000833	3102.5263939197994	3988.834875788083	0.5074450646298833	2024.2780250534845
3622.8324054009	3102.0323932254532	3988.501665701463	0.5074517571046573	2024.1485690743234
3624.0348058009668	3101.5383925311066	3988.16840516191	0.5074584495794313	2024.0191130951625
3625.237206201033	3101.044391836761	3987.8350941579647	0.5074651420542053	2023.8896571160021
3626.4396066011	3100.5503911424144	3987.5017326781626	0.5074718460777707	2023.7602011368413
3627.642007001167	3100.0563904480678	3987.1683207110386	0.5074787281514913	2023.6307451576802
3628.844407401233	3099.5623897537216	3986.834858245122	0.5074856102252118	2023.5012891785193
3630.0468078013	3099.068389059375	3986.501345268938	0.5074924922989323	2023.3718331993584
3631.249208201367	3098.5743883650284	3986.1677817710106	0.5074993743726529	2023.2423772201976
3632.4516086014332	3098.0803876706823	3985.834167739859	0.5075062564463734	2023.1129212410365
3633.6540090015	3097.5863869763357	3985.500503163998	0.5075131417009305	2022.9834652618756
3634.856409401567	3097.0923862819895	3985.166788031942	0.5075202114836204	2022.8540092827147
3636.0588098016333	3096.598385587643	3984.8330223321964	0.5075272812663102	2022.7245533035539
3637.2612102017	3096.1043848932964	3984.49920605327	0.507534351049	2022.595097324393
3638.4636106017665	3095.61038419895	3984.1653391836635	0.5075414208316898	2022.465641345232
3639.6660110018333	3095.1163835046036	3983.8314217118746	0.5075484906143797	2022.3361853660715
3640.8684114019	3094.6223828102575	3983.4974536263994	0.5075555603970695	2022.2067293869106
3642.0708118019666	3094.128382115911	3983.1634349157284	0.5075628109796859	2022.0772734077498
3643.2732122020334	3093.6343814215647	3982.829365568351	0.5075700665832822	2021.9478174285887
3644.4756126021002	3093.140380727218	3982.495245572749	0.5075773221868785	2021.8183614494278
3645.6780130021666	3092.646380032872	3982.161074917406	0.5075845777904747	2021.688905470267
3646.8804134022334	3092.1523793385254	3981.8268535907973	0.507591833394071	2021.559449491106
3648.0828138023003	3091.658378644179	3981.492581581399	0.5075990889976673	2021.429993511945
3649.2852142023667	3091.1643779498327	3981.1582588776805	0.507606515486357	2021.3005375327841
3650.4876146024335	3090.670377255486	3980.8238854681085	0.5076139550325113	2021.1710815536233
3651.6900150025003	3090.1763765611395	3980.4894613411475	0.5076213945786655	2021.0416255744624
3652.8924154025667	3089.6823758667933	3980.1549864852564	0.5076288341248197	2020.9121695953013
3654.0948158026335	3089.1883751724467	3979.8204608888923	0.507636273670974	2020.7827136161404
3655.2972162027004	3088.6943744781	3979.485884540507	0.5076437132171282	2020.65325763698
3656.4996166027668	3088.200373783754	3979.1512574285525	0.507651313909306	2020.5238016578191
3657.7020170028336	3087.706373089408	3978.8165795414725	0.5076589355316413	2020.394345678658
3658.9044174029004	3087.2123723950617	3978.481850867711	0.5076665571539768	2020.2648896994972
3660.106817802967	3086.718371700715	3978.1470713957056	0.5076741787763122	2020.1354337203363
3661.3092182030337	3086.224371006369	3977.8122411138925	0.5076818003986476	2020.0059777411755
3662.5116186031005	3085.7303703120224	3977.4773600107033	0.5076894220209831	2019.8765217620146
3663.714019003167	3085.236369617676	3977.142428074567	0.5076971952277153	2019.7470657828535
3664.9164194032337	3084.7423689233296	3976.807445293908	0.5077049970757025	2019.6176098036926
3666.1188198033	3084.248368228983	3976.4724116571474	0.5077127989236897	2019.4881538245318
3667.321220203367	3083.754367534637	3976.1373271527045	0.5077206007716769	2019.358697845371
3668.5236206034338	3083.2603668402903	3975.802191768992	0.5077284026196641	2019.2292418662098
3669.7260210035	3082.766366145944	3975.4670054944218	0.5077362044676512	2019.0997858870494
3670.928421403567	3082.2723654515976	3975.131768317401	0.5077441485145604	2018.9703299078885
3672.130821803634	3081.778364757251	3974.7964802263327	0.507752128754519	2018.8408739287277
3673.3332222037	3081.284364062905	3974.4611412096183	0.5077601089944775	2018.7114179495666
3674.535622603767	3080.7903633685582	3974.125751255654	0.5077680892344361	2018.5819619704057
3675.738023003834	3080.2963626742117	3973.790310352832	0.5077760694743947	2018.4525059912448
3676.9404234039002	3079.8023619798655	3973.454818489545	0.5077840497143532	2018.323050012084
3678.142823803967	3079.308361285519	3973.1192756541755	0.5077921629415567	2018.1935940329229
3679.345224204034	3078.8143605911728	3972.7836818351093	0.5078003197564804	2018.064138053762
3680.5476246041003	3078.320359896826	3972.448037020723	0.5078084765714042	2017.9346820746011
3681.750025004167	3077.8263592024796	3972.1123411993935	0.5078166333863279	2017.8052260954403
3682.952425404234	3077.3323585081334	3971.7765943594936	0.5078247902012516	2017.6757701162794
3684.1548258043003	3076.838357813787	3971.4407964893903	0.5078329470161753	2017.5463141371188
3685.357226204367	3076.3443571194407	3971.10494757745	0.5078412277781437	2017.416858157958
3686.559626604434	3075.850356425094	3970.7690476120324	0.507849559367529	2017.287402178797
3687.7620270045004	3075.356355730748	3970.4330965814966	0.5078578909569142	2017.1579461996362
3688.9644274045672	3074.862355036402	3970.097094474197	0.5078662225462995	2017.028490220475
3690.166827804634	3074.3683543420552	3969.761041278483	0.5078745541356848	2016.8990342413142
3691.3692282047004	3073.874353647709	3969.4249369827044	0.5078828857250701	2016.7695782621533
3692.5716286047673	3073.3803529533625	3969.0887815752026	0.5078913323904871	2016.6401222829925
3693.774029004834	3072.886352259016	3968.752575044319	0.5078998369701638	2016.5106663038314
3694.9764294049005	3072.3923515646698	3968.4163173783904	0.5079083415498405	2016.3812103246705
3696.1788298049673	3071.898350870323	3968.0800085657493	0.5079168461295172	2016.2517543455097
3697.3812302050337	3071.404350175977	3967.7436485947264	0.5079253507091939	2016.1222983663488
3698.5836306051006	3070.9103494816304	3967.4072374536454	0.5079338552888706	2015.9928423871877
3699.7860310051674	3070.416348787284	3967.070775130831	0.5079424662404944	2015.8633864080273
3700.9884314052338	3069.9223480929377	3966.7342616146	0.5079511420424568	2015.7339304288664
3702.1908318053006	3069.428347398591	3966.39769689327	0.5079598178444193	2015.6044744497055
3703.3932322053674	3068.934346704245	3966.0610809551526	0.5079684936463817	2015.4750184705445
3704.595632605434	3068.4403460098983	3965.7244137885536	0.5079771694483441	2015.3455624913836
3705.7980330055007	3067.946345315552	3965.3876953817803	0.5079858452503065	2015.2161065122227
3707.0004334055675	3067.4523446212056	3965.0509257231315	0.5079946188847448	2015.0866505330619
3708.202833805634	3066.958343926859	3964.714104800907	0.508003464156835	2014.957194553901
3709.4052342057007	3066.464343232513	3964.3772326033995	0.508012309428925	2014.82773857474
3710.6076346057675	3065.9703425381663	3964.0403091188996	0.5080211547010149	2014.698282595579
3711.810035005834	3065.47634184382	3963.703334335695	0.508029999973105	2014.5688266164182
3713.0124354059008	3064.9823411494735	3963.366308242067	0.508038845245195	2014.4393706372573
3714.2148358059676	3064.488340455127	3963.0292308262974	0.508047779971095	2014.3099146580962
3715.417236206034	3063.994339760781	3962.6921020766613	0.5080567929737814	2014.1804586789358
3716.619636606101	3063.500339066434	3962.3549219814317	0.5080658059764678	2014.051002699775
3717.8220370061676	3063.0063383720876	3962.0176905288768	0.5080748189791542	2013.921546720614
3719.024437406234	3062.5123376777415	3961.680407707263	0.5080838319818406	2013.792090741453
3720.226837806301	3062.018336983395	3961.3430735048514	0.508092844984527	2013.662634762292
3721.4292382063677	3061.524336289049	3961.005687909901	0.5081019392215188	2013.5331787831312
3722.631638606434	3061.0303355947026	3960.6682509106663	0.5081111182279419	2013.4037228039704
3723.834039006501	3060.5363349003565	3960.3307624953977	0.5081202972343648	2013.2742668248093
3725.0364394065673	3060.04233420601	3959.993222652344	0.5081294762407879	2013.1448108456484
3726.238839806634	3059.5483335116633	3959.655631369748	0.5081386552472109	2013.0153548664875
3727.441240206701	3059.054332817317	3959.3179886358503	0.508147834253634	2012.8858988873267
3728.6436406067673	3058.5603321229705	3958.9802944388884	0.5081570864335933	2012.756442908166
3729.846041006834	3058.0663314286244	3958.6425487670945	0.5081664297323598	2012.6269869290052
3731.048441406901	3057.572330734278	3958.3047516086995	0.5081757730311263	2012.4975309498443
3732.2508418069674	3057.0783300399316	3957.966902951928	0.5081851163298928	2012.3680749706834
3733.4532422070342	3056.584329345585	3957.6290027850036	0.5081944596286593	2012.2386189915223
3734.655642607101	3056.0903286512385	3957.291051096144	0.5082038029274258	2012.1091630123615
3735.8580430071675	3055.5963279568923	3956.953047873566	0.5082132114956405	2011.9797070332006
3737.0604434072343	3055.1023272625457	3956.6149931054797	0.5082227173907887	2011.8502510540397
3738.262843807301	3054.608326568199	3956.2768867800933	0.508232223285937	2011.7207950748789
3739.4652442073675	3054.114325873853	3955.938728885613	0.5082417291810853	2011.5913390957178
3740.6676446074343	3053.6203251795064	3955.600519410238	0.5082512350762336	2011.461883116557
3741.870045007501	3053.12632448516	3955.2622583421653	0.508260740971382	2011.332427137396
3743.0724454075676	3052.6323237908136	3954.9239456695905	0.5082703043864797	2011.2029711582352
3744.2748458076344	3052.138323096467	3954.5855813807016	0.5082799711973223	2011.0735151790745
3745.4772462077012	3051.644322402121	3954.247165463687	0.5082896380081648	2010.9440591999137
3746.6796466077676	3051.1503217077743	3953.908697906727	0.5082993048190074	2010.8146032207528
3747.8820470078344	3050.656321013428	3953.570178698003	0.5083089716298499	2010.685147241592
3749.0844474079013	3050.1623203190816	3953.23160782569	0.5083186384406925	2010.5556912624309
3750.2868478079677	3049.6683196247354	3952.89298527796	0.5083283551745119	2010.42623528327
3751.4892482080345	3049.174318930389	3952.554311042981	0.5083381812354792	2010.2967793041091
3752.691648608101	3048.6803182360422	3952.2155851089183	0.5083480072964466	2010.1673233249483
3753.8940490081677	3048.1863175416966	3951.876807463934	0.5083578333574139	2010.0378673457872
3755.0964494082345	3047.69231684735	3951.537978096184	0.5083676594183812	2009.9084113666263
3756.298849808301	3047.198316153004	3951.1990969938224	0.5083774854793486	2009.7789553874654
3757.5012502083678	3046.704315458657	3950.8601641450005	0.5083873540168107	2009.6494994083046
3758.7036506084346	3046.2103147643106	3950.5211795378636	0.5083973376772987	2009.5200434291437
3759.906051008501	3045.7163140699645	3950.182143160558	0.5084073213377867	2009.390587449983
3761.108451408568	3045.222313375618	3949.843055001219	0.5084173049982746	2009.2611314708222
3762.3108518086347	3044.7283126812713	3949.503915047985	0.5084272886587626	2009.1316754916613
3763.513252208701	3044.234311986925	3949.1647232889886	0.5084372723192506	2009.0022195125005
3764.715652608768	3043.7403112925786	3948.8254797123564	0.508447291158234	2008.8727635333394
3765.9180530088347	3043.2463105982324	3948.4861843062154	0.508457430782452	2008.7433075541785
3767.120453408901	3042.752309903886	3948.146837058685	0.5084675704066701	2008.6138515750176
3768.322853808968	3042.258309209539	3947.8074379578848	0.5084777100308882	2008.4843955958568
3769.5252542090348	3041.764308515193	3947.467986991928	0.5084878496551062	2008.3549396166957
3770.727654609101	3041.2703078208465	3947.128484148924	0.5084979892793242	2008.2254836375348
3771.930055009168	3040.7763071265003	3946.7889294169822	0.5085081569305396	2008.096027658374
3773.132455409235	3040.2823064321537	3946.449322784203	0.5085184508973603	2007.966571679213
3774.334855809301	3039.7883057378076	3946.1096642386888	0.5085287448641809	2007.8371157000524
3775.537256209368	3039.294305043461	3945.7699537685326	0.5085390388310016	2007.7076597208916
3776.739656609435	3038.8003043491144	3945.4301913618283	0.5085493327978222	2007.5782037417307
3777.9420570095012	3038.3063036547683	3945.0903770066648	0.508559626764643	2007.4487477625698
3779.144457409568	3037.8123029604217	3944.750510691126	0.5085699417515099	2007.3192917834087
3780.346857809635	3037.318302266075	3944.410592403294	0.5085803884543221	2007.1898358042479
3781.5492582097013	3036.824301571729	3944.070622131246	0.5085908351571342	2007.060379825087
3782.751658609768	3036.3303008773823	3943.730599863057	0.5086012818599464	2006.9309238459261
3783.9540590098345	3035.836300183036	3943.3905255867962	0.5086117285627585	2006.801467866765
3785.1564594099013	3035.3422994886896	3943.0503992905315	0.5086221752655706	2006.6720118876042
3786.358859809968	3034.8482987943435	3942.710220962325	0.5086326361240968	2006.5425559084433
3787.5612602100346	3034.3542980999973	3942.3699905902367	0.5086432339706576	2006.4130999292825
3788.7636606101014	3033.8602974056507	3942.029708162322	0.5086538318172182	2006.2836439501216
3789.9660610101682	3033.3662967113046	3941.6893736666334	0.508664429663779	2006.154187970961
3791.1684614102346	3032.872296016958	3941.3489870912194	0.5086750275103397	2006.0247319918
3792.3708618103014	3032.378295322612	3941.0085484241254	0.5086856253569004	2005.8952760126392
3793.5732622103683	3031.8842946282653	3940.6680576533904	0.508696230635559	2005.7658200334783
3794.7756626104347	3031.390293933919	3940.327514767055	0.5087069780478505	2005.6363640543173
3795.9780630105015	3030.8962932395725	3939.98691975315	0.5087177254601418	2005.5069080751564
3797.1804634105683	3030.402292545226	3939.6462725997076	0.5087284728724333	2005.3774520959955
3798.3828638106347	3029.90829185088	3939.305573294754	0.5087392202847246	2005.2479961168347
3799.5852642107016	3029.414291156533	3938.9648218263114	0.5087499676970161	2005.1185401376736
3800.7876646107684	3028.9202904621866	3938.6240181823996	0.5087607159566285	2004.9890841585127
3801.9900650108348	3028.4262897678404	3938.2831623510333	0.508771611370714	2004.8596281793518
3803.1924654109016	3027.932289073494	3937.9422543202254	0.5087825067847995	2004.730172200191
3804.3948658109684	3027.4382883791473	3937.601294077983	0.508793402198885	2004.6007162210299
3805.597266211035	3026.944287684801	3937.260281612312	0.5088042976129705	2004.4712602418695
3806.7996666111017	3026.4502869904545	3936.919216911212	0.508815193027056	2004.3418042627086
3808.0020670111685	3025.9562862961084	3936.578099962681	0.5088260884411415	2004.2123482835477
3809.204467411235	3025.462285601762	3936.236930754711	0.5088371247065558	2004.0828923043866
3810.4068678113017	3024.9682849074156	3935.8957092752935	0.5088481665724387	2003.9534363252258
3811.609268211368	3024.474284213069	3935.554435512414	0.5088592084383214	2003.823980346065
3812.811668611435	3023.980283518723	3935.213109454054	0.5088702503042043	2003.694524366904
3814.0140690115018	3023.4862828243763	3934.8717310881943	0.5088812921700872	2003.5650683877432
3815.216469411568	3022.9922821300297	3934.5303004028074	0.5088923340359699	2003.435612408582
3816.418869811635	3022.4982814356836	3934.1888173858674	0.5089035089043559	2003.3061564294212
3817.621270211702	3022.0042807413374	3933.8472820253396	0.5089146956858397	2003.1767004502603
3818.823670611768	3021.5102800469913	3933.505694309189	0.5089258824673234	2003.0472444711
3820.026071011835	3021.0162793526447	3933.164054225376	0.5089370692488071	2002.9177884919388
3821.228471411902	3020.522278658298	3932.8223617618573	0.5089482560302909	2002.788332512778
3822.4308718119682	3020.028277963952	3932.4806169065855	0.5089594428117746	2002.658876533617
3823.633272212035	3019.5342772696054	3932.1388196475095	0.5089707548939556	2002.5294205544562
3824.835672612102	3019.0402765752588	3931.796969972575	0.5089820850685063	2002.3999645752951
3826.0380730121683	3018.5462758809126	3931.4550678697256	0.5089934152430569	2002.2705085961343
3827.240473412235	3018.052275186566	3931.1131133268964	0.5090047454176075	2002.1410526169734
3828.442873812302	3017.55827449222	3930.771106332024	0.5090160755921582	2002.0115966378125
3829.6452742123683	3017.0642737978733	3930.4290468730383	0.5090274057667089	2001.8821406586515
3830.847674612435	3016.5702731035267	3930.0869349378663	0.5090388536852541	2001.7526846794906
3832.050075012502	3016.0762724091805	3929.7447705144327	0.5090503257438626	2001.6232287003297
3833.2524754125684	3015.582271714834	3929.4025535906544	0.509061797802471	2001.4937727211689
3834.4548758126352	3015.088271020488	3929.06028415445	0.5090732698610793	2001.3643167420082
3835.657276212702	3014.594270326141	3928.71796219373	0.5090847419196877	2001.2348607628473
3836.8596766127685	3014.100269631795	3928.3755876964033	0.5090962139782961	2001.1054047836865
3838.0620770128353	3013.6062689374485	3928.033160650375	0.5091077963674113	2000.9759488045256
3839.2644774129017	3013.112268243102	3927.6906810435453	0.5091194088144597	2000.8464928253647
3840.4668778129685	3012.6182675487557	3927.3481488638135	0.5091310212615082	2000.7170368462037
3841.669278213036	3012.124266854409	3927.005564099071	0.5091426337085566	2000.5875808670428
3842.8716786131017	3011.630266160063	3926.6629267372095	0.509154246155605	2000.458124887882
3844.074079013168	3011.1362654657164	3926.320236766113	0.5091658586026534	2000.328668908721
3845.2764794132354	3010.64226477137	3925.9774941736664	0.50917757410807	2000.19921292956
3846.4788798133013	3010.1482640770237	3925.634698947748	0.509189325461198	2000.069756950399
3847.6812802133686	3009.654263382677	3925.291851076231	0.509201076814326	1999.9403009712385
3848.8836806134354	3009.1602626883305	3924.9489505469883	0.5092128281674541	1999.8108449920776
3850.086081013502	3008.666261993985	3924.605997347887	0.5092245795205821	1999.6813890129165
3851.2884814135687	3008.172261299638	3924.2629914667914	0.5092363308737101	1999.5519330337556
3852.490881813636	3007.678260605292	3923.919932891562	0.5092481781525754	1999.4224770545948
3853.6932822137023	3007.1842599109455	3923.5768216100532	0.5092600669425474	1999.2930210754341
3854.8956826137683	3006.6902592165993	3923.2336576101197	0.5092719557325195	1999.163565096273
3856.0980830138355	3006.1962585222527	3922.890440879609	0.5092838445224915	1999.0341091171122
3857.3004834139015	3005.702257827906	3922.5471714063674	0.5092957333124635	1998.9046531379513
3858.5028838139688	3005.20825713356	3922.2038491782364	0.5093076221024355	1998.7751971587904
3859.7052842140356	3004.7142564392134	3921.860474183053	0.5093195998232062	1998.6457411796296
3860.907684614102	3004.2202557448672	3921.5170464086523	0.5093316245937822	1998.5162852004687
3862.110085014169	3003.7262550505206	3921.173565842862	0.5093436493643583	1998.3868292213078
3863.312485414236	3003.232254356174	3920.830032473511	0.5093556741349344	1998.257373242147
3864.514885814302	3002.738253661828	3920.4864462884216	0.5093676989055105	1998.127917262986
3865.7172862143684	3002.2442529674813	3920.1428072754125	0.5093797236760865	1997.998461283825
3866.9196866144357	3001.7502522731347	3919.799115422299	0.5093918305184213	1997.8690053046641
3868.1220870145016	3001.2562515787886	3919.455370716893	0.5094039898262269	1997.7395493255035
3869.324487414569	3000.762250884442	3919.1115731470013	0.5094161491340325	1997.6100933463426
3870.526887814635	3000.268250190096	3918.767722700429	0.5094283084418381	1997.4806373671815
3871.729288214702	2999.7742494957492	3918.423819364976	0.5094404677496437	1997.3511813880207
3872.931688614769	2999.280248801403	3918.079863128439	0.5094526270574493	1997.2217254088598
3874.1340890148354	2998.7862481070565	3917.73585397861	0.5094648617121045	1997.0922694296992
3875.3364894149026	2998.29224741271	3917.3917919032783	0.5094771541265051	1996.962813450538
3876.5388898149686	2997.7982467183638	3917.04767689023	0.5094894465409056	1996.8333574713772
3877.741290215036	2997.304246024017	3916.703508927246	0.5095017389553061	1996.7039014922163
3878.943690615102	2996.810245329671	3916.3592880021033	0.5095140313697067	1996.5744455130555
3880.146091015169	2996.3162446353244	3916.015014102577	0.5095263237841073	1996.4449895338944
3881.348491415235	2995.8222439409783	3915.670687216437	0.5095386849528317	1996.3155335547335
3882.5508918153023	2995.328243246632	3915.3263073314492	0.5095511090558045	1996.1860775755729
3883.753292215369	2994.8342425522856	3914.981874435377	0.5095635331587773	1996.056621596412
3884.9556926154355	2994.3402418579394	3914.6373885159787	0.5095759572617502	1995.927165617251
3886.1580930155023	2993.846241163593	3914.2928495610095	0.5095883813647231	1995.79770963809
3887.3604934155687	2993.352240469246	3913.948257558221	0.5096008054676958	1995.6682536589292
3888.562893815636	2992.8582397749	3913.6036124953616	0.5096132918631279	1995.5387976797683
3889.765294215702	2992.3642390805535	3913.2589143601735	0.5096258462491388	1995.4093417006075
3890.9676946157692	2991.8702383862073	3912.914163140398	0.5096384006351498	1995.2798857214466
3892.170095015835	2991.3762376918608	3912.5693588237705	0.5096509550211606	1995.1504297422857
3893.3724954159024	2990.882236997514	3912.2245013980237	0.5096635094071716	1995.0209737631249
3894.5748958159693	2990.388236303168	3911.879590850888	0.5096760637931825	1994.891517783964
3895.7772962160357	2989.8942356088214	3911.5346271700846	0.5096886741387484	1994.762061804803
3896.979696616103	2989.4002349144753	3911.1896103433382	0.5097013574146286	1994.632605825642
3898.182097016169	2988.9062342201287	3910.8445403583646	0.5097140406905089	1994.5031498464814
3899.384497416236	2988.4122335257825	3910.499417202878	0.5097267239663891	1994.3736938673205
3900.586897816302	2987.918232831436	3910.1542408645873	0.5097394072422693	1994.2442378881594
3901.7892982163694	2987.4242321370893	3909.8090113311982	0.5097520905181495	1994.1147819089986
3902.9916986164353	2986.930231442743	3909.463728590415	0.5097648235479625	1993.9853259298377
3904.1940990165026	2986.4362307483966	3909.118392629935	0.5097776343327873	1993.8558699506768
3905.396499416569	2985.9422300540505	3908.773003437452	0.5097904451176122	1993.726413971516
3906.598899816636	2985.448229359704	3908.4275610006575	0.509803255902437	1993.596957992355
3907.8013002167027	2984.9542286653573	3908.0820653072383	0.5098160666872619	1993.4675020131942
3909.003700616769	2984.460227971011	3907.7365163448785	0.5098288774720867	1993.3380460340334
3910.2061010168363	2983.9662272766645	3907.3909141012564	0.509841731930847	1993.2085900548723
3911.4085014169023	2983.472226582318	3907.0452585640487	0.5098546688558143	1993.0791340757114
3912.6109018169695	2982.978225887972	3906.699549720927	0.5098676057807815	1992.9496780965508
3913.8133022170355	2982.4842251936257	3906.353787559558	0.5098805427057488	1992.82022211739
3915.0157026171028	2981.9902244992795	3906.0079720676085	0.5098934796307161	1992.690766138229
3916.2181030171687	2981.496223804933	3905.662103232736	0.5099064165556834	1992.561310159068
3917.420503417236	2981.0022231105863	3905.316181042599	0.5099193911985792	1992.431854179907
3918.6229038173033	2980.50822241624	3904.970205484851	0.5099324529068913	1992.3023982007462
3919.825304217369	2980.0142217218936	3904.624176547138	0.5099455146152032	1992.1729422215856
3921.0277046174365	2979.5202210275474	3904.278094217109	0.5099585763235153	1992.0434862424245
3922.2301050175024	2979.026220333201	3903.931958482402	0.5099716380318273	1991.9140302632636
3923.4325054175697	2978.5322196388547	3903.585769330657	0.5099846997401394	1991.7845742841027
3924.6349058176356	2978.038218944508	3903.239526749506	0.5099977933327497	1991.6551183049419
3925.837306217703	2977.544218250162	3902.8932307265804	0.5100109784794956	1991.5256623257808
3927.0397066177693	2977.0502175558154	3902.5468812495055	0.5100241636262416	1991.3962063466201
3928.242107017836	2976.556216861469	3902.200478305903	0.5100373487729875	1991.2667503674593
3929.4445074179025	2976.0622161671226	3901.854021883393	0.5100505339197333	1991.1372943882984
3930.6469078179693	2975.568215472776	3901.5075119695884	0.5100637190664793	1991.0078384091373
3931.8493082180366	2975.0742147784295	3901.1609485521017	0.5100769303846772	1990.8783824299765
3933.0517086181026	2974.5802140840833	3900.8143316185387	0.5100902376367168	1990.7489264508156
3934.25410901817	2974.0862133897367	3900.4676611565033	0.5101035448887563	1990.6194704716547
3935.456509418236	2973.59221269539	3900.1209371535942	0.5101168521407959	1990.4900144924939
3936.658909818303	2973.098212001044	3899.774159597407	0.5101301593928356	1990.360558513333
3937.861310218369	2972.6042113066974	3899.427328475534	0.5101434666448751	1990.2311025341721
3939.0637106184363	2972.1102106123512	3899.080443775563	0.5101567944747321	1990.1016465550113
3940.2661110185027	2971.6162099180046	3898.733505485077	0.5101702225105808	1989.9721905758504
3941.4685114185695	2971.1222092236585	3898.386513591657	0.5101836505464294	1989.8427345966893
3942.670911818637	2970.628208529312	3898.0394680828795	0.510197078582278	1989.7132786175287
3943.8733122187027	2970.1342078349658	3897.692368946317	0.5102105066181267	1989.5838226383678
3945.07571261877	2969.640207140619	3897.345216169536	0.5102239346539754	1989.454366659207
3946.278113018836	2969.146206446273	3896.998009740105	0.5102373777916668	1989.3249106800458
3947.4805134189032	2968.652205751927	3896.650749645582	0.5102509253013814	1989.195454700885
3948.6829138189696	2968.1582050575803	3896.3034358735254	0.510264472811096	1989.065998721724
3949.8853142190364	2967.6642043632337	3895.9560684114886	0.5102780203208106	1988.9365427425632
3951.087714619103	2967.1702036688876	3895.6086472470206	0.5102915678305252	1988.8070867634024
3952.2901150191697	2966.676202974541	3895.261172367667	0.5103051153402399	1988.6776307842415
3953.492515419237	2966.1822022801944	3894.913643760969	0.5103186725919509	1988.5481748050806
3954.694915819303	2965.688201585848	3894.5660614144667	0.5103323382770182	1988.4187188259198
3955.89731621937	2965.1942008915016	3894.2184253156915	0.5103460039620854	1988.2892628467587
3957.099716619436	2964.7002001971555	3893.870735452175	0.5103596696471527	1988.159806867598
3958.3021170195034	2964.206199502809	3893.522991811443	0.51037333533222	1988.0303508884372
3959.5045174195693	2963.7121988084627	3893.1751943810173	0.5103870010172873	1987.9008949092763
3960.7069178196357	2963.218198114116	3892.8273431484176	0.5104006711991212	1987.7714389301152
3961.909318219703	2962.72419741977	3892.479438101159	0.5104144537723463	1987.6419829509543
3963.11171861977	2962.2301967254234	3892.131479226751	0.5104282363455713	1987.5125269717935
3964.314119019836	2961.736196031077	3891.7834665127	0.5104420189187963	1987.3830709926328
3965.516519419903	2961.2421953367307	3891.4353999465125	0.5104558014920213	1987.253615013472
3966.7189198199703	2960.748194642384	3891.0872795156843	0.5104695840652463	1987.1241590343109
3967.9213202200363	2960.254193948038	3890.7391052077123	0.5104833666384713	1986.99470305515
3969.1237206201035	2959.7601932536913	3890.390877010088	0.5104972641885288	1986.8652470759891
3970.32612102017	2959.2661925593447	3890.0425949102982	0.510511162373925	1986.7357910968283
3971.528521420236	2958.7721918649986	3889.694258895828	0.5105250605593212	1986.6063351176674
3972.730921820303	2958.278191170652	3889.3458689541567	0.5105389587447174	1986.4768791385065
3973.93332222037	2957.7841904763054	3888.9974250727596	0.5105528569301137	1986.3474231593457
3975.1357226204364	2957.2901897819593	3888.6489272391104	0.5105667551155099	1986.2179671801848
3976.338123020503	2956.7961890876127	3888.3003754406755	0.5105807619923978	1986.0885112010237
3977.5405234205705	2956.3021883932665	3887.9517696649214	0.5105947745250783	1985.9590552218629
3978.7429238206364	2955.8081876989204	3887.603109899306	0.5106087870577588	1985.829599242702
3979.9453242207037	2955.3141870045743	3887.2543961312886	0.5106227995904394	1985.7001432635413
3981.1477246207696	2954.8201863102277	3886.9056283483205	0.51063681212312	1985.5706872843803
3982.350125020836	2954.326185615881	3886.5568065378493	0.5106508246558006	1985.4412313052194
3983.5525254209033	2953.832184921535	3886.2079306873234	0.5106649397158225	1985.3117753260585
3984.754925820969	2953.3381842271883	3885.859000784181	0.510679065341894	1985.1823193468977
3985.9573262210365	2952.844183532842	3885.51001681586	0.5106931909679654	1985.0528633677366
3987.1597266211033	2952.3501828384956	3885.160978769794	0.5107073165940369	1984.923407388576
3988.3621270211697	2951.8561821441494	3884.811886633412	0.5107214422201084	1984.793951409415
3989.5645274212366	2951.362181449803	3884.46274039414	0.5107355678461799	1984.6644954302542
3990.766927821304	2950.8681807554563	3884.1135400393982	0.5107497899550895	1984.5350394510933
3991.9693282213702	2950.37418006111	3883.764285556607	0.5107640274315431	1984.4055834719322
3993.171728621436	2949.8801793667635	3883.414976933177	0.5107782649079969	1984.2761274927714
3994.3741290215034	2949.386178672417	3883.0656141565205	0.5107925023844507	1984.1466715136105
3995.5765294215694	2948.892177978071	3882.7161972140425	0.5108067398609045	1984.0172155344499
3996.7789298216367	2948.398177283724	3882.3667260931447	0.5108209773373583	1983.8877595552888
3997.9813302217035	2947.9041765893776	3882.0172007812266	0.5108353053702741	1983.758303576128
3999.18373062177	2947.4101758950314	3881.6676212656807	0.5108496534648839	1983.628847596967
4000.3861310218367	2946.916175200685	3881.3179875338988	0.5108640015594936	1983.4993916178062
4001.588531421904	2946.4221745063387	3880.968299573268	0.5108783496541034	1983.369935638645
4002.79093182197	2945.928173811992	3880.6185573711673	0.5108926977487132	1983.2404796594844
4003.9933322220363	2945.434173117646	3880.2687609149793	0.5109070458433229	1983.1110236803236
4005.1957326221036	2944.9401724232994	3879.918910192076	0.5109214786846423	1982.9815677011627
4006.3981330221695	2944.446171728953	3879.5690051898296	0.5109359361758589	1982.8521117220016
4007.600533422237	2943.9521710346066	3879.2190458956065	0.5109503936670753	1982.7226557428407
4008.8029338223037	2943.45817034026	3878.86903229677	0.5109648511582918	1982.5931997636799
4010.00533422237	2942.964169645914	3878.518964380679	0.5109793086495084	1982.4637437845192
4011.207734622437	2942.4701689515678	3878.168842134688	0.5109937661407248	1982.3342878053581
4012.410135022504	2941.976168257221	3877.8186655461486	0.5110083026840391	1982.2048318261973
4013.6125354225705	2941.482167562875	3877.468434602408	0.5110228683608876	1982.0753758470364
4014.8149358226365	2940.9881668685284	3877.1181492908095	0.511037434037736	1981.9459198678755
4016.0173362227038	2940.4941661741823	3876.7678095986926	0.5110519997145846	1981.816463888715
4017.2197366227697	2940.0001654798357	3876.417415513393	0.5110665653914331	1981.6870079095538
4018.422137022837	2939.506164785489	3876.0669670222414	0.5110811310682816	1981.557551930393
4019.624537422903	2939.012164091143	3875.7164641125664	0.5110957702162918	1981.428095951232
4020.82693782297	2938.5181633967964	3875.365906771691	0.5111104428782706	1981.2986399720712
4022.029338223037	2938.02416270245	3875.0152949869344	0.5111251155402493	1981.1691839929101
4023.2317386231034	2937.5301620081036	3874.6646287456133	0.511139788202228	1981.0397280137493
4024.4341390231702	2937.036161313757	3874.3139080350393	0.5111544608642067	1980.9102720345886
4025.6365394232366	2936.542160619411	3873.9631328425207	0.5111691335261854	1980.7808160554277
4026.838939823304	2936.0481599250643	3873.61230315536	0.5111838741906204	1980.6513600762667
4028.04134022337	2935.554159230718	3873.2614189608594	0.5111986526476009	1980.5219040971058
4029.243740623437	2935.0601585363715	3872.910480246313	0.5112134311045814	1980.392448117945
4030.446141023503	2934.5661578420254	3872.5594869990136	0.5112282095615619	1980.262992138784
4031.6485414235704	2934.072157147679	3872.2084392062497	0.5112429880185423	1980.1335361596232
4032.850941823637	2933.578156453332	3871.8573368553048	0.5112577664755228	1980.0040801804623
4034.0533422237036	2933.084155758986	3871.50617993346	0.5112726075770557	1979.8746242013015
4035.255742623771	2932.5901550646395	3871.1549684279908	0.5112874906491819	1979.7451682221406
4036.458143023837	2932.096154370293	3870.803702326169	0.511302373721308	1979.6157122429795
4037.660543423904	2931.6021536759467	3870.4523816152655	0.5113172567934342	1979.4862562638186
4038.86294382397	2931.1081529816	3870.1010062825426	0.5113321398655604	1979.3568002846578
4040.0653442240373	2930.614152287254	3869.749576315261	0.5113470229376865	1979.2273443054971
4041.267744624103	2930.1201515929074	3869.3980917006775	0.5113619634058545	1979.0978883263363
4042.4701450241705	2929.6261508985613	3869.046552426044	0.5113769499234454	1978.9684323471752
4043.672545424237	2929.132150204215	3868.6949584786107	0.5113919364410363	1978.8389763680143
4044.8749458243037	2928.6381495098685	3868.3433098456203	0.5114069229586273	1978.7095203888534
4046.0773462243706	2928.1441488155224	3867.991606514315	0.5114219094762182	1978.5800644096926
4047.279746624437	2927.650148121176	3867.6398484719307	0.5114368959938093	1978.4506084305317
4048.4821470245042	2927.1561474268296	3867.2880357057	0.511451934766933	1978.3211524513708
4049.68454742457	2926.662146732483	3866.936168202852	0.5114670235703866	1978.19169647221
4050.8869478246374	2926.168146038137	3866.584245950611	0.5114821123738404	1978.062240493049
4052.0893482247034	2925.6741453437903	3866.2322689361977	0.5114972011772941	1977.932784513888
4053.2917486247707	2925.1801446494437	3865.88023714683	0.5115122899807479	1977.8033285347271
4054.4941490248366	2924.6861439550976	3865.52815056972	0.5115273787842016	1977.6738725555665
4055.696549424904	2924.192143260751	3865.1760091920755	0.5115425148093057	1977.5444165764056
4056.898949824971	2923.6981425664044	3864.8238130011023	0.5115577047490012	1977.4149605972445
4058.101350225037	2923.2041418720582	3864.471561984003	0.5115728946886966	1977.2855046180837
4059.3037506251044	2922.7101411777116	3864.119256127971	0.511588084628392	1977.1560486389228
4060.5061510251703	2922.216140483365	3863.7668954202018	0.5116032745680875	1977.026592659762
4061.7085514252376	2921.722139789019	3863.4144798478833	0.5116184645077829	1976.897136680601
4062.9109518253035	2921.2281390946723	3863.062009398201	0.5116336967405166	1976.7676807014402
4064.113352225371	2920.734138400326	3862.709484058336	0.5116489866767195	1976.6382247222793
4065.315752625437	2920.2401377059796	3862.356903815463	0.5116642766129224	1976.5087687431185
4066.518153025504	2919.7461370116334	3862.0042686567585	0.5116795665491253	1976.3793127639576
4067.720553425571	2919.252136317287	3861.651578569389	0.5116948564853281	1976.2498567847965
4068.9229538256373	2918.7581356229407	3861.29883354052	0.511710146421531	1976.1204008056359
4070.1253542257045	2918.264134928594	3860.9460335573117	0.511725473826091	1975.990944826475
4071.3277546257705	2917.7701342342475	3860.5931786069223	0.5117408626288606	1975.8614888473141
4072.5301550258378	2917.2761335399014	3860.2402686765054	0.5117562514316304	1975.732032868153
4073.7325554259037	2916.7821328455548	3859.887303753207	0.5117716402344	1975.6025768889922
4074.934955825971	2916.2881321512086	3859.5342838241754	0.5117870290371698	1975.4731209098313
4076.137356226037	2915.7941314568625	3859.181208876549	0.5118024178399394	1975.3436649306707
4077.339756626104	2915.300130762516	3858.828078897466	0.5118178393889925	1975.2142089515096
4078.5421570261706	2914.8061300681698	3858.47489387406	0.511833325938087	1975.0847529723487
4079.7445574262374	2914.312129373823	3858.121653793458	0.5118488124871815	1974.9552969931879
4080.9469578263047	2913.8181286794766	3857.7683586427856	0.511864299036276	1974.825841014027
4082.1493582263706	2913.3241279851304	3857.4150084091643	0.5118797855853705	1974.696385034866
4083.351758626438	2912.830127290784	3857.061603079711	0.5118952721344651	1974.566929055705
4084.554159026504	2912.3361265964377	3856.7081426415384	0.5119107868090712	1974.4374730765444
4085.756559426571	2911.842125902091	3856.3546270817537	0.5119263699938578	1974.3080170973835
4086.9589598266375	2911.3481252077445	3856.001056387464	0.5119419531786443	1974.1785611182224
4088.1613602267043	2910.8541245133983	3855.647430545769	0.5119575363634309	1974.0491051390616
4089.3637606267707	2910.3601238190518	3855.2937495437654	0.5119731195482176	1973.9196491599007
4090.5661610268376	2909.8661231247056	3854.9400133685463	0.5119887027330041	1973.7901931807398
4091.768561426905	2909.372122430359	3854.5862220072	0.5120043095225424	1973.6607372015792
4092.970961826971	2908.878121736013	3854.232375446812	0.5120199882419048	1973.531281222418
4094.173362227038	2908.3841210416663	3853.878473674461	0.5120356669612671	1973.4018252432572
4095.375762627104	2907.8901203473197	3853.5245166772256	0.5120513456806295	1973.2723692640964
4096.578163027171	2907.396119652973	3853.170504442178	0.5120670243999919	1973.1429132849355
4097.780563427237	2906.902118958627	3852.816436956386	0.5120827031193542	1973.0134573057746
4098.982963827304	2906.408118264281	3852.462314206915	0.5120984010214465	1972.8840013266138
4100.185364227371	2905.914117569934	3852.108136180824	0.5121141741836952	1972.754545347453
4101.387764627438	2905.4201168755876	3851.7539028651713	0.5121299473459439	1972.625089368292
4102.590165027505	2904.926116181241	3851.399614247008	0.5121457205081925	1972.495633389131
4103.792565427571	2904.432115486895	3851.0452703133833	0.5121614936704412	1972.36617740997
4104.994965827637	2903.9381147925487	3850.690871051341	0.5121772668326898	1972.2367214308094
4106.197366227704	2903.444114098202	3850.3364164479212	0.5121930548531278	1972.1072654516486
4107.399766627771	2902.950113403856	3849.98190649016	0.5122089213759125	1971.9778094724875
4108.602167027838	2902.45611270951	3849.6273411650905	0.5122247878986971	1971.8483534933266
4109.804567427905	2901.9621120151633	3849.2727204597395	0.5122406544214818	1971.7188975141657
4111.0069678279715	2901.4681113208167	3848.918044361132	0.5122565209442664	1971.5894415350049
4112.209368228037	2900.9741106264705	3848.5633128562877	0.5122723874670511	1971.4599855558438
4113.411768628104	2900.480109932124	3848.2085259322216	0.5122882646197233	1971.3305295766831
4114.614169028171	2899.986109237778	3847.853683575948	0.5123042234299433	1971.2010735975223
4115.816569428238	2899.492108543431	3847.498785774472	0.5123201822401634	1971.0716176183614
4117.018969828305	2898.9981078490846	3847.1438325147988	0.5123361410503834	1970.9421616392005
4118.221370228371	2898.5041071547384	3846.788823783929	0.5123520998606034	1970.8127056600395
4119.4237706284375	2898.0101064603923	3846.433759568856	0.5123680586708235	1970.6832496808786
4120.626171028504	2897.5161057660457	3846.078639856573	0.5123840239776419	1970.5537937017177
4121.828571428571	2897.022105071699	3845.723464634066	0.5124000740113592	1970.424337722557
4123.030971828638	2896.5281043773525	3845.36823388832	0.5124161240450765	1970.294881743396
4124.233372228705	2896.0341036830064	3845.012947606315	0.5124321740787938	1970.1654257642351
4125.435772628771	2895.5401029886602	3844.6576057750235	0.5124482241125111	1970.0359697850743
4126.638173028838	2895.0461022943136	3844.302208381419	0.5124642741462284	1969.9065138059134
4127.8405734289045	2894.552101599967	3843.9467554124676	0.5124803266370568	1969.7770578267523
4129.042973828971	2894.058100905621	3843.5912468551332	0.5124964668394114	1969.6476018475917
4130.245374229038	2893.5641002112743	3843.2356826963746	0.512512607041766	1969.5181458684308
4131.447774629105	2893.0700995169277	3842.880062923145	0.5125287472441208	1969.38868988927
4132.650175029171	2892.5760988225816	3842.5243875223982	0.5125448874464754	1969.2592339101088
4133.852575429238	2892.082098128235	3842.1686564810784	0.51256102764883	1969.129777930948
4135.054975829305	2891.588097433889	3841.8128697861302	0.5125771678511847	1969.000321951787
4136.257376229371	2891.0940967395422	3841.45702742449	0.5125933956865378	1968.8708659726265
4137.459776629438	2890.6000960451956	3841.1011293830943	0.5126096250116614	1968.7414099934654
4138.662177029505	2890.1060953508495	3840.745175648872	0.512625854336785	1968.6119540143045
4139.864577429571	2889.612094656504	3840.389166208752	0.5126420836619086	1968.4824980351436
4141.066977829638	2889.118093962157	3840.0331010496534	0.5126583129870321	1968.3530420559828
4142.269378229705	2888.6240932678106	3839.6769801584956	0.5126745423121557	1968.223586076822
4143.4717786297715	2888.130092573464	3839.320803522193	0.5126908543778608	1968.0941300976608
4144.674179029838	2887.636091879118	3838.9645711276553	0.5127071717887927	1967.9646741185002
4145.876579429904	2887.1420911847717	3838.6082829617876	0.5127234891997245	1967.8352181393393
4147.078979829971	2886.648090490425	3838.251939011492	0.5127398066106564	1967.7057621601784
4148.281380230038	2886.1540897960786	3837.8955392636667	0.5127561240215883	1967.5763061810173
4149.483780630105	2885.660089101732	3837.539083705205	0.5127724414325202	1967.4468502018565
4150.686181030172	2885.166088407386	3837.1825723229963	0.5127888367907001	1967.3173942226956
4151.888581430238	2884.672087713039	3836.8260051039256	0.5128052412593046	1967.1879382435347
4153.090981830304	2884.178087018693	3836.4693820348743	0.512821645727909	1967.0584822643739
4154.293382230371	2883.6840863243465	3836.1127031027195	0.5128380501965135	1966.929026285213
4155.495782630438	2883.1900856300003	3835.755968294335	0.512854454665118	1966.7995703060521
4156.698183030505	2882.6960849356537	3835.399177596588	0.5128708591337224	1966.6701143268913
4157.900583430572	2882.202084241307	3835.0423309963444	0.5128873368540896	1966.5406583477302
4159.102983830639	2881.7080835469606	3834.6854284804645	0.5129038273609718	1966.4112023685693
4160.3053842307045	2881.2140828526144	3834.328470035805	0.5129203178678541	1966.2817463894087
4161.507784630771	2880.7200821582683	3833.971455649219	0.5129368083747362	1966.1522904102478
4162.710185030838	2880.2260814639217	3833.6143853075523	0.5129532988816184	1966.0228344310867
4163.912585430905	2879.732080769575	3833.257258997652	0.5129697893885007	1965.8933784519259
4165.114985830972	2879.2380800752285	3832.9000767063562	0.5129863485482918	1965.763922472765
4166.317386231039	2878.7440793808823	3832.542838420502	0.513002924082719	1965.6344664936041
4167.519786631105	2878.250078686536	3832.1855441269204	0.5130194996171461	1965.5050105144435
4168.722187031171	2877.7560779921896	3831.8281938124396	0.5130360751515732	1965.3755545352824
4169.924587431238	2877.262077297843	3831.4707874638825	0.5130526506860004	1965.2460985561215
4171.126987831305	2876.7680766034973	3831.113325068069	0.5130692262204275	1965.1166425769607
4172.329388231372	2876.2740759091507	3830.755806611814	0.5130858659043354	1964.9871865977998
4173.531788631438	2875.7800752148046	3830.3982320819296	0.5131025254641536	1964.857730618639
4174.734189031505	2875.286074520458	3830.0406014652212	0.5131191850239718	1964.728274639478
4175.9365894315715	2874.7920738261114	3829.6829147484927	0.51313584458379	1964.5988186603172
4177.138989831638	2874.2980731317652	3829.3251719185423	0.5131525041436082	1964.4693626811563
4178.341390231705	2873.8040724374187	3828.967372962165	0.5131691637034264	1964.3399067019952
4179.543790631772	2873.310071743072	3828.609517866151	0.5131858830035343	1964.2104507228344
4180.746191031838	2872.816071048726	3828.2516066172866	0.5132026255950896	1964.0809947436737
4181.948591431905	2872.32207035438	3827.8936392023543	0.5132193681866449	1963.9515387645129
4183.150991831972	2871.828069660033	3827.5356156081307	0.5132361107782002	1963.8220827853518
4184.3533922320385	2871.3340689656866	3827.1775358213913	0.5132528533697555	1963.692626806191
4185.555792632105	2870.84006827134	3826.8193998289044	0.5132695959613108	1963.56317082703
4186.758193032172	2870.346067576994	3826.461207617437	0.5132863939770286	1963.4337148478692
4187.960593432238	2869.8520668826477	3826.1029591737492	0.5133032186150894	1963.3042588687083
4189.162993832305	2869.358066188301	3825.7446544845993	0.5133200432531504	1963.1748028895474
4190.365394232372	2868.8640654939545	3825.386293536739	0.5133368678912112	1963.0453469103866
4191.567794632439	2868.370064799608	3825.027876316917	0.5133536925292722	1962.9158909312257
4192.770195032505	2867.876064105262	3824.669402811881	0.5133705171673331	1962.7864349520648
4193.972595432572	2867.382063410915	3824.310873008368	0.5133873930053309	1962.6569789729037
4195.174995832638	2866.888062716569	3823.9522868931167	0.5134042987130073	1962.527522993743
4196.377396232705	2866.3940620222224	3823.593644452857	0.5134212044206838	1962.3980670145822
4197.579796632772	2865.9000613278763	3823.2349456743204	0.5134381101283604	1962.2686110354214
4198.782197032839	2865.4060606335297	3822.876190544228	0.5134550158360368	1962.1391550562603
4199.9845974329055	2864.912059939183	3822.5173790492995	0.51347192154371335	1962.0096990770994
4201.186997832971	2864.418059244837	3822.158511176253	0.5134888743178592	1961.8802430979385
4202.389398233038	2863.9240585504904	3821.7995869117963	0.5135058601265287	1961.7507871187777
4203.591798633105	2863.4300578561447	3821.44060624264	0.5135228459351983	1961.6213311396168
4204.794199033172	2862.936057161798	3821.081569155485	0.5135398317438677	1961.491875160456
4205.996599433239	2862.4420564674515	3820.72247563703	0.5135568175525373	1961.362419181295
4207.198999833306	2861.9480557731054	3820.3633256739718	0.5135738033612068	1961.2329632021342
4208.4014002333715	2861.454055078759	3820.004119252999	0.5135908321925022	1961.1035072229731
4209.603800633438	2860.9600543844126	3819.644856360798	0.5136078971417299	1960.9740512438125
4210.806201033505	2860.466053690066	3819.2855369840504	0.5136249620909578	1960.8445952646516
4212.008601433572	2859.9720529957194	3818.9261611094357	0.5136420270401855	1960.7151392854907
4213.211001833639	2859.4780523013733	3818.566728723628	0.5136590919894132	1960.5856833063297
4214.413402233706	2858.9840516070267	3818.2072398132937	0.5136761569386409	1960.4562273271688
4215.615802633772	2858.4900509126805	3817.8476943651017	0.5136932609551593	1960.326771348008
4216.8182030338385	2857.996050218334	3817.4880923657106	0.5137104040926261	1960.197315368847
4218.020603433905	2857.502049523988	3817.1284338017795	0.513727547230093	1960.0678593896862
4219.223003833972	2857.008048829641	3816.7687186599587	0.5137446903675598	1959.9384034105253
4220.425404234039	2856.5140481352946	3816.408946926898	0.5137618335050266	1959.8089474313645
4221.627804634106	2856.020047440948	3816.049118589242	0.5137789766424934	1959.6794914522036
4222.830205034172	2855.526046746602	3815.6892336336305	0.5137961549793179	1959.5500354730427
4224.032605434239	2855.0320460522557	3815.3292920467006	0.5138133753607423	1959.4205794938816
4225.235005834305	2854.538045357909	3814.9692938150815	0.5138305957421667	1959.2911235147208
4226.437406234372	2854.0440446635625	3814.609238925403	0.5138478161235911	1959.1616675355601
4227.639806634439	2853.550043969216	3814.2491273642872	0.5138650365050155	1959.0322115563993
4228.842207034506	2853.05604327487	3813.8889591183543	0.51388225688644	1958.9027555772382
4230.044607434572	2852.5620425805237	3813.5287341742187	0.5138995086856017	1958.7732995980773
4231.247007834639	2852.068041886177	3813.16845251849	0.5139168053746686	1958.6438436189164
4232.4494082347055	2851.5740411918305	3812.8081141377756	0.5139341020637355	1958.5143876397556
4233.651808634772	2851.080040497484	3812.447719018678	0.5139513987528023	1958.3849316605945
4234.854209034839	2850.5860398031377	3812.087267147795	0.5139686954418691	1958.2554756814338
4236.056609434905	2850.092039108792	3811.7267585117206	0.5139859921309359	1958.126019702273
4237.259009834972	2849.5980384144455	3811.3661930970434	0.5140033165413539	1957.996563723112
4238.461410235039	2849.104037720099	3811.005570890349	0.5140206886096381	1957.867107743951
4239.663810635106	2848.6100370257527	3810.6448918782203	0.5140380606779223	1957.7376517647901
4240.8662110351725	2848.116036331406	3810.284156047232	0.5140554327462066	1957.6081957856293
4242.068611435239	2847.6220356370595	3809.923363383958	0.5140728048144909	1957.4787398064686
4243.271011835305	2847.1280349427134	3809.5625138749665	0.5140901768827751	1957.3492838273078
4244.473412235372	2846.634034248367	3809.2016075068213	0.51410757306019506	1957.2198278481467
4245.675812635439	2846.1400335540206	3808.840644266083	0.5141250195870927	1957.0903718689858
4246.878213035506	2845.646032859674	3808.479624139307	0.5141424661139904	1956.960915889825
4248.080613435573	2845.1520321653275	3808.1185471130443	0.5141599126408881	1956.831459910664
4249.283013835639	2844.6580314709813	3807.7574131738434	0.5141773591677858	1956.702003931503
4250.485414235705	2844.164030776635	3807.3962223082467	0.5141948056946836	1956.5725479523423
4251.687814635772	2843.6700300822886	3807.034974502792	0.5142122728016201	1956.4430919731815
4252.890215035839	2843.176029387942	3806.6736697440147	0.5142297928742744	1956.3136359940206
4254.092615435906	2842.6820286935954	3806.312308018446	0.5142473129469287	1956.1841800148595
4255.295015835973	2842.1880279992492	3805.9508893126103	0.5142648330195831	1956.0547240356987
4256.4974162360395	2841.6940273049026	3805.5894136130305	0.5142823530922375	1955.9252680565378
4257.699816636105	2841.2000266105565	3805.2278809062236	0.5142998731648918	1955.7958120773771
4258.902217036172	2840.70602591621	3804.866291178703	0.5143174103705682	1955.666356098216
4260.104617436239	2840.2120252218638	3804.5046444169775	0.5143350030837992	1955.5369001190552
4261.307017836306	2839.718024527517	3804.1429406075526	0.5143525957970303	1955.4074441398943
4262.509418236373	2839.2240238331706	3803.7811797369277	0.5143701885102613	1955.2779881607335
4263.711818636439	2838.7300231388244	3803.4193617916007	0.5143877812234923	1955.1485321815726
4264.9142190365055	2838.236022444478	3803.0574867580617	0.5144053739367234	1955.0190762024117
4266.116619436572	2837.7420217501317	3802.6955546227996	0.5144229804170138	1954.8896202232509
4267.319019836639	2837.248021055785	3802.333565372298	0.5144406448732478	1954.76016424409
4268.521420236706	2836.754020361439	3801.9715189930344	0.5144583093294818	1954.6307082649291
4269.723820636773	2836.2600196670924	3801.609415471486	0.5144759737857159	1954.501252285768
4270.926221036839	2835.7660189727467	3801.2472547941234	0.5144936382419498	1954.3717963066074
4272.128621436906	2835.2720182784	3800.8850369474108	0.5145113026981838	1954.2423403274465
4273.3310218369725	2834.7780175840535	3800.5227619178117	0.5145289776355554	1954.1128843482857
4274.533422237039	2834.284016889707	3800.1604296917835	0.5145467129447568	1953.9834283691246
4275.735822637106	2833.7900161953603	3799.7980402557805	0.5145644482539582	1953.8539723899637
4276.938223037173	2833.296015501014	3799.4355935962526	0.5145821835631597	1953.7245164108028
4278.140623437239	2832.802014806668	3799.073089699643	0.5145999188723611	1953.5950604316422
4279.343023837306	2832.3080141123214	3798.7105285523926	0.5146176541815626	1953.465604452481
4280.545424237373	2831.814013417975	3798.347910140939	0.5146353967650189	1953.3361484733202
4281.747824637439	2831.3200127236287	3797.9852344517144	0.51465320204462	1953.2066924941594
4282.950225037506	2830.826012029282	3797.622501471145	0.5146710073242209	1953.0772365149985
4284.152625437573	2830.3320113349355	3797.2597111856558	0.5146888126038218	1952.9477805358374
4285.355025837639	2829.8380106405893	3796.896863581666	0.5147066178834229	1952.8183245566768
4286.557426237706	2829.344009946243	3796.5339586455907	0.5147244231630238	1952.688868577516
4287.759826637773	2828.8500092518966	3796.17099636384	0.5147422325880472	1952.559412598355
4288.9622270378395	2828.35600855755	3795.80797672282	0.5147601069628805	1952.429956619194
4290.164627437906	2827.8620078632034	3795.4448997089344	0.5147779813377139	1952.300500640033
4291.367027837972	2827.3680071688573	3795.081765308579	0.5147958557125473	1952.1710446608724
4292.569428238039	2826.874006474511	3794.71857350815	0.5148137300873806	1952.0415886817116
4293.771828638106	2826.3800057801645	3794.3553242940334	0.514831604462214	1951.9121327025507
4294.974229038173	2825.886005085818	3793.992017652616	0.5148494799307102	1951.7826767233896
4296.17662943824	2825.392004391472	3793.6286535702793	0.5148674225329429	1951.6532207442287
4297.379029838306	2824.898003697125	3793.265232033397	0.5148853651351757	1951.5237647650679
4298.581430238372	2824.404003002779	3792.901753028343	0.5149033077374084	1951.3943087859072
4299.783830638439	2823.910002308433	3792.538216541484	0.5149212503396412	1951.2648528067461
4300.986231038506	2823.4160016140863	3792.174622559184	0.5149391929418738	1951.1353968275853
4302.188631438573	2822.92200091974	3791.810971067803	0.5149571355441066	1951.0059408484244
4303.39103183864	2822.4280002253936	3791.447262053693	0.5149751436311825	1950.8764848692635
4304.593432238707	2821.933999531047	3791.083495503207	0.5149931536002476	1950.7470288901025
4305.7958326387725	2821.439998836701	3790.71967140269	0.5150111635693126	1950.6175729109416
4306.998233038839	2820.9459981423547	3790.355789738485	0.5150291735383778	1950.4881169317807
4308.200633438906	2820.451997448008	3789.9918504969273	0.5150471835074429	1950.35866095262
4309.403033838973	2819.9579967536615	3789.6278536643504	0.515065193476508	1950.229204973459
4310.60543423904	2819.463996059315	3789.2637992270847	0.5150832651765515	1950.0997489942981
4311.807834639107	2818.9699953649683	3788.8996871714535	0.5151013416590825	1949.9702930151373
4313.010235039173	2818.4759946706226	3788.5355174837787	0.5151194181416135	1949.8408370359764
4314.212635439239	2817.981993976276	3788.171290150373	0.5151374946241445	1949.7113810568153
4315.415035839306	2817.4879932819294	3787.8070051575505	0.5151555711066755	1949.5819250776547
4316.617436239373	2816.993992587583	3787.4426624916173	0.5151736475892066	1949.4524690984938
4317.81983663944	2816.4999918932367	3787.078262138876	0.5151917821301996	1949.323013119333
4319.022237039506	2816.0059911988906	3786.7138040856266	0.5152099242799668	1949.193557140172
4320.224637439573	2815.511990504544	3786.3492883181607	0.5152280664297342	1949.064101161011
4321.4270378396395	2815.0179898101974	3785.9847148227705	0.5152462085795015	1948.93464518185
4322.629438239706	2814.523989115851	3785.6200835857394	0.5152643507292689	1948.8051892026892
4323.831838639773	2814.0299884215046	3785.255394593351	0.5152824928790363	1948.6757332235286
4325.03423903984	2813.535987727158	3784.89064783188	0.5153006894951	1948.5462772443675
4326.236639439906	2813.041987032812	3784.5258432876	0.5153188964729439	1948.4168212652066
4327.439039839973	2812.5479863384653	3784.160980946778	0.515337103450788	1948.2873652860458
4328.64144024004	2812.053985644119	3783.7960607956784	0.515355310428632	1948.157909306885
4329.8438406401065	2811.5599849497726	3783.4310828205603	0.5153735174064761	1948.0284533277238
4331.046241040173	2811.065984255426	3783.066047007679	0.5153917243843201	1947.8989973485632
4332.24864144024	2810.5719835610803	3782.700953343285	0.5154099823156644	1947.7695413694023
4333.451041840306	2810.0779828667337	3782.335801813625	0.515428253289434	1947.6400853902414
4334.653442240373	2809.5839821723876	3781.9705924049404	0.5154465242632037	1947.5106294110803
4335.85584264044	2809.089981478041	3781.605325103469	0.5154647952369734	1947.3811734319195
4337.058243040507	2808.5959807836944	3781.2399998954434	0.515483066210743	1947.2517174527586
4338.260643440573	2808.101980089348	3780.874616767094	0.5155013371845127	1947.1222614735977
4339.46304384064	2807.6079793950016	3780.509175704643	0.5155196556773823	1946.9928054944369
4340.665444240706	2807.1139787006555	3780.143676694313	0.5155379898218702	1946.863349515276
4341.867844640773	2806.619978006309	3779.7781197223176	0.5155563239663579	1946.7338935361151
4343.07024504084	2806.1259773119623	3779.4125047748694	0.5155746581108457	1946.6044375569543
4344.272645440907	2805.631976617616	3779.0468318381754	0.5155929922553334	1946.4749815777934
4345.4750458409735	2805.1379759232696	3778.6811008984373	0.5156113263998212	1946.3455255986323
4346.677446241039	2804.6439752289234	3778.315311941855	0.5156297047064452	1946.2160696194717
4347.879846641106	2804.149974534577	3777.94946495462	0.5156481012033254	1946.0866136403108
4349.082247041173	2803.6559738402307	3777.583559922924	0.5156664977002056	1945.95715766115
4350.28464744124	2803.161973145884	3777.21759683295	0.5156848941970857	1945.8277016819889
4351.487047841307	2802.6679724515375	3776.8515756708807	0.5157032906939659	1945.698245702828
4352.689448241374	2802.173971757191	3776.4854964228916	0.5157216871908461	1945.5687897236671
4353.8918486414395	2801.6799710628447	3776.119359075155	0.5157401245693866	1945.4393337445065
4355.094249041506	2801.1859703684986	3775.7531636138383	0.5157585826071536	1945.3098777653454
4356.296649441573	2800.691969674152	3775.386910025104	0.5157770406449205	1945.1804217861845
4357.49904984164	2800.1979689798054	3775.0205982951106	0.5157954986826875	1945.0509658070237
4358.701450241707	2799.703968285459	3774.654228410014	0.5158139567204545	1944.9215098278628
4359.903850641774	2799.2099675911127	3774.2878003559645	0.5158324147582214	1944.7920538487017
4361.10625104184	2798.7159668967665	3773.921314119105	0.515850910472723	1944.662597869541
4362.3086514419065	2798.22196620242	3773.554769685579	0.51586942924663	1944.5331418903802
4363.511051841973	2797.727965508074	3773.1881670415214	0.5158879480205371	1944.4036859112193
4364.71345224204	2797.2339648137277	3772.821506173067	0.5159064667944441	1944.2742299320582
4365.915852642107	2796.739964119381	3772.454787066342	0.515924985568351	1944.1447739528974
4367.118253042174	2796.2459634250345	3772.0880097074696	0.515943504342258	1944.0153179737365
4368.32065344224	2795.7519627306883	3771.7211740825705	0.5159620576625972	1943.8858619945759
4369.523053842307	2795.2579620363417	3771.3542801777585	0.5159806363745946	1943.756406015415
4370.725454242373	2794.7639613419956	3770.9873279791445	0.515999215086592	1943.626950036254
4371.92785464244	2794.269960647649	3770.6203174728334	0.5160177937985894	1943.497494057093
4373.130255042507	2793.7759599533024	3770.2532486449277	0.5160363725105868	1943.3680380779322
4374.332655442574	2793.2819592589562	3769.8861214815247	0.5160549512225842	1943.2385820987713
4375.53505584264	2792.78795856461	3769.518935968716	0.5160735614244205	1943.1091261196104
4376.737456242707	2792.2939578702635	3769.15169209259	0.5160921992830982	1942.9796701404496
4377.9398566427735	2791.799957175917	3768.7843898392302	0.516110837141776	1942.8502141612887
4379.14225704284	2791.3059564815703	3768.4170291947175	0.5161294750004537	1942.7207581821278
4380.344657442907	2790.811955787224	3768.049610145126	0.5161481128591314	1942.5913022029667
4381.547057842973	2790.317955092878	3767.6821326765266	0.516166750717809	1942.461846223806
4382.74945824304	2789.8239543985314	3767.314596774984	0.5161854170825356	1942.3323902446452
4383.951858643107	2789.329953704185	3766.9470024265615	0.5162041133030614	1942.2029342654844
4385.154259043174	2788.8359530098387	3766.579349617316	0.516222809523587	1942.0734782863233
4386.3566594432405	2788.341952315492	3766.211638333299	0.5162415057441126	1941.9440223071624
4387.559059843307	2787.8479516211455	3765.843868560561	0.5162602019646383	1941.8145663280015
4388.761460243373	2787.3539509267994	3765.4760402851443	0.5162788981851639	1941.685110348841
4389.96386064344	2786.859950232453	3765.108153493089	0.5162976199998587	1941.5556543696798
4391.166261043507	2786.3659495381066	3764.740208170431	0.5163163738039206	1941.426198390519
4392.368661443574	2785.87194884376	3764.372204303198	0.5163351276079824	1941.296742411358
4393.571061843641	2785.3779481494134	3764.0041418774194	0.5163538814120442	1941.1672864321972
4394.773462243707	2784.883947455067	3763.6360208791157	0.516372635216106	1941.0378304530363
4395.975862643773	2784.389946760721	3763.2678412943046	0.5163913890201679	1940.9083744738753
4397.17826304384	2783.895946066375	3762.8996031089973	0.5164101655775457	1940.7789184947146
4398.380663443907	2783.4019453720284	3762.531306309204	0.5164289761932939	1940.6494625155538
4399.583063843974	2782.907944677682	3762.1629508809274	0.516447786809042	1940.5200065363929
4400.785464244041	2782.4139439833352	3761.794536810167	0.5164665974247902	1940.3905505572318
4401.9878646441075	2781.919943288989	3761.4260640829198	0.5164854080405384	1940.261094578071
4403.190265044173	2781.425942594643	3761.057532685174	0.5165042186562866	1940.13163859891
4404.39266544424	2780.9319419002964	3760.6889426029156	0.5165230492546512	1940.0021826197494
4405.595065844307	2780.4379412059498	3760.320293822128	0.5165419159166394	1939.8727266405883
4406.797466244374	2779.9439405116036	3759.9515863287875	0.5165607825786276	1939.7432706614275
4407.999866644441	2779.449939817257	3759.5828201088657	0.5165796492406158	1939.6138146822666
4409.202267044507	2778.955939122911	3759.2139951483327	0.516598515902604	1939.4843587031057
4410.4046674445735	2778.4619384285643	3758.8451114331506	0.5166173825645921	1939.3549027239446
4411.60706784464	2777.9679377342177	3758.476168949279	0.5166362665077892	1939.2254467447838
4412.809468244707	2777.4739370398715	3758.1071676826737	0.5166551884569198	1939.0959907656231
4414.011868644774	2776.979936345525	3757.7381076192846	0.5166741104060505	1938.9665347864623
4415.214269044841	2776.4859356511784	3757.368988745056	0.5166930323551813	1938.8370788073012
4416.416669444907	2775.991934956832	3756.9998110459323	0.5167119543043119	1938.7076228281403
4417.619069844974	2775.497934262486	3756.6305745078475	0.5167308762534426	1938.5781668489794
4418.8214702450405	2775.0039335681395	3756.2612791167353	0.5167498128508131	1938.4487108698186
4420.023870645107	2774.509932873793	3755.891924858523	0.516768789334279	1938.3192548906577
4421.226271045174	2774.0159321794463	3755.5225117191344	0.5167877658177449	1938.1897989114968
4422.428671445241	2773.5219314851	3755.153039684489	0.5168067423012108	1938.060342932336
4423.631071845307	2773.027930790754	3754.7835087405	0.5168257187846766	1937.930886953175
4424.833472245374	2772.5339300964074	3754.4139188730787	0.5168446952681426	1937.8014309740142
4426.035872645441	2772.039929402061	3754.0442700681288	0.5168636838344863	1937.6719749948531
4427.238273045507	2771.5459287077147	3753.6745623115535	0.5168827141057611	1937.5425190156923
4428.440673445574	2771.0519280133685	3753.3047955892475	0.516901744377036	1937.4130630365314
4429.643073845641	2770.557927319022	3752.934969887103	0.5169207746483107	1937.2836070573708
4430.845474245707	2770.063926624676	3752.5650851910086	0.5169398049195855	1937.1541510782097
4432.047874645774	2769.569925930329	3752.1951414868454	0.5169588351908602	1937.0246950990488
4433.250275045841	2769.075925235983	3751.825138760494	0.5169778750464609	1936.895239119888
4434.4526754459075	2768.5819245416365	3751.455076997827	0.5169969583654731	1936.765783140727
4435.655075845974	2768.08792384729	3751.0849561847126	0.5170160416844853	1936.636327161566
4436.85747624604	2767.5939231529437	3750.7147763070184	0.5170351250034975	1936.5068711824053
4438.059876646107	2767.0999224585976	3750.3445373506042	0.5170542083225097	1936.3774152032445
4439.262277046174	2766.605921764251	3749.974239301325	0.5170732916415219	1936.2479592240836
4440.464677446241	2766.1119210699044	3749.603882145031	0.5170923821122355	1936.1185032449225
4441.667077846308	2765.617920375558	3749.233465867572	0.517111517745142	1935.9890472657617
4442.8694782463745	2765.123919681211	3748.862990454789	0.5171306533780485	1935.8595912866008
4444.07187864644	2764.6299189868655	3748.49245589252	0.517149789010955	1935.7301353074402
4445.274279046507	2764.135918292519	3748.121862166597	0.5171689246438614	1935.6006793282793
4446.476679446574	2763.6419175981723	3747.75120926285	0.5171880602767679	1935.4712233491182
4447.679079846641	2763.1479169038257	3747.3804971671034	0.5172072006938424	1935.3417673699573
4448.881480246708	2762.6539162094796	3747.009725865177	0.5172263879128672	1935.2123113907965
4450.083880646775	2762.159915515133	3746.6388953428846	0.517245575131892	1935.0828554116356
4451.2862810468405	2761.665914820787	3746.2680055860387	0.5172647623509168	1934.9533994324747
4452.488681446907	2761.1719141264402	3745.8970565804448	0.5172839495699415	1934.8239434533139
4453.691081846974	2760.677913432094	3745.526048311904	0.5173031367889663	1934.694487474153
4454.893482247041	2760.1839127377475	3745.1549807662136	0.5173223264889141	1934.5650314949921
4456.095882647108	2759.689912043401	3744.783853929166	0.5173415645722942	1934.435575515831
4457.298283047175	2759.1959113490543	3744.4126677865497	0.5173608026556743	1934.3061195366702
4458.500683447241	2758.701910654708	3744.0414223241473	0.5173800407390544	1934.1766635575095
4459.703083847307	2758.207909960362	3743.6701175277394	0.5173992788224345	1934.0472075783487
4460.905484247374	2757.713909266016	3743.298753383098	0.5174185169058146	1933.9177515991876
4462.107884647441	2757.2199085716693	3742.9273298759945	0.5174377552303675	1933.7882956200267
4463.310285047508	2756.725907877323	3742.5558469921934	0.5174570434623013	1933.6588396408658
4464.512685447574	2756.231907182977	3742.184304717457	0.5174763316942349	1933.5293836617052
4465.715085847641	2755.7379064886304	3741.8127030375385	0.5174956199261687	1933.399927682544
4466.9174862477075	2755.243905794284	3741.4410419381916	0.5175149081581024	1933.2704717033832
4468.119886647774	2754.749905099937	3741.0693214051635	0.5175341963900361	1933.1410157242224
4469.322287047841	2754.255904405591	3740.6975414241956	0.5175534846219698	1933.0115597450615
4470.524687447908	2753.7619037112445	3740.325701981026	0.5175728203566968	1932.8821037659006
4471.727087847974	2753.2679030168983	3739.953803061389	0.5175921580272905	1932.7526477867398
4472.929488248041	2752.7739023225517	3739.5818446510125	0.5176114956978841	1932.623191807579
4474.131888648108	2752.2799016282056	3739.209826735621	0.5176308333684778	1932.493735828418
4475.3342890481745	2751.785900933859	3738.8377493009334	0.5176501710390715	1932.3642798492572
4476.536689448241	2751.2919002395124	3738.465612332666	0.5176695087096652	1932.234823870096
4477.739089848308	2750.797899545166	3738.0934158165287	0.517688891063911	1932.1053678909352
4478.941490248374	2750.3038988508197	3737.7211597382275	0.5177082774691274	1931.9759119117746
4480.143890648441	2749.8098981564735	3737.3488440834644	0.5177276638743438	1931.8464559326137
4481.346291048508	2749.315897462127	3736.976468837935	0.5177470502795601	1931.7169999534526
4482.548691448575	2748.8218967677803	3736.604033987332	0.5177664366847764	1931.5875439742917
4483.751091848641	2748.3278960734337	3736.2315395173423	0.5177858230899928	1931.4580879951309
4484.953492248708	2747.8338953790876	3735.8589854136517	0.5178052514266951	1931.32863201597
4486.155892648774	2747.3398946847415	3735.486371661935	0.5178246858683018	1931.1991760368091
4487.358293048841	2746.845893990395	3735.113698247869	0.5178441203099086	1931.0697200576483
4488.560693448908	2746.3518932960483	3734.740965157121	0.5178635547515154	1930.9402640784874
4489.763093848975	2745.8578926017017	3734.368172375356	0.517882989193122	1930.8108080993266
4490.9654942490415	2745.3638919073555	3733.9953198882363	0.5179024236347288	1930.6813521201655
4492.167894649107	2744.8698912130094	3733.622407681414	0.517921897321847	1930.5518961410046
4493.370295049174	2744.3758905186633	3733.2494357405426	0.5179413791073959	1930.422440161844
4494.572695449241	2743.8818898243167	3732.876404051267	0.5179608608929448	1930.292984182683
4495.775095849308	2743.3878891299705	3732.50331259923	0.5179803426784937	1930.1635282035222
4496.977496249375	2742.893888435624	3732.1301613700675	0.5179998244640426	1930.0340722243611
4498.179896649442	2742.3998877412773	3731.7569503494124	0.5180193062495915	1929.9046162452003
4499.3822970495075	2741.905887046931	3731.383679522894	0.518038824660687	1929.7751602660394
4500.584697449574	2741.4118863525846	3731.0103488761333	0.5180583531042537	1929.6457042868785
4501.787097849641	2740.9178856582384	3730.636958394751	0.5180778815478204	1929.5162483077177
4502.989498249708	2740.423884963892	3730.26350806436	0.5180974099913872	1929.3867923285568
4504.191898649775	2739.9298842695453	3729.88999787057	0.518116938434954	1929.257336349396
4505.394299049842	2739.435883575199	3729.516427798986	0.5181364668785207	1929.127880370235
4506.596699449908	2738.941882880853	3729.1427978352085	0.518156029394543	1928.998424391074
4507.7990998499745	2738.4478821865064	3728.7691079648325	0.5181756038190546	1928.868968411913
4509.001500250041	2737.95388149216	3728.395358173449	0.5181951782435662	1928.7395124327525
4510.203900650108	2737.459880797813	3728.021548446645	0.5182147526680778	1928.6100564535916
4511.406301050175	2736.965880103467	3727.6476787700026	0.5182343270925894	1928.4806004744305
4512.608701450242	2736.4718794091204	3727.2737491290973	0.518253901517101	1928.3511444952696
4513.811101850308	2735.9778787147743	3726.899759509504	0.5182735075270063	1928.2216885161088
4515.013502250375	2735.4838780204277	3726.5257098967877	0.5182931272647043	1928.092232536948
4516.215902650441	2734.9898773260816	3726.1516002765143	0.5183127470024023	1927.9627765577868
4517.418303050508	2734.495876631735	3725.7774306342412	0.5183323667401003	1927.833320578626
4518.620703450575	2734.0018759373884	3725.4032009555212	0.5183519864777983	1927.7038645994653
4519.823103850641	2733.5078752430422	3725.0289112259056	0.5183716062154963	1927.5744086203044
4521.025504250708	2733.0138745486956	3724.654561430939	0.5183912551155795	1927.4449526411436
4522.227904650775	2732.5198738543495	3724.280151556161	0.5184109195068756	1927.3154966619825
4523.4303050508415	2732.025873160003	3723.9056815871054	0.5184305838981718	1927.1860406828216
4524.632705450908	2731.5318724656568	3723.5311515093053	0.5184502482894678	1927.056584703661
4525.835105850975	2731.03787177131	3723.156561308286	0.518469912680764	1926.9271287245
4527.037506251041	2730.5438710769645	3722.7819109695697	0.5184895770720601	1926.797672745339
4528.239906651108	2730.049870382618	3722.407200478672	0.5185092682651997	1926.6682167661781
4529.442307051175	2729.5558696882713	3722.0324298211053	0.5185289766578406	1926.5387607870173
4530.644707451242	2729.0618689939247	3721.6575989823773	0.5185486850504815	1926.4093048078564
4531.8471078513085	2728.5678682995785	3721.2827079479925	0.5185683934431224	1926.2798488286953
4533.049508251375	2728.073867605232	3720.907756703446	0.5185881018357633	1926.1503928495347
4534.251908651441	2727.579866910886	3720.532745234234	0.5186078102284042	1926.0209368703738
4535.454309051508	2727.085866216539	3720.1576735258445	0.5186275431229936	1925.891480891213
4536.656709451575	2726.5918655221926	3719.7825415637612	0.5186472948705524	1925.7620249120519
4537.859109851642	2726.0978648278465	3719.4073493334645	0.518667046618111	1925.632568932891
4539.061510251709	2725.6038641335	3719.0320968204287	0.5186867983656698	1925.5031129537301
4540.263910651775	2725.1098634391533	3718.6567840101247	0.5187065501132284	1925.3736569745693
4541.466311051841	2724.615862744807	3718.2814108880175	0.5187263018607872	1925.2442009954084
4542.668711451908	2724.121862050461	3717.9059774395687	0.5187460758703181	1925.1147450162475
4543.871111851975	2723.6278613561144	3717.5304836502332	0.5187658703322713	1924.9852890370867
4545.073512252042	2723.133860661768	3717.154929505464	0.5187856647942244	1924.8558330579258
4546.275912652109	2722.639859967421	3716.779314990707	0.5188054592561775	1924.726377078765
4547.4783130521755	2722.145859273075	3716.403640091405	0.5188252537181306	1924.5969210996038
4548.680713452241	2721.651858578729	3716.0279047929957	0.5188450481800837	1924.4674651204432
4549.883113852308	2721.1578578843823	3715.6521090809115	0.5188648627233668	1924.3380091412823
4551.085514252375	2720.6638571900357	3715.27625294058	0.5188846992655013	1924.2085531621215
4552.287914652442	2720.1698564956896	3714.9003363574257	0.5189045358076356	1924.0790971829604
4553.490315052509	2719.675855801343	3714.5243593168666	0.5189243723497701	1923.9496412037995
4554.692715452575	2719.181855106997	3714.148321804317	0.5189442088919045	1923.8201852246389
4555.8951158526415	2718.6878544126503	3713.772223805187	0.5189640454340388	1923.690729245478
4557.097516252708	2718.193853718304	3713.3960653048803	0.5189838999350188	1923.561273266317
4558.299916652775	2717.699853023958	3713.0198462887975	0.5190037779286379	1923.431817287156
4559.502317052842	2717.2058523296114	3712.6435667423334	0.519023655922257	1923.3023613079952
4560.704717452909	2716.711851635265	3712.2672266508794	0.5190435339158761	1923.1729053288343
4561.907117852975	2716.2178509409187	3711.8908259998207	0.5190634119094952	1923.0434493496734
4563.109518253042	2715.7238502465725	3711.5143647745385	0.5190832899031143	1922.9139933705126
4564.3119186531085	2715.229849552226	3711.137842960409	0.5191031837903768	1922.7845373913517
4565.514319053175	2714.7358488578793	3710.7612605428053	0.5191231026119206	1922.6550814121908
4566.716719453242	2714.2418481635327	3710.384617507093	0.5191430214334646	1922.5256254330297
4567.919119853309	2713.7478474691866	3710.0079138386363	0.5191629402550084	1922.3961694538689
4569.121520253375	2713.2538467748404	3709.631149522791	0.5191828590765524	1922.2667134747082
4570.323920653442	2712.759846080494	3709.2543245449106	0.5192027778980963	1922.1372574955474
4571.526321053509	2712.2658453861472	3708.8774388903435	0.5192227106046703	1922.0078015163863
4572.728721453575	2711.7718446918007	3708.5004925444327	0.5192426696356698	1921.8783455372254
4573.931121853642	2711.2778439974545	3708.1234854925183	0.5192626286666693	1921.7488895580645
4575.133522253709	2710.783843303108	3707.746417719933	0.5192825876976688	1921.6194335789037
4576.335922653775	2710.289842608762	3707.3692892120066	0.5193025467286683	1921.489977599743
4577.538323053842	2709.795841914415	3706.992099954063	0.5193225057596678	1921.360521620582
4578.740723453909	2709.3018412200686	3706.614849931424	0.5193424767229882	1921.231065641421
4579.9431238539755	2708.8078405257224	3706.2375391294036	0.5193624753500204	1921.1016096622602
4581.145524254042	2708.313839831376	3705.860167533311	0.5193824739770527	1920.9721536830994
4582.347924654108	2707.8198391370297	3705.482735128454	0.5194024726040851	1920.8426977039383
4583.550325054175	2707.325838442683	3705.105241900132	0.5194224712311174	1920.7132417247776
4584.752725454242	2706.831837748337	3704.7276878336424	0.5194424698581497	1920.5837857456168
4585.955125854309	2706.3378370539904	3704.3500729142756	0.5194624785200211	1920.4543297664559
4587.157526254376	2705.843836359644	3703.9723971273183	0.5194825161346663	1920.3248737872948
4588.3599266544425	2705.3498356652976	3703.5946604580545	0.5195025537493115	1920.195417808134
4589.562327054508	2704.8558349709515	3703.2168628917584	0.5195225913639568	1920.065961828973
4590.764727454575	2704.3618342766054	3702.839004413705	0.519542628978602	1919.9365058498122
4591.967127854642	2703.8678335822588	3702.46108500916	0.5195626665932472	1919.8070498706513
4593.169528254709	2703.373832887912	3702.0831046633875	0.519582712399808	1919.6775938914905
4594.371928654776	2702.879832193566	3701.7050633616473	0.5196027883986062	1919.5481379123296
4595.574329054843	2702.3858314992194	3701.326961089189	0.5196228643974043	1919.4186819331687
4596.7767294549085	2701.8918308048733	3700.948797831265	0.5196429403962024	1919.2892259540079
4597.979129854975	2701.3978301105267	3700.570573573117	0.5196630163950006	1919.159769974847
4599.181530255042	2700.90382941618	3700.192288299985	0.5196830923937986	1919.0303139956861
4600.383930655109	2700.409828721834	3699.8139419971044	0.5197031747954857	1918.9008580165253
4601.586331055176	2699.9158280274874	3699.435534649703	0.5197232885798947	1918.7714020373644
4602.788731455243	2699.4218273331408	3699.0570662430073	0.5197434023643037	1918.6419460582033
4603.991131855309	2698.9278266387946	3698.6785367622365	0.5197635161487127	1918.5124900790424
4605.193532255375	2698.4338259444485	3698.2999461926065	0.5197836299331218	1918.3830340998816
4606.395932655442	2697.939825250102	3697.921294519327	0.5198037437175308	1918.2535781207207
4607.598333055509	2697.4458245557553	3697.542581727605	0.5198238621690451	1918.1241221415598
4608.800733455576	2696.9518238614087	3697.163807802641	0.5198440131453982	1917.994666162399
4610.003133855642	2696.457823167063	3696.7849727296316	0.5198641641217513	1917.865210183238
4611.205534255709	2695.9638224727164	3696.4060764937676	0.5198843150981045	1917.7357542040772
4612.4079346557755	2695.46982177837	3696.0271190802355	0.5199044660744576	1917.6062982249161
4613.610335055842	2694.975821084023	3695.648100474218	0.5199246170508108	1917.4768422457553
4614.812735455909	2694.4818203896766	3695.2690206608927	0.5199447710110818	1917.3473862665946
4616.015135855976	2693.9878196953305	3694.889879625431	0.5199649585905454	1917.2179302874338
4617.217536256042	2693.4938190009843	3694.5106773530015	0.5199851461700088	1917.0884743082727
4618.419936656109	2692.9998183066377	3694.131413828765	0.5200053337494723	1916.9590183291118
4619.622337056176	2692.505817612291	3693.7520890378805	0.5200255213289358	1916.829562349951
4620.8247374562425	2692.011816917945	3693.3727029655024	0.5200457089083993	1916.70010637079
4622.027137856309	2691.517816223599	3692.9932555967775	0.5200658978405508	1916.5706503916292
4623.229538256376	2691.0238155292523	3692.6137469168502	0.520086121439084	1916.4411944124683
4624.431938656442	2690.529814834906	3692.234176910859	0.520106345037617	1916.3117384333075
4625.634339056509	2690.0358141405595	3691.854545563938	0.5201265686361501	1916.1822824541466
4626.836739456576	2689.5418134462134	3691.474852861216	0.5201467922346833	1916.0528264749857
4628.039139856643	2689.047812751867	3691.0950987878173	0.5201670158332163	1915.9233704958247
4629.241540256709	2688.55381205752	3690.715283328862	0.5201872394317495	1915.7939145166638
4630.443940656776	2688.0598113631736	3690.3354064694645	0.5202074982428456	1915.6644585375032
4631.646341056842	2687.5658106688275	3689.9554681947357	0.5202277572811581	1915.5350025583423
4632.848741456909	2687.0718099744813	3689.5754684897793	0.5202480163194706	1915.4055465791812
4634.051141856976	2686.5778092801347	3689.195407339696	0.5202682753577831	1915.2760906000203
4635.253542257043	2686.083808585788	3688.815284729581	0.5202885343960956	1915.1466346208595
4636.4559426571095	2685.589807891442	3688.4351006445268	0.5203087934344081	1915.0171786416986
4637.658343057175	2685.095807197096	3688.054855069617	0.5203290855815019	1914.8877226625377
4638.860743457242	2684.6018065027492	3687.674547989933	0.5203493794850155	1914.7582666833769
4640.063143857309	2684.1078058084026	3687.2941793905525	0.520369673388529	1914.628810704216
4641.265544257376	2683.6138051140565	3686.913749256545	0.5203899672920426	1914.4993547250551
4642.467944657443	2683.11980441971	3686.5332575729785	0.5204102611955561	1914.369898745894
4643.67034505751	2682.6258037253633	3686.1527043249134	0.5204305550990697	1914.2404427667332
4644.872745457576	2682.131803031017	3685.7720894974073	0.5204508800623352	1914.1109867875725
4646.075145857642	2681.6378023366706	3685.391413075512	0.5204712082611406	1913.9815308084117
4647.277546257709	2681.1438016423244	3685.0106750442746	0.5204915364599458	1913.8520748292508
4648.479946657776	2680.649800947978	3684.629875388738	0.5205118646587511	1913.7226188500897
4649.682347057843	2680.1558002536312	3684.249014093939	0.5205321928575565	1913.5931628709288
4650.88474745791	2679.6617995592846	3683.8680911449105	0.5205525210563617	1913.463706891768
4652.087147857976	2679.1677988649385	3683.4871065266807	0.5205728783199953	1913.3342509126073
4653.2895482580425	2678.673798170593	3683.106060224273	0.520593240248816	1913.2047949334462
4654.491948658109	2678.179797476246	3682.724952222704	0.5206136021776366	1913.0753389542854
4655.694349058176	2677.6857967818996	3682.3437825069873	0.5206339641064572	1912.9458829751245
4656.896749458243	2677.191796087553	3681.9625510621318	0.520654326035278	1912.8164269959636
4658.09914985831	2676.697795393207	3681.581257873142	0.5206746879640985	1912.6869710168025
4659.301550258376	2676.2037946988607	3681.1999029250146	0.5206950770162833	1912.557515037642
4660.503950658443	2675.709794004514	3680.8184862027447	0.5207154721144329	1912.428059058481
4661.706351058509	2675.2157933101676	3680.4370076913206	0.5207358672125827	1912.2986030793202
4662.908751458576	2674.721792615821	3680.055467375727	0.5207562623107325	1912.169147100159
4664.111151858643	2674.227791921475	3679.6738652409435	0.5207766574088822	1912.0396911209982
4665.313552258709	2673.7337912271287	3679.292201271943	0.5207970525070319	1911.9102351418376
4666.515952658776	2673.239790532782	3678.910475453696	0.5208174728399069	1911.7807791626767
4667.718353058843	2672.7457898384355	3678.5286877711674	0.5208379005512525	1911.6513231835156
4668.9207534589095	2672.2517891440893	3678.146838209317	0.5208583282625981	1911.5218672043547
4670.123153858976	2671.7577884497427	3677.7649267530983	0.5208787559739437	1911.3924112251939
4671.325554259043	2671.263787755396	3677.3829533874623	0.5208991836852894	1911.262955246033
4672.527954659109	2670.76978706105	3677.0009180973548	0.520919611396635	1911.1334992668721
4673.730355059176	2670.275786366704	3676.6188208677154	0.5209400625062635	1911.0040432877113
4674.932755459243	2669.7817856723573	3676.2366616834784	0.5209605222791862	1910.8745873085504
4676.13515585931	2669.2877849780107	3675.854440529576	0.5209809820521089	1910.7451313293896
4677.3375562593765	2668.793784283664	3675.472157390933	0.5210014418250316	1910.6156753502287
4678.539956659443	2668.299783589318	3675.08981225247	0.5210219015979543	1910.4862193710676
4679.742357059509	2667.805782894972	3674.707405099103	0.521042361370877	1910.3567633919067
4680.944757459576	2667.311782200625	3674.3249359157426	0.5210628427572143	1910.227307412746
4682.147157859643	2666.8177815062786	3673.942404687295	0.5210833340445702	1910.0978514335852
4683.34955825971	2666.3237808119325	3673.5598113986625	0.521103825331926	1909.9683954544241
4684.551958659777	2665.829780117586	3673.1771560347383	0.5211243166192819	1909.8389394752633
4685.754359059843	2665.3357794232397	3672.7944385804167	0.5211448079066378	1909.7094834961024
4686.956759459909	2664.8417787288936	3672.4116590205826	0.5211652991939937	1909.5800275169418
4688.159159859976	2664.347778034547	3672.0288173401186	0.521185810360898	1909.4505715377807
4689.361560260043	2663.853777340201	3671.6459135239006	0.5212063326200466	1909.3211155586198
4690.56396066011	2663.3597766458543	3671.2629475567996	0.5212268548791952	1909.191659579459
4691.766361060177	2662.8657759515077	3670.879919423683	0.5212473771383438	1909.062203600298
4692.9687614602435	2662.371775257161	3670.4968291094137	0.5212678993974924	1908.932747621137
4694.171161860309	2661.8777745628154	3670.1136765988476	0.5212884216566409	1908.803291641976
4695.373562260376	2661.383773868469	3669.7304618768358	0.5213089621123668	1908.6738356628152
4696.575962660443	2660.889773174122	3669.3471849282273	0.5213295148059852	1908.5443796836546
4697.77836306051	2660.3957724797756	3668.9638457378633	0.5213500674996036	1908.4149237044935
4698.980763460577	2659.901771785429	3668.58044429058	0.521370620193222	1908.2854677253326
4700.183163860643	2659.4077710910833	3668.1969805712138	0.5213911728868403	1908.1560117461718
4701.3855642607095	2658.9137703967367	3667.8134545645867	0.5214117255804588	1908.026555767011
4702.587964660776	2658.41976970239	3667.4298662555243	0.5214322948377202	1907.89709978785
4703.790365060843	2657.9257690080435	3667.0462156288436	0.5214528774335204	1907.7676438086892
4704.99276546091	2657.4317683136974	3666.6625026693578	0.5214734600293207	1907.6381878295283
4706.195165860977	2656.937767619351	3666.278727361874	0.5214940426251209	1907.5087318503674
4707.397566261043	2656.4437669250046	3665.8948896911943	0.5215146252209211	1907.3792758712066
4708.59996666111	2655.949766230658	3665.5109896421172	0.5215352078167212	1907.2498198920455
4709.8023670611765	2655.455765536312	3665.1270271994363	0.5215558053922426	1907.1203639128846
4711.004767461243	2654.9617648419653	3664.7430023479383	0.5215764173622641	1906.9909079337237
4712.20716786131	2654.4677641476187	3664.3589150724065	0.5215970293322857	1906.861451954563
4713.409568261377	2653.973763453272	3663.9747653576183	0.5216176413023074	1906.731995975402
4714.611968661443	2653.479762758926	3663.590553188349	0.5216382532723289	1906.6025399962411
4715.81436906151	2652.98576206458	3663.2062785493645	0.5216588652423505	1906.4730840170803
4717.016769461577	2652.4917613702332	3662.821941425429	0.5216794906565877	1906.3436280379194
4718.219169861643	2651.997760675887	3662.4375418013	0.5217001314771447	1906.2141720587583
4719.42157026171	2651.5037599815405	3662.0530796617313	0.5217207722977016	1906.0847160795977
4720.623970661777	2651.0097592871944	3661.6685549914714	0.5217414131182586	1905.9552601004368
4721.826371061843	2650.515758592848	3661.2839677752636	0.5217620539388156	1905.825804121276
4723.02877146191	2650.0217578985016	3660.8993179978456	0.5217826947593727	1905.6963481421149
4724.231171861977	2649.527757204155	3660.5146056439507	0.5218033475364776	1905.566892162954
4725.4335722620435	2649.033756509809	3660.1298306983094	0.5218240166881232	1905.4374361837931
4726.63597266211	2648.5397558154623	3659.7449931456426	0.5218446858397687	1905.3079802046323
4727.838373062176	2648.045755121116	3659.36009297067	0.5218653549914142	1905.1785242254716
4729.040773462243	2647.5517544267695	3658.9751301581045	0.5218860241430597	1905.0490682463105
4730.24317386231	2647.0577537324234	3658.590104692656	0.5219066932947052	1904.9196122671497
4731.445574262377	2646.563753038077	3658.2050165590267	0.5219273729624962	1904.7901562879888
4732.647974662444	2646.06975234373	3657.8198657419152	0.5219480699299863	1904.660700308828
4733.8503750625105	2645.5757516493836	3657.4346522260166	0.5219687668974764	1904.5312443296668
4735.052775462576	2645.0817509550375	3657.049375996018	0.5219894638649665	1904.4017883505062
4736.255175862643	2644.5877502606913	3656.6640370366044	0.5220101608324565	1904.2723323713453
4737.45757626271	2644.0937495663447	3656.278635332453	0.5220308577999466	1904.1428763921845
4738.659976662777	2643.599748871998	3655.8931708682376	0.5220515638898788	1904.0134204130234
4739.862377062844	2643.1057481776515	3655.507643628628	0.5220722881621375	1903.8839644338625
4741.064777462911	2642.6117474833054	3655.122053598288	0.5220930124343961	1903.7545084547016
4742.2671778629765	2642.1177467889593	3654.7364007618744	0.5221137367066546	1903.625052475541
4743.469578263043	2641.6237460946127	3654.350685104043	0.5221344609789133	1903.49559649638
4744.67197866311	2641.129745400266	3653.9649066094403	0.5221551852511719	1903.366140517219
4745.874379063177	2640.6357447059195	3653.579065262712	0.5221759172983083	1903.2366845380582
4747.076779463244	2640.1417440115733	3653.193161048496	0.5221966683683923	1903.1072285588973
4748.279179863311	2639.6477433172267	3652.8071939514252	0.5222174194384762	1902.9777725797364
4749.481580263377	2639.1537426228806	3652.4211639561295	0.5222381705085603	1902.8483166005756
4750.683980663443	2638.6597419285345	3652.035071047232	0.5222589215786442	1902.7188606214147
4751.88638106351	2638.1657412341883	3651.6489152093527	0.5222796726487282	1902.5894046422538
4753.088781463577	2637.6717405398417	3651.262696427102	0.5223004301917114	1902.459948663093
4754.291181863644	2637.177739845495	3650.8764146850913	0.5223212075567766	1902.3304926839319
4755.49358226371	2636.683739151149	3650.4900699679233	0.5223419849218419	1902.2010367047712
4756.695982663777	2636.1897384568024	3650.1036622601964	0.5223627622869071	1902.0715807256104
4757.8983830638435	2635.6957377624562	3649.717191546505	0.5223835396519724	1901.9421247464495
4759.10078346391	2635.2017370681097	3649.3306578114366	0.5224043170170376	1901.8126687672884
4760.303183863977	2634.707736373763	3648.944061039575	0.5224250995980612	1901.6832127881275
4761.505584264044	2634.213735679417	3648.5574012154984	0.5224459027593269	1901.5537568089667
4762.70798466411	2633.7197349850708	3648.170678323782	0.5224667059205924	1901.424300829806
4763.910385064177	2633.225734290724	3647.7838923489912	0.5224875090818581	1901.294844850645
4765.112785464244	2632.7317335963776	3647.3970432756914	0.5225083122431238	1901.165388871484
4766.3151858643105	2632.237732902031	3647.0101310884406	0.5225291154043894	1901.0359328923232
4767.517586264377	2631.743732207685	3646.6231557717924	0.5225499225691692	1900.9064769131624
4768.719986664444	2631.2497315133382	3646.236117310294	0.5225707510318855	1900.7770209340013
4769.92238706451	2630.755730818992	3645.8490156884895	0.5225915794946018	1900.6475649548404
4771.124787464577	2630.2617301246455	3645.461850890917	0.522612407957318	1900.5181089756798
4772.327187864644	2629.7677294302994	3645.07462290211	0.5226332364200343	1900.3886529965189
4773.529588264711	2629.2737287359528	3644.6873317065947	0.5226540648827506	1900.2591970173578
4774.731988664777	2628.779728041606	3644.299977288896	0.5226748961804981	1900.129741038197
4775.934389064844	2628.2857273472596	3643.912559633531	0.5226957494539113	1900.000285059036
4777.13678946491	2627.7917266529134	3643.525078725014	0.5227166027273243	1899.8708290798754
4778.339189864977	2627.2977259585673	3643.137534547851	0.5227374560007375	1899.7413731007146
4779.541590265044	2626.8037252642207	3642.7499270865455	0.5227583092741507	1899.6119171215535
4780.743990665111	2626.309724569874	3642.3622563255954	0.5227791625475638	1899.4824611423926
4781.9463910651775	2625.815723875528	3641.9745222494926	0.5228000175309568	1899.3530051632317
4783.148791465243	2625.3217231811823	3641.586724842727	0.5228208951282768	1899.2235491840709
4784.35119186531	2624.8277224868357	3641.198864089778	0.5228417727255966	1899.0940932049098
4785.553592265377	2624.333721792489	3640.810939975125	0.5228626503229165	1898.9646372257491
4786.755992665444	2623.8397210981425	3640.42295248324	0.5228835279202363	1898.8351812465883
4787.958393065511	2623.3457204037963	3640.03490159859	0.5229044055175562	1898.7057252674274
4789.160793465578	2622.8517197094498	3639.6467873056376	0.5229252837427126	1898.5762692882663
4790.363193865644	2622.3577190151036	3639.2586095888396	0.5229461851810796	1898.4468133091054
4791.56559426571	2621.863718320757	3638.870368432649	0.5229670866194466	1898.3173573299446
4792.767994665777	2621.3697176264104	3638.482063821511	0.5229879880578135	1898.187901350784
4793.970395065844	2620.8757169320643	3638.09369573987	0.5230088894961805	1898.0584453716228
4795.172795465911	2620.3817162377177	3637.7052641721607	0.5230297909345475	1897.928989392462
4796.375195865978	2619.887715543371	3637.3167691028148	0.5230506923729145	1897.799533413301
4797.577596266044	2619.393714849025	3636.9282105162615	0.5230716167614505	1897.6700774341402
4798.7799966661105	2618.8997141546783	3636.539588396919	0.5230925415619032	1897.5406214549794
4799.982397066177	2618.405713460332	3636.150902729207	0.5231134663623559	1897.4111654758183
4801.184797466244	2617.9117127659856	3635.762153497534	0.5231343911628085	1897.2817094966574
4802.387197866311	2617.417712071639	3635.3733406863075	0.5231553159632611	1897.1522535174968
4803.589598266378	2616.923711377293	3634.98446427993	0.5231762407637138	1897.022797538336
4804.791998666444	2616.4297106829467	3634.595524262795	0.5231971870413631	1896.8933415591748
4805.994399066511	2615.9357099886	3634.206520619295	0.5232181347288039	1896.763885580014
4807.196799466577	2615.4417092942535	3633.817453333815	0.5232390824162446	1896.634429600853
4808.399199866644	2614.9477085999074	3633.4283223907373	0.5232600301036855	1896.5049736216924
4809.601600266711	2614.453707905561	3633.039127774436	0.5232809777911263	1896.3755176425313
4810.804000666777	2613.9597072112147	3632.6498694692827	0.523301925478567	1896.2460616633705
4812.006401066844	2613.465706516868	3632.260547459641	0.5233228932154387	1896.1166056842096
4813.208801466911	2612.9717058225215	3631.8711617298727	0.5233438633186054	1895.9871497050488
4814.4112018669775	2612.477705128176	3631.4817122643335	0.523364833421772	1895.8576937258877
4815.613602267044	2611.983704433829	3631.0921990473726	0.5233858035249386	1895.7282377467268
4816.816002667111	2611.4897037394826	3630.702622063334	0.5234067736281053	1895.598781767566
4818.018403067177	2610.9957030451365	3630.3129812965585	0.5234277437312719	1895.4693257884053
4819.220803467244	2610.50170235079	3629.9232767313806	0.523448732500775	1895.3398698092442
4820.423203867311	2610.0077016564437	3629.533508352131	0.5234697245522055	1895.2104138300833
4821.625604267378	2609.513700962097	3629.143676143132	0.5234907166036362	1895.0809578509225
4822.8280046674445	2609.0197002677505	3628.753780088704	0.5235117086550668	1894.9515018717616
4824.030405067511	2608.525699573404	3628.363820173161	0.5235327007064975	1894.8220458926007
4825.232805467577	2608.0316988790582	3627.973796380813	0.5235536927579281	1894.6925899134399
4826.435205867644	2607.5376981847116	3627.5837086959614	0.5235747021367465	1894.563133934279
4827.637606267711	2607.043697490365	3627.193557102906	0.5235957156727497	1894.4336779551181
4828.840006667778	2606.5496967960185	3626.8033415859413	0.5236167292087528	1894.3042219759573
4830.042407067845	2606.055696101672	3626.4130621293557	0.5236377427447559	1894.1747659967962
4831.244807467911	2605.5616954073257	3626.0227187174314	0.5236587562807591	1894.0453100176353
4832.447207867977	2605.0676947129796	3625.6323113344465	0.5236797698167622	1893.9158540384747
4833.649608268044	2604.573694018633	3625.241839964675	0.5237007993848295	1893.7863980593138
4834.852008668111	2604.0796933242864	3624.8513045923837	0.5237218339454532	1893.6569420801527
4836.054409068178	2603.5856926299402	3624.460705201836	0.5237428685060771	1893.5274861009918
4837.256809468245	2603.0916919355936	3624.0700417772887	0.5237639030667008	1893.398030121831
4838.459209868311	2602.5976912412475	3623.679314302995	0.5237849376273247	1893.2685741426703
4839.661610268377	2602.103690546901	3623.2885227632014	0.5238059721879484	1893.1391181635092
4840.864010668444	2601.6096898525543	3622.8976671421497	0.5238270215284214	1893.0096621843484
4842.066411068511	2601.115689158208	3622.506747424077	0.5238480766574214	1892.8802062051875
4843.268811468578	2600.6216884638616	3622.115763593215	0.5238691317864214	1892.7507502260266
4844.471211868645	2600.1276877695154	3621.7247156337903	0.5238901869154214	1892.6212942468655
4845.673612268711	2599.6336870751693	3621.333603530024	0.5239112420444214	1892.491838267705
4846.876012668778	2599.139686380823	3620.942427266132	0.5239322971734214	1892.362382288544
4848.078413068844	2598.6456856864766	3620.551186826326	0.5239533658726553	1892.2329263093832
4849.280813468911	2598.15168499213	3620.159882194811	0.523974441117465	1892.103470330222
4850.483213868978	2597.657684297784	3619.7685133557884	0.5239955163622748	1891.9740143510612
4851.685614269045	2597.163683603437	3619.3770802934523	0.5240165916070846	1891.8445583719003
4852.888014669111	2596.669682909091	3618.9855829919943	0.5240376668518943	1891.7151023927397
4854.090415069178	2596.1756822147445	3618.5940214355983	0.5240587420967041	1891.5856464135788
4855.2928154692445	2595.681681520398	3618.2023956084454	0.5240798297442281	1891.4561904344177
4856.495215869311	2595.1876808260517	3617.810705494709	0.524100924655929	1891.3267344552569
4857.697616269378	2594.693680131705	3617.4189510785586	0.5241220195676297	1891.197278476096
4858.900016669445	2594.1996794373586	3617.02713234416	0.5241431144793306	1891.0678224969352
4860.102417069511	2593.7056787430124	3616.6352492756705	0.5241642093910314	1890.9383665177743
4861.304817469578	2593.2116780486663	3616.243301857244	0.5241853043027321	1890.8089105386134
4862.507217869645	2592.7176773543197	3615.8512900730307	0.5242064104912234	1890.6794545594526
4863.709618269711	2592.223676659973	3615.4592139071724	0.5242275246245127	1890.5499985802917
4864.912018669778	2591.7296759656265	3615.0670733438074	0.524248638757802	1890.4205426011306
4866.114419069845	2591.23567527128	3614.6748683670703	0.5242697528910913	1890.2910866219697
4867.316819469911	2590.741674576934	3614.2825989610874	0.5242908670243805	1890.161630642809
4868.519219869978	2590.2476738825876	3613.890265109982	0.5243119811576699	1890.0321746636482
4869.721620270045	2589.753673188241	3613.497866797871	0.5243331054829302	1889.9027186844871
4870.9240206701115	2589.2596724938944	3613.1054040088666	0.5243542383960946	1889.7732627053263
4872.126421070178	2588.7656717995483	3612.712876727076	0.5243753713092589	1889.6438067261654
4873.328821470244	2588.271671105202	3612.3202849366007	0.5243965042224233	1889.5143507470045
4874.531221870311	2587.7776704108555	3611.9276286215377	0.5244176371355878	1889.3848947678437
4875.733622270378	2587.283669716509	3611.534907765976	0.5244387700487522	1889.2554387886828
4876.936022670445	2586.7896690221623	3611.142122354005	0.5244599121096829	1889.125982809522
4878.138423070512	2586.2956683278167	3610.749272369704	0.5244810633645658	1888.996526830361
4879.3408234705785	2585.80166763347	3610.356357797147	0.5245022146194487	1888.8670708512002
4880.543223870644	2585.307666939124	3609.9633786204076	0.5245233658743317	1888.7376148720393
4881.745624270711	2584.8136662447773	3609.570334823548	0.5245445171292146	1888.6081588928785
4882.948024670778	2584.319665550431	3609.177226390629	0.5245656683840975	1888.4787029137176
4884.150425070845	2583.8256648560846	3608.7840533057056	0.5245868277826754	1888.3492469345567
4885.352825470912	2583.331664161738	3608.3908155528256	0.52460799694465	1888.2197909553956
4886.555225870979	2582.837663467392	3607.9975131160354	0.5246291661066246	1888.0903349762348
4887.7576262710445	2582.3436627730453	3607.604145979372	0.5246503352685992	1887.960878997074
4888.960026671111	2581.849662078699	3607.2107141268707	0.5246715044305739	1887.831423017913
4890.162427071178	2581.3556613843525	3606.8172175425575	0.5246926735925485	1887.701967038752
4891.364827471245	2580.861660690006	3606.4236562104575	0.5247138499338023	1887.5725110595913
4892.567227871312	2580.36765999566	3606.030030114588	0.5247350365717421	1887.4430550804304
4893.769628271379	2579.873659301313	3605.6363392389608	0.5247562232096818	1887.3135991012696
4894.972028671445	2579.379658606967	3605.242583567585	0.5247774098476217	1887.1841431221085
4896.174429071511	2578.8856579126204	3604.8487630844597	0.5247985964855614	1887.0546871429476
4897.376829471578	2578.3916572182743	3604.454877773585	0.5248197831235012	1886.925231163787
4898.579229871645	2577.8976565239277	3604.0609276189502	0.5248409760154878	1886.795775184626
4899.781630271712	2577.403655829581	3603.6669126045413	0.5248621797017373	1886.666319205465
4900.984030671778	2576.909655135235	3603.2728327143413	0.5248833833879867	1886.5368632263041
4902.186431071845	2576.4156544408884	3602.8786879323234	0.5249045870742362	1886.4074072471433
4903.3888314719115	2575.9216537465422	3602.4844782424607	0.5249257907604855	1886.2779512679824
4904.591231871978	2575.4276530521956	3602.090203628716	0.524946994446735	1886.1484952888216
4905.793632272045	2574.933652357849	3601.69586407505	0.5249682035005151	1886.0190393096605
4906.996032672112	2574.4396516635024	3601.3014595654176	0.5249894238108616	1885.8895833304998
4908.198433072178	2573.9456509691568	3600.9069900837685	0.525010644121208	1885.760127351339
4909.400833472245	2573.45165027481	3600.512455614045	0.5250318644315545	1885.630671372178
4910.603233872312	2572.957649580464	3600.117856140186	0.5250530847419009	1885.501215393017
4911.8056342723785	2572.4636488861174	3599.7231916461265	0.5250743050522474	1885.3717594138561
4913.008034672445	2571.969648191771	3599.328462115794	0.5250955298818633	1885.2423034346953
4914.210435072512	2571.4756474974247	3598.9336675331106	0.5251167663955102	1885.1128474555346
4915.412835472578	2570.9816468030785	3598.5388078819947	0.525138002909157	1884.9833914763735
4916.615235872645	2570.487646108732	3598.143883146358	0.525159239422804	1884.8539354972127
4917.817636272712	2569.9936454143854	3597.7488933101067	0.5251804759364509	1884.7244795180518
4919.020036672779	2569.4996447200388	3597.353838357143	0.5252017124500978	1884.595023538891
4920.222437072845	2569.0056440256926	3596.958718271365	0.5252229526725498	1884.4655675597298
4921.424837472912	2568.511643331346	3596.563533036661	0.5252442049720869	1884.336111580569
4922.627237872978	2568.017642637	3596.1682826369174	0.5252654572716239	1884.2066556014083
4923.829638273045	2567.5236419426533	3595.772967056015	0.525286709571161	1884.0771996222475
4925.032038673112	2567.029641248307	3595.3775862778284	0.525307961870698	1883.9477436430864
4926.234439073179	2566.5356405539605	3594.9821402862285	0.5253292141702349	1883.8182876639255
4927.4368394732455	2566.041639859614	3594.586629065078	0.5253504694054583	1883.6888316847646
4928.6392398733115	2565.547639165268	3594.191052598236	0.5253717370768346	1883.559375705604
4929.841640273378	2565.0536384709217	3593.795410869559	0.525393004748211	1883.4299197264431
4931.044040673445	2564.559637776575	3593.3997038628913	0.5254142724195874	1883.300463747282
4932.246441073512	2564.0656370822285	3593.003931562079	0.5254355400909638	1883.1710077681212
4933.448841473579	2563.571636387882	3592.6080939509584	0.5254568077623402	1883.0415517889603
4934.651241873646	2563.0776356935357	3592.212191013363	0.5254780776331824	1882.9120958097994
4935.853642273712	2562.5836349991896	3591.8162227331186	0.5254993602656807	1882.7826398306386
4937.056042673778	2562.089634304843	3591.420189094048	0.5255206428981789	1882.6531838514777
4938.258443073845	2561.5956336104964	3591.0240900799677	0.5255419255306771	1882.5237278723168
4939.460843473912	2561.1016329161503	3590.6279256746875	0.5255632081631755	1882.394271893156
4940.663243873979	2560.6076322218037	3590.2316958620145	0.5255844907956737	1882.2648159139949
4941.865644274046	2560.113631527457	3589.835400625748	0.5256057749278731	1882.135359934834
4943.068044674112	2559.6196308331114	3589.439039949684	0.5256270721140796	1882.0059039556734
4944.2704450741785	2559.1256301387652	3589.042613817611	0.525648369300286	1881.8764479765125
4945.472845474245	2558.6316294444186	3588.646122213314	0.5256696664864925	1881.7469919973514
4946.675245874312	2558.137628750072	3588.2495651205713	0.525690963672699	1881.6175360181905
4947.877646274379	2557.6436280557255	3587.8529425231577	0.5257122608589054	1881.4880800390297
4949.080046674446	2557.149627361379	3587.456254404841	0.525733558881067	1881.3586240598688
4950.282447074512	2556.655626667033	3587.059500749384	0.5257548702168474	1881.229168080708
4951.484847474579	2556.1616259726866	3586.6626815405434	0.5257761815526278	1881.099712101547
4952.687247874645	2555.66762527834	3586.2657967620726	0.5257974928884082	1880.9702561223862
4953.889648274712	2555.1736245839934	3585.8688463977164	0.5258188042241886	1880.8408001432254
4955.092048674779	2554.679623889647	3585.4718304312187	0.525840115559969	1880.7113441640645
4956.294449074845	2554.185623195301	3585.0747488463144	0.5258614271035439	1880.5818881849036
4957.496849474912	2553.6916225009545	3584.677601626734	0.5258827521880147	1880.4524322057428
4958.699249874979	2553.197621806608	3584.2803887562027	0.5259040772724856	1880.3229762265819
4959.9016502750455	2552.7036211122613	3583.88311021844	0.5259254023569565	1880.193520247421
4961.104050675112	2552.209620417915	3583.4857659971617	0.5259467274414273	1880.06406426826
4962.306451075179	2551.7156197235686	3583.088356076076	0.5259680525258983	1879.934608289099
4963.508851475245	2551.2216190292224	3582.6908804388863	0.5259893776103691	1879.8051523099382
4964.711251875312	2550.727618334876	3582.2933390692906	0.5260107156606652	1879.6756963307776
4965.913652275379	2550.2336176405292	3581.8957319509836	0.5260320540961697	1879.5462403516165
4967.116052675446	2549.739616946183	3581.4980590676523	0.5260533925316744	1879.4167843724556
4968.3184530755125	2549.2456162518365	3581.100320402977	0.5260747309671789	1879.2873283932947
4969.520853475579	2548.75161555749	3580.702515940637	0.5260960694026836	1879.1578724141339
4970.723253875645	2548.2576148631438	3580.3046456643024	0.5261174078381882	1879.028416434973
4971.925654275712	2547.763614168797	3579.906709557639	0.5261387582867898	1878.8989604558121
4973.128054675779	2547.269613474451	3579.5087076043073	0.5261601096788692	1878.7695044766513
4974.330455075846	2546.775612780105	3579.110639787963	0.5261814610709484	1878.6400484974904
4975.532855475913	2546.2816120857588	3578.712506092256	0.5262028124630278	1878.5105925183293
4976.735255875979	2545.787611391412	3578.3143065008294	0.5262241638551072	1878.3811365391684
4977.937656276045	2545.293610697066	3577.9160409973233	0.5262455152471864	1878.2516805600076
4979.140056676112	2544.7996100027194	3577.51770956537	0.5262668777371243	1878.1222245808467
4980.342457076179	2544.305609308373	3577.1193121885985	0.5262882416944941	1877.9927686016858
4981.544857476246	2543.8116086140267	3576.720848850632	0.5263096056518638	1877.863312622525
4982.747257876313	2543.31760791968	3576.322319535086	0.5263309696092335	1877.733856643364
4983.949658276379	2542.823607225334	3575.923724225574	0.5263523335666033	1877.6044006642032
4985.152058676445	2542.3296065309873	3575.5250629057005	0.526373697523973	1877.4749446850424
4986.354459076512	2541.8356058366408	3575.126335559068	0.5263950717010106	1877.3454887058813
4987.556859476579	2541.3416051422946	3574.7275421692725	0.5264164478355339	1877.2160327267206
4988.759259876646	2540.847604447948	3574.328682719901	0.5264378239700571	1877.0865767475598
4989.961660276713	2540.3536037536014	3573.9297571945413	0.5264592001045804	1876.957120768399
4991.164060676779	2539.8596030592553	3573.5307655767715	0.5264805762391036	1876.8276647892378
4992.366461076846	2539.365602364909	3573.1317078501656	0.5265019523736268	1876.698208810077
4993.568861476912	2538.8716016705625	3572.732583998291	0.5265233378862402	1876.568752830916
4994.771261876979	2538.377600976216	3572.333394004711	0.5265447258129021	1876.4392968517552
4995.973662277046	2537.8836002818693	3571.9341378529834	0.5265661137395641	1876.3098408725944
4997.176062677113	2537.389599587523	3571.53481552666	0.526587501666226	1876.1803848934335
4998.378463077179	2536.895598893177	3571.1354270092875	0.526608889592888	1876.0509289142726
4999.580863477246	2536.4015981988305	3570.735972284406	0.5266302775195499	1875.9214729351118
5000.7832638773125	2535.907597504484	3570.3364513355523	0.5266516740189063	1875.7920169559507
5001.985664277379	2535.4135968101373	3569.936864146255	0.5266730733557895	1875.6625609767898
5003.188064677446	2534.919596115791	3569.537210700041	0.5266944726926727	1875.5331049976292
5004.390465077513	2534.4255954214445	3569.137490980428	0.5267158720295559	1875.4036490184683
5005.592865477579	2533.9315947270984	3568.7377049709303	0.5267372713664391	1875.2741930393074
5006.795265877646	2533.4375940327523	3568.337852655055	0.5267586707033223	1875.1447370601463
5007.997666277713	2532.9435933384057	3567.9379340163055	0.5267800778432608	1875.0152810809855
5009.200066677779	2532.4495926440595	3567.5379490381806	0.5268014882115204	1874.8858251018246
5010.402467077846	2531.955591949713	3567.1378977041704	0.5268228985797802	1874.7563691226637
5011.604867477913	2531.461591255367	3566.7377799977617	0.5268443089480399	1874.6269131435029
5012.807267877979	2530.96759056102	3566.337595902435	0.5268657193162996	1874.497457164342
5014.009668278046	2530.473589866674	3565.9373454016672	0.5268871296845593	1874.3680011851811
5015.212068678113	2529.9795891723275	3565.537028478927	0.5269085471215692	1874.2385452060203
5016.4144690781795	2529.485588477981	3565.1366451176787	0.5269299681454079	1874.1090892268592
5017.616869478246	2528.9915877836347	3564.7361953013815	0.5269513891692467	1873.9796332476985
5018.819269878312	2528.4975870892886	3564.33567901349	0.5269728101930854	1873.8501772685377
5020.021670278379	2528.003586394942	3563.9350962374497	0.5269942312169241	1873.7207212893768
5021.224070678446	2527.5095857005954	3563.5344469567053	0.5270156522407629	1873.5912653102157
5022.426471078513	2527.015585006249	3563.1337311546927	0.527037079633964	1873.4618093310548
5023.62887147858	2526.5215843119026	3562.732948814844	0.5270585109406072	1873.332353351894
5024.8312718786465	2526.027583617556	3562.332099920585	0.5270799422472505	1873.202897372733
5026.033672278712	2525.53358292321	3561.9311844553354	0.5271013735538937	1873.0734413935722
5027.236072678779	2525.0395822288633	3561.5302024025104	0.5271228048605371	1872.9439854144114
5028.438473078846	2524.545581534517	3561.129153745521	0.5271442361671803	1872.8145294352505
5029.640873478913	2524.0515808401706	3560.7280384677697	0.5271656731783028	1872.6850734560896
5030.84327387898	2523.557580145824	3560.326856552654	0.5271871143979749	1872.5556174769288
5032.045674279047	2523.0635794514774	3559.9256079835686	0.5272085556176472	1872.4261614977677
5033.2480746791125	2522.5695787571317	3559.524292743901	0.5272299968373195	1872.296705518607
5034.450475079179	2522.075578062785	3559.1229108170314	0.5272514380569918	1872.1672495394462
5035.652875479246	2521.5815773684385	3558.721462186337	0.5272728792766641	1872.0377935602853
5036.855275879313	2521.087576674092	3558.3199468351886	0.5272943255700285	1871.9083375811242
5038.05767627938	2520.5935759797458	3557.9183647469517	0.5273157763359292	1871.7788816019633
5039.260076679447	2520.0995752853996	3557.5167159049865	0.52733722710183	1871.6494256228025
5040.462477079513	2519.6055745910535	3557.115000292646	0.5273586778677306	1871.5199696436418
5041.664877479579	2519.111573896707	3556.7132178932798	0.5273801286336314	1871.3905136644807
5042.867277879646	2518.6175732023603	3556.3113686902293	0.527401579399532	1871.2610576853199
5044.069678279713	2518.1235725080137	3555.909452666835	0.5274230346420303	1871.131601706159
5045.27207867978	2517.6295718136676	3555.5074698064277	0.5274444945903098	1871.0021457269982
5046.474479079846	2517.1355711193214	3555.105420092333	0.5274659545385894	1870.8726897478373
5047.676879479913	2516.641570424975	3554.7033035078725	0.5274874144868689	1870.7432337686764
5048.87927987998	2516.147569730628	3554.301120036362	0.5275088744351484	1870.6137777895156
5050.081680280046	2515.653569036282	3553.8988696611123	0.5275303343834279	1870.4843218103547
5051.284080680113	2515.1595683419355	3553.4965523654246	0.5275517982445026	1870.3548658311936
5052.48648108018	2514.665567647589	3553.0941681326003	0.5275732670142378	1870.2254098520327
5053.688881480246	2514.1715669532427	3552.6917169459325	0.5275947357839731	1870.095953872872
5054.891281880313	2513.677566258896	3552.289198788708	0.5276162045537084	1869.9664978937112
5056.09368228038	2513.18356556455	3551.8866136442093	0.5276376733234437	1869.8370419145504
5057.2960826804465	2512.6895648702034	3551.4839614957127	0.527659142093179	1869.7075859353893
5058.498483080513	2512.195564175857	3551.0812423264892	0.5276806142448045	1869.5781299562284
5059.70088348058	2511.7015634815107	3550.678456119804	0.5277020914779778	1869.4486739770675
5060.903283880646	2511.207562787164	3550.2756028589174	0.527723568711151	1869.319217997907
5062.105684280713	2510.713562092818	3549.8726825270833	0.5277450459443243	1869.1897620187458
5063.30808468078	2510.2195613984713	3549.4696951075507	0.5277665231774975	1869.060306039585
5064.510485080847	2509.725560704125	3549.0666405835627	0.5277880004106708	1868.930850060424
5065.712885480913	2509.2315600097786	3548.663518938356	0.527809480527335	1868.8013940812632
5066.91528588098	2508.737559315432	3548.260330155163	0.5278309658688083	1868.671938102102
5068.117686281046	2508.243558621086	3547.8570742172105	0.5278524512102815	1868.5424821229412
5069.320086681113	2507.7495579267393	3547.453751107719	0.5278739365517547	1868.4130261437804
5070.52248708118	2507.255557232393	3547.0503608099043	0.527895421893228	1868.2835701646197
5071.724887481247	2506.761556538047	3546.646903306974	0.5279169072347012	1868.1541141854586
5072.9272878813135	2506.2675558437004	3546.2433785821327	0.5279383949933848	1868.0246582062978
5074.1296882813795	2505.7735551493543	3545.8397866185805	0.5279598880908777	1867.895202227137
5075.332088681446	2505.279554455008	3545.436127399509	0.5279813811883707	1867.765746247976
5076.534489081513	2504.7855537606615	3545.0324009081046	0.5280028742858637	1867.6362902688152
5077.73688948158	2504.291553066315	3544.62860712755	0.5280243673833566	1867.5068342896543
5078.939289881647	2503.7975523719683	3544.224746041021	0.5280458604808496	1867.3773783104934
5080.141690281714	2503.3035516776217	3543.820817631687	0.5280673555610079	1867.2479223313326
5081.34409068178	2502.809550983276	3543.4168218827153	0.5280888560650757	1867.1184663521717
5082.546491081846	2502.3155502889294	3543.0127587772613	0.5281103565691436	1866.9890103730106
5083.748891481913	2501.821549594583	3542.6086282984816	0.5281318570732114	1866.8595543938497
5084.95129188198	2501.3275489002363	3542.204430429522	0.5281533575772793	1866.730098414689
5086.153692282047	2500.8335482058897	3541.800165153526	0.5281748580813471	1866.6006424355282
5087.356092682114	2500.3395475115435	3541.395832453631	0.5281963601648921	1866.4711864563671
5088.55849308218	2499.8455468171974	3540.991432312966	0.528217867728902	1866.3417304772063
5089.7608934822465	2499.351546122851	3540.5869647146574	0.5282393752929119	1866.2122744980454
5090.963293882313	2498.857545428504	3540.1824296418245	0.5282608828569217	1866.0828185188848
5092.16569428238	2498.363544734158	3539.777827077583	0.5282823904209317	1865.9533625397237
5093.368094682447	2497.8695440398114	3539.3731570050395	0.5283038979849416	1865.8239065605628
5094.570495082514	2497.375543345465	3538.968419407297	0.5283254067562221	1865.694450581402
5095.77289548258	2496.8815426511187	3538.5636142674553	0.5283469210363313	1865.564994602241
5096.975295882647	2496.387541956772	3538.1587415686017	0.5283684353164405	1865.43553862308
5098.177696282713	2495.893541262426	3537.753801293826	0.5283899495965496	1865.3060826439191
5099.38009668278	2495.3995405680794	3537.3487934262066	0.5284114638766588	1865.1766266647583
5100.582497082847	2494.905539873733	3536.9437179488177	0.528432978156768	1865.0471706855974
5101.784897482913	2494.4115391793866	3536.5385748447297	0.528454493302552	1864.9177147064365
5102.98729788298	2493.9175384850405	3536.133364097006	0.5284760139576863	1864.7882587272757
5104.189698283047	2493.4235377906944	3535.728085688703	0.5284975346128205	1864.6588027481148
5105.3920986831135	2492.9295370963478	3535.322739602872	0.5285190552679546	1864.529346768954
5106.59449908318	2492.4355364020016	3534.9173258225624	0.5285405759230889	1864.399890789793
5107.796899483247	2491.941535707655	3534.5118443308124	0.5285620965782231	1864.2704348106322
5108.999299883313	2491.447535013309	3534.106295110658	0.5285836177876797	1864.1409788314713
5110.20170028338	2490.9535343189623	3533.700678145128	0.5286051444795093	1864.0115228523105
5111.404100683447	2490.459533624616	3533.2949934172466	0.5286266711713389	1863.8820668731496
5112.606501083514	2489.9655329302695	3532.8892409100313	0.5286481978631685	1863.7526108939885
5113.8089014835805	2489.471532235923	3532.4834206064947	0.528669724554998	1863.6231549148276
5115.011301883647	2488.9775315415764	3532.077532489644	0.5286912512468276	1863.4936989356668
5116.213702283713	2488.48353084723	3531.67157654248	0.5287127782115078	1863.3642429565061
5117.41610268378	2487.989530152884	3531.2655527479974	0.5287343106044281	1863.234786977345
5118.618503083847	2487.4955294585375	3530.8594610891864	0.5287558429973483	1863.1053309981842
5119.820903483914	2487.001528764191	3530.4533015490297	0.5287773753902687	1862.9758750190233
5121.023303883981	2486.5075280698443	3530.0470741105073	0.5287989077831889	1862.8464190398624
5122.225704284047	2486.0135273754977	3529.640778756591	0.5288204401761093	1862.7169630607013
5123.428104684113	2485.519526681152	3529.234415470248	0.5288419725899294	1862.5875070815407
5124.63050508418	2485.0255259868054	3528.8279842344386	0.5288635103510381	1862.4580511023798
5125.832905484247	2484.531525292459	3528.421485032118	0.5288850481121468	1862.328595123219
5127.035305884314	2484.037524598112	3528.014917846238	0.5289065858732556	1862.1991391440579
5128.237706284381	2483.543523903766	3527.6082826597412	0.5289281236343643	1862.069683164897
5129.440106684447	2483.04952320942	3527.201579455566	0.528949661395473	1861.9402271857364
5130.6425070845135	2482.5555225150733	3526.7948082166445	0.5289711991565816	1861.8107712065755
5131.84490748458	2482.0615218207267	3526.387968925905	0.5289927417537716	1861.6813152274146
5133.047307884647	2481.56752112638	3525.9810615662677	0.5290142845528474	1861.5518592482535
5134.249708284714	2481.073520432034	3525.574086120649	0.5290358273519231	1861.4224032690927
5135.452108684781	2480.579519737688	3525.1670425719576	0.5290573701509987	1861.2929472899318
5136.654509084847	2480.0855190433417	3524.7599309030984	0.5290789129500745	1861.1634913107712
5137.856909484914	2479.591518348995	3524.3527510969693	0.5291004557491501	1861.03403533161
5139.05930988498	2479.0975176546485	3523.9455031364632	0.5291220028627734	1860.9045793524492
5140.261710285047	2478.6035169603024	3523.5381870044666	0.5291435503722542	1860.7751233732884
5141.464110685114	2478.109516265956	3523.1308026838615	0.5291650978817349	1860.6456673941275
5142.666511085181	2477.6155155716096	3522.723350157522	0.5291866453912157	1860.5162114149664
5143.868911485247	2477.121514877263	3522.315829408319	0.5292081929006965	1860.3867554358058
5145.071311885314	2476.627514182917	3521.908240419116	0.5292297404101773	1860.257299456645
5146.2737122853805	2476.1335134885703	3521.5005831727713	0.5292512917437774	1860.127843477484
5147.476112685447	2475.6395127942237	3521.092857652137	0.5292728436387416	1859.998387498323
5148.678513085514	2475.1455120998776	3520.68506384006	0.5292943955337058	1859.868931519162
5149.880913485581	2474.651511405531	3520.2772017193815	0.5293159474286699	1859.7394755400012
5151.083313885647	2474.157510711185	3519.8692712729376	0.5293374993236342	1859.6100195608406
5152.285714285714	2473.6635100168382	3519.4612724835556	0.5293590512185984	1859.4805635816795
5153.488114685781	2473.169509322492	3519.0532053340617	0.529380606477991	1859.3511076025186
5154.690515085847	2472.6755086281455	3518.6450698072713	0.529402162436133	1859.2216516233577
5155.892915485914	2472.181507933799	3518.236865885998	0.5294237183942752	1859.0921956441969
5157.09531588598	2471.6875072394528	3517.8285935530494	0.5294452743524173	1858.962739665036
5158.297716286047	2471.193506545106	3517.4202527912244	0.5294668303105593	1858.833283685875
5159.500116686114	2470.69950585076	3517.0118435833183	0.5294883862687014	1858.7038277067143
5160.702517086181	2470.2055051564134	3516.603365912121	0.5295099451619594	1858.5743717275534
5161.9049174862475	2469.711504462067	3516.194819760415	0.5295315048635721	1858.4449157483925
5163.107317886314	2469.2175037677202	3515.7862051109782	0.5295530645651849	1858.3154597692314
5164.30971828638	2468.7235030733746	3515.3775219465842	0.5295746242667978	1858.1860037900706
5165.512118686447	2468.229502379028	3514.9687702499955	0.5295961839684106	1858.05654781091
5166.714519086514	2467.7355016846814	3514.559950003975	0.5296177436700233	1857.927091831749
5167.916919486581	2467.241500990335	3514.1510611912754	0.529639305907459	1857.797635852588
5169.119319886648	2466.7475002959886	3513.7421037946474	0.5296608690354122	1857.668179873427
5170.3217202867145	2466.2534996016425	3513.3330777968335	0.5296824321633653	1857.5387238942662
5171.52412068678	2465.7594989072963	3512.9239831805703	0.5297039952913184	1857.4092679151054
5172.726521086847	2465.2654982129498	3512.5148199285886	0.5297255584192716	1857.2798119359443
5173.928921486914	2464.771497518603	3512.1055880236145	0.5297471215472247	1857.1503559567836
5175.131321886981	2464.2774968242566	3511.696287448368	0.5297686868413739	1857.0208999776228
5176.333722287048	2463.7834961299104	3511.286918185563	0.5297902530810942	1856.891443998462
5177.536122687115	2463.289495435564	3510.8774802179073	0.5298118193208144	1856.7619880193008
5178.7385230871805	2462.7954947412177	3510.4679735281043	0.5298333855605347	1856.63253204014
5179.940923487247	2462.301494046871	3510.0583980988486	0.529854951800255	1856.5030760609793
5181.143323887314	2461.807493352525	3509.648753912833	0.5298765180399753	1856.3736200818184
5182.345724287381	2461.3134926581783	3509.23904095274	0.529898086105579	1856.2441641026576
5183.548124687448	2460.8194919638318	3508.829259201251	0.529919655145028	1856.1147081234965
5184.750525087515	2460.3254912694856	3508.419408641039	0.5299412241844771	1855.9852521443356
5185.952925487581	2459.8314905751395	3508.00948925477	0.5299627932239261	1855.8557961651748
5187.155325887647	2459.337489880793	3507.5995010251067	0.5299843622633752	1855.7263401860139
5188.357726287714	2458.8434891864463	3507.1894439347043	0.5300059313028243	1855.5968842068528
5189.560126687781	2458.3494884920997	3506.7793179662135	0.5300275018568138	1855.467428227692
5190.762527087848	2457.8554877977535	3506.3691231022794	0.5300490733864712	1855.3379722485313
5191.964927487914	2457.3614871034074	3505.958859325538	0.5300706449161287	1855.2085162693704
5193.167327887981	2456.867486409061	3505.548526618623	0.5300922164457861	1855.0790602902093
5194.369728288048	2456.373485714714	3505.1381249641604	0.5301137879754435	1854.9496043110485
5195.572128688114	2455.879485020368	3504.7276543447724	0.5301353595051009	1854.8201483318876
5196.774529088181	2455.3854843260215	3504.3171147430726	0.5301569322665816	1854.690692352727
5197.976929488248	2454.891483631675	3503.906506141671	0.5301785059794238	1854.5612363735659
5199.179329888314	2454.3974829373287	3503.4958285231714	0.5302000796922661	1854.431780394405
5200.381730288381	2453.903482242983	3503.0850818701697	0.5302216534051084	1854.3023244152441
5201.584130688448	2453.4094815486364	3502.674266165258	0.5302432271179507	1854.1728684360833
5202.7865310885145	2452.91548085429	3502.263381391022	0.530264800830793	1854.0434124569222
5203.988931488581	2452.4214801599433	3501.8524275300424	0.5302863755210264	1853.9139564777613
5205.191331888648	2451.9274794655967	3501.4414045648923	0.530307951112506	1853.7845004986004
5206.393732288714	2451.433478771251	3501.0303124781412	0.5303295267039854	1853.6550445194398
5207.596132688781	2450.9394780769044	3500.6191512523496	0.5303511022954649	1853.525588540279
5208.798533088848	2450.445477382558	3500.2079208700743	0.5303726778869443	1853.3961325611178
5210.000933488915	2449.951476688211	3499.7966213138675	0.5303942534784237	1853.266676581957
5211.203333888981	2449.4574759938646	3499.3852525662714	0.5304158298208134	1853.137220602796
5212.405734289048	2448.9634752995184	3498.9738146098275	0.5304374069888416	1853.0077646236355
5213.608134689114	2448.4694746051723	3498.5623074270666	0.5304589841568698	1852.8783086444744
5214.810535089181	2447.9754739108257	3498.1507310005163	0.530480561324898	1852.7488526653135
5216.012935489248	2447.481473216479	3497.739085312699	0.5305021384929262	1852.6193966861526
5217.215335889315	2446.987472522133	3497.327370346128	0.5305237156609544	1852.4899407069918
5218.4177362893815	2446.4934718277864	3496.9155860833143	0.5305452933810287	1852.3604847278307
5219.6201366894475	2445.9994711334402	3496.5037325067606	0.530566871825955	1852.23102874867
5220.822537089514	2445.5054704390936	3496.091809598965	0.5305884502708812	1852.1015727695092
5222.024937489581	2445.011469744747	3495.6798173424186	0.5306100287158074	1851.9721167903483
5223.227337889648	2444.517469050401	3495.2677557196084	0.5306316071607335	1851.8426608111872
5224.429738289715	2444.0234683560543	3494.855624713013	0.5306531856056598	1851.7132048320263
5225.632138689782	2443.5294676617077	3494.4434243051064	0.530674764431057	1851.5837488528655
5226.834539089848	2443.0354669673616	3494.031154478359	0.5306963438556498	1851.4542928737048
5228.036939489914	2442.541466273015	3493.618815215231	0.5307179232802427	1851.3248368945438
5229.239339889981	2442.047465578669	3493.206406498179	0.5307395027048356	1851.1953809153829
5230.441740290048	2441.5534648843222	3492.7939283096534	0.5307610821294285	1851.065924936222
5231.644140690115	2441.059464189976	3492.381380632099	0.5307826615540214	1850.9364689570612
5232.846541090182	2440.56546349563	3491.9687634479546	0.5308042412144731	1850.8070129779003
5234.048941490248	2440.071462801284	3491.5560767396523	0.5308258213239023	1850.6775569987394
5235.2513418903145	2439.577462106937	3491.1433204896193	0.5308474014333315	1850.5481010195786
5236.453742290381	2439.0834614125906	3490.7304946802765	0.5308689815427607	1850.4186450404177
5237.656142690448	2438.5894607182445	3490.3175992940382	0.53089056165219	1850.2891890612568
5238.858543090515	2438.095460023898	3489.9046343133136	0.5309121417616192	1850.1597330820957
5240.060943490582	2437.6014593295513	3489.491599720506	0.5309337219889355	1850.0302771029349
5241.263343890648	2437.107458635205	3489.0784954980127	0.530955302490752	1849.9008211237742
5242.465744290715	2436.6134579408586	3488.665321628224	0.5309768829925684	1849.7713651446134
5243.668144690781	2436.1194572465124	3488.2520780935265	0.5309984634943848	1849.6419091654523
5244.870545090848	2435.625456552166	3487.8387648762982	0.5310200439962013	1849.5124531862914
5246.072945490915	2435.131455857819	3487.4253819589126	0.5310416244980178	1849.3829972071305
5247.275345890981	2434.637455163473	3487.0119293237385	0.5310632050260715	1849.25354122797
5248.477746291048	2434.143454469127	3486.598406953136	0.5310847856301898	1849.1240852488088
5249.680146691115	2433.6494537747803	3486.184814829461	0.531106366234308	1848.994629269648
5250.882547091182	2433.1554530804337	3485.7711529350627	0.5311279468384261	1848.865173290487
5252.084947491248	2432.661452386087	3485.3574212522844	0.5311495274425444	1848.7357173113262
5253.287347891315	2432.1674516917406	3484.9436197634654	0.5311711080466626	1848.606261332165
5254.489748291381	2431.673450997395	3484.529748450937	0.5311926886113743	1848.4768053530045
5255.692148691448	2431.1794503030483	3484.115807297023	0.5312142690300533	1848.3473493738436
5256.894549091515	2430.6854496087017	3483.701796284045	0.5312358494487323	1848.2178933946827
5258.096949491582	2430.191448914355	3483.2877153943155	0.5312574298674113	1848.0884374155219
5259.2993498916485	2429.697448220009	3482.873564610144	0.5312790102860904	1847.9589814363608
5260.501750291715	2429.2034475256623	3482.4593439138307	0.5313005907047693	1847.8295254572
5261.704150691781	2428.709446831316	3482.045053287673	0.5313221710440921	1847.700069478039
5262.906551091848	2428.2154461369696	3481.6306927139585	0.531343750991918	1847.5706134988782
5264.108951491915	2427.7214454426235	3481.2162621749735	0.5313653309397438	1847.4411575197173
5265.311351891982	2427.2274447482773	3480.8017616529955	0.5313869108875697	1847.3117015405564
5266.513752292049	2426.7334440539307	3480.3871911302945	0.5314084908353957	1847.1822455613956
5267.716152692115	2426.239443359584	3479.972550589139	0.5314300707832215	1847.0527895822347
5268.918553092181	2425.745442665238	3479.5578400117874	0.5314516506371257	1846.9233336030736
5270.120953492248	2425.251441970892	3479.143059380495	0.5314732298309917	1846.793877623913
5271.323353892315	2424.7574412765453	3478.728208677507	0.5314948090248575	1846.664421644752
5272.525754292382	2424.2634405821987	3478.313287885069	0.5315163882187234	1846.5349656655912
5273.728154692449	2423.7694398878525	3477.8982969854146	0.5315379674125892	1846.4055096864302
5274.930555092515	2423.275439193506	3477.483235960774	0.5315595466064551	1846.2760537072693
5276.1329554925815	2422.78143849916	3477.068104793372	0.531581125716913	1846.1465977281084
5277.335355892648	2422.287437804813	3476.652903465426	0.5316027038760037	1846.0171417489476
5278.537756292715	2421.7934371104666	3476.2376319591476	0.5316242820350946	1845.8876857697865
5279.740156692782	2421.2994364161204	3475.8222902567445	0.5316458601941854	1845.7582297906256
5280.942557092849	2420.805435721774	3475.406878340413	0.5316674383532762	1845.628773811465
5282.144957492915	2420.3114350274277	3474.9913961923517	0.531689016512367	1845.499317832304
5283.347357892982	2419.817434333081	3474.5758437947443	0.5317105946233394	1845.3698618531432
5284.549758293048	2419.323433638735	3474.160221129776	0.5317321714691122	1845.2404058739821
5285.752158693115	2418.8294329443884	3473.74452817962	0.5317537483148851	1845.1109498948213
5286.954559093182	2418.335432250042	3473.3287649264466	0.531775325160658	1844.9814939156606
5288.156959493249	2417.841431555695	3472.9129313524204	0.5317969020064308	1844.8520379364998
5289.359359893315	2417.347430861349	3472.497027439699	0.5318184788522037	1844.7225819573387
5290.561760293382	2416.853430167003	3472.081053170435	0.5318400556979765	1844.5931259781778
5291.7641606934485	2416.3594294726563	3471.665008526771	0.5318616309657906	1844.463669999017
5292.966561093515	2415.8654287783097	3471.2488934908497	0.5318832062219575	1844.334214019856
5294.168961493582	2415.371428083963	3470.8327080448034	0.5319047814781243	1844.204758040695
5295.371361893649	2414.877427389617	3470.41645217076	0.531926356734291	1844.0753020615343
5296.573762293715	2414.3834266952713	3470.00012585084	0.5319479319904578	1843.9458460823735
5297.776162693782	2413.8894260009247	3469.58372906716	0.5319695072466245	1843.8163901032126
5298.978563093849	2413.395425306578	3469.1672618018288	0.5319910807347281	1843.6869341240515
5300.180963493915	2412.9014246122315	3468.7507240369496	0.5320126541272385	1843.5574781448906
5301.383363893982	2412.4074239178854	3468.3341157546206	0.5320342275197489	1843.42802216573
5302.585764294048	2411.913423223539	3467.917436936932	0.5320558009122593	1843.2985661865691
5303.788164694115	2411.4194225291926	3467.5006875659687	0.5320773743047699	1843.169110207408
5304.990565094182	2410.925421834846	3467.0838676238104	0.5320989476972803	1843.0396542282472
5306.192965494249	2410.4314211405	3466.66697709253	0.5321205191577288	1842.9101982490863
5307.395365894316	2409.9374204461533	3466.250015954194	0.5321420904147519	1842.7807422699254
5308.597766294382	2409.4434197518067	3465.832984190864	0.5321636616717751	1842.6512862907646
5309.800166694448	2408.9494190574605	3465.4158817845937	0.5321852329287983	1842.5218303116037
5311.002567094515	2408.455418363114	3464.998708717433	0.5322068041858214	1842.3923743324428
5312.204967494582	2407.961417668768	3464.581464971424	0.5322283754428446	1842.262918353282
5313.407367894649	2407.467416974421	3464.164150528603	0.5322499446296071	1842.133462374121
5314.609768294716	2406.9734162800746	3463.7467653709996	0.5322715134815162	1842.00400639496
5315.8121686947825	2406.4794155857285	3463.32930948064	0.5322930823334254	1841.8745504157991
5317.014569094848	2405.985414891382	3462.911782839541	0.5323146511853345	1841.7450944366385
5318.216969494915	2405.4914141970357	3462.4941854297153	0.5323362200372437	1841.6156384574776
5319.419369894982	2404.997413502689	3462.0765172331694	0.5323577888891529	1841.4861824783166
5320.621770295049	2404.503412808343	3461.6587782319025	0.532379355558096	1841.3567264991557
5321.824170695116	2404.0094121139964	3461.240968407908	0.5324009217374492	1841.2272705199948
5323.026571095183	2403.51541141965	3460.8230877431747	0.5324224879168024	1841.097814540834
5324.2289714952485	2403.0214107253037	3460.405136219684	0.5324440540961556	1840.968358561673
5325.431371895315	2402.527410030957	3459.9871138194103	0.5324656202755087	1840.8389025825122
5326.633772295382	2402.033409336611	3459.5690205243254	0.5324871864548619	1840.7094466033514
5327.836172695449	2401.539408642265	3459.15085631639	0.5325087503637376	1840.5799906241905
5329.038573095516	2401.045407947918	3458.7326211775626	0.5325303136052627	1840.4505346450294
5330.240973495583	2400.5514072535716	3458.314315089794	0.5325518768467878	1840.3210786658685
5331.443373895649	2400.057406559226	3457.89593803503	0.5325734400883129	1840.191622686708
5332.6457742957155	2399.5634058648793	3457.477489995208	0.532595003329838	1840.062166707547
5333.848174695782	2399.0694051705327	3457.058970952261	0.5326165665713631	1839.9327107283862
5335.050575095849	2398.575404476186	3456.6403808881155	0.5326381274797934	1839.803254749225
5336.252975495916	2398.0814037818395	3456.221719784692	0.5326596875203703	1839.6737987700642
5337.455375895982	2397.587403087494	3455.802987623906	0.5326812475609471	1839.5443427909036
5338.657776296049	2397.0934023931472	3455.384184387664	0.5327028076015239	1839.4148868117427
5339.860176696116	2396.5994016988006	3454.9653100578685	0.5327243676421007	1839.2854308325816
5341.062577096182	2396.105401004454	3454.546364616414	0.5327459276826776	1839.1559748534207
5342.264977496249	2395.6114003101075	3454.127348045193	0.5327674853521417	1839.0265188742599
5343.467377896316	2395.1173996157613	3453.708260326087	0.5327890419307854	1838.897062895099
5344.669778296382	2394.623398921415	3453.289101440975	0.5328105985094289	1838.7676069159381
5345.872178696449	2394.1293982270686	3452.869871371726	0.5328321550880726	1838.6381509367773
5347.074579096516	2393.635397532722	3452.450570100206	0.5328537116667161	1838.5086949576164
5348.2769794965825	2393.141396838376	3452.0311976082753	0.5328752682453598	1838.3792389784555
5349.479379896649	2392.6473961440292	3451.611753877784	0.5328968224391805	1838.2497829992944
5350.681780296716	2392.1533954496826	3451.192238890581	0.5329183752970259	1838.1203270201336
5351.884180696782	2391.6593947553365	3450.772652628506	0.5329399281548712	1837.9908710409727
5353.086581096849	2391.1653940609904	3450.3529950733937	0.5329614810127166	1837.861415061812
5354.288981496916	2390.6713933666438	3449.9332662070697	0.532983033870562	1837.731959082651
5355.491381896983	2390.177392672297	3449.513466011359	0.5330045867284073	1837.60250310349
5356.693782297049	2389.6833919779506	3449.093594468076	0.5330261372117373	1837.4730471243292
5357.896182697116	2389.1893912836044	3448.67365155903	0.5330476860920219	1837.3435911451684
5359.098583097182	2388.6953905892583	3448.253637266026	0.5330692349723065	1837.2141351660075
5360.300983497249	2388.201389894912	3447.833551570858	0.5330907838525912	1837.0846791868466
5361.503383897316	2387.7073892005656	3447.4133944553196	0.5331123327328758	1836.9552232076858
5362.705784297383	2387.2133885062194	3446.993165901195	0.5331338816131604	1836.825767228525
5363.9081846974495	2386.719387811873	3446.5728658902613	0.5331554281529687	1836.696311249364
5365.1105850975155	2386.2253871175267	3446.152494404294	0.5331769728010163	1836.566855270203
5366.312985497582	2385.73138642318	3445.732051425056	0.533198517449064	1836.437399291042
5367.515385897649	2385.237385728834	3445.3115369343095	0.5332200620971116	1836.3079433118812
5368.717786297716	2384.7433850344873	3444.890950913807	0.5332416067451593	1836.1784873327206
5369.920186697783	2384.2493843401408	3444.470293345296	0.5332631513932069	1836.0490313535595
5371.12258709785	2383.755383645794	3444.049564210519	0.5332846937582654	1835.9195753743986
5372.324987497916	2383.261382951448	3443.6287634912105	0.5333062339214703	1835.7901193952378
5373.527387897982	2382.767382257102	3443.2078911691005	0.5333277740846752	1835.6606634160769
5374.729788298049	2382.2733815627553	3442.7869472259085	0.5333493142478801	1835.5312074369158
5375.932188698116	2381.7793808684087	3442.3659316433545	0.5333708544110851	1835.4017514577552
5377.134589098183	2381.285380174062	3441.9448444031477	0.5333923945742901	1835.2722954785943
5378.33698949825	2380.7913794797155	3441.523685486991	0.5334139325351612	1835.1428394994334
5379.539389898316	2380.29737878537	3441.102454876584	0.5334354679629736	1835.0133835202723
5380.7417902983825	2379.803378091023	3440.681152553617	0.5334570033907859	1834.8839275411115
5381.944190698449	2379.3093773966766	3440.2597784997756	0.5334785388185983	1834.7544715619506
5383.146591098516	2378.81537670233	3439.8383326967387	0.5335000742464108	1834.6250155827897
5384.348991498583	2378.321376007984	3439.41681512618	0.5335216096742231	1834.495559603629
5385.55139189865	2377.8273753136373	3438.995225769766	0.5335431430032467	1834.366103624468
5386.753792298716	2377.333374619291	3438.5735646091557	0.5335646734471543	1834.2366476453071
5387.956192698783	2376.8393739249445	3438.151831626005	0.533586203891062	1834.1071916661463
5389.158593098849	2376.345373230598	3437.73002680196	0.5336077343349697	1833.9777356869854
5390.360993498916	2375.851372536252	3437.3081501186643	0.5336292647788774	1833.8482797078245
5391.563393898983	2375.357371841905	3436.886201557752	0.533650795222785	1833.7188237286637
5392.765794299049	2374.8633711475595	3436.464181100853	0.5336723236942731	1833.5893677495028
5393.968194699116	2374.369370453213	3436.042088729589	0.5336938489083408	1833.459911770342
5395.170595099183	2373.8753697588663	3435.6199244255768	0.5337153741224087	1833.3304557911808
5396.37299549925	2373.38136906452	3435.1976881704286	0.5337368993364765	1833.20099981202
5397.575395899316	2372.8873683701736	3434.7753799457464	0.5337584245505443	1833.071543832859
5398.777796299383	2372.3933676758274	3434.352999733129	0.5337799497646122	1832.9420878536982
5399.980196699449	2371.899366981481	3433.930547514166	0.5338014731586487	1832.8126318745374
5401.182597099516	2371.4053662871347	3433.5080232704463	0.5338229929101285	1832.6831758953765
5402.384997499583	2370.911365592788	3433.0854269835454	0.5338445126616082	1832.5537199162156
5403.58739789965	2370.4173648984415	3432.6627586350373	0.5338660324130879	1832.4242639370548
5404.7897982997165	2369.9233642040954	3432.2400182064894	0.5338875521645676	1832.2948079578937
5405.992198699783	2369.429363509749	3431.81720567946	0.5339090719160474	1832.1653519787328
5407.194599099849	2368.9353628154026	3431.394321035504	0.5339305900278917	1832.0358959995722
5408.396999499916	2368.441362121056	3430.971364256168	0.5339521041101102	1831.9064400204113
5409.599399899983	2367.9473614267094	3430.5483353229943	0.5339736181923288	1831.7769840412504
5410.80180030005	2367.4533607323633	3430.1252342175176	0.5339951322745474	1831.6475280620893
5412.004200700117	2366.960951128751	3429.702401136185	0.5340166463567659	1831.5181889555513
5413.206601100183	2366.922381215451	3429.376600067257	0.5340381604389846	1831.4221863732946
5414.409001500249	2366.8838113021507	3429.0508502754724	0.5340596730860224	1831.3261837910384
5415.611401900316	2366.8452413888513	3428.7251517487257	0.5340811813163062	1831.230181208782
5416.813802300383	2366.806671475551	3428.3995044749163	0.5341026895465899	1831.1341786265257
5418.01620270045	2366.7681015622516	3428.073908441948	0.5341241977768737	1831.038176044269
5419.218603100517	2366.7295316489513	3427.7483636377265	0.5341457060071574	1830.9421734620125
5420.421003500583	2366.690961735652	3427.4228700501635	0.5341672142374412	1830.8461708797563
5421.6234039006495	2366.6523918223515	3427.0974276671714	0.5341887212572096	1830.7501682974998
5422.825804300716	2366.6138219090517	3426.77203647667	0.5342102234734909	1830.6541657152434
5424.028204700783	2366.575251995752	3426.4466964665826	0.5342317256897723	1830.5581631329867
5425.23060510085	2366.536682082452	3426.121407624832	0.5342532279060536	1830.4621605507302
5426.433005500917	2366.498112169152	3425.7961699393504	0.534274730122335	1830.366157968474
5427.635405900983	2366.4595422558523	3425.4709833980687	0.5342962323386162	1830.2701553862175
5428.83780630105	2366.4209723425524	3425.1458479889257	0.5343177335853355	1830.174152803961
5430.040206701116	2366.3824024292526	3424.820763699862	0.5343392296384945	1830.0781502217046
5431.242607101183	2366.3438325159527	3424.4957305188227	0.5343607256916534	1829.9821476394482
5432.44500750125	2366.3052626026524	3424.1707484337558	0.5343822217448123	1829.8861450571917
5433.647407901317	2366.266692689353	3423.8458174326142	0.5344037177979712	1829.7901424749352
5434.849808301383	2366.2281227760527	3423.5209375033533	0.5344252138511302	1829.694139892679
5436.05220870145	2366.1895528627533	3423.196108633934	0.5344467091891741	1829.5981373104223
5437.2546091015165	2366.150982949453	3422.871330812319	0.5344681989334552	1829.5021347281659
5438.457009501583	2366.1124130361536	3422.5466040264755	0.5344896886777364	1829.4061321459096
5439.65940990165	2366.0738431228533	3422.221928264376	0.5345111784220175	1829.3101295636532
5440.861810301717	2366.035273209554	3421.8973035139948	0.5345326681662985	1829.2141269813967
5442.064210701783	2365.9967032962536	3421.572729763311	0.5345541579105796	1829.1181243991402
5443.26661110185	2365.958133382954	3421.248207000308	0.5345756472071603	1829.0221218168838
5444.469011501917	2365.919563469654	3420.9237352129694	0.534597130498983	1828.9261192346273
5445.671411901983	2365.880993556354	3420.599314389288	0.5346186137908058	1828.8301166523709
5446.87381230205	2365.842423643054	3420.2749445172567	0.5346400970826284	1828.7341140701146
5448.076212702116	2365.803853729754	3419.950625584874	0.5346615803744511	1828.638111487858
5449.278613102183	2365.7652838164545	3419.6263575801413	0.5346830636662738	1828.5421089056015
5450.48101350225	2365.726713903154	3419.3021404910623	0.5347045467905743	1828.4461063233452
5451.683413902317	2365.688143989855	3418.9779743056474	0.5347260234917992	1828.3501037410888
5452.885814302384	2365.6495740765545	3418.653859011908	0.534747500193024	1828.2541011588323
5454.08821470245	2365.611004163255	3418.3297945978625	0.5347689768942488	1828.1580985765756
5455.290615102516	2365.5724342499548	3418.00578105153	0.5347904535954736	1828.0620959943194
5456.493015502583	2365.5338643366554	3417.681818360935	0.5348119302966985	1827.966093412063
5457.69541590265	2365.495294423355	3417.3579065141043	0.5348334069979234	1827.8700908298065
5458.897816302717	2365.4567245100557	3417.0340454990715	0.5348548771024565	1827.77408824755
5460.100216702784	2365.4181545967554	3416.710235303869	0.5348763470823236	1827.6780856652936
5461.3026171028505	2365.379584683456	3416.386475916539	0.5348978170621908	1827.582083083037
5462.505017502916	2365.3410147701557	3416.0627673251224	0.5349192870420578	1827.4860805007809
5463.707417902983	2365.3024448568563	3415.7391095176663	0.534940757021925	1827.3900779185244
5464.90981830305	2365.263874943556	3415.4155024822203	0.5349622270017921	1827.294075336268
5466.112218703117	2365.2253050302556	3415.091946206839	0.5349836905630029	1827.1980727540113
5467.314619103184	2365.1867351169562	3414.7684406795806	0.535005153696202	1827.1020701717548
5468.517019503251	2365.148165203656	3414.444985888507	0.5350266168294012	1827.0060675894986
5469.7194199033165	2365.1095952903565	3414.121581821683	0.5350480799626003	1826.910065007242
5470.921820303383	2365.0710253770562	3413.798228467176	0.5350695430957995	1826.8140624249857
5472.12422070345	2365.032455463757	3413.4749258130623	0.5350910062289986	1826.7180598427292
5473.326621103517	2364.9938855504565	3413.151673847415	0.5351124631346327	1826.6220572604727
5474.529021503584	2364.955315637157	3412.828472558317	0.5351339192981335	1826.5260546782163
5475.73142190365	2364.916745723857	3412.5053219338506	0.5351553754616343	1826.43005209596
5476.933822303717	2364.8781758105574	3412.182221962105	0.5351768316251351	1826.3340495137036
5478.1362227037835	2364.839605897257	3411.8591726311693	0.535198287788636	1826.238046931447
5479.33862310385	2364.8010359839577	3411.536173929141	0.5352197439521368	1826.1420443491904
5480.541023503917	2364.7624660706574	3411.213225844118	0.535241194090853	1826.0460417669342
5481.743423903984	2364.7238961573576	3410.890328364204	0.5352626431626504	1825.9500391846777
5482.94582430405	2364.6853262440577	3410.567481477504	0.5352840922344477	1825.8540366024213
5484.148224704117	2364.646756330758	3410.244685172129	0.535305541306245	1825.7580340201648
5485.350625104184	2364.608186417458	3409.921939436192	0.5353269903780423	1825.6620314379084
5486.55302550425	2364.569616504158	3409.5992442578117	0.5353484394498397	1825.566028855652
5487.755425904317	2364.5310465908583	3409.2765996251087	0.5353698827111668	1825.4700262733954
5488.957826304384	2364.492476677558	3408.954005526208	0.5353913245702556	1825.3740236911392
5490.16022670445	2364.4539067642586	3408.63146194924	0.5354127664293444	1825.2780211088825
5491.362627104517	2364.4153368509583	3408.308968882334	0.5354342082884332	1825.182018526626
5492.565027504584	2364.376766937659	3407.986526313629	0.5354556501475219	1825.0860159443698
5493.7674279046505	2364.3381970243586	3407.6641342312632	0.5354770920066108	1824.9900133621134
5494.969828304717	2364.299627111059	3407.3417926233815	0.5354985282809401	1824.894010779857
5496.172228704784	2364.261057197759	3407.019501478129	0.5355199628073081	1824.7980081976002
5497.37462910485	2364.2224872844595	3406.6972607836597	0.535541397333676	1824.702005615344
5498.577029504917	2364.183917371159	3406.375070528127	0.5355628318600439	1824.6060030330875
5499.779429904984	2364.1453474578593	3406.0529306996877	0.5355842663864119	1824.510000450831
5500.981830305051	2364.1067775445595	3405.730841286507	0.5356057009127799	1824.4139978685746
5502.184230705117	2364.0682076312596	3405.408802276749	0.5356271300913583	1824.3179952863181
5503.386631105184	2364.0296377179598	3405.0868136585827	0.5356485571659773	1824.2219927040617
5504.58903150525	2363.99106780466	3404.7648754201828	0.5356699842405961	1824.1259901218054
5505.791431905317	2363.95249789136	3404.4429875497253	0.535691411315215	1824.029987539549
5506.993832305384	2363.91392797806	3404.1211500353916	0.5357128383898339	1823.9339849572925
5508.196232705451	2363.8753580647603	3403.7993628653653	0.5357342654644528	1823.8379823750358
5509.398633105518	2363.8367881514605	3403.4776260278345	0.5357556874393774	1823.7419797927794
5510.6010335055835	2363.7982182381606	3403.1559395109916	0.5357771069441971	1823.6459772105231
5511.80343390565	2363.7596483248603	3402.8343033030314	0.5357985264490168	1823.5499746282667
5513.005834305717	2363.721078411561	3402.5127173921537	0.5358199459538364	1823.4539720460102
5514.208234705784	2363.6825084982606	3402.191181766561	0.5358413654586561	1823.3579694637538
5515.410635105851	2363.6439385849612	3401.8696964144606	0.5358627849634758	1823.2619668814973
5516.613035505918	2363.605368671661	3401.5482613240597	0.535884199627688	1823.1659642992408
5517.815435905984	2363.566798758361	3401.2268764835762	0.5359056114456285	1823.0699617169846
5519.01783630605	2363.528228845061	3400.905541881225	0.5359270232635691	1822.9739591347281
5520.220236706117	2363.4896589317614	3400.5842575052284	0.5359484350815097	1822.8779565524715
5521.422637106184	2363.4510890184615	3400.2630233438117	0.5359698468994504	1822.781953970215
5522.625037506251	2363.4125191051617	3399.9418393852025	0.535991258717391	1822.6859513879588
5523.827437906318	2363.373949191862	3399.6207056176327	0.5360126659646691	1822.5899488057023
5525.029838306384	2363.335379278562	3399.299622029341	0.5360340699796123	1822.4939462234458
5526.2322387064505	2363.296809365262	3398.9785886085633	0.5360554739945557	1822.3979436411894
5527.434639106517	2363.2582394519623	3398.657605343546	0.536076878009499	1822.301941058933
5528.637039506584	2363.2196695386624	3398.3366722225346	0.5360982820244423	1822.2059384766765
5529.839439906651	2363.1810996253625	3398.01578923378	0.5361196860393856	1822.10993589442
5531.041840306718	2363.1425297120627	3397.6949563655367	0.5361410857643406	1822.0139333121638
5532.244240706784	2363.103959798763	3397.374173606063	0.5361624818611253	1821.917930729907
5533.446641106851	2363.065389885463	3397.0534409436195	0.5361838779579099	1821.8219281476506
5534.6490415069175	2363.0268199721627	3396.7327583664724	0.5362052740546945	1821.7259255653944
5535.851441906984	2362.988250058863	3396.4121258628907	0.5362266701514792	1821.629922983138
5537.053842307051	2362.949680145563	3396.091543421147	0.5362480662482639	1821.5339204008815
5538.256242707117	2362.911110232263	3395.771011029518	0.536269458346332	1821.437917818625
5539.458643107184	2362.8725403189633	3395.450528676283	0.5362908464107439	1821.3419152363685
5540.661043507251	2362.8339704056634	3395.130096349726	0.5363122344751556	1821.245912654112
5541.863443907318	2362.7954004923636	3394.8097140381337	0.5363336225395674	1821.1499100718556
5543.065844307384	2362.7568305790637	3394.489381729798	0.5363550106039792	1821.0539074895992
5544.268244707451	2362.718260665764	3394.169099413013	0.5363763986683909	1820.9579049073427
5545.470645107517	2362.679690752464	3393.848867076078	0.5363977830358289	1820.8619023250862
5546.673045507584	2362.641120839164	3393.5286847072925	0.5364191629545957	1820.7658997428298
5547.875445907651	2362.6025509258643	3393.208552294965	0.5364405428733626	1820.6698971605736
5549.077846307718	2362.5639810125645	3392.8884698274023	0.5364619227921295	1820.5738945783169
5550.2802467077845	2362.5254110992646	3392.5684372929195	0.5364833027108964	1820.4778919960604
5551.482647107851	2362.4868411859647	3392.2484546798305	0.5365046826296632	1820.381889413804
5552.685047507917	2362.448271272665	3391.928521976458	0.5365260591635418	1820.2858868315477
5553.887447907984	2362.4097013593646	3391.6086391711247	0.5365474308243252	1820.1898842492913
5555.089848308051	2362.371131446065	3391.2888062521583	0.5365688024851086	1820.0938816670346
5556.292248708118	2362.332561532765	3390.9690232078883	0.536590174145892	1819.9978790847783
5557.494649108185	2362.293991619465	3390.649290026651	0.5366115458066754	1819.9018765025219
5558.697049508251	2362.255421706165	3390.3296066967855	0.5366329174674588	1819.8058739202654
5559.899449908317	2362.2168517928653	3390.009973206633	0.5366542860656568	1819.7098713380092
5561.101850308384	2362.1782818795655	3389.690389544539	0.5366756493570449	1819.6138687557525
5562.304250708451	2362.1397119662656	3389.3708556988513	0.5366970126484331	1819.517866173496
5563.506651108518	2362.1011420529658	3389.051371657926	0.5367183759398212	1819.4218635912396
5564.709051508585	2362.062572139666	3388.7319374101166	0.5367397392312093	1819.3258610089833
5565.911451908651	2362.024002226366	3388.4125529437856	0.5367611025225975	1819.2298584267269
5567.1138523087175	2361.985432313066	3388.0932182472952	0.5367824630837964	1819.1338558444702
5568.316252708784	2361.9468623997664	3387.773933309014	0.536803817895299	1819.037853262214
5569.518653108851	2361.908292486466	3387.4546981173116	0.5368251727068015	1818.9418506799575
5570.721053508918	2361.8697225731667	3387.1355126605645	0.5368465275183041	1818.845848097701
5571.923453908985	2361.8311526598663	3386.8163769271487	0.5368678823298066	1818.7498455154446
5573.125854309051	2361.792582746567	3386.4972909054486	0.5368892371413093	1818.6538429331881
5574.328254709118	2361.7540128332666	3386.1782545838473	0.5369105895649878	1818.5578403509317
5575.530655109184	2361.7154429199672	3385.859267950736	0.5369319357870261	1818.4618377686752
5576.733055509251	2361.676873006667	3385.540330994507	0.5369532820090643	1818.365835186419
5577.935455909318	2361.638303093367	3385.221443703555	0.5369746282311025	1818.2698326041625
5579.137856309385	2361.5997331800672	3384.9026060662823	0.5369959744531408	1818.1738300219058
5580.340256709451	2361.5611632667674	3384.583818071091	0.537017320675179	1818.0778274396496
5581.542657109518	2361.5225933534675	3384.2650797063893	0.5370386648616066	1817.9818248573931
5582.7450575095845	2361.4840234401677	3383.946390960587	0.5370600023855097	1817.8858222751367
5583.947457909651	2361.445453526868	3383.6277518221	0.5370813399094128	1817.7898196928802
5585.149858309718	2361.406883613568	3383.309162279344	0.5371026774333159	1817.6938171106235
5586.352258709785	2361.368313700268	3382.990622320743	0.537124014957219	1817.5978145283673
5587.554659109851	2361.329743786968	3382.672131934721	0.537145352481122	1817.5018119461108
5588.757059509918	2361.2911738736684	3382.3536911097076	0.5371666883313541	1817.4058093638544
5589.959459909985	2361.252603960368	3382.035299834134	0.5371880170493489	1817.3098067815981
5591.161860310051	2361.2140340470687	3381.7169580964373	0.5372093457673439	1817.2138041993414
5592.364260710118	2361.1754641337684	3381.3986658850567	0.5372306744853388	1817.117801617085
5593.566661110184	2361.136894220469	3381.0804231884367	0.5372520032033338	1817.0217990348287
5594.769061510251	2361.0983243071687	3380.7622299950217	0.5372733319213286	1816.9257964525723
5595.971461910318	2361.0597543938693	3380.4440862932647	0.5372946593371994	1816.8297938703158
5597.173862310385	2361.021184480569	3380.125992071618	0.5373159791424077	1816.7337912880591
5598.376262710452	2360.9826145672696	3379.8079473185394	0.5373372989476161	1816.637788705803
5599.578663110518	2360.9440446539693	3379.489952022491	0.5373586187528243	1816.5417861235464
5600.781063510584	2360.90547474067	3379.172006171937	0.5373799385580326	1816.44578354129
5601.983463910651	2360.8669048273696	3378.854109755345	0.5374012583632408	1816.3497809590338
5603.185864310718	2360.8283349140697	3378.536262761188	0.5374225772473604	1816.253778376777
5604.388264710785	2360.78976500077	3378.2184651779417	0.5374438880337888	1816.1577757945206
5605.590665110852	2360.7511950874696	3377.9007169940846	0.5374651988202173	1816.0617732122641
5606.7930655109185	2360.71262517417	3377.5830181981005	0.5374865096066457	1815.965770630008
5607.995465910984	2360.67405526087	3377.265368778474	0.5375078203930742	1815.8697680477514
5609.197866311051	2360.6354853475705	3376.9477687236968	0.5375291311795026	1815.7737654654948
5610.400266711118	2360.59691543427	3376.63021802226	0.5375504414352492	1815.6777628832385
5611.602667111185	2360.5583455209708	3376.312716662663	0.5375717430977843	1815.581760300982
5612.805067511252	2360.5197756076705	3375.9952646334054	0.5375930447603194	1815.4857577187256
5614.007467911319	2360.481205694371	3375.6778619229913	0.5376143464228545	1815.3897551364691
5615.2098683113845	2360.4426357810707	3375.3605085199283	0.5376356480853897	1815.2937525542127
5616.412268711451	2360.4040658677714	3375.043204412729	0.5376569497479248	1815.1977499719562
5617.614669111518	2360.365495954471	3374.725949589906	0.5376782512794401	1815.1017473896998
5618.817069511585	2360.3269260411716	3374.4087440399803	0.5376995437138414	1815.0057448074435
5620.019469911652	2360.2883561278713	3374.091587751471	0.5377208361482427	1814.909742225187
5621.221870311718	2360.2497862145715	3373.774480712907	0.537742128582644	1814.8137396429304
5622.424270711785	2360.2112163012716	3373.4574229128148	0.5377634210170453	1814.7177370606742
5623.6266711118515	2360.1726463879713	3373.140414339728	0.5377847134514466	1814.6217344784177
5624.829071511918	2360.134076474672	3372.823454982183	0.5378060058858479	1814.5257318961612
5626.031471911985	2360.0955065613716	3372.5065448287205	0.5378272892665241	1814.4297293139048
5627.233872312052	2360.056936648072	3372.189683867882	0.5378485723694175	1814.333726731648
5628.436272712118	2360.018366734772	3371.8728720882154	0.5378698554723109	1814.2377241493919
5629.638673112185	2359.9797968214725	3371.5561094782724	0.5378911385752044	1814.1417215671354
5630.841073512252	2359.941226908172	3371.2393960266045	0.5379124216780979	1814.045718984879
5632.043473912318	2359.902656994873	3370.9227317217715	0.5379337047809913	1813.9497164026227
5633.245874312385	2359.8640870815725	3370.606116552333	0.5379549791454747	1813.853713820366
5634.448274712452	2359.825517168273	3370.2895505068554	0.5379762528143466	1813.7577112381096
5635.650675112518	2359.786947254973	3369.9730335739055	0.5379975264832184	1813.6617086558533
5636.853075512585	2359.7483773416734	3369.656565742056	0.5380188001520902	1813.5657060735969
5638.055475912652	2359.709807428373	3369.3401469998803	0.5380400738209621	1813.4697034913404
5639.2578763127185	2359.6712375150732	3369.0237773359604	0.538061347489834	1813.3737009090837
5640.460276712785	2359.6326676017734	3368.7074567388763	0.538082612745378	1813.2776983268275
5641.662677112852	2359.5940976884735	3368.3911851972152	0.5381038768785679	1813.181695744571
5642.865077512918	2359.5555277751737	3368.074962699566	0.5381251410117578	1813.0856931623146
5644.067477912985	2359.516957861874	3367.7587892345223	0.5381464051449476	1812.9896905800583
5645.269878313052	2359.478387948574	3367.4426647906803	0.5381676692781374	1812.8936879978016
5646.472278713119	2359.4398180352737	3367.1265893566397	0.5381889334113272	1812.7976854155452
5647.674679113185	2359.4012481219743	3366.8105629210054	0.5382101894659213	1812.7016828332887
5648.877079513252	2359.362678208674	3366.4945854723837	0.538231443962616	1812.6056802510325
5650.079479913318	2359.3241082953746	3366.178656999386	0.5382526984593108	1812.509677668776
5651.281880313385	2359.2855383820743	3365.8627774906245	0.5382739529560056	1812.4136750865193
5652.484280713452	2359.246968468775	3365.54694693472	0.5382952074527003	1812.317672504263
5653.686681113519	2359.2083985554746	3365.2311653202914	0.5383164619493951	1812.2216699220066
5654.889081513586	2359.169828642175	3364.9154326359653	0.5383377087117579	1812.1256673397502
5656.0914819136515	2359.131258728875	3364.599748870369	0.5383589534719846	1812.0296647574937
5657.293882313718	2359.092688815575	3364.284114012134	0.5383801982322113	1811.9336621752373
5658.496282713785	2359.054118902275	3363.968528049897	0.538401442992438	1811.8376595929808
5659.698683113852	2359.0155489889753	3363.652990972296	0.5384226877526648	1811.7416570107243
5660.901083513919	2358.9769790756754	3363.3375027679735	0.5384439325128915	1811.645654428468
5662.103483913986	2358.9384091623756	3363.022063425576	0.5384651698924684	1811.5496518462114
5663.305884314052	2358.8998392490757	3362.706672933753	0.5384864048170903	1811.453649263955
5664.508284714118	2358.861269335776	3362.3913312811565	0.5385076397417123	1811.3576466816987
5665.710685114185	2358.822699422476	3362.0760384564433	0.5385288746663343	1811.2616440994423
5666.913085514252	2358.784129509176	3361.7607944482747	0.5385501095909562	1811.1656415171858
5668.115485914319	2358.7455595958763	3361.4455992453127	0.5385713445155781	1811.0696389349291
5669.317886314386	2358.706989682576	3361.130452836225	0.5385925724225342	1810.9736363526727
5670.520286714452	2358.6684197692766	3360.815355209683	0.5386137974132417	1810.8776337704164
5671.7226871145185	2358.6298498559763	3360.5003063543586	0.5386350224039491	1810.78163118816
5672.925087514585	2358.591279942677	3360.1853062589316	0.5386562473946567	1810.6856286059035
5674.127487914652	2358.5527100293766	3359.870354912082	0.5386774723853641	1810.589626023647
5675.329888314719	2358.5141401160768	3359.5554523024944	0.5386986973760716	1810.4936234413906
5676.532288714786	2358.475570202777	3359.2405984188563	0.5387199157212869	1810.3976208591341
5677.734689114852	2358.437000289477	3358.9257932498613	0.5387411306805933	1810.301618276878
5678.937089514919	2358.398430376177	3358.611036784202	0.5387623456398996	1810.2056156946214
5680.1394899149855	2358.3598604628774	3358.296329010579	0.538783560599206	1810.1096131123647
5681.341890315052	2358.3212905495775	3357.9816699176927	0.53880477555851225	1810.0136105301083
5682.544290715119	2358.2827206362776	3357.6670594942498	0.5388259905178185	1809.917607947852
5683.746691115185	2358.244150722978	3357.3524977289585	0.5388471992128836	1809.8216053655956
5684.949091515252	2358.205580809678	3357.037984610533	0.5388684040441187	1809.7256027833391
5686.151491915319	2358.167010896378	3356.7235201276867	0.5388896088753538	1809.6296002010827
5687.353892315386	2358.1284409830782	3356.4091042691425	0.5389108137065888	1809.5335976188262
5688.556292715452	2358.0898710697784	3356.09473702362	0.5389320185378238	1809.4375950365697
5689.758693115519	2358.051301156478	3355.7804183798476	0.5389532233690588	1809.3415924543133
5690.961093515585	2358.0127312431787	3355.4661483265554	0.5389744223262689	1809.245589872057
5692.163493915652	2357.9741613298784	3355.1519268524758	0.5389956169335719	1809.1495872898004
5693.365894315719	2357.9355914165785	3354.8377539463463	0.5390168115408749	1809.053584707544
5694.568294715786	2357.8970215032787	3354.5236295969084	0.5390380061481779	1808.9575821252877
5695.7706951158525	2357.858451589979	3354.209553792904	0.5390592007554809	1808.8615795430312
5696.973095515919	2357.819881676679	3353.895526523082	0.5390803953627838	1808.7655769607748
5698.175495915985	2357.781311763379	3353.5815477761935	0.5391015844951341	1808.6695743785183
5699.377896316052	2357.7427418500793	3353.267617540991	0.5391227687834484	1808.5735717962618
5700.580296716119	2357.7041719367794	3352.9537358062344	0.5391439530717628	1808.4775692140054
5701.782697116186	2357.6656020234796	3352.6399025606834	0.5391651373600771	1808.381566631749
5702.985097516253	2357.6270321101797	3352.326117793104	0.5391863216483913	1808.2855640494927
5704.187497916319	2357.58846219688	3352.0123814922636	0.5392075059367056	1808.189561467236
5705.389898316385	2357.54989228358	3351.6986936469348	0.539228685157887	1808.0935588849795
5706.592298716452	2357.51132237028	3351.3850542458913	0.5392498590329555	1807.9975563027233
5707.794699116519	2357.4727524569803	3351.0714632779136	0.5392710329080239	1807.9015537204668
5708.997099516586	2357.43418254368	3350.7579207317817	0.5392922067830924	1807.8055511382104
5710.199499916653	2357.3956126303806	3350.4444265962834	0.5393133806581608	1807.7095485559537
5711.401900316719	2357.3570427170803	3350.1309808602064	0.5393345545332293	1807.6135459736975
5712.6043007167855	2357.318472803781	3349.8175835123434	0.5393557237576229	1807.517543391441
5713.806701116852	2357.2799028904806	3349.504234541491	0.539376887125979	1807.4215408091845
5715.009101516919	2357.2413329771807	3349.1909339364474	0.539398050494335	1807.325538226928
5716.211501916986	2357.202763063881	3348.8776816860163	0.539419213862691	1807.2295356446716
5717.413902317053	2357.164193150581	3348.564477779004	0.5394403772310471	1807.1335330624152
5718.616302717119	2357.125623237281	3348.2513222042203	0.5394615405994031	1807.0375304801587
5719.818703117186	2357.0870533239813	3347.938214950478	0.5394826997420747	1806.9415278979025
5721.021103517252	2357.0484834106815	3347.6251560065953	0.5395038525110386	1806.845525315646
5722.223503917319	2357.0099134973816	3347.3121453613894	0.5395250052800026	1806.7495227333893
5723.425904317386	2356.9713435840818	3346.9991830036865	0.5395461580489666	1806.6535201511329
5724.628304717453	2356.932773670782	3346.6862689223126	0.5395673108179304	1806.5575175688766
5725.830705117519	2356.894203757482	3346.373403106099	0.5395884635868944	1806.4615149866202
5727.033105517586	2356.8556338441817	3346.060585543879	0.5396096125635912	1806.3655124043637
5728.2355059176525	2356.8170639308823	3345.7478162244897	0.5396307546412652	1806.2695098221072
5729.437906317719	2356.778494017582	3345.4350951367715	0.5396518967189393	1806.1735072398508
5730.640306717786	2356.7399241042826	3345.122422269571	0.5396730387966133	1806.0775046575943
5731.842707117853	2356.7013541909823	3344.8097976117324	0.5396941808742874	1805.9815020753379
5733.045107517919	2356.662784277683	3344.4972211521103	0.5397153229519615	1805.8854994930816
5734.247507917986	2356.6242143643826	3344.184692879557	0.5397364616791067	1805.789496910825
5735.449908318053	2356.5856444510828	3343.872212782931	0.539757592974366	1805.6934943285685
5736.6523087181195	2356.547074537783	3343.5597808510947	0.5397787242696253	1805.5974917463122
5737.854709118186	2356.508504624483	3343.2473970729116	0.5397998555648845	1805.5014891640558
5739.057109518252	2356.469934711183	3342.9350614372515	0.5398209868601437	1805.4054865817993
5740.259509918319	2356.4313647978834	3342.6227739329847	0.539842118155403	1805.3094839995429
5741.461910318386	2356.3927948845835	3342.310534548988	0.53986324655009	1805.2134814172864
5742.664310718453	2356.3542249712837	3341.9983432741374	0.5398843669725799	1805.11747883503
5743.86671111852	2356.315655057984	3341.686200097318	0.5399054873950699	1805.0214762527735
5745.069111518586	2356.2770851446835	3341.3741050074127	0.53992660781756	1804.9254736705172
5746.271511918652	2356.238515231384	3341.0620579933125	0.5399477282400499	1804.8294710882606
5747.473912318719	2356.199945318084	3340.750059043908	0.5399688486625399	1804.733468506004
5748.676312718786	2356.1613754047844	3340.4381081480956	0.5399899666425294	1804.6374659237479
5749.878713118853	2356.122805491484	3340.1262052947745	0.5400110761026587	1804.5414633414914
5751.08111351892	2356.0842355781847	3339.8143504728473	0.5400321855627882	1804.445460759235
5752.2835139189865	2356.0456656648844	3339.50254367122	0.5400532950229175	1804.3494581769783
5753.485914319052	2356.007095751585	3339.1907848788023	0.540074404483047	1804.253455594722
5754.688314719119	2355.9685258382847	3338.879074084506	0.5400955139431763	1804.1574530124656
5755.890715119186	2355.9299559249853	3338.567411277248	0.5401166214268903	1804.061450430209
5757.093115519253	2355.891386011685	3338.255796445948	0.5401377198358253	1803.9654478479526
5758.29551591932	2355.852816098385	3337.9442295795284	0.5401588182447603	1803.8694452656962
5759.497916319387	2355.8142461850853	3337.6327106669173	0.5401799166536952	1803.7734426834397
5760.7003167194525	2355.7756762717854	3337.321239697043	0.5402010150626302	1803.6774401011833
5761.902717119519	2355.7371063584856	3337.0098166588396	0.5402221134715652	1803.581437518927
5763.105117519586	2355.6985364451853	3336.6984415412426	0.5402432103780828	1803.4854349366706
5764.307517919653	2355.659966531886	3336.3871143331935	0.5402642976477419	1803.3894323544139
5765.50991831972	2355.6213966185855	3336.0758350236342	0.540285384917401	1803.2934297721574
5766.712318719786	2355.582826705286	3335.7646036015144	0.5403064721870601	1803.1974271899012
5767.914719119853	2355.544256791986	3335.453420055781	0.5403275594567193	1803.1014246076447
5769.1171195199195	2355.5056868786864	3335.1422843753903	0.5403486467263784	1803.0054220253883
5770.319519919986	2355.467116965386	3334.8311965492976	0.5403697329754311	1802.9094194431318
5771.521920320053	2355.4285470520867	3334.5201565664647	0.5403908090184798	1802.8134168608753
5772.72432072012	2355.3899771387864	3334.2091644158545	0.5404118850615285	1802.717414278619
5773.926721120186	2355.351407225487	3333.8982200864352	0.5404329611045772	1802.6214116963627
5775.129121520253	2355.3128373121867	3333.587323567176	0.5404540371476259	1802.525409114106
5776.33152192032	2355.2742673988873	3333.2764748470536	0.5404751131906745	1802.4294065318495
5777.533922320386	2355.235697485587	3332.9656739150423	0.5404961887026422	1802.333403949593
5778.736322720453	2355.197127572287	3332.654920760125	0.5405172534324868	1802.2374013673368
5779.93872312052	2355.1585576589873	3332.344215371286	0.5405383181623313	1802.1413987850804
5781.141123520586	2355.119987745687	3332.0335577375104	0.540559382892176	1802.0453962028237
5782.343523920653	2355.0814178323876	3331.722947847793	0.5405804476220206	1801.9493936205674
5783.54592432072	2355.0428479190873	3331.412385691125	0.5406015123518652	1801.853391038311
5784.7483247207865	2355.004278005788	3331.101871256506	0.5406225770477707	1801.7573884560545
5785.950725120853	2354.9657080924876	3330.791404532936	0.5406436303785533	1801.661385873798
5787.15312552092	2354.927138179188	3330.480985509421	0.540664683709336	1801.5653832915416
5788.355525920986	2354.888568265888	3330.1706141749673	0.5406857370401187	1801.4693807092851
5789.557926321053	2354.8499983525885	3329.8602905185876	0.5407067903709013	1801.3733781270287
5790.76032672112	2354.811428439288	3329.5500145292945	0.5407278437016839	1801.2773755447724
5791.962727121187	2354.772858525989	3329.2397861961085	0.5407488970324665	1801.181372962516
5793.1651275212535	2354.7342886126885	3328.929605508049	0.5407699393497826	1801.0853703802593
5794.367527921319	2354.695718699389	3328.6194724541424	0.540790981196376	1800.989367798003
5795.569928321386	2354.657148786089	3328.3093870234156	0.5408120230429694	1800.8933652157466
5796.772328721453	2354.618578872789	3327.9993492049007	0.5408330648895628	1800.7973626334901
5797.97472912152	2354.580008959489	3327.6893589876317	0.5408541067361563	1800.7013600512337
5799.177129521587	2354.541439046189	3327.379416360649	0.5408751485827498	1800.605357468977
5800.379529921654	2354.5028691328894	3327.0695213129916	0.5408961798435592	1800.5093548867208
5801.5819303217195	2354.4642992195895	3326.7596738337065	0.5409172101215606	1800.4133523044643
5802.784330721786	2354.4257293062897	3326.449873911841	0.5409382403995618	1800.3173497222078
5803.986731121853	2354.3871593929894	3326.1401215364463	0.5409592706775632	1800.2213471399516
5805.18913152192	2354.34858947969	3325.83041669658	0.5409803009555646	1800.125344557695
5806.391531921987	2354.3100195663897	3325.5207593812975	0.5410013312335659	1800.0293419754385
5807.593932322054	2354.2714496530903	3325.211149579662	0.5410223513615143	1799.933339393182
5808.79633272212	2354.23287973979	3324.901587280738	0.5410433699872401	1799.8373368109258
5809.998733122186	2354.1943098264906	3324.5920724735956	0.541064388612966	1799.7413342286693
5811.201133522253	2354.1557399131902	3324.282605147304	0.5410854072386918	1799.6453316464126
5812.40353392232	2354.117169999891	3323.9731852909413	0.5411064258644176	1799.5493290641564
5813.605934322387	2354.0786000865905	3323.6638128935833	0.5411274444901435	1799.4533264819
5814.808334722454	2354.0400301732907	3323.3544879443143	0.5411484534094979	1799.3573238996435
5816.01073512252	2354.001460259991	3323.0452104322185	0.5411694602999806	1799.2613213173872
5817.2131355225865	2353.962890346691	3322.735980346384	0.5411904671904632	1799.1653187351305
5818.415535922653	2353.924320433391	3322.4267976759033	0.5412114740809457	1799.069316152874
5819.61793632272	2353.8857505200913	3322.117662409872	0.5412324809714284	1798.9733135706176
5820.820336722787	2353.8471806067914	3321.808574537388	0.541253487861911	1798.8773109883614
5822.022737122854	2353.8086106934916	3321.499534047554	0.5412744854975537	1798.781308406105
5823.22513752292	2353.7700407801917	3321.1905409294745	0.5412954805705333	1798.6853058238482
5824.427537922987	2353.731470866892	3320.8815951722586	0.5413164756435128	1798.589303241592
5825.6299383230535	2353.692900953592	3320.5726967650185	0.5413374707164924	1798.4933006593355
5826.83233872312	2353.6543310402917	3320.263845696869	0.541358465789472	1798.397298077079
5828.034739123187	2353.6157611269923	3319.955041956929	0.5413794608624516	1798.3012954948226
5829.237139523253	2353.577191213692	3319.646285534321	0.5414004471398763	1798.2052929125662
5830.43953992332	2353.538621300392	3319.33757641817	0.541421430313797	1798.1092903303097
5831.641940323387	2353.5000513870923	3319.0289145976044	0.5414424134877176	1798.0132877480532
5832.844340723454	2353.4614814737924	3318.720300061756	0.5414633966616381	1797.917285165797
5834.04674112352	2353.4229115604926	3318.411732799761	0.5414843798355587	1797.8212825835406
5835.249141523587	2353.3843416471927	3318.1032128007582	0.5415053630094794	1797.7252800012839
5836.451541923653	2353.345771733893	3317.7947400538883	0.5415263378547877	1797.6292774190276
5837.65394232372	2353.307201820593	3317.486314548297	0.5415473090487924	1797.5332748367712
5838.856342723787	2353.268631907293	3317.177936273133	0.5415682802427974	1797.4372722545147
5840.058743123854	2353.2300619939933	3316.869605217549	0.5415892514368021	1797.3412696722582
5841.2611435239205	2353.1914920806935	3316.5613213706993	0.5416102226308069	1797.2452670900016
5842.463543923987	2353.1529221673936	3316.253084721743	0.5416311938248118	1797.1492645077453
5843.665944324053	2353.114352254094	3315.944895259842	0.5416521571647086	1797.0532619254889
5844.86834472412	2353.075782340794	3315.636752974162	0.5416731162986348	1796.9572593432324
5846.070745124187	2353.037212427494	3315.32865785387	0.541694075432561	1796.8612567609762
5847.273145524254	2352.9986425141938	3315.020609888139	0.5417150345664872	1796.7652541787195
5848.475545924321	2352.960072600894	3314.712609066145	0.5417359937004133	1796.669251596463
5849.677946324387	2352.921502687594	3314.404655377065	0.5417569528343394	1796.5732490142066
5850.880346724453	2352.882932774294	3314.096748810082	0.5417779045961286	1796.4772464319503
5852.08274712452	2352.8443628609944	3313.788889354379	0.541798851590501	1796.3812438496939
5853.285147524587	2352.8057929476945	3313.481076999147	0.5418197985848735	1796.2852412674372
5854.487547924654	2352.7672230343946	3313.1733117335766	0.5418407455792459	1796.189238685181
5855.689948324721	2352.728653121095	3312.865593546863	0.5418616925736184	1796.0932361029245
5856.892348724787	2352.690083207795	3312.5579224282037	0.5418826395679908	1795.997233520668
5858.0947491248535	2352.651513294495	3312.250298366802	0.5419035796795708	1795.9012309384118
5859.29714952492	2352.6129433811952	3311.9427213518607	0.5419245144555985	1795.805228356155
5860.499549924987	2352.5743734678954	3311.6351913725907	0.5419454492316261	1795.7092257738987
5861.701950325054	2352.5358035545955	3311.3277084182014	0.5419663840076537	1795.6132231916422
5862.904350725121	2352.4972336412957	3311.0202724779087	0.5419873187836814	1795.517220609386
5864.106751125187	2352.458663727996	3310.71288354093	0.542008253559709	1795.4212180271295
5865.309151525254	2352.420093814696	3310.405541596488	0.5420291819495695	1795.3252154448728
5866.51155192532	2352.3815239013957	3310.0982466338055	0.5420501044291398	1795.2292128626166
5867.713952325387	2352.3429539880963	3309.790998642113	0.5420710269087101	1795.1332102803601
5868.916352725454	2352.304384074796	3309.483797610639	0.5420919493882804	1795.0372076981037
5870.118753125521	2352.265814161496	3309.1766435286204	0.5421128718678506	1794.9412051158472
5871.321153525587	2352.2272442481963	3308.869536385295	0.5421337943474209	1794.8452025335907
5872.523553925654	2352.1886743348964	3308.562476169902	0.5421547109446381	1794.7491999513343
5873.7259543257205	2352.1501044215966	3308.2554628716885	0.5421756210503117	1794.6531973690778
5874.928354725787	2352.1115345082967	3307.9484964799003	0.5421965311559853	1794.5571947868216
5876.130755125854	2352.072964594997	3307.6415769837895	0.5422174412616589	1794.4611922045651
5877.333155525921	2352.034394681697	3307.33470437261	0.5422383513673326	1794.3651896223084
5878.535555925987	2351.995824768397	3307.02787863562	0.5422592614730062	1794.2691870400522
5879.737956326054	2351.9572548550973	3306.7210997620787	0.5422801662072386	1794.1731844577957
5880.940356726121	2351.9186849417974	3306.4143677412526	0.5423010638622453	1794.0771818755393
5882.1427571261875	2351.8801150284976	3306.1076825624073	0.5423219615172519	1793.9811792932828
5883.345157526254	2351.8415451151977	3305.8010442148156	0.5423428591722586	1793.8851767110261
5884.54755792632	2351.8029752018974	3305.49445268775	0.5423637568272652	1793.78917412877
5885.749958326387	2351.764405288598	3305.1879079704872	0.5423846544822718	1793.6931715465134
5886.952358726454	2351.7258353752977	3304.8814100523095	0.5424055472837568	1793.597168964257
5888.154759126521	2351.6872654619983	3304.5749589224997	0.5424264324119893	1793.5011663820005
5889.357159526588	2351.648695548698	3304.268554570345	0.5424473175402217	1793.405163799744
5890.559559926654	2351.6101256353986	3303.962196985136	0.5424682026684541	1793.3091612174876
5891.76196032672	2351.5715557220983	3303.655886156166	0.5424890877966865	1793.2131586352314
5892.964360726787	2351.5329858087985	3303.349622072732	0.542509972924919	1793.117156052975
5894.166761126854	2351.4944158954986	3303.043404724135	0.5425308537244684	1793.0211534707182
5895.369161526921	2351.4558459821988	3302.737234099677	0.54255172625048	1792.9251508884618
5896.571561926988	2351.417276068899	3302.4311101886665	0.5425725987764916	1792.8291483062055
5897.7739623270545	2351.378706155599	3302.125032980412	0.5425934713025031	1792.733145723949
5898.97636272712	2351.340136242299	3301.8190024642277	0.5426143438285147	1792.6371431416926
5900.178763127187	2351.301566328999	3301.5130186294296	0.5426352163545263	1792.5411405594361
5901.381163527254	2351.2629964156995	3301.207081465338	0.5426560850835231	1792.4451379771797
5902.583563927321	2351.224426502399	3300.901190961274	0.5426769449325193	1792.3491353949232
5903.785964327388	2351.1858565891	3300.5953471065664	0.5426978047815155	1792.2531328126668
5904.988364727455	2351.1472866757995	3300.289549890543	0.5427186646305118	1792.1571302304105
5906.1907651275205	2351.1087167625	3299.9837993025385	0.542739524479508	1792.0611276481538
5907.393165527587	2351.0701468491998	3299.6780953318867	0.5427603843285043	1791.9651250658974
5908.595565927654	2351.0315769359004	3299.372437967928	0.5427812409188968	1791.8691224836411
5909.797966327721	2350.9930070226	3299.066827200005	0.542802088016733	1791.7731199013847
5911.000366727788	2350.9544371093007	3298.761263017463	0.5428229351145694	1791.6771173191282
5912.202767127854	2350.9158671960004	3298.455745409652	0.5428437822124056	1791.5811147368718
5913.405167527921	2350.877297282701	3298.1502743659235	0.5428646293102418	1791.4851121546153
5914.6075679279875	2350.8387273694007	3297.844849875633	0.5428854764080782	1791.3891095723588
5915.809968328054	2350.800157456101	3297.539471928139	0.5429063207923782	1791.2931069901024
5917.012368728121	2350.761587542801	3297.2341405128045	0.5429271550655554	1791.197104407846
5918.214769128188	2350.7230176295006	3296.9288556189936	0.5429479893387328	1791.1011018255895
5919.417169528254	2350.6844477162012	3296.6236172360764	0.5429688236119101	1791.005099243333
5920.619569928321	2350.645877802901	3296.318425353423	0.5429896578850875	1790.9090966610768
5921.821970328388	2350.6073078896015	3296.0132799604094	0.5430104921582647	1790.8130940788203
5923.024370728454	2350.5687379763012	3295.7081810464133	0.5430313242695433	1790.7170914965639
5924.226771128521	2350.530168063002	3295.4031286008167	0.5430521456452018	1790.6210889143072
5925.429171528588	2350.4915981497015	3295.098122613003	0.5430729670208602	1790.5250863320507
5926.631571928654	2350.453028236402	3294.793163072362	0.5430937883965186	1790.4290837497945
5927.833972328721	2350.414458323102	3294.4882499682826	0.543114609772177	1790.333081167538
5929.036372728788	2350.3758884098024	3294.183383290162	0.5431354311478354	1790.2370785852816
5930.2387731288545	2350.337318496502	3293.8785630273956	0.5431562509197178	1790.141076003025
5931.441173528921	2350.2987485832027	3293.573789169385	0.5431770593256324	1790.0450734207686
5932.643573928988	2350.2601786699024	3293.2690617055337	0.5431978677315471	1789.9490708385122
5933.845974329054	2350.221608756603	3292.9643806252498	0.5432186761374618	1789.853068256256
5935.048374729121	2350.1830388433027	3292.659745917943	0.5432394845433764	1789.7570656739995
5936.250775129188	2350.144468930003	3292.355157573028	0.5432602929492911	1789.6610630917428
5937.453175529255	2350.105899016703	3292.0506155799203	0.5432811003159538	1789.5650605094863
5938.6555759293215	2350.0673291034027	3291.746119928042	0.5433018956805311	1789.46905792723
5939.857976329387	2350.0287591901033	3291.4416706068155	0.5433226910451084	1789.3730553449736
5941.060376729454	2349.990189276803	3291.1372676056676	0.5433434864096858	1789.2770527627172
5942.262777129521	2349.9516193635036	3290.8329109140273	0.5433642817742631	1789.1810501804607
5943.465177529588	2349.9130494502033	3290.5286005213284	0.5433850771388404	1789.0850475982043
5944.667577929655	2349.874479536904	3290.224336417007	0.5434058720350075	1788.9890450159478
5945.869978329722	2349.8359096236036	3289.920118590503	0.5434266542872799	1788.8930424336913
5947.0723787297875	2349.797339710304	3289.6159470312596	0.5434474365395522	1788.797039851435
5948.274779129854	2349.758769797004	3289.31182172872	0.5434682187918245	1788.7010372691784
5949.477179529921	2349.7201998837045	3289.007742672337	0.5434890010440969	1788.605034686922
5950.679579929988	2349.681629970404	3288.70370985156	0.5435097832963693	1788.5090321046657
5951.881980330055	2349.643060057105	3288.399723255846	0.5435305655486417	1788.4130295224093
5953.084380730122	2349.6044901438045	3288.0957828746527	0.5435513347269288	1788.3170269401528
5954.286781130188	2349.5659202305046	3287.7918886974435	0.5435721037965495	1788.2210243578963
5955.489181530254	2349.5273503172048	3287.4880407136825	0.5435928728661702	1788.1250217756399
5956.691581930321	2349.488780403905	3287.1842389128387	0.5436136419357909	1788.0290191933834
5957.893982330388	2349.450210490605	3286.880483284382	0.5436344110054115	1787.933016611127
5959.096382730455	2349.4116405773048	3286.576773817789	0.5436551800750322	1787.8370140288707
5960.298783130522	2349.3730706640054	3286.2731105025373	0.5436759365841694	1787.741011446614
5961.501183530588	2349.334500750705	3285.9694933281075	0.5436966924014096	1787.6450088643576
5962.7035839306545	2349.2959308374056	3285.6659222839844	0.5437174482186498	1787.5490062821013
5963.905984330721	2349.2573609241053	3285.362397359655	0.54373820403589	1787.4530036998449
5965.108384730788	2349.218791010806	3285.058918544611	0.5437589598531303	1787.3570011175884
5966.310785130855	2349.1802210975056	3284.755485828345	0.5437797156703704	1787.2609985353317
5967.513185530922	2349.1416511842062	3284.452099200355	0.5438004594473134	1787.1649959530753
5968.715585930988	2349.103081270906	3284.148758650141	0.5438212019430565	1787.068993370819
5969.917986331055	2349.064511357606	3283.8454641672074	0.5438419444387996	1786.9729907885626
5971.1203867311215	2349.0259414443062	3283.5422157410585	0.5438626869345428	1786.8769882063061
5972.322787131188	2348.9873715310064	3283.239013361207	0.5438834294302859	1786.7809856240497
5973.525187531255	2348.9488016177065	3282.935857017164	0.5439041719260291	1786.6849830417932
5974.727587931321	2348.9102317044067	3282.632746698447	0.5439249029082613	1786.5889804595367
5975.929988331388	2348.871661791107	3282.3296823945743	0.5439456320139984	1786.4929778772805
5977.132388731455	2348.833091877807	3282.02666409507	0.5439663611197354	1786.396975295024
5978.334789131522	2348.794521964507	3281.7236917894575	0.5439870902254724	1786.3009727127674
5979.537189531588	2348.7559520512073	3281.4207654672687	0.5440078193312096	1786.204970130511
5980.739589931655	2348.7173821379074	3281.1178851180325	0.5440285484369466	1786.1089675482547
5981.941990331721	2348.6788122246076	3280.815050731287	0.5440492665624765	1786.0129649659982
5983.144390731788	2348.6402423113077	3280.5122622965696	0.5440699822103031	1785.9169623837417
5984.346791131855	2348.6016723980074	3280.2095198034212	0.5440906978581297	1785.8209598014853
5985.549191531922	2348.563102484708	3279.906823241389	0.5441114135059563	1785.7249572192288
5986.7515919319885	2348.5245325714077	3279.604172600017	0.5441321291537828	1785.6289546369724
5987.953992332055	2348.485962658108	3279.3015678688616	0.5441528448016094	1785.532952054716
5989.156392732121	2348.447392744808	3278.9990090374727	0.5441735500089657	1785.4369494724597
5990.358793132188	2348.408822831508	3278.69649609541	0.5441942521315761	1785.340946890203
5991.561193532255	2348.3702529182083	3278.3940290322334	0.5442149542541864	1785.2449443079465
5992.763593932322	2348.3316830049084	3278.0916078375076	0.5442356563767967	1785.1489417256903
5993.965994332389	2348.2931130916086	3277.789232500798	0.5442563584994071	1785.0529391434338
5995.1683947324555	2348.2545431783087	3277.486903011677	0.5442770606220174	1784.9569365611774
5996.370795132521	2348.215973265009	3277.1846193597166	0.5442977528502458	1784.860933978921
5997.573195532588	2348.177403351709	3276.882381534493	0.5443184413809291	1784.7649313966645
5998.775595932655	2348.138833438409	3276.5801895255863	0.5443391299116124	1784.668928814408
5999.977996332722	2348.1002635251093	3276.27804332258	0.5443598184422956	1784.5729262321515
6001.180396732789	2348.0616936118095	3275.975942915059	0.5443805069729789	1784.476923649895
6002.382797132855	2348.0231236985096	3275.6738882926134	0.5444011955036622	1784.3809210676386
6003.5851975329215	2347.9845537852098	3275.371879444834	0.5444218746923222	1784.2849184853821
6004.787597932988	2347.9459838719094	3275.069916361318	0.5444425495649587	1784.188915903126
6005.989998333055	2347.9074139586096	3274.7679990316637	0.5444632244375952	1784.0929133208695
6007.192398733122	2347.8688440453097	3274.4661274454716	0.5444838993102318	1783.996910738613
6008.394799133189	2347.83027413201	3274.1643015923482	0.5445045741828684	1783.9009081563563
6009.597199533255	2347.79170421871	3273.8625214619005	0.5445252490555048	1783.8049055741
6010.799599933322	2347.75313430541	3273.5607870437398	0.5445459151446659	1783.7089029918436
6012.002000333388	2347.7145643921103	3273.259098327481	0.544566576293722	1783.6129004095872
6013.204400733455	2347.6759944788105	3272.9574553027405	0.5445872374427779	1783.5168978273307
6014.406801133522	2347.6374245655106	3272.65585795914	0.544607898591834	1783.4208952450742
6015.609201533589	2347.598854652211	3272.354306286303	0.5446285597408901	1783.3248926628178
6016.811601933655	2347.560284738911	3272.052800273857	0.5446492208899462	1783.2288900805613
6018.014002333722	2347.521714825611	3271.7513399114314	0.5446698738201843	1783.132887498305
6019.2164027337885	2347.483144912311	3271.4499251886587	0.5446905211807089	1783.0368849160484
6020.418803133855	2347.4445749990114	3271.148556095177	0.5447111685412336	1782.940882333792
6021.621203533922	2347.4060050857115	3270.847232620624	0.5447318159017582	1782.8448797515355
6022.823603933989	2347.3674351724117	3270.545954754643	0.5447524632622829	1782.7488771692792
6024.026004334055	2347.3288652591114	3270.2447224868806	0.5447731106228074	1782.6528745870228
6025.228404734122	2347.290295345812	3269.943535806985	0.5447937503352017	1782.556872004766
6026.430805134189	2347.2517254325116	3269.642394704607	0.544814383842821	1782.4608694225099
6027.6332055342555	2347.213155519212	3269.3412991694036	0.5448350173504403	1782.3648668402534
6028.835605934322	2347.174585605912	3269.0402491910327	0.5448556508580596	1782.268864257997
6030.038006334388	2347.136015692612	3268.739244759155	0.5448762843656789	1782.1728616757407
6031.240406734455	2347.0974457793122	3268.4382858634367	0.5448969178732982	1782.076859093484
6032.442807134522	2347.0588758660124	3268.1373724935434	0.5449175443094271	1781.9808565112276
6033.645207534589	2347.0203059527125	3267.836504639147	0.5449381639003418	1781.884853928971
6034.847607934656	2346.9817360394127	3267.5356822899207	0.5449587834912565	1781.7888513467149
6036.050008334722	2346.943166126113	3267.2349054355423	0.5449794030821712	1781.6928487644584
6037.252408734788	2346.904596212813	3266.9341740656914	0.5450000226730859	1781.5968461822017
6038.454809134855	2346.866026299513	3266.6334881700527	0.5450206422640006	1781.5008435999455
6039.657209534922	2346.827456386213	3266.33284773831	0.5450412553659392	1781.404841017689
6040.859609934989	2346.7888864729134	3266.0322527601556	0.5450618609769189	1781.3088384354326
6042.062010335056	2346.750316559613	3265.7317032252795	0.5450824665878986	1781.212835853176
6043.2644107351225	2346.7117466463137	3265.43119912338	0.5451030721988783	1781.1168332709196
6044.466811135188	2346.6731767330134	3265.130740444154	0.545123677809858	1781.0208306886632
6045.669211535255	2346.634606819714	3264.8303271773048	0.5451442834208378	1780.9248281064067
6046.871611935322	2346.5960369064137	3264.5299593125364	0.5451648831311534	1780.8288255241505
6048.074012335389	2346.5574669931143	3264.2296368395587	0.5451854746995343	1780.732822941894
6049.276412735456	2346.518897079814	3263.9293597480805	0.545206066267915	1780.6368203596373
6050.478813135523	2346.480327166514	3263.629128027818	0.5452266578362959	1780.5408177773809
6051.6812135355885	2346.4417572532143	3263.328941668489	0.5452472494046766	1780.4448151951246
6052.883613935655	2346.4031873399144	3263.0288006598125	0.5452678409730574	1780.3488126128682
6054.086014335722	2346.3646174266146	3262.7287049915144	0.5452884272348072	1780.2528100306117
6055.288414735789	2346.3260475133147	3262.4286546533194	0.5453090046984853	1780.156807448355
6056.490815135856	2346.287477600015	3262.1286496349594	0.5453295821621634	1780.0608048660988
6057.693215535922	2346.2489076867146	3261.828689926166	0.5453501596258415	1779.9648022838423
6058.895615935989	2346.210337773415	3261.528775516676	0.5453707370895197	1779.8687997015859
6060.0980163360555	2346.171767860115	3261.228906396229	0.5453913145531978	1779.7727971193297
6061.300416736122	2346.1331979468155	3260.929082554567	0.5454118873099246	1779.676794537073
6062.502817136189	2346.094628033515	3260.629303981434	0.5454324506073556	1779.5807919548165
6063.705217536256	2346.0560581202158	3260.3295706665813	0.5454530139047865	1779.48478937256
6064.907617936322	2346.0174882069155	3260.0298825997584	0.5454735772022173	1779.3887867903038
6066.110018336389	2345.978918293616	3259.7302397707213	0.5454941404996483	1779.2927842080474
6067.312418736456	2345.9403483803158	3259.430642169227	0.5455147037970792	1779.1967816257907
6068.514819136522	2345.9017784670164	3259.131089785037	0.5455352629928093	1779.1007790435344
6069.717219536589	2345.863208553716	3258.831582607915	0.5455558120629997	1779.004776461278
6070.919619936656	2345.824638640416	3258.5321206276285	0.5455763611331902	1778.9087738790215
6072.122020336722	2345.7860687271163	3258.2327038339477	0.5455969102033806	1778.8127712967653
6073.324420736789	2345.7474988138165	3257.933332216645	0.545617459273571	1778.7167687145086
6074.526821136856	2345.7089289005166	3257.634005765498	0.5456380083437614	1778.6207661322521
6075.7292215369225	2345.6703589872163	3257.3347244702845	0.5456585539229994	1778.5247635499957
6076.931621936989	2345.631789073917	3257.0354883207892	0.5456790887055071	1778.4287609677394
6078.134022337056	2345.5932191606166	3256.736297306795	0.5456996234880147	1778.332758385483
6079.336422737122	2345.5546492473172	3256.437151418094	0.5457201582705223	1778.2367558032263
6080.538823137189	2345.516079334017	3256.1380506444752	0.54574069305303	1778.14075322097
6081.741223537256	2345.4775094207175	3255.8389949757347	0.5457612278355376	1778.0447506387136
6082.943623937323	2345.438939507417	3255.53998440167	0.545781759743265	1777.9487480564571
6084.1460243373895	2345.400369594118	3255.2410189120824	0.5458022801781922	1777.8527454742007
6085.348424737455	2345.3617996808175	3254.942098496776	0.5458228006131195	1777.7567428919442
6086.550825137522	2345.323229767518	3254.643223145558	0.5458433210480467	1777.6607403096878
6087.753225537589	2345.284659854218	3254.344392848238	0.545863841482974	1777.5647377274313
6088.955625937656	2345.2460899409184	3254.04560759463	0.5458843619179011	1777.4687351451748
6090.158026337723	2345.207520027618	3253.7468673745498	0.5459048800995723	1777.3727325629186
6091.36042673779	2345.1689501143182	3253.4481721778175	0.5459253861275636	1777.276729980662
6092.5628271378555	2345.1303802010184	3253.149521994255	0.545945892155555	1777.1807273984055
6093.765227537922	2345.0918102877185	3252.850916813689	0.5459663981835463	1777.0847248161492
6094.967627937989	2345.0532403744187	3252.5523566259462	0.5459869042115377	1776.9887222338928
6096.170028338056	2345.0146704611184	3252.2538414208598	0.546007410239529	1776.8927196516363
6097.372428738123	2344.976100547819	3251.9553711882645	0.546027914641068	1776.7967170693796
6098.57482913819	2344.9375306345187	3251.6569459179977	0.546048406203305	1776.7007144871234
6099.777229538256	2344.8989607212193	3251.3585655999013	0.5460688977655419	1776.604711904867
6100.979629938322	2344.860390807919	3251.0602302238176	0.546089389327779	1776.5087093226105
6102.182030338389	2344.8218208946196	3250.7619397795947	0.5461098808900159	1776.4127067403542
6103.384430738456	2344.7832509813193	3250.4636942570824	0.5461303724522528	1776.3167041580975
6104.586831138523	2344.74468106802	3250.165493646134	0.5461508630200497	1776.220701575841
6105.78923153859	2344.7061111547196	3249.8673379366055	0.5461713400582472	1776.1246989935846
6106.991631938656	2344.66754124142	3249.5692271183566	0.5461918170964448	1776.0286964113284
6108.1940323387225	2344.62897132812	3249.2711611812483	0.5462122941346423	1775.932693829072
6109.396432738789	2344.59040141482	3248.973140115148	0.54623277117284	1775.8366912468152
6110.598833138856	2344.55183150152	3248.6751639099216	0.5462532482110376	1775.740688664559
6111.801233538923	2344.5132615882203	3248.3772325554432	0.5462737248919454	1775.6446860823025
6113.003633938989	2344.4746916749205	3248.0793460415857	0.5462941873483499	1775.548683500046
6114.206034339056	2344.4361217616206	3247.7815043582273	0.5463146498047544	1775.4526809177898
6115.408434739123	2344.3975518483207	3247.483707495247	0.546335112261159	1775.3566783355332
6116.6108351391895	2344.3589819350204	3247.185955442531	0.5463555747175636	1775.2606757532767
6117.813235539256	2344.320412021721	3246.888248189964	0.5463760371739681	1775.1646731710202
6119.015635939323	2344.2818421084207	3246.5905857274365	0.5463964996303726	1775.068670588764
6120.218036339389	2344.2432721951213	3246.2929680448424	0.5464169477326837	1774.9726680065075
6121.420436739456	2344.204702281821	3245.995395132075	0.5464373955500659	1774.8766654242509
6122.622837139523	2344.1661323685216	3245.697866979035	0.5464578433674482	1774.7806628419946
6123.82523753959	2344.1275624552213	3245.4003835756234	0.5464782911848304	1774.6846602597382
6125.027637939656	2344.088992541922	3245.1029449117464	0.5464987390022126	1774.5886576774817
6126.230038339723	2344.0504226286216	3244.8055509773103	0.5465191868195948	1774.4926550952252
6127.432438739789	2344.0118527153218	3244.5082017622276	0.5465396208733961	1774.3966525129688
6128.634839139856	2343.973282802022	3244.21089725641	0.5465600539950511	1774.3006499307123
6129.837239539923	2343.934712888722	3243.913637449778	0.546580487116706	1774.2046473484559
6131.03963993999	2343.896142975422	3243.6164223322485	0.546600920238361	1774.1086447661996
6132.2420403400565	2343.8575730621224	3243.319251893747	0.5466213533600159	1774.012642183943
6133.444440740123	2343.8190031488225	3243.022126124198	0.5466417864816709	1773.9166396016865
6134.646841140189	2343.7804332355227	3242.725045013532	0.5466622064357045	1773.8206370194303
6135.849241540256	2343.741863322223	3242.4280085516803	0.5466826248054433	1773.7246344371738
6137.051641940323	2343.703293408923	3242.1310167285783	0.5467030431751821	1773.6286318549173
6138.25404234039	2343.664723495623	3241.8340695341635	0.5467234615449209	1773.5326292726606
6139.456442740457	2343.626153582323	3241.537166958379	0.5467438799146598	1773.4366266904042
6140.6588431405235	2343.5875836690234	3241.240308991168	0.5467642982843985	1773.340624108148
6141.861243540589	2343.549013755723	3240.9434956224777	0.546784704087855	1773.2446215258915
6143.063643940656	2343.5104438424237	3240.6467268422603	0.5468051076500057	1773.148618943635
6144.266044340723	2343.4718739291234	3240.3500026404654	0.5468255112121563	1773.0526163613786
6145.46844474079	2343.4333040158235	3240.053323007053	0.5468459147743069	1772.956613779122
6146.670845140857	2343.3947341025237	3239.75668793198	0.5468663183364576	1772.8606111968656
6147.873245540923	2343.356164189224	3239.4600974052114	0.5468867218986082	1772.7646086146094
6149.0756459409895	2343.317594275924	3239.16355141671	0.5469071135011215	1772.668606032353
6150.278046341056	2343.279024362624	3238.867049956446	0.5469275022005224	1772.5726034500963
6151.480446741123	2343.2404544493243	3238.57059301439	0.5469478908999234	1772.4766008678398
6152.68284714119	2343.2018845360244	3238.274180580517	0.5469682795993243	1772.3805982855836
6153.885247541257	2343.1633146227246	3237.9778126448036	0.5469886682987252	1772.2845957033271
6155.087647941323	2343.1247447094247	3237.6814891972317	0.5470090569981261	1772.1885931210707
6156.29004834139	2343.086174796125	3237.385210227784	0.5470294343497715	1772.0925905388142
6157.492448741456	2343.047604882825	3237.0889757264467	0.5470498081317688	1771.9965879565577
6158.694849141523	2343.009034969525	3236.7927856832093	0.5470701819137662	1771.9005853743013
6159.89724954159	2342.970465056225	3236.4966400880644	0.5470905556957636	1771.8045827920448
6161.099649941657	2342.931895142925	3236.2005389310093	0.5471109294777611	1771.7085802097886
6162.302050341723	2342.893325229625	3235.90448220204	0.5471313032597585	1771.612577627532
6163.50445074179	2342.8547553163253	3235.6084698911595	0.5471516663110491	1771.5165750452754
6164.7068511418565	2342.8161854030254	3235.3125019883714	0.5471720251214929	1771.4205724630192
6165.909251541923	2342.7776154897256	3235.016578483684	0.5471923839319367	1771.3245698807627
6167.11165194199	2342.7390455764257	3234.720699367107	0.5472127427423805	1771.2285672985063
6168.314052342057	2342.700475663126	3234.424864628655	0.5472331015528243	1771.1325647162496
6169.516452742123	2342.661905749826	3234.1290742583437	0.5472534603632682	1771.0365621339934
6170.71885314219	2342.623335836526	3233.833328246193	0.5472738090651516	1770.940559551737
6171.921253542257	2342.5847659232263	3233.5376265822247	0.5472941528503913	1770.8445569694804
6173.1236539423235	2342.5461960099265	3233.241969256466	0.5473144966356311	1770.748554387224
6174.32605434239	2342.5076260966266	3232.946356258943	0.5473348404208709	1770.6525518049675
6175.528454742456	2342.4690561833268	3232.6507875796897	0.5473551842061106	1770.556549222711
6176.730855142523	2342.430486270027	3232.3552632087376	0.5473755279913505	1770.4605466404546
6177.93325554259	2342.391916356727	3232.059783136127	0.547395862295207	1770.3645440581984
6179.135655942657	2342.3533464434267	3231.764347351896	0.5474161910020904	1770.268541475942
6180.338056342724	2342.3147765301273	3231.468955846091	0.5474365197089738	1770.1725388936852
6181.54045674279	2342.276206616827	3231.173608608755	0.5474568484158572	1770.0765363114288
6182.742857142856	2342.2376367035276	3230.8783056299403	0.5474771771227406	1769.9805337291725
6183.945257542923	2342.1990667902273	3230.5830468996965	0.547497505829624	1769.884531146916
6185.14765794299	2342.1604968769275	3230.2878324080807	0.5475178256872628	1769.7885285646596
6186.350058343057	2342.1219269636276	3229.9926621451514	0.5475381392631294	1769.6925259824031
6187.552458743124	2342.083357050328	3229.6975361009686	0.5475584528389961	1769.5965234001467
6188.7548591431905	2342.044787137028	3229.4024542655984	0.5475787664148628	1769.5005208178902
6189.957259543256	2342.006217223728	3229.1074166291064	0.5475990799907294	1769.404518235634
6191.159659943323	2341.967647310428	3228.8124231815646	0.5476193935665961	1769.3085156533775
6192.36206034339	2341.9290773971284	3228.517473913044	0.5476396989302521	1769.2125130711208
6193.564460743457	2341.8905074838285	3228.2225688136223	0.5476599973229312	1769.1165104888644
6194.766861143524	2341.8519375705287	3227.927707873378	0.5476802957156103	1769.0205079066081
6195.969261543591	2341.813367657229	3227.632891082394	0.5477005941082894	1768.9245053243517
6197.1716619436565	2341.7747977439285	3227.3381184307545	0.5477208925009684	1768.8285027420952
6198.374062343723	2341.736227830629	3227.0433899085488	0.5477411908936475	1768.7325001598388
6199.57646274379	2341.697657917329	3226.7487055058655	0.5477614817159797	1768.6364975775823
6200.778863143857	2341.6590880040294	3226.4540652128017	0.5477817648737877	1768.5404949953258
6201.981263543924	2341.620518090729	3226.1594690194515	0.5478020480315956	1768.4444924130694
6203.18366394399	2341.5819481774297	3225.8649169159175	0.5478223311894036	1768.3484898308132
6204.386064344057	2341.5433782641294	3225.5704088923007	0.5478426143472116	1768.2524872485565
6205.5884647441235	2341.50480835083	3225.275944938708	0.5478628975050195	1768.1564846663
6206.79086514419	2341.4662384375297	3224.9815250452475	0.547883173739107	1768.0604820840435
6207.993265544257	2341.42766852423	3224.687149202031	0.5479034416108418	1767.9644795017873
6209.195665944324	2341.38909861093	3224.3928173991735	0.5479237094825766	1767.8684769195308
6210.39806634439	2341.35052869763	3224.0985296267927	0.5479439773543114	1767.7724743372744
6211.600466744457	2341.3119587843303	3223.80428587501	0.5479642452260463	1767.676471755018
6212.802867144524	2341.2733888710304	3223.510086133947	0.5479845130977812	1767.5804691727615
6214.00526754459	2341.2348189577306	3223.215930393733	0.5480047746971204	1767.484466590505
6215.207667944657	2341.1962490444303	3222.921818644494	0.5480250272320598	1767.3884640082485
6216.410068344724	2341.157679131131	3222.6277508763665	0.5480452797669992	1767.292461425992
6217.61246874479	2341.1191092178306	3222.333727079483	0.5480655323019386	1767.1964588437356
6218.814869144857	2341.080539304531	3222.039747243983	0.548085784836878	1767.1004562614794
6220.017269544924	2341.041969391231	3221.745811360007	0.5481060373718174	1767.004453679223
6221.2196699449905	2341.0033994779315	3221.451919417701	0.5481262842903197	1766.9084510969665
6222.422070345057	2340.964829564631	3221.1580714072097	0.5481465214382167	1766.8124485147098
6223.624470745124	2340.9262596513317	3220.8642673186855	0.5481667585861136	1766.7164459324533
6224.82687114519	2340.8876897380314	3220.5705071422803	0.5481869957340106	1766.620443350197
6226.029271545257	2340.849119824732	3220.276790868151	0.5482072328819075	1766.5244407679406
6227.231671945324	2340.8105499114317	3219.9831184864547	0.5482274700298045	1766.4284381856842
6228.434072345391	2340.771979998132	3219.689489987355	0.548247702221793	1766.3324356034277
6229.6364727454575	2340.733410084832	3219.3959053610174	0.5482679239328732	1766.2364330211713
6230.838873145523	2340.694840171532	3219.102364597608	0.5482881456439533	1766.1404304389148
6232.04127354559	2340.6562702582323	3218.8088676872985	0.5483083673550334	1766.0444278566586
6233.243673945657	2340.617700344932	3218.515414620262	0.5483285890661136	1765.948425274402
6234.446074345724	2340.5791304316326	3218.2220053866763	0.5483488107771938	1765.8524226921454
6235.648474745791	2340.5405605183323	3217.928639976719	0.5483690281974009	1765.756420109889
6236.850875145858	2340.501990605033	3217.6353183805745	0.5483892344223591	1765.6604175276327
6238.0532755459235	2340.4634206917326	3217.342040588427	0.5484094406473173	1765.5644149453763
6239.25567594599	2340.424850778433	3217.048806590465	0.5484296468722756	1765.4684123631198
6240.458076346057	2340.386280865133	3216.755616376881	0.5484498530972338	1765.3724097808633
6241.660476746124	2340.3477109518335	3216.4624699378674	0.5484700593221921	1765.2764071986069
6242.862877146191	2340.309141038533	3216.169367263622	0.5484902619257563	1765.1804046163504
6244.065277546258	2340.270571125234	3215.8763083443455	0.5485104526157525	1765.084402034094
6245.267677946324	2340.2320012119335	3215.5832931702403	0.5485306433057486	1764.9883994518377
6246.47007834639	2340.193431298634	3215.2903217315124	0.5485508339957448	1764.892396869581
6247.672478746457	2340.154861385334	3214.9973940183704	0.5485710246857409	1764.7963942873246
6248.874879146524	2340.116291472034	3214.7045100210266	0.5485912153757371	1764.7003917050683
6250.077279546591	2340.077721558734	3214.411669729695	0.5486114031182008	1764.6043891228119
6251.279679946658	2340.039151645434	3214.1188731345933	0.548631578224858	1764.5083865405554
6252.482080346724	2340.0005817321344	3213.826120225943	0.5486517533315151	1764.412383958299
6253.6844807467905	2339.962011818834	3213.5334109939663	0.5486719284381721	1764.3163813760425
6254.886881146857	2339.9234419055347	3213.2407454288905	0.5486921035448292	1764.220378793786
6256.089281546924	2339.8848719922344	3212.948123520944	0.5487122786514863	1764.1243762115296
6257.291681946991	2339.846302078935	3212.65554526036	0.548732451488793	1764.0283736292731
6258.494082347057	2339.8077321656347	3212.363010637372	0.5487526109641924	1763.9323710470167
6259.696482747124	2339.7691622523353	3212.0705196422205	0.5487727704395918	1763.8363684647602
6260.898883147191	2339.730592339035	3211.7780722651437	0.5487929299149913	1763.7403658825037
6262.1012835472575	2339.6920224257356	3211.4856684963875	0.5488130893903906	1763.6443633002475
6263.303683947324	2339.6534525124353	3211.193308326197	0.5488332488657901	1763.5483607179908
6264.506084347391	2339.614882599136	3210.900991744823	0.5488534067542807	1763.4523581357344
6265.708484747457	2339.5763126858355	3210.6087187425173	0.5488735505509599	1763.3563555534781
6266.910885147524	2339.5377427725357	3210.316489309537	0.548893694347639	1763.2603529712217
6268.113285547591	2339.499172859236	3210.0243034361374	0.548913838144318	1763.1643503889652
6269.315685947658	2339.460602945936	3209.732161112583	0.5489339819409972	1763.0683478067085
6270.518086347724	2339.422033032636	3209.4400623291353	0.5489541257376763	1762.9723452244523
6271.720486747791	2339.3834631193363	3209.148007076064	0.5489742686340877	1762.8763426421958
6272.922887147857	2339.3448932060364	3208.855995343637	0.5489943967050362	1762.7803400599394
6274.125287547924	2339.306323292736	3208.564027122128	0.5490145247759848	1762.6843374776831
6275.327687947991	2339.2677533794367	3208.272102401813	0.5490346528469334	1762.5883348954264
6276.530088348058	2339.2291834661364	3207.98022117297	0.549054780917882	1762.49233231317
6277.7324887481245	2339.190613552837	3207.688383425881	0.5490749089888305	1762.3963297309135
6278.934889148191	2339.1520436395367	3207.39658915083	0.5490950368502922	1762.3003271486573
6280.137289548257	2339.1134737262373	3207.1048383381053	0.5491151491489497	1762.2043245664008
6281.339689948324	2339.074903812937	3206.813130977996	0.5491352614476072	1762.1083219841441
6282.542090348391	2339.0363338996376	3206.521467060796	0.5491553737462648	1762.012319401888
6283.744490748458	2338.9977639863373	3206.2298465768017	0.5491754860449223	1761.9163168196314
6284.946891148525	2338.9591940730375	3205.938269516311	0.5491955983435799	1761.820314237375
6286.1492915485915	2338.9206241597376	3205.646735869626	0.5492157106422374	1761.7243116551185
6287.351691948657	2338.8820542464377	3205.3552456270518	0.5492358076078631	1761.628309072862
6288.554092348724	2338.843484333138	3205.063798778895	0.5492559040881143	1761.5323064906056
6289.756492748791	2338.804914419838	3204.772395315468	0.5492760005683656	1761.4363039083491
6290.958893148858	2338.766344506538	3204.481035227082	0.5492960970486168	1761.3403013260927
6292.161293548925	2338.7277745932383	3204.1897185040552	0.5493161935288681	1761.2442987438365
6293.363693948991	2338.6892046799385	3203.8984451367055	0.5493362900091193	1761.1482961615798
6294.5660943490575	2338.6506347666386	3203.607215115355	0.5493563718095502	1761.0522935793235
6295.768494749124	2338.612064853339	3203.3160284303285	0.5493764524257235	1760.956290997067
6296.970895149191	2338.5734949400385	3203.024885071953	0.549396533041897	1760.8602884148106
6298.173295549258	2338.534925026739	3202.733785030562	0.5494166136580703	1760.7642858325542
6299.375695949325	2338.4963551134388	3202.442728296486	0.5494366942742436	1760.6682832502975
6300.578096349391	2338.457785200139	3202.1517148600633	0.549456774890417	1760.5722806680412
6301.780496749458	2338.419215286839	3201.860744711632	0.5494768414843849	1760.4762780857848
6302.982897149524	2338.380645373539	3201.5698178415355	0.5494969061912482	1760.3802755035285
6304.185297549591	2338.3420754602394	3201.278934240116	0.5495169708981117	1760.284272921272
6305.387697949658	2338.3035055469395	3200.9880938977253	0.549537035604975	1760.1882703390154
6306.590098349725	2338.2649356336397	3200.6972968047107	0.5495571003118385	1760.092267756759
6307.792498749791	2338.22636572034	3200.4065429514294	0.5495771650187018	1759.9962651745027
6308.994899149858	2338.18779580704	3200.1158323282343	0.5495972163653178	1759.9002625922462
6310.1972995499245	2338.14922589374	3199.825164925486	0.5496172651180757	1759.8042600099898
6311.399699949991	2338.1106559804402	3199.534540733548	0.5496373138708337	1759.708257427733
6312.602100350058	2338.0720860671404	3199.2439597427842	0.5496573626235918	1759.6122548454769
6313.804500750125	2338.0335161538405	3198.9534219435623	0.5496774113763497	1759.5162522632204
6315.006901150191	2337.9949462405407	3198.6629273262547	0.5496974601291077	1759.420249680964
6316.209301550258	2337.956376327241	3198.3724758812327	0.549717496187859	1759.3242470987077
6317.411701950325	2337.917806413941	3198.082067598875	0.5497375289421494	1759.228244516451
6318.6141023503915	2337.8792365006407	3197.7917024695594	0.5497575616964399	1759.1322419341946
6319.816502750458	2337.840666587341	3197.501380483669	0.5497775944507304	1759.036239351938
6321.018903150524	2337.802096674041	3197.21110163159	0.5497976272050208	1758.9402367696819
6322.221303550591	2337.763526760741	3196.9208659037076	0.5498176599593112	1758.8442341874254
6323.423703950658	2337.7249568474413	3196.6306732904154	0.5498376806900593	1758.7482316051687
6324.626104350725	2337.6863869341414	3196.3405237821053	0.5498576974019507	1758.6522290229125
6325.828504750792	2337.6478170208416	3196.050417369175	0.549877714113842	1758.556226440656
6327.030905150858	2337.6092471075417	3195.7603540420228	0.5498977308257335	1758.4602238583996
6328.233305550924	2337.570677194242	3195.470333791052	0.5499177475376248	1758.3642212761433
6329.435705950991	2337.532107280942	3195.180356606667	0.5499377642495161	1758.2682186938866
6330.638106351058	2337.493537367642	3194.890422479276	0.5499577696124944	1758.1722161116302
6331.840506751125	2337.4549674543423	3194.6005313992896	0.5499777702384832	1758.0762135293737
6333.042907151192	2337.4163975410424	3194.310683357122	0.5499977708644719	1757.9802109471175
6334.2453075512585	2337.3778276277426	3194.020878343189	0.5500177714904606	1757.884208364861
6335.447707951324	2337.3392577144427	3193.7311163479103	0.5500377721164493	1757.7882057826043
6336.650108351391	2337.3006878011424	3193.4413973617075	0.5500577727424381	1757.692203200348
6337.852508751458	2337.262117887843	3193.151721375007	0.5500777626982484	1757.5962006180916
6339.054909151525	2337.2235479745427	3192.862088378235	0.5500977471952541	1757.5001980358352
6340.257309551592	2337.184978061243	3192.572498361823	0.5501177316922599	1757.4041954535787
6341.459709951659	2337.146408147943	3192.2829513162055	0.5501377161892657	1757.308192871322
6342.662110351725	2337.107838234643	3191.993447231817	0.5501577006862715	1757.2121902890658
6343.864510751791	2337.0692683213433	3191.703986099098	0.5501776851832773	1757.1161877068093
6345.066911151858	2337.0306984080435	3191.41456790849	0.550197659692888	1757.0201851245529
6346.269311551925	2336.9921284947436	3191.1251926504383	0.5502176280182525	1756.9241825422966
6347.471711951992	2336.9535585814438	3190.8358603153897	0.550237596343617	1756.82817996004
6348.674112352058	2336.914988668144	3190.546570893797	0.5502575646689816	1756.7321773777835
6349.876512752125	2336.876418754844	3190.2573243761103	0.550277532994346	1756.6361747955273
6351.0789131521915	2336.837848841544	3189.968120752789	0.5502975013197106	1756.5401722132708
6352.281313552258	2336.7992789282443	3189.67896001429	0.5503174603444547	1756.4441696310143
6353.483713952325	2336.7607090149445	3189.389842151076	0.5503374124559384	1756.3481670487577
6354.686114352392	2336.722139101644	3189.1007671536117	0.5503573645674221	1756.2521644665014
6355.888514752458	2336.683569188345	3188.811735012365	0.5503773166789058	1756.156161884245
6357.090915152525	2336.6449992750445	3188.5227457178053	0.5503972687903895	1756.0601593019885
6358.293315552592	2336.606429361745	3188.2337992604066	0.5504172209018733	1755.9641567197323
6359.495715952658	2336.567859448445	3187.944895630644	0.5504371644034448	1755.8681541374756
6360.698116352725	2336.5292895351454	3187.656034818998	0.5504571002592221	1755.7721515552191
6361.900516752792	2336.490719621845	3187.3672168159483	0.5504770361149995	1755.6761489729627
6363.102917152858	2336.4521497085457	3187.0784416119814	0.550496971970777	1755.5801463907064
6364.305317552925	2336.4135797952454	3186.7897091975824	0.5505169078265544	1755.48414380845
6365.507717952992	2336.3750098819455	3186.5010195632426	0.5505368436823318	1755.3881412261933
6366.7101183530585	2336.3364399686457	3186.212372699456	0.5505567716227838	1755.292138643937
6367.912518753125	2336.297870055346	3185.923768596717	0.5505766911814429	1755.1961360616806
6369.114919153192	2336.259300142046	3185.635207245524	0.550596610740102	1755.1001334794241
6370.317319553258	2336.220730228746	3185.3466886363785	0.550616530298761	1755.0041308971677
6371.519719953325	2336.1821603154463	3185.058212759786	0.5506364498574201	1754.9081283149112
6372.722120353392	2336.143590402146	3184.769779606251	0.5506563694160792	1754.8121257326547
6373.924520753459	2336.1050204888465	3184.4813891662866	0.5506762817578222	1754.7161231503983
6375.1269211535255	2336.0664505755462	3184.1930414304024	0.5506961849783608	1754.6201205681418
6376.329321553591	2336.027880662247	3183.904736389116	0.5507160881988993	1754.5241179858854
6377.531721953658	2335.9893107489465	3183.616474032944	0.5507359914194379	1754.428115403629
6378.734122353725	2335.950740835647	3183.328254352409	0.5507558946399764	1754.3321128213724
6379.936522753792	2335.912170922347	3183.0400773380334	0.550775797860515	1754.2361102391162
6381.138923153859	2335.8736010090474	3182.751942980345	0.5507956945663134	1754.1401076568598
6382.341323553926	2335.835031095747	3182.463851269872	0.5508155814081347	1754.044105074603
6383.5437239539915	2335.7964611824477	3182.175802197149	0.5508354682499559	1753.9481024923468
6384.746124354058	2335.7578912691474	3181.887795752709	0.5508553550917772	1753.8520999100904
6385.948524754125	2335.7193213558476	3181.5998319270893	0.5508752419335985	1753.756097327834
6387.150925154192	2335.6807514425477	3181.311910710833	0.5508951287754197	1753.6600947455775
6388.353325554259	2335.6421815292474	3181.024032094482	0.5509150098083897	1753.564092163321
6389.555725954326	2335.603611615948	3180.7361960685835	0.5509348802313014	1753.4680895810645
6390.758126354392	2335.5650417026477	3180.4484026236855	0.5509547506542133	1753.3720869988083
6391.960526754458	2335.5264717893483	3180.1606517503405	0.5509746210771251	1753.2760844165518
6393.162927154525	2335.487901876048	3179.872943439103	0.5509944915000369	1753.1800818342954
6394.365327554592	2335.4493319627486	3179.585277680531	0.5510143619229487	1753.0840792520387
6395.567727954659	2335.4107620494483	3179.297654465183	0.5510342272465564	1752.9880766697822
6396.770128354726	2335.372192136149	3179.010073783625	0.5510540812107669	1752.892074087526
6397.972528754792	2335.3336222228486	3178.72253562642	0.5510739351749776	1752.7960715052695
6399.174929154859	2335.295052309549	3178.4350399841383	0.5510937891391882	1752.700068923013
6400.377329554925	2335.256482396249	3178.14758684735	0.5511136431033987	1752.6040663407566
6401.579729954992	2335.2179124829495	3177.860176206631	0.5511334970676094	1752.5080637585002
6402.782130355059	2335.179342569649	3177.5728080525564	0.5511533466456677	1752.4120611762437
6403.984530755125	2335.14077265635	3177.285482375709	0.5511731841117835	1752.3160585939875
6405.186931155192	2335.1022027430495	3176.998199166667	0.5511930215778992	1752.220056011731
6406.389331555259	2335.0636328297496	3176.7109584160194	0.551212859044015	1752.1240534294743
6407.5917319553255	2335.0250629164498	3176.4237601143527	0.5512326965101307	1752.0280508472179
6408.794132355392	2334.9864930031495	3176.1366042522573	0.5512525339762464	1751.9320482649616
6409.996532755459	2334.94792308985	3175.849490820329	0.5512723677729137	1751.8360456827052
6411.198933155525	2334.9093531765498	3175.562419809162	0.5512921887019369	1751.7400431004487
6412.401333555592	2334.8707832632504	3175.275391209357	0.55131200963096	1751.6440405181922
6413.603733955659	2334.83221334995	3174.988405011515	0.5513318305599832	1751.5480379359358
6414.806134355726	2334.7936434366507	3174.701461206242	0.5513516514890063	1751.4520353536793
6416.008534755792	2334.7550735233503	3174.414559784145	0.5513714724180295	1751.3560327714229
6417.210935155859	2334.716503610051	3174.127700735834	0.5513912903978067	1751.2600301891666
6418.413335555925	2334.6779336967506	3173.8408840519223	0.5514110947511304	1751.16402760691
6419.615735955992	2334.6393637834512	3173.5541097230266	0.5514308991044542	1751.0680250246535
6420.818136356059	2334.600793870151	3173.267377739764	0.5514507034577779	1750.9720224423972
6422.020536756126	2334.562223956851	3172.9806880927567	0.5514705078111016	1750.8760198601408
6423.2229371561925	2334.5236540435512	3172.6940407726297	0.5514903121644255	1750.7800172778843
6424.425337556259	2334.4850841302514	3172.407435770009	0.5515101142921528	1750.6840146956276
6425.627737956325	2334.4465142169515	3172.1208730755243	0.551529902031562	1750.5880121133714
6426.830138356392	2334.4079443036517	3171.8343526798094	0.5515496897709712	1750.492009531115
6428.032538756459	2334.369374390352	3171.5478745734977	0.5515694775103804	1750.3960069488585
6429.234939156526	2334.3308044770515	3171.261438747228	0.5515892652497897	1750.300004366602
6430.437339556593	2334.292234563752	3170.975045191642	0.5516090529891988	1750.2040017843456
6431.639739956659	2334.2536646504523	3170.6886938973835	0.5516288392300563	1750.107999202089
6432.842140356725	2334.2150947371524	3170.4023848550955	0.5516486103177204	1750.0119966198326
6434.044540756792	2334.176524823852	3170.1161180554304	0.5516683814053844	1749.9159940375764
6435.246941156859	2334.1379549105527	3169.829893489039	0.5516881524930485	1749.81999145532
6436.449341556926	2334.0993849972524	3169.5437111465762	0.5517079235807125	1749.7239888730633
6437.651741956993	2334.060815083953	3169.2575710186993	0.5517276946683766	1749.6279862908068
6438.854142357059	2334.0222451706527	3168.971473096068	0.5517474649878779	1749.5319837085506
6440.0565427571255	2333.983675257353	3168.6854173693464	0.551767219386352	1749.435981126294
6441.258943157192	2333.945105344053	3168.3994038291976	0.5517869737848261	1749.3399785440376
6442.461343557259	2333.906535430753	3168.1134324662926	0.5518067281833001	1749.2439759617812
6443.663743957326	2333.8679655174533	3167.827503271301	0.5518264825817742	1749.1479733795247
6444.866144357393	2333.8293956041534	3167.5416162348974	0.5518462369802484	1749.0519707972683
6446.068544757459	2333.7908256908536	3167.255771347758	0.5518659913442421	1748.955968215012
6447.270945157526	2333.7522557775537	3166.969968600563	0.5518857290164623	1748.8599656327556
6448.473345557592	2333.713685864254	3166.6842079839926	0.5519054666886825	1748.763963050499
6449.675745957659	2333.675115950954	3166.3984894887344	0.5519252043609026	1748.6679604682424
6450.878146357726	2333.636546037654	3166.1128131054734	0.5519449420331228	1748.5719578859862
6452.080546757793	2333.597976124354	3165.8271788249012	0.551964679705343	1748.4759553037297
6453.282947157859	2333.5594062110545	3165.541586637712	0.5519844173775632	1748.3799527214733
6454.485347557926	2333.520836297754	3165.2560365345994	0.5520041389892895	1748.2839501392168
6455.6877479579925	2333.4822663844548	3164.970528506264	0.5520238598985706	1748.1879475569604
6456.890148358059	2333.4436964711545	3164.685062543405	0.5520435808078517	1748.091944974704
6458.092548758126	2333.4051265578546	3164.3996386367294	0.5520633017171328	1747.9959423924474
6459.294949158193	2333.3665566445547	3164.114256776941	0.5520830226264138	1747.899939810191
6460.497349558259	2333.327986731255	3163.8289169547515	0.552102743535695	1747.8039372279345
6461.699749958326	2333.289416817955	3163.5436191608715	0.5521224490882919	1747.707934645678
6462.902150358393	2333.250846904655	3163.258363386018	0.5521421531983245	1747.6119320634216
6464.1045507584595	2333.2122769913553	3162.973149620907	0.5521618573083571	1747.5159294811654
6465.306951158526	2333.1737070780555	3162.68797785626	0.5521815614183897	1747.419926898909
6466.509351558592	2333.1351371647556	3162.402848082799	0.5522012655284224	1747.3239243166524
6467.711751958659	2333.096567251456	3162.117760291252	0.552220969638455	1747.227921734396
6468.914152358726	2333.057997338156	3161.8327144723457	0.5522406590991312	1747.1319191521395
6470.116552758793	2333.019427424856	3161.5477106168137	0.5522603463739798	1747.035916569883
6471.31895315886	2332.980857511556	3161.262748715387	0.5522800336488284	1746.9399139876266
6472.521353558926	2332.9422875982564	3160.9778287588056	0.552299720923677	1746.8439114053701
6473.723753958992	2332.9037176849565	3160.6929507378068	0.5523194081985255	1746.7479088231137
6474.926154359059	2332.8651477716567	3160.4081146431345	0.5523390954733741	1746.6519062408574
6476.128554759126	2332.8265778583564	3160.1233204655327	0.5523587688096601	1746.555903658601
6477.330955159193	2332.7880079450565	3159.8385681957493	0.5523784392137594	1746.4599010763445
6478.53335555926	2332.7494380317567	3159.553857824536	0.5523981096178586	1746.3638984940878
6479.7357559593265	2332.710868118457	3159.2691893426445	0.552417780021958	1746.2678959118314
6480.938156359392	2332.672298205157	3158.984562740832	0.5524374504260573	1746.1718933295751
6482.140556759459	2332.633728291857	3158.6999780098567	0.5524571208301566	1746.0758907473187
6483.342957159526	2332.5951583785572	3158.4154351404795	0.5524767780099028	1745.9798881650622
6484.545357559593	2332.5565884652574	3158.130934123464	0.5524964315080565	1745.8838855828058
6485.74775795966	2332.5180185519575	3157.8464749495793	0.5525160850062102	1745.7878830005493
6486.950158359727	2332.4794486386577	3157.5620576095926	0.5525357385043639	1745.6918804182928
6488.152558759793	2332.440878725358	3157.2776820942777	0.5525553920025176	1745.5958778360366
6489.354959159859	2332.402308812058	3156.993348394408	0.5525750455006713	1745.49987525378
6490.557359559926	2332.363738898758	3156.7090565007625	0.5525946864920452	1745.4038726715235
6491.759759959993	2332.3251689854583	3156.4248064041212	0.5526143230494213	1745.307870089267
6492.96216036006	2332.2865990721584	3156.140598095267	0.5526339596067974	1745.2118675070105
6494.164560760126	2332.248029158858	3155.8564315649855	0.5526535961641734	1745.1158649247543
6495.366961160193	2332.2094592455587	3155.5723068040666	0.5526732327215494	1745.0198623424976
6496.5693615602595	2332.1708893322584	3155.2882238032985	0.5526928692789255	1744.9238597602414
6497.771761960326	2332.1323194189586	3155.0041825534786	0.5527124940504106	1744.827857177985
6498.974162360393	2332.0937495056587	3154.7201830454023	0.5527321136325406	1744.7318545957285
6500.17656276046	2332.055179592359	3154.436225269867	0.5527517332146707	1744.635852013472
6501.378963160526	2332.016609679059	3154.1523092176785	0.5527713527968008	1744.5398494312155
6502.581363560593	2331.978039765759	3153.8684348796382	0.5527909723789309	1744.443846848959
6503.78376396066	2331.9394698524593	3153.584602246555	0.5528105919610611	1744.3478442667026
6504.986164360726	2331.9008999391594	3153.3008113092387	0.5528302004814541	1744.2518416844464
6506.188564760793	2331.8623300258596	3153.0170620585022	0.5528498030542305	1744.15583910219
6507.39096516086	2331.8237601125597	3152.7333544851613	0.5528694056270068	1744.0598365199332
6508.593365560926	2331.78519019926	3152.4496885800345	0.552889008199783	1743.963833937677
6509.795765960993	2331.7466202859596	3152.1660643339414	0.5529086107725594	1743.8678313554205
6510.99816636106	2331.70805037266	3151.8824817377076	0.5529282133453357	1743.771828773164
6512.2005667611265	2331.66948045936	3151.598940782158	0.5529478055837449	1743.6758261909076
6513.402967161193	2331.6309105460605	3151.3154414581213	0.5529673911134168	1743.579823608651
6514.60536756126	2331.59234063276	3151.0319837564307	0.5529869766430885	1743.4838210263947
6515.807767961326	2331.5537707194608	3150.74856766792	0.5530065621727603	1743.3878184441382
6517.010168361393	2331.5152008061605	3150.4651931834255	0.5530261477024322	1743.2918158618818
6518.21256876146	2331.476630892861	3150.1818602937883	0.553045733232104	1743.1958132796256
6519.414969161527	2331.4380609795608	3149.898568989849	0.5530653091579468	1743.0998106973689
6520.6173695615935	2331.399491066261	3149.6153192624547	0.5530848776111198	1743.0038081151124
6521.819769961659	2331.360921152961	3149.332111102453	0.5531044460642929	1742.9078055328562
6523.022170361726	2331.322351239661	3149.0489445006924	0.5531240145174658	1742.8118029505997
6524.224570761793	2331.2837813263613	3148.7658194480296	0.5531435829706389	1742.7158003683433
6525.42697116186	2331.2452114130615	3148.4827359353176	0.553163151423812	1742.6197977860866
6526.629371561927	2331.2066414997616	3148.199693953416	0.5531827110068126	1742.5237952038303
6527.831771961994	2331.1680715864613	3147.9166934931864	0.5532022623504442	1742.4277926215739
6529.0341723620595	2331.129501673162	3147.633734545492	0.5532218136940757	1742.3317900393174
6530.236572762126	2331.0909317598616	3147.3508171012	0.5532413650377073	1742.2357874570612
6531.438973162193	2331.0523618465622	3147.0679411511805	0.5532609163813389	1742.1397848748045
6532.64137356226	2331.013791933262	3146.7851066863027	0.5532804677249705	1742.043782292548
6533.843773962327	2330.9752220199625	3146.5023136974446	0.5533000109351585	1741.9477797102916
6535.046174362394	2330.936652106662	3146.2195621754818	0.553319545136557	1741.8517771280353
6536.24857476246	2330.898082193363	3145.9368521112942	0.5533390793379555	1741.7557745457789
6537.450975162526	2330.8595122800625	3145.654183495765	0.553358613539354	1741.6597719635222
6538.653375562593	2330.820942366763	3145.37155631978	0.5533781477407524	1741.563769381266
6539.85577596266	2330.782372453463	3145.0889705742256	0.553397681942151	1741.4677667990095
6541.058176362727	2330.7438025401634	3144.8064262499947	0.5534172087498592	1741.371764216753
6542.260576762794	2330.705232626863	3144.523923337979	0.5534367257766809	1741.2757616344966
6543.46297716286	2330.6666627135633	3144.241461829075	0.5534562428035026	1741.1797590522401
6544.665377562927	2330.6280928002634	3143.9590417141826	0.5534757598303243	1741.0837564699837
6545.867777962993	2330.589522886963	3143.676662984201	0.5534952768571461	1740.9877538877272
6547.07017836306	2330.5509529736637	3143.3943256300363	0.5535147938839677	1740.8917513054707
6548.272578763127	2330.5123830603634	3143.1120296425934	0.5535343042598297	1740.7957487232145
6549.474979163193	2330.473813147064	3142.8297750127836	0.5535538040800758	1740.6997461409578
6550.67737956326	2330.4352432337637	3142.5475617315174	0.5535733039003219	1740.6037435587014
6551.879779963327	2330.3966733204643	3142.26538978971	0.553592803720568	1740.5077409764451
6553.0821803633935	2330.358103407164	3141.9832591782792	0.5536123035408139	1740.4117383941887
6554.28458076346	2330.3195334938646	3141.7011698881447	0.55363180336106	1740.3157358119322
6555.486981163527	2330.2809635805643	3141.419121910228	0.5536512972760083	1740.2197332296755
6556.689381563593	2330.242393667265	3141.1371152354573	0.553670779858023	1740.1237306474193
6557.89178196366	2330.2038237539646	3140.855149854758	0.5536902624400378	1740.0277280651628
6559.094182363727	2330.165253840665	3140.573225759062	0.5537097450220526	1739.9317254829064
6560.296582763794	2330.126683927365	3140.291342939302	0.5537292276040674	1739.8357229006501
6561.49898316386	2330.088114014065	3140.0095013864143	0.5537487101860822	1739.7397203183934
6562.701383563927	2330.049544100765	3139.7277010913376	0.5537681876113465	1739.643717736137
6563.903783963993	2330.0109741874653	3139.4459420450135	0.5537876529238152	1739.5477151538807
6565.10618436406	2329.9724042741655	3139.164224238385	0.5538071182362839	1739.4517125716243
6566.308584764127	2329.933834360865	3138.882547662399	0.5538265835487526	1739.3557099893678
6567.510985164194	2329.8952644475658	3138.6009123080053	0.5538460488612214	1739.2597074071111
6568.7133855642605	2329.8566945342654	3138.319318166155	0.55386551417369	1739.163704824855
6569.915785964327	2329.818124620966	3138.037765227804	0.5538849750807949	1739.0677022425984
6571.118186364393	2329.7795547076657	3137.7562534839076	0.5539044230927401	1738.971699660342
6572.32058676446	2329.7409847943663	3137.4747829254275	0.5539238711046853	1738.8756970780858
6573.522987164527	2329.702414881066	3137.193353543324	0.5539433191166305	1738.779694495829
6574.725387564594	2329.6638449677666	3136.9119653285643	0.5539627671285757	1738.6836919135726
6575.927787964661	2329.6252750544663	3136.6306182721146	0.5539822151405209	1738.5876893313161
6577.130188364727	2329.586705141167	3136.349312364947	0.5540016595012839	1738.49168674906
6578.332588764793	2329.5481352278666	3136.068047598032	0.5540210901820648	1738.3956841668034
6579.53498916486	2329.5095653145668	3135.7868239623485	0.5540405208628458	1738.2996815845468
6580.737389564927	2329.470995401267	3135.505641448872	0.5540599515436267	1738.2036790022905
6581.939789964994	2329.432425487967	3135.2245000485846	0.5540793822244077	1738.107676420034
6583.142190365061	2329.393855574667	3134.94339975247	0.5540988129051887	1738.0116738377776
6584.344590765127	2329.3552856613674	3134.662340551515	0.5541182406917187	1737.9156712555214
6585.5469911651935	2329.3167157480675	3134.3813224367063	0.5541376540110272	1737.8196686732647
6586.74939156526	2329.2781458347677	3134.1003453990384	0.5541570673303359	1737.7236660910082
6587.951791965327	2329.239575921468	3133.8194094295027	0.5541764806496444	1737.6276635087518
6589.154192365394	2329.2010060081675	3133.538514519097	0.554195893968953	1737.5316609264955
6590.356592765461	2329.162436094868	3133.2576606588223	0.5542153072882615	1737.435658344239
6591.558993165527	2329.123866181568	3132.976847839678	0.5542347184729564	1737.3396557619824
6592.761393565594	2329.0852962682684	3132.6960760526704	0.5542541144008162	1737.2436531797262
6593.96379396566	2329.046726354968	3132.415345288806	0.5542735103286761	1737.1476505974697
6595.166194365727	2329.0081564416687	3132.134655539095	0.554292906256536	1737.0516480152132
6596.368594765794	2328.9695865283684	3131.85400679455	0.5543123021843959	1736.9556454329568
6597.570995165861	2328.9310166150685	3131.5733990461863	0.5543316981122558	1736.8596428507
6598.773395565927	2328.8924467017687	3131.292832285021	0.5543510926678007	1736.7636402684439
6599.975795965994	2328.853876788469	3131.012306502076	0.5543704711745635	1736.6676376861874
6601.178196366061	2328.815306875169	3130.7318216883723	0.5543898496813263	1736.571635103931
6602.380596766127	2328.776736961869	3130.4513778349374	0.5544092281880891	1736.4756325216745
6603.582997166194	2328.7381670485693	3130.170974932799	0.5544286066948519	1736.379629939418
6604.785397566261	2328.6995971352694	3129.8906129729867	0.5544479852016148	1736.2836273571615
6605.987797966327	2328.6610272219696	3129.6102919465357	0.5544673631009799	1736.1876247749053
6607.190198366394	2328.6224573086697	3129.3300118444818	0.554486724157324	1736.0916221926489
6608.392598766461	2328.58388739537	3129.049772657863	0.5545060852136682	1735.9956196103922
6609.5949991665275	2328.5453174820695	3128.7695743777213	0.5545254462700123	1735.8996170281357
6610.797399566594	2328.50674756877	3128.4894169951003	0.5545448073263565	1735.8036144458795
6611.99979996666	2328.46817765547	3128.209300501047	0.5545641683827006	1735.707611863623
6613.202200366727	2328.4296077421704	3127.9292248866113	0.5545835294390447	1735.6116092813666
6614.404600766794	2328.39103782887	3127.649190142843	0.5546028731760673	1735.51560669911
6615.607001166861	2328.3524679155703	3127.3691962607986	0.5546222167529951	1735.4196041168536
6616.809401566928	2328.3138980022704	3127.0892432315336	0.5546415603299227	1735.3236015345972
6618.011801966994	2328.2753280889706	3126.809331046109	0.5546609039068505	1735.2275989523407
6619.21420236706	2328.2367581756707	3126.529459695586	0.5546802474837782	1735.1315963700845
6620.416602767127	2328.198188262371	3126.2496291710304	0.5546995910607059	1735.0355937878278
6621.619003167194	2328.159618349071	3125.969839463508	0.5547189180596621	1734.9395912055713
6622.821403567261	2328.121048435771	3125.690090564091	0.554738244128498	1734.843588623315
6624.023803967328	2328.0824785224713	3125.4103824638505	0.5547575701973341	1734.7475860410586
6625.2262043673945	2328.0439086091715	3125.1307151538626	0.5547768962661701	1734.6515834588022
6626.4286047674605	2328.0053386958716	3124.851088625205	0.554796222335006	1734.5555808765457
6627.631005167527	2327.9667687825718	3124.5715028689583	0.5548155484038421	1734.4595782942893
6628.833405567594	2327.928198869272	3124.2919578762053	0.5548348586388661	1734.3635757120328
6630.035805967661	2327.889628955972	3124.0124536380326	0.5548541671712541	1734.2675731297763
6631.238206367728	2327.851059042672	3123.7329901455264	0.5548734757036421	1734.1715705475199
6632.440606767795	2327.812489129372	3123.4535673897794	0.5548927842360302	1734.0755679652634
6633.643007167861	2327.773919216072	3123.174185361886	0.5549120927684182	1733.979565383007
6634.845407567927	2327.735349302772	3122.8948440529393	0.5549314013008062	1733.8835628007505
6636.047807967994	2327.6967793894723	3122.615543454041	0.5549506947463075	1733.7875602184943
6637.250208368061	2327.6582094761725	3122.33628355629	0.5549699857142083	1733.6915576362378
6638.452608768128	2327.6196395628726	3122.0570643507917	0.5549892766821091	1733.5955550539811
6639.655009168194	2327.581069649573	3121.7778858286515	0.5550085676500098	1733.4995524717249
6640.857409568261	2327.542499736273	3121.4987479809797	0.5550278586179107	1733.4035498894684
6642.0598099683275	2327.503929822973	3121.219650798887	0.5550471495858115	1733.307547307212
6643.262210368394	2327.465359909673	3120.9405942734875	0.5550664262164734	1733.2115447249555
6644.464610768461	2327.4267899963734	3120.6615783958987	0.555085699592163	1733.115542142699
6645.667011168528	2327.3882200830735	3120.3826031572403	0.5551049729678528	1733.0195395604426
6646.869411568594	2327.3496501697737	3120.1036685486333	0.5551242463435424	1732.9235369781861
6648.071811968661	2327.311080256474	3119.824774561202	0.5551435197192321	1732.82753439593
6649.274212368728	2327.2725103431735	3119.545921186075	0.5551627930949219	1732.7315318136734
6650.476612768794	2327.233940429874	3119.2671084143813	0.5551820528857003	1732.6355292314167
6651.679013168861	2327.195370516574	3118.988336237253	0.555201308641769	1732.5395266491603
6652.881413568928	2327.156800603274	3118.709604645825	0.5552205643978375	1732.443524066904
6654.083813968994	2327.118230689974	3118.4309136312354	0.5552398201539062	1732.3475214846476
6655.286214369061	2327.0796607766742	3118.152263184624	0.5552590759099747	1732.2515189023911
6656.488614769128	2327.0410908633744	3117.873653297134	0.5552783316660433	1732.1555163201347
6657.6910151691945	2327.0025209500745	3117.5950839599095	0.5552975745921629	1732.0595137378782
6658.893415569261	2326.9639510367747	3117.316555164099	0.555316812701509	1731.9635111556217
6660.095815969328	2326.925381123475	3117.038066900852	0.555336050810855	1731.8675085733653
6661.298216369394	2326.886811210175	3116.7596191613234	0.555355288920201	1731.771505991109
6662.500616769461	2326.848241296875	3116.4812119366666	0.5553745270295471	1731.6755034088524
6663.703017169528	2326.8096713835753	3116.202845218041	0.5553937651388932	1731.579500826596
6664.905417569595	2326.7711014702754	3115.9245189966073	0.5554129911758474	1731.4834982443397
6666.1078179696615	2326.7325315569756	3115.646233263528	0.5554322116116795	1731.3874956620832
6667.310218369727	2326.6939616436753	3115.3679880099694	0.5554514320475117	1731.2914930798268
6668.512618769794	2326.655391730376	3115.0897832271007	0.5554706524833438	1731.1954904975703
6669.715019169861	2326.6168218170756	3114.81161890609	0.555489872919176	1731.0994879153138
6670.917419569928	2326.578251903776	3114.5334950381152	0.5555090933550081	1731.0034853330574
6672.119819969995	2326.539681990476	3114.2554116143488	0.5555283024785568	1730.907482750801
6673.322220370062	2326.5011120771765	3113.977368625971	0.5555475052143893	1730.8114801685447
6674.5246207701275	2326.462542163876	3113.6993660641624	0.5555667079502219	1730.715477586288
6675.727021170194	2326.4239722505768	3113.421403920108	0.5555859106860545	1730.6194750040315
6676.929421570261	2326.3854023372764	3113.143482184992	0.555605113421887	1730.5234724217753
6678.131821970328	2326.3468324239766	3112.865600850005	0.5556243161577196	1730.4274698395188
6679.334222370395	2326.3082625106767	3112.5877599063388	0.5556435083438873	1730.3314672572624
6680.536622770462	2326.269692597377	3112.309959345186	0.5556626933535393	1730.2354646750057
6681.739023170528	2326.231122684077	3112.0321991577453	0.5556818783631915	1730.1394620927495
6682.941423570594	2326.192552770777	3111.7544793352126	0.5557010633728435	1730.043459510493
6684.143823970661	2326.1539828574773	3111.476799868793	0.5557202483824957	1729.9474569282365
6685.346224370728	2326.115412944177	3111.1991607496893	0.5557394333921478	1729.85145434598
6686.548624770795	2326.0768430308776	3110.9215619691076	0.5557586086172216	1729.7554517637236
6687.751025170862	2326.0382731175773	3110.644003518258	0.5557777758748131	1729.6594491814672
6688.953425570928	2325.999703204278	3110.366485388354	0.5557969431324047	1729.5634465992107
6690.155825970995	2325.9611332909776	3110.0890075706066	0.5558161103899962	1729.4674440169545
6691.358226371061	2325.922563377678	3109.8115700562366	0.5558352776475878	1729.371441434698
6692.560626771128	2325.883993464378	3109.5341728364606	0.5558544449051793	1729.2754388524413
6693.763027171195	2325.8454235510785	3109.2568159025027	0.5558736031457074	1729.1794362701849
6694.965427571261	2325.806853637778	3108.979499245587	0.555892752625659	1729.0834336879286
6696.167827971328	2325.768283724479	3108.70222285694	0.5559119021056106	1728.9874311056722
6697.370228371395	2325.7297138111785	3108.4249867277927	0.5559310515855621	1728.8914285234157
6698.5726287714615	2325.6911438978786	3108.1477908493766	0.5559502010655137	1728.7954259411592
6699.775029171528	2325.652573984579	3107.870635212927	0.5559693505454654	1728.6994233589028
6700.977429571595	2325.614004071279	3107.593519809681	0.5559884917782557	1728.6034207766463
6702.179829971661	2325.575434157979	3107.3164446308792	0.5560076234552861	1728.50741819439
6703.382230371728	2325.536864244679	3107.039409667763	0.5560267551323166	1728.4114156121336
6704.584630771795	2325.4982943313794	3106.762414911579	0.556045886809347	1728.315413029877
6705.787031171862	2325.459724418079	3106.4854603535728	0.5560650184863775	1728.2194104476205
6706.989431571928	2325.4211545047797	3106.2085459849973	0.5560841501634078	1728.1234078653642
6708.191831971995	2325.3825845914794	3105.931671797102	0.5561032743655258	1728.0274052831078
6709.394232372061	2325.34401467818	3105.654837781145	0.5561223882146483	1727.9314027008513
6710.596632772128	2325.3054447648797	3105.3780439283823	0.5561415020637709	1727.8354001185949
6711.799033172195	2325.2668748515803	3105.101290230075	0.5561606159128933	1727.7393975363384
6713.001433572262	2325.22830493828	3104.824576677485	0.5561797297620159	1727.643394954082
6714.2038339723285	2325.1897350249806	3104.5479032618787	0.5561988436111385	1727.5473923718255
6715.406234372395	2325.1511651116803	3104.271269974523	0.5562179507599049	1727.451389789569
6716.608634772461	2325.112595198381	3103.9946768066893	0.5562370467564275	1727.3553872073126
6717.811035172528	2325.0740252850806	3103.71812374965	0.5562561427529501	1727.259384625056
6719.013435572595	2325.0354553717807	3103.4416107946813	0.5562752387494727	1727.1633820427996
6720.215835972662	2324.996885458481	3103.16513793306	0.5562943347459953	1727.0673794605434
6721.418236372729	2324.9583155451805	3102.8887051560678	0.5563134307425179	1726.971376878287
6722.620636772795	2324.919745631881	3102.6123124549867	0.5563325208155085	1726.8753742960303
6723.823037172861	2324.881175718581	3102.3359598211036	0.5563515989350302	1726.779371713774
6725.025437572928	2324.8426058052814	3102.059647245706	0.5563706770545519	1726.6833691315176
6726.227837972995	2324.804035891981	3101.7833747200834	0.5563897551740736	1726.587366549261
6727.430238373062	2324.7654659786817	3101.507142235532	0.5564088332935954	1726.4913639670046
6728.632638773129	2324.7268960653814	3101.230949783343	0.5564279114131171	1726.3953613847482
6729.835039173195	2324.688326152082	3100.9547973548197	0.5564469843881598	1726.2993588024917
6731.0374395732615	2324.6497562387817	3100.6786849412592	0.5564660446065695	1726.2033562202353
6732.239839973328	2324.6111863254823	3100.402612533966	0.5564851048249791	1726.107353637979
6733.442240373395	2324.572616412182	3100.1265801242457	0.5565041650433888	1726.0113510557223
6734.644640773462	2324.5340464988826	3099.8505877034077	0.5565232252617985	1725.9153484734659
6735.847041173529	2324.4954765855823	3099.574635262761	0.5565422854802082	1725.8193458912094
6737.049441573595	2324.4569066722825	3099.2987227936205	0.5565613413353818	1725.7233433089532
6738.251841973662	2324.4183367589826	3099.022850287301	0.5565803836288546	1725.6273407266967
6739.454242373728	2324.3797668456828	3098.7470177351215	0.5565994259223274	1725.53133814444
6740.656642773795	2324.341196932383	3098.4712251284027	0.5566184682158002	1725.4353355621838
6741.859043173862	2324.302627019083	3098.1954724584675	0.556637510509273	1725.3393329799273
6743.061443573929	2324.264057105783	3097.9197597166426	0.5566565528027458	1725.243330397671
6744.263843973995	2324.225487192483	3097.644086894256	0.5566755915163775	1725.1473278154147
6745.466244374062	2324.1869172791835	3097.3684539826395	0.5566946158613753	1725.051325233158
6746.668644774129	2324.148347365883	3097.092860973125	0.5567136402063732	1724.9553226509015
6747.871045174195	2324.109777452584	3096.8173078570503	0.5567326645513709	1724.859320068645
6749.073445574262	2324.0712075392835	3096.5417946257517	0.5567516888963687	1724.7633174863888
6750.275845974328	2324.032637625984	3096.2663212705725	0.5567707132413666	1724.6673149041324
6751.478246374395	2323.9940677126838	3095.990887782854	0.5567897347920322	1724.5713123218757
6752.680646774462	2323.9554977993844	3095.715494153944	0.5568087411653003	1724.4753097396192
6753.883047174529	2323.916927886084	3095.4401403751895	0.5568277475385685	1724.379307157363
6755.0854475745955	2323.878357972784	3095.1648264379423	0.5568467539118366	1724.2833045751065
6756.287847974662	2323.8397880594844	3094.8895523335564	0.5568657602851047	1724.18730199285
6757.490248374728	2323.8012181461845	3094.6143180533877	0.5568847666583728	1724.0912994105936
6758.692648774795	2323.7626482328847	3094.3391235887925	0.5569037710248936	1723.9952968283371
6759.895049174862	2323.724078319585	3094.063968931135	0.556922759403458	1723.8992942460807
6761.097449574929	2323.685508406285	3093.7888540717763	0.5569417477820223	1723.8032916638242
6762.299849974996	2323.646938492985	3093.5137790020844	0.5569607361605866	1723.707289081568
6763.502250375062	2323.6083685796852	3093.238743713426	0.5569797245391509	1723.6112864993113
6764.704650775128	2323.5697986663854	3092.963748197173	0.5569987129177153	1723.515283917055
6765.907051175195	2323.5312287530855	3092.6887924446987	0.5570177000791564	1723.4192813347986
6767.109451575262	2323.4926588397852	3092.413876447379	0.557036670440323	1723.3232787525421
6768.311851975329	2323.454088926486	3092.139000196593	0.5570556408014897	1723.2272761702857
6769.514252375396	2323.4155190131855	3091.8641636837206	0.5570746111626564	1723.131273588029
6770.7166527754625	2323.3769490998857	3091.5893669001457	0.557093581523823	1723.0352710057728
6771.9190531755285	2323.338379186586	3091.3146098372545	0.5571125518849898	1722.9392684235163
6773.121453575595	2323.299809273286	3091.039892486436	0.5571315218206594	1722.8432658412598
6774.323853975662	2323.261239359986	3090.7652148390794	0.5571504741420115	1722.7472632590036
6775.526254375729	2323.2226694466863	3090.49057688658	0.5571694264633635	1722.651260676747
6776.728654775796	2323.1840995333864	3090.2159786203324	0.5571883787847156	1722.5552580944905
6777.931055175863	2323.1455296200866	3089.9414200317356	0.5572073311060677	1722.459255512234
6779.133455575929	2323.1069597067867	3089.6669011121903	0.5572262834274198	1722.3632529299778
6780.335855975995	2323.068389793487	3089.3924218531006	0.5572452357487719	1722.2672503477213
6781.538256376062	2323.029819880187	3089.1179822458703	0.5572641703762626	1722.1712477654646
6782.740656776129	2322.991249966887	3088.8435822819106	0.5572831046356588	1722.0752451832084
6783.943057176196	2322.9526800535873	3088.5692219526295	0.5573020388950548	1721.979242600952
6785.145457576262	2322.9141101402874	3088.2949012494423	0.557320973154451	1721.8832400186955
6786.347857976329	2322.8755402269876	3088.0206201637643	0.5573399074138471	1721.7872374364392
6787.5502583763955	2322.8369703136877	3087.746378687013	0.5573588416732432	1721.6912348541825
6788.752658776462	2322.7984004003874	3087.472176810609	0.5573777590124317	1721.595232271926
6789.955059176529	2322.7598304870876	3087.198014525977	0.5573966751880047	1721.4992296896696
6791.157459576596	2322.7212605737877	3086.9238918245424	0.5574155913635777	1721.4032271074134
6792.359859976662	2322.682690660488	3086.6498086977317	0.5574345075391506	1721.307224525157
6793.562260376729	2322.644120747188	3086.375765136978	0.5574534237147235	1721.2112219429002
6794.764660776796	2322.605550833888	3086.101761133712	0.5574723398902964	1721.115219360644
6795.967061176862	2322.5669809205883	3085.8277966793707	0.5574912399214802	1721.0192167783875
6797.169461576929	2322.5284110072885	3085.5538717653912	0.5575101379916338	1720.923214196131
6798.371861976996	2322.4898410939886	3085.279986383216	0.5575290360617875	1720.8272116138746
6799.574262377062	2322.4512711806888	3085.0061405242855	0.5575479341319411	1720.7312090316182
6800.776662777129	2322.412701267389	3084.732334180047	0.5575668322020948	1720.6352064493617
6801.979063177196	2322.374131354089	3084.4585673419474	0.5575857302722484	1720.5392038671052
6803.181463577263	2322.335561440789	3084.1848400014383	0.5576046129759592	1720.4432012848488
6804.383863977329	2322.2969915274894	3083.911152149971	0.5576234929193676	1720.3471987025926
6805.586264377396	2322.2584216141895	3083.6375037790026	0.557642372862776	1720.2511961203359
6806.788664777462	2322.219851700889	3083.363894879989	0.5576612528061843	1720.1551935380794
6807.991065177529	2322.18128178759	3083.090325444392	0.5576801327495927	1720.0591909558232
6809.193465577596	2322.1427118742895	3082.8167954636733	0.557699012693001	1719.9631883735667
6810.395865977663	2322.10414196099	3082.5433049292988	0.5577178780500036	1719.8671857913102
6811.5982663777295	2322.06557204769	3082.269853832736	0.5577367398456088	1719.7711832090536
6812.800666777795	2322.02700213439	3081.996442165454	0.5577556016412141	1719.6751806267973
6814.003067177862	2321.98843222109	3081.723069918927	0.5577744634368192	1719.5791780445409
6815.205467577929	2321.9498623077902	3081.4497370846298	0.5577933252324245	1719.4831754622844
6816.407867977996	2321.9112923944904	3081.1764436540393	0.5578121870280297	1719.3871728800282
6817.610268378063	2321.8727224811905	3080.9031896186348	0.5578310350193196	1719.2911702977715
6818.81266877813	2321.8341525678907	3080.6299749699006	0.5578498786463295	1719.195167715515
6820.0150691781955	2321.795582654591	3080.3567996993193	0.5578687222733393	1719.0991651332588
6821.217469578262	2321.757012741291	3080.0836637983793	0.5578875659003492	1719.0031625510023
6822.419869978329	2321.718442827991	3079.810567258571	0.557906409527359	1718.9071599687459
6823.622270378396	2321.6798729146913	3079.537510071386	0.5579252531543688	1718.8111573864892
6824.824670778463	2321.641303001391	3079.2644922283184	0.557944083761171	1718.715154804233
6826.02707117853	2321.6027330880916	3078.991513720866	0.5579629091990569	1718.6191522219765
6827.229471578596	2321.5641631747912	3078.7185745405286	0.5579817346369429	1718.52314963972
6828.4318719786625	2321.525593261492	3078.4456746788082	0.5580005600748288	1718.4271470574638
6829.634272378729	2321.4870233481915	3078.1728141272083	0.5580193855127147	1718.331144475207
6830.836672778796	2321.448453434892	3077.8999928772373	0.5580382109506006	1718.2351418929507
6832.039073178863	2321.409883521592	3077.627210920403	0.5580570241543684	1718.1391393106942
6833.24147357893	2321.371313608292	3077.354468248217	0.5580758313828652	1718.0431367284377
6834.443873978996	2321.332743694992	3077.0817648521966	0.5580946386113619	1717.9471341461815
6835.646274379063	2321.2941737816923	3076.8091007238554	0.5581134458398586	1717.8511315639248
6836.848674779129	2321.2556038683924	3076.5364758547134	0.5581322530683553	1717.7551289816683
6838.051075179196	2321.2170339550926	3076.2638902362924	0.558151060296852	1717.6591263994121
6839.253475579263	2321.1784640417927	3075.991343860117	0.5581698560792656	1717.5631238171557
6840.455875979329	2321.1398941284924	3075.718836717712	0.5581886450783679	1717.4671212348992
6841.658276379396	2321.101324215193	3075.4463688006076	0.5582074340774702	1717.3711186526427
6842.860676779463	2321.0627543018927	3075.1739401003347	0.5582262230765725	1717.2751160703863
6844.0630771795295	2321.0241843885933	3074.901550608428	0.5582450120756749	1717.1791134881298
6845.265477579596	2320.985614475293	3074.629200316422	0.5582638010747772	1717.0831109058734
6846.467877979663	2320.9470445619936	3074.356889215857	0.5582825794177412	1716.987108323617
6847.670278379729	2320.9084746486933	3074.0846172982724	0.5583013501677019	1716.8911057413604
6848.872678779796	2320.869904735394	3073.812384555214	0.5583201209176627	1716.7951031591042
6850.075079179863	2320.8313348220936	3073.5401909782254	0.5583388916676234	1716.6991005768477
6851.27747957993	2320.792764908794	3073.2680365588567	0.5583576624175842	1716.6030979945913
6852.479879979996	2320.754194995494	3072.995921288657	0.5583764331675449	1716.5070954123346
6853.682280380063	2320.7156250821945	3072.723845159182	0.5583951940531874	1716.4110928300781
6854.884680780129	2320.677055168894	3072.451808161985	0.5584139465345169	1716.315090247822
6856.087081180196	2320.638485255595	3072.1798102886255	0.5584326990158466	1716.2190876655654
6857.289481580263	2320.5999153422945	3071.9078515306633	0.5584514514971761	1716.123085083309
6858.49188198033	2320.561345428994	3071.6359318796617	0.5584702039785057	1716.0270825010525
6859.6942823803965	2320.522775515695	3071.3640513271866	0.5584889564598352	1715.931079918796
6860.896682780463	2320.4842056023945	3071.0922098648043	0.558507699870507	1715.8350773365396
6862.099083180529	2320.445635689095	3070.8204074840874	0.5585264340639708	1715.7390747542834
6863.301483580596	2320.4070657757948	3070.548644176606	0.5585451682574347	1715.643072172027
6864.503883980663	2320.3684958624954	3070.276919933937	0.5585639024508986	1715.5470695897702
6865.70628438073	2320.329925949195	3070.0052347476567	0.5585826366443625	1715.4510670075138
6866.908684780797	2320.2913560358957	3069.733588609346	0.5586013708378263	1715.3550644252575
6868.111085180863	2320.2527861225954	3069.4619815105866	0.5586200967560981	1715.259061843001
6869.313485580929	2320.214216209296	3069.190413442964	0.558638812642714	1715.1630592607446
6870.515885980996	2320.1756462959956	3068.918884398064	0.5586575285293298	1715.0670566784881
6871.718286381063	2320.1370763826963	3068.6473943674782	0.5586762444159455	1714.9710540962317
6872.92068678113	2320.098506469396	3068.3759433427963	0.5586949603025614	1714.8750515139752
6874.123087181197	2320.0599365560965	3068.104531315615	0.5587136761891772	1714.7790489317188
6875.325487581263	2320.0213666427962	3067.83315827753	0.5587323845978387	1714.6830463494625
6876.5278879813295	2319.9827967294964	3067.56182422014	0.5587510821588764	1714.5870437672058
6877.730288381396	2319.9442268161965	3067.2905291350476	0.5587697797199139	1714.4910411849494
6878.932688781463	2319.905656902896	3067.019273013856	0.5587884772809516	1714.3950386026931
6880.13508918153	2319.867086989597	3066.748055848174	0.5588071748419892	1714.2990360204367
6881.337489581597	2319.8285170762965	3066.4768776296078	0.5588258724030268	1714.2030334381802
6882.539889981663	2319.789947162997	3066.20573834977	0.5588445632850859	1714.1070308559238
6883.74229038173	2319.751377249697	3065.9346380002735	0.5588632425020652	1714.0110282736673
6884.9446907817965	2319.7128073363974	3065.663576572736	0.5588819217190445	1713.9150256914108
6886.147091181863	2319.674237423097	3065.3925540587743	0.5589006009360238	1713.8190231091544
6887.34949158193	2319.6356675097977	3065.121570450011	0.5589192801530031	1713.723020526898
6888.551891981997	2319.5970975964974	3064.850625738067	0.5589379593699824	1713.6270179446415
6889.754292382063	2319.558527683198	3064.5797199145713	0.5589566327086631	1713.531015362385
6890.95669278213	2319.5199577698977	3064.30885297115	0.5589752935633513	1713.4350127801285
6892.159093182197	2319.4813878565983	3064.038024899434	0.5589939544180393	1713.3390101978723
6893.361493582263	2319.442817943298	3063.7672356910557	0.5590126152727275	1713.2430076156159
6894.56389398233	2319.404248029998	3063.4964853376514	0.5590312761274157	1713.1470050333592
6895.766294382396	2319.3656781166983	3063.2257738308595	0.5590499369821038	1713.051002451103
6896.968694782463	2319.3271082033984	3062.9551011623184	0.5590685927608445	1712.9549998688465
6898.17109518253	2319.2885382900986	3062.6844673236724	0.5590872352352544	1712.85899728659
6899.373495582597	2319.2499683767987	3062.4138723065644	0.5591058777096641	1712.7629947043336
6900.5758959826635	2319.211398463499	3062.143316102644	0.559124520184074	1712.666992122077
6901.77829638273	2319.1728285501986	3061.872798703559	0.5591431626584837	1712.5709895398206
6902.980696782796	2319.134258636899	3061.6023201009634	0.5591618051328936	1712.4749869575642
6904.183097182863	2319.095688723599	3061.3318802865106	0.5591804433353459	1712.378984375308
6905.38549758293	2319.0571188102995	3061.0614792518572	0.559199067411736	1712.2829817930515
6906.587897982997	2319.018548896999	3060.791116988664	0.5592176914881262	1712.1869792107948
6907.790298383064	2318.9799789836998	3060.5207934885916	0.5592363155645163	1712.0909766285383
6908.99269878313	2318.9414090703995	3060.2505087433037	0.5592549396409064	1711.994974046282
6910.195099183196	2318.9028391570996	3059.9802627444683	0.5592735637172965	1711.8989714640256
6911.397499583263	2318.8642692437998	3059.710055483753	0.5592921843273245	1711.8029688817692
6912.59989998333	2318.8256993305	3059.43988695283	0.5593107899881953	1711.7069662995127
6913.802300383397	2318.7871294172	3059.1697571433724	0.5593293956490661	1711.6109637172563
6915.004700783464	2318.7485595039	3058.899666047056	0.559348001309937	1711.5149611349998
6916.2071011835305	2318.7099895906003	3058.6296136555598	0.5593666069708078	1711.4189585527433
6917.4095015835965	2318.6714196773005	3058.359599960565	0.5593852126316785	1711.322955970487
6918.611901983663	2318.6328497640006	3058.0896249537536	0.5594038156333562	1711.2269533882304
6919.81430238373	2318.594279850701	3057.819688626813	0.5594224028614492	1711.130950805974
6921.016702783797	2318.555709937401	3057.549790971428	0.5594409900895422	1711.0349482237175
6922.219103183864	2318.5171400241006	3057.279931979292	0.5594595773176353	1710.9389456414613
6923.421503583931	2318.4785701108012	3057.010111642098	0.5594781645457283	1710.8429430592048
6924.623903983997	2318.440000197501	3056.740329951539	0.5594967517738213	1710.7469404769483
6925.826304384063	2318.4014302842015	3056.4705868993133	0.5595153371514316	1710.6509378946919
6927.02870478413	2318.362860370901	3056.2008824771206	0.5595339059297282	1710.5549353124354
6928.231105184197	2318.3242904576014	3055.931216676664	0.5595524747080246	1710.458932730179
6929.433505584264	2318.2857205443015	3055.661589489647	0.559571043486321	1710.3629301479225
6930.63590598433	2318.2471506310017	3055.392000907778	0.5595896122646175	1710.266927565666
6931.838306384397	2318.208580717702	3055.1224509227645	0.559608181042914	1710.1709249834096
6933.0407067844635	2318.170010804402	3054.85293952632	0.5596267487809482	1710.0749224011533
6934.24310718453	2318.131440891102	3054.5834667101576	0.5596452990926666	1709.9789198188969
6935.445507584597	2318.0928709778022	3054.314032465994	0.5596638494043851	1709.8829172366404
6936.647907984664	2318.0543010645024	3054.0446367855484	0.5596823997161035	1709.7869146543837
6937.85030838473	2318.0157311512025	3053.7752796605428	0.5597009500278218	1709.6909120721275
6939.052708784797	2317.9771612379027	3053.5059610826984	0.5597195003395403	1709.594909489871
6940.255109184864	2317.938591324603	3053.2366810437434	0.5597380504226954	1709.4989069076146
6941.45750958493	2317.900021411303	3052.967439535404	0.5597565822512902	1709.4029043253581
6942.659909984997	2317.861451498003	3052.698236549414	0.559775114079885	1709.3069017431017
6943.862310385064	2317.8228815847033	3052.429072077504	0.5597936459084798	1709.2108991608452
6945.06471078513	2317.7843116714034	3052.159946111411	0.5598121777370746	1709.1148965785887
6946.267111185197	2317.745741758103	3051.890858642871	0.5598307095656694	1709.0188939963325
6947.469511585264	2317.7071718448033	3051.6218096636253	0.5598492413942642	1708.922891414076
6948.671911985331	2317.6686019315034	3051.3527991654173	0.5598677553080076	1708.8268888318194
6949.874312385397	2317.6300320182036	3051.0838271399907	0.5598862686371678	1708.730886249563
6951.076712785464	2317.5914621049037	3050.8148935790923	0.559904781966328	1708.6348836673064
6952.27911318553	2317.552892191604	3050.545998474473	0.5599232952954881	1708.5388810850502
6953.481513585597	2317.514322278304	3050.2771418178845	0.5599418086246484	1708.4428785027937
6954.683913985664	2317.475752365004	3050.0083236010796	0.5599603219538085	1708.3468759205373
6955.886314385731	2317.4371824517043	3049.7395438158173	0.5599788181666021	1708.2508733382808
6957.0887147857975	2317.3986125384044	3049.470802453855	0.5599973129802492	1708.1548707560244
6958.291115185863	2317.3600426251046	3049.2020995069556	0.5600158077938964	1708.0588681737681
6959.49351558593	2317.3214727118047	3048.933434966881	0.5600343026075436	1707.9628655915117
6960.695915985997	2317.282902798505	3048.6648088253996	0.5600527974211907	1707.866863009255
6961.898316386064	2317.244332885205	3048.396221074277	0.560071292234838	1707.7708604269985
6963.100716786131	2317.205762971905	3048.127671705286	0.5600897707322204	1707.6748578447423
6964.303117186198	2317.167193058605	3047.8591607102	0.5601082470145072	1707.5788552624858
6965.5055175862635	2317.1286231453055	3047.590688080794	0.560126723296794	1707.4828526802294
6966.70791798633	2317.090053232005	3047.3222538088444	0.5601451995790808	1707.386850097973
6967.910318386397	2317.0514833187053	3047.0538578861333	0.5601636758613676	1707.2908475157165
6969.112718786464	2317.0129134054055	3046.7855003044433	0.5601821521436544	1707.19484493346
6970.315119186531	2316.9743434921056	3046.5171810555585	0.5602006129113637	1707.0988423512035
6971.517519586598	2316.9357735788058	3046.2489001312665	0.5602190706466719	1707.002839768947
6972.719919986664	2316.897203665506	3045.9806575233574	0.56023752838198	1706.9068371866906
6973.9223203867305	2316.858633752206	3045.7124532236217	0.5602559861172883	1706.8108346044341
6975.124720786797	2316.820063838906	3045.444287223855	0.5602744438525965	1706.7148320221777
6976.327121186864	2316.7814939256064	3045.1761595158546	0.5602929015879048	1706.6188294399215
6977.529521586931	2316.7429240123065	3044.9080700914164	0.5603113446118769	1706.5228268576648
6978.731921986998	2316.7043540990067	3044.6400189423457	0.5603297837848168	1706.4268242754083
6979.934322387064	2316.6657841857063	3044.3720060604433	0.5603482229577567	1706.330821693152
6981.136722787131	2316.627214272407	3044.1040314375164	0.5603666621306965	1706.2348191108956
6982.339123187197	2316.5886443591066	3043.8360950653732	0.5603851013036363	1706.1388165286392
6983.541523587264	2316.5500744458072	3043.5681969358243	0.5604035404765761	1706.0428139463825
6984.743923987331	2316.511504532507	3043.3003370406827	0.5604219657429433	1705.9468113641262
6985.946324387397	2316.4729346192075	3043.032515371764	0.5604403863383502	1705.8508087818698
6987.148724787464	2316.4343647059072	3042.7647319208854	0.5604588069337572	1705.7548061996133
6988.351125187531	2316.395794792608	3042.496986679868	0.560477227529164	1705.658803617357
6989.5535255875975	2316.3572248793075	3042.2292796405322	0.5604956481245709	1705.5628010351004
6990.755925987664	2316.3186549660077	3041.961610794705	0.5605140687199778	1705.466798452844
6991.958326387731	2316.280085052708	3041.693980134212	0.5605324762150677	1705.3707958705875
6993.160726787797	2316.241515139408	3041.426387650883	0.5605508782180028	1705.2747932883312
6994.363127187864	2316.202945226108	3041.15883333655	0.5605692802209377	1705.1787907060748
6995.565527587931	2316.1643753128083	3040.891317183046	0.5605876822238727	1705.082788123818
6996.767927987998	2316.1258053995084	3040.623839182208	0.5606060842268076	1704.9867855415619
6997.970328388064	2316.087235486208	3040.356399325875	0.5606244862297425	1704.8907829593054
6999.172728788131	2316.0486655729087	3040.088997605888	0.560642875940077	1704.794780377049
7000.375129188197	2316.0100956596084	3039.8216340140893	0.5606612593358237	1704.6987777947927
7001.577529588264	2315.971525746309	3039.5543085423265	0.5606796427315702	1704.602775212536
7002.779929988331	2315.9329558330087	3039.2870211824456	0.5606980261273169	1704.5067726302796
7003.982330388398	2315.8943859197093	3039.0197719262987	0.5607164095230635	1704.410770048023
7005.184730788465	2315.855816006409	3038.7525607657362	0.5607347929188101	1704.3147674657666
7006.387131188531	2315.8172460931096	3038.485387692615	0.5607531648311034	1704.2187648835104
7007.589531588597	2315.7786761798093	3038.2182526987917	0.5607715296051667	1704.1227623012537
7008.791931988664	2315.74010626651	3037.951155776126	0.5607898943792301	1704.0267597189973
7009.994332388731	2315.7015363532096	3037.684096916479	0.5608082591532935	1703.930757136741
7011.196732788798	2315.66296643991	3037.417076111717	0.5608266239273568	1703.8347545544846
7012.399133188865	2315.62439652661	3037.1500933537045	0.5608449887014203	1703.738751972228
7013.601533588931	2315.58582661331	3036.8831486343106	0.5608633428025778	1703.6427493899716
7014.803933988997	2315.54725670001	3036.6162419454085	0.5608816889406828	1703.5467468077152
7016.006334389064	2315.50868678671	3036.349373278869	0.5609000350787877	1703.4507442254587
7017.208734789131	2315.4701168734105	3036.0825426265696	0.5609183812168927	1703.3547416432023
7018.411135189198	2315.43154696011	3035.8157499803883	0.5609367273549978	1703.258739060946
7019.613535589265	2315.3929770468108	3035.548995332205	0.5609550734931027	1703.1627364786893
7020.815935989331	2315.3544071335104	3035.2822786739025	0.5609734097702203	1703.0667338964329
7022.0183363893975	2315.315837220211	3035.015599997367	0.5609917372583103	1702.9707313141766
7023.220736789464	2315.2772673069107	3034.7489592944844	0.5610100647464004	1702.8747287319202
7024.423137189531	2315.2386973936113	3034.482356557145	0.5610283922344905	1702.7787261496637
7025.625537589598	2315.200127480311	3034.2157917772406	0.5610467197225806	1702.682723567407
7026.827937989665	2315.1615575670116	3033.9492649466665	0.5610650472106706	1702.5867209851508
7028.030338389731	2315.1229876537113	3033.6827760573183	0.5610833656510327	1702.4907184028943
7029.232738789798	2315.084417740412	3033.416325101096	0.5611016744752679	1702.3947158206379
7030.4351391898645	2315.0458478271116	3033.149912069898	0.5611199832995032	1702.2987132383817
7031.637539589931	2315.007277913812	3032.883536955632	0.5611382921237384	1702.202710656125
7032.839939989998	2314.968708000512	3032.6171997502	0.5611566009479737	1702.1067080738685
7034.042340390065	2314.9301380872116	3032.3509004455123	0.561174909772209	1702.010705491612
7035.244740790131	2314.891568173912	3032.08463903348	0.5611932103632875	1701.9147029093558
7036.447141190198	2314.852998260612	3031.818415506014	0.5612115005100438	1701.8187003270994
7037.649541590265	2314.8144283473125	3031.552229855031	0.5612297906568001	1701.7226977448427
7038.851941990331	2314.775858434012	3031.2860820724463	0.5612480808035564	1701.6266951625862
7040.054342390398	2314.737288520713	3031.019972150182	0.5612663709503126	1701.53069258033
7041.256742790464	2314.6987186074125	3030.753900080158	0.561284661097069	1701.4346899980735
7042.459143190531	2314.660148694113	3030.4878658543003	0.5613029438265225	1701.3386874158173
7043.661543590598	2314.621578780813	3030.221869464534	0.5613212152823884	1701.2426848335606
7044.863943990665	2314.5830088675134	3029.955910902789	0.5613394867382544	1701.1466822513041
7046.0663443907315	2314.544438954213	3029.689990160995	0.5613577581941204	1701.0506796690477
7047.268744790798	2314.5058690409137	3029.424107231088	0.5613760296499863	1700.9546770867914
7048.471145190864	2314.4672991276134	3029.1582621050006	0.5613943011058523	1700.858674504535
7049.673545590931	2314.4287292143135	3028.892454774673	0.561412565961524	1700.7626719222783
7050.875945990998	2314.3901593010137	3028.6266852320446	0.5614308187133015	1700.666669340022
7052.078346391065	2314.351589387714	3028.3609534690586	0.5614490714650789	1700.5706667577656
7053.280746791132	2314.313019474414	3028.0952594776595	0.5614673242168564	1700.4746641755091
7054.483147191198	2314.274449561114	3027.8296032497947	0.5614855769686339	1700.3786615932527
7055.685547591264	2314.2358796478143	3027.5639847774137	0.5615038297204114	1700.2826590109962
7056.887947991331	2314.1973097345144	3027.298404052468	0.5615220766903285	1700.1866564287398
7058.090348391398	2314.1587398212146	3027.0328610669117	0.5615403107250302	1700.0906538464833
7059.292748791465	2314.1201699079143	3026.767355812701	0.5615585447597319	1699.9946512642268
7060.495149191532	2314.081599994615	3026.5018882817953	0.5615767787944336	1699.8986486819706
7061.6975495915985	2314.0430300813146	3026.236458466154	0.5615950128291353	1699.802646099714
7062.8999499916645	2314.004460168015	3025.971066357743	0.5616132468638368	1699.7066435174575
7064.102350391731	2313.965890254715	3025.705711948525	0.5616314759362097	1699.6106409352012
7065.304750791798	2313.9273203414155	3025.4403952304688	0.5616496912410568	1699.5146383529448
7066.507151191865	2313.888750428115	3025.175116195545	0.5616679065459039	1699.4186357706883
7067.709551591932	2313.8501805148153	3024.909874835725	0.5616861218507511	1699.3226331884316
7068.911951991998	2313.8116106015154	3024.6446711429835	0.5617043371555982	1699.2266306061754
7070.114352392065	2313.7730406882156	3024.3795051092984	0.5617225524604453	1699.130628023919
7071.316752792131	2313.7344707749157	3024.1143767266476	0.5617407636236645	1699.0346254416625
7072.519153192198	2313.695900861616	3023.8492859870134	0.5617589601860863	1698.9386228594062
7073.721553592265	2313.657330948316	3023.5842328823787	0.5617771567485079	1698.8426202771495
7074.923953992332	2313.618761035016	3023.3192174047304	0.5617953533109297	1698.746617694893
7076.126354392398	2313.5801911217163	3023.0542395460566	0.5618135498733514	1698.6506151126368
7077.328754792465	2313.5416212084165	3022.789299298348	0.561831746435773	1698.5546125303804
7078.5311551925315	2313.5030512951166	3022.5243966535954	0.56184993967841	1698.458609948124
7079.733555592598	2313.4644813818168	3022.259531603797	0.561868117486043	1698.3626073658672
7080.935955992665	2313.425911468517	3021.9947041409478	0.5618862952936761	1698.266604783611
7082.138356392732	2313.3873415552166	3021.729914257048	0.5619044731013092	1698.1706022013545
7083.340756792798	2313.348771641917	3021.4651619441015	0.5619226509089422	1698.074599619098
7084.543157192865	2313.310201728617	3021.2004471941086	0.5619408287165752	1697.9785970368416
7085.745557592932	2313.271631815317	3020.9357699990796	0.5619590040273807	1697.8825944545852
7086.9479579929985	2313.233061902017	3020.671130351021	0.5619771630680649	1697.7865918723287
7088.150358393065	2313.1944919887173	3020.406528241944	0.5619953221087489	1697.6905892900722
7089.352758793132	2313.1559220754175	3020.1419636638625	0.5620134811494331	1697.5945867078158
7090.555159193198	2313.1173521621176	3019.8774366087923	0.5620316401901172	1697.4985841255593
7091.757559593265	2313.078782248818	3019.6129470687492	0.5620497992308013	1697.4025815433029
7092.959959993332	2313.040212335518	3019.348495035756	0.5620679565987026	1697.3065789610464
7094.162360393399	2313.001642422218	3019.084080501832	0.5620860968604826	1697.2105763787902
7095.364760793465	2312.9630725089182	3018.8197034590044	0.5621042371222627	1697.1145737965337
7096.567161193532	2312.9245025956184	3018.5553638992988	0.5621223773840428	1697.018571214277
7097.769561593598	2312.8859326823185	3018.2910618147444	0.5621405176458228	1696.9225686320208
7098.971961993665	2312.8473627690187	3018.026797197372	0.5621586579076029	1696.8265660497643
7100.174362393732	2312.808792855719	3017.7625700392164	0.5621767973217052	1696.7305634675079
7101.376762793799	2312.7702229424185	3017.498380332312	0.5621949187928271	1696.6345608852514
7102.5791631938655	2312.7316530291187	3017.234228068699	0.562213040263949	1696.538558302995
7103.781563593931	2312.693083115819	3016.9701132404157	0.5622311617350709	1696.4425557207385
7104.983963993998	2312.654513202519	3016.7060358395056	0.5622492832061928	1696.346553138482
7106.186364394065	2312.615943289219	3016.4419958580143	0.5622674046773147	1696.2505505562258
7107.388764794132	2312.5773733759193	3016.1779932879867	0.5622855261268979	1696.1545479739693
7108.591165194199	2312.5388034626194	3015.9140281214754	0.5623036287958085	1696.0585453917126
7109.793565594266	2312.5002335493195	3015.650100350529	0.5623217314647193	1695.9625428094562
7110.9959659943315	2312.4616636360197	3015.386209967204	0.56233983413363	1695.8665402272
7112.198366394398	2312.42309372272	3015.122356963554	0.5623579368025408	1695.7705376449435
7113.400766794465	2312.38452380942	3014.8585413316396	0.5623760394714514	1695.674535062687
7114.603167194532	2312.34595389612	3014.5947630635196	0.5623941421403622	1695.5785324804306
7115.805567594599	2312.3073839828203	3014.331022151259	0.5624122268013153	1695.482529898174
7117.007967994666	2312.2688140695204	3014.0673185869205	0.562430310656661	1695.3865273159176
7118.210368394732	2312.2302441562206	3013.8036523625738	0.5624483945120067	1695.2905247336614
7119.4127687947985	2312.1916742429203	3013.540023470287	0.5624664783673524	1695.194522151405
7120.615169194865	2312.153104329621	3013.276431902133	0.5624845622226982	1695.0985195691483
7121.817569594932	2312.1145344163206	3013.0128776501847	0.5625026460780439	1695.0025169868918
7123.019969994999	2312.075964503021	3012.74936070652	0.5625207127424035	1694.9065144046353
7124.222370395066	2312.037394589721	3012.4858810632154	0.5625387777730282	1694.810511822379
7125.424770795132	2311.9988246764215	3012.2224387123542	0.5625568428036529	1694.7145092401227
7126.627171195199	2311.960254763121	3011.9590336460183	0.5625749078342777	1694.6185066578662
7127.829571595265	2311.9216848498213	3011.695665856292	0.5625929728649024	1694.5225040756097
7129.031971995332	2311.8831149365215	3011.4323353352656	0.5626110378955271	1694.4265014933533
7130.234372395399	2311.8445450232216	3011.169042075026	0.5626290865532884	1694.3304989110968
7131.436772795465	2311.8059751099217	3010.9057860676676	0.562647132748232	1694.2344963288406
7132.639173195532	2311.767405196622	3010.642567305283	0.5626651789431756	1694.138493746584
7133.841573595599	2311.728835283322	3010.3793857799697	0.5626832251381191	1694.0424911643274
7135.0439739956655	2311.690265370022	3010.1162414838263	0.5627012713330627	1693.9464885820712
7136.246374395732	2311.6516954567223	3009.853134408954	0.5627193175280063	1693.8504859998147
7137.448774795799	2311.613125543422	3009.5900645474544	0.5627373481693341	1693.7544834175583
7138.651175195865	2311.5745556301226	3009.3270318914356	0.5627553755178317	1693.6584808353018
7139.853575595932	2311.5359857168223	3009.0640364330034	0.5627734028663295	1693.5624782530454
7141.055975995999	2311.497415803523	3008.8010781642683	0.5627914302148271	1693.466475670789
7142.258376396066	2311.4588458902226	3008.538157077343	0.5628094575633249	1693.3704730885324
7143.460776796132	2311.420275976923	3008.275273164341	0.5628274849118226	1693.274470506276
7144.663177196199	2311.381706063623	3008.012426417379	0.5628454975270504	1693.1784679240195
7145.865577596265	2311.3431361503235	3007.749616828577	0.5628635060185315	1693.082465341763
7147.067977996332	2311.304566237023	3007.4868443900546	0.5628815145100127	1692.9864627595066
7148.270378396399	2311.2659963237234	3007.2241090939356	0.5628995230014938	1692.8904601772504
7149.472778796466	2311.2274264104235	3006.961410932347	0.562917531492975	1692.794457594994
7150.675179196533	2311.1888564971237	3006.6987498974136	0.5629355399844561	1692.6984550127372
7151.877579596599	2311.150286583824	3006.4361259812686	0.562953534564084	1692.6024524304808
7153.079979996665	2311.111716670524	3006.1735391760417	0.5629715241881695	1692.5064498482245
7154.282380396732	2311.073146757224	3005.9109894738685	0.5629895138122551	1692.410447265968
7155.484780796799	2311.034576843924	3005.6484768668856	0.5630075034363407	1692.3144446837116
7156.687181196866	2310.9960069306244	3005.386001347232	0.5630254930604263	1692.2184421014551
7157.889581596933	2310.957437017324	3005.1235629070484	0.5630434826845119	1692.1224395191987
7159.091981996999	2310.9188671040247	3004.861161538479	0.5630614592192063	1692.0264369369422
7160.294382397065	2310.8802971907244	3004.598797233667	0.5630794299657089	1691.930434354686
7161.496782797132	2310.841727277425	3004.336469984764	0.5630974007122115	1691.8344317724295
7162.699183197199	2310.8031573641247	3004.0741797839164	0.563115371458714	1691.7384291901728
7163.901583597266	2310.7645874508253	3003.811926623278	0.5631333422052166	1691.6424266079164
7165.103983997333	2310.726017537525	3003.5497104950027	0.5631513129517192	1691.5464240256601
7166.306384397399	2310.6874476242256	3003.2875313912486	0.5631692714323108	1691.4504214434037
7167.5087847974655	2310.6488777109253	3003.025389304172	0.563187223291231	1691.3544188611472
7168.711185197532	2310.610307797626	3002.7632842259363	0.5632051751501514	1691.2584162788908
7169.913585597599	2310.5717378843256	3002.501216148703	0.5632231270090717	1691.1624136966343
7171.115985997666	2310.5331679710257	3002.2391850646386	0.563241078867992	1691.0664111143778
7172.318386397733	2310.494598057726	3001.977190965911	0.5632590307269123	1690.9704085321214
7173.520786797799	2310.4560281444255	3001.71523384469	0.5632769711443965	1690.8744059498651
7174.723187197866	2310.417458231126	3001.4533136931473	0.5632949041059255	1690.7784033676085
7175.9255875979325	2310.378888317826	3001.1914305034566	0.5633128370674547	1690.682400785352
7177.127987997999	2310.3403184045264	3000.9295842677957	0.5633307700289839	1690.5863982030955
7178.330388398066	2310.301748491226	3000.667774978343	0.5633487029905131	1690.4903956208393
7179.532788798133	2310.2631785779267	3000.4060026272787	0.5633666359520423	1690.3943930385828
7180.735189198199	2310.2246086646264	3000.1442672067865	0.5633845582976142	1690.2983904563262
7181.937589598266	2310.186038751327	2999.882568709053	0.563402472352196	1690.20238787407
7183.139989998333	2310.1474688380267	2999.6209071262633	0.5634203864067777	1690.1063852918135
7184.342390398399	2310.1088989247273	2999.359282450609	0.5634383004613593	1690.010382709557
7185.544790798466	2310.070329011427	2999.0976946742812	0.5634562145159411	1689.9143801273005
7186.747191198532	2310.0317590981276	2998.836143789475	0.5634741285705228	1689.818377545044
7187.949591598599	2309.9931891848273	2998.574629788385	0.5634920328364658	1689.7223749627876
7189.151991998666	2309.9546192715275	2998.3131526632123	0.5635099279764743	1689.6263723805314
7190.354392398733	2309.9160493582276	2998.0517124061553	0.5635278231164828	1689.530369798275
7191.5567927987995	2309.8774794449273	2997.790309009418	0.5635457182564911	1689.4343672160185
7192.759193198866	2309.838909531628	2997.528942465206	0.5635636133964996	1689.3383646337618
7193.961593598932	2309.8003396183276	2997.2676127657255	0.563581508536508	1689.2423620515056
7195.163993998999	2309.761769705028	2997.006319903188	0.5635993947177909	1689.146359469249
7196.366394399066	2309.723199791728	2996.7450638698024	0.5636172709396636	1689.0503568869926
7197.568794799133	2309.6846298784285	2996.483844657786	0.5636351471615363	1688.9543543047362
7198.7711951992	2309.646059965128	2996.222662259352	0.563653023383409	1688.8583517224797
7199.973595599266	2309.607490051829	2995.9615166667213	0.5636708996052816	1688.7623491402233
7201.175995999332	2309.5689201385285	2995.7004078721125	0.5636887758271543	1688.6663465579668
7202.378396399399	2309.530350225229	2995.439335867749	0.5637066439229131	1688.5703439757106
7203.580796799466	2309.491780311929	2995.1783006458554	0.56372450122864	1688.4743413934539
7204.783197199533	2309.4532103986294	2994.91730219866	0.563742358534367	1688.3783388111974
7205.9855975996	2309.414640485329	2994.65634051839	0.5637602158400941	1688.282336228941
7207.187997999667	2309.376070572029	2994.3954155972797	0.5637780731458211	1688.1863336466845
7208.3903983997325	2309.3375006587294	2994.13452742756	0.563795930451548	1688.0903310644283
7209.592798799799	2309.2989307454295	2993.873676001469	0.5638137804659908	1687.9943284821716
7210.795199199866	2309.2603608321297	2993.612861311243	0.563831618863768	1687.898325899915
7211.997599599933	2309.22179091883	2993.352083349123	0.563849457261545	1687.8023233176589
7213.2	2309.18322100553	2993.0913421073515	0.563867295659322	1687.7063207354024
