fwhm_x	fwhm_y	fwhm_z
6.394915	5.798772	5.643476
