fwhm_x	fwhm_y	fwhm_z
8.463477	7.156309	6.439517
