region	inpshift	frame_mid	TAC	TAC_fitted	weights
ACC	-0.34464689238073454	0	0	-1.9165205437222683e-14	0
ACC	-0.34464689238073454	0.17604137653783714	NA	2.5500718384758984e-5	NA
ACC	-0.34464689238073454	0.35208275307567427	NA	6.348882701722173e-5	NA
ACC	-0.34464689238073454	0.5281241296135114	NA	4.523308721561842e-4	NA
ACC	-0.34464689238073454	0.5946468923807345	0.00596099053803581	6.999518771970555e-4	0.4979955609317893
ACC	-0.34464689238073454	0.7041655061513485	NA	0.0011917998007800034	NA
ACC	-0.34464689238073454	0.8802068826891857	NA	0.2249892138829358	NA
ACC	-0.34464689238073454	1.0562482592270228	NA	1.5821128747884652	NA
ACC	-0.34464689238073454	1.0946468923807346	1.2605468592636335	1.952415337874012	0.5935966379574875
ACC	-0.34464689238073454	1.23228963576486	NA	3.513293705572275	NA
ACC	-0.34464689238073454	1.408331012302697	NA	6.042875941452375	NA
ACC	-0.34464689238073454	1.584372388840534	NA	8.862862803854204	NA
ACC	-0.34464689238073454	1.5946468923807346	9.12456704555081	9.019340135151387	0.7747364380991829
ACC	-0.34464689238073454	1.7604137653783714	NA	11.585435222876745	NA
ACC	-0.34464689238073454	1.9364551419162086	NA	14.57469717320664	NA
ACC	-0.34464689238073454	2.0946468923807346	18.828998721200815	17.557473096620846	0.9046305710011072
ACC	-0.34464689238073454	2.1124965184540456	NA	17.90845607227686	NA
ACC	-0.34464689238073454	2.2885378949918826	NA	21.522591522789465	NA
ACC	-0.34464689238073454	2.46457927152972	NA	25.39433005931544	NA
ACC	-0.34464689238073454	2.5946468923807346	29.330564358019284	27.999216374398472	1.0084564834937169
ACC	-0.34464689238073454	2.640620648067557	NA	28.88649710837331	NA
ACC	-0.34464689238073454	2.816662024605394	NA	32.15778242524016	NA
ACC	-0.34464689238073454	2.992703401143231	NA	33.930834000963166	NA
ACC	-0.34464689238073454	3.0946468923807346	34.61573605450565	34.288367813475716	1.05184710143084
ACC	-0.34464689238073454	3.168744777681068	NA	34.393424463442386	NA
ACC	-0.34464689238073454	3.3447861542189057	NA	34.85475007081045	NA
ACC	-0.34464689238073454	3.5208275307567427	NA	34.91237600717841	NA
ACC	-0.34464689238073454	3.6968689072945797	NA	34.85455322313217	NA
ACC	-0.34464689238073454	3.8446468923807346	34.15544861500218	34.81288575841904	1.2771234363638424
ACC	-0.34464689238073454	3.872910283832417	NA	34.79814000162576	NA
ACC	-0.34464689238073454	4.048951660370254	NA	34.658554185780865	NA
ACC	-0.34464689238073454	4.224993036908091	NA	34.43890701416784	NA
ACC	-0.34464689238073454	4.401034413445928	NA	34.14216942676424	NA
ACC	-0.34464689238073454	4.577075789983765	NA	33.77117853187654	NA
ACC	-0.34464689238073454	4.753117166521602	NA	33.32864377429366	NA
ACC	-0.34464689238073454	4.844646892380735	31.952847897437024	33.071174953843354	1.2409533465925953
ACC	-0.34464689238073454	4.92915854305944	NA	32.81715281847889	NA
ACC	-0.34464689238073454	5.105199919597277	NA	32.239177159967866	NA
ACC	-0.34464689238073454	5.281241296135114	NA	31.59707747753252	NA
ACC	-0.34464689238073454	5.457282672672951	NA	30.98649276531025	NA
ACC	-0.34464689238073454	5.633324049210788	NA	30.414095993629143	NA
ACC	-0.34464689238073454	5.809365425748625	NA	29.861900963607688	NA
ACC	-0.34464689238073454	5.844646892380735	29.16186044919666	29.753568029531024	1.1990027673150705
ACC	-0.34464689238073454	5.985406802286462	NA	29.328905191159436	NA
ACC	-0.34464689238073454	6.161448178824299	NA	28.814152846155526	NA
ACC	-0.34464689238073454	6.337489555362136	NA	28.316732594909592	NA
ACC	-0.34464689238073454	6.513530931899974	NA	27.835775542372236	NA
ACC	-0.34464689238073454	6.689572308437811	NA	27.370453269427287	NA
ACC	-0.34464689238073454	6.865613684975648	NA	26.91997596089528	NA
ACC	-0.34464689238073454	7.041655061513485	NA	26.483590620052	NA
ACC	-0.34464689238073454	7.217696438051322	NA	26.06057936566443	NA
ACC	-0.34464689238073454	7.344646892380735	26.103137278572895	25.763449627088427	1.4086112960853336
ACC	-0.34464689238073454	7.3937378145891595	NA	25.650257807730643	NA
ACC	-0.34464689238073454	7.5697791911269965	NA	25.25197349828651	NA
ACC	-0.34464689238073454	7.745820567664834	NA	24.86510445381049	NA
ACC	-0.34464689238073454	7.921861944202671	NA	24.489057745917506	NA
ACC	-0.34464689238073454	8.097903320740508	NA	24.123269100301275	NA
ACC	-0.34464689238073454	8.273944697278345	NA	23.767199196328264	NA
ACC	-0.34464689238073454	8.449986073816182	NA	23.420333893888447	NA
ACC	-0.34464689238073454	8.62602745035402	NA	23.0821836607757	NA
ACC	-0.34464689238073454	8.802068826891857	NA	22.752281891602294	NA
ACC	-0.34464689238073454	8.978110203429694	NA	22.43018384686838	NA
ACC	-0.34464689238073454	9.15415157996753	NA	22.115465641065533	NA
ACC	-0.34464689238073454	9.330192956505368	NA	21.80772327754825	NA
ACC	-0.34464689238073454	9.344646892380734	22.257451159965505	21.78275365160149	1.3144617490295751
ACC	-0.34464689238073454	9.506234333043205	NA	21.506571728012176	NA
ACC	-0.34464689238073454	9.682275709581042	NA	21.211644054517787	NA
ACC	-0.34464689238073454	9.85831708611888	NA	20.92259057209326	NA
ACC	-0.34464689238073454	10.034358462656717	NA	20.639078050041427	NA
ACC	-0.34464689238073454	10.210399839194555	NA	20.360800744491385	NA
ACC	-0.34464689238073454	10.386441215732392	NA	20.09733282367812	NA
ACC	-0.34464689238073454	10.562482592270229	NA	19.845659259057157	NA
ACC	-0.34464689238073454	10.738523968808066	NA	19.604383169705137	NA
ACC	-0.34464689238073454	10.914565345345903	NA	19.37301275141217	NA
ACC	-0.34464689238073454	11.09060672188374	NA	19.151078980852	NA
ACC	-0.34464689238073454	11.266648098421577	NA	18.93813456258507	NA
ACC	-0.34464689238073454	11.442689474959414	NA	18.733752924723373	NA
ACC	-0.34464689238073454	11.61873085149725	NA	18.53752726100828	NA
ACC	-0.34464689238073454	11.794772228035088	NA	18.349069617156637	NA
ACC	-0.34464689238073454	11.970813604572925	NA	18.16801001942937	NA
ACC	-0.34464689238073454	12.146854981110762	NA	17.993995643471433	NA
ACC	-0.34464689238073454	12.322896357648599	NA	17.82669002156209	NA
ACC	-0.34464689238073454	12.498937734186436	NA	17.665772286500594	NA
ACC	-0.34464689238073454	12.674979110724273	NA	17.51093645043418	NA
ACC	-0.34464689238073454	12.844646892380734	18.204204530889218	17.367187318697965	1.60001642972666
ACC	-0.34464689238073454	12.851020487262112	NA	17.36189071701374	NA
ACC	-0.34464689238073454	13.027061863799949	NA	17.218356825337032	NA
ACC	-0.34464689238073454	13.203103240337786	NA	17.080069424210368	NA
ACC	-0.34464689238073454	13.379144616875623	NA	16.946775475327847	NA
ACC	-0.34464689238073454	13.55518599341346	NA	16.818233684031735	NA
ACC	-0.34464689238073454	13.731227369951297	NA	16.694213956379592	NA
ACC	-0.34464689238073454	13.907268746489134	NA	16.57449688130197	NA
ACC	-0.34464689238073454	14.08331012302697	NA	16.458873236691925	NA
ACC	-0.34464689238073454	14.259351499564808	NA	16.34714351831984	NA
ACC	-0.34464689238073454	14.435392876102645	NA	16.23911749051904	NA
ACC	-0.34464689238073454	14.611434252640482	NA	16.13461375763601	NA
ACC	-0.34464689238073454	14.787475629178319	NA	16.033459355285768	NA
ACC	-0.34464689238073454	14.963517005716156	NA	15.93548936049701	NA
ACC	-0.34464689238073454	15.139558382253993	NA	15.840546519874259	NA
ACC	-0.34464689238073454	15.31559975879183	NA	15.748480894944285	NA
ACC	-0.34464689238073454	15.491641135329669	NA	15.657382908161347	NA
ACC	-0.34464689238073454	15.667682511867506	NA	15.569282283450192	NA
ACC	-0.34464689238073454	15.843723888405343	NA	15.484083401363977	NA
ACC	-0.34464689238073454	16.019765264943178	NA	15.401645947423562	NA
ACC	-0.34464689238073454	16.195806641481017	NA	15.32183617456937	NA
ACC	-0.34464689238073454	16.371848018018852	NA	15.244526092768053	NA
ACC	-0.34464689238073454	16.54788939455669	NA	15.16959394845271	NA
ACC	-0.34464689238073454	16.723930771094526	NA	15.096923644115595	NA
ACC	-0.34464689238073454	16.899972147632365	NA	15.026404476792264	NA
ACC	-0.34464689238073454	17.076013524170204	NA	14.957930888631347	NA
ACC	-0.34464689238073454	17.25205490070804	NA	14.891402228991668	NA
ACC	-0.34464689238073454	17.428096277245878	NA	14.826722527533692	NA
ACC	-0.34464689238073454	17.604137653783713	NA	14.7638002777975	NA
ACC	-0.34464689238073454	17.780179030321552	NA	14.702548230782531	NA
ACC	-0.34464689238073454	17.844646892380734	14.839272148375697	14.680518775833344	1.4105531070786514
ACC	-0.34464689238073454	17.956220406859387	NA	14.642883198066972	NA
ACC	-0.34464689238073454	18.132261783397226	NA	14.584725864025929	NA
ACC	-0.34464689238073454	18.30830315993506	NA	14.528000606727922	NA
ACC	-0.34464689238073454	18.4843445364729	NA	14.472635327108645	NA
ACC	-0.34464689238073454	18.660385913010735	NA	14.418561286039475	NA
ACC	-0.34464689238073454	18.836427289548574	NA	14.365712948925962	NA
ACC	-0.34464689238073454	19.01246866608641	NA	14.314027837488258	NA
ACC	-0.34464689238073454	19.188510042624248	NA	14.263446388391628	NA
ACC	-0.34464689238073454	19.364551419162083	NA	14.21391181841047	NA
ACC	-0.34464689238073454	19.540592795699922	NA	14.165369995823967	NA
ACC	-0.34464689238073454	19.71663417223776	NA	14.117769317755307	NA
ACC	-0.34464689238073454	19.892675548775596	NA	14.071060593179904	NA
ACC	-0.34464689238073454	20.068716925313435	NA	14.02519693134059	NA
ACC	-0.34464689238073454	20.24475830185127	NA	13.980133635319905	NA
ACC	-0.34464689238073454	20.42079967838911	NA	13.935828100531237	NA
ACC	-0.34464689238073454	20.596841054926944	NA	13.892239717901365	NA
ACC	-0.34464689238073454	20.772882431464783	NA	13.849329781527741	NA
ACC	-0.34464689238073454	20.94892380800262	NA	13.807061400603727	NA
ACC	-0.34464689238073454	21.124965184540457	NA	13.765399415414375	NA
ACC	-0.34464689238073454	21.301006561078292	NA	13.724310317214853	NA
ACC	-0.34464689238073454	21.47704793761613	NA	13.683762171812024	NA
ACC	-0.34464689238073454	21.653089314153966	NA	13.643724546677966	NA
ACC	-0.34464689238073454	21.829130690691805	NA	13.604168441432305	NA
ACC	-0.34464689238073454	22.00517206722964	NA	13.565066221537707	NA
ACC	-0.34464689238073454	22.18121344376748	NA	13.526391555059895	NA
ACC	-0.34464689238073454	22.357254820305315	NA	13.488119352350742	NA
ACC	-0.34464689238073454	22.533296196843153	NA	13.45022570851922	NA
ACC	-0.34464689238073454	22.709337573380992	NA	13.412687848561509	NA
ACC	-0.34464689238073454	22.844646892380734	13.250757456416652	13.384063545310957	1.287011358274444
ACC	-0.34464689238073454	22.885378949918827	NA	13.375484075027215	NA
ACC	-0.34464689238073454	23.061420326456666	NA	13.338593718104674	NA
ACC	-0.34464689238073454	23.2374617029945	NA	13.30199708801339	NA
ACC	-0.34464689238073454	23.41350307953234	NA	13.265675429597103	NA
ACC	-0.34464689238073454	23.589544456070175	NA	13.229610879015699	NA
ACC	-0.34464689238073454	23.765585832608014	NA	13.193786422439091	NA
ACC	-0.34464689238073454	23.94162720914585	NA	13.158185856650418	NA
ACC	-0.34464689238073454	24.11766858568369	NA	13.122793778332708	NA
ACC	-0.34464689238073454	24.293709962221524	NA	13.087595466263682	NA
ACC	-0.34464689238073454	24.469751338759362	NA	13.052576927896467	NA
ACC	-0.34464689238073454	24.645792715297198	NA	13.01772484397011	NA
ACC	-0.34464689238073454	24.821834091835036	NA	12.983026534526322	NA
ACC	-0.34464689238073454	24.99787546837287	NA	12.948469929253417	NA
ACC	-0.34464689238073454	25.17391684491071	NA	12.91404353920108	NA
ACC	-0.34464689238073454	25.349958221448546	NA	12.87973642980284	NA
ACC	-0.34464689238073454	25.525999597986385	NA	12.845538195145748	NA
ACC	-0.34464689238073454	25.702040974524223	NA	12.81143893342956	NA
ACC	-0.34464689238073454	25.87808235106206	NA	12.777429223560596	NA
ACC	-0.34464689238073454	26.054123727599897	NA	12.743500102827683	NA
ACC	-0.34464689238073454	26.230165104137733	NA	12.709643045610278	NA
ACC	-0.34464689238073454	26.40620648067557	NA	12.675849943071052	NA
ACC	-0.34464689238073454	26.582247857213407	NA	12.642113083787386	NA
ACC	-0.34464689238073454	26.758289233751245	NA	12.60842513527847	NA
ACC	-0.34464689238073454	26.93433061028908	NA	12.574779126386543	NA
ACC	-0.34464689238073454	27.11037198682692	NA	12.541168430472784	NA
ACC	-0.34464689238073454	27.286413363364755	NA	12.50758674939052	NA
ACC	-0.34464689238073454	27.462454739902594	NA	12.474028098199064	NA
ACC	-0.34464689238073454	27.63849611644043	NA	12.4404867905849	NA
ACC	-0.34464689238073454	27.814537492978268	NA	12.406957424956918	NA
ACC	-0.34464689238073454	27.844646892380734	11.93754149130288	12.401223519105486	1.1896174610375203
ACC	-0.34464689238073454	27.990578869516103	NA	12.373434871184651	NA
ACC	-0.34464689238073454	28.16662024605394	NA	12.339914257949927	NA
ACC	-0.34464689238073454	28.34266162259178	NA	12.306390960683494	NA
ACC	-0.34464689238073454	28.518702999129616	NA	12.272860590059594	NA
ACC	-0.34464689238073454	28.694744375667455	NA	12.239318981022713	NA
ACC	-0.34464689238073454	28.87078575220529	NA	12.205762182321912	NA
ACC	-0.34464689238073454	29.04682712874313	NA	12.17218644652925	NA
ACC	-0.34464689238073454	29.222868505280964	NA	12.138588220520024	NA
ACC	-0.34464689238073454	29.398909881818803	NA	12.1049641363933	NA
ACC	-0.34464689238073454	29.574951258356638	NA	12.071311002812575	NA
ACC	-0.34464689238073454	29.750992634894477	NA	12.037625796747106	NA
ACC	-0.34464689238073454	29.927034011432312	NA	12.003905655595213	NA
ACC	-0.34464689238073454	30.10307538797015	NA	11.970147869672253	NA
ACC	-0.34464689238073454	30.279116764507986	NA	11.936404270503262	NA
ACC	-0.34464689238073454	30.455158141045825	NA	11.903037773060113	NA
ACC	-0.34464689238073454	30.63119951758366	NA	11.870089826913704	NA
ACC	-0.34464689238073454	30.8072408941215	NA	11.837540573407615	NA
ACC	-0.34464689238073454	30.983282270659338	NA	11.805371074045064	NA
ACC	-0.34464689238073454	31.159323647197173	NA	11.773563267955055	NA
ACC	-0.34464689238073454	31.33536502373501	NA	11.742099931324093	NA
ACC	-0.34464689238073454	31.511406400272847	NA	11.71096463870273	NA
ACC	-0.34464689238073454	31.687447776810686	NA	11.68014172610025	NA
ACC	-0.34464689238073454	31.86348915334852	NA	11.649616255784828	NA
ACC	-0.34464689238073454	32.039530529886356	NA	11.619374005137363	NA
ACC	-0.34464689238073454	32.215571906424195	NA	11.589401382990525	NA
ACC	-0.34464689238073454	32.391613282962034	NA	11.55968541573184	NA
ACC	-0.34464689238073454	32.56765465949987	NA	11.53021375035298	NA
ACC	-0.34464689238073454	32.743696036037704	NA	11.500974607037621	NA
ACC	-0.34464689238073454	32.84464689238074	10.984017425433878	11.484307894568115	1.10923284673891
ACC	-0.34464689238073454	32.91973741257554	NA	11.47195675266221	NA
ACC	-0.34464689238073454	33.09577878911338	NA	11.443149475521482	NA
ACC	-0.34464689238073454	33.27182016565122	NA	11.414542561221811	NA
ACC	-0.34464689238073454	33.44786154218905	NA	11.3861262696888	NA
ACC	-0.34464689238073454	33.62390291872689	NA	11.357891313237287	NA
ACC	-0.34464689238073454	33.79994429526473	NA	11.329828835654942	NA
ACC	-0.34464689238073454	33.97598567180257	NA	11.301930392252377	NA
ACC	-0.34464689238073454	34.15202704834041	NA	11.27418793083533	NA
ACC	-0.34464689238073454	34.32806842487824	NA	11.2465937735561	NA
ACC	-0.34464689238073454	34.50410980141608	NA	11.219140599603781	NA
ACC	-0.34464689238073454	34.68015117795392	NA	11.191821428694434	NA
ACC	-0.34464689238073454	34.856192554491756	NA	11.164629605324237	NA
ACC	-0.34464689238073454	35.03223393102959	NA	11.137558783750361	NA
ACC	-0.34464689238073454	35.208275307567426	NA	11.110602913666023	NA
ACC	-0.34464689238073454	35.384316684105265	NA	11.083756226537453	NA
ACC	-0.34464689238073454	35.560358060643104	NA	11.057013222572408	NA
ACC	-0.34464689238073454	35.736399437180935	NA	11.030368658290856	NA
ACC	-0.34464689238073454	35.912440813718774	NA	11.003817534670151	NA
ACC	-0.34464689238073454	36.08848219025661	NA	10.977355085838045	NA
ACC	-0.34464689238073454	36.26452356679445	NA	10.950976768288264	NA
ACC	-0.34464689238073454	36.440564943332284	NA	10.924678250594527	NA
ACC	-0.34464689238073454	36.61660631987012	NA	10.898455403599897	NA
ACC	-0.34464689238073454	36.79264769640796	NA	10.872304291059589	NA
ACC	-0.34464689238073454	36.9686890729458	NA	10.846221160716224	NA
ACC	-0.34464689238073454	37.14473044948364	NA	10.820202435787543	NA
ACC	-0.34464689238073454	37.32077182602147	NA	10.794244706847527	NA
ACC	-0.34464689238073454	37.49681320255931	NA	10.768344724082786	NA
ACC	-0.34464689238073454	37.67285457909715	NA	10.742499389906802	NA
ACC	-0.34464689238073454	37.84464689238074	10.305401042207809	10.717327748467584	1.0403325146640467
ACC	-0.34464689238073454	37.84889595563499	NA	10.716705751915566	NA
ACC	-0.34464689238073454	38.02493733217282	NA	10.690960996168723	NA
ACC	-0.34464689238073454	38.20097870871066	NA	10.665262440781346	NA
ACC	-0.34464689238073454	38.377020085248496	NA	10.639607529811823	NA
ACC	-0.34464689238073454	38.553061461786335	NA	10.613993827432234	NA
ACC	-0.34464689238073454	38.72910283832417	NA	10.588419012368238	NA
ACC	-0.34464689238073454	38.905144214862005	NA	10.562880872595857	NA
ACC	-0.34464689238073454	39.081185591399844	NA	10.53737730028346	NA
ACC	-0.34464689238073454	39.25722696793768	NA	10.51190628696746	NA
ACC	-0.34464689238073454	39.43326834447552	NA	10.48646591895105	NA
ACC	-0.34464689238073454	39.609309721013354	NA	10.461054372915584	NA
ACC	-0.34464689238073454	39.78535109755119	NA	10.435669911734813	NA
ACC	-0.34464689238073454	39.96139247408903	NA	10.41031088114391	NA
ACC	-0.34464689238073454	40.13743385062687	NA	10.384975706653572	NA
ACC	-0.34464689238073454	40.3134752271647	NA	10.359662883351222	NA
ACC	-0.34464689238073454	40.48951660370254	NA	10.334370980791336	NA
ACC	-0.34464689238073454	40.66555798024038	NA	10.309098636519392	NA
ACC	-0.34464689238073454	40.84159935677822	NA	10.283844552921106	NA
ACC	-0.34464689238073454	41.01764073331605	NA	10.258607494216943	NA
ACC	-0.34464689238073454	41.19368210985389	NA	10.233386283595884	NA
ACC	-0.34464689238073454	41.36972348639173	NA	10.208179800481526	NA
ACC	-0.34464689238073454	41.545764862929566	NA	10.182986977924596	NA
ACC	-0.34464689238073454	41.7218062394674	NA	10.157806800116017	NA
ACC	-0.34464689238073454	41.89784761600524	NA	10.132638300014927	NA
ACC	-0.34464689238073454	42.073888992543075	NA	10.107480557086319	NA
ACC	-0.34464689238073454	42.249930369080914	NA	10.082332695143362	NA
ACC	-0.34464689238073454	42.42597174561875	NA	10.057193880289358	NA
ACC	-0.34464689238073454	42.602013122156585	NA	10.032063318954927	NA
ACC	-0.34464689238073454	42.778054498694424	NA	10.006940256025894	NA
ACC	-0.34464689238073454	42.84464689238074	9.609217453359523	9.997438582435166	0.9806967120621216
ACC	-0.34464689238073454	42.95409587523226	NA	9.981823973057773	NA
ACC	-0.34464689238073454	43.1301372517701	NA	9.956713786572752	NA
ACC	-0.34464689238073454	43.30617862830793	NA	9.931609046435437	NA
ACC	-0.34464689238073454	43.48222000484577	NA	9.906509134303716	NA
ACC	-0.34464689238073454	43.65826138138361	NA	9.881413462151203	NA
ACC	-0.34464689238073454	43.83430275792145	NA	9.856321470858079	NA
ACC	-0.34464689238073454	44.01034413445928	NA	9.831232628866994	NA
ACC	-0.34464689238073454	44.18638551099712	NA	9.806146430901194	NA
ACC	-0.34464689238073454	44.36242688753496	NA	9.781062396741907	NA
ACC	-0.34464689238073454	44.5384682640728	NA	9.755980070062249	NA
ACC	-0.34464689238073454	44.71450964061063	NA	9.730899017315059	NA
ACC	-0.34464689238073454	44.89055101714847	NA	9.705818826672195	NA
ACC	-0.34464689238073454	45.06659239368631	NA	9.680739107012844	NA
ACC	-0.34464689238073454	45.242633770224145	NA	9.65565948695866	NA
ACC	-0.34464689238073454	45.418675146761984	NA	9.630799890759699	NA
ACC	-0.34464689238073454	45.594716523299816	NA	9.606304780633018	NA
ACC	-0.34464689238073454	45.770757899837655	NA	9.582048887763575	NA
ACC	-0.34464689238073454	45.946799276375494	NA	9.558022740899627	NA
ACC	-0.34464689238073454	46.12284065291333	NA	9.534217298954994	NA
ACC	-0.34464689238073454	46.298882029451164	NA	9.510623931166032	NA
ACC	-0.34464689238073454	46.474923405989	NA	9.487234398165434	NA
ACC	-0.34464689238073454	46.65096478252684	NA	9.464040833930529	NA
ACC	-0.34464689238073454	46.82700615906468	NA	9.44103572856549	NA
ACC	-0.34464689238073454	47.00304753560251	NA	9.418211911879155	NA
ACC	-0.34464689238073454	47.17908891214035	NA	9.395562537721522	NA
ACC	-0.34464689238073454	47.35513028867819	NA	9.373081069043907	NA
ACC	-0.34464689238073454	47.53117166521603	NA	9.350761263649371	NA
ACC	-0.34464689238073454	47.70721304175386	NA	9.328597160601431	NA
ACC	-0.34464689238073454	47.84464689238074	9.220973995314704	9.311398514461333	0.9299535001547254
ACC	-0.34464689238073454	47.8832544182917	NA	9.306583067260748	NA
ACC	-0.34464689238073454	48.05929579482954	NA	9.284713564312636	NA
ACC	-0.34464689238073454	48.23533717136738	NA	9.262983444289928	NA
ACC	-0.34464689238073454	48.411378547905215	NA	9.241387743609359	NA
ACC	-0.34464689238073454	48.58741992444305	NA	9.21992172485229	NA
ACC	-0.34464689238073454	48.763461300980886	NA	9.198580862523345	NA
ACC	-0.34464689238073454	48.939502677518725	NA	9.177360833290361	NA
ACC	-0.34464689238073454	49.115544054056564	NA	9.156257506675177	NA
ACC	-0.34464689238073454	49.291585430594395	NA	9.135266936174508	NA
ACC	-0.34464689238073454	49.467626807132234	NA	9.114385350790926	NA
ACC	-0.34464689238073454	49.64366818367007	NA	9.093609146955087	NA
ACC	-0.34464689238073454	49.81970956020791	NA	9.072934880821078	NA
ACC	-0.34464689238073454	49.99575093674574	NA	9.052359260917648	NA
ACC	-0.34464689238073454	50.17179231328358	NA	9.031879141138878	NA
ACC	-0.34464689238073454	50.34783368982142	NA	9.01149151405864	NA
ACC	-0.34464689238073454	50.52387506635926	NA	8.991193504553808	NA
ACC	-0.34464689238073454	50.69991644289709	NA	8.970982363722037	NA
ACC	-0.34464689238073454	50.87595781943493	NA	8.950855463080424	NA
ACC	-0.34464689238073454	51.05199919597277	NA	8.93081028903216	NA
ACC	-0.34464689238073454	51.22804057251061	NA	8.910844437588665	NA
ACC	-0.34464689238073454	51.40408194904845	NA	8.890955609335549	NA
ACC	-0.34464689238073454	51.58012332558628	NA	8.871141604630994	NA
ACC	-0.34464689238073454	51.75616470212412	NA	8.851400319025917	NA
ACC	-0.34464689238073454	51.932206078661956	NA	8.8317297388956	NA
ACC	-0.34464689238073454	52.108247455199795	NA	8.81212793727308	NA
ACC	-0.34464689238073454	52.284288831737626	NA	8.7925930698749	NA
ACC	-0.34464689238073454	52.460330208275465	NA	8.773123371310405	NA
ACC	-0.34464689238073454	52.636371584813304	NA	8.753717151466025	NA
ACC	-0.34464689238073454	52.81241296135114	NA	8.734372792056565	NA
ACC	-0.34464689238073454	52.84464689238074	8.468436504202813	8.730837316440077	0.88530688396593
ACC	-0.34464689238073454	52.988454337888975	NA	8.715088743335674	NA
ACC	-0.34464689238073454	53.16449571442681	NA	8.69586352095821	NA
ACC	-0.34464689238073454	53.34053709096465	NA	8.676695702987423	NA
ACC	-0.34464689238073454	53.51657846750249	NA	8.657583927040363	NA
ACC	-0.34464689238073454	53.69261984404033	NA	8.6385268875650425	NA
ACC	-0.34464689238073454	53.86866122057816	NA	8.619523333243214	NA
ACC	-0.34464689238073454	54.044702597116	NA	8.600572064513127	NA
ACC	-0.34464689238073454	54.22074397365384	NA	8.5816719312066	NA
ACC	-0.34464689238073454	54.39678535019168	NA	8.562821830295164	NA
ACC	-0.34464689238073454	54.57282672672951	NA	8.544020703740113	NA
ACC	-0.34464689238073454	54.74886810326735	NA	8.525267536441929	NA
ACC	-0.34464689238073454	54.92490947980519	NA	8.506561354284251	NA
ACC	-0.34464689238073454	55.100950856343026	NA	8.487901222268091	NA
ACC	-0.34464689238073454	55.27699223288086	NA	8.46928624273216	NA
ACC	-0.34464689238073454	55.453033609418696	NA	8.450715553655348	NA
ACC	-0.34464689238073454	55.629074985956535	NA	8.432188327037405	NA
ACC	-0.34464689238073454	55.805116362494374	NA	8.41370376735441	NA
ACC	-0.34464689238073454	55.981157739032206	NA	8.395261112939465	NA
ACC	-0.34464689238073454	56.157199115570045	NA	8.376859629283665	NA
ACC	-0.34464689238073454	56.33324049210788	NA	8.358498606247522	NA
ACC	-0.34464689238073454	56.50928186864572	NA	8.34017736415502	NA
ACC	-0.34464689238073454	56.68532324518356	NA	8.321895249088046	NA
ACC	-0.34464689238073454	56.86136462172139	NA	8.303651631722959	NA
ACC	-0.34464689238073454	57.03740599825923	NA	8.285445906220739	NA
ACC	-0.34464689238073454	57.21344737479707	NA	8.267277489168285	NA
ACC	-0.34464689238073454	57.38948875133491	NA	8.249145818568564	NA
ACC	-0.34464689238073454	57.56553012787274	NA	8.231050352877245	NA
ACC	-0.34464689238073454	57.74157150441058	NA	8.212990570083747	NA
ACC	-0.34464689238073454	57.84464689238074	8.194359170771708	8.202432605398553	0.8456200491680635
ACC	-0.34464689238073454	57.91761288094842	NA	8.19496596683466	NA
ACC	-0.34464689238073454	58.09365425748626	NA	8.176976057597473	NA
ACC	-0.34464689238073454	58.26969563402409	NA	8.15902037386293	NA
ACC	-0.34464689238073454	58.44573701056193	NA	8.141098463384026	NA
ACC	-0.34464689238073454	58.621778387099766	NA	8.123209889450104	NA
ACC	-0.34464689238073454	58.797819763637605	NA	8.105354230194356	NA
ACC	-0.34464689238073454	58.97386114017544	NA	8.087531077933207	NA
ACC	-0.34464689238073454	59.149902516713276	NA	8.06974003853612	NA
ACC	-0.34464689238073454	59.325943893251115	NA	8.051980730824376	NA
ACC	-0.34464689238073454	59.50198526978895	NA	8.034252785997536	NA
ACC	-0.34464689238073454	59.67802664632679	NA	8.0165558470863	NA
ACC	-0.34464689238073454	59.854068022864624	NA	7.998889568430504	NA
ACC	-0.34464689238073454	60.03010939940246	NA	7.981253615181138	NA
ACC	-0.34464689238073454	60.2061507759403	NA	7.963702274172255	NA
ACC	-0.34464689238073454	60.38219215247814	NA	7.946316973362664	NA
ACC	-0.34464689238073454	60.55823352901597	NA	7.929065083386444	NA
ACC	-0.34464689238073454	60.73427490555381	NA	7.911942333268076	NA
ACC	-0.34464689238073454	60.91031628209165	NA	7.8949446404072265	NA
ACC	-0.34464689238073454	61.08635765862949	NA	7.878068101916282	NA
ACC	-0.34464689238073454	61.26239903516732	NA	7.861308986358065	NA
ACC	-0.34464689238073454	61.43844041170516	NA	7.844663725865094	NA
ACC	-0.34464689238073454	61.614481788243	NA	7.828128908622849	NA
ACC	-0.34464689238073454	61.790523164780836	NA	7.811701271700211	NA
ACC	-0.34464689238073454	61.966564541318675	NA	7.795377694211012	NA
ACC	-0.34464689238073454	62.14260591785651	NA	7.779155190791367	NA
ACC	-0.34464689238073454	62.318647294394346	NA	7.763030905378275	NA
ACC	-0.34464689238073454	62.494688670932184	NA	7.747002105275536	NA
ACC	-0.34464689238073454	62.67073004747002	NA	7.7310661754936385	NA
ACC	-0.34464689238073454	62.84464689238074	7.995766899906477	7.715411340428312	0.8117140878636057
ACC	-0.34464689238073454	62.846771424007855	NA	7.715220613351054	NA
ACC	-0.34464689238073454	63.022812800545694	NA	7.6994630233248476	NA
ACC	-0.34464689238073454	63.19885417708353	NA	7.683791112138977	NA
ACC	-0.34464689238073454	63.37489555362137	NA	7.668202684079463	NA
ACC	-0.34464689238073454	63.5509369301592	NA	7.652695636525824	NA
ACC	-0.34464689238073454	63.72697830669704	NA	7.637267955688799	NA
ACC	-0.34464689238073454	63.90301968323488	NA	7.6219177135929135	NA
ACC	-0.34464689238073454	64.07906105977271	NA	7.6066430712407405	NA
ACC	-0.34464689238073454	64.25510243631055	NA	7.591442246984087	NA
ACC	-0.34464689238073454	64.43114381284839	NA	7.576313543569791	NA
ACC	-0.34464689238073454	64.60718518938623	NA	7.5612553340387025	NA
ACC	-0.34464689238073454	64.78322656592407	NA	7.546266058515949	NA
ACC	-0.34464689238073454	64.9592679424619	NA	7.531344221149339	NA
ACC	-0.34464689238073454	65.13530931899975	NA	7.516488387189037	NA
ACC	-0.34464689238073454	65.31135069553758	NA	7.501697180202045	NA
ACC	-0.34464689238073454	65.48739207207541	NA	7.486969279415202	NA
ACC	-0.34464689238073454	65.66343344861325	NA	7.472303417180777	NA
ACC	-0.34464689238073454	65.83947482515109	NA	7.457698376559053	NA
ACC	-0.34464689238073454	66.01551620168892	NA	7.443152989012368	NA
ACC	-0.34464689238073454	66.19155757822676	NA	7.428666132205624	NA
ACC	-0.34464689238073454	66.3675989547646	NA	7.414236727908188	NA
ACC	-0.34464689238073454	66.54364033130244	NA	7.399863739992621	NA
ACC	-0.34464689238073454	66.71968170784028	NA	7.385546172525692	NA
ACC	-0.34464689238073454	66.8957230843781	NA	7.371283067947431	NA
ACC	-0.34464689238073454	67.07176446091594	NA	7.357073505334182	NA
ACC	-0.34464689238073454	67.24780583745378	NA	7.34291659874173	NA
ACC	-0.34464689238073454	67.42384721399162	NA	7.328811495624821	NA
ACC	-0.34464689238073454	67.59988859052946	NA	7.314757375329541	NA
ACC	-0.34464689238073454	67.7759299670673	NA	7.300753447655279	NA
ACC	-0.34464689238073454	67.84464689238074	7.482418420309826	7.295300517401258	0.7789040092418946
ACC	-0.34464689238073454	67.95197134360514	NA	7.286798951482796	NA
ACC	-0.34464689238073454	68.12801272014298	NA	7.272893153465707	NA
ACC	-0.34464689238073454	68.30405409668082	NA	7.259035346782159	NA
ACC	-0.34464689238073454	68.48009547321864	NA	7.2452248499440755	NA
ACC	-0.34464689238073454	68.65613684975648	NA	7.231461005661217	NA
ACC	-0.34464689238073454	68.83217822629432	NA	7.217743179757635	NA
ACC	-0.34464689238073454	69.00821960283216	NA	7.204070760137977	NA
ACC	-0.34464689238073454	69.18426097937	NA	7.190443155801403	NA
ACC	-0.34464689238073454	69.36030235590783	NA	7.176859795900931	NA
ACC	-0.34464689238073454	69.53634373244567	NA	7.163320128846103	NA
ACC	-0.34464689238073454	69.71238510898351	NA	7.149823621446886	NA
ACC	-0.34464689238073454	69.88842648552134	NA	7.136369758097057	NA
ACC	-0.34464689238073454	70.06446786205917	NA	7.122958039995123	NA
ACC	-0.34464689238073454	70.24050923859701	NA	7.109587984401079	NA
ACC	-0.34464689238073454	70.41655061513485	NA	7.0962591239273625	NA
ACC	-0.34464689238073454	70.59259199167269	NA	7.082971005862439	NA
ACC	-0.34464689238073454	70.76863336821053	NA	7.06972319152546	NA
ACC	-0.34464689238073454	70.94467474474837	NA	7.056515255650579	NA
ACC	-0.34464689238073454	71.12071612128621	NA	7.043346785799617	NA
ACC	-0.34464689238073454	71.29675749782405	NA	7.030217381801653	NA
ACC	-0.34464689238073454	71.47279887436187	NA	7.0171266552183935	NA
ACC	-0.34464689238073454	71.64884025089971	NA	7.004074228834074	NA
ACC	-0.34464689238073454	71.82488162743755	NA	6.991059736168816	NA
ACC	-0.34464689238073454	72.00092300397539	NA	6.978082825144143	NA
ACC	-0.34464689238073454	72.17696438051323	NA	6.965143146710467	NA
ACC	-0.34464689238073454	72.35300575705106	NA	6.952240362334832	NA
ACC	-0.34464689238073454	72.5290471335889	NA	6.93937414404963	NA
ACC	-0.34464689238073454	72.70508851012674	NA	6.926544172504722	NA
ACC	-0.34464689238073454	72.84464689238074	7.073373391708994	6.916398664099706	0.7499645091505566
ACC	-0.34464689238073454	72.88112988666457	NA	6.913750136600247	NA
ACC	-0.34464689238073454	73.0571712632024	NA	6.900991733136243	NA
ACC	-0.34464689238073454	73.23321263974024	NA	6.888268666478399	NA
ACC	-0.34464689238073454	73.40925401627808	NA	6.875580648238965	NA
ACC	-0.34464689238073454	73.58529539281592	NA	6.862927396972397	NA
ACC	-0.34464689238073454	73.76133676935376	NA	6.850308637884819	NA
ACC	-0.34464689238073454	73.9373781458916	NA	6.837724102556844	NA
ACC	-0.34464689238073454	74.11341952242944	NA	6.825173528679019	NA
ACC	-0.34464689238073454	74.28946089896728	NA	6.812656659799364	NA
ACC	-0.34464689238073454	74.4655022755051	NA	6.800173245082427	NA
ACC	-0.34464689238073454	74.64154365204294	NA	6.787723039079348	NA
ACC	-0.34464689238073454	74.81758502858078	NA	6.775305801508394	NA
ACC	-0.34464689238073454	74.99362640511862	NA	6.7629212970455095	NA
ACC	-0.34464689238073454	75.16966778165646	NA	6.750569295124395	NA
ACC	-0.34464689238073454	75.3457091581943	NA	6.738249569745681	NA
ACC	-0.34464689238073454	75.52175053473213	NA	6.7259618992947905	NA
ACC	-0.34464689238073454	75.69779191126997	NA	6.713706066368111	NA
ACC	-0.34464689238073454	75.8738332878078	NA	6.701481857606998	NA
ACC	-0.34464689238073454	76.04987466434564	NA	6.6892890635393565	NA
ACC	-0.34464689238073454	76.22591604088348	NA	6.677127478428408	NA
ACC	-0.34464689238073454	76.40195741742131	NA	6.664996900128301	NA
ACC	-0.34464689238073454	76.57799879395915	NA	6.652897129946273	NA
ACC	-0.34464689238073454	76.75404017049699	NA	6.640827972511006	NA
ACC	-0.34464689238073454	76.93008154703483	NA	6.628789235647002	NA
ACC	-0.34464689238073454	77.10612292357267	NA	6.616780730254574	NA
ACC	-0.34464689238073454	77.28216430011051	NA	6.60480227019527	NA
ACC	-0.34464689238073454	77.45820567664833	NA	6.5928536721824935	NA
ACC	-0.34464689238073454	77.63424705318617	NA	6.580934755676955	NA
ACC	-0.34464689238073454	77.81028842972401	NA	6.569045342786959	NA
ACC	-0.34464689238073454	77.84464689238074	6.98171303988752	6.566728269766142	0.7251953667779288
ACC	-0.34464689238073454	77.98632980626185	NA	6.557185258173051	NA
ACC	-0.34464689238073454	78.16237118279969	NA	6.545354328957012	NA
ACC	-0.34464689238073454	78.33841255933753	NA	6.5335523846348975	NA
ACC	-0.34464689238073454	78.51445393587537	NA	6.521779256993991	NA
ACC	-0.34464689238073454	78.6904953124132	NA	6.510034780033437	NA
ACC	-0.34464689238073454	78.86653668895104	NA	6.498318789888474	NA
ACC	-0.34464689238073454	79.04257806548887	NA	6.4866311247579445	NA
ACC	-0.34464689238073454	79.21861944202671	NA	6.474971624835149	NA
ACC	-0.34464689238073454	79.39466081856455	NA	6.463340132241691	NA
ACC	-0.34464689238073454	79.57070219510238	NA	6.45173649096427	NA
ACC	-0.34464689238073454	79.74674357164022	NA	6.440160546794284	NA
ACC	-0.34464689238073454	79.92278494817806	NA	6.428612148789438	NA
ACC	-0.34464689238073454	80.0988263247159	NA	6.417091147288442	NA
ACC	-0.34464689238073454	80.27486770125374	NA	6.40559739048771	NA
ACC	-0.34464689238073454	80.45090907779156	NA	6.3941307308456965	NA
ACC	-0.34464689238073454	80.6269504543294	NA	6.382691022361177	NA
ACC	-0.34464689238073454	80.80299183086724	NA	6.371278120527125	NA
ACC	-0.34464689238073454	80.97903320740508	NA	6.359891882286597	NA
ACC	-0.34464689238073454	81.15507458394292	NA	6.34853216599058	NA
ACC	-0.34464689238073454	81.33111596048076	NA	6.3371988313576	NA
ACC	-0.34464689238073454	81.5071573370186	NA	6.325891739435117	NA
ACC	-0.34464689238073454	81.68319871355644	NA	6.314610752562632	NA
ACC	-0.34464689238073454	81.85924009009427	NA	6.3033557343362725	NA
ACC	-0.34464689238073454	82.0352814666321	NA	6.292126549574989	NA
ACC	-0.34464689238073454	82.21132284316994	NA	6.280923064288175	NA
ACC	-0.34464689238073454	82.38736421970778	NA	6.269745145644667	NA
ACC	-0.34464689238073454	82.56340559624562	NA	6.2585926619430445	NA
ACC	-0.34464689238073454	82.73944697278345	NA	6.247465482583227	NA
ACC	-0.34464689238073454	82.84464689238074	6.719604517331566	6.240828058941216	0.7021197486030172
ACC	-0.34464689238073454	82.9154883493213	NA	6.236363478039243	NA
ACC	-0.34464689238073454	83.09152972585913	NA	6.225286519833127	NA
ACC	-0.34464689238073454	83.26757110239697	NA	6.2142344805099805	NA
ACC	-0.34464689238073454	83.4436124789348	NA	6.203207233613985	NA
ACC	-0.34464689238073454	83.61965385547263	NA	6.19220465366549	NA
ACC	-0.34464689238073454	83.79569523201047	NA	6.181226616138993	NA
ACC	-0.34464689238073454	83.97173660854831	NA	6.170272997442057	NA
ACC	-0.34464689238073454	84.14777798508615	NA	6.159343674895095	NA
ACC	-0.34464689238073454	84.32381936162399	NA	6.148438526711968	NA
ACC	-0.34464689238073454	84.49986073816183	NA	6.137557431981364	NA
ACC	-0.34464689238073454	84.67590211469967	NA	6.126700270648952	NA
ACC	-0.34464689238073454	84.8519434912375	NA	6.115866923500238	NA
ACC	-0.34464689238073454	85.02798486777533	NA	6.105057272144109	NA
ACC	-0.34464689238073454	85.20402624431317	NA	6.0942711989970375	NA
ACC	-0.34464689238073454	85.38006762085101	NA	6.0835085872679056	NA
ACC	-0.34464689238073454	85.55610899738885	NA	6.072769320943422	NA
ACC	-0.34464689238073454	85.73215037392669	NA	6.062053284774112	NA
ACC	-0.34464689238073454	85.90819175046452	NA	6.051360364260856	NA
ACC	-0.34464689238073454	86.08423312700236	NA	6.040690445641925	NA
ACC	-0.34464689238073454	86.2602745035402	NA	6.030043415880557	NA
ACC	-0.34464689238073454	86.43631588007803	NA	6.019419162652944	NA
ACC	-0.34464689238073454	86.61235725661587	NA	6.008817574336723	NA
ACC	-0.34464689238073454	86.7883986331537	NA	5.998238539999884	NA
ACC	-0.34464689238073454	86.96444000969154	NA	5.987681949390047	NA
ACC	-0.34464689238073454	87.14048138622938	NA	5.977147692924212	NA
ACC	-0.34464689238073454	87.31652276276722	NA	5.966635661678828	NA
ACC	-0.34464689238073454	87.49256413930506	NA	5.956145747380217	NA
ACC	-0.34464689238073454	87.6686055158429	NA	5.945677842395383	NA
ACC	-0.34464689238073454	87.84464689238074	6.457312210762858	5.9352045407962395	0.6823460271913812
Amygdala	-0.34464689238073454	0	0	-1.8895272966275883e-14	0
Amygdala	-0.34464689238073454	0.17604137653783714	NA	2.3093733910325427e-5	NA
Amygdala	-0.34464689238073454	0.35208275307567427	NA	5.44445077139842e-5	NA
Amygdala	-0.34464689238073454	0.5281241296135114	NA	4.2573963458400786e-4	NA
Amygdala	-0.34464689238073454	0.5946468923807345	0.00308202609332763	6.581870667103111e-4	0.4979955609317893
Amygdala	-0.34464689238073454	0.7041655061513485	NA	0.0011129486971942644	NA
Amygdala	-0.34464689238073454	0.8802068826891857	NA	0.20853700213308543	NA
Amygdala	-0.34464689238073454	1.0562482592270228	NA	1.3602577275117231	NA
Amygdala	-0.34464689238073454	1.0946468923807346	0.9706718919583532	1.6534894602527266	0.5935966379574875
Amygdala	-0.34464689238073454	1.23228963576486	NA	2.8593011981950975	NA
Amygdala	-0.34464689238073454	1.408331012302697	NA	4.763115810391572	NA
Amygdala	-0.34464689238073454	1.584372388840534	NA	6.799975349547039	NA
Amygdala	-0.34464689238073454	1.5946468923807346	6.923809407813409	6.909409784573037	0.7747364380991829
Amygdala	-0.34464689238073454	1.7604137653783714	NA	8.713865143523538	NA
Amygdala	-0.34464689238073454	1.9364551419162086	NA	10.871559581916692	NA
Amygdala	-0.34464689238073454	2.0946468923807346	13.981108357063537	13.046835556671011	0.9046305710011072
Amygdala	-0.34464689238073454	2.1124965184540456	NA	13.303102857065948	NA
Amygdala	-0.34464689238073454	2.2885378949918826	NA	15.947393792796985	NA
Amygdala	-0.34464689238073454	2.46457927152972	NA	18.789048297406943	NA
Amygdala	-0.34464689238073454	2.5946468923807346	21.51526809042234	20.641837519201154	1.0084564834937169
Amygdala	-0.34464689238073454	2.640620648067557	NA	21.27671594805922	NA
Amygdala	-0.34464689238073454	2.816662024605394	NA	23.6437907860655	NA
Amygdala	-0.34464689238073454	2.992703401143231	NA	24.738433326538075	NA
Amygdala	-0.34464689238073454	3.0946468923807346	25.333856987194036	24.90092093156496	1.05184710143084
Amygdala	-0.34464689238073454	3.168744777681068	NA	24.949058113581906	NA
Amygdala	-0.34464689238073454	3.3447861542189057	NA	25.404177743567384	NA
Amygdala	-0.34464689238073454	3.5208275307567427	NA	25.595060911936386	NA
Amygdala	-0.34464689238073454	3.6968689072945797	NA	25.77482617565324	NA
Amygdala	-0.34464689238073454	3.8446468923807346	25.898338286509265	25.95384376401607	1.2771234363638424
Amygdala	-0.34464689238073454	3.872910283832417	NA	25.983005522199026	NA
Amygdala	-0.34464689238073454	4.048951660370254	NA	26.12850808947932	NA
Amygdala	-0.34464689238073454	4.224993036908091	NA	26.21273963234285	NA
Amygdala	-0.34464689238073454	4.401034413445928	NA	26.237066177040703	NA
Amygdala	-0.34464689238073454	4.577075789983765	NA	26.202815213301818	NA
Amygdala	-0.34464689238073454	4.753117166521602	NA	26.11127685017511	NA
Amygdala	-0.34464689238073454	4.844646892380735	25.35881057851074	26.041485270294146	1.2409533465925953
Amygdala	-0.34464689238073454	4.92915854305944	NA	25.963704936742392	NA
Amygdala	-0.34464689238073454	5.105199919597277	NA	25.7613181487728	NA
Amygdala	-0.34464689238073454	5.281241296135114	NA	25.50530104235648	NA
Amygdala	-0.34464689238073454	5.457282672672951	NA	25.280448818947338	NA
Amygdala	-0.34464689238073454	5.633324049210788	NA	25.075043855264923	NA
Amygdala	-0.34464689238073454	5.809365425748625	NA	24.871515378359067	NA
Amygdala	-0.34464689238073454	5.844646892380735	24.09041090580837	24.830941078589277	1.1990027673150705
Amygdala	-0.34464689238073454	5.985406802286462	NA	24.66975942301633	NA
Amygdala	-0.34464689238073454	6.161448178824299	NA	24.46967548515634	NA
Amygdala	-0.34464689238073454	6.337489555362136	NA	24.271166414471516	NA
Amygdala	-0.34464689238073454	6.513530931899974	NA	24.07413831035242	NA
Amygdala	-0.34464689238073454	6.689572308437811	NA	23.878500420997934	NA
Amygdala	-0.34464689238073454	6.865613684975648	NA	23.68416504561365	NA
Amygdala	-0.34464689238073454	7.041655061513485	NA	23.491047439603737	NA
Amygdala	-0.34464689238073454	7.217696438051322	NA	23.29906572266521	NA
Amygdala	-0.34464689238073454	7.344646892380735	22.7776609973844	23.161280932519592	1.4086112960853336
Amygdala	-0.34464689238073454	7.3937378145891595	NA	23.108140789695994	NA
Amygdala	-0.34464689238073454	7.5697791911269965	NA	22.91819622443068	NA
Amygdala	-0.34464689238073454	7.745820567664834	NA	22.729158215721053	NA
Amygdala	-0.34464689238073454	7.921861944202671	NA	22.540955476380358	NA
Amygdala	-0.34464689238073454	8.097903320740508	NA	22.353519232439243	NA
Amygdala	-0.34464689238073454	8.273944697278345	NA	22.16678296593447	NA
Amygdala	-0.34464689238073454	8.449986073816182	NA	21.98068245763212	NA
Amygdala	-0.34464689238073454	8.62602745035402	NA	21.795155754198372	NA
Amygdala	-0.34464689238073454	8.802068826891857	NA	21.6101430562432	NA
Amygdala	-0.34464689238073454	8.978110203429694	NA	21.4255866509871	NA
Amygdala	-0.34464689238073454	9.15415157996753	NA	21.24143084699166	NA
Amygdala	-0.34464689238073454	9.330192956505368	NA	21.05762191089067	NA
Amygdala	-0.34464689238073454	9.344646892380734	21.42599202051022	21.042544004636916	1.3144617490295751
Amygdala	-0.34464689238073454	9.506234333043205	NA	20.87410800606096	NA
Amygdala	-0.34464689238073454	9.682275709581042	NA	20.690839133173544	NA
Amygdala	-0.34464689238073454	9.85831708611888	NA	20.507767072567727	NA
Amygdala	-0.34464689238073454	10.034358462656717	NA	20.324845328392637	NA
Amygdala	-0.34464689238073454	10.210399839194555	NA	20.142040608044645	NA
Amygdala	-0.34464689238073454	10.386441215732392	NA	19.968219651926695	NA
Amygdala	-0.34464689238073454	10.562482592270229	NA	19.79945352750662	NA
Amygdala	-0.34464689238073454	10.738523968808066	NA	19.63472033432731	NA
Amygdala	-0.34464689238073454	10.914565345345903	NA	19.47389117976441	NA
Amygdala	-0.34464689238073454	11.09060672188374	NA	19.31684113872609	NA
Amygdala	-0.34464689238073454	11.266648098421577	NA	19.163449132426702	NA
Amygdala	-0.34464689238073454	11.442689474959414	NA	19.01359781085903	NA
Amygdala	-0.34464689238073454	11.61873085149725	NA	18.86717343885202	NA
Amygdala	-0.34464689238073454	11.794772228035088	NA	18.72406578560496	NA
Amygdala	-0.34464689238073454	11.970813604572925	NA	18.584168017591903	NA
Amygdala	-0.34464689238073454	12.146854981110762	NA	18.447376594733534	NA
Amygdala	-0.34464689238073454	12.322896357648599	NA	18.313591169736856	NA
Amygdala	-0.34464689238073454	12.498937734186436	NA	18.18271449050614	NA
Amygdala	-0.34464689238073454	12.674979110724273	NA	18.05465230553139	NA
Amygdala	-0.34464689238073454	12.844646892380734	18.486037040722728	17.93380382790942	1.60001642972666
Amygdala	-0.34464689238073454	12.851020487262112	NA	17.929313272163476	NA
Amygdala	-0.34464689238073454	13.027061863799949	NA	17.80660886768806	NA
Amygdala	-0.34464689238073454	13.203103240337786	NA	17.686453303112696	NA
Amygdala	-0.34464689238073454	13.379144616875623	NA	17.568763439584632	NA
Amygdala	-0.34464689238073454	13.55518599341346	NA	17.45345870735882	NA
Amygdala	-0.34464689238073454	13.731227369951297	NA	17.34046102723865	NA
Amygdala	-0.34464689238073454	13.907268746489134	NA	17.229694734413517	NA
Amygdala	-0.34464689238073454	14.08331012302697	NA	17.121086504620674	NA
Amygdala	-0.34464689238073454	14.259351499564808	NA	17.014565282560152	NA
Amygdala	-0.34464689238073454	14.435392876102645	NA	16.910062212494044	NA
Amygdala	-0.34464689238073454	14.611434252640482	NA	16.807510570963554	NA
Amygdala	-0.34464689238073454	14.787475629178319	NA	16.706845701559352	NA
Amygdala	-0.34464689238073454	14.963517005716156	NA	16.60800495168238	NA
Amygdala	-0.34464689238073454	15.139558382253993	NA	16.510927611234568	NA
Amygdala	-0.34464689238073454	15.31559975879183	NA	16.41555485318056	NA
Amygdala	-0.34464689238073454	15.491641135329669	NA	16.319980121481617	NA
Amygdala	-0.34464689238073454	15.667682511867506	NA	16.226244299753336	NA
Amygdala	-0.34464689238073454	15.843723888405343	NA	16.134338761842113	NA
Amygdala	-0.34464689238073454	16.019765264943178	NA	16.04420523893414	NA
Amygdala	-0.34464689238073454	16.195806641481017	NA	15.955787294052998	NA
Amygdala	-0.34464689238073454	16.371848018018852	NA	15.869029926221565	NA
Amygdala	-0.34464689238073454	16.54788939455669	NA	15.783880017849354	NA
Amygdala	-0.34464689238073454	16.723930771094526	NA	15.70028608666302	NA
Amygdala	-0.34464689238073454	16.899972147632365	NA	15.618198235738223	NA
Amygdala	-0.34464689238073454	17.076013524170204	NA	15.537568105056167	NA
Amygdala	-0.34464689238073454	17.25205490070804	NA	15.458348824537994	NA
Amygdala	-0.34464689238073454	17.428096277245878	NA	15.380494968512071	NA
Amygdala	-0.34464689238073454	17.604137653783713	NA	15.303962511570528	NA
Amygdala	-0.34464689238073454	17.780179030321552	NA	15.228708785772604	NA
Amygdala	-0.34464689238073454	17.844646892380734	15.525358441019389	15.201462140398077	1.4105531070786514
Amygdala	-0.34464689238073454	17.956220406859387	NA	15.154692439153672	NA
Amygdala	-0.34464689238073454	18.132261783397226	NA	15.081873395500322	NA
Amygdala	-0.34464689238073454	18.30830315993506	NA	15.01021281535261	NA
Amygdala	-0.34464689238073454	18.4843445364729	NA	14.939673058196302	NA
Amygdala	-0.34464689238073454	18.660385913010735	NA	14.870217645808603	NA
Amygdala	-0.34464689238073454	18.836427289548574	NA	14.80181122672238	NA
Amygdala	-0.34464689238073454	19.01246866608641	NA	14.73441954177465	NA
Amygdala	-0.34464689238073454	19.188510042624248	NA	14.668009390706246	NA
Amygdala	-0.34464689238073454	19.364551419162083	NA	14.60254859978067	NA
Amygdala	-0.34464689238073454	19.540592795699922	NA	14.538005990391065	NA
Amygdala	-0.34464689238073454	19.71663417223776	NA	14.474351348625039	NA
Amygdala	-0.34464689238073454	19.892675548775596	NA	14.411555395758295	NA
Amygdala	-0.34464689238073454	20.068716925313435	NA	14.349589759648559	NA
Amygdala	-0.34464689238073454	20.24475830185127	NA	14.288426947002545	NA
Amygdala	-0.34464689238073454	20.42079967838911	NA	14.228040316489132	NA
Amygdala	-0.34464689238073454	20.596841054926944	NA	14.168404052673104	NA
Amygdala	-0.34464689238073454	20.772882431464783	NA	14.109493140744297	NA
Amygdala	-0.34464689238073454	20.94892380800262	NA	14.051283342018012	NA
Amygdala	-0.34464689238073454	21.124965184540457	NA	13.993751170183044	NA
Amygdala	-0.34464689238073454	21.301006561078292	NA	13.936873868274642	NA
Amygdala	-0.34464689238073454	21.47704793761613	NA	13.880629386350211	NA
Amygdala	-0.34464689238073454	21.653089314153966	NA	13.824996359846354	NA
Amygdala	-0.34464689238073454	21.829130690691805	NA	13.769954088596434	NA
Amygdala	-0.34464689238073454	22.00517206722964	NA	13.715482516488581	NA
Amygdala	-0.34464689238073454	22.18121344376748	NA	13.661562211744549	NA
Amygdala	-0.34464689238073454	22.357254820305315	NA	13.608174347800507	NA
Amygdala	-0.34464689238073454	22.533296196843153	NA	13.555300684771368	NA
Amygdala	-0.34464689238073454	22.709337573380992	NA	13.502923551480942	NA
Amygdala	-0.34464689238073454	22.844646892380734	13.68687298362569	13.462991985290762	1.287011358274444
Amygdala	-0.34464689238073454	22.885378949918827	NA	13.451025828040565	NA
Amygdala	-0.34464689238073454	23.061420326456666	NA	13.399590928959535	NA
Amygdala	-0.34464689238073454	23.2374617029945	NA	13.348602786771062	NA
Amygdala	-0.34464689238073454	23.41350307953234	NA	13.298045836158114	NA
Amygdala	-0.34464689238073454	23.589544456070175	NA	13.247904998563826	NA
Amygdala	-0.34464689238073454	23.765585832608014	NA	13.198165667271681	NA
Amygdala	-0.34464689238073454	23.94162720914585	NA	13.148813692941236	NA
Amygdala	-0.34464689238073454	24.11766858568369	NA	13.099835419552104	NA
Amygdala	-0.34464689238073454	24.293709962221524	NA	13.051217522168194	NA
Amygdala	-0.34464689238073454	24.469751338759362	NA	13.002947136144131	NA
Amygdala	-0.34464689238073454	24.645792715297198	NA	12.955011805809432	NA
Amygdala	-0.34464689238073454	24.821834091835036	NA	12.90739946690128	NA
Amygdala	-0.34464689238073454	24.99787546837287	NA	12.860098434556038	NA
Amygdala	-0.34464689238073454	25.17391684491071	NA	12.81309739166732	NA
Amygdala	-0.34464689238073454	25.349958221448546	NA	12.766385377599637	NA
Amygdala	-0.34464689238073454	25.525999597986385	NA	12.719951777246605	NA
Amygdala	-0.34464689238073454	25.702040974524223	NA	12.673786310423313	NA
Amygdala	-0.34464689238073454	25.87808235106206	NA	12.627879021582675	NA
Amygdala	-0.34464689238073454	26.054123727599897	NA	12.58222026984576	NA
Amygdala	-0.34464689238073454	26.230165104137733	NA	12.53680071933664	NA
Amygdala	-0.34464689238073454	26.40620648067557	NA	12.491611329812406	NA
Amygdala	-0.34464689238073454	26.582247857213407	NA	12.446643347579377	NA
Amygdala	-0.34464689238073454	26.758289233751245	NA	12.401888296686758	NA
Amygdala	-0.34464689238073454	26.93433061028908	NA	12.357337970389283	NA
Amygdala	-0.34464689238073454	27.11037198682692	NA	12.31298442287058	NA
Amygdala	-0.34464689238073454	27.286413363364755	NA	12.268819961219611	NA
Amygdala	-0.34464689238073454	27.462454739902594	NA	12.224837137651738	NA
Amygdala	-0.34464689238073454	27.63849611644043	NA	12.18102874196793	NA
Amygdala	-0.34464689238073454	27.814537492978268	NA	12.137387794244066	NA
Amygdala	-0.34464689238073454	27.844646892380734	11.977482724139804	12.129939899762736	1.1896174610375203
Amygdala	-0.34464689238073454	27.990578869516103	NA	12.09390753774369	NA
Amygdala	-0.34464689238073454	28.16662024605394	NA	12.050581432047261	NA
Amygdala	-0.34464689238073454	28.34266162259178	NA	12.007403146391393	NA
Amygdala	-0.34464689238073454	28.518702999129616	NA	11.964366553211578	NA
Amygdala	-0.34464689238073454	28.694744375667455	NA	11.921465721882265	NA
Amygdala	-0.34464689238073454	28.87078575220529	NA	11.878694912648188	NA
Amygdala	-0.34464689238073454	29.04682712874313	NA	11.83604857074124	NA
Amygdala	-0.34464689238073454	29.222868505280964	NA	11.793521320677101	NA
Amygdala	-0.34464689238073454	29.398909881818803	NA	11.751107960726141	NA
Amygdala	-0.34464689238073454	29.574951258356638	NA	11.708803457553445	NA
Amygdala	-0.34464689238073454	29.750992634894477	NA	11.666602941022557	NA
Amygdala	-0.34464689238073454	29.927034011432312	NA	11.624501699158172	NA
Amygdala	-0.34464689238073454	30.10307538797015	NA	11.582495173262757	NA
Amygdala	-0.34464689238073454	30.279116764507986	NA	11.54059578137565	NA
Amygdala	-0.34464689238073454	30.455158141045825	NA	11.499047185727592	NA
Amygdala	-0.34464689238073454	30.63119951758366	NA	11.457890113563124	NA
Amygdala	-0.34464689238073454	30.8072408941215	NA	11.417113668001026	NA
Amygdala	-0.34464689238073454	30.983282270659338	NA	11.37670727799991	NA
Amygdala	-0.34464689238073454	31.159323647197173	NA	11.336660688461238	NA
Amygdala	-0.34464689238073454	31.33536502373501	NA	11.296963950634021	NA
Amygdala	-0.34464689238073454	31.511406400272847	NA	11.257607412811927	NA
Amygdala	-0.34464689238073454	31.687447776810686	NA	11.21858171131375	NA
Amygdala	-0.34464689238073454	31.86348915334852	NA	11.179877761738775	NA
Amygdala	-0.34464689238073454	32.039530529886356	NA	11.141486775810822	NA
Amygdala	-0.34464689238073454	32.215571906424195	NA	11.103400196341498	NA
Amygdala	-0.34464689238073454	32.391613282962034	NA	11.065609705347216	NA
Amygdala	-0.34464689238073454	32.56765465949987	NA	11.028107253419734	NA
Amygdala	-0.34464689238073454	32.743696036037704	NA	10.990885030541433	NA
Amygdala	-0.34464689238073454	32.84464689238074	10.658063491000574	10.969663356755179	1.10923284673891
Amygdala	-0.34464689238073454	32.91973741257554	NA	10.953935458822553	NA
Amygdala	-0.34464689238073454	33.09577878911338	NA	10.917251185459522	NA
Amygdala	-0.34464689238073454	33.27182016565122	NA	10.880825075907945	NA
Amygdala	-0.34464689238073454	33.44786154218905	NA	10.844650207263479	NA
Amygdala	-0.34464689238073454	33.62390291872689	NA	10.80871986184432	NA
Amygdala	-0.34464689238073454	33.79994429526473	NA	10.773027520969281	NA
Amygdala	-0.34464689238073454	33.97598567180257	NA	10.737566858925295	NA
Amygdala	-0.34464689238073454	34.15202704834041	NA	10.702331737118696	NA
Amygdala	-0.34464689238073454	34.32806842487824	NA	10.667316198404633	NA
Amygdala	-0.34464689238073454	34.50410980141608	NA	10.632514461589246	NA
Amygdala	-0.34464689238073454	34.68015117795392	NA	10.597920916099207	NA
Amygdala	-0.34464689238073454	34.856192554491756	NA	10.563530116813668	NA
Amygdala	-0.34464689238073454	35.03223393102959	NA	10.52933677905357	NA
Amygdala	-0.34464689238073454	35.208275307567426	NA	10.495335773723545	NA
Amygdala	-0.34464689238073454	35.384316684105265	NA	10.461522122601764	NA
Amygdala	-0.34464689238073454	35.560358060643104	NA	10.427890993773232	NA
Amygdala	-0.34464689238073454	35.736399437180935	NA	10.39443769720209	NA
Amygdala	-0.34464689238073454	35.912440813718774	NA	10.361157680438815	NA
Amygdala	-0.34464689238073454	36.08848219025661	NA	10.32804652445803	NA
Amygdala	-0.34464689238073454	36.26452356679445	NA	10.295099939623135	NA
Amygdala	-0.34464689238073454	36.440564943332284	NA	10.262313761773706	NA
Amygdala	-0.34464689238073454	36.61660631987012	NA	10.229683948432074	NA
Amygdala	-0.34464689238073454	36.79264769640796	NA	10.197206575125362	NA
Amygdala	-0.34464689238073454	36.9686890729458	NA	10.16487783181949	NA
Amygdala	-0.34464689238073454	37.14473044948364	NA	10.132694019461717	NA
Amygdala	-0.34464689238073454	37.32077182602147	NA	10.100651546628425	NA
Amygdala	-0.34464689238073454	37.49681320255931	NA	10.06874692627495	NA
Amygdala	-0.34464689238073454	37.67285457909715	NA	10.036976772584323	NA
Amygdala	-0.34464689238073454	37.84464689238074	9.107326166059368	10.006099963478366	1.0403325146640467
Amygdala	-0.34464689238073454	37.84889595563499	NA	10.005337797911888	NA
Amygdala	-0.34464689238073454	38.02493733217282	NA	9.973826809822992	NA
Amygdala	-0.34464689238073454	38.20097870871066	NA	9.942440708220678	NA
Amygdala	-0.34464689238073454	38.377020085248496	NA	9.911176482560931	NA
Amygdala	-0.34464689238073454	38.553061461786335	NA	9.880031209152556	NA
Amygdala	-0.34464689238073454	38.72910283832417	NA	9.84900204853924	NA
Amygdala	-0.34464689238073454	38.905144214862005	NA	9.818086242961257	NA
Amygdala	-0.34464689238073454	39.081185591399844	NA	9.787281113894421	NA
Amygdala	-0.34464689238073454	39.25722696793768	NA	9.756584059663856	NA
Amygdala	-0.34464689238073454	39.43326834447552	NA	9.725992553130386	NA
Amygdala	-0.34464689238073454	39.609309721013354	NA	9.695504139447308	NA
Amygdala	-0.34464689238073454	39.78535109755119	NA	9.665116433885323	NA
Amygdala	-0.34464689238073454	39.96139247408903	NA	9.634827122389707	NA
Amygdala	-0.34464689238073454	40.13743385062687	NA	9.604633963141088	NA
Amygdala	-0.34464689238073454	40.3134752271647	NA	9.574534757115035	NA
Amygdala	-0.34464689238073454	40.48951660370254	NA	9.544527379622243	NA
Amygdala	-0.34464689238073454	40.66555798024038	NA	9.514609766167428	NA
Amygdala	-0.34464689238073454	40.84159935677822	NA	9.48477991064226	NA
Amygdala	-0.34464689238073454	41.01764073331605	NA	9.45503586357306	NA
Amygdala	-0.34464689238073454	41.19368210985389	NA	9.425375730421893	NA
Amygdala	-0.34464689238073454	41.36972348639173	NA	9.395797669939283	NA
Amygdala	-0.34464689238073454	41.545764862929566	NA	9.366299892566973	NA
Amygdala	-0.34464689238073454	41.7218062394674	NA	9.336880658889195	NA
Amygdala	-0.34464689238073454	41.89784761600524	NA	9.307538278131066	NA
Amygdala	-0.34464689238073454	42.073888992543075	NA	9.278271106702508	NA
Amygdala	-0.34464689238073454	42.249930369080914	NA	9.249077546786541	NA
Amygdala	-0.34464689238073454	42.42597174561875	NA	9.2199560449703	NA
Amygdala	-0.34464689238073454	42.602013122156585	NA	9.190905090917777	NA
Amygdala	-0.34464689238073454	42.778054498694424	NA	9.161923216082787	NA
Amygdala	-0.34464689238073454	42.84464689238074	8.970349021594814	9.150977718898579	0.9806967120621216
Amygdala	-0.34464689238073454	42.95409587523226	NA	9.133008992461036	NA
Amygdala	-0.34464689238073454	43.1301372517701	NA	9.104161031380109	NA
Amygdala	-0.34464689238073454	43.30617862830793	NA	9.075377982326174	NA
Amygdala	-0.34464689238073454	43.48222000484577	NA	9.046658531806289	NA
Amygdala	-0.34464689238073454	43.65826138138361	NA	9.01800140224527	NA
Amygdala	-0.34464689238073454	43.83430275792145	NA	8.989405350916062	NA
Amygdala	-0.34464689238073454	44.01034413445928	NA	8.960869168902493	NA
Amygdala	-0.34464689238073454	44.18638551099712	NA	8.93239168009359	NA
Amygdala	-0.34464689238073454	44.36242688753496	NA	8.903971740208352	NA
Amygdala	-0.34464689238073454	44.5384682640728	NA	8.875608235850107	NA
Amygdala	-0.34464689238073454	44.71450964061063	NA	8.847300083589598	NA
Amygdala	-0.34464689238073454	44.89055101714847	NA	8.819046229075838	NA
Amygdala	-0.34464689238073454	45.06659239368631	NA	8.79084564617393	NA
Amygdala	-0.34464689238073454	45.242633770224145	NA	8.762697336129035	NA
Amygdala	-0.34464689238073454	45.418675146761984	NA	8.734804429332419	NA
Amygdala	-0.34464689238073454	45.594716523299816	NA	8.707248500344912	NA
Amygdala	-0.34464689238073454	45.770757899837655	NA	8.679902253486555	NA
Amygdala	-0.34464689238073454	45.946799276375494	NA	8.652761216274708	NA
Amygdala	-0.34464689238073454	46.12284065291333	NA	8.625821040678378	NA
Amygdala	-0.34464689238073454	46.298882029451164	NA	8.599077499396966	NA
Amygdala	-0.34464689238073454	46.474923405989	NA	8.572526482252139	NA
Amygdala	-0.34464689238073454	46.65096478252684	NA	8.546163992689301	NA
Amygdala	-0.34464689238073454	46.82700615906468	NA	8.519986144385184	NA
Amygdala	-0.34464689238073454	47.00304753560251	NA	8.493989157958612	NA
Amygdala	-0.34464689238073454	47.17908891214035	NA	8.46816935778094	NA
Amygdala	-0.34464689238073454	47.35513028867819	NA	8.442523168883492	NA
Amygdala	-0.34464689238073454	47.53117166521603	NA	8.417047113958755	NA
Amygdala	-0.34464689238073454	47.70721304175386	NA	8.39173781045264	NA
Amygdala	-0.34464689238073454	47.84464689238074	7.936802660381696	8.372092981068208	0.9299535001547254
Amygdala	-0.34464689238073454	47.8832544182917	NA	8.36659196774495	NA
Amygdala	-0.34464689238073454	48.05929579482954	NA	8.341606404025459	NA
Amygdala	-0.34464689238073454	48.23533717136738	NA	8.31677798833159	NA
Amygdala	-0.34464689238073454	48.411378547905215	NA	8.29210368536353	NA
Amygdala	-0.34464689238073454	48.58741992444305	NA	8.267580545749656	NA
Amygdala	-0.34464689238073454	48.763461300980886	NA	8.243205699185557	NA
Amygdala	-0.34464689238073454	48.939502677518725	NA	8.21897635209036	NA
Amygdala	-0.34464689238073454	49.115544054056564	NA	8.194889785334027	NA
Amygdala	-0.34464689238073454	49.291585430594395	NA	8.170943352033678	NA
Amygdala	-0.34464689238073454	49.467626807132234	NA	8.147134475416552	NA
Amygdala	-0.34464689238073454	49.64366818367007	NA	8.12346064674788	NA
Amygdala	-0.34464689238073454	49.81970956020791	NA	8.099919423321419	NA
Amygdala	-0.34464689238073454	49.99575093674574	NA	8.076508426510918	NA
Amygdala	-0.34464689238073454	50.17179231328358	NA	8.053225339880616	NA
Amygdala	-0.34464689238073454	50.34783368982142	NA	8.030067907352931	NA
Amygdala	-0.34464689238073454	50.52387506635926	NA	8.007033931431625	NA
Amygdala	-0.34464689238073454	50.69991644289709	NA	7.984121271478796	NA
Amygdala	-0.34464689238073454	50.87595781943493	NA	7.961327842044005	NA
Amygdala	-0.34464689238073454	51.05199919597277	NA	7.938651611243945	NA
Amygdala	-0.34464689238073454	51.22804057251061	NA	7.9160905991911665	NA
Amygdala	-0.34464689238073454	51.40408194904845	NA	7.893642876470305	NA
Amygdala	-0.34464689238073454	51.58012332558628	NA	7.871306562660447	NA
Amygdala	-0.34464689238073454	51.75616470212412	NA	7.849079824902092	NA
Amygdala	-0.34464689238073454	51.932206078661956	NA	7.826960876507525	NA
Amygdala	-0.34464689238073454	52.108247455199795	NA	7.804947975613135	NA
Amygdala	-0.34464689238073454	52.284288831737626	NA	7.783039423872479	NA
Amygdala	-0.34464689238073454	52.460330208275465	NA	7.761233565188827	NA
Amygdala	-0.34464689238073454	52.636371584813304	NA	7.739528784485984	NA
Amygdala	-0.34464689238073454	52.81241296135114	NA	7.717923506516233	NA
Amygdala	-0.34464689238073454	52.84464689238074	7.973559331270652	7.713978114670742	0.88530688396593
Amygdala	-0.34464689238073454	52.988454337888975	NA	7.696416194704281	NA
Amygdala	-0.34464689238073454	53.16449571442681	NA	7.675005350026067	NA
Amygdala	-0.34464689238073454	53.34053709096465	NA	7.653689509921437	NA
Amygdala	-0.34464689238073454	53.51657846750249	NA	7.632467247239578	NA
Amygdala	-0.34464689238073454	53.69261984404033	NA	7.611337169216296	NA
Amygdala	-0.34464689238073454	53.86866122057816	NA	7.590297916482101	NA
Amygdala	-0.34464689238073454	54.044702597116	NA	7.569348162100204	NA
Amygdala	-0.34464689238073454	54.22074397365384	NA	7.54848661063348	NA
Amygdala	-0.34464689238073454	54.39678535019168	NA	7.527711997239625	NA
Amygdala	-0.34464689238073454	54.57282672672951	NA	7.507023086793381	NA
Amygdala	-0.34464689238073454	54.74886810326735	NA	7.486418673035369	NA
Amygdala	-0.34464689238073454	54.92490947980519	NA	7.465897577746456	NA
Amygdala	-0.34464689238073454	55.100950856343026	NA	7.445458649946973	NA
Amygdala	-0.34464689238073454	55.27699223288086	NA	7.425100765119983	NA
Amygdala	-0.34464689238073454	55.453033609418696	NA	7.404822824457974	NA
Amygdala	-0.34464689238073454	55.629074985956535	NA	7.384623754132124	NA
Amygdala	-0.34464689238073454	55.805116362494374	NA	7.3645025045835695	NA
Amygdala	-0.34464689238073454	55.981157739032206	NA	7.344458055090396	NA
Amygdala	-0.34464689238073454	56.157199115570045	NA	7.324489403425548	NA
Amygdala	-0.34464689238073454	56.33324049210788	NA	7.304595562418374	NA
Amygdala	-0.34464689238073454	56.50928186864572	NA	7.284775572927883	NA
Amygdala	-0.34464689238073454	56.68532324518356	NA	7.265028496845572	NA
Amygdala	-0.34464689238073454	56.86136462172139	NA	7.2453534165050195	NA
Amygdala	-0.34464689238073454	57.03740599825923	NA	7.225749434109226	NA
Amygdala	-0.34464689238073454	57.21344737479707	NA	7.206215671175134	NA
Amygdala	-0.34464689238073454	57.38948875133491	NA	7.186751267994699	NA
Amygdala	-0.34464689238073454	57.56553012787274	NA	7.167355383112181	NA
Amygdala	-0.34464689238073454	57.74157150441058	NA	7.148027192816932	NA
Amygdala	-0.34464689238073454	57.84464689238074	7.123449986204707	7.136741291955852	0.8456200491680635
Amygdala	-0.34464689238073454	57.91761288094842	NA	7.128765890651524	NA
Amygdala	-0.34464689238073454	58.09365425748626	NA	7.109570686934383	NA
Amygdala	-0.34464689238073454	58.26969563402409	NA	7.0904408082968455	NA
Amygdala	-0.34464689238073454	58.44573701056193	NA	7.07137549723388	NA
Amygdala	-0.34464689238073454	58.621778387099766	NA	7.052374011668351	NA
Amygdala	-0.34464689238073454	58.797819763637605	NA	7.033435624528148	NA
Amygdala	-0.34464689238073454	58.97386114017544	NA	7.0145596233360195	NA
Amygdala	-0.34464689238073454	59.149902516713276	NA	6.995745309811549	NA
Amygdala	-0.34464689238073454	59.325943893251115	NA	6.976991999484998	NA
Amygdala	-0.34464689238073454	59.50198526978895	NA	6.958299021322664	NA
Amygdala	-0.34464689238073454	59.67802664632679	NA	6.939665717363326	NA
Amygdala	-0.34464689238073454	59.854068022864624	NA	6.921091442365525	NA
Amygdala	-0.34464689238073454	60.03010939940246	NA	6.902575563465286	NA
Amygdala	-0.34464689238073454	60.2061507759403	NA	6.8841666127190475	NA
Amygdala	-0.34464689238073454	60.38219215247814	NA	6.865918309558016	NA
Amygdala	-0.34464689238073454	60.55823352901597	NA	6.847795919550427	NA
Amygdala	-0.34464689238073454	60.73427490555381	NA	6.829797308282016	NA
Amygdala	-0.34464689238073454	60.91031628209165	NA	6.811920395831918	NA
Amygdala	-0.34464689238073454	61.08635765862949	NA	6.794163155176647	NA
Amygdala	-0.34464689238073454	61.26239903516732	NA	6.776523610642351	NA
Amygdala	-0.34464689238073454	61.43844041170516	NA	6.758999836403855	NA
Amygdala	-0.34464689238073454	61.614481788243	NA	6.741589955029089	NA
Amygdala	-0.34464689238073454	61.790523164780836	NA	6.724292136067476	NA
Amygdala	-0.34464689238073454	61.966564541318675	NA	6.7071045946809935	NA
Amygdala	-0.34464689238073454	62.14260591785651	NA	6.690025590316597	NA
Amygdala	-0.34464689238073454	62.318647294394346	NA	6.673053425418694	NA
Amygdala	-0.34464689238073454	62.494688670932184	NA	6.656186444180542	NA
Amygdala	-0.34464689238073454	62.67073004747002	NA	6.639423031333294	NA
Amygdala	-0.34464689238073454	62.84464689238074	6.812639570745259	6.622962115082522	0.8117140878636057
Amygdala	-0.34464689238073454	62.846771424007855	NA	6.6227616109716285	NA
Amygdala	-0.34464689238073454	63.022812800545694	NA	6.606200645414764	NA
Amygdala	-0.34464689238073454	63.19885417708353	NA	6.589738634101858	NA
Amygdala	-0.34464689238073454	63.37489555362137	NA	6.573374112520713	NA
Amygdala	-0.34464689238073454	63.5509369301592	NA	6.55710565116875	NA
Amygdala	-0.34464689238073454	63.72697830669704	NA	6.5409318545453345	NA
Amygdala	-0.34464689238073454	63.90301968323488	NA	6.5248513614496675	NA
Amygdala	-0.34464689238073454	64.07906105977271	NA	6.508862852743628	NA
Amygdala	-0.34464689238073454	64.25510243631055	NA	6.492965016262766	NA
Amygdala	-0.34464689238073454	64.43114381284839	NA	6.477156583044108	NA
Amygdala	-0.34464689238073454	64.60718518938623	NA	6.461436313524946	NA
Amygdala	-0.34464689238073454	64.78322656592407	NA	6.445802996704025	NA
Amygdala	-0.34464689238073454	64.9592679424619	NA	6.430255449327931	NA
Amygdala	-0.34464689238073454	65.13530931899975	NA	6.414792515101947	NA
Amygdala	-0.34464689238073454	65.31135069553758	NA	6.399413063924621	NA
Amygdala	-0.34464689238073454	65.48739207207541	NA	6.384115991145318	NA
Amygdala	-0.34464689238073454	65.66343344861325	NA	6.368900216844047	NA
Amygdala	-0.34464689238073454	65.83947482515109	NA	6.353764685132941	NA
Amygdala	-0.34464689238073454	66.01551620168892	NA	6.3387083634786965	NA
Amygdala	-0.34464689238073454	66.19155757822676	NA	6.32373024204526	NA
Amygdala	-0.34464689238073454	66.3675989547646	NA	6.3088293330563046	NA
Amygdala	-0.34464689238073454	66.54364033130244	NA	6.294004670176776	NA
Amygdala	-0.34464689238073454	66.71968170784028	NA	6.279255307912956	NA
Amygdala	-0.34464689238073454	66.8957230843781	NA	6.264580321030476	NA
Amygdala	-0.34464689238073454	67.07176446091594	NA	6.2499788039897854	NA
Amygdala	-0.34464689238073454	67.24780583745378	NA	6.235449870398468	NA
Amygdala	-0.34464689238073454	67.42384721399162	NA	6.220992652479955	NA
Amygdala	-0.34464689238073454	67.59988859052946	NA	6.20660630055809	NA
Amygdala	-0.34464689238073454	67.7759299670673	NA	6.192289982557139	NA
Amygdala	-0.34464689238073454	67.84464689238074	6.5955418947640485	6.186720478009334	0.7789040092418946
Amygdala	-0.34464689238073454	67.95197134360514	NA	6.178042883516639	NA
Amygdala	-0.34464689238073454	68.12801272014298	NA	6.163864205120797	NA
Amygdala	-0.34464689238073454	68.30405409668082	NA	6.149753165241902	NA
Amygdala	-0.34464689238073454	68.48009547321864	NA	6.135708997497336	NA
Amygdala	-0.34464689238073454	68.65613684975648	NA	6.121730950819764	NA
Amygdala	-0.34464689238073454	68.83217822629432	NA	6.107818289040164	NA
Amygdala	-0.34464689238073454	69.00821960283216	NA	6.093970290483223	NA
Amygdala	-0.34464689238073454	69.18426097937	NA	6.080186247574772	NA
Amygdala	-0.34464689238073454	69.36030235590783	NA	6.066465466460882	NA
Amygdala	-0.34464689238073454	69.53634373244567	NA	6.052807266638319	NA
Amygdala	-0.34464689238073454	69.71238510898351	NA	6.039210980595863	NA
Amygdala	-0.34464689238073454	69.88842648552134	NA	6.025675953466378	NA
Amygdala	-0.34464689238073454	70.06446786205917	NA	6.01220154268911	NA
Amygdala	-0.34464689238073454	70.24050923859701	NA	5.998787117682037	NA
Amygdala	-0.34464689238073454	70.41655061513485	NA	5.985432059523871	NA
Amygdala	-0.34464689238073454	70.59259199167269	NA	5.972135760645513	NA
Amygdala	-0.34464689238073454	70.76863336821053	NA	5.958897624530584	NA
Amygdala	-0.34464689238073454	70.94467474474837	NA	5.945717065424827	NA
Amygdala	-0.34464689238073454	71.12071612128621	NA	5.932593508054055	NA
Amygdala	-0.34464689238073454	71.29675749782405	NA	5.919526387350436	NA
Amygdala	-0.34464689238073454	71.47279887436187	NA	5.906515148186842	NA
Amygdala	-0.34464689238073454	71.64884025089971	NA	5.893559245118991	NA
Amygdala	-0.34464689238073454	71.82488162743755	NA	5.880658142135205	NA
Amygdala	-0.34464689238073454	72.00092300397539	NA	5.867811318376353	NA
Amygdala	-0.34464689238073454	72.17696438051323	NA	5.855018252113662	NA
Amygdala	-0.34464689238073454	72.35300575705106	NA	5.842278431950418	NA
Amygdala	-0.34464689238073454	72.5290471335889	NA	5.829591357250206	NA
Amygdala	-0.34464689238073454	72.70508851012674	NA	5.816956535663747	NA
Amygdala	-0.34464689238073454	72.84464689238074	5.7070379005520735	5.806977000708533	0.7499645091505566
Amygdala	-0.34464689238073454	72.88112988666457	NA	5.804373482919494	NA
Amygdala	-0.34464689238073454	73.0571712632024	NA	5.79184172262045	NA
Amygdala	-0.34464689238073454	73.23321263974024	NA	5.7793607860468335	NA
Amygdala	-0.34464689238073454	73.40925401627808	NA	5.766930211964538	NA
Amygdala	-0.34464689238073454	73.58529539281592	NA	5.754549546439161	NA
Amygdala	-0.34464689238073454	73.76133676935376	NA	5.742218342655439	NA
Amygdala	-0.34464689238073454	73.9373781458916	NA	5.729936160741929	NA
Amygdala	-0.34464689238073454	74.11341952242944	NA	5.717702567600747	NA
Amygdala	-0.34464689238073454	74.28946089896728	NA	5.705517136742339	NA
Amygdala	-0.34464689238073454	74.4655022755051	NA	5.693379448124877	NA
Amygdala	-0.34464689238073454	74.64154365204294	NA	5.681289087998461	NA
Amygdala	-0.34464689238073454	74.81758502858078	NA	5.669245648753699	NA
Amygdala	-0.34464689238073454	74.99362640511862	NA	5.657248728774721	NA
Amygdala	-0.34464689238073454	75.16966778165646	NA	5.64529793229638	NA
Amygdala	-0.34464689238073454	75.3457091581943	NA	5.633392869265609	NA
Amygdala	-0.34464689238073454	75.52175053473213	NA	5.62153315520671	NA
Amygdala	-0.34464689238073454	75.69779191126997	NA	5.609718411090554	NA
Amygdala	-0.34464689238073454	75.8738332878078	NA	5.597948263207455	NA
Amygdala	-0.34464689238073454	76.04987466434564	NA	5.586222343043769	NA
Amygdala	-0.34464689238073454	76.22591604088348	NA	5.574540287161952	NA
Amygdala	-0.34464689238073454	76.40195741742131	NA	5.562901737084052	NA
Amygdala	-0.34464689238073454	76.57799879395915	NA	5.551306339178497	NA
Amygdala	-0.34464689238073454	76.75404017049699	NA	5.539753744550181	NA
Amygdala	-0.34464689238073454	76.93008154703483	NA	5.5282436089335345	NA
Amygdala	-0.34464689238073454	77.10612292357267	NA	5.5167755925887345	NA
Amygdala	-0.34464689238073454	77.28216430011051	NA	5.50534936020081	NA
Amygdala	-0.34464689238073454	77.45820567664833	NA	5.493964580781567	NA
Amygdala	-0.34464689238073454	77.63424705318617	NA	5.482620927574307	NA
Amygdala	-0.34464689238073454	77.81028842972401	NA	5.471318077961236	NA
Amygdala	-0.34464689238073454	77.84464689238074	5.690760884887455	5.4691167876328075	0.7251953667779288
Amygdala	-0.34464689238073454	77.98632980626185	NA	5.460055713373429	NA
Amygdala	-0.34464689238073454	78.16237118279969	NA	5.448833519203323	NA
Amygdala	-0.34464689238073454	78.33841255933753	NA	5.437651184719713	NA
Amygdala	-0.34464689238073454	78.51445393587537	NA	5.4265084029850454	NA
Amygdala	-0.34464689238073454	78.6904953124132	NA	5.415404870775016	NA
Amygdala	-0.34464689238073454	78.86653668895104	NA	5.404340288500483	NA
Amygdala	-0.34464689238073454	79.04257806548887	NA	5.393314360131443	NA
Amygdala	-0.34464689238073454	79.21861944202671	NA	5.38232679312316	NA
Amygdala	-0.34464689238073454	79.39466081856455	NA	5.371377298344341	NA
Amygdala	-0.34464689238073454	79.57070219510238	NA	5.360465590007241	NA
Amygdala	-0.34464689238073454	79.74674357164022	NA	5.3495913855997586	NA
Amygdala	-0.34464689238073454	79.92278494817806	NA	5.338754407868553	NA
Amygdala	-0.34464689238073454	80.0988263247159	NA	5.327954382136563	NA
Amygdala	-0.34464689238073454	80.27486770125374	NA	5.317191031717568	NA
Amygdala	-0.34464689238073454	80.45090907779156	NA	5.306464086560185	NA
Amygdala	-0.34464689238073454	80.6269504543294	NA	5.2957732795757035	NA
Amygdala	-0.34464689238073454	80.80299183086724	NA	5.28511834658051	NA
Amygdala	-0.34464689238073454	80.97903320740508	NA	5.274499026240058	NA
Amygdala	-0.34464689238073454	81.15507458394292	NA	5.2639150600143285	NA
Amygdala	-0.34464689238073454	81.33111596048076	NA	5.253366192104804	NA
Amygdala	-0.34464689238073454	81.5071573370186	NA	5.242852169402798	NA
Amygdala	-0.34464689238073454	81.68319871355644	NA	5.232372741439206	NA
Amygdala	-0.34464689238073454	81.85924009009427	NA	5.221927660335567	NA
Amygdala	-0.34464689238073454	82.0352814666321	NA	5.211516680756437	NA
Amygdala	-0.34464689238073454	82.21132284316994	NA	5.201139559862993	NA
Amygdala	-0.34464689238073454	82.38736421970778	NA	5.190796057267905	NA
Amygdala	-0.34464689238073454	82.56340559624562	NA	5.180485934991353	NA
Amygdala	-0.34464689238073454	82.73944697278345	NA	5.170208957418194	NA
Amygdala	-0.34464689238073454	82.84464689238074	5.822602418907784	5.164083302748543	0.7021197486030172
Amygdala	-0.34464689238073454	82.9154883493213	NA	5.1599648912562754	NA
Amygdala	-0.34464689238073454	83.09152972585913	NA	5.149753505495805	NA
Amygdala	-0.34464689238073454	83.26757110239697	NA	5.139574571369769	NA
Amygdala	-0.34464689238073454	83.4436124789348	NA	5.12942786231539	NA
Amygdala	-0.34464689238073454	83.61965385547263	NA	5.119313153936568	NA
Amygdala	-0.34464689238073454	83.79569523201047	NA	5.109230223967279	NA
Amygdala	-0.34464689238073454	83.97173660854831	NA	5.099178852235893	NA
Amygdala	-0.34464689238073454	84.14777798508615	NA	5.089158820630439	NA
Amygdala	-0.34464689238073454	84.32381936162399	NA	5.079169913064703	NA
Amygdala	-0.34464689238073454	84.49986073816183	NA	5.069211915445192	NA
Amygdala	-0.34464689238073454	84.67590211469967	NA	5.059284615638966	NA
Amygdala	-0.34464689238073454	84.8519434912375	NA	5.049387803442204	NA
Amygdala	-0.34464689238073454	85.02798486777533	NA	5.039521270549625	NA
Amygdala	-0.34464689238073454	85.20402624431317	NA	5.029684810524586	NA
Amygdala	-0.34464689238073454	85.38006762085101	NA	5.0198782187700175	NA
Amygdala	-0.34464689238073454	85.55610899738885	NA	5.010101292499985	NA
Amygdala	-0.34464689238073454	85.73215037392669	NA	5.000353830711962	NA
Amygdala	-0.34464689238073454	85.90819175046452	NA	4.990635634159834	NA
Amygdala	-0.34464689238073454	86.08423312700236	NA	4.980946505327482	NA
Amygdala	-0.34464689238073454	86.2602745035402	NA	4.971286248403057	NA
Amygdala	-0.34464689238073454	86.43631588007803	NA	4.961654669253845	NA
Amygdala	-0.34464689238073454	86.61235725661587	NA	4.952051575401709	NA
Amygdala	-0.34464689238073454	86.7883986331537	NA	4.942476775999214	NA
Amygdala	-0.34464689238073454	86.96444000969154	NA	4.9329300818061315	NA
Amygdala	-0.34464689238073454	87.14048138622938	NA	4.92341130516672	NA
Amygdala	-0.34464689238073454	87.31652276276722	NA	4.9139202599873695	NA
Amygdala	-0.34464689238073454	87.49256413930506	NA	4.904456761714816	NA
Amygdala	-0.34464689238073454	87.6686055158429	NA	4.895020627314879	NA
Amygdala	-0.34464689238073454	87.84464689238074	5.139774245120774	4.8855846707612285	0.6823460271913812
Caudate	-0.34464689238073454	0	0	-2.1594597675743867e-14	0
Caudate	-0.34464689238073454	0.17604137653783714	NA	2.4534652728095914e-5	NA
Caudate	-0.34464689238073454	0.35208275307567427	NA	5.9884948277979054e-5	NA
Caudate	-0.34464689238073454	0.5281241296135114	NA	4.41763206680069e-4	NA
Caudate	-0.34464689238073454	0.5946468923807345	0.01148319800869468	6.833566096965894e-4	0.4979955609317893
Caudate	-0.34464689238073454	0.7041655061513485	NA	0.0011605152286205853	NA
Caudate	-0.34464689238073454	0.8802068826891857	NA	0.21837056663799786	NA
Caudate	-0.34464689238073454	1.0562482592270228	NA	1.4932767305710188	NA
Caudate	-0.34464689238073454	1.0946468923807346	0.8454497255080524	1.832900751117143	0.5935966379574875
Caudate	-0.34464689238073454	1.23228963576486	NA	3.2533065499264002	NA
Caudate	-0.34464689238073454	1.408331012302697	NA	5.537841963252614	NA
Caudate	-0.34464689238073454	1.584372388840534	NA	8.054916215570564	NA
Caudate	-0.34464689238073454	1.5946468923807346	7.064990292401071	8.193367451205322	0.7747364380991829
Caudate	-0.34464689238073454	1.7604137653783714	NA	10.470499294214395	NA
Caudate	-0.34464689238073454	1.9364551419162086	NA	13.149572209071602	NA
Caudate	-0.34464689238073454	2.0946468923807346	15.594268696436911	15.834504682308966	0.9046305710011072
Caudate	-0.34464689238073454	2.1124965184540456	NA	16.15075068235456	NA
Caudate	-0.34464689238073454	2.2885378949918826	NA	19.411415828457724	NA
Caudate	-0.34464689238073454	2.46457927152972	NA	22.91198270644182	NA
Caudate	-0.34464689238073454	2.5946468923807346	25.598281463376996	25.250513924115445	1.0084564834937169
Caudate	-0.34464689238073454	2.640620648067557	NA	26.04987016295682	NA
Caudate	-0.34464689238073454	2.816662024605394	NA	29.012940444297616	NA
Caudate	-0.34464689238073454	2.992703401143231	NA	30.57308993375886	NA
Caudate	-0.34464689238073454	3.0946468923807346	30.69337521430429	30.887877905621956	1.05184710143084
Caudate	-0.34464689238073454	3.168744777681068	NA	30.995885867983006	NA
Caudate	-0.34464689238073454	3.3447861542189057	NA	31.514268112972843	NA
Caudate	-0.34464689238073454	3.5208275307567427	NA	31.681355932514627	NA
Caudate	-0.34464689238073454	3.6968689072945797	NA	31.77017745178778	NA
Caudate	-0.34464689238073454	3.8446468923807346	32.18796475408955	31.856045002531072	1.2771234363638424
Caudate	-0.34464689238073454	3.872910283832417	NA	31.865944659756764	NA
Caudate	-0.34464689238073454	4.048951660370254	NA	31.881418462652665	NA
Caudate	-0.34464689238073454	4.224993036908091	NA	31.81902052545108	NA
Caudate	-0.34464689238073454	4.401034413445928	NA	31.68109157728472	NA
Caudate	-0.34464689238073454	4.577075789983765	NA	31.469894163133826	NA
Caudate	-0.34464689238073454	4.753117166521602	NA	31.187615301714544	NA
Caudate	-0.34464689238073454	4.844646892380735	30.935669718027732	31.01349257612951	1.2409533465925953
Caudate	-0.34464689238073454	4.92915854305944	NA	30.836369052764365	NA
Caudate	-0.34464689238073454	5.105199919597277	NA	30.418198996814176	NA
Caudate	-0.34464689238073454	5.281241296135114	NA	29.935080630431596	NA
Caudate	-0.34464689238073454	5.457282672672951	NA	29.478392490526403	NA
Caudate	-0.34464689238073454	5.633324049210788	NA	29.04765719239705	NA
Caudate	-0.34464689238073454	5.809365425748625	NA	28.625395754228038	NA
Caudate	-0.34464689238073454	5.844646892380735	28.68542855332013	28.541756728841527	1.1990027673150705
Caudate	-0.34464689238073454	5.985406802286462	NA	28.211289475039138	NA
Caudate	-0.34464689238073454	6.161448178824299	NA	27.805030678576838	NA
Caudate	-0.34464689238073454	6.337489555362136	NA	27.406322336499397	NA
Caudate	-0.34464689238073454	6.513530931899974	NA	27.014877704417547	NA
Caudate	-0.34464689238073454	6.689572308437811	NA	26.63041997035234	NA
Caudate	-0.34464689238073454	6.865613684975648	NA	26.25268191518672	NA
Caudate	-0.34464689238073454	7.041655061513485	NA	25.88140558470164	NA
Caudate	-0.34464689238073454	7.217696438051322	NA	25.516341972801683	NA
Caudate	-0.34464689238073454	7.344646892380735	24.97560896208005	25.256803403771524	1.4086112960853336
Caudate	-0.34464689238073454	7.3937378145891595	NA	25.157250715548532	NA
Caudate	-0.34464689238073454	7.5697791911269965	NA	24.803899795633583	NA
Caudate	-0.34464689238073454	7.745820567664834	NA	24.45606525693383	NA
Caudate	-0.34464689238073454	7.921861944202671	NA	24.113530928806913	NA
Caudate	-0.34464689238073454	8.097903320740508	NA	23.77608863439846	NA
Caudate	-0.34464689238073454	8.273944697278345	NA	23.44353673239505	NA
Caudate	-0.34464689238073454	8.449986073816182	NA	23.115680567594264	NA
Caudate	-0.34464689238073454	8.62602745035402	NA	22.79233254058111	NA
Caudate	-0.34464689238073454	8.802068826891857	NA	22.473311593612454	NA
Caudate	-0.34464689238073454	8.978110203429694	NA	22.15844298676075	NA
Caudate	-0.34464689238073454	9.15415157996753	NA	21.847558081696477	NA
Caudate	-0.34464689238073454	9.330192956505368	NA	21.54049413284856	NA
Caudate	-0.34464689238073454	9.344646892380734	21.297489730700235	21.51544727744825	1.3144617490295751
Caudate	-0.34464689238073454	9.506234333043205	NA	21.23709408569118	NA
Caudate	-0.34464689238073454	9.682275709581042	NA	20.937206381914027	NA
Caudate	-0.34464689238073454	9.85831708611888	NA	20.64068477124093	NA
Caudate	-0.34464689238073454	10.034358462656717	NA	20.347388129670477	NA
Caudate	-0.34464689238073454	10.210399839194555	NA	20.05719197289593	NA
Caudate	-0.34464689238073454	10.386441215732392	NA	19.77945333034089	NA
Caudate	-0.34464689238073454	10.562482592270229	NA	19.510864252140745	NA
Caudate	-0.34464689238073454	10.738523968808066	NA	19.25025395765126	NA
Caudate	-0.34464689238073454	10.914565345345903	NA	18.99734577816071	NA
Caudate	-0.34464689238073454	11.09060672188374	NA	18.751872504655307	NA
Caudate	-0.34464689238073454	11.266648098421577	NA	18.513576065068342	NA
Caudate	-0.34464689238073454	11.442689474959414	NA	18.282207212537383	NA
Caudate	-0.34464689238073454	11.61873085149725	NA	18.057525224294285	NA
Caudate	-0.34464689238073454	11.794772228035088	NA	17.839297610825195	NA
Caudate	-0.34464689238073454	11.970813604572925	NA	17.627299834950485	NA
Caudate	-0.34464689238073454	12.146854981110762	NA	17.421315040486064	NA
Caudate	-0.34464689238073454	12.322896357648599	NA	17.221133790159477	NA
Caudate	-0.34464689238073454	12.498937734186436	NA	17.026553812465092	NA
Caudate	-0.34464689238073454	12.674979110724273	NA	16.83737975715345	NA
Caudate	-0.34464689238073454	12.844646892380734	17.018421141856116	16.659992554635565	1.60001642972666
Caudate	-0.34464689238073454	12.851020487262112	NA	16.65342295906036	NA
Caudate	-0.34464689238073454	13.027061863799949	NA	16.474501209991317	NA
Caudate	-0.34464689238073454	13.203103240337786	NA	16.300438538386484	NA
Caudate	-0.34464689238073454	13.379144616875623	NA	16.13106499650086	NA
Caudate	-0.34464689238073454	13.55518599341346	NA	15.966216454843309	NA
Caudate	-0.34464689238073454	13.731227369951297	NA	15.805734403627147	NA
Caudate	-0.34464689238073454	13.907268746489134	NA	15.649465760992497	NA
Caudate	-0.34464689238073454	14.08331012302697	NA	15.497262687770323	NA
Caudate	-0.34464689238073454	14.259351499564808	NA	15.348982408564337	NA
Caudate	-0.34464689238073454	14.435392876102645	NA	15.204487038935653	NA
Caudate	-0.34464689238073454	14.611434252640482	NA	15.063643418481925	NA
Caudate	-0.34464689238073454	14.787475629178319	NA	14.926322949609986	NA
Caudate	-0.34464689238073454	14.963517005716156	NA	14.792401441807801	NA
Caudate	-0.34464689238073454	15.139558382253993	NA	14.661758961228118	NA
Caudate	-0.34464689238073454	15.31559975879183	NA	14.534279685402746	NA
Caudate	-0.34464689238073454	15.491641135329669	NA	14.40805185384773	NA
Caudate	-0.34464689238073454	15.667682511867506	NA	14.28510633618578	NA
Caudate	-0.34464689238073454	15.843723888405343	NA	14.165378636757337	NA
Caudate	-0.34464689238073454	16.019765264943178	NA	14.048756747353902	NA
Caudate	-0.34464689238073454	16.195806641481017	NA	13.935132559455917	NA
Caudate	-0.34464689238073454	16.371848018018852	NA	13.82440114013527	NA
Caudate	-0.34464689238073454	16.54788939455669	NA	13.716461480297298	NA
Caudate	-0.34464689238073454	16.723930771094526	NA	13.611216028091539	NA
Caudate	-0.34464689238073454	16.899972147632365	NA	13.508570570937016	NA
Caudate	-0.34464689238073454	17.076013524170204	NA	13.408434121571451	NA
Caudate	-0.34464689238073454	17.25205490070804	NA	13.31071880798715	NA
Caudate	-0.34464689238073454	17.428096277245878	NA	13.215339767120932	NA
Caudate	-0.34464689238073454	17.604137653783713	NA	13.122215042170149	NA
Caudate	-0.34464689238073454	17.780179030321552	NA	13.03126548341111	NA
Caudate	-0.34464689238073454	17.844646892380734	13.02969131126783	12.99848833352062	1.4105531070786514
Caudate	-0.34464689238073454	17.956220406859387	NA	12.942414652400375	NA
Caudate	-0.34464689238073454	18.132261783397226	NA	12.855588729443724	NA
Caudate	-0.34464689238073454	18.30830315993506	NA	12.770716424221142	NA
Caudate	-0.34464689238073454	18.4843445364729	NA	12.687728889460322	NA
Caudate	-0.34464689238073454	18.660385913010735	NA	12.606559637554692	NA
Caudate	-0.34464689238073454	18.836427289548574	NA	12.527144460025506	NA
Caudate	-0.34464689238073454	19.01246866608641	NA	12.449421349731011	NA
Caudate	-0.34464689238073454	19.188510042624248	NA	12.373330425729021	NA
Caudate	-0.34464689238073454	19.364551419162083	NA	12.298813860702392	NA
Caudate	-0.34464689238073454	19.540592795699922	NA	12.225815810859949	NA
Caudate	-0.34464689238073454	19.71663417223776	NA	12.154282348228522	NA
Caudate	-0.34464689238073454	19.892675548775596	NA	12.084161395254458	NA
Caudate	-0.34464689238073454	20.068716925313435	NA	12.015402661635859	NA
Caudate	-0.34464689238073454	20.24475830185127	NA	11.947957583309533	NA
Caudate	-0.34464689238073454	20.42079967838911	NA	11.881779263519066	NA
Caudate	-0.34464689238073454	20.596841054926944	NA	11.816822415893128	NA
Caudate	-0.34464689238073454	20.772882431464783	NA	11.75304330946534	NA
Caudate	-0.34464689238073454	20.94892380800262	NA	11.690399715569674	NA
Caudate	-0.34464689238073454	21.124965184540457	NA	11.628850856547176	NA
Caudate	-0.34464689238073454	21.301006561078292	NA	11.568357356202451	NA
Caudate	-0.34464689238073454	21.47704793761613	NA	11.508881191950048	NA
Caudate	-0.34464689238073454	21.653089314153966	NA	11.450385648593338	NA
Caudate	-0.34464689238073454	21.829130690691805	NA	11.392835273679891	NA
Caudate	-0.34464689238073454	22.00517206722964	NA	11.336195834379946	NA
Caudate	-0.34464689238073454	22.18121344376748	NA	11.280434275835667	NA
Caudate	-0.34464689238073454	22.357254820305315	NA	11.225518680931362	NA
Caudate	-0.34464689238073454	22.533296196843153	NA	11.17141823143593	NA
Caudate	-0.34464689238073454	22.709337573380992	NA	11.118103170470873	NA
Caudate	-0.34464689238073454	22.844646892380734	10.931115857845306	11.077639689247075	1.287011358274444
Caudate	-0.34464689238073454	22.885378949918827	NA	11.065544766258643	NA
Caudate	-0.34464689238073454	23.061420326456666	NA	11.013715277107618	NA
Caudate	-0.34464689238073454	23.2374617029945	NA	10.9625879175916	NA
Caudate	-0.34464689238073454	23.41350307953234	NA	10.912136825883005	NA
Caudate	-0.34464689238073454	23.589544456070175	NA	10.862337032200497	NA
Caudate	-0.34464689238073454	23.765585832608014	NA	10.813164428332918	NA
Caudate	-0.34464689238073454	23.94162720914585	NA	10.764595738202983	NA
Caudate	-0.34464689238073454	24.11766858568369	NA	10.716608567044029	NA
Caudate	-0.34464689238073454	24.293709962221524	NA	10.669181142784073	NA
Caudate	-0.34464689238073454	24.469751338759362	NA	10.622292511270663	NA
Caudate	-0.34464689238073454	24.645792715297198	NA	10.575922450491328	NA
Caudate	-0.34464689238073454	24.821834091835036	NA	10.53005143776676	NA
Caudate	-0.34464689238073454	24.99787546837287	NA	10.484660625849353	NA
Caudate	-0.34464689238073454	25.17391684491071	NA	10.439731819837183	NA
Caudate	-0.34464689238073454	25.349958221448546	NA	10.395247454875584	NA
Caudate	-0.34464689238073454	25.525999597986385	NA	10.3511905746195	NA
Caudate	-0.34464689238073454	25.702040974524223	NA	10.307544810430635	NA
Caudate	-0.34464689238073454	25.87808235106206	NA	10.264294361284348	NA
Caudate	-0.34464689238073454	26.054123727599897	NA	10.221423974362073	NA
Caudate	-0.34464689238073454	26.230165104137733	NA	10.178918926305911	NA
Caudate	-0.34464689238073454	26.40620648067557	NA	10.136765005112803	NA
Caudate	-0.34464689238073454	26.582247857213407	NA	10.094948492646418	NA
Caudate	-0.34464689238073454	26.758289233751245	NA	10.053456147745782	NA
Caudate	-0.34464689238073454	26.93433061028908	NA	10.012275189910197	NA
Caudate	-0.34464689238073454	27.11037198682692	NA	9.971393283540822	NA
Caudate	-0.34464689238073454	27.286413363364755	NA	9.930798522720165	NA
Caudate	-0.34464689238073454	27.462454739902594	NA	9.890479416510464	NA
Caudate	-0.34464689238073454	27.63849611644043	NA	9.850424874754184	NA
Caudate	-0.34464689238073454	27.814537492978268	NA	9.810624194358772	NA
Caudate	-0.34464689238073454	27.844646892380734	9.677256665879542	9.803841515888443	1.1896174610375203
Caudate	-0.34464689238073454	27.990578869516103	NA	9.771067046049511	NA
Caudate	-0.34464689238073454	28.16662024605394	NA	9.731743461574396	NA
Caudate	-0.34464689238073454	28.34266162259178	NA	9.692643821345603	NA
Caudate	-0.34464689238073454	28.518702999129616	NA	9.653758842502722	NA
Caudate	-0.34464689238073454	28.694744375667455	NA	9.615079567383317	NA
Caudate	-0.34464689238073454	28.87078575220529	NA	9.576597352386964	NA
Caudate	-0.34464689238073454	29.04682712874313	NA	9.538303857219283	NA
Caudate	-0.34464689238073454	29.222868505280964	NA	9.500191034503057	NA
Caudate	-0.34464689238073454	29.398909881818803	NA	9.462251119743902	NA
Caudate	-0.34464689238073454	29.574951258356638	NA	9.424476621638387	NA
Caudate	-0.34464689238073454	29.750992634894477	NA	9.38686031271293	NA
Caudate	-0.34464689238073454	29.927034011432312	NA	9.349395220282204	NA
Caudate	-0.34464689238073454	30.10307538797015	NA	9.31207461771609	NA
Caudate	-0.34464689238073454	30.279116764507986	NA	9.274931293509928	NA
Caudate	-0.34464689238073454	30.455158141045825	NA	9.238277740846069	NA
Caudate	-0.34464689238073454	30.63119951758366	NA	9.202153433347213	NA
Caudate	-0.34464689238073454	30.8072408941215	NA	9.16654038804748	NA
Caudate	-0.34464689238073454	30.983282270659338	NA	9.131421234948528	NA
Caudate	-0.34464689238073454	31.159323647197173	NA	9.096779196115829	NA
Caudate	-0.34464689238073454	31.33536502373501	NA	9.062598065487924	NA
Caudate	-0.34464689238073454	31.511406400272847	NA	9.028862189374186	NA
Caudate	-0.34464689238073454	31.687447776810686	NA	8.995556447617775	NA
Caudate	-0.34464689238073454	31.86348915334852	NA	8.962666235401073	NA
Caudate	-0.34464689238073454	32.039530529886356	NA	8.930177477931817	NA
Caudate	-0.34464689238073454	32.215571906424195	NA	8.898076540474346	NA
Caudate	-0.34464689238073454	32.391613282962034	NA	8.86635023354005	NA
Caudate	-0.34464689238073454	32.56765465949987	NA	8.834985844015359	NA
Caudate	-0.34464689238073454	32.743696036037704	NA	8.803971092039072	NA
Caudate	-0.34464689238073454	32.84464689238074	8.813192402538348	8.786338717730402	1.10923284673891
Caudate	-0.34464689238073454	32.91973741257554	NA	8.77329411622799	NA
Caudate	-0.34464689238073454	33.09577878911338	NA	8.74294345940623	NA
Caudate	-0.34464689238073454	33.27182016565122	NA	8.71290805482136	NA
Caudate	-0.34464689238073454	33.44786154218905	NA	8.683177212830602	NA
Caudate	-0.34464689238073454	33.62390291872689	NA	8.653740608041057	NA
Caudate	-0.34464689238073454	33.79994429526473	NA	8.624588266888582	NA
Caudate	-0.34464689238073454	33.97598567180257	NA	8.595710555640185	NA
Caudate	-0.34464689238073454	34.15202704834041	NA	8.567098168805684	NA
Caudate	-0.34464689238073454	34.32806842487824	NA	8.53874211794453	NA
Caudate	-0.34464689238073454	34.50410980141608	NA	8.510633720854363	NA
Caudate	-0.34464689238073454	34.68015117795392	NA	8.482764591128323	NA
Caudate	-0.34464689238073454	34.856192554491756	NA	8.455126628068474	NA
Caudate	-0.34464689238073454	35.03223393102959	NA	8.427712006943246	NA
Caudate	-0.34464689238073454	35.208275307567426	NA	8.400513169577092	NA
Caudate	-0.34464689238073454	35.384316684105265	NA	8.373522815261163	NA
Caudate	-0.34464689238073454	35.560358060643104	NA	8.346733891973875	NA
Caudate	-0.34464689238073454	35.736399437180935	NA	8.320139587900977	NA
Caudate	-0.34464689238073454	35.912440813718774	NA	8.293733323244748	NA
Caudate	-0.34464689238073454	36.08848219025661	NA	8.267508742312593	NA
Caudate	-0.34464689238073454	36.26452356679445	NA	8.24145970587542	NA
Caudate	-0.34464689238073454	36.440564943332284	NA	8.215580283786624	NA
Caudate	-0.34464689238073454	36.61660631987012	NA	8.189864747852825	NA
Caudate	-0.34464689238073454	36.79264769640796	NA	8.164307564947721	NA
Caudate	-0.34464689238073454	36.9686890729458	NA	8.138903390360785	NA
Caudate	-0.34464689238073454	37.14473044948364	NA	8.113647061372811	NA
Caudate	-0.34464689238073454	37.32077182602147	NA	8.08853359105053	NA
Caudate	-0.34464689238073454	37.49681320255931	NA	8.063558162252928	NA
Caudate	-0.34464689238073454	37.67285457909715	NA	8.038716121841881	NA
Caudate	-0.34464689238073454	37.84464689238074	8.151335152754637	8.01459800910014	1.0403325146640467
Caudate	-0.34464689238073454	37.84889595563499	NA	8.01400297509028	NA
Caudate	-0.34464689238073454	38.02493733217282	NA	7.989414380280851	NA
Caudate	-0.34464689238073454	38.20097870871066	NA	7.964946143489207	NA
Caudate	-0.34464689238073454	38.377020085248496	NA	7.940594213544743	NA
Caudate	-0.34464689238073454	38.553061461786335	NA	7.9163546771634765	NA
Caudate	-0.34464689238073454	38.72910283832417	NA	7.892223754246785	NA
Caudate	-0.34464689238073454	38.905144214862005	NA	7.868197793340541	NA
Caudate	-0.34464689238073454	39.081185591399844	NA	7.844273267249101	NA
Caudate	-0.34464689238073454	39.25722696793768	NA	7.8204467687988295	NA
Caudate	-0.34464689238073454	39.43326834447552	NA	7.796715006746144	NA
Caudate	-0.34464689238073454	39.609309721013354	NA	7.773074801825072	NA
Caudate	-0.34464689238073454	39.78535109755119	NA	7.749523082929676	NA
Caudate	-0.34464689238073454	39.96139247408903	NA	7.726056885718474	NA
Caudate	-0.34464689238073454	40.13743385062687	NA	7.702673351992586	NA
Caudate	-0.34464689238073454	40.3134752271647	NA	7.6793697028730294	NA
Caudate	-0.34464689238073454	40.48951660370254	NA	7.6561432642971345	NA
Caudate	-0.34464689238073454	40.66555798024038	NA	7.63299145313854	NA
Caudate	-0.34464689238073454	40.84159935677822	NA	7.6099117741072595	NA
Caudate	-0.34464689238073454	41.01764073331605	NA	7.586901816755209	NA
Caudate	-0.34464689238073454	41.19368210985389	NA	7.5639592525841115	NA
Caudate	-0.34464689238073454	41.36972348639173	NA	7.541081832251927	NA
Caudate	-0.34464689238073454	41.545764862929566	NA	7.518267382874502	NA
Caudate	-0.34464689238073454	41.7218062394674	NA	7.495513805419346	NA
Caudate	-0.34464689238073454	41.89784761600524	NA	7.4728190721881775	NA
Caudate	-0.34464689238073454	42.073888992543075	NA	7.450181224385419	NA
Caudate	-0.34464689238073454	42.249930369080914	NA	7.4275983697695525	NA
Caudate	-0.34464689238073454	42.42597174561875	NA	7.405068680384572	NA
Caudate	-0.34464689238073454	42.602013122156585	NA	7.382590390368818	NA
Caudate	-0.34464689238073454	42.778054498694424	NA	7.360161793838538	NA
Caudate	-0.34464689238073454	42.84464689238074	7.156590476747497	7.35169016106471	0.9806967120621216
Caudate	-0.34464689238073454	42.95409587523226	NA	7.337781242843611	NA
Caudate	-0.34464689238073454	43.1301372517701	NA	7.315447145392977	NA
Caudate	-0.34464689238073454	43.30617862830793	NA	7.293157963547412	NA
Caudate	-0.34464689238073454	43.48222000484577	NA	7.270912211577352	NA
Caudate	-0.34464689238073454	43.65826138138361	NA	7.248708454183543	NA
Caudate	-0.34464689238073454	43.83430275792145	NA	7.226545304778323	NA
Caudate	-0.34464689238073454	44.01034413445928	NA	7.204421423825576	NA
Caudate	-0.34464689238073454	44.18638551099712	NA	7.182335517237251	NA
Caudate	-0.34464689238073454	44.36242688753496	NA	7.1602863348246055	NA
Caudate	-0.34464689238073454	44.5384682640728	NA	7.138272668802212	NA
Caudate	-0.34464689238073454	44.71450964061063	NA	7.116293352342996	NA
Caudate	-0.34464689238073454	44.89055101714847	NA	7.09434725818259	NA
Caudate	-0.34464689238073454	45.06659239368631	NA	7.072433297271223	NA
Caudate	-0.34464689238073454	45.242633770224145	NA	7.050550417471607	NA
Caudate	-0.34464689238073454	45.418675146761984	NA	7.028911367586715	NA
Caudate	-0.34464689238073454	45.594716523299816	NA	7.007635209131443	NA
Caudate	-0.34464689238073454	45.770757899837655	NA	6.986596150320218	NA
Caudate	-0.34464689238073454	45.946799276375494	NA	6.965786976954905	NA
Caudate	-0.34464689238073454	46.12284065291333	NA	6.945200716321217	NA
Caudate	-0.34464689238073454	46.298882029451164	NA	6.924830628976663	NA
Caudate	-0.34464689238073454	46.474923405989	NA	6.904670200818436	NA
Caudate	-0.34464689238073454	46.65096478252684	NA	6.884713135421665	NA
Caudate	-0.34464689238073454	46.82700615906468	NA	6.864953346638917	NA
Caudate	-0.34464689238073454	47.00304753560251	NA	6.8453849514519	NA
Caudate	-0.34464689238073454	47.17908891214035	NA	6.8260022630669	NA
Caudate	-0.34464689238073454	47.35513028867819	NA	6.806799784245534	NA
Caudate	-0.34464689238073454	47.53117166521603	NA	6.787772200862899	NA
Caudate	-0.34464689238073454	47.70721304175386	NA	6.768914375685204	NA
Caudate	-0.34464689238073454	47.84464689238074	6.82029786909191	6.754307162567903	0.9299535001547254
Caudate	-0.34464689238073454	47.8832544182917	NA	6.750221342359616	NA
Caudate	-0.34464689238073454	48.05929579482954	NA	6.731688318994312	NA
Caudate	-0.34464689238073454	48.23533717136738	NA	6.71331064746032	NA
Caudate	-0.34464689238073454	48.411378547905215	NA	6.69508383563188	NA
Caudate	-0.34464689238073454	48.58741992444305	NA	6.677003544636501	NA
Caudate	-0.34464689238073454	48.763461300980886	NA	6.659065579365348	NA
Caudate	-0.34464689238073454	48.939502677518725	NA	6.641265883592178	NA
Caudate	-0.34464689238073454	49.115544054056564	NA	6.623600535258614	NA
Caudate	-0.34464689238073454	49.291585430594395	NA	6.606065741920109	NA
Caudate	-0.34464689238073454	49.467626807132234	NA	6.588657836347139	NA
Caudate	-0.34464689238073454	49.64366818367007	NA	6.571373272276249	NA
Caudate	-0.34464689238073454	49.81970956020791	NA	6.554208620305989	NA
Caudate	-0.34464689238073454	49.99575093674574	NA	6.537160563932586	NA
Caudate	-0.34464689238073454	50.17179231328358	NA	6.520225895720821	NA
Caudate	-0.34464689238073454	50.34783368982142	NA	6.503401513605334	NA
Caudate	-0.34464689238073454	50.52387506635926	NA	6.486684417317929	NA
Caudate	-0.34464689238073454	50.69991644289709	NA	6.47007170493674	NA
Caudate	-0.34464689238073454	50.87595781943493	NA	6.453560569552817	NA
Caudate	-0.34464689238073454	51.05199919597277	NA	6.437148296050408	NA
Caudate	-0.34464689238073454	51.22804057251061	NA	6.420832257996919	NA
Caudate	-0.34464689238073454	51.40408194904845	NA	6.404609914638781	NA
Caudate	-0.34464689238073454	51.58012332558628	NA	6.388478807999751	NA
Caudate	-0.34464689238073454	51.75616470212412	NA	6.372436560077985	NA
Caudate	-0.34464689238073454	51.932206078661956	NA	6.356480870138672	NA
Caudate	-0.34464689238073454	52.108247455199795	NA	6.340609512098846	NA
Caudate	-0.34464689238073454	52.284288831737626	NA	6.324820332001324	NA
Caudate	-0.34464689238073454	52.460330208275465	NA	6.309111245574659	NA
Caudate	-0.34464689238073454	52.636371584813304	NA	6.2934802358762205	NA
Caudate	-0.34464689238073454	52.81241296135114	NA	6.277925351015557	NA
Caudate	-0.34464689238073454	52.84464689238074	6.390353329249818	6.275085258754297	0.88530688396593
Caudate	-0.34464689238073454	52.988454337888975	NA	6.262444701955318	NA
Caudate	-0.34464689238073454	53.16449571442681	NA	6.24703646038704	NA
Caudate	-0.34464689238073454	53.34053709096465	NA	6.2316988566793	NA
Caudate	-0.34464689238073454	53.51657846750249	NA	6.216430177895734	NA
Caudate	-0.34464689238073454	53.69261984404033	NA	6.2012287658805745	NA
Caudate	-0.34464689238073454	53.86866122057816	NA	6.186093015409345	NA
Caudate	-0.34464689238073454	54.044702597116	NA	6.171021372402578	NA
Caudate	-0.34464689238073454	54.22074397365384	NA	6.156012332200274	NA
Caudate	-0.34464689238073454	54.39678535019168	NA	6.141064437895235	NA
Caudate	-0.34464689238073454	54.57282672672951	NA	6.126176278722993	NA
Caudate	-0.34464689238073454	54.74886810326735	NA	6.111346488506687	NA
Caudate	-0.34464689238073454	54.92490947980519	NA	6.096573744154785	NA
Caudate	-0.34464689238073454	55.100950856343026	NA	6.081856764210011	NA
Caudate	-0.34464689238073454	55.27699223288086	NA	6.067194307447634	NA
Caudate	-0.34464689238073454	55.453033609418696	NA	6.052585171521462	NA
Caudate	-0.34464689238073454	55.629074985956535	NA	6.0380281916559415	NA
Caudate	-0.34464689238073454	55.805116362494374	NA	6.023522239382744	NA
Caudate	-0.34464689238073454	55.981157739032206	NA	6.00906622470867	NA
Caudate	-0.34464689238073454	56.157199115570045	NA	5.994659088610488	NA
Caudate	-0.34464689238073454	56.33324049210788	NA	5.98029980024446	NA
Caudate	-0.34464689238073454	56.50928186864572	NA	5.965987364589288	NA
Caudate	-0.34464689238073454	56.68532324518356	NA	5.951720817229628	NA
Caudate	-0.34464689238073454	56.86136462172139	NA	5.937499223329694	NA
Caudate	-0.34464689238073454	57.03740599825923	NA	5.923321676641742	NA
Caudate	-0.34464689238073454	57.21344737479707	NA	5.909187298548273	NA
Caudate	-0.34464689238073454	57.38948875133491	NA	5.895095237136859	NA
Caudate	-0.34464689238073454	57.56553012787274	NA	5.8810446663063924	NA
Caudate	-0.34464689238073454	57.74157150441058	NA	5.867034784903735	NA
Caudate	-0.34464689238073454	57.84464689238074	5.746594996911975	5.858850324618938	0.8456200491680635
Caudate	-0.34464689238073454	57.91761288094842	NA	5.853064815889752	NA
Caudate	-0.34464689238073454	58.09365425748626	NA	5.839134005533644	NA
Caudate	-0.34464689238073454	58.26969563402409	NA	5.825241622634722	NA
Caudate	-0.34464689238073454	58.44573701056193	NA	5.811386957770601	NA
Caudate	-0.34464689238073454	58.621778387099766	NA	5.797569322571	NA
Caudate	-0.34464689238073454	58.797819763637605	NA	5.783788049016135	NA
Caudate	-0.34464689238073454	58.97386114017544	NA	5.7700424887590245	NA
Caudate	-0.34464689238073454	59.149902516713276	NA	5.756332012470824	NA
Caudate	-0.34464689238073454	59.325943893251115	NA	5.74265600920836	NA
Caudate	-0.34464689238073454	59.50198526978895	NA	5.72901388580317	NA
Caudate	-0.34464689238073454	59.67802664632679	NA	5.7154050662713045	NA
Caudate	-0.34464689238073454	59.854068022864624	NA	5.701828991243172	NA
Caudate	-0.34464689238073454	60.03010939940246	NA	5.688285117412724	NA
Caudate	-0.34464689238073454	60.2061507759403	NA	5.674825329740216	NA
Caudate	-0.34464689238073454	60.38219215247814	NA	5.661519941612467	NA
Caudate	-0.34464689238073454	60.55823352901597	NA	5.648335693264951	NA
Caudate	-0.34464689238073454	60.73427490555381	NA	5.6352693731611465	NA
Caudate	-0.34464689238073454	60.91031628209165	NA	5.62231787448556	NA
Caudate	-0.34464689238073454	61.08635765862949	NA	5.609478191597305	NA
Caudate	-0.34464689238073454	61.26239903516732	NA	5.596747416604515	NA
Caudate	-0.34464689238073454	61.43844041170516	NA	5.584122736055456	NA
Caudate	-0.34464689238073454	61.614481788243	NA	5.571601427742389	NA
Caudate	-0.34464689238073454	61.790523164780836	NA	5.559180857614247	NA
Caudate	-0.34464689238073454	61.966564541318675	NA	5.5468584767945295	NA
Caudate	-0.34464689238073454	62.14260591785651	NA	5.534631818700745	NA
Caudate	-0.34464689238073454	62.318647294394346	NA	5.52249849626199	NA
Caudate	-0.34464689238073454	62.494688670932184	NA	5.510456199231279	NA
Caudate	-0.34464689238073454	62.67073004747002	NA	5.498502691589436	NA
Caudate	-0.34464689238073454	62.84464689238074	5.64719274688796	5.486778540018612	0.8117140878636057
Caudate	-0.34464689238073454	62.846771424007855	NA	5.486635809037348	NA
Caudate	-0.34464689238073454	63.022812800545694	NA	5.474853456573709	NA
Caudate	-0.34464689238073454	63.19885417708353	NA	5.4631536061551556	NA
Caudate	-0.34464689238073454	63.37489555362137	NA	5.451534294436167	NA
Caudate	-0.34464689238073454	63.5509369301592	NA	5.4399936205858515	NA
Caudate	-0.34464689238073454	63.72697830669704	NA	5.428529744179108	NA
Caudate	-0.34464689238073454	63.90301968323488	NA	5.417140884175763	NA
Caudate	-0.34464689238073454	64.07906105977271	NA	5.4058253237884255	NA
Caudate	-0.34464689238073454	64.25510243631055	NA	5.3945813814860575	NA
Caudate	-0.34464689238073454	64.43114381284839	NA	5.383407438801299	NA
Caudate	-0.34464689238073454	64.60718518938623	NA	5.372301928156612	NA
Caudate	-0.34464689238073454	64.78322656592407	NA	5.36126333115119	NA
Caudate	-0.34464689238073454	64.9592679424619	NA	5.350290176906213	NA
Caudate	-0.34464689238073454	65.13530931899975	NA	5.3393810404663435	NA
Caudate	-0.34464689238073454	65.31135069553758	NA	5.328534541255684	NA
Caudate	-0.34464689238073454	65.48739207207541	NA	5.317749341586271	NA
Caudate	-0.34464689238073454	65.66343344861325	NA	5.307024145217306	NA
Caudate	-0.34464689238073454	65.83947482515109	NA	5.296357695963399	NA
Caudate	-0.34464689238073454	66.01551620168892	NA	5.285748776350203	NA
Caudate	-0.34464689238073454	66.19155757822676	NA	5.275196206315747	NA
Caudate	-0.34464689238073454	66.3675989547646	NA	5.264698841955973	NA
Caudate	-0.34464689238073454	66.54364033130244	NA	5.254255574312923	NA
Caudate	-0.34464689238073454	66.71968170784028	NA	5.243865328204167	NA
Caudate	-0.34464689238073454	66.8957230843781	NA	5.23352706109202	NA
Caudate	-0.34464689238073454	67.07176446091594	NA	5.2232397619912225	NA
Caudate	-0.34464689238073454	67.24780583745378	NA	5.213002450413781	NA
Caudate	-0.34464689238073454	67.42384721399162	NA	5.202814175349658	NA
Caudate	-0.34464689238073454	67.59988859052946	NA	5.19267401428211	NA
Caudate	-0.34464689238073454	67.7759299670673	NA	5.1825810722365855	NA
Caudate	-0.34464689238073454	67.84464689238074	5.267467014087999	5.178653947957255	0.7789040092418946
Caudate	-0.34464689238073454	67.95197134360514	NA	5.172534480861808	NA
Caudate	-0.34464689238073454	68.12801272014298	NA	5.1625333975422185	NA
Caudate	-0.34464689238073454	68.30405409668082	NA	5.152577004540513	NA
Caudate	-0.34464689238073454	68.48009547321864	NA	5.1426645081693545	NA
Caudate	-0.34464689238073454	68.65613684975648	NA	5.132795137991198	NA
Caudate	-0.34464689238073454	68.83217822629432	NA	5.122968146045329	NA
Caudate	-0.34464689238073454	69.00821960283216	NA	5.113182806101125	NA
Caudate	-0.34464689238073454	69.18426097937	NA	5.103438412936722	NA
Caudate	-0.34464689238073454	69.36030235590783	NA	5.093734281642152	NA
Caudate	-0.34464689238073454	69.53634373244567	NA	5.084069746946156	NA
Caudate	-0.34464689238073454	69.71238510898351	NA	5.07444416256584	NA
Caudate	-0.34464689238073454	69.88842648552134	NA	5.06485690057842	NA
Caudate	-0.34464689238073454	70.06446786205917	NA	5.055307350814299	NA
Caudate	-0.34464689238073454	70.24050923859701	NA	5.045794920270732	NA
Caudate	-0.34464689238073454	70.41655061513485	NA	5.036319032545397	NA
Caudate	-0.34464689238073454	70.59259199167269	NA	5.026879127289157	NA
Caudate	-0.34464689238073454	70.76863336821053	NA	5.017474659677427	NA
Caudate	-0.34464689238073454	70.94467474474837	NA	5.008105099899463	NA
Caudate	-0.34464689238073454	71.12071612128621	NA	4.998769932664942	NA
Caudate	-0.34464689238073454	71.29675749782405	NA	4.989468656727299	NA
Caudate	-0.34464689238073454	71.47279887436187	NA	4.980200784423207	NA
Caudate	-0.34464689238073454	71.64884025089971	NA	4.970965841227695	NA
Caudate	-0.34464689238073454	71.82488162743755	NA	4.9617633653243205	NA
Caudate	-0.34464689238073454	72.00092300397539	NA	4.952592910692899	NA
Caudate	-0.34464689238073454	72.17696438051323	NA	4.943454037400883	NA
Caudate	-0.34464689238073454	72.35300575705106	NA	4.9343463179949065	NA
Caudate	-0.34464689238073454	72.5290471335889	NA	4.9252693374831775	NA
Caudate	-0.34464689238073454	72.70508851012674	NA	4.916222691641893	NA
Caudate	-0.34464689238073454	72.84464689238074	4.741950371938938	4.909072190068525	0.7499645091505566
Caudate	-0.34464689238073454	72.88112988666457	NA	4.907205986665672	NA
Caudate	-0.34464689238073454	73.0571712632024	NA	4.898218838829833	NA
Caudate	-0.34464689238073454	73.23321263974024	NA	4.889260874164156	NA
Caudate	-0.34464689238073454	73.40925401627808	NA	4.88033172813757	NA
Caudate	-0.34464689238073454	73.58529539281592	NA	4.871431045353604	NA
Caudate	-0.34464689238073454	73.76133676935376	NA	4.862558479256043	NA
Caudate	-0.34464689238073454	73.9373781458916	NA	4.853713691844624	NA
Caudate	-0.34464689238073454	74.11341952242944	NA	4.844896353400276	NA
Caudate	-0.34464689238073454	74.28946089896728	NA	4.836106142219678	NA
Caudate	-0.34464689238073454	74.4655022755051	NA	4.82734274435872	NA
Caudate	-0.34464689238073454	74.64154365204294	NA	4.818605853384724	NA
Caudate	-0.34464689238073454	74.81758502858078	NA	4.809895170136932	NA
Caudate	-0.34464689238073454	74.99362640511862	NA	4.801210402495139	NA
Caudate	-0.34464689238073454	75.16966778165646	NA	4.7925512651560895	NA
Caudate	-0.34464689238073454	75.3457091581943	NA	4.7839174794174495	NA
Caudate	-0.34464689238073454	75.52175053473213	NA	4.775308772969016	NA
Caudate	-0.34464689238073454	75.69779191126997	NA	4.766724879691025	NA
Caudate	-0.34464689238073454	75.8738332878078	NA	4.758165539459181	NA
Caudate	-0.34464689238073454	76.04987466434564	NA	4.749630497956291	NA
Caudate	-0.34464689238073454	76.22591604088348	NA	4.741119506490254	NA
Caudate	-0.34464689238073454	76.40195741742131	NA	4.732632321818129	NA
Caudate	-0.34464689238073454	76.57799879395915	NA	4.724168705976168	NA
Caudate	-0.34464689238073454	76.75404017049699	NA	4.715728426115516	NA
Caudate	-0.34464689238073454	76.93008154703483	NA	4.707311254343478	NA
Caudate	-0.34464689238073454	77.10612292357267	NA	4.698916967570073	NA
Caudate	-0.34464689238073454	77.28216430011051	NA	4.690545347359775	NA
Caudate	-0.34464689238073454	77.45820567664833	NA	4.682196179788228	NA
Caudate	-0.34464689238073454	77.63424705318617	NA	4.6738692553037176	NA
Caudate	-0.34464689238073454	77.81028842972401	NA	4.665564368593365	NA
Caudate	-0.34464689238073454	77.84464689238074	4.67280963636373	4.66394602683639	0.7251953667779288
Caudate	-0.34464689238073454	77.98632980626185	NA	4.657281318453743	NA
Caudate	-0.34464689238073454	78.16237118279969	NA	4.649019907665846	NA
Caudate	-0.34464689238073454	78.33841255933753	NA	4.640779942874252	NA
Caudate	-0.34464689238073454	78.51445393587537	NA	4.632561234470323	NA
Caudate	-0.34464689238073454	78.6904953124132	NA	4.624363596479283	NA
Caudate	-0.34464689238073454	78.86653668895104	NA	4.616186846451138	NA
Caudate	-0.34464689238073454	79.04257806548887	NA	4.608030805355161	NA
Caudate	-0.34464689238073454	79.21861944202671	NA	4.599895297477933	NA
Caudate	-0.34464689238073454	79.39466081856455	NA	4.591780150324807	NA
Caudate	-0.34464689238073454	79.57070219510238	NA	4.583685194524611	NA
Caudate	-0.34464689238073454	79.74674357164022	NA	4.575610263737585	NA
Caudate	-0.34464689238073454	79.92278494817806	NA	4.567555195658951	NA
Caudate	-0.34464689238073454	80.0988263247159	NA	4.5595198305343105	NA
Caudate	-0.34464689238073454	80.27486770125374	NA	4.551504008669091	NA
Caudate	-0.34464689238073454	80.45090907779156	NA	4.543507574989006	NA
Caudate	-0.34464689238073454	80.6269504543294	NA	4.535530377034566	NA
Caudate	-0.34464689238073454	80.80299183086724	NA	4.527572264885875	NA
Caudate	-0.34464689238073454	80.97903320740508	NA	4.519633091089934	NA
Caudate	-0.34464689238073454	81.15507458394292	NA	4.511712710590332	NA
Caudate	-0.34464689238073454	81.33111596048076	NA	4.5038109806592805	NA
Caudate	-0.34464689238073454	81.5071573370186	NA	4.495927760831861	NA
Caudate	-0.34464689238073454	81.68319871355644	NA	4.488062912842514	NA
Caudate	-0.34464689238073454	81.85924009009427	NA	4.480216300563531	NA
Caudate	-0.34464689238073454	82.0352814666321	NA	4.472387789945658	NA
Caudate	-0.34464689238073454	82.21132284316994	NA	4.464577248960583	NA
Caudate	-0.34464689238073454	82.38736421970778	NA	4.456784547545361	NA
Caudate	-0.34464689238073454	82.56340559624562	NA	4.4490095575486635	NA
Caudate	-0.34464689238073454	82.73944697278345	NA	4.441252152678767	NA
Caudate	-0.34464689238073454	82.84464689238074	4.393086034499195	4.436624777130284	0.7021197486030172
Caudate	-0.34464689238073454	82.9154883493213	NA	4.433512208453254	NA
Caudate	-0.34464689238073454	83.09152972585913	NA	4.425789602150385	NA
Caudate	-0.34464689238073454	83.26757110239697	NA	4.418084212762011	NA
Caudate	-0.34464689238073454	83.4436124789348	NA	4.410395920948091	NA
Caudate	-0.34464689238073454	83.61965385547263	NA	4.402724608992638	NA
Caudate	-0.34464689238073454	83.79569523201047	NA	4.395070160761103	NA
Caudate	-0.34464689238073454	83.97173660854831	NA	4.387432461659197	NA
Caudate	-0.34464689238073454	84.14777798508615	NA	4.3798113985929845	NA
Caudate	-0.34464689238073454	84.32381936162399	NA	4.372206859930329	NA
Caudate	-0.34464689238073454	84.49986073816183	NA	4.3646187354635355	NA
Caudate	-0.34464689238073454	84.67590211469967	NA	4.357046916373235	NA
Caudate	-0.34464689238073454	84.8519434912375	NA	4.349491295193448	NA
Caudate	-0.34464689238073454	85.02798486777533	NA	4.341951765777731	NA
Caudate	-0.34464689238073454	85.20402624431317	NA	4.334428223266445	NA
Caudate	-0.34464689238073454	85.38006762085101	NA	4.326920564055078	NA
Caudate	-0.34464689238073454	85.55610899738885	NA	4.319428685763539	NA
Caudate	-0.34464689238073454	85.73215037392669	NA	4.311952487206532	NA
Caudate	-0.34464689238073454	85.90819175046452	NA	4.304491868364757	NA
Caudate	-0.34464689238073454	86.08423312700236	NA	4.2970467303571205	NA
Caudate	-0.34464689238073454	86.2602745035402	NA	4.2896169754137885	NA
Caudate	-0.34464689238073454	86.43631588007803	NA	4.282202506850126	NA
Caudate	-0.34464689238073454	86.61235725661587	NA	4.274803229041423	NA
Caudate	-0.34464689238073454	86.7883986331537	NA	4.267419047398464	NA
Caudate	-0.34464689238073454	86.96444000969154	NA	4.260049868343818	NA
Caudate	-0.34464689238073454	87.14048138622938	NA	4.252695599288957	NA
Caudate	-0.34464689238073454	87.31652276276722	NA	4.245356148611999	NA
Caudate	-0.34464689238073454	87.49256413930506	NA	4.238031425636235	NA
Caudate	-0.34464689238073454	87.6686055158429	NA	4.230721340609241	NA
Caudate	-0.34464689238073454	87.84464689238074	4.256491830280564	4.223398624720541	0.6823460271913812
Frontal	-0.34464689238073454	0	0	-1.9165205437222683e-14	0
Frontal	-0.34464689238073454	0.17604137653783714	NA	2.5656955385814728e-5	NA
Frontal	-0.34464689238073454	0.35208275307567427	NA	6.409221484804114e-5	NA
Frontal	-0.34464689238073454	0.5281241296135114	NA	4.541226818362852e-4	NA
Frontal	-0.34464689238073454	0.5946468923807345	0.00618230312355994	7.027678042519277e-4	0.4979955609317893
Frontal	-0.34464689238073454	0.7041655061513485	NA	0.0011971457764388092	NA
Frontal	-0.34464689238073454	0.8802068826891857	NA	0.22604756472244608	NA
Frontal	-0.34464689238073454	1.0562482592270228	NA	1.5966428597512774	NA
Frontal	-0.34464689238073454	1.0946468923807346	1.153920987600223	1.9721068162171829	0.5935966379574875
Frontal	-0.34464689238073454	1.23228963576486	NA	3.5573060119626114	NA
Frontal	-0.34464689238073454	1.408331012302697	NA	6.131342493444489	NA
Frontal	-0.34464689238073454	1.584372388840534	NA	9.009351141987915	NA
Frontal	-0.34464689238073454	1.5946468923807346	8.731622014150277	9.169422274953163	0.7747364380991829
Frontal	-0.34464689238073454	1.7604137653783714	NA	11.795555847052155	NA
Frontal	-0.34464689238073454	1.9364551419162086	NA	14.853818043337453	NA
Frontal	-0.34464689238073454	2.0946468923807346	18.79904116242643	17.905845886414156	0.9046305710011072
Frontal	-0.34464689238073454	2.1124965184540456	NA	18.265085780005485	NA
Frontal	-0.34464689238073454	2.2885378949918826	NA	21.965280669654618	NA
Frontal	-0.34464689238073454	2.46457927152972	NA	25.931351096887326	NA
Frontal	-0.34464689238073454	2.5946468923807346	29.730772158875435	28.608268204375516	1.0084564834937169
Frontal	-0.34464689238073454	2.640620648067557	NA	29.5207108813376	NA
Frontal	-0.34464689238073454	2.816662024605394	NA	32.88676652688296	NA
Frontal	-0.34464689238073454	2.992703401143231	NA	34.74338387271456	NA
Frontal	-0.34464689238073454	3.0946468923807346	35.35770146205042	35.13745391481996	1.05184710143084
Frontal	-0.34464689238073454	3.168744777681068	NA	35.26366844423108	NA
Frontal	-0.34464689238073454	3.3447861542189057	NA	35.76625549523695	NA
Frontal	-0.34464689238073454	3.5208275307567427	NA	35.85451483337621	NA
Frontal	-0.34464689238073454	3.6968689072945797	NA	35.81828260398499	NA
Frontal	-0.34464689238073454	3.8446468923807346	35.48458828637504	35.79131154071822	1.2771234363638424
Frontal	-0.34464689238073454	3.872910283832417	NA	35.779050507243475	NA
Frontal	-0.34464689238073454	4.048951660370254	NA	35.65262063735673	NA
Frontal	-0.34464689238073454	4.224993036908091	NA	35.44219896323423	NA
Frontal	-0.34464689238073454	4.401034413445928	NA	35.15085428297031	NA
Frontal	-0.34464689238073454	4.577075789983765	NA	34.781524179090695	NA
Frontal	-0.34464689238073454	4.753117166521602	NA	34.33702071492255	NA
Frontal	-0.34464689238073454	4.844646892380735	33.16586721766585	34.07713003859313	1.2409533465925953
Frontal	-0.34464689238073454	4.92915854305944	NA	33.82003588334268	NA
Frontal	-0.34464689238073454	5.105199919597277	NA	33.23314681866923	NA
Frontal	-0.34464689238073454	5.281241296135114	NA	32.578820781994274	NA
Frontal	-0.34464689238073454	5.457282672672951	NA	31.95343255019461	NA
Frontal	-0.34464689238073454	5.633324049210788	NA	31.36496617184483	NA
Frontal	-0.34464689238073454	5.809365425748625	NA	30.795594142758425	NA
Frontal	-0.34464689238073454	5.844646892380735	30.321427444680513	30.68369620156966	1.1990027673150705
Frontal	-0.34464689238073454	5.985406802286462	NA	30.244431139821874	NA
Frontal	-0.34464689238073454	6.161448178824299	NA	29.710630538777185	NA
Frontal	-0.34464689238073454	6.337489555362136	NA	29.193382730968505	NA
Frontal	-0.34464689238073454	6.513530931899974	NA	28.691913513272294	NA
Frontal	-0.34464689238073454	6.689572308437811	NA	28.20548254802936	NA
Frontal	-0.34464689238073454	6.865613684975648	NA	27.73338188993544	NA
Frontal	-0.34464689238073454	7.041655061513485	NA	27.27493457697921	NA
Frontal	-0.34464689238073454	7.217696438051322	NA	26.829493282643128	NA
Frontal	-0.34464689238073454	7.344646892380735	26.50829160738909	26.515996788149227	1.4086112960853336
Frontal	-0.34464689238073454	7.3937378145891595	NA	26.396439026703938	NA
Frontal	-0.34464689238073454	7.5697791911269965	NA	25.97517994208469	NA
Frontal	-0.34464689238073454	7.745820567664834	NA	25.56515009532201	NA
Frontal	-0.34464689238073454	7.921861944202671	NA	25.165808358317076	NA
Frontal	-0.34464689238073454	8.097903320740508	NA	24.776638268171173	NA
Frontal	-0.34464689238073454	8.273944697278345	NA	24.397144596582848	NA
Frontal	-0.34464689238073454	8.449986073816182	NA	24.02685378757126	NA
Frontal	-0.34464689238073454	8.62602745035402	NA	23.665313610622352	NA
Frontal	-0.34464689238073454	8.802068826891857	NA	23.312091693349867	NA
Frontal	-0.34464689238073454	8.978110203429694	NA	22.966774657405598	NA
Frontal	-0.34464689238073454	9.15415157996753	NA	22.628967291959103	NA
Frontal	-0.34464689238073454	9.330192956505368	NA	22.298291763113788	NA
Frontal	-0.34464689238073454	9.344646892380734	22.562828998322985	22.271446875686564	1.3144617490295751
Frontal	-0.34464689238073454	9.506234333043205	NA	21.974386857696615	NA
Frontal	-0.34464689238073454	9.682275709581042	NA	21.65690725992751	NA
Frontal	-0.34464689238073454	9.85831708611888	NA	21.345522859538388	NA
Frontal	-0.34464689238073454	10.034358462656717	NA	21.03991808997512	NA
Frontal	-0.34464689238073454	10.210399839194555	NA	20.73980310619414	NA
Frontal	-0.34464689238073454	10.386441215732392	NA	20.454828872876323	NA
Frontal	-0.34464689238073454	10.562482592270229	NA	20.18207545418233	NA
Frontal	-0.34464689238073454	10.738523968808066	NA	19.9201590269673	NA
Frontal	-0.34464689238073454	10.914565345345903	NA	19.66859838651757	NA
Frontal	-0.34464689238073454	11.09060672188374	NA	19.42693328692169	NA
Frontal	-0.34464689238073454	11.266648098421577	NA	19.19472352972768	NA
Frontal	-0.34464689238073454	11.442689474959414	NA	18.97154809222189	NA
Frontal	-0.34464689238073454	11.61873085149725	NA	18.75700429360711	NA
Frontal	-0.34464689238073454	11.794772228035088	NA	18.550706997431988	NA
Frontal	-0.34464689238073454	11.970813604572925	NA	18.352287848695994	NA
Frontal	-0.34464689238073454	12.146854981110762	NA	18.161394544122114	NA
Frontal	-0.34464689238073454	12.322896357648599	NA	17.977690134155516	NA
Frontal	-0.34464689238073454	12.498937734186436	NA	17.80085235530875	NA
Frontal	-0.34464689238073454	12.674979110724273	NA	17.630572991534155	NA
Frontal	-0.34464689238073454	12.844646892380734	18.220781077425137	17.47238747950448	1.60001642972666
Frontal	-0.34464689238073454	12.851020487262112	NA	17.466557263361672	NA
Frontal	-0.34464689238073454	13.027061863799949	NA	17.30852324359457	NA
Frontal	-0.34464689238073454	13.203103240337786	NA	17.15620129840901	NA
Frontal	-0.34464689238073454	13.379144616875623	NA	17.009333552752377	NA
Frontal	-0.34464689238073454	13.55518599341346	NA	16.86767337898449	NA
Frontal	-0.34464689238073454	13.731227369951297	NA	16.73098490775105	NA
Frontal	-0.34464689238073454	13.907268746489134	NA	16.599042560122417	NA
Frontal	-0.34464689238073454	14.08331012302697	NA	16.47163060007378	NA
Frontal	-0.34464689238073454	14.259351499564808	NA	16.34854270642197	NA
Frontal	-0.34464689238073454	14.435392876102645	NA	16.229581563373085	NA
Frontal	-0.34464689238073454	14.611434252640482	NA	16.114558468871895	NA
Frontal	-0.34464689238073454	14.787475629178319	NA	16.003292959979003	NA
Frontal	-0.34464689238073454	14.963517005716156	NA	15.895612454535552	NA
Frontal	-0.34464689238073454	15.139558382253993	NA	15.791351908407314	NA
Frontal	-0.34464689238073454	15.31559975879183	NA	15.690353487630762	NA
Frontal	-0.34464689238073454	15.491641135329669	NA	15.590705019441918	NA
Frontal	-0.34464689238073454	15.667682511867506	NA	15.494433304400713	NA
Frontal	-0.34464689238073454	15.843723888405343	NA	15.401434750411003	NA
Frontal	-0.34464689238073454	16.019765264943178	NA	15.311561017579503	NA
Frontal	-0.34464689238073454	16.195806641481017	NA	15.224670300315704	NA
Frontal	-0.34464689238073454	16.371848018018852	NA	15.140626464973712	NA
Frontal	-0.34464689238073454	16.54788939455669	NA	15.059299650992898	NA
Frontal	-0.34464689238073454	16.723930771094526	NA	14.980565666622171	NA
Frontal	-0.34464689238073454	16.899972147632365	NA	14.904305742377723	NA
Frontal	-0.34464689238073454	17.076013524170204	NA	14.830406295219836	NA
Frontal	-0.34464689238073454	17.25205490070804	NA	14.758758702982496	NA
Frontal	-0.34464689238073454	17.428096277245878	NA	14.689259088610028	NA
Frontal	-0.34464689238073454	17.604137653783713	NA	14.621808113774598	NA
Frontal	-0.34464689238073454	17.780179030321552	NA	14.556310781466589	NA
Frontal	-0.34464689238073454	17.844646892380734	14.777777777835231	14.532796108851901	1.4105531070786514
Frontal	-0.34464689238073454	17.956220406859387	NA	14.492676247167745	NA
Frontal	-0.34464689238073454	18.132261783397226	NA	14.430817638234059	NA
Frontal	-0.34464689238073454	18.30830315993506	NA	14.37065188113134	NA
Frontal	-0.34464689238073454	18.4843445364729	NA	14.312099536182222	NA
Frontal	-0.34464689238073454	18.660385913010735	NA	14.255084639497797	NA
Frontal	-0.34464689238073454	18.836427289548574	NA	14.199534551781865	NA
Frontal	-0.34464689238073454	19.01246866608641	NA	14.145379813708706	NA
Frontal	-0.34464689238073454	19.188510042624248	NA	14.092554007588694	NA
Frontal	-0.34464689238073454	19.364551419162083	NA	14.040993625048477	NA
Frontal	-0.34464689238073454	19.540592795699922	NA	13.990637940464051	NA
Frontal	-0.34464689238073454	19.71663417223776	NA	13.941428889896825	NA
Frontal	-0.34464689238073454	19.892675548775596	NA	13.893310955293195	NA
Frontal	-0.34464689238073454	20.068716925313435	NA	13.846231053719023	NA
Frontal	-0.34464689238073454	20.24475830185127	NA	13.800138431410032	NA
Frontal	-0.34464689238073454	20.42079967838911	NA	13.754984562428604	NA
Frontal	-0.34464689238073454	20.596841054926944	NA	13.710723051726983	NA
Frontal	-0.34464689238073454	20.772882431464783	NA	13.66730954242512	NA
Frontal	-0.34464689238073454	20.94892380800262	NA	13.624701627119931	NA
Frontal	-0.34464689238073454	21.124965184540457	NA	13.582858763050815	NA
Frontal	-0.34464689238073454	21.301006561078292	NA	13.541742190953679	NA
Frontal	-0.34464689238073454	21.47704793761613	NA	13.501314857443106	NA
Frontal	-0.34464689238073454	21.653089314153966	NA	13.461541340769358	NA
Frontal	-0.34464689238073454	21.829130690691805	NA	13.422387779803405	NA
Frontal	-0.34464689238073454	22.00517206722964	NA	13.383821806109692	NA
Frontal	-0.34464689238073454	22.18121344376748	NA	13.345812478972393	NA
Frontal	-0.34464689238073454	22.357254820305315	NA	13.308330223246681	NA
Frontal	-0.34464689238073454	22.533296196843153	NA	13.271346769912338	NA
Frontal	-0.34464689238073454	22.709337573380992	NA	13.23483509921206	NA
Frontal	-0.34464689238073454	22.844646892380734	13.119681717606818	13.207075782897617	1.287011358274444
Frontal	-0.34464689238073454	22.885378949918827	NA	13.19876938626215	NA
Frontal	-0.34464689238073454	23.061420326456666	NA	13.163124949028221	NA
Frontal	-0.34464689238073454	23.2374617029945	NA	13.127878198562822	NA
Frontal	-0.34464689238073454	23.41350307953234	NA	13.09300659140691	NA
Frontal	-0.34464689238073454	23.589544456070175	NA	13.058488584060985	NA
Frontal	-0.34464689238073454	23.765585832608014	NA	13.02430358943588	NA
Frontal	-0.34464689238073454	23.94162720914585	NA	12.990431935197176	NA
Frontal	-0.34464689238073454	24.11766858568369	NA	12.956854862265686	NA
Frontal	-0.34464689238073454	24.293709962221524	NA	12.923554370518557	NA
Frontal	-0.34464689238073454	24.469751338759362	NA	12.890513295941139	NA
Frontal	-0.34464689238073454	24.645792715297198	NA	12.857715244056383	NA
Frontal	-0.34464689238073454	24.821834091835036	NA	12.825144552489787	NA
Frontal	-0.34464689238073454	24.99787546837287	NA	12.792786259067695	NA
Frontal	-0.34464689238073454	25.17391684491071	NA	12.760626071302683	NA
Frontal	-0.34464689238073454	25.349958221448546	NA	12.72865033720608	NA
Frontal	-0.34464689238073454	25.525999597986385	NA	12.696846017369472	NA
Frontal	-0.34464689238073454	25.702040974524223	NA	12.665200658260414	NA
Frontal	-0.34464689238073454	25.87808235106206	NA	12.633702366679316	NA
Frontal	-0.34464689238073454	26.054123727599897	NA	12.602339785327139	NA
Frontal	-0.34464689238073454	26.230165104137733	NA	12.571102069435534	NA
Frontal	-0.34464689238073454	26.40620648067557	NA	12.539978864413305	NA
Frontal	-0.34464689238073454	26.582247857213407	NA	12.508960284464973	NA
Frontal	-0.34464689238073454	26.758289233751245	NA	12.478036892139093	NA
Frontal	-0.34464689238073454	26.93433061028908	NA	12.44719967876612	NA
Frontal	-0.34464689238073454	27.11037198682692	NA	12.416440045746876	NA
Frontal	-0.34464689238073454	27.286413363364755	NA	12.385749786655046	NA
Frontal	-0.34464689238073454	27.462454739902594	NA	12.355121070117526	NA
Frontal	-0.34464689238073454	27.63849611644043	NA	12.324546423439855	NA
Frontal	-0.34464689238073454	27.814537492978268	NA	12.294018716943551	NA
Frontal	-0.34464689238073454	27.844646892380734	11.994865977372328	12.288801585390534	1.1896174610375203
Frontal	-0.34464689238073454	27.990578869516103	NA	12.263531148984644	NA
Frontal	-0.34464689238073454	28.16662024605394	NA	12.233077231623856	NA
Frontal	-0.34464689238073454	28.34266162259178	NA	12.202650776920024	NA
Frontal	-0.34464689238073454	28.518702999129616	NA	12.172245883819665	NA
Frontal	-0.34464689238073454	28.694744375667455	NA	12.141856925616807	NA
Frontal	-0.34464689238073454	28.87078575220529	NA	12.111478537958233	NA
Frontal	-0.34464689238073454	29.04682712874313	NA	12.081105607370493	NA
Frontal	-0.34464689238073454	29.222868505280964	NA	12.05073326028595	NA
Frontal	-0.34464689238073454	29.398909881818803	NA	12.020356852546154	NA
Frontal	-0.34464689238073454	29.574951258356638	NA	11.98997195936188	NA
Frontal	-0.34464689238073454	29.750992634894477	NA	11.959574365709852	NA
Frontal	-0.34464689238073454	29.927034011432312	NA	11.929160057147223	NA
Frontal	-0.34464689238073454	30.10307538797015	NA	11.898725211025706	NA
Frontal	-0.34464689238073454	30.279116764507986	NA	11.868322997169514	NA
Frontal	-0.34464689238073454	30.455158141045825	NA	11.838323247486318	NA
Frontal	-0.34464689238073454	30.63119951758366	NA	11.808767166224243	NA
Frontal	-0.34464689238073454	30.8072408941215	NA	11.7796339912142	NA
Frontal	-0.34464689238073454	30.983282270659338	NA	11.750903868512133	NA
Frontal	-0.34464689238073454	31.159323647197173	NA	11.72255781289209	NA
Frontal	-0.34464689238073454	31.33536502373501	NA	11.694577670056987	NA
Frontal	-0.34464689238073454	31.511406400272847	NA	11.666946080492352	NA
Frontal	-0.34464689238073454	31.687447776810686	NA	11.639646444891623	NA
Frontal	-0.34464689238073454	31.86348915334852	NA	11.612662891084724	NA
Frontal	-0.34464689238073454	32.039530529886356	NA	11.585980266227526	NA
Frontal	-0.34464689238073454	32.215571906424195	NA	11.559584051662704	NA
Frontal	-0.34464689238073454	32.391613282962034	NA	11.53346035169266	NA
Frontal	-0.34464689238073454	32.56765465949987	NA	11.507595900078098	NA
Frontal	-0.34464689238073454	32.743696036037704	NA	11.481978012701711	NA
Frontal	-0.34464689238073454	32.84464689238074	11.1859202567181	11.467393892449495	1.10923284673891
Frontal	-0.34464689238073454	32.91973741257554	NA	11.456594562239822	NA
Frontal	-0.34464689238073454	33.09577878911338	NA	11.431433953935237	NA
Frontal	-0.34464689238073454	33.27182016565122	NA	11.406485102423392	NA
Frontal	-0.34464689238073454	33.44786154218905	NA	11.381737409566185	NA
Frontal	-0.34464689238073454	33.62390291872689	NA	11.357180743249511	NA
Frontal	-0.34464689238073454	33.79994429526473	NA	11.332805417102632	NA
Frontal	-0.34464689238073454	33.97598567180257	NA	11.3086021710994	NA
Frontal	-0.34464689238073454	34.15202704834041	NA	11.284562153002891	NA
Frontal	-0.34464689238073454	34.32806842487824	NA	11.260676900616819	NA
Frontal	-0.34464689238073454	34.50410980141608	NA	11.23693832480864	NA
Frontal	-0.34464689238073454	34.68015117795392	NA	11.213338693270853	NA
Frontal	-0.34464689238073454	34.856192554491756	NA	11.189870614988328	NA
Frontal	-0.34464689238073454	35.03223393102959	NA	11.166527025380983	NA
Frontal	-0.34464689238073454	35.208275307567426	NA	11.14330117209252	NA
Frontal	-0.34464689238073454	35.384316684105265	NA	11.120186601397052	NA
Frontal	-0.34464689238073454	35.560358060643104	NA	11.097177145196737	NA
Frontal	-0.34464689238073454	35.736399437180935	NA	11.074266908584843	NA
Frontal	-0.34464689238073454	35.912440813718774	NA	11.051450257949533	NA
Frontal	-0.34464689238073454	36.08848219025661	NA	11.028721809594964	NA
Frontal	-0.34464689238073454	36.26452356679445	NA	11.006076418857102	NA
Frontal	-0.34464689238073454	36.440564943332284	NA	10.983509169692892	NA
Frontal	-0.34464689238073454	36.61660631987012	NA	10.961015364721987	NA
Frontal	-0.34464689238073454	36.79264769640796	NA	10.938590515701671	NA
Frontal	-0.34464689238073454	36.9686890729458	NA	10.916230334415753	NA
Frontal	-0.34464689238073454	37.14473044948364	NA	10.893930723959828	NA
Frontal	-0.34464689238073454	37.32077182602147	NA	10.871687770405341	NA
Frontal	-0.34464689238073454	37.49681320255931	NA	10.849497734826263	NA
Frontal	-0.34464689238073454	37.67285457909715	NA	10.827357045672361	NA
Frontal	-0.34464689238073454	37.84464689238074	10.398464823871182	10.805795079217791	1.0403325146640467
Frontal	-0.34464689238073454	37.84889595563499	NA	10.805262291474186	NA
Frontal	-0.34464689238073454	38.02493733217282	NA	10.78321021386529	NA
Frontal	-0.34464689238073454	38.20097870871066	NA	10.761197700907822	NA
Frontal	-0.34464689238073454	38.377020085248496	NA	10.739221780708402	NA
Frontal	-0.34464689238073454	38.553061461786335	NA	10.717279615311652	NA
Frontal	-0.34464689238073454	38.72910283832417	NA	10.695368494859176	NA
Frontal	-0.34464689238073454	38.905144214862005	NA	10.673485832002683	NA
Frontal	-0.34464689238073454	39.081185591399844	NA	10.651629156559943	NA
Frontal	-0.34464689238073454	39.25722696793768	NA	10.629796110403237	NA
Frontal	-0.34464689238073454	39.43326834447552	NA	10.607984442570077	NA
Frontal	-0.34464689238073454	39.609309721013354	NA	10.586192004586524	NA
Frontal	-0.34464689238073454	39.78535109755119	NA	10.56441674599393	NA
Frontal	-0.34464689238073454	39.96139247408903	NA	10.54265671044043	NA
Frontal	-0.34464689238073454	40.13743385062687	NA	10.520910031823057	NA
Frontal	-0.34464689238073454	40.3134752271647	NA	10.499174926932481	NA
Frontal	-0.34464689238073454	40.48951660370254	NA	10.47744969644043	NA
Frontal	-0.34464689238073454	40.66555798024038	NA	10.45573271941992	NA
Frontal	-0.34464689238073454	40.84159935677822	NA	10.434022449919738	NA
Frontal	-0.34464689238073454	41.01764073331605	NA	10.412317413687603	NA
Frontal	-0.34464689238073454	41.19368210985389	NA	10.390616205036162	NA
Frontal	-0.34464689238073454	41.36972348639173	NA	10.36891748384518	NA
Frontal	-0.34464689238073454	41.545764862929566	NA	10.347219972694099	NA
Frontal	-0.34464689238073454	41.7218062394674	NA	10.325522454119373	NA
Frontal	-0.34464689238073454	41.89784761600524	NA	10.303823767991071	NA
Frontal	-0.34464689238073454	42.073888992543075	NA	10.282122809003646	NA
Frontal	-0.34464689238073454	42.249930369080914	NA	10.26041852427579	NA
Frontal	-0.34464689238073454	42.42597174561875	NA	10.238709911054745	NA
Frontal	-0.34464689238073454	42.602013122156585	NA	10.216996014520483	NA
Frontal	-0.34464689238073454	42.778054498694424	NA	10.195275925685378	NA
Frontal	-0.34464689238073454	42.84464689238074	9.811982456479818	10.187057926205119	0.9806967120621216
Frontal	-0.34464689238073454	42.95409587523226	NA	10.173548779385298	NA
Frontal	-0.34464689238073454	43.1301372517701	NA	10.151813752358077	NA
Frontal	-0.34464689238073454	43.30617862830793	NA	10.130070061405554	NA
Frontal	-0.34464689238073454	43.48222000484577	NA	10.108316961635643	NA
Frontal	-0.34464689238073454	43.65826138138361	NA	10.086553744780856	NA
Frontal	-0.34464689238073454	43.83430275792145	NA	10.064779737589989	NA
Frontal	-0.34464689238073454	44.01034413445928	NA	10.0429943002898	NA
Frontal	-0.34464689238073454	44.18638551099712	NA	10.0211968251136	NA
Frontal	-0.34464689238073454	44.36242688753496	NA	9.999386734893942	NA
Frontal	-0.34464689238073454	44.5384682640728	NA	9.97756348171647	NA
Frontal	-0.34464689238073454	44.71450964061063	NA	9.955726545632412	NA
Frontal	-0.34464689238073454	44.89055101714847	NA	9.933875433427069	NA
Frontal	-0.34464689238073454	45.06659239368631	NA	9.912009677441965	NA
Frontal	-0.34464689238073454	45.242633770224145	NA	9.890128834448156	NA
Frontal	-0.34464689238073454	45.418675146761984	NA	9.868453798904639	NA
Frontal	-0.34464689238073454	45.594716523299816	NA	9.847133163025267	NA
Frontal	-0.34464689238073454	45.770757899837655	NA	9.826042117816996	NA
Frontal	-0.34464689238073454	45.946799276375494	NA	9.805171172955442	NA
Frontal	-0.34464689238073454	46.12284065291333	NA	9.784511248859761	NA
Frontal	-0.34464689238073454	46.298882029451164	NA	9.764053658842254	NA
Frontal	-0.34464689238073454	46.474923405989	NA	9.743790092033997	NA
Frontal	-0.34464689238073454	46.65096478252684	NA	9.723712597052792	NA
Frontal	-0.34464689238073454	46.82700615906468	NA	9.703813566381072	NA
Frontal	-0.34464689238073454	47.00304753560251	NA	9.684085721423072	NA
Frontal	-0.34464689238073454	47.17908891214035	NA	9.664522098211497	NA
Frontal	-0.34464689238073454	47.35513028867819	NA	9.645116033735679	NA
Frontal	-0.34464689238073454	47.53117166521603	NA	9.625861152864044	NA
Frontal	-0.34464689238073454	47.70721304175386	NA	9.60675135583514	NA
Frontal	-0.34464689238073454	47.84464689238074	9.358564853671416	9.591929696206682	0.9299535001547254
Frontal	-0.34464689238073454	47.8832544182917	NA	9.587780806292443	NA
Frontal	-0.34464689238073454	48.05929579482954	NA	9.568943935851122	NA
Frontal	-0.34464689238073454	48.23533717136738	NA	9.550235387258303	NA
Frontal	-0.34464689238073454	48.411378547905215	NA	9.531650044065602	NA
Frontal	-0.34464689238073454	48.58741992444305	NA	9.5131830140495	NA
Frontal	-0.34464689238073454	48.763461300980886	NA	9.494829615924804	NA
Frontal	-0.34464689238073454	48.939502677518725	NA	9.476585370180562	NA
Frontal	-0.34464689238073454	49.115544054056564	NA	9.458445990314438	NA
Frontal	-0.34464689238073454	49.291585430594395	NA	9.440407374448075	NA
Frontal	-0.34464689238073454	49.467626807132234	NA	9.422465597307045	NA
Frontal	-0.34464689238073454	49.64366818367007	NA	9.404616902549401	NA
Frontal	-0.34464689238073454	49.81970956020791	NA	9.386857695427704	NA
Frontal	-0.34464689238073454	49.99575093674574	NA	9.36918453577012	NA
Frontal	-0.34464689238073454	50.17179231328358	NA	9.351594131266573	NA
Frontal	-0.34464689238073454	50.34783368982142	NA	9.334083331046777	NA
Frontal	-0.34464689238073454	50.52387506635926	NA	9.316649119537505	NA
Frontal	-0.34464689238073454	50.69991644289709	NA	9.299288610586771	NA
Frontal	-0.34464689238073454	50.87595781943493	NA	9.281999041843573	NA
Frontal	-0.34464689238073454	51.05199919597277	NA	9.264777769381864	NA
Frontal	-0.34464689238073454	51.22804057251061	NA	9.247622262558268	NA
Frontal	-0.34464689238073454	51.40408194904845	NA	9.230530099093304	NA
Frontal	-0.34464689238073454	51.58012332558628	NA	9.213498960366495	NA
Frontal	-0.34464689238073454	51.75616470212412	NA	9.196526626915926	NA
Frontal	-0.34464689238073454	51.932206078661956	NA	9.179610974133457	NA
Frontal	-0.34464689238073454	52.108247455199795	NA	9.16274996814713	NA
Frontal	-0.34464689238073454	52.284288831737626	NA	9.145941661882496	NA
Frontal	-0.34464689238073454	52.460330208275465	NA	9.129184191295144	NA
Frontal	-0.34464689238073454	52.636371584813304	NA	9.112475771767077	NA
Frontal	-0.34464689238073454	52.81241296135114	NA	9.095814694659685	NA
Frontal	-0.34464689238073454	52.84464689238074	8.993106816216386	9.092768964457264	0.88530688396593
Frontal	-0.34464689238073454	52.988454337888975	NA	9.07919932401652	NA
Frontal	-0.34464689238073454	53.16449571442681	NA	9.062628093409499	NA
Frontal	-0.34464689238073454	53.34053709096465	NA	9.046099502922084	NA
Frontal	-0.34464689238073454	53.51657846750249	NA	9.029612116263698	NA
Frontal	-0.34464689238073454	53.69261984404033	NA	9.013164558009485	NA
Frontal	-0.34464689238073454	53.86866122057816	NA	8.99675551096011	NA
Frontal	-0.34464689238073454	54.044702597116	NA	8.980383713616295	NA
Frontal	-0.34464689238073454	54.22074397365384	NA	8.964047957763109	NA
Frontal	-0.34464689238073454	54.39678535019168	NA	8.94774708615938	NA
Frontal	-0.34464689238073454	54.57282672672951	NA	8.931479990327313	NA
Frontal	-0.34464689238073454	54.74886810326735	NA	8.915245608438397	NA
Frontal	-0.34464689238073454	54.92490947980519	NA	8.899042923291104	NA
Frontal	-0.34464689238073454	55.100950856343026	NA	8.882870960376492	NA
Frontal	-0.34464689238073454	55.27699223288086	NA	8.86672878602791	NA
Frontal	-0.34464689238073454	55.453033609418696	NA	8.850615505651113	NA
Frontal	-0.34464689238073454	55.629074985956535	NA	8.83453026203128	NA
Frontal	-0.34464689238073454	55.805116362494374	NA	8.818472233713644	NA
Frontal	-0.34464689238073454	55.981157739032206	NA	8.802440635234275	NA
Frontal	-0.34464689238073454	56.157199115570045	NA	8.786434712274652	NA
Frontal	-0.34464689238073454	56.33324049210788	NA	8.770453739447944	NA
Frontal	-0.34464689238073454	56.50928186864572	NA	8.754497023521315	NA
Frontal	-0.34464689238073454	56.68532324518356	NA	8.73856389992081	NA
Frontal	-0.34464689238073454	56.86136462172139	NA	8.722653731491024	NA
Frontal	-0.34464689238073454	57.03740599825923	NA	8.706765907308588	NA
Frontal	-0.34464689238073454	57.21344737479707	NA	8.69089984154732	NA
Frontal	-0.34464689238073454	57.38948875133491	NA	8.675054972392594	NA
Frontal	-0.34464689238073454	57.56553012787274	NA	8.659230761002965	NA
Frontal	-0.34464689238073454	57.74157150441058	NA	8.643426690516856	NA
Frontal	-0.34464689238073454	57.84464689238074	8.664483904651142	8.634182273931609	0.8456200491680635
Frontal	-0.34464689238073454	57.91761288094842	NA	8.627642265102445	NA
Frontal	-0.34464689238073454	58.09365425748626	NA	8.611877009048857	NA
Frontal	-0.34464689238073454	58.26969563402409	NA	8.596130465896785	NA
Frontal	-0.34464689238073454	58.44573701056193	NA	8.580402197606933	NA
Frontal	-0.34464689238073454	58.621778387099766	NA	8.564691783764586	NA
Frontal	-0.34464689238073454	58.797819763637605	NA	8.548998820818724	NA
Frontal	-0.34464689238073454	58.97386114017544	NA	8.53332292135422	NA
Frontal	-0.34464689238073454	59.149902516713276	NA	8.517663713395626	NA
Frontal	-0.34464689238073454	59.325943893251115	NA	8.502020839741261	NA
Frontal	-0.34464689238073454	59.50198526978895	NA	8.486393957326158	NA
Frontal	-0.34464689238073454	59.67802664632679	NA	8.470782736612753	NA
Frontal	-0.34464689238073454	59.854068022864624	NA	8.455186861007991	NA
Frontal	-0.34464689238073454	60.03010939940246	NA	8.439606026305821	NA
Frontal	-0.34464689238073454	60.2061507759403	NA	8.424094900958577	NA
Frontal	-0.34464689238073454	60.38219215247814	NA	8.408736779838831	NA
Frontal	-0.34464689238073454	60.55823352901597	NA	8.393499368122479	NA
Frontal	-0.34464689238073454	60.73427490555381	NA	8.37837844732836	NA
Frontal	-0.34464689238073454	60.91031628209165	NA	8.363369978486002	NA
Frontal	-0.34464689238073454	61.08635765862949	NA	8.348470094346002	NA
Frontal	-0.34464689238073454	61.26239903516732	NA	8.333675091928939	NA
Frontal	-0.34464689238073454	61.43844041170516	NA	8.318981425398214	NA
Frontal	-0.34464689238073454	61.614481788243	NA	8.304385699242696	NA
Frontal	-0.34464689238073454	61.790523164780836	NA	8.28988466175567	NA
Frontal	-0.34464689238073454	61.966564541318675	NA	8.275475198797281	NA
Frontal	-0.34464689238073454	62.14260591785651	NA	8.261154327828061	NA
Frontal	-0.34464689238073454	62.318647294394346	NA	8.246919192201803	NA
Frontal	-0.34464689238073454	62.494688670932184	NA	8.232767055706574	NA
Frontal	-0.34464689238073454	62.67073004747002	NA	8.218695297342899	NA
Frontal	-0.34464689238073454	62.84464689238074	8.34513365315299	8.204869857595071	0.8117140878636057
Frontal	-0.34464689238073454	62.846771424007855	NA	8.204701406328978	NA
Frontal	-0.34464689238073454	63.022812800545694	NA	8.190782977323009	NA
Frontal	-0.34464689238073454	63.19885417708353	NA	8.176937705853131	NA
Frontal	-0.34464689238073454	63.37489555362137	NA	8.163163383946022	NA
Frontal	-0.34464689238073454	63.5509369301592	NA	8.14945789594548	NA
Frontal	-0.34464689238073454	63.72697830669704	NA	8.135819214512804	NA
Frontal	-0.34464689238073454	63.90301968323488	NA	8.122245397674355	NA
Frontal	-0.34464689238073454	64.07906105977271	NA	8.10873459098009	NA
Frontal	-0.34464689238073454	64.25510243631055	NA	8.095285000788252	NA
Frontal	-0.34464689238073454	64.43114381284839	NA	8.081894916430839	NA
Frontal	-0.34464689238073454	64.60718518938623	NA	8.068562698018312	NA
Frontal	-0.34464689238073454	64.78322656592407	NA	8.055286773376066	NA
Frontal	-0.34464689238073454	64.9592679424619	NA	8.042065635114032	NA
Frontal	-0.34464689238073454	65.13530931899975	NA	8.02889783782359	NA
Frontal	-0.34464689238073454	65.31135069553758	NA	8.015781995396335	NA
Frontal	-0.34464689238073454	65.48739207207541	NA	8.002716778459323	NA
Frontal	-0.34464689238073454	65.66343344861325	NA	7.989700911921806	NA
Frontal	-0.34464689238073454	65.83947482515109	NA	7.97673317262856	NA
Frontal	-0.34464689238073454	66.01551620168892	NA	7.963812387115165	NA
Frontal	-0.34464689238073454	66.19155757822676	NA	7.950937429460869	NA
Frontal	-0.34464689238073454	66.3675989547646	NA	7.938107219234698	NA
Frontal	-0.34464689238073454	66.54364033130244	NA	7.92532071953087	NA
Frontal	-0.34464689238073454	66.71968170784028	NA	7.912576935089511	NA
Frontal	-0.34464689238073454	66.8957230843781	NA	7.899874910499054	NA
Frontal	-0.34464689238073454	67.07176446091594	NA	7.887213728476761	NA
Frontal	-0.34464689238073454	67.24780583745378	NA	7.87459250822391	NA
Frontal	-0.34464689238073454	67.42384721399162	NA	7.862010403852462	NA
Frontal	-0.34464689238073454	67.59988859052946	NA	7.849466602880081	NA
Frontal	-0.34464689238073454	67.7759299670673	NA	7.836960324790576	NA
Frontal	-0.34464689238073454	67.84464689238074	8.007608993575554	7.832088563857819	0.7789040092418946
Frontal	-0.34464689238073454	67.95197134360514	NA	7.824490819656769	NA
Frontal	-0.34464689238073454	68.12801272014298	NA	7.812057366823302	NA
Frontal	-0.34464689238073454	68.30405409668082	NA	7.799659273646607	NA
Frontal	-0.34464689238073454	68.48009547321864	NA	7.787295874289628	NA
Frontal	-0.34464689238073454	68.65613684975648	NA	7.774966528568877	NA
Frontal	-0.34464689238073454	68.83217822629432	NA	7.762670620851588	NA
Frontal	-0.34464689238073454	69.00821960283216	NA	7.750407559000748	NA
Frontal	-0.34464689238073454	69.18426097937	NA	7.738176773365964	NA
Frontal	-0.34464689238073454	69.36030235590783	NA	7.72597771581817	NA
Frontal	-0.34464689238073454	69.53634373244567	NA	7.713809858826204	NA
Frontal	-0.34464689238073454	69.71238510898351	NA	7.7016726945735385	NA
Frontal	-0.34464689238073454	69.88842648552134	NA	7.68956573411335	NA
Frontal	-0.34464689238073454	70.06446786205917	NA	7.677488506560237	NA
Frontal	-0.34464689238073454	70.24050923859701	NA	7.665440558317108	NA
Frontal	-0.34464689238073454	70.41655061513485	NA	7.653421452335566	NA
Frontal	-0.34464689238073454	70.59259199167269	NA	7.64143076740844	NA
Frontal	-0.34464689238073454	70.76863336821053	NA	7.629468097493012	NA
Frontal	-0.34464689238073454	70.94467474474837	NA	7.617533051063635	NA
Frontal	-0.34464689238073454	71.12071612128621	NA	7.605625250492442	NA
Frontal	-0.34464689238073454	71.29675749782405	NA	7.593744331456968	NA
Frontal	-0.34464689238073454	71.47279887436187	NA	7.581889942373388	NA
Frontal	-0.34464689238073454	71.64884025089971	NA	7.570061743854466	NA
Frontal	-0.34464689238073454	71.82488162743755	NA	7.558259408190965	NA
Frontal	-0.34464689238073454	72.00092300397539	NA	7.546482621655334	NA
Frontal	-0.34464689238073454	72.17696438051323	NA	7.534731076600014	NA
Frontal	-0.34464689238073454	72.35300575705106	NA	7.523004476400321	NA
Frontal	-0.34464689238073454	72.5290471335889	NA	7.511302535313026	NA
Frontal	-0.34464689238073454	72.70508851012674	NA	7.499624976998341	NA
Frontal	-0.34464689238073454	72.84464689238074	7.633758459897765	7.490384647675019	0.7499645091505566
Frontal	-0.34464689238073454	72.88112988666457	NA	7.487971534122536	NA
Frontal	-0.34464689238073454	73.0571712632024	NA	7.476341947977719	NA
Frontal	-0.34464689238073454	73.23321263974024	NA	7.464735968118177	NA
Frontal	-0.34464689238073454	73.40925401627808	NA	7.4531533520124595	NA
Frontal	-0.34464689238073454	73.58529539281592	NA	7.441593864710537	NA
Frontal	-0.34464689238073454	73.76133676935376	NA	7.430057278525393	NA
Frontal	-0.34464689238073454	73.9373781458916	NA	7.418543372728411	NA
Frontal	-0.34464689238073454	74.11341952242944	NA	7.407051933257986	NA
Frontal	-0.34464689238073454	74.28946089896728	NA	7.39558275244073	NA
Frontal	-0.34464689238073454	74.4655022755051	NA	7.384135628724779	NA
Frontal	-0.34464689238073454	74.64154365204294	NA	7.3727103664246485	NA
Frontal	-0.34464689238073454	74.81758502858078	NA	7.361306775477115	NA
Frontal	-0.34464689238073454	74.99362640511862	NA	7.34992467120773	NA
Frontal	-0.34464689238073454	75.16966778165646	NA	7.338563874107356	NA
Frontal	-0.34464689238073454	75.3457091581943	NA	7.3272242096184845	NA
Frontal	-0.34464689238073454	75.52175053473213	NA	7.315905507930684	NA
Frontal	-0.34464689238073454	75.69779191126997	NA	7.304607603784999	NA
Frontal	-0.34464689238073454	75.8738332878078	NA	7.293330336286774	NA
Frontal	-0.34464689238073454	76.04987466434564	NA	7.282073548726546	NA
Frontal	-0.34464689238073454	76.22591604088348	NA	7.270837088408733	NA
Frontal	-0.34464689238073454	76.40195741742131	NA	7.259620806487711	NA
Frontal	-0.34464689238073454	76.57799879395915	NA	7.248424557810968	NA
Frontal	-0.34464689238073454	76.75404017049699	NA	7.237248200769045	NA
Frontal	-0.34464689238073454	76.93008154703483	NA	7.226091597151963	NA
Frontal	-0.34464689238073454	77.10612292357267	NA	7.214954612011844	NA
Frontal	-0.34464689238073454	77.28216430011051	NA	7.203837113531491	NA
Frontal	-0.34464689238073454	77.45820567664833	NA	7.192738972898603	NA
Frontal	-0.34464689238073454	77.63424705318617	NA	7.181660064185434	NA
Frontal	-0.34464689238073454	77.81028842972401	NA	7.170600264233684	NA
Frontal	-0.34464689238073454	77.84464689238074	7.354133394577587	7.168443905090158	0.7251953667779288
Frontal	-0.34464689238073454	77.98632980626185	NA	7.159559452544278	NA
Frontal	-0.34464689238073454	78.16237118279969	NA	7.148537511171984	NA
Frontal	-0.34464689238073454	78.33841255933753	NA	7.1375343246245	NA
Frontal	-0.34464689238073454	78.51445393587537	NA	7.126549779765951	NA
Frontal	-0.34464689238073454	78.6904953124132	NA	7.115583765724464	NA
Frontal	-0.34464689238073454	78.86653668895104	NA	7.104636173803859	NA
Frontal	-0.34464689238073454	79.04257806548887	NA	7.0937068973989605	NA
Frontal	-0.34464689238073454	79.21861944202671	NA	7.08279583191472	NA
Frontal	-0.34464689238073454	79.39466081856455	NA	7.071902874688711	NA
Frontal	-0.34464689238073454	79.57070219510238	NA	7.061027924916988	NA
Frontal	-0.34464689238073454	79.74674357164022	NA	7.05017088358318	NA
Frontal	-0.34464689238073454	79.92278494817806	NA	7.039331654373053	NA
Frontal	-0.34464689238073454	80.0988263247159	NA	7.028510142361895	NA
Frontal	-0.34464689238073454	80.27486770125374	NA	7.017706251771999	NA
Frontal	-0.34464689238073454	80.45090907779156	NA	7.006919890087273	NA
Frontal	-0.34464689238073454	80.6269504543294	NA	6.996150966267521	NA
Frontal	-0.34464689238073454	80.80299183086724	NA	6.985399390693879	NA
Frontal	-0.34464689238073454	80.97903320740508	NA	6.97466507511666	NA
Frontal	-0.34464689238073454	81.15507458394292	NA	6.963947932605336	NA
Frontal	-0.34464689238073454	81.33111596048076	NA	6.95324787750073	NA
Frontal	-0.34464689238073454	81.5071573370186	NA	6.9425648253692085	NA
Frontal	-0.34464689238073454	81.68319871355644	NA	6.931898692958845	NA
Frontal	-0.34464689238073454	81.85924009009427	NA	6.9212493981574825	NA
Frontal	-0.34464689238073454	82.0352814666321	NA	6.910616859952514	NA
Frontal	-0.34464689238073454	82.21132284316994	NA	6.90000099839243	NA
Frontal	-0.34464689238073454	82.38736421970778	NA	6.889401734550019	NA
Frontal	-0.34464689238073454	82.56340559624562	NA	6.878818990487057	NA
Frontal	-0.34464689238073454	82.73944697278345	NA	6.868252689220575	NA
Frontal	-0.34464689238073454	82.84464689238074	7.106799434499824	6.861946230301307	0.7021197486030172
Frontal	-0.34464689238073454	82.9154883493213	NA	6.857702754690526	NA
Frontal	-0.34464689238073454	83.09152972585913	NA	6.847169111728794	NA
Frontal	-0.34464689238073454	83.26757110239697	NA	6.836651686029596	NA
Frontal	-0.34464689238073454	83.4436124789348	NA	6.8261504041210195	NA
Frontal	-0.34464689238073454	83.61965385547263	NA	6.8156651933378996	NA
Frontal	-0.34464689238073454	83.79569523201047	NA	6.8051959817957135	NA
Frontal	-0.34464689238073454	83.97173660854831	NA	6.794742698365665	NA
Frontal	-0.34464689238073454	84.14777798508615	NA	6.784305272650765	NA
Frontal	-0.34464689238073454	84.32381936162399	NA	6.773883634962973	NA
Frontal	-0.34464689238073454	84.49986073816183	NA	6.763477716301222	NA
Frontal	-0.34464689238073454	84.67590211469967	NA	6.753087448330425	NA
Frontal	-0.34464689238073454	84.8519434912375	NA	6.742712763361366	NA
Frontal	-0.34464689238073454	85.02798486777533	NA	6.732353594331367	NA
Frontal	-0.34464689238073454	85.20402624431317	NA	6.7220098747858525	NA
Frontal	-0.34464689238073454	85.38006762085101	NA	6.711681538860588	NA
Frontal	-0.34464689238073454	85.55610899738885	NA	6.701368521264734	NA
Frontal	-0.34464689238073454	85.73215037392669	NA	6.691070757264574	NA
Frontal	-0.34464689238073454	85.90819175046452	NA	6.680788182667904	NA
Frontal	-0.34464689238073454	86.08423312700236	NA	6.670520733809089	NA
Frontal	-0.34464689238073454	86.2602745035402	NA	6.660268347534708	NA
Frontal	-0.34464689238073454	86.43631588007803	NA	6.650030961189881	NA
Frontal	-0.34464689238073454	86.61235725661587	NA	6.6398085126049855	NA
Frontal	-0.34464689238073454	86.7883986331537	NA	6.6296009400831215	NA
Frontal	-0.34464689238073454	86.96444000969154	NA	6.61940818238791	NA
Frontal	-0.34464689238073454	87.14048138622938	NA	6.609230178731925	NA
Frontal	-0.34464689238073454	87.31652276276722	NA	6.599066868765521	NA
Frontal	-0.34464689238073454	87.49256413930506	NA	6.588918192566132	NA
Frontal	-0.34464689238073454	87.6686055158429	NA	6.578784090628027	NA
Frontal	-0.34464689238073454	87.84464689238074	7.0066611994155394	6.568637186304152	0.6823460271913812
Hippocampus	-0.34464689238073454	0	0	-1.5656083314914303e-14	0
Hippocampus	-0.34464689238073454	0.17604137653783714	NA	2.4023570496790014e-5	NA
Hippocampus	-0.34464689238073454	0.35208275307567427	NA	5.787525473475975e-5	NA
Hippocampus	-0.34464689238073454	0.5281241296135114	NA	4.357569450141252e-4	NA
Hippocampus	-0.34464689238073454	0.5946468923807345	0.00227765264618535	6.739138232960626e-4	0.4979955609317893
Hippocampus	-0.34464689238073454	0.7041655061513485	NA	0.0011425254628158106	NA
Hippocampus	-0.34464689238073454	0.8802068826891857	NA	0.21492945182688497	NA
Hippocampus	-0.34464689238073454	1.0562482592270228	NA	1.4454618818346556	NA
Hippocampus	-0.34464689238073454	1.0946468923807346	0.9161933040236384	1.767852481066622	0.5935966379574875
Hippocampus	-0.34464689238073454	1.23228963576486	NA	3.105897584822274	NA
Hippocampus	-0.34464689238073454	1.408331012302697	NA	5.236557396054896	NA
Hippocampus	-0.34464689238073454	1.584372388840534	NA	7.547947282784671	NA
Hippocampus	-0.34464689238073454	1.5946468923807346	7.4715312210170515	7.6734476028183725	0.7747364380991829
Hippocampus	-0.34464689238073454	1.7604137653783714	NA	9.730705121008143	NA
Hippocampus	-0.34464689238073454	1.9364551419162086	NA	12.15070497905414	NA
Hippocampus	-0.34464689238073454	2.0946468923807346	15.418058229439954	14.571614507433734	0.9046305710011072
Hippocampus	-0.34464689238073454	2.1124965184540456	NA	14.856148869335053	NA
Hippocampus	-0.34464689238073454	2.2885378949918826	NA	17.78370467892792	NA
Hippocampus	-0.34464689238073454	2.46457927152972	NA	20.914198702867097	NA
Hippocampus	-0.34464689238073454	2.5946468923807346	23.866293810189703	22.96502120103694	1.0084564834937169
Hippocampus	-0.34464689238073454	2.640620648067557	NA	23.662344062539987	NA
Hippocampus	-0.34464689238073454	2.816662024605394	NA	26.234180442543387	NA
Hippocampus	-0.34464689238073454	2.992703401143231	NA	27.43167613037143	NA
Hippocampus	-0.34464689238073454	3.0946468923807346	28.14617063020797	27.57283528771122	1.05184710143084
Hippocampus	-0.34464689238073454	3.168744777681068	NA	27.571946382345075	NA
Hippocampus	-0.34464689238073454	3.3447861542189057	NA	27.86206754477583	NA
Hippocampus	-0.34464689238073454	3.5208275307567427	NA	27.83858864090879	NA
Hippocampus	-0.34464689238073454	3.6968689072945797	NA	27.770905124342605	NA
Hippocampus	-0.34464689238073454	3.8446468923807346	27.115393109206448	27.740742423243237	1.2771234363638424
Hippocampus	-0.34464689238073454	3.872910283832417	NA	27.729955041939743	NA
Hippocampus	-0.34464689238073454	4.048951660370254	NA	27.62736637341047	NA
Hippocampus	-0.34464689238073454	4.224993036908091	NA	27.465327502455313	NA
Hippocampus	-0.34464689238073454	4.401034413445928	NA	27.245915542964966	NA
Hippocampus	-0.34464689238073454	4.577075789983765	NA	26.971102377781556	NA
Hippocampus	-0.34464689238073454	4.753117166521602	NA	26.642760366707353	NA
Hippocampus	-0.34464689238073454	4.844646892380735	25.27824653206189	26.451506406164896	1.2409533465925953
Hippocampus	-0.34464689238073454	4.92915854305944	NA	26.26266774189919	NA
Hippocampus	-0.34464689238073454	5.105199919597277	NA	25.83251370779182	NA
Hippocampus	-0.34464689238073454	5.281241296135114	NA	25.353903261753484	NA
Hippocampus	-0.34464689238073454	5.457282672672951	NA	24.915782313801163	NA
Hippocampus	-0.34464689238073454	5.633324049210788	NA	24.513170827734424	NA
Hippocampus	-0.34464689238073454	5.809365425748625	NA	24.127704932759272	NA
Hippocampus	-0.34464689238073454	5.844646892380735	23.903351067054572	24.05241614409685	1.1990027673150705
Hippocampus	-0.34464689238073454	5.985406802286462	NA	23.758336790847284	NA
Hippocampus	-0.34464689238073454	6.161448178824299	NA	23.404076827533522	NA
Hippocampus	-0.34464689238073454	6.337489555362136	NA	23.063990530346366	NA
Hippocampus	-0.34464689238073454	6.513530931899974	NA	22.73719542288605	NA
Hippocampus	-0.34464689238073454	6.689572308437811	NA	22.422858204917734	NA
Hippocampus	-0.34464689238073454	6.865613684975648	NA	22.12019204937261	NA
Hippocampus	-0.34464689238073454	7.041655061513485	NA	21.828454047650503	NA
Hippocampus	-0.34464689238073454	7.217696438051322	NA	21.54694279508927	NA
Hippocampus	-0.34464689238073454	7.344646892380735	21.461028908752233	21.34991159717694	1.4086112960853336
Hippocampus	-0.34464689238073454	7.3937378145891595	NA	21.274996108912557	NA
Hippocampus	-0.34464689238073454	7.5697791911269965	NA	21.011988871389175	NA
Hippocampus	-0.34464689238073454	7.745820567664834	NA	20.757330991336072	NA
Hippocampus	-0.34464689238073454	7.921861944202671	NA	20.510465477473137	NA
Hippocampus	-0.34464689238073454	8.097903320740508	NA	20.270867274465772	NA
Hippocampus	-0.34464689238073454	8.273944697278345	NA	20.038039829785355	NA
Hippocampus	-0.34464689238073454	8.449986073816182	NA	19.811514529724942	NA
Hippocampus	-0.34464689238073454	8.62602745035402	NA	19.590849556637774	NA
Hippocampus	-0.34464689238073454	8.802068826891857	NA	19.375628033169466	NA
Hippocampus	-0.34464689238073454	8.978110203429694	NA	19.165456649092313	NA
Hippocampus	-0.34464689238073454	9.15415157996753	NA	18.959964363495406	NA
Hippocampus	-0.34464689238073454	9.330192956505368	NA	18.758801178197253	NA
Hippocampus	-0.34464689238073454	9.344646892380734	19.652288321005305	18.74246647065838	1.3144617490295751
Hippocampus	-0.34464689238073454	9.506234333043205	NA	18.561636978474088	NA
Hippocampus	-0.34464689238073454	9.682275709581042	NA	18.36816043741129	NA
Hippocampus	-0.34464689238073454	9.85831708611888	NA	18.178077980387975	NA
Hippocampus	-0.34464689238073454	10.034358462656717	NA	17.991112806396156	NA
Hippocampus	-0.34464689238073454	10.210399839194555	NA	17.80701559906154	NA
Hippocampus	-0.34464689238073454	10.386441215732392	NA	17.63482450116006	NA
Hippocampus	-0.34464689238073454	10.562482592270229	NA	17.47084132420105	NA
Hippocampus	-0.34464689238073454	10.738523968808066	NA	17.313769024469707	NA
Hippocampus	-0.34464689238073454	10.914565345345903	NA	17.16321905009683	NA
Hippocampus	-0.34464689238073454	11.09060672188374	NA	17.01882423109818	NA
Hippocampus	-0.34464689238073454	11.266648098421577	NA	16.880237606064316	NA
Hippocampus	-0.34464689238073454	11.442689474959414	NA	16.747131313210105	NA
Hippocampus	-0.34464689238073454	11.61873085149725	NA	16.619195542253745	NA
Hippocampus	-0.34464689238073454	11.794772228035088	NA	16.496137543788905	NA
Hippocampus	-0.34464689238073454	11.970813604572925	NA	16.377680692996396	NA
Hippocampus	-0.34464689238073454	12.146854981110762	NA	16.263563604714882	NA
Hippocampus	-0.34464689238073454	12.322896357648599	NA	16.15353929705344	NA
Hippocampus	-0.34464689238073454	12.498937734186436	NA	16.047374400883676	NA
Hippocampus	-0.34464689238073454	12.674979110724273	NA	15.94484841269466	NA
Hippocampus	-0.34464689238073454	12.844646892380734	16.484845541619876	15.849282112953622	1.60001642972666
Hippocampus	-0.34464689238073454	12.851020487262112	NA	15.845752988432292	NA
Hippocampus	-0.34464689238073454	13.027061863799949	NA	15.749891276075159	NA
Hippocampus	-0.34464689238073454	13.203103240337786	NA	15.657077284822046	NA
Hippocampus	-0.34464689238073454	13.379144616875623	NA	15.567135288882985	NA
Hippocampus	-0.34464689238073454	13.55518599341346	NA	15.479899263975824	NA
Hippocampus	-0.34464689238073454	13.731227369951297	NA	15.39521235473452	NA
Hippocampus	-0.34464689238073454	13.907268746489134	NA	15.312926371333226	NA
Hippocampus	-0.34464689238073454	14.08331012302697	NA	15.232901313724199	NA
Hippocampus	-0.34464689238073454	14.259351499564808	NA	15.155004921974502	NA
Hippocampus	-0.34464689238073454	14.435392876102645	NA	15.07911225127018	NA
Hippocampus	-0.34464689238073454	14.611434252640482	NA	15.005105270234635	NA
Hippocampus	-0.34464689238073454	14.787475629178319	NA	14.932872481282715	NA
Hippocampus	-0.34464689238073454	14.963517005716156	NA	14.86230856180155	NA
Hippocampus	-0.34464689238073454	15.139558382253993	NA	14.793314025015947	NA
Hippocampus	-0.34464689238073454	15.31559975879183	NA	14.7257948994585	NA
Hippocampus	-0.34464689238073454	15.491641135329669	NA	14.657844923714483	NA
Hippocampus	-0.34464689238073454	15.667682511867506	NA	14.59150117922463	NA
Hippocampus	-0.34464689238073454	15.843723888405343	NA	14.526722259681032	NA
Hippocampus	-0.34464689238073454	16.019765264943178	NA	14.46342033836942	NA
Hippocampus	-0.34464689238073454	16.195806641481017	NA	14.401512447625224	NA
Hippocampus	-0.34464689238073454	16.371848018018852	NA	14.340919946860819	NA
Hippocampus	-0.34464689238073454	16.54788939455669	NA	14.281568678588108	NA
Hippocampus	-0.34464689238073454	16.723930771094526	NA	14.223388567621521	NA
Hippocampus	-0.34464689238073454	16.899972147632365	NA	14.166313397055553	NA
Hippocampus	-0.34464689238073454	17.076013524170204	NA	14.110280596530654	NA
Hippocampus	-0.34464689238073454	17.25205490070804	NA	14.05523104211352	NA
Hippocampus	-0.34464689238073454	17.428096277245878	NA	14.001108867154647	NA
Hippocampus	-0.34464689238073454	17.604137653783713	NA	13.947861283521137	NA
Hippocampus	-0.34464689238073454	17.780179030321552	NA	13.895438412635555	NA
Hippocampus	-0.34464689238073454	17.844646892380734	13.865611791636802	13.876437777362076	1.4105531070786514
Hippocampus	-0.34464689238073454	17.956220406859387	NA	13.843793125783092	NA
Hippocampus	-0.34464689238073454	18.132261783397226	NA	13.792880893178628	NA
Hippocampus	-0.34464689238073454	18.30830315993506	NA	13.742659641313136	NA
Hippocampus	-0.34464689238073454	18.4843445364729	NA	13.693089618125446	NA
Hippocampus	-0.34464689238073454	18.660385913010735	NA	13.64413326556995	NA
Hippocampus	-0.34464689238073454	18.836427289548574	NA	13.595755099174845	NA
Hippocampus	-0.34464689238073454	19.01246866608641	NA	13.54792159420717	NA
Hippocampus	-0.34464689238073454	19.188510042624248	NA	13.500601078082514	NA
Hippocampus	-0.34464689238073454	19.364551419162083	NA	13.453763628676727	NA
Hippocampus	-0.34464689238073454	19.540592795699922	NA	13.407380978215915	NA
Hippocampus	-0.34464689238073454	19.71663417223776	NA	13.361426422438855	NA
Hippocampus	-0.34464689238073454	19.892675548775596	NA	13.315874734742428	NA
Hippocampus	-0.34464689238073454	20.068716925313435	NA	13.270702085037009	NA
Hippocampus	-0.34464689238073454	20.24475830185127	NA	13.225885963053226	NA
Hippocampus	-0.34464689238073454	20.42079967838911	NA	13.1814051058561	NA
Hippocampus	-0.34464689238073454	20.596841054926944	NA	13.137239429335672	NA
Hippocampus	-0.34464689238073454	20.772882431464783	NA	13.093369963456071	NA
Hippocampus	-0.34464689238073454	20.94892380800262	NA	13.049778791056864	NA
Hippocampus	-0.34464689238073454	21.124965184540457	NA	13.006448990011789	NA
Hippocampus	-0.34464689238073454	21.301006561078292	NA	12.963364578560766	NA
Hippocampus	-0.34464689238073454	21.47704793761613	NA	12.92051046364113	NA
Hippocampus	-0.34464689238073454	21.653089314153966	NA	12.877872392053513	NA
Hippocampus	-0.34464689238073454	21.829130690691805	NA	12.835436904306972	NA
Hippocampus	-0.34464689238073454	22.00517206722964	NA	12.79319129099632	NA
Hippocampus	-0.34464689238073454	22.18121344376748	NA	12.751123551572858	NA
Hippocampus	-0.34464689238073454	22.357254820305315	NA	12.709222355377138	NA
Hippocampus	-0.34464689238073454	22.533296196843153	NA	12.667477004809724	NA
Hippocampus	-0.34464689238073454	22.709337573380992	NA	12.62587740052264	NA
Hippocampus	-0.34464689238073454	22.844646892380734	12.093774295923506	12.593996063544608	1.287011358274444
Hippocampus	-0.34464689238073454	22.885378949918827	NA	12.58441400852078	NA
Hippocampus	-0.34464689238073454	23.061420326456666	NA	12.543077829068327	NA
Hippocampus	-0.34464689238073454	23.2374617029945	NA	12.50186036730134	NA
Hippocampus	-0.34464689238073454	23.41350307953234	NA	12.460753605452838	NA
Hippocampus	-0.34464689238073454	23.589544456070175	NA	12.41974997660193	NA
Hippocampus	-0.34464689238073454	23.765585832608014	NA	12.378842339863438	NA
Hippocampus	-0.34464689238073454	23.94162720914585	NA	12.338023956938976	NA
Hippocampus	-0.34464689238073454	24.11766858568369	NA	12.2972884806145	NA
Hippocampus	-0.34464689238073454	24.293709962221524	NA	12.256629901256577	NA
Hippocampus	-0.34464689238073454	24.469751338759362	NA	12.216042559149779	NA
Hippocampus	-0.34464689238073454	24.645792715297198	NA	12.17552111668895	NA
Hippocampus	-0.34464689238073454	24.821834091835036	NA	12.135060539547695	NA
Hippocampus	-0.34464689238073454	24.99787546837287	NA	12.094656079966374	NA
Hippocampus	-0.34464689238073454	25.17391684491071	NA	12.054303260957198	NA
Hippocampus	-0.34464689238073454	25.349958221448546	NA	12.013997861376339	NA
Hippocampus	-0.34464689238073454	25.525999597986385	NA	11.97373590181531	NA
Hippocampus	-0.34464689238073454	25.702040974524223	NA	11.933513631266814	NA
Hippocampus	-0.34464689238073454	25.87808235106206	NA	11.893327514522486	NA
Hippocampus	-0.34464689238073454	26.054123727599897	NA	11.853174220262439	NA
Hippocampus	-0.34464689238073454	26.230165104137733	NA	11.813050609798601	NA
Hippocampus	-0.34464689238073454	26.40620648067557	NA	11.772953726436079	NA
Hippocampus	-0.34464689238073454	26.582247857213407	NA	11.732880785418489	NA
Hippocampus	-0.34464689238073454	26.758289233751245	NA	11.692829164425442	NA
Hippocampus	-0.34464689238073454	26.93433061028908	NA	11.65279639459165	NA
Hippocampus	-0.34464689238073454	27.11037198682692	NA	11.612780152019178	NA
Hippocampus	-0.34464689238073454	27.286413363364755	NA	11.572778249755988	NA
Hippocampus	-0.34464689238073454	27.462454739902594	NA	11.53278863021449	NA
Hippocampus	-0.34464689238073454	27.63849611644043	NA	11.492809358006935	NA
Hippocampus	-0.34464689238073454	27.814537492978268	NA	11.452838613174062	NA
Hippocampus	-0.34464689238073454	27.844646892380734	10.811868411787318	11.446002908290046	1.1896174610375203
Hippocampus	-0.34464689238073454	27.990578869516103	NA	11.41287468478567	NA
Hippocampus	-0.34464689238073454	28.16662024605394	NA	11.372915964892742	NA
Hippocampus	-0.34464689238073454	28.34266162259178	NA	11.332960942811765	NA
Hippocampus	-0.34464689238073454	28.518702999129616	NA	11.293008199723062	NA
Hippocampus	-0.34464689238073454	28.694744375667455	NA	11.253056403565889	NA
Hippocampus	-0.34464689238073454	28.87078575220529	NA	11.213104304214024	NA
Hippocampus	-0.34464689238073454	29.04682712874313	NA	11.173150728916443	NA
Hippocampus	-0.34464689238073454	29.222868505280964	NA	11.133194577988597	NA
Hippocampus	-0.34464689238073454	29.398909881818803	NA	11.093234820740431	NA
Hippocampus	-0.34464689238073454	29.574951258356638	NA	11.05327049162828	NA
Hippocampus	-0.34464689238073454	29.750992634894477	NA	11.013300686618301	NA
Hippocampus	-0.34464689238073454	29.927034011432312	NA	10.97332455974976	NA
Hippocampus	-0.34464689238073454	30.10307538797015	NA	10.93334131988742	NA
Hippocampus	-0.34464689238073454	30.279116764507986	NA	10.89338166426953	NA
Hippocampus	-0.34464689238073454	30.455158141045825	NA	10.853736894748897	NA
Hippocampus	-0.34464689238073454	30.63119951758366	NA	10.814447566935387	NA
Hippocampus	-0.34464689238073454	30.8072408941215	NA	10.775499004533554	NA
Hippocampus	-0.34464689238073454	30.983282270659338	NA	10.73687730082856	NA
Hippocampus	-0.34464689238073454	31.159323647197173	NA	10.698569276734741	NA
Hippocampus	-0.34464689238073454	31.33536502373501	NA	10.660562441143302	NA
Hippocampus	-0.34464689238073454	31.511406400272847	NA	10.62284495344312	NA
Hippocampus	-0.34464689238073454	31.687447776810686	NA	10.58540558809529	NA
Hippocampus	-0.34464689238073454	31.86348915334852	NA	10.548233701148988	NA
Hippocampus	-0.34464689238073454	32.039530529886356	NA	10.511319219205795	NA
Hippocampus	-0.34464689238073454	32.215571906424195	NA	10.474652562704618	NA
Hippocampus	-0.34464689238073454	32.391613282962034	NA	10.438224631777025	NA
Hippocampus	-0.34464689238073454	32.56765465949987	NA	10.402026809399601	NA
Hippocampus	-0.34464689238073454	32.743696036037704	NA	10.366050918291618	NA
Hippocampus	-0.34464689238073454	32.84464689238074	9.790939337356315	10.34551759305234	1.10923284673891
Hippocampus	-0.34464689238073454	32.91973741257554	NA	10.33028919703692	NA
Hippocampus	-0.34464689238073454	33.09577878911338	NA	10.294734277513811	NA
Hippocampus	-0.34464689238073454	33.27182016565122	NA	10.259379163561134	NA
Hippocampus	-0.34464689238073454	33.44786154218905	NA	10.224217210812736	NA
Hippocampus	-0.34464689238073454	33.62390291872689	NA	10.18924210763624	NA
Hippocampus	-0.34464689238073454	33.79994429526473	NA	10.15444785711573	NA
Hippocampus	-0.34464689238073454	33.97598567180257	NA	10.119828760020804	NA
Hippocampus	-0.34464689238073454	34.15202704834041	NA	10.085379398708184	NA
Hippocampus	-0.34464689238073454	34.32806842487824	NA	10.05109462190458	NA
Hippocampus	-0.34464689238073454	34.50410980141608	NA	10.016969530322553	NA
Hippocampus	-0.34464689238073454	34.68015117795392	NA	9.982999463063688	NA
Hippocampus	-0.34464689238073454	34.856192554491756	NA	9.949179984765893	NA
Hippocampus	-0.34464689238073454	35.03223393102959	NA	9.915506873454044	NA
Hippocampus	-0.34464689238073454	35.208275307567426	NA	9.881976109055332	NA
Hippocampus	-0.34464689238073454	35.384316684105265	NA	9.84858386254303	NA
Hippocampus	-0.34464689238073454	35.560358060643104	NA	9.815326485674063	NA
Hippocampus	-0.34464689238073454	35.736399437180935	NA	9.782200501287836	NA
Hippocampus	-0.34464689238073454	35.912440813718774	NA	9.749202594135696	NA
Hippocampus	-0.34464689238073454	36.08848219025661	NA	9.716329602211736	NA
Hippocampus	-0.34464689238073454	36.26452356679445	NA	9.68357850855762	NA
Hippocampus	-0.34464689238073454	36.440564943332284	NA	9.650946433515294	NA
Hippocampus	-0.34464689238073454	36.61660631987012	NA	9.618430627403168	NA
Hippocampus	-0.34464689238073454	36.79264769640796	NA	9.586028463592463	NA
Hippocampus	-0.34464689238073454	36.9686890729458	NA	9.553737431961798	NA
Hippocampus	-0.34464689238073454	37.14473044948364	NA	9.521555132709304	NA
Hippocampus	-0.34464689238073454	37.32077182602147	NA	9.489479270502681	NA
Hippocampus	-0.34464689238073454	37.49681320255931	NA	9.457507648948571	NA
Hippocampus	-0.34464689238073454	37.67285457909715	NA	9.4256381653639	NA
Hippocampus	-0.34464689238073454	37.84464689238074	8.961967279091837	9.394634468771095	1.0403325146640467
Hippocampus	-0.34464689238073454	37.84889595563499	NA	9.39386880583254	NA
Hippocampus	-0.34464689238073454	38.02493733217282	NA	9.362197640531615	NA
Hippocampus	-0.34464689238073454	38.20097870871066	NA	9.330622819312785	NA
Hippocampus	-0.34464689238073454	38.377020085248496	NA	9.299142567524443	NA
Hippocampus	-0.34464689238073454	38.553061461786335	NA	9.267755182061665	NA
Hippocampus	-0.34464689238073454	38.72910283832417	NA	9.236459027631403	NA
Hippocampus	-0.34464689238073454	38.905144214862005	NA	9.205252533221161	NA
Hippocampus	-0.34464689238073454	39.081185591399844	NA	9.174134188759934	NA
Hippocampus	-0.34464689238073454	39.25722696793768	NA	9.143102541960985	NA
Hippocampus	-0.34464689238073454	39.43326834447552	NA	9.112156195336413	NA
Hippocampus	-0.34464689238073454	39.609309721013354	NA	9.081293803374072	NA
Hippocampus	-0.34464689238073454	39.78535109755119	NA	9.050514069868072	NA
Hippocampus	-0.34464689238073454	39.96139247408903	NA	9.019815747618404	NA
Hippocampus	-0.34464689238073454	40.13743385062687	NA	8.989197639170547	NA
Hippocampus	-0.34464689238073454	40.3134752271647	NA	8.958658571491727	NA
Hippocampus	-0.34464689238073454	40.48951660370254	NA	8.928197421708072	NA
Hippocampus	-0.34464689238073454	40.66555798024038	NA	8.897813104926872	NA
Hippocampus	-0.34464689238073454	40.84159935677822	NA	8.867504572326935	NA
Hippocampus	-0.34464689238073454	41.01764073331605	NA	8.837270809352107	NA
Hippocampus	-0.34464689238073454	41.19368210985389	NA	8.807110834002906	NA
Hippocampus	-0.34464689238073454	41.36972348639173	NA	8.777023695220457	NA
Hippocampus	-0.34464689238073454	41.545764862929566	NA	8.747008471357864	NA
Hippocampus	-0.34464689238073454	41.7218062394674	NA	8.71706426873417	NA
Hippocampus	-0.34464689238073454	41.89784761600524	NA	8.687190220266405	NA
Hippocampus	-0.34464689238073454	42.073888992543075	NA	8.657385484175471	NA
Hippocampus	-0.34464689238073454	42.249930369080914	NA	8.627649242761752	NA
Hippocampus	-0.34464689238073454	42.42597174561875	NA	8.597980701246739	NA
Hippocampus	-0.34464689238073454	42.602013122156585	NA	8.568379086676934	NA
Hippocampus	-0.34464689238073454	42.778054498694424	NA	8.538843646886756	NA
Hippocampus	-0.34464689238073454	42.84464689238074	8.112306477432456	8.527688137093534	0.9806967120621216
Hippocampus	-0.34464689238073454	42.95409587523226	NA	8.509373649517078	NA
Hippocampus	-0.34464689238073454	43.1301372517701	NA	8.479968381086536	NA
Hippocampus	-0.34464689238073454	43.30617862830793	NA	8.450627146112486	NA
Hippocampus	-0.34464689238073454	43.48222000484577	NA	8.421349266279178	NA
Hippocampus	-0.34464689238073454	43.65826138138361	NA	8.392134079650242	NA
Hippocampus	-0.34464689238073454	43.83430275792145	NA	8.362980939923412	NA
Hippocampus	-0.34464689238073454	44.01034413445928	NA	8.333889215724858	NA
Hippocampus	-0.34464689238073454	44.18638551099712	NA	8.304858289941217	NA
Hippocampus	-0.34464689238073454	44.36242688753496	NA	8.275887559087058	NA
Hippocampus	-0.34464689238073454	44.5384682640728	NA	8.246976432706036	NA
Hippocampus	-0.34464689238073454	44.71450964061063	NA	8.218124332803699	NA
Hippocampus	-0.34464689238073454	44.89055101714847	NA	8.189330693310435	NA
Hippocampus	-0.34464689238073454	45.06659239368631	NA	8.160594959572705	NA
Hippocampus	-0.34464689238073454	45.242633770224145	NA	8.131916587871146	NA
Hippocampus	-0.34464689238073454	45.418675146761984	NA	8.103505443354708	NA
Hippocampus	-0.34464689238073454	45.594716523299816	NA	8.07546699956097	NA
Hippocampus	-0.34464689238073454	45.770757899837655	NA	8.047673264376336	NA
Hippocampus	-0.34464689238073454	45.946799276375494	NA	8.020116435061738	NA
Hippocampus	-0.34464689238073454	46.12284065291333	NA	7.992789095563206	NA
Hippocampus	-0.34464689238073454	46.298882029451164	NA	7.965684195605599	NA
Hippocampus	-0.34464689238073454	46.474923405989	NA	7.938795030930813	NA
Hippocampus	-0.34464689238073454	46.65096478252684	NA	7.9121152246176925	NA
Hippocampus	-0.34464689238073454	46.82700615906468	NA	7.88563870942436	NA
Hippocampus	-0.34464689238073454	47.00304753560251	NA	7.859359711096942	NA
Hippocampus	-0.34464689238073454	47.17908891214035	NA	7.833272732591521	NA
Hippocampus	-0.34464689238073454	47.35513028867819	NA	7.807372539159511	NA
Hippocampus	-0.34464689238073454	47.53117166521603	NA	7.781654144248867	NA
Hippocampus	-0.34464689238073454	47.70721304175386	NA	7.7561127961765415	NA
Hippocampus	-0.34464689238073454	47.84464689238074	7.719598532013396	7.736293171734508	0.9299535001547254
Hippocampus	-0.34464689238073454	47.8832544182917	NA	7.730743965529847	NA
Hippocampus	-0.34464689238073454	48.05929579482954	NA	7.705543353731165	NA
Hippocampus	-0.34464689238073454	48.23533717136738	NA	7.680506823817941	NA
Hippocampus	-0.34464689238073454	48.411378547905215	NA	7.655630439717137	NA
Hippocampus	-0.34464689238073454	48.58741992444305	NA	7.630910448411635	NA
Hippocampus	-0.34464689238073454	48.763461300980886	NA	7.606343265765277	NA
Hippocampus	-0.34464689238073454	48.939502677518725	NA	7.581925467531445	NA
Hippocampus	-0.34464689238073454	49.115544054056564	NA	7.55765378085286	NA
Hippocampus	-0.34464689238073454	49.291585430594395	NA	7.5335250762255805	NA
Hippocampus	-0.34464689238073454	49.467626807132234	NA	7.509536359901859	NA
Hippocampus	-0.34464689238073454	49.64366818367007	NA	7.4856847667077195	NA
Hippocampus	-0.34464689238073454	49.81970956020791	NA	7.46196755325255	NA
Hippocampus	-0.34464689238073454	49.99575093674574	NA	7.438382091509221	NA
Hippocampus	-0.34464689238073454	50.17179231328358	NA	7.414925862744457	NA
Hippocampus	-0.34464689238073454	50.34783368982142	NA	7.391596451780176	NA
Hippocampus	-0.34464689238073454	50.52387506635926	NA	7.368391541567747	NA
Hippocampus	-0.34464689238073454	50.69991644289709	NA	7.34530890805799	NA
Hippocampus	-0.34464689238073454	50.87595781943493	NA	7.3223464153506495	NA
Hippocampus	-0.34464689238073454	51.05199919597277	NA	7.29950201110814	NA
Hippocampus	-0.34464689238073454	51.22804057251061	NA	7.27677372221898	NA
Hippocampus	-0.34464689238073454	51.40408194904845	NA	7.254159650697274	NA
Hippocampus	-0.34464689238073454	51.58012332558628	NA	7.231657969805348	NA
Hippocampus	-0.34464689238073454	51.75616470212412	NA	7.209266920387189	NA
Hippocampus	-0.34464689238073454	51.932206078661956	NA	7.186984807401302	NA
Hippocampus	-0.34464689238073454	52.108247455199795	NA	7.164809996641955	NA
Hippocampus	-0.34464689238073454	52.284288831737626	NA	7.142740911638475	NA
Hippocampus	-0.34464689238073454	52.460330208275465	NA	7.120776030722932	NA
Hippocampus	-0.34464689238073454	52.636371584813304	NA	7.098913884256914	NA
Hippocampus	-0.34464689238073454	52.81241296135114	NA	7.077153052008721	NA
Hippocampus	-0.34464689238073454	52.84464689238074	7.280298022430585	7.073179385877816	0.88530688396593
Hippocampus	-0.34464689238073454	52.988454337888975	NA	7.0554921606726735	NA
Hippocampus	-0.34464689238073454	53.16449571442681	NA	7.033929881522877	NA
Hippocampus	-0.34464689238073454	53.34053709096465	NA	7.01246492819393	NA
Hippocampus	-0.34464689238073454	53.51657846750249	NA	6.991096054581776	NA
Hippocampus	-0.34464689238073454	53.69261984404033	NA	6.969822052857955	NA
Hippocampus	-0.34464689238073454	53.86866122057816	NA	6.94864175159123	NA
Hippocampus	-0.34464689238073454	54.044702597116	NA	6.927554013970536	NA
Hippocampus	-0.34464689238073454	54.22074397365384	NA	6.90655773612385	NA
Hippocampus	-0.34464689238073454	54.39678535019168	NA	6.885651845527668	NA
Hippocampus	-0.34464689238073454	54.57282672672951	NA	6.864835299502064	NA
Hippocampus	-0.34464689238073454	54.74886810326735	NA	6.844107083786787	NA
Hippocampus	-0.34464689238073454	54.92490947980519	NA	6.823466211193891	NA
Hippocampus	-0.34464689238073454	55.100950856343026	NA	6.80291172033268	NA
Hippocampus	-0.34464689238073454	55.27699223288086	NA	6.782442674403068	NA
Hippocampus	-0.34464689238073454	55.453033609418696	NA	6.762058160053591	NA
Hippocampus	-0.34464689238073454	55.629074985956535	NA	6.741757286300539	NA
Hippocampus	-0.34464689238073454	55.805116362494374	NA	6.72153918350485	NA
Hippocampus	-0.34464689238073454	55.981157739032206	NA	6.701403008025605	NA
Hippocampus	-0.34464689238073454	56.157199115570045	NA	6.681347931004024	NA
Hippocampus	-0.34464689238073454	56.33324049210788	NA	6.661373134420822	NA
Hippocampus	-0.34464689238073454	56.50928186864572	NA	6.641477824840906	NA
Hippocampus	-0.34464689238073454	56.68532324518356	NA	6.62166122581992	NA
Hippocampus	-0.34464689238073454	56.86136462172139	NA	6.601922577167275	NA
Hippocampus	-0.34464689238073454	57.03740599825923	NA	6.582261134248119	NA
Hippocampus	-0.34464689238073454	57.21344737479707	NA	6.56267616732226	NA
Hippocampus	-0.34464689238073454	57.38948875133491	NA	6.54316696091786	NA
Hippocampus	-0.34464689238073454	57.56553012787274	NA	6.523732813238117	NA
Hippocampus	-0.34464689238073454	57.74157150441058	NA	6.504373035599069	NA
Hippocampus	-0.34464689238073454	57.84464689238074	6.783681789970142	6.4930717910025715	0.8456200491680635
Hippocampus	-0.34464689238073454	57.91761288094842	NA	6.48508695189691	NA
Hippocampus	-0.34464689238073454	58.09365425748626	NA	6.465873898103093	NA
Hippocampus	-0.34464689238073454	58.26969563402409	NA	6.446733221785809	NA
Hippocampus	-0.34464689238073454	58.44573701056193	NA	6.427664281656324	NA
Hippocampus	-0.34464689238073454	58.621778387099766	NA	6.408666447138888	NA
Hippocampus	-0.34464689238073454	58.797819763637605	NA	6.389739097962896	NA
Hippocampus	-0.34464689238073454	58.97386114017544	NA	6.3708816237760955	NA
Hippocampus	-0.34464689238073454	59.149902516713276	NA	6.352093423777699	NA
Hippocampus	-0.34464689238073454	59.325943893251115	NA	6.333373906370314	NA
Hippocampus	-0.34464689238073454	59.50198526978895	NA	6.3147224888296725	NA
Hippocampus	-0.34464689238073454	59.67802664632679	NA	6.296138596991218	NA
Hippocampus	-0.34464689238073454	59.854068022864624	NA	6.27762166495257	NA
Hippocampus	-0.34464689238073454	60.03010939940246	NA	6.259171134791058	NA
Hippocampus	-0.34464689238073454	60.2061507759403	NA	6.240837736527546	NA
Hippocampus	-0.34464689238073454	60.38219215247814	NA	6.222685638209904	NA
Hippocampus	-0.34464689238073454	60.55823352901597	NA	6.2046801623053405	NA
Hippocampus	-0.34464689238073454	60.73427490555381	NA	6.186817615137853	NA
Hippocampus	-0.34464689238073454	60.91031628209165	NA	6.169094473673161	NA
Hippocampus	-0.34464689238073454	61.08635765862949	NA	6.151507376393825	NA
Hippocampus	-0.34464689238073454	61.26239903516732	NA	6.134053114673165	NA
Hippocampus	-0.34464689238073454	61.43844041170516	NA	6.116728624620562	NA
Hippocampus	-0.34464689238073454	61.614481788243	NA	6.099530979372393	NA
Hippocampus	-0.34464689238073454	61.790523164780836	NA	6.082457381804065	NA
Hippocampus	-0.34464689238073454	61.966564541318675	NA	6.065505157640186	NA
Hippocampus	-0.34464689238073454	62.14260591785651	NA	6.04867174894093	NA
Hippocampus	-0.34464689238073454	62.318647294394346	NA	6.031954707944011	NA
Hippocampus	-0.34464689238073454	62.494688670932184	NA	6.015351691242844	NA
Hippocampus	-0.34464689238073454	62.67073004747002	NA	5.998860454282375	NA
Hippocampus	-0.34464689238073454	62.84464689238074	6.451534136308872	5.982675932104857	0.8117140878636057
Hippocampus	-0.34464689238073454	62.846771424007855	NA	5.982478846155184	NA
Hippocampus	-0.34464689238073454	63.022812800545694	NA	5.966204804681453	NA
Hippocampus	-0.34464689238073454	63.19885417708353	NA	5.950036351757171	NA
Hippocampus	-0.34464689238073454	63.37489555362137	NA	5.9339715889559645	NA
Hippocampus	-0.34464689238073454	63.5509369301592	NA	5.918008693370522	NA
Hippocampus	-0.34464689238073454	63.72697830669704	NA	5.902145913680632	NA
Hippocampus	-0.34464689238073454	63.90301968323488	NA	5.886381567777646	NA
Hippocampus	-0.34464689238073454	64.07906105977271	NA	5.870714048386494	NA
Hippocampus	-0.34464689238073454	64.25510243631055	NA	5.855141783819072	NA
Hippocampus	-0.34464689238073454	64.43114381284839	NA	5.839663273918968	NA
Hippocampus	-0.34464689238073454	64.60718518938623	NA	5.824277073441841	NA
Hippocampus	-0.34464689238073454	64.78322656592407	NA	5.808981789244657	NA
Hippocampus	-0.34464689238073454	64.9592679424619	NA	5.793776077627621	NA
Hippocampus	-0.34464689238073454	65.13530931899975	NA	5.778658641820419	NA
Hippocampus	-0.34464689238073454	65.31135069553758	NA	5.76362822960488	NA
Hippocampus	-0.34464689238073454	65.48739207207541	NA	5.748683631066601	NA
Hippocampus	-0.34464689238073454	65.66343344861325	NA	5.733823676468447	NA
Hippocampus	-0.34464689238073454	65.83947482515109	NA	5.71904723423926	NA
Hippocampus	-0.34464689238073454	66.01551620168892	NA	5.704353209071521	NA
Hippocampus	-0.34464689238073454	66.19155757822676	NA	5.689740540121882	NA
Hippocampus	-0.34464689238073454	66.3675989547646	NA	5.67520819930904	NA
Hippocampus	-0.34464689238073454	66.54364033130244	NA	5.660755189703595	NA
Hippocampus	-0.34464689238073454	66.71968170784028	NA	5.646380544004842	NA
Hippocampus	-0.34464689238073454	66.8957230843781	NA	5.632083323099732	NA
Hippocampus	-0.34464689238073454	67.07176446091594	NA	5.617862614699559	NA
Hippocampus	-0.34464689238073454	67.24780583745378	NA	5.603717532050039	NA
Hippocampus	-0.34464689238073454	67.42384721399162	NA	5.589647212710843	NA
Hippocampus	-0.34464689238073454	67.59988859052946	NA	5.575650817400715	NA
Hippocampus	-0.34464689238073454	67.7759299670673	NA	5.561727528904676	NA
Hippocampus	-0.34464689238073454	67.84464689238074	6.049177386965055	5.556312278275071	0.7789040092418946
Hippocampus	-0.34464689238073454	67.95197134360514	NA	5.547876551039778	NA
Hippocampus	-0.34464689238073454	68.12801272014298	NA	5.534097107676386	NA
Hippocampus	-0.34464689238073454	68.30405409668082	NA	5.520388441811778	NA
Hippocampus	-0.34464689238073454	68.48009547321864	NA	5.506749814693359	NA
Hippocampus	-0.34464689238073454	68.65613684975648	NA	5.493180504988617	NA
Hippocampus	-0.34464689238073454	68.83217822629432	NA	5.479679807999416	NA
Hippocampus	-0.34464689238073454	69.00821960283216	NA	5.46624703491812	NA
Hippocampus	-0.34464689238073454	69.18426097937	NA	5.4528815121232626	NA
Hippocampus	-0.34464689238073454	69.36030235590783	NA	5.4395825805126226	NA
Hippocampus	-0.34464689238073454	69.53634373244567	NA	5.426349594871698	NA
Hippocampus	-0.34464689238073454	69.71238510898351	NA	5.41318192327554	NA
Hippocampus	-0.34464689238073454	69.88842648552134	NA	5.400078946522279	NA
Hippocampus	-0.34464689238073454	70.06446786205917	NA	5.387040057596452	NA
Hippocampus	-0.34464689238073454	70.24050923859701	NA	5.374064661160604	NA
Hippocampus	-0.34464689238073454	70.41655061513485	NA	5.36115217307364	NA
Hippocampus	-0.34464689238073454	70.59259199167269	NA	5.348302019934366	NA
Hippocampus	-0.34464689238073454	70.76863336821053	NA	5.335513638648943	NA
Hippocampus	-0.34464689238073454	70.94467474474837	NA	5.322786476020947	NA
Hippocampus	-0.34464689238073454	71.12071612128621	NA	5.310119988362654	NA
Hippocampus	-0.34464689238073454	71.29675749782405	NA	5.29751364112668	NA
Hippocampus	-0.34464689238073454	71.47279887436187	NA	5.284966908556565	NA
Hippocampus	-0.34464689238073454	71.64884025089971	NA	5.272479273355465	NA
Hippocampus	-0.34464689238073454	71.82488162743755	NA	5.260050226371901	NA
Hippocampus	-0.34464689238073454	72.00092300397539	NA	5.247679272690229	NA
Hippocampus	-0.34464689238073454	72.17696438051323	NA	5.235365914449809	NA
Hippocampus	-0.34464689238073454	72.35300575705106	NA	5.22310966279376	NA
Hippocampus	-0.34464689238073454	72.5290471335889	NA	5.210910038322435	NA
Hippocampus	-0.34464689238073454	72.70508851012674	NA	5.198766568435359	NA
Hippocampus	-0.34464689238073454	72.84464689238074	5.648405740579139	5.189179343206524	0.7499645091505566
Hippocampus	-0.34464689238073454	72.88112988666457	NA	5.186678787101552	NA
Hippocampus	-0.34464689238073454	73.0571712632024	NA	5.17464623464141	NA
Hippocampus	-0.34464689238073454	73.23321263974024	NA	5.162668457519542	NA
Hippocampus	-0.34464689238073454	73.40925401627808	NA	5.150745008147869	NA
Hippocampus	-0.34464689238073454	73.58529539281592	NA	5.1388754446984946	NA
Hippocampus	-0.34464689238073454	73.76133676935376	NA	5.127059330925919	NA
Hippocampus	-0.34464689238073454	73.9373781458916	NA	5.115296235997838	NA
Hippocampus	-0.34464689238073454	74.11341952242944	NA	5.103585734334351	NA
Hippocampus	-0.34464689238073454	74.28946089896728	NA	5.091927405454893	NA
Hippocampus	-0.34464689238073454	74.4655022755051	NA	5.080320833832622	NA
Hippocampus	-0.34464689238073454	74.64154365204294	NA	5.068765608755799	NA
Hippocampus	-0.34464689238073454	74.81758502858078	NA	5.05726132419577	NA
Hippocampus	-0.34464689238073454	74.99362640511862	NA	5.045807578681263	NA
Hippocampus	-0.34464689238073454	75.16966778165646	NA	5.034403975178542	NA
Hippocampus	-0.34464689238073454	75.3457091581943	NA	5.023050120977283	NA
Hippocampus	-0.34464689238073454	75.52175053473213	NA	5.011745627581664	NA
Hippocampus	-0.34464689238073454	75.69779191126997	NA	5.0004901106065205	NA
Hippocampus	-0.34464689238073454	75.8738332878078	NA	4.989283189678302	NA
Hippocampus	-0.34464689238073454	76.04987466434564	NA	4.978124488340436	NA
Hippocampus	-0.34464689238073454	76.22591604088348	NA	4.967013633963084	NA
Hippocampus	-0.34464689238073454	76.40195741742131	NA	4.955950257656823	NA
Hippocampus	-0.34464689238073454	76.57799879395915	NA	4.9449339941902055	NA
Hippocampus	-0.34464689238073454	76.75404017049699	NA	4.933964481910949	NA
Hippocampus	-0.34464689238073454	76.93008154703483	NA	4.923041362670521	NA
Hippocampus	-0.34464689238073454	77.10612292357267	NA	4.912164281751988	NA
Hippocampus	-0.34464689238073454	77.28216430011051	NA	4.901332887800946	NA
Hippocampus	-0.34464689238073454	77.45820567664833	NA	4.890546832759349	NA
Hippocampus	-0.34464689238073454	77.63424705318617	NA	4.879805771802095	NA
Hippocampus	-0.34464689238073454	77.81028842972401	NA	4.869109363276275	NA
Hippocampus	-0.34464689238073454	77.84464689238074	5.418679074137448	4.867026879461502	0.7251953667779288
Hippocampus	-0.34464689238073454	77.98632980626185	NA	4.858457268642828	NA
Hippocampus	-0.34464689238073454	78.16237118279969	NA	4.847849152420567	NA
Hippocampus	-0.34464689238073454	78.33841255933753	NA	4.837284682132498	NA
Hippocampus	-0.34464689238073454	78.51445393587537	NA	4.826763528254134	NA
Hippocampus	-0.34464689238073454	78.6904953124132	NA	4.8162853641638925	NA
Hippocampus	-0.34464689238073454	78.86653668895104	NA	4.805849866095375	NA
Hippocampus	-0.34464689238073454	79.04257806548887	NA	4.795456713091409	NA
Hippocampus	-0.34464689238073454	79.21861944202671	NA	4.785105586959841	NA
Hippocampus	-0.34464689238073454	79.39466081856455	NA	4.774796172230937	NA
Hippocampus	-0.34464689238073454	79.57070219510238	NA	4.764528156116284	NA
Hippocampus	-0.34464689238073454	79.74674357164022	NA	4.754301228469202	NA
Hippocampus	-0.34464689238073454	79.92278494817806	NA	4.744115083991405	NA
Hippocampus	-0.34464689238073454	80.0988263247159	NA	4.733969419327176	NA
Hippocampus	-0.34464689238073454	80.27486770125374	NA	4.723863928073782	NA
Hippocampus	-0.34464689238073454	80.45090907779156	NA	4.713798310283027	NA
Hippocampus	-0.34464689238073454	80.6269504543294	NA	4.703772268469757	NA
Hippocampus	-0.34464689238073454	80.80299183086724	NA	4.693785507579559	NA
Hippocampus	-0.34464689238073454	80.97903320740508	NA	4.683837734957474	NA
Hippocampus	-0.34464689238073454	81.15507458394292	NA	4.673928660317704	NA
Hippocampus	-0.34464689238073454	81.33111596048076	NA	4.664057995714192	NA
Hippocampus	-0.34464689238073454	81.5071573370186	NA	4.654225455512129	NA
Hippocampus	-0.34464689238073454	81.68319871355644	NA	4.644430756360256	NA
Hippocampus	-0.34464689238073454	81.85924009009427	NA	4.634673617163961	NA
Hippocampus	-0.34464689238073454	82.0352814666321	NA	4.624953759059144	NA
Hippocampus	-0.34464689238073454	82.21132284316994	NA	4.615270905386761	NA
Hippocampus	-0.34464689238073454	82.38736421970778	NA	4.605624781668106	NA
Hippocampus	-0.34464689238073454	82.56340559624562	NA	4.596015115580708	NA
Hippocampus	-0.34464689238073454	82.73944697278345	NA	4.586441636934846	NA
Hippocampus	-0.34464689238073454	82.84464689238074	4.992887923722763	4.580737821823448	0.7021197486030172
Hippocampus	-0.34464689238073454	82.9154883493213	NA	4.576904077650671	NA
Hippocampus	-0.34464689238073454	83.09152972585913	NA	4.5674021717358775	NA
Hippocampus	-0.34464689238073454	83.26757110239697	NA	4.557935655263935	NA
Hippocampus	-0.34464689238073454	83.4436124789348	NA	4.548504266352794	NA
Hippocampus	-0.34464689238073454	83.61965385547263	NA	4.539107745144126	NA
Hippocampus	-0.34464689238073454	83.79569523201047	NA	4.529745833782996	NA
Hippocampus	-0.34464689238073454	83.97173660854831	NA	4.520418276398019	NA
Hippocampus	-0.34464689238073454	84.14777798508615	NA	4.51112481908191	NA
Hippocampus	-0.34464689238073454	84.32381936162399	NA	4.5018652098724505	NA
Hippocampus	-0.34464689238073454	84.49986073816183	NA	4.492639198733885	NA
Hippocampus	-0.34464689238073454	84.67590211469967	NA	4.483446537538608	NA
Hippocampus	-0.34464689238073454	84.8519434912375	NA	4.474286980049314	NA
Hippocampus	-0.34464689238073454	85.02798486777533	NA	4.465160281901421	NA
Hippocampus	-0.34464689238073454	85.20402624431317	NA	4.456066200585842	NA
Hippocampus	-0.34464689238073454	85.38006762085101	NA	4.4470044954320755	NA
Hippocampus	-0.34464689238073454	85.55610899738885	NA	4.437974927591607	NA
Hippocampus	-0.34464689238073454	85.73215037392669	NA	4.42897726002159	NA
Hippocampus	-0.34464689238073454	85.90819175046452	NA	4.4200112574688	NA
Hippocampus	-0.34464689238073454	86.08423312700236	NA	4.4110766864539	NA
Hippocampus	-0.34464689238073454	86.2602745035402	NA	4.402173315255909	NA
Hippocampus	-0.34464689238073454	86.43631588007803	NA	4.393300913896954	NA
Hippocampus	-0.34464689238073454	86.61235725661587	NA	4.384459254127253	NA
Hippocampus	-0.34464689238073454	86.7883986331537	NA	4.3756481094103465	NA
Hippocampus	-0.34464689238073454	86.96444000969154	NA	4.366867254908487	NA
Hippocampus	-0.34464689238073454	87.14048138622938	NA	4.358116467468376	NA
Hippocampus	-0.34464689238073454	87.31652276276722	NA	4.349395525606946	NA
Hippocampus	-0.34464689238073454	87.49256413930506	NA	4.340704209497455	NA
Hippocampus	-0.34464689238073454	87.6686055158429	NA	4.332042300955753	NA
Hippocampus	-0.34464689238073454	87.84464689238074	4.6538900330078	4.323382463303478	0.6823460271913812
Insula	-0.34464689238073454	0	0	-1.970507037911628e-14	0
Insula	-0.34464689238073454	0.17604137653783714	NA	2.5206161415090264e-5	NA
Insula	-0.34464689238073454	0.35208275307567427	NA	6.238382149235395e-5	NA
Insula	-0.34464689238073454	0.5281241296135114	NA	4.4908439263627526e-4	NA
Insula	-0.34464689238073454	0.5946468923807345	0.00790857551499166	6.948531892055774e-4	0.4979955609317893
Insula	-0.34464689238073454	0.7041655061513485	NA	0.0011821772463413282	NA
Insula	-0.34464689238073454	0.8802068826891857	NA	0.22297489530313724	NA
Insula	-0.34464689238073454	1.0562482592270228	NA	1.5549771848834628	NA
Insula	-0.34464689238073454	1.0946468923807346	1.450692821739944	1.9158653698523211	0.5935966379574875
Insula	-0.34464689238073454	1.23228963576486	NA	3.4334357892372935	NA
Insula	-0.34464689238073454	1.408331012302697	NA	5.886896133448161	NA
Insula	-0.34464689238073454	1.584372388840534	NA	8.611954227963043	NA
Insula	-0.34464689238073454	1.5946468923807346	8.96897175839339	8.76274470812811	0.7747364380991829
Insula	-0.34464689238073454	1.7604137653783714	NA	11.237056204995016	NA
Insula	-0.34464689238073454	1.9364551419162086	NA	14.126706365891765	NA
Insula	-0.34464689238073454	2.0946468923807346	18.86532245829013	17.013229003658683	0.9046305710011072
Insula	-0.34464689238073454	2.1124965184540456	NA	17.35295223484598	NA
Insula	-0.34464689238073454	2.2885378949918826	NA	20.852152919408763	NA
Insula	-0.34464689238073454	2.46457927152972	NA	24.602551494611774	NA
Insula	-0.34464689238073454	2.5946468923807346	28.87225498587164	27.119573922457448	1.0084564834937169
Insula	-0.34464689238073454	2.640620648067557	NA	27.977589319227917	NA
Insula	-0.34464689238073454	2.816662024605394	NA	31.1451506601448	NA
Insula	-0.34464689238073454	2.992703401143231	NA	32.84326521182553	NA
Insula	-0.34464689238073454	3.0946468923807346	33.38933783202847	33.18210694018875	1.05184710143084
Insula	-0.34464689238073454	3.168744777681068	NA	33.284160188051686	NA
Insula	-0.34464689238073454	3.3447861542189057	NA	33.75471547932502	NA
Insula	-0.34464689238073454	3.5208275307567427	NA	33.839371174619565	NA
Insula	-0.34464689238073454	3.6968689072945797	NA	33.821986119163256	NA
Insula	-0.34464689238073454	3.8446468923807346	32.83392020566566	33.81730320889793	1.2771234363638424
Insula	-0.34464689238073454	3.872910283832417	NA	33.80988244255279	NA
Insula	-0.34464689238073454	4.048951660370254	NA	33.717639066827786	NA
Insula	-0.34464689238073454	4.224993036908091	NA	33.54811680032204	NA
Insula	-0.34464689238073454	4.401034413445928	NA	33.30404810008734	NA
Insula	-0.34464689238073454	4.577075789983765	NA	32.98804298842183	NA
Insula	-0.34464689238073454	4.753117166521602	NA	32.60259469591119	NA
Insula	-0.34464689238073454	4.844646892380735	30.771440020657675	32.37556767083191	1.2409533465925953
Insula	-0.34464689238073454	4.92915854305944	NA	32.150085043628046	NA
Insula	-0.34464689238073454	5.105199919597277	NA	31.632789576549982	NA
Insula	-0.34464689238073454	5.281241296135114	NA	31.05288245969896	NA
Insula	-0.34464689238073454	5.457282672672951	NA	30.504632818525263	NA
Insula	-0.34464689238073454	5.633324049210788	NA	29.992429129695438	NA
Insula	-0.34464689238073454	5.809365425748625	NA	29.49831119758526	NA
Insula	-0.34464689238073454	5.844646892380735	29.452055492843648	29.40137155741198	1.1990027673150705
Insula	-0.34464689238073454	5.985406802286462	NA	29.02136320410463	NA
Insula	-0.34464689238073454	6.161448178824299	NA	28.560712047677466	NA
Insula	-0.34464689238073454	6.337489555362136	NA	28.115525366358423	NA
Insula	-0.34464689238073454	6.513530931899974	NA	27.685009652366336	NA
Insula	-0.34464689238073454	6.689572308437811	NA	27.2684084538069	NA
Insula	-0.34464689238073454	6.865613684975648	NA	26.865000659553495	NA
Insula	-0.34464689238073454	7.041655061513485	NA	26.474098863440695	NA
Insula	-0.34464689238073454	7.217696438051322	NA	26.095047804103327	NA
Insula	-0.34464689238073454	7.344646892380735	26.03701551639094	25.828707058117022	1.4086112960853336
Insula	-0.34464689238073454	7.3937378145891595	NA	25.727222876963154	NA
Insula	-0.34464689238073454	7.5697791911269965	NA	25.370028715027253	NA
Insula	-0.34464689238073454	7.745820567664834	NA	25.022897835316137	NA
Insula	-0.34464689238073454	7.921861944202671	NA	24.68528934788719	NA
Insula	-0.34464689238073454	8.097903320740508	NA	24.35668855094138	NA
Insula	-0.34464689238073454	8.273944697278345	NA	24.036603632910495	NA
Insula	-0.34464689238073454	8.449986073816182	NA	23.724565831109054	NA
Insula	-0.34464689238073454	8.62602745035402	NA	23.42012888081138	NA
Insula	-0.34464689238073454	8.802068826891857	NA	23.122867497042087	NA
Insula	-0.34464689238073454	8.978110203429694	NA	22.832376402896447	NA
Insula	-0.34464689238073454	9.15415157996753	NA	22.548269402797114	NA
Insula	-0.34464689238073454	9.330192956505368	NA	22.270178498609607	NA
Insula	-0.34464689238073454	9.344646892380734	22.751101743683307	22.247601883423563	1.3144617490295751
Insula	-0.34464689238073454	9.506234333043205	NA	21.997753046634607	NA
Insula	-0.34464689238073454	9.682275709581042	NA	21.7306589535871	NA
Insula	-0.34464689238073454	9.85831708611888	NA	21.46857790975949	NA
Insula	-0.34464689238073454	10.034358462656717	NA	21.21120665764947	NA
Insula	-0.34464689238073454	10.210399839194555	NA	20.958268056788953	NA
Insula	-0.34464689238073454	10.386441215732392	NA	20.71924530345271	NA
Insula	-0.34464689238073454	10.562482592270229	NA	20.491008260804023	NA
Insula	-0.34464689238073454	10.738523968808066	NA	20.27220357041272	NA
Insula	-0.34464689238073454	10.914565345345903	NA	20.0623818629367	NA
Insula	-0.34464689238073454	11.09060672188374	NA	19.861114608884986	NA
Insula	-0.34464689238073454	11.266648098421577	NA	19.667993154723618	NA
Insula	-0.34464689238073454	11.442689474959414	NA	19.482627803551857	NA
Insula	-0.34464689238073454	11.61873085149725	NA	19.30464693828797	NA
Insula	-0.34464689238073454	11.794772228035088	NA	19.133696185399	NA
Insula	-0.34464689238073454	11.970813604572925	NA	18.969437617299782	NA
Insula	-0.34464689238073454	12.146854981110762	NA	18.811548991633266	NA
Insula	-0.34464689238073454	12.322896357648599	NA	18.659723025726684	NA
Insula	-0.34464689238073454	12.498937734186436	NA	18.513666704597217	NA
Insula	-0.34464689238073454	12.674979110724273	NA	18.373100620955793	NA
Insula	-0.34464689238073454	12.844646892380734	19.137359021635618	18.242568590679042	1.60001642972666
Insula	-0.34464689238073454	12.851020487262112	NA	18.237758345729496	NA
Insula	-0.34464689238073454	13.027061863799949	NA	18.107385827691406	NA
Insula	-0.34464689238073454	13.203103240337786	NA	17.981740820852067	NA
Insula	-0.34464689238073454	13.379144616875623	NA	17.860592338328786	NA
Insula	-0.34464689238073454	13.55518599341346	NA	17.743720131468603	NA
Insula	-0.34464689238073454	13.731227369951297	NA	17.630914193057258	NA
Insula	-0.34464689238073454	13.907268746489134	NA	17.52197428350008	NA
Insula	-0.34464689238073454	14.08331012302697	NA	17.41670947891317	NA
Insula	-0.34464689238073454	14.259351499564808	NA	17.31493774011139	NA
Insula	-0.34464689238073454	14.435392876102645	NA	17.216485501527004	NA
Insula	-0.34464689238073454	14.611434252640482	NA	17.121187279137402	NA
Insula	-0.34464689238073454	14.787475629178319	NA	17.028885296522965	NA
Insula	-0.34464689238073454	14.963517005716156	NA	16.93942912821677	NA
Insula	-0.34464689238073454	15.139558382253993	NA	16.852675359546552	NA
Insula	-0.34464689238073454	15.31559975879183	NA	16.768487262206296	NA
Insula	-0.34464689238073454	15.491641135329669	NA	16.684957719062993	NA
Insula	-0.34464689238073454	15.667682511867506	NA	16.604119999192175	NA
Insula	-0.34464689238073454	15.843723888405343	NA	16.52589136500032	NA
Insula	-0.34464689238073454	16.019765264943178	NA	16.45014379446032	NA
Insula	-0.34464689238073454	16.195806641481017	NA	16.37675526731927	NA
Insula	-0.34464689238073454	16.371848018018852	NA	16.305609033000735	NA
Insula	-0.34464689238073454	16.54788939455669	NA	16.23659403619813	NA
Insula	-0.34464689238073454	16.723930771094526	NA	16.16960439096574	NA
Insula	-0.34464689238073454	16.899972147632365	NA	16.10453914153494	NA
Insula	-0.34464689238073454	17.076013524170204	NA	16.041302034190846	NA
Insula	-0.34464689238073454	17.25205490070804	NA	15.97980129969763	NA
Insula	-0.34464689238073454	17.428096277245878	NA	15.91994944578501	NA
Insula	-0.34464689238073454	17.604137653783713	NA	15.861663059230503	NA
Insula	-0.34464689238073454	17.780179030321552	NA	15.804862617093836	NA
Insula	-0.34464689238073454	17.844646892380734	16.046713118701646	15.784418717582051	1.4105531070786514
Insula	-0.34464689238073454	17.956220406859387	NA	15.749472306680369	NA
Insula	-0.34464689238073454	18.132261783397226	NA	15.695419853829842	NA
Insula	-0.34464689238073454	18.30830315993506	NA	15.64263635914549	NA
Insula	-0.34464689238073454	18.4843445364729	NA	15.591056141796432	NA
Insula	-0.34464689238073454	18.660385913010735	NA	15.540616590543088	NA
Insula	-0.34464689238073454	18.836427289548574	NA	15.49125802165174	NA
Insula	-0.34464689238073454	19.01246866608641	NA	15.442923543379544	NA
Insula	-0.34464689238073454	19.188510042624248	NA	15.395558926726295	NA
Insula	-0.34464689238073454	19.364551419162083	NA	15.349112482163154	NA
Insula	-0.34464689238073454	19.540592795699922	NA	15.303534942061955	NA
Insula	-0.34464689238073454	19.71663417223776	NA	15.258779348561486	NA
Insula	-0.34464689238073454	19.892675548775596	NA	15.214800946619386	NA
Insula	-0.34464689238073454	20.068716925313435	NA	15.171557082009864	NA
Insula	-0.34464689238073454	20.24475830185127	NA	15.129007104038498	NA
Insula	-0.34464689238073454	20.42079967838911	NA	15.08711227275611	NA
Insula	-0.34464689238073454	20.596841054926944	NA	15.045835670463568	NA
Insula	-0.34464689238073454	20.772882431464783	NA	15.00514211730919	NA
Insula	-0.34464689238073454	20.94892380800262	NA	14.964998090789466	NA
Insula	-0.34464689238073454	21.124965184540457	NA	14.925371648972598	NA
Insula	-0.34464689238073454	21.301006561078292	NA	14.886232357272803	NA
Insula	-0.34464689238073454	21.47704793761613	NA	14.847551218611068	NA
Insula	-0.34464689238073454	21.653089314153966	NA	14.809300606805907	NA
Insula	-0.34464689238073454	21.829130690691805	NA	14.771454203044618	NA
Insula	-0.34464689238073454	22.00517206722964	NA	14.733986935292702	NA
Insula	-0.34464689238073454	22.18121344376748	NA	14.696874920505643	NA
Insula	-0.34464689238073454	22.357254820305315	NA	14.66009540951323	NA
Insula	-0.34464689238073454	22.533296196843153	NA	14.62362673445313	NA
Insula	-0.34464689238073454	22.709337573380992	NA	14.587448258635627	NA
Insula	-0.34464689238073454	22.844646892380734	14.338655477704148	14.559825525096047	1.287011358274444
Insula	-0.34464689238073454	22.885378949918827	NA	14.551540328727235	NA
Insula	-0.34464689238073454	23.061420326456666	NA	14.515884229145891	NA
Insula	-0.34464689238073454	23.2374617029945	NA	14.480462138565485	NA
Insula	-0.34464689238073454	23.41350307953234	NA	14.44525708843216	NA
Insula	-0.34464689238073454	23.589544456070175	NA	14.4102529233995	NA
Insula	-0.34464689238073454	23.765585832608014	NA	14.37543426359362	NA
Insula	-0.34464689238073454	23.94162720914585	NA	14.340786468623818	NA
Insula	-0.34464689238073454	24.11766858568369	NA	14.306295623173728	NA
Insula	-0.34464689238073454	24.293709962221524	NA	14.271948442840186	NA
Insula	-0.34464689238073454	24.469751338759362	NA	14.23773230411546	NA
Insula	-0.34464689238073454	24.645792715297198	NA	14.20363519707026	NA
Insula	-0.34464689238073454	24.821834091835036	NA	14.169645694778918	NA
Insula	-0.34464689238073454	24.99787546837287	NA	14.135752926233245	NA
Insula	-0.34464689238073454	25.17391684491071	NA	14.10194655050961	NA
Insula	-0.34464689238073454	25.349958221448546	NA	14.068216732130926	NA
Insula	-0.34464689238073454	25.525999597986385	NA	14.034554117568593	NA
Insula	-0.34464689238073454	25.702040974524223	NA	14.00094981283141	NA
Insula	-0.34464689238073454	25.87808235106206	NA	13.967395362091471	NA
Insula	-0.34464689238073454	26.054123727599897	NA	13.933882727298794	NA
Insula	-0.34464689238073454	26.230165104137733	NA	13.900404268739315	NA
Insula	-0.34464689238073454	26.40620648067557	NA	13.866952726492238	NA
Insula	-0.34464689238073454	26.582247857213407	NA	13.833521202745462	NA
Insula	-0.34464689238073454	26.758289233751245	NA	13.800103144929295	NA
Insula	-0.34464689238073454	26.93433061028908	NA	13.766692329630526	NA
Insula	-0.34464689238073454	27.11037198682692	NA	13.733282847250914	NA
Insula	-0.34464689238073454	27.286413363364755	NA	13.699869087375772	NA
Insula	-0.34464689238073454	27.462454739902594	NA	13.666445724819205	NA
Insula	-0.34464689238073454	27.63849611644043	NA	13.633007706315638	NA
Insula	-0.34464689238073454	27.814537492978268	NA	13.599550237827021	NA
Insula	-0.34464689238073454	27.844646892380734	13.060208226693383	13.593825527997433	1.1896174610375203
Insula	-0.34464689238073454	27.990578869516103	NA	13.56606877243754	NA
Insula	-0.34464689238073454	28.16662024605394	NA	13.532558998808593	NA
Insula	-0.34464689238073454	28.34266162259178	NA	13.499016830168177	NA
Insula	-0.34464689238073454	28.518702999129616	NA	13.46543839380991	NA
Insula	-0.34464689238073454	28.694744375667455	NA	13.43182002107816	NA
Insula	-0.34464689238073454	28.87078575220529	NA	13.398158237816796	NA
Insula	-0.34464689238073454	29.04682712874313	NA	13.364449755260107	NA
Insula	-0.34464689238073454	29.222868505280964	NA	13.330691461345447	NA
Insula	-0.34464689238073454	29.398909881818803	NA	13.296880412428123	NA
Insula	-0.34464689238073454	29.574951258356638	NA	13.263013825379899	NA
Insula	-0.34464689238073454	29.750992634894477	NA	13.229089070053377	NA
Insula	-0.34464689238073454	29.927034011432312	NA	13.195103662095352	NA
Insula	-0.34464689238073454	30.10307538797015	NA	13.161055256093029	NA
Insula	-0.34464689238073454	30.279116764507986	NA	13.126991434590751	NA
Insula	-0.34464689238073454	30.455158141045825	NA	13.093261118341475	NA
Insula	-0.34464689238073454	30.63119951758366	NA	13.05990631785083	NA
Insula	-0.34464689238073454	30.8072408941215	NA	13.026908917246034	NA
Insula	-0.34464689238073454	30.983282270659338	NA	12.994251641814023	NA
Insula	-0.34464689238073454	31.159323647197173	NA	12.961918019090833	NA
Insula	-0.34464689238073454	31.33536502373501	NA	12.929892341750342	NA
Insula	-0.34464689238073454	31.511406400272847	NA	12.898159632208996	NA
Insula	-0.34464689238073454	31.687447776810686	NA	12.866705608867292	NA
Insula	-0.34464689238073454	31.86348915334852	NA	12.835516653912215	NA
Insula	-0.34464689238073454	32.039530529886356	NA	12.80457980254752	NA
Insula	-0.34464689238073454	32.215571906424195	NA	12.773882667726758	NA
Insula	-0.34464689238073454	32.391613282962034	NA	12.743413427138709	NA
Insula	-0.34464689238073454	32.56765465949987	NA	12.713160825141237	NA
Insula	-0.34464689238073454	32.743696036037704	NA	12.68311412987927	NA
Insula	-0.34464689238073454	32.84464689238074	12.22437665697491	12.665972717019743	1.10923284673891
Insula	-0.34464689238073454	32.91973741257554	NA	12.653263109050076	NA
Insula	-0.34464689238073454	33.09577878911338	NA	12.623598006789152	NA
Insula	-0.34464689238073454	33.27182016565122	NA	12.594109521625024	NA
Insula	-0.34464689238073454	33.44786154218905	NA	12.564788785453352	NA
Insula	-0.34464689238073454	33.62390291872689	NA	12.535627343483418	NA
Insula	-0.34464689238073454	33.79994429526473	NA	12.506617135111847	NA
Insula	-0.34464689238073454	33.97598567180257	NA	12.477750475680812	NA
Insula	-0.34464689238073454	34.15202704834041	NA	12.449020039079786	NA
Insula	-0.34464689238073454	34.32806842487824	NA	12.420418841151799	NA
Insula	-0.34464689238073454	34.50410980141608	NA	12.391940223867056	NA
Insula	-0.34464689238073454	34.68015117795392	NA	12.363577840228455	NA
Insula	-0.34464689238073454	34.856192554491756	NA	12.335325639875013	NA
Insula	-0.34464689238073454	35.03223393102959	NA	12.307177855351163	NA
Insula	-0.34464689238073454	35.208275307567426	NA	12.279128989010914	NA
Insula	-0.34464689238073454	35.384316684105265	NA	12.251173800527656	NA
Insula	-0.34464689238073454	35.560358060643104	NA	12.223307294981552	NA
Insula	-0.34464689238073454	35.736399437180935	NA	12.195524711497825	NA
Insula	-0.34464689238073454	35.912440813718774	NA	12.16782151241044	NA
Insula	-0.34464689238073454	36.08848219025661	NA	12.140193372926943	NA
Insula	-0.34464689238073454	36.26452356679445	NA	12.112636171271223	NA
Insula	-0.34464689238073454	36.440564943332284	NA	12.085145979282142	NA
Insula	-0.34464689238073454	36.61660631987012	NA	12.057719053446903	NA
Insula	-0.34464689238073454	36.79264769640796	NA	12.030351826349145	NA
Insula	-0.34464689238073454	36.9686890729458	NA	12.0030408985125	NA
Insula	-0.34464689238073454	37.14473044948364	NA	11.975783030621331	NA
Insula	-0.34464689238073454	37.32077182602147	NA	11.94857513610129	NA
Insula	-0.34464689238073454	37.49681320255931	NA	11.921414274042975	NA
Insula	-0.34464689238073454	37.67285457909715	NA	11.894297642452853	NA
Insula	-0.34464689238073454	37.84464689238074	11.336535365451413	11.867875613343635	1.0403325146640467
Insula	-0.34464689238073454	37.84889595563499	NA	11.86722257181633	NA
Insula	-0.34464689238073454	38.02493733217282	NA	11.840186518958488	NA
Insula	-0.34464689238073454	38.20097870871066	NA	11.813187061188788	NA
Insula	-0.34464689238073454	38.377020085248496	NA	11.786221890716579	NA
Insula	-0.34464689238073454	38.553061461786335	NA	11.759288809324863	NA
Insula	-0.34464689238073454	38.72910283832417	NA	11.73238572329041	NA
Insula	-0.34464689238073454	38.905144214862005	NA	11.70551063853884	NA
Insula	-0.34464689238073454	39.081185591399844	NA	11.67866165602376	NA
Insula	-0.34464689238073454	39.25722696793768	NA	11.651836967319657	NA
Insula	-0.34464689238073454	39.43326834447552	NA	11.625034850418606	NA
Insula	-0.34464689238073454	39.609309721013354	NA	11.598253665721394	NA
Insula	-0.34464689238073454	39.78535109755119	NA	11.571491852214104	NA
Insula	-0.34464689238073454	39.96139247408903	NA	11.544747924278115	NA
Insula	-0.34464689238073454	40.13743385062687	NA	11.51802046865484	NA
Insula	-0.34464689238073454	40.3134752271647	NA	11.491308136672687	NA
Insula	-0.34464689238073454	40.48951660370254	NA	11.464609646869224	NA
Insula	-0.34464689238073454	40.66555798024038	NA	11.437923779743075	NA
Insula	-0.34464689238073454	40.84159935677822	NA	11.411249374876542	NA
Insula	-0.34464689238073454	41.01764073331605	NA	11.384585328190825	NA
Insula	-0.34464689238073454	41.19368210985389	NA	11.357930589328708	NA
Insula	-0.34464689238073454	41.36972348639173	NA	11.331284159158072	NA
Insula	-0.34464689238073454	41.545764862929566	NA	11.304645087390927	NA
Insula	-0.34464689238073454	41.7218062394674	NA	11.278012470312682	NA
Insula	-0.34464689238073454	41.89784761600524	NA	11.25138544861633	NA
Insula	-0.34464689238073454	42.073888992543075	NA	11.224763205336977	NA
Insula	-0.34464689238073454	42.249930369080914	NA	11.198144963881822	NA
Insula	-0.34464689238073454	42.42597174561875	NA	11.17152998615134	NA
Insula	-0.34464689238073454	42.602013122156585	NA	11.144917570747374	NA
Insula	-0.34464689238073454	42.778054498694424	NA	11.118307051264162	NA
Insula	-0.34464689238073454	42.84464689238074	10.582687508259497	11.108241267179531	0.9806967120621216
Insula	-0.34464689238073454	42.95409587523226	NA	11.091697794658415	NA
Insula	-0.34464689238073454	43.1301372517701	NA	11.065089199694812	NA
Insula	-0.34464689238073454	43.30617862830793	NA	11.038480695463468	NA
Insula	-0.34464689238073454	43.48222000484577	NA	11.011871739965942	NA
Insula	-0.34464689238073454	43.65826138138361	NA	10.98526181876677	NA
Insula	-0.34464689238073454	43.83430275792145	NA	10.958650443707292	NA
Insula	-0.34464689238073454	44.01034413445928	NA	10.932037151679111	NA
Insula	-0.34464689238073454	44.18638551099712	NA	10.905421503454255	NA
Insula	-0.34464689238073454	44.36242688753496	NA	10.87880308256949	NA
Insula	-0.34464689238073454	44.5384682640728	NA	10.852181494262318	NA
Insula	-0.34464689238073454	44.71450964061063	NA	10.825556364456155	NA
Insula	-0.34464689238073454	44.89055101714847	NA	10.79892733879254	NA
Insula	-0.34464689238073454	45.06659239368631	NA	10.772294081708168	NA
Insula	-0.34464689238073454	45.242633770224145	NA	10.745656275554541	NA
Insula	-0.34464689238073454	45.418675146761984	NA	10.719231915953678	NA
Insula	-0.34464689238073454	45.594716523299816	NA	10.693157910492816	NA
Insula	-0.34464689238073454	45.770757899837655	NA	10.66730891524003	NA
Insula	-0.34464689238073454	45.946799276375494	NA	10.641676246601104	NA
Insula	-0.34464689238073454	46.12284065291333	NA	10.616251614498852	NA
Insula	-0.34464689238073454	46.298882029451164	NA	10.591027104214572	NA
Insula	-0.34464689238073454	46.474923405989	NA	10.565995159068931	NA
Insula	-0.34464689238073454	46.65096478252684	NA	10.541148563903562	NA
Insula	-0.34464689238073454	46.82700615906468	NA	10.516480429326181	NA
Insula	-0.34464689238073454	47.00304753560251	NA	10.491984176684142	NA
Insula	-0.34464689238073454	47.17908891214035	NA	10.467653523732464	NA
Insula	-0.34464689238073454	47.35513028867819	NA	10.443482470964561	NA
Insula	-0.34464689238073454	47.53117166521603	NA	10.419465288574699	NA
Insula	-0.34464689238073454	47.70721304175386	NA	10.395596504023208	NA
Insula	-0.34464689238073454	47.84464689238074	10.152651543947254	10.377062247505577	0.9299535001547254
Insula	-0.34464689238073454	47.8832544182917	NA	10.371870890176515	NA
Insula	-0.34464689238073454	48.05929579482954	NA	10.348283470642134	NA
Insula	-0.34464689238073454	48.23533717136738	NA	10.32482946147737	NA
Insula	-0.34464689238073454	48.411378547905215	NA	10.301504302225098	NA
Insula	-0.34464689238073454	48.58741992444305	NA	10.278303639454442	NA
Insula	-0.34464689238073454	48.763461300980886	NA	10.255223313568884	NA
Insula	-0.34464689238073454	48.939502677518725	NA	10.23225934987832	NA
Insula	-0.34464689238073454	49.115544054056564	NA	10.20940795008385	NA
Insula	-0.34464689238073454	49.291585430594395	NA	10.186665484156048	NA
Insula	-0.34464689238073454	49.467626807132234	NA	10.164028482588591	NA
Insula	-0.34464689238073454	49.64366818367007	NA	10.141493629010043	NA
Insula	-0.34464689238073454	49.81970956020791	NA	10.119057753136968	NA
Insula	-0.34464689238073454	49.99575093674574	NA	10.096717824052783	NA
Insula	-0.34464689238073454	50.17179231328358	NA	10.074470943797204	NA
Insula	-0.34464689238073454	50.34783368982142	NA	10.052314341251979	NA
Insula	-0.34464689238073454	50.52387506635926	NA	10.030245366309162	NA
Insula	-0.34464689238073454	50.69991644289709	NA	10.008261484308873	NA
Insula	-0.34464689238073454	50.87595781943493	NA	9.986360270734135	NA
Insula	-0.34464689238073454	51.05199919597277	NA	9.964539406150797	NA
Insula	-0.34464689238073454	51.22804057251061	NA	9.942796671381338	NA
Insula	-0.34464689238073454	51.40408194904845	NA	9.921129942901631	NA
Insula	-0.34464689238073454	51.58012332558628	NA	9.899537188450438	NA
Insula	-0.34464689238073454	51.75616470212412	NA	9.878016462841725	NA
Insula	-0.34464689238073454	51.932206078661956	NA	9.856565903970484	NA
Insula	-0.34464689238073454	52.108247455199795	NA	9.835183729003115	NA
Insula	-0.34464689238073454	52.284288831737626	NA	9.813868230743756	NA
Insula	-0.34464689238073454	52.460330208275465	NA	9.792617774168518	NA
Insula	-0.34464689238073454	52.636371584813304	NA	9.771430793119825	NA
Insula	-0.34464689238073454	52.81241296135114	NA	9.75030578715344	NA
Insula	-0.34464689238073454	52.84464689238074	9.6556596676636115	9.74644428878042	0.88530688396593
Insula	-0.34464689238073454	52.988454337888975	NA	9.729241318531141	NA
Insula	-0.34464689238073454	53.16449571442681	NA	9.708236009352316	NA
Insula	-0.34464689238073454	53.34053709096465	NA	9.687288538818033	NA
Insula	-0.34464689238073454	53.51657846750249	NA	9.666397640621476	NA
Insula	-0.34464689238073454	53.69261984404033	NA	9.645562100458921	NA
Insula	-0.34464689238073454	53.86866122057816	NA	9.624780753655605	NA
Insula	-0.34464689238073454	54.044702597116	NA	9.604052482901269	NA
Insula	-0.34464689238073454	54.22074397365384	NA	9.583376216090276	NA
Insula	-0.34464689238073454	54.39678535019168	NA	9.562750924261492	NA
Insula	-0.34464689238073454	54.57282672672951	NA	9.542175619633126	NA
Insula	-0.34464689238073454	54.74886810326735	NA	9.521649353728458	NA
Insula	-0.34464689238073454	54.92490947980519	NA	9.50117121558809	NA
Insula	-0.34464689238073454	55.100950856343026	NA	9.48074033006461	NA
Insula	-0.34464689238073454	55.27699223288086	NA	9.46035585619604	NA
Insula	-0.34464689238073454	55.453033609418696	NA	9.440016985654403	NA
Insula	-0.34464689238073454	55.629074985956535	NA	9.41972294126578	NA
Insula	-0.34464689238073454	55.805116362494374	NA	9.399472975598773	NA
Insula	-0.34464689238073454	55.981157739032206	NA	9.379266372575998	NA
Insula	-0.34464689238073454	56.157199115570045	NA	9.359102440717933	NA
Insula	-0.34464689238073454	56.33324049210788	NA	9.338980510391877	NA
Insula	-0.34464689238073454	56.50928186864572	NA	9.31889994028958	NA
Insula	-0.34464689238073454	56.68532324518356	NA	9.29886011270556	NA
Insula	-0.34464689238073454	56.86136462172139	NA	9.278860432473886	NA
Insula	-0.34464689238073454	57.03740599825923	NA	9.258900325954	NA
Insula	-0.34464689238073454	57.21344737479707	NA	9.238979240063294	NA
Insula	-0.34464689238073454	57.38948875133491	NA	9.219096641354277	NA
Insula	-0.34464689238073454	57.56553012787274	NA	9.199252015134324	NA
Insula	-0.34464689238073454	57.74157150441058	NA	9.179444864625948	NA
Insula	-0.34464689238073454	57.84464689238074	9.386114864537996	9.167864626556264	0.8456200491680635
Insula	-0.34464689238073454	57.91761288094842	NA	9.159674710165786	NA
Insula	-0.34464689238073454	58.09365425748626	NA	9.139941088440544	NA
Insula	-0.34464689238073454	58.26969563402409	NA	9.120243551758087	NA
Insula	-0.34464689238073454	58.44573701056193	NA	9.100581667352083	NA
Insula	-0.34464689238073454	58.621778387099766	NA	9.080955016718786	NA
Insula	-0.34464689238073454	58.797819763637605	NA	9.061363194984226	NA
Insula	-0.34464689238073454	58.97386114017544	NA	9.041805810300636	NA
Insula	-0.34464689238073454	59.149902516713276	NA	9.022282483270628	NA
Insula	-0.34464689238073454	59.325943893251115	NA	9.002792846397828	NA
Insula	-0.34464689238073454	59.50198526978895	NA	8.983336543562881	NA
Insula	-0.34464689238073454	59.67802664632679	NA	8.963913229523477	NA
Insula	-0.34464689238073454	59.854068022864624	NA	8.944522569437419	NA
Insula	-0.34464689238073454	60.03010939940246	NA	8.925164238407618	NA
Insula	-0.34464689238073454	60.2061507759403	NA	8.90589186390979	NA
Insula	-0.34464689238073454	60.38219215247814	NA	8.886783533161974	NA
Insula	-0.34464689238073454	60.55823352901597	NA	8.867806423828261	NA
Insula	-0.34464689238073454	60.73427490555381	NA	8.848956592827397	NA
Insula	-0.34464689238073454	60.91031628209165	NA	8.83023026952022	NA
Insula	-0.34464689238073454	61.08635765862949	NA	8.811623847782108	NA
Insula	-0.34464689238073454	61.26239903516732	NA	8.793133878441804	NA
Insula	-0.34464689238073454	61.43844041170516	NA	8.774757062069572	NA
Insula	-0.34464689238073454	61.614481788243	NA	8.756490242098678	NA
Insula	-0.34464689238073454	61.790523164780836	NA	8.738330398264683	NA
Insula	-0.34464689238073454	61.966564541318675	NA	8.720274640347895	NA
Insula	-0.34464689238073454	62.14260591785651	NA	8.702320202204923	NA
Insula	-0.34464689238073454	62.318647294394346	NA	8.684464436076068	NA
Insula	-0.34464689238073454	62.494688670932184	NA	8.666704807155627	NA
Insula	-0.34464689238073454	62.67073004747002	NA	8.64903888841313	NA
Insula	-0.34464689238073454	62.84464689238074	8.820232038752135	8.63167594218417	0.8117140878636057
Insula	-0.34464689238073454	62.846771424007855	NA	8.631464355653817	NA
Insula	-0.34464689238073454	63.022812800545694	NA	8.613978982807263	NA
Insula	-0.34464689238073454	63.19885417708353	NA	8.596580637433709	NA
Insula	-0.34464689238073454	63.37489555362137	NA	8.579267276437953	NA
Insula	-0.34464689238073454	63.5509369301592	NA	8.562036941981168	NA
Insula	-0.34464689238073454	63.72697830669704	NA	8.544887757581673	NA
Insula	-0.34464689238073454	63.90301968323488	NA	8.527817925471938	NA
Insula	-0.34464689238073454	64.07906105977271	NA	8.510825730310385	NA
Insula	-0.34464689238073454	64.25510243631055	NA	8.493909507080394	NA
Insula	-0.34464689238073454	64.43114381284839	NA	8.477067669244372	NA
Insula	-0.34464689238073454	64.60718518938623	NA	8.460298694664152	NA
Insula	-0.34464689238073454	64.78322656592407	NA	8.443601122664948	NA
Insula	-0.34464689238073454	64.9592679424619	NA	8.426973551234836	NA
Insula	-0.34464689238073454	65.13530931899975	NA	8.410414634353586	NA
Insula	-0.34464689238073454	65.31135069553758	NA	8.393923079444765	NA
Insula	-0.34464689238073454	65.48739207207541	NA	8.37749764494547	NA
Insula	-0.34464689238073454	65.66343344861325	NA	8.361137137988232	NA
Insula	-0.34464689238073454	65.83947482515109	NA	8.344840412189965	NA
Insula	-0.34464689238073454	66.01551620168892	NA	8.32860636554292	NA
Insula	-0.34464689238073454	66.19155757822676	NA	8.312433938402956	NA
Insula	-0.34464689238073454	66.3675989547646	NA	8.296322111570683	NA
Insula	-0.34464689238073454	66.54364033130244	NA	8.280269904461148	NA
Insula	-0.34464689238073454	66.71968170784028	NA	8.26427637335791	NA
Insula	-0.34464689238073454	66.8957230843781	NA	8.24834060974772	NA
Insula	-0.34464689238073454	67.07176446091594	NA	8.232461738731981	NA
Insula	-0.34464689238073454	67.24780583745378	NA	8.216638917511519	NA
Insula	-0.34464689238073454	67.42384721399162	NA	8.20087133394118	NA
Insula	-0.34464689238073454	67.59988859052946	NA	8.185158205151106	NA
Insula	-0.34464689238073454	67.7759299670673	NA	8.169498776231656	NA
Insula	-0.34464689238073454	67.84464689238074	8.394336291325999	8.163400586484816	0.7789040092418946
Insula	-0.34464689238073454	67.95197134360514	NA	8.153892318978757	NA
Insula	-0.34464689238073454	68.12801272014298	NA	8.138338130697326	NA
Insula	-0.34464689238073454	68.30405409668082	NA	8.122835533059666	NA
Insula	-0.34464689238073454	68.48009547321864	NA	8.107383871016575	NA
Insula	-0.34464689238073454	68.65613684975648	NA	8.091982511758573	NA
Insula	-0.34464689238073454	68.83217822629432	NA	8.076630843725008	NA
Insula	-0.34464689238073454	69.00821960283216	NA	8.061328275658806	NA
Insula	-0.34464689238073454	69.18426097937	NA	8.04607423570473	NA
Insula	-0.34464689238073454	69.36030235590783	NA	8.030868170549226	NA
Insula	-0.34464689238073454	69.53634373244567	NA	8.015709544599773	NA
Insula	-0.34464689238073454	69.71238510898351	NA	8.000597839202081	NA
Insula	-0.34464689238073454	69.88842648552134	NA	7.9855325518933045	NA
Insula	-0.34464689238073454	70.06446786205917	NA	7.970513195689602	NA
Insula	-0.34464689238073454	70.24050923859701	NA	7.9555392984064515	NA
Insula	-0.34464689238073454	70.41655061513485	NA	7.94061040201028	NA
Insula	-0.34464689238073454	70.59259199167269	NA	7.925726061999841	NA
Insula	-0.34464689238073454	70.76863336821053	NA	7.910885846816108	NA
Insula	-0.34464689238073454	70.94467474474837	NA	7.896089337279191	NA
Insula	-0.34464689238073454	71.12071612128621	NA	7.881336126051208	NA
Insula	-0.34464689238073454	71.29675749782405	NA	7.866625817123795	NA
Insula	-0.34464689238073454	71.47279887436187	NA	7.851958025329139	NA
Insula	-0.34464689238073454	71.64884025089971	NA	7.837332375873491	NA
Insula	-0.34464689238073454	71.82488162743755	NA	7.822748503892045	NA
Insula	-0.34464689238073454	72.00092300397539	NA	7.808206058580636	NA
Insula	-0.34464689238073454	72.17696438051323	NA	7.793704690741315	NA
Insula	-0.34464689238073454	72.35300575705106	NA	7.779244061105915	NA
Insula	-0.34464689238073454	72.5290471335889	NA	7.764823840472545	NA
Insula	-0.34464689238073454	72.70508851012674	NA	7.750443707630714	NA
Insula	-0.34464689238073454	72.84464689238074	7.98381796225728	7.739072024490119	0.7499645091505566
Insula	-0.34464689238073454	72.88112988666457	NA	7.736103349025335	NA
Insula	-0.34464689238073454	73.0571712632024	NA	7.721802458436312	NA
Insula	-0.34464689238073454	73.23321263974024	NA	7.707540736672634	NA
Insula	-0.34464689238073454	73.40925401627808	NA	7.693317891280572	NA
Insula	-0.34464689238073454	73.58529539281592	NA	7.67913363626516	NA
Insula	-0.34464689238073454	73.76133676935376	NA	7.664987691824374	NA
Insula	-0.34464689238073454	73.9373781458916	NA	7.65087978409553	NA
Insula	-0.34464689238073454	74.11341952242944	NA	7.636809644913166	NA
Insula	-0.34464689238073454	74.28946089896728	NA	7.622777011578041	NA
Insula	-0.34464689238073454	74.4655022755051	NA	7.608781626636624	NA
Insula	-0.34464689238073454	74.64154365204294	NA	7.594823237670643	NA
Insula	-0.34464689238073454	74.81758502858078	NA	7.580901597096195	NA
Insula	-0.34464689238073454	74.99362640511862	NA	7.56701646197204	NA
Insula	-0.34464689238073454	75.16966778165646	NA	7.553167593816564	NA
Insula	-0.34464689238073454	75.3457091581943	NA	7.5393547584330864	NA
Insula	-0.34464689238073454	75.52175053473213	NA	7.525577725743095	NA
Insula	-0.34464689238073454	75.69779191126997	NA	7.511836269627031	NA
Insula	-0.34464689238073454	75.8738332878078	NA	7.498130167772313	NA
Insula	-0.34464689238073454	76.04987466434564	NA	7.48445920152822	NA
Insula	-0.34464689238073454	76.22591604088348	NA	7.47082315576737	NA
Insula	-0.34464689238073454	76.40195741742131	NA	7.457221818753409	NA
Insula	-0.34464689238073454	76.57799879395915	NA	7.4436549820147615	NA
Insula	-0.34464689238073454	76.75404017049699	NA	7.43012244022399	NA
Insula	-0.34464689238073454	76.93008154703483	NA	7.4166239910826075	NA
Insula	-0.34464689238073454	77.10612292357267	NA	7.403159435211147	NA
Insula	-0.34464689238073454	77.28216430011051	NA	7.389728576044081	NA
Insula	-0.34464689238073454	77.45820567664833	NA	7.376331219729532	NA
Insula	-0.34464689238073454	77.63424705318617	NA	7.3629671750333845	NA
Insula	-0.34464689238073454	77.81028842972401	NA	7.349636253247874	NA
Insula	-0.34464689238073454	77.84464689238074	7.853967930690732	7.347038256974104	0.7251953667779288
Insula	-0.34464689238073454	77.98632980626185	NA	7.3363382681040346	NA
Insula	-0.34464689238073454	78.16237118279969	NA	7.323073035688241	NA
Insula	-0.34464689238073454	78.33841255933753	NA	7.309840374362391	NA
Insula	-0.34464689238073454	78.51445393587537	NA	7.296640104687649	NA
Insula	-0.34464689238073454	78.6904953124132	NA	7.283472049351603	NA
Insula	-0.34464689238073454	78.86653668895104	NA	7.270336033098652	NA
Insula	-0.34464689238073454	79.04257806548887	NA	7.2572318826634294	NA
Insula	-0.34464689238073454	79.21861944202671	NA	7.24415942670726	NA
Insula	-0.34464689238073454	79.39466081856455	NA	7.231118495757363	NA
Insula	-0.34464689238073454	79.57070219510238	NA	7.2181089221487085	NA
Insula	-0.34464689238073454	79.74674357164022	NA	7.205130539968543	NA
Insula	-0.34464689238073454	79.92278494817806	NA	7.192183186715041	NA
Insula	-0.34464689238073454	80.0988263247159	NA	7.179266701073356	NA
Insula	-0.34464689238073454	80.27486770125374	NA	7.166380919067177	NA
Insula	-0.34464689238073454	80.45090907779156	NA	7.153525681284968	NA
Insula	-0.34464689238073454	80.6269504543294	NA	7.140700829824067	NA
Insula	-0.34464689238073454	80.80299183086724	NA	7.127906208248157	NA
Insula	-0.34464689238073454	80.97903320740508	NA	7.115141661546651	NA
Insula	-0.34464689238073454	81.15507458394292	NA	7.10240703609574	NA
Insula	-0.34464689238073454	81.33111596048076	NA	7.089702179621186	NA
Insula	-0.34464689238073454	81.5071573370186	NA	7.077026941162664	NA
Insula	-0.34464689238073454	81.68319871355644	NA	7.064381171039661	NA
Insula	-0.34464689238073454	81.85924009009427	NA	7.051764720818811	NA
Insula	-0.34464689238073454	82.0352814666321	NA	7.039177443282618	NA
Insula	-0.34464689238073454	82.21132284316994	NA	7.026619192399489	NA
Insula	-0.34464689238073454	82.38736421970778	NA	7.014089823295077	NA
Insula	-0.34464689238073454	82.56340559624562	NA	7.001589192224777	NA
Insula	-0.34464689238073454	82.73944697278345	NA	6.9891171565473975	NA
Insula	-0.34464689238073454	82.84464689238074	7.367565867071822	6.981677631316437	0.7021197486030172
Insula	-0.34464689238073454	82.9154883493213	NA	6.976673574699921	NA
Insula	-0.34464689238073454	83.09152972585913	NA	6.964258306173317	NA
Insula	-0.34464689238073454	83.26757110239697	NA	6.951871211489346	NA
Insula	-0.34464689238073454	83.4436124789348	NA	6.9395121521783265	NA
Insula	-0.34464689238073454	83.61965385547263	NA	6.927180990757807	NA
Insula	-0.34464689238073454	83.79569523201047	NA	6.91487759071211	NA
Insula	-0.34464689238073454	83.97173660854831	NA	6.902601816472697	NA
Insula	-0.34464689238073454	84.14777798508615	NA	6.890353533399333	NA
Insula	-0.34464689238073454	84.32381936162399	NA	6.878132607761993	NA
Insula	-0.34464689238073454	84.49986073816183	NA	6.865938906723524	NA
Insula	-0.34464689238073454	84.67590211469967	NA	6.853772298322927	NA
Insula	-0.34464689238073454	84.8519434912375	NA	6.841632651459384	NA
Insula	-0.34464689238073454	85.02798486777533	NA	6.8295198358768445	NA
Insula	-0.34464689238073454	85.20402624431317	NA	6.817433722149217	NA
Insula	-0.34464689238073454	85.38006762085101	NA	6.805374181666185	NA
Insula	-0.34464689238073454	85.55610899738885	NA	6.793341086619482	NA
Insula	-0.34464689238073454	85.73215037392669	NA	6.7813343099897665	NA
Insula	-0.34464689238073454	85.90819175046452	NA	6.7693537255339615	NA
Insula	-0.34464689238073454	86.08423312700236	NA	6.757399207773063	NA
Insula	-0.34464689238073454	86.2602745035402	NA	6.745470631980393	NA
Insula	-0.34464689238073454	86.43631588007803	NA	6.73356787417034	NA
Insula	-0.34464689238073454	86.61235725661587	NA	6.721690811087413	NA
Insula	-0.34464689238073454	86.7883986331537	NA	6.709839320195823	NA
Insula	-0.34464689238073454	86.96444000969154	NA	6.698013279669292	NA
Insula	-0.34464689238073454	87.14048138622938	NA	6.68621256838137	NA
Insula	-0.34464689238073454	87.31652276276722	NA	6.674437065895972	NA
Insula	-0.34464689238073454	87.49256413930506	NA	6.662686652458305	NA
Insula	-0.34464689238073454	87.6686055158429	NA	6.650961208986139	NA
Insula	-0.34464689238073454	87.84464689238074	7.066654560636118	6.6392333542158815	0.6823460271913812
Occipital	-0.34464689238073454	0	0	-1.835540802438229e-14	0
Occipital	-0.34464689238073454	0.17604137653783714	NA	2.5336275635657605e-5	NA
Occipital	-0.34464689238073454	0.35208275307567427	NA	6.289668414710576e-5	NA
Occipital	-0.34464689238073454	0.5281241296135114	NA	4.506181560328917e-4	NA
Occipital	-0.34464689238073454	0.5946468923807345	0.00485541306004051	6.972645366731086e-4	0.4979955609317893
Occipital	-0.34464689238073454	0.7041655061513485	NA	0.0011867729901749707	NA
Occipital	-0.34464689238073454	0.8802068826891857	NA	0.22385017272166943	NA
Occipital	-0.34464689238073454	1.0562482592270228	NA	1.5671600310859048	NA
Occipital	-0.34464689238073454	1.0946468923807346	0.9018200430346124	1.9324476511757531	0.5935966379574875
Occipital	-0.34464689238073454	1.23228963576486	NA	3.4710791793577176	NA
Occipital	-0.34464689238073454	1.408331012302697	NA	5.963977709941315	NA
Occipital	-0.34464689238073454	1.584372388840534	NA	8.74185837110598	NA
Occipital	-0.34464689238073454	1.5946468923807346	7.898614972872959	8.895979064934005	0.7747364380991829
Occipital	-0.34464689238073454	1.7604137653783714	NA	11.426882816968744	NA
Occipital	-0.34464689238073454	1.9364551419162086	NA	14.383265305606539	NA
Occipital	-0.34464689238073454	2.0946468923807346	17.773518806667347	17.337765537423603	0.9046305710011072
Occipital	-0.34464689238073454	2.1124965184540456	NA	17.68565045409625	NA
Occipital	-0.34464689238073454	2.2885378949918826	NA	21.270537647229663	NA
Occipital	-0.34464689238073454	2.46457927152972	NA	25.11601696054266	NA
Occipital	-0.34464689238073454	2.5946468923807346	28.36929441588734	27.706884537880182	1.0084564834937169
Occipital	-0.34464689238073454	2.640620648067557	NA	28.591071699173785	NA
Occipital	-0.34464689238073454	2.816662024605394	NA	31.85885555273019	NA
Occipital	-0.34464689238073454	2.992703401143231	NA	33.649630621190695	NA
Occipital	-0.34464689238073454	3.0946468923807346	34.34628952406464	34.0326708587465	1.05184710143084
Occipital	-0.34464689238073454	3.168744777681068	NA	34.16232077224197	NA
Occipital	-0.34464689238073454	3.3447861542189057	NA	34.69018693974309	NA
Occipital	-0.34464689238073454	3.5208275307567427	NA	34.82180523076657	NA
Occipital	-0.34464689238073454	3.6968689072945797	NA	34.84192131370767	NA
Occipital	-0.34464689238073454	3.8446468923807346	34.886974249720076	34.8641974068274	1.2771234363638424
Occipital	-0.34464689238073454	3.872910283832417	NA	34.86148727185088	NA
Occipital	-0.34464689238073454	4.048951660370254	NA	34.79539821457	NA
Occipital	-0.34464689238073454	4.224993036908091	NA	34.6466053470453	NA
Occipital	-0.34464689238073454	4.401034413445928	NA	34.4179412522377	NA
Occipital	-0.34464689238073454	4.577075789983765	NA	34.11212471952349	NA
Occipital	-0.34464689238073454	4.753117166521602	NA	33.73176537658897	NA
Occipital	-0.34464689238073454	4.844646892380735	32.836068644304426	33.50541168908782	1.2409533465925953
Occipital	-0.34464689238073454	4.92915854305944	NA	33.27936813260166	NA
Occipital	-0.34464689238073454	5.105199919597277	NA	32.75733744034791	NA
Occipital	-0.34464689238073454	5.281241296135114	NA	32.16798138471356	NA
Occipital	-0.34464689238073454	5.457282672672951	NA	31.60622844060926	NA
Occipital	-0.34464689238073454	5.633324049210788	NA	31.07766015699486	NA
Occipital	-0.34464689238073454	5.809365425748625	NA	30.564592327237293	NA
Occipital	-0.34464689238073454	5.844646892380735	30.16430069239356	30.46356534121411	1.1990027673150705
Occipital	-0.34464689238073454	5.985406802286462	NA	30.066342712625897	NA
Occipital	-0.34464689238073454	6.161448178824299	NA	29.58225702758753	NA
Occipital	-0.34464689238073454	6.337489555362136	NA	29.111707800194722	NA
Occipital	-0.34464689238073454	6.513530931899974	NA	28.654093279106696	NA
Occipital	-0.34464689238073454	6.689572308437811	NA	28.20883638505152	NA
Occipital	-0.34464689238073454	6.865613684975648	NA	27.77538370503411	NA
Occipital	-0.34464689238073454	7.041655061513485	NA	27.353204527529364	NA
Occipital	-0.34464689238073454	7.217696438051322	NA	26.94178991699026	NA
Occipital	-0.34464689238073454	7.344646892380735	26.532793656047485	26.65151318647089	1.4086112960853336
Occipital	-0.34464689238073454	7.3937378145891595	NA	26.540651826068956	NA
Occipital	-0.34464689238073454	7.5697791911269965	NA	26.149322244014144	NA
Occipital	-0.34464689238073454	7.745820567664834	NA	25.76735237977066	NA
Occipital	-0.34464689238073454	7.921861944202671	NA	25.394311878367123	NA
Occipital	-0.34464689238073454	8.097903320740508	NA	25.029788857369418	NA
Occipital	-0.34464689238073454	8.273944697278345	NA	24.67338717726951	NA
Occipital	-0.34464689238073454	8.449986073816182	NA	24.324726937424614	NA
Occipital	-0.34464689238073454	8.62602745035402	NA	23.98344431727407	NA
Occipital	-0.34464689238073454	8.802068826891857	NA	23.64919046764726	NA
Occipital	-0.34464689238073454	8.978110203429694	NA	23.321630900271927	NA
Occipital	-0.34464689238073454	9.15415157996753	NA	23.00044490215965	NA
Occipital	-0.34464689238073454	9.330192956505368	NA	22.685324973855067	NA
Occipital	-0.34464689238073454	9.344646892380734	22.800413653714234	22.65971204730374	1.3144617490295751
Occipital	-0.34464689238073454	9.506234333043205	NA	22.375976290576283	NA
Occipital	-0.34464689238073454	9.682275709581042	NA	22.072116185313877	NA
Occipital	-0.34464689238073454	9.85831708611888	NA	21.77347365299347	NA
Occipital	-0.34464689238073454	10.034358462656717	NA	21.479788874843962	NA
Occipital	-0.34464689238073454	10.210399839194555	NA	21.190824537979562	NA
Occipital	-0.34464689238073454	10.386441215732392	NA	20.916152253745402	NA
Occipital	-0.34464689238073454	10.562482592270229	NA	20.652748259555118	NA
Occipital	-0.34464689238073454	10.738523968808066	NA	20.399297830628992	NA
Occipital	-0.34464689238073454	10.914565345345903	NA	20.155385659908557	NA
Occipital	-0.34464689238073454	11.09060672188374	NA	19.920613392620307	NA
Occipital	-0.34464689238073454	11.266648098421577	NA	19.694598935420732	NA
Occipital	-0.34464689238073454	11.442689474959414	NA	19.476975793692258	NA
Occipital	-0.34464689238073454	11.61873085149725	NA	19.26739243584301	NA
Occipital	-0.34464689238073454	11.794772228035088	NA	19.065511683510046	NA
Occipital	-0.34464689238073454	11.970813604572925	NA	18.871010126610603	NA
Occipital	-0.34464689238073454	12.146854981110762	NA	18.6835775622288	NA
Occipital	-0.34464689238073454	12.322896357648599	NA	18.5029164563666	NA
Occipital	-0.34464689238073454	12.498937734186436	NA	18.328741427627417	NA
Occipital	-0.34464689238073454	12.674979110724273	NA	18.160778751938544	NA
Occipital	-0.34464689238073454	12.844646892380734	18.587309912877902	18.004528808585416	1.60001642972666
Occipital	-0.34464689238073454	12.851020487262112	NA	17.99876588745525	NA
Occipital	-0.34464689238073454	13.027061863799949	NA	17.84245101882415	NA
Occipital	-0.34464689238073454	13.203103240337786	NA	17.69159262001695	NA
Occipital	-0.34464689238073454	13.379144616875623	NA	17.545959034978004	NA
Occipital	-0.34464689238073454	13.55518599341346	NA	17.405328075359556	NA
Occipital	-0.34464689238073454	13.731227369951297	NA	17.2694866346489	NA
Occipital	-0.34464689238073454	13.907268746489134	NA	17.138230318018753	NA
Occipital	-0.34464689238073454	14.08331012302697	NA	17.011363087260918	NA
Occipital	-0.34464689238073454	14.259351499564808	NA	16.888696920188195	NA
Occipital	-0.34464689238073454	14.435392876102645	NA	16.77005148391516	NA
Occipital	-0.34464689238073454	14.611434252640482	NA	16.655253821452117	NA
Occipital	-0.34464689238073454	14.787475629178319	NA	16.54413805106995	NA
Occipital	-0.34464689238073454	14.963517005716156	NA	16.436545077915437	NA
Occipital	-0.34464689238073454	15.139558382253993	NA	16.332322317377656	NA
Occipital	-0.34464689238073454	15.31559975879183	NA	16.231323429727002	NA
Occipital	-0.34464689238073454	15.491641135329669	NA	16.131635778537873	NA
Occipital	-0.34464689238073454	15.667682511867506	NA	16.035286917264347	NA
Occipital	-0.34464689238073454	15.843723888405343	NA	15.94218405644373	NA
Occipital	-0.34464689238073454	16.019765264943178	NA	15.852188799985486	NA
Occipital	-0.34464689238073454	16.195806641481017	NA	15.765168472925135	NA
Occipital	-0.34464689238073454	16.371848018018852	NA	15.680995309068745	NA
Occipital	-0.34464689238073454	16.54788939455669	NA	15.599547097807895	NA
Occipital	-0.34464689238073454	16.723930771094526	NA	15.520706627101944	NA
Occipital	-0.34464689238073454	16.899972147632365	NA	15.444361479741628	NA
Occipital	-0.34464689238073454	17.076013524170204	NA	15.37040383791462	NA
Occipital	-0.34464689238073454	17.25205490070804	NA	15.298730295734721	NA
Occipital	-0.34464689238073454	17.428096277245878	NA	15.229241679410118	NA
Occipital	-0.34464689238073454	17.604137653783713	NA	15.161842874739586	NA
Occipital	-0.34464689238073454	17.780179030321552	NA	15.096442661637871	NA
Occipital	-0.34464689238073454	17.844646892380734	15.178963597195796	15.072975483825193	1.4105531070786514
Occipital	-0.34464689238073454	17.956220406859387	NA	15.03295355540399	NA
Occipital	-0.34464689238073454	18.132261783397226	NA	14.971291654457564	NA
Occipital	-0.34464689238073454	18.30830315993506	NA	14.911376494279704	NA
Occipital	-0.34464689238073454	18.4843445364729	NA	14.853130907305587	NA
Occipital	-0.34464689238073454	18.660385913010735	NA	14.79648088852626	NA
Occipital	-0.34464689238073454	18.836427289548574	NA	14.741355466566967	NA
Occipital	-0.34464689238073454	19.01246866608641	NA	14.687686580018905	NA
Occipital	-0.34464689238073454	19.188510042624248	NA	14.635408958810325	NA
Occipital	-0.34464689238073454	19.364551419162083	NA	14.584460010411581	NA
Occipital	-0.34464689238073454	19.540592795699922	NA	14.534779710677261	NA
Occipital	-0.34464689238073454	19.71663417223776	NA	14.486310499136374	NA
Occipital	-0.34464689238073454	19.892675548775596	NA	14.43899717854939	NA
Occipital	-0.34464689238073454	20.068716925313435	NA	14.392786818558168	NA
Occipital	-0.34464689238073454	20.24475830185127	NA	14.347628663262228	NA
Occipital	-0.34464689238073454	20.42079967838911	NA	14.30347404256104	NA
Occipital	-0.34464689238073454	20.596841054926944	NA	14.26027628710922	NA
Occipital	-0.34464689238073454	20.772882431464783	NA	14.21799064673715	NA
Occipital	-0.34464689238073454	20.94892380800262	NA	14.176574212195993	NA
Occipital	-0.34464689238073454	21.124965184540457	NA	14.135985840091498	NA
Occipital	-0.34464689238073454	21.301006561078292	NA	14.096186080876802	NA
Occipital	-0.34464689238073454	21.47704793761613	NA	14.057137109779463	NA
Occipital	-0.34464689238073454	21.653089314153966	NA	14.018802660543226	NA
Occipital	-0.34464689238073454	21.829130690691805	NA	13.981147961869807	NA
Occipital	-0.34464689238073454	22.00517206722964	NA	13.944139676450694	NA
Occipital	-0.34464689238073454	22.18121344376748	NA	13.907745842483385	NA
Occipital	-0.34464689238073454	22.357254820305315	NA	13.871935817570874	NA
Occipital	-0.34464689238073454	22.533296196843153	NA	13.836680224907287	NA
Occipital	-0.34464689238073454	22.709337573380992	NA	13.8019509016564	NA
Occipital	-0.34464689238073454	22.844646892380734	13.815105054626551	13.77559782904795	1.287011358274444
Occipital	-0.34464689238073454	22.885378949918827	NA	13.767720849433877	NA
Occipital	-0.34464689238073454	23.061420326456666	NA	13.733964186807261	NA
Occipital	-0.34464689238073454	23.2374617029945	NA	13.700656103731792	NA
Occipital	-0.34464689238073454	23.41350307953234	NA	13.66777281784283	NA
Occipital	-0.34464689238073454	23.589544456070175	NA	13.635291532529603	NA
Occipital	-0.34464689238073454	23.765585832608014	NA	13.60319039671734	NA
Occipital	-0.34464689238073454	23.94162720914585	NA	13.571448466288464	NA
Occipital	-0.34464689238073454	24.11766858568369	NA	13.540045711426052	NA
Occipital	-0.34464689238073454	24.293709962221524	NA	13.508962847140523	NA
Occipital	-0.34464689238073454	24.469751338759362	NA	13.478181429765625	NA
Occipital	-0.34464689238073454	24.645792715297198	NA	13.44768378805294	NA
Occipital	-0.34464689238073454	24.821834091835036	NA	13.4174529871384	NA
Occipital	-0.34464689238073454	24.99787546837287	NA	13.387472798486993	NA
Occipital	-0.34464689238073454	25.17391684491071	NA	13.357727671062234	NA
Occipital	-0.34464689238073454	25.349958221448546	NA	13.328202703670621	NA
Occipital	-0.34464689238073454	25.525999597986385	NA	13.298883618433074	NA
Occipital	-0.34464689238073454	25.702040974524223	NA	13.269756735337548	NA
Occipital	-0.34464689238073454	25.87808235106206	NA	13.24080894782865	NA
Occipital	-0.34464689238073454	26.054123727599897	NA	13.212027699392154	NA
Occipital	-0.34464689238073454	26.230165104137733	NA	13.183400961093689	NA
Occipital	-0.34464689238073454	26.40620648067557	NA	13.154917210032847	NA
Occipital	-0.34464689238073454	26.582247857213407	NA	13.126565408675438	NA
Occipital	-0.34464689238073454	26.758289233751245	NA	13.098334985027938	NA
Occipital	-0.34464689238073454	26.93433061028908	NA	13.070215813620049	NA
Occipital	-0.34464689238073454	27.11037198682692	NA	13.042198197262167	NA
Occipital	-0.34464689238073454	27.286413363364755	NA	13.014272849546623	NA
Occipital	-0.34464689238073454	27.462454739902594	NA	12.9864308780616	NA
Occipital	-0.34464689238073454	27.63849611644043	NA	12.958663768289696	NA
Occipital	-0.34464689238073454	27.814537492978268	NA	12.930963368162436	NA
Occipital	-0.34464689238073454	27.844646892380734	12.813132308179084	12.926231714314914	1.1896174610375203
Occipital	-0.34464689238073454	27.990578869516103	NA	12.903321873244375	NA
Occipital	-0.34464689238073454	28.16662024605394	NA	12.875731812521032	NA
Occipital	-0.34464689238073454	28.34266162259178	NA	12.848186034766117	NA
Occipital	-0.34464689238073454	28.518702999129616	NA	12.820677695464344	NA
Occipital	-0.34464689238073454	28.694744375667455	NA	12.793200244267277	NA
Occipital	-0.34464689238073454	28.87078575220529	NA	12.765747412960456	NA
Occipital	-0.34464689238073454	29.04682712874313	NA	12.738313203921	NA
Occipital	-0.34464689238073454	29.222868505280964	NA	12.71089187904562	NA
Occipital	-0.34464689238073454	29.398909881818803	NA	12.683477949129957	NA
Occipital	-0.34464689238073454	29.574951258356638	NA	12.656066163680837	NA
Occipital	-0.34464689238073454	29.750992634894477	NA	12.6286515011438	NA
Occipital	-0.34464689238073454	29.927034011432312	NA	12.60122915952891	NA
Occipital	-0.34464689238073454	30.10307538797015	NA	12.573794547418746	NA
Occipital	-0.34464689238073454	30.279116764507986	NA	12.546395065091007	NA
Occipital	-0.34464689238073454	30.455158141045825	NA	12.519384362919263	NA
Occipital	-0.34464689238073454	30.63119951758366	NA	12.49280356274488	NA
Occipital	-0.34464689238073454	30.8072408941215	NA	12.466633097253547	NA
Occipital	-0.34464689238073454	30.983282270659338	NA	12.44085420266688	NA
Occipital	-0.34464689238073454	31.159323647197173	NA	12.415448885981338	NA
Occipital	-0.34464689238073454	31.33536502373501	NA	12.390399893542135	NA
Occipital	-0.34464689238073454	31.511406400272847	NA	12.365690680897657	NA
Occipital	-0.34464689238073454	31.687447776810686	NA	12.341305383882412	NA
Occipital	-0.34464689238073454	31.86348915334852	NA	12.31722879087831	NA
Occipital	-0.34464689238073454	32.039530529886356	NA	12.29344633950878	NA
Occipital	-0.34464689238073454	32.215571906424195	NA	12.269944037470957	NA
Occipital	-0.34464689238073454	32.391613282962034	NA	12.24670845529844	NA
Occipital	-0.34464689238073454	32.56765465949987	NA	12.22372673634213	NA
Occipital	-0.34464689238073454	32.743696036037704	NA	12.20098655385525	NA
Occipital	-0.34464689238073454	32.84464689238074	11.963879369983204	12.188050506963876	1.10923284673891
Occipital	-0.34464689238073454	32.91973741257554	NA	12.178476089382883	NA
Occipital	-0.34464689238073454	33.09577878911338	NA	12.156184012032108	NA
Occipital	-0.34464689238073454	33.27182016565122	NA	12.13409945858686	NA
Occipital	-0.34464689238073454	33.44786154218905	NA	12.112212014433187	NA
Occipital	-0.34464689238073454	33.62390291872689	NA	12.090511695261721	NA
Occipital	-0.34464689238073454	33.79994429526473	NA	12.068988929515871	NA
Occipital	-0.34464689238073454	33.97598567180257	NA	12.047634541555169	NA
Occipital	-0.34464689238073454	34.15202704834041	NA	12.02643973550481	NA
Occipital	-0.34464689238073454	34.32806842487824	NA	12.005396079763274	NA
Occipital	-0.34464689238073454	34.50410980141608	NA	11.9844954921413	NA
Occipital	-0.34464689238073454	34.68015117795392	NA	11.96373022560647	NA
Occipital	-0.34464689238073454	34.856192554491756	NA	11.943092854608702	NA
Occipital	-0.34464689238073454	35.03223393102959	NA	11.92257626196302	NA
Occipital	-0.34464689238073454	35.208275307567426	NA	11.902173626266853	NA
Occipital	-0.34464689238073454	35.384316684105265	NA	11.88187840983011	NA
Occipital	-0.34464689238073454	35.560358060643104	NA	11.861684347097137	NA
Occipital	-0.34464689238073454	35.736399437180935	NA	11.841585433540462	NA
Occipital	-0.34464689238073454	35.912440813718774	NA	11.821575915007209	NA
Occipital	-0.34464689238073454	36.08848219025661	NA	11.801650277499622	NA
Occipital	-0.34464689238073454	36.26452356679445	NA	11.781803237372083	NA
Occipital	-0.34464689238073454	36.440564943332284	NA	11.762029731927605	NA
Occipital	-0.34464689238073454	36.61660631987012	NA	11.742324910397576	NA
Occipital	-0.34464689238073454	36.79264769640796	NA	11.722684125289126	NA
Occipital	-0.34464689238073454	36.9686890729458	NA	11.703102924085044	NA
Occipital	-0.34464689238073454	37.14473044948364	NA	11.683577041282037	NA
Occipital	-0.34464689238073454	37.32077182602147	NA	11.664102390753387	NA
Occipital	-0.34464689238073454	37.49681320255931	NA	11.644675058422955	NA
Occipital	-0.34464689238073454	37.67285457909715	NA	11.625291295237648	NA
Occipital	-0.34464689238073454	37.84464689238074	11.370803518667572	11.606413969154424	1.0403325146640467
Occipital	-0.34464689238073454	37.84889595563499	NA	11.605947510426388	NA
Occipital	-0.34464689238073454	38.02493733217282	NA	11.586640265033738	NA
Occipital	-0.34464689238073454	38.20097870871066	NA	11.567366265717114	NA
Occipital	-0.34464689238073454	38.377020085248496	NA	11.54812235879676	NA
Occipital	-0.34464689238073454	38.553061461786335	NA	11.528905524548277	NA
Occipital	-0.34464689238073454	38.72910283832417	NA	11.509712871727718	NA
Occipital	-0.34464689238073454	38.905144214862005	NA	11.490541632319815	NA
Occipital	-0.34464689238073454	39.081185591399844	NA	11.471389156500322	NA
Occipital	-0.34464689238073454	39.25722696793768	NA	11.4522529078036	NA
Occipital	-0.34464689238073454	39.43326834447552	NA	11.433130458487208	NA
Occipital	-0.34464689238073454	39.609309721013354	NA	11.414019485085422	NA
Occipital	-0.34464689238073454	39.78535109755119	NA	11.394917764143965	NA
Occipital	-0.34464689238073454	39.96139247408903	NA	11.375823168269552	NA
Occipital	-0.34464689238073454	40.13743385062687	NA	11.356733662066318	NA
Occipital	-0.34464689238073454	40.3134752271647	NA	11.337647297377456	NA
Occipital	-0.34464689238073454	40.48951660370254	NA	11.318562211551248	NA
Occipital	-0.34464689238073454	40.66555798024038	NA	11.29947662308944	NA
Occipital	-0.34464689238073454	40.84159935677822	NA	11.280388828324623	NA
Occipital	-0.34464689238073454	41.01764073331605	NA	11.261297198232729	NA
Occipital	-0.34464689238073454	41.19368210985389	NA	11.242200175375805	NA
Occipital	-0.34464689238073454	41.36972348639173	NA	11.223096270969297	NA
Occipital	-0.34464689238073454	41.545764862929566	NA	11.203984062068788	NA
Occipital	-0.34464689238073454	41.7218062394674	NA	11.184862188871552	NA
Occipital	-0.34464689238073454	41.89784761600524	NA	11.165729352128016	NA
Occipital	-0.34464689238073454	42.073888992543075	NA	11.146584310658792	NA
Occipital	-0.34464689238073454	42.249930369080914	NA	11.127425878972916	NA
Occipital	-0.34464689238073454	42.42597174561875	NA	11.1082529249832	NA
Occipital	-0.34464689238073454	42.602013122156585	NA	11.089064367814693	NA
Occipital	-0.34464689238073454	42.778054498694424	NA	11.069859175702529	NA
Occipital	-0.34464689238073454	42.84464689238074	10.923130166611942	11.062589761954461	0.9806967120621216
Occipital	-0.34464689238073454	42.95409587523226	NA	11.05063636397543	NA
Occipital	-0.34464689238073454	43.1301372517701	NA	11.031394993121488	NA
Occipital	-0.34464689238073454	43.30617862830793	NA	11.012134166932741	NA
Occipital	-0.34464689238073454	43.48222000484577	NA	10.992853030725435	NA
Occipital	-0.34464689238073454	43.65826138138361	NA	10.973550769632846	NA
Occipital	-0.34464689238073454	43.83430275792145	NA	10.95422660696774	NA
Occipital	-0.34464689238073454	44.01034413445928	NA	10.934879802651531	NA
Occipital	-0.34464689238073454	44.18638551099712	NA	10.915509651707557	NA
Occipital	-0.34464689238073454	44.36242688753496	NA	10.896115482815786	NA
Occipital	-0.34464689238073454	44.5384682640728	NA	10.876696656926422	NA
Occipital	-0.34464689238073454	44.71450964061063	NA	10.857252565930136	NA
Occipital	-0.34464689238073454	44.89055101714847	NA	10.837782631382384	NA
Occipital	-0.34464689238073454	45.06659239368631	NA	10.818286303279917	NA
Occipital	-0.34464689238073454	45.242633770224145	NA	10.79876305888705	NA
Occipital	-0.34464689238073454	45.418675146761984	NA	10.779431553981983	NA
Occipital	-0.34464689238073454	45.594716523299816	NA	10.760432096682637	NA
Occipital	-0.34464689238073454	45.770757899837655	NA	10.741639864937275	NA
Occipital	-0.34464689238073454	45.946799276375494	NA	10.723046281006548	NA
Occipital	-0.34464689238073454	46.12284065291333	NA	10.704643117080787	NA
Occipital	-0.34464689238073454	46.298882029451164	NA	10.686422481019962	NA
Occipital	-0.34464689238073454	46.474923405989	NA	10.668376802674675	NA
Occipital	-0.34464689238073454	46.65096478252684	NA	10.650498820764518	NA
Occipital	-0.34464689238073454	46.82700615906468	NA	10.632781570291185	NA
Occipital	-0.34464689238073454	47.00304753560251	NA	10.615218370464387	NA
Occipital	-0.34464689238073454	47.17908891214035	NA	10.597802813119802	NA
Occipital	-0.34464689238073454	47.35513028867819	NA	10.580528751608995	NA
Occipital	-0.34464689238073454	47.53117166521603	NA	10.56339029014199	NA
Occipital	-0.34464689238073454	47.70721304175386	NA	10.546381773564166	NA
Occipital	-0.34464689238073454	47.84464689238074	10.33651856560427	10.533190296522797	0.9299535001547254
Occipital	-0.34464689238073454	47.8832544182917	NA	10.529497777549691	NA
Occipital	-0.34464689238073454	48.05929579482954	NA	10.512733113460428	NA
Occipital	-0.34464689238073454	48.23533717136738	NA	10.496082778369967	NA
Occipital	-0.34464689238073454	48.411378547905215	NA	10.479541982295798	NA
Occipital	-0.34464689238073454	48.58741992444305	NA	10.463106133997906	NA
Occipital	-0.34464689238073454	48.763461300980886	NA	10.446770829705768	NA
Occipital	-0.34464689238073454	48.939502677518725	NA	10.430531845478344	NA
Occipital	-0.34464689238073454	49.115544054056564	NA	10.414385129875212	NA
Occipital	-0.34464689238073454	49.291585430594395	NA	10.398326796926456	NA
Occipital	-0.34464689238073454	49.467626807132234	NA	10.382353119388961	NA
Occipital	-0.34464689238073454	49.64366818367007	NA	10.366460522277546	NA
Occipital	-0.34464689238073454	49.81970956020791	NA	10.350645576659636	NA
Occipital	-0.34464689238073454	49.99575093674574	NA	10.334904993702828	NA
Occipital	-0.34464689238073454	50.17179231328358	NA	10.319235618964981	NA
Occipital	-0.34464689238073454	50.34783368982142	NA	10.30363442691702	NA
Occipital	-0.34464689238073454	50.52387506635926	NA	10.288098515688846	NA
Occipital	-0.34464689238073454	50.69991644289709	NA	10.272625102029446	NA
Occipital	-0.34464689238073454	50.87595781943493	NA	10.257211516472248	NA
Occipital	-0.34464689238073454	51.05199919597277	NA	10.241855198697605	NA
Occipital	-0.34464689238073454	51.22804057251061	NA	10.226553693084124	NA
Occipital	-0.34464689238073454	51.40408194904845	NA	10.211304644441405	NA
Occipital	-0.34464689238073454	51.58012332558628	NA	10.196105793916514	NA
Occipital	-0.34464689238073454	51.75616470212412	NA	10.18095497506741	NA
Occipital	-0.34464689238073454	51.932206078661956	NA	10.16585011009626	NA
Occipital	-0.34464689238073454	52.108247455199795	NA	10.150789206236297	NA
Occipital	-0.34464689238073454	52.284288831737626	NA	10.135770352285888	NA
Occipital	-0.34464689238073454	52.460330208275465	NA	10.120791715283863	NA
Occipital	-0.34464689238073454	52.636371584813304	NA	10.105851537320254	NA
Occipital	-0.34464689238073454	52.81241296135114	NA	10.090948132477072	NA
Occipital	-0.34464689238073454	52.84464689238074	9.992999319767298	10.08822309945024	0.88530688396593
Occipital	-0.34464689238073454	52.988454337888975	NA	10.076079883893685	NA
Occipital	-0.34464689238073454	53.16449571442681	NA	10.061245240951822	NA
Occipital	-0.34464689238073454	53.34053709096465	NA	10.046442716575237	NA
Occipital	-0.34464689238073454	53.51657846750249	NA	10.031670884639425	NA
Occipital	-0.34464689238073454	53.69261984404033	NA	10.016928377486947	NA
Occipital	-0.34464689238073454	53.86866122057816	NA	10.002213883543885	NA
Occipital	-0.34464689238073454	54.044702597116	NA	9.987526145033543	NA
Occipital	-0.34464689238073454	54.22074397365384	NA	9.972863955783218	NA
Occipital	-0.34464689238073454	54.39678535019168	NA	9.958226159120487	NA
Occipital	-0.34464689238073454	54.57282672672951	NA	9.943611645854965	NA
Occipital	-0.34464689238073454	54.74886810326735	NA	9.92901935234256	NA
Occipital	-0.34464689238073454	54.92490947980519	NA	9.914448258628484	NA
Occipital	-0.34464689238073454	55.100950856343026	NA	9.899897386665952	NA
Occipital	-0.34464689238073454	55.27699223288086	NA	9.885365798607475	NA
Occipital	-0.34464689238073454	55.453033609418696	NA	9.87085259516579	NA
Occipital	-0.34464689238073454	55.629074985956535	NA	9.856356914041537	NA
Occipital	-0.34464689238073454	55.805116362494374	NA	9.841877928415087	NA
Occipital	-0.34464689238073454	55.981157739032206	NA	9.827414846549438	NA
Occipital	-0.34464689238073454	56.157199115570045	NA	9.8129669083516	NA
Occipital	-0.34464689238073454	56.33324049210788	NA	9.798533383685005	NA
Occipital	-0.34464689238073454	56.50928186864572	NA	9.784113573771977	NA
Occipital	-0.34464689238073454	56.68532324518356	NA	9.76970680864604	NA
Occipital	-0.34464689238073454	56.86136462172139	NA	9.755312445976939	NA
Occipital	-0.34464689238073454	57.03740599825923	NA	9.740929869943487	NA
Occipital	-0.34464689238073454	57.21344737479707	NA	9.726558490152415	NA
Occipital	-0.34464689238073454	57.38948875133491	NA	9.712197740601166	NA
Occipital	-0.34464689238073454	57.56553012787274	NA	9.697847078683084	NA
Occipital	-0.34464689238073454	57.74157150441058	NA	9.683505984233038	NA
Occipital	-0.34464689238073454	57.84464689238074	9.54255855665602	9.675113256862291	0.8456200491680635
Occipital	-0.34464689238073454	57.91761288094842	NA	9.669173958611983	NA
Occipital	-0.34464689238073454	58.09365425748626	NA	9.654850523828841	NA
Occipital	-0.34464689238073454	58.26969563402409	NA	9.640535221698148	NA
Occipital	-0.34464689238073454	58.44573701056193	NA	9.626227613032011	NA
Occipital	-0.34464689238073454	58.621778387099766	NA	9.611927276864996	NA
Occipital	-0.34464689238073454	58.797819763637605	NA	9.597633809710663	NA
Occipital	-0.34464689238073454	58.97386114017544	NA	9.583346824848311	NA
Occipital	-0.34464689238073454	59.149902516713276	NA	9.56906595163885	NA
Occipital	-0.34464689238073454	59.325943893251115	NA	9.554790834868525	NA
Occipital	-0.34464689238073454	59.50198526978895	NA	9.540521134119395	NA
Occipital	-0.34464689238073454	59.67802664632679	NA	9.526256523165458	NA
Occipital	-0.34464689238073454	59.854068022864624	NA	9.511996689393412	NA
Occipital	-0.34464689238073454	60.03010939940246	NA	9.497741333246967	NA
Occipital	-0.34464689238073454	60.2061507759403	NA	9.483544398485737	NA
Occipital	-0.34464689238073454	60.38219215247814	NA	9.469485564656395	NA
Occipital	-0.34464689238073454	60.55823352901597	NA	9.455532407755658	NA
Occipital	-0.34464689238073454	60.73427490555381	NA	9.441681142556007	NA
Occipital	-0.34464689238073454	60.91031628209165	NA	9.42792813649184	NA
Occipital	-0.34464689238073454	61.08635765862949	NA	9.414269903443627	NA
Occipital	-0.34464689238073454	61.26239903516732	NA	9.400703097775347	NA
Occipital	-0.34464689238073454	61.43844041170516	NA	9.387224508614846	NA
Occipital	-0.34464689238073454	61.614481788243	NA	9.373831054367244	NA
Occipital	-0.34464689238073454	61.790523164780836	NA	9.360519777451932	NA
Occipital	-0.34464689238073454	61.966564541318675	NA	9.34728783925393	NA
Occipital	-0.34464689238073454	62.14260591785651	NA	9.334132515281052	NA
Occipital	-0.34464689238073454	62.318647294394346	NA	9.321051190518299	NA
Occipital	-0.34464689238073454	62.494688670932184	NA	9.308041354971605	NA
Occipital	-0.34464689238073454	62.67073004747002	NA	9.295100599393093	NA
Occipital	-0.34464689238073454	62.84464689238074	9.270086160226102	9.282381609227517	0.8117140878636057
Occipital	-0.34464689238073454	62.846771424007855	NA	9.282226611180553	NA
Occipital	-0.34464689238073454	63.022812800545694	NA	9.269417170443962	NA
Occipital	-0.34464689238073454	63.19885417708353	NA	9.256670146232272	NA
Occipital	-0.34464689238073454	63.37489555362137	NA	9.243983492913934	NA
Occipital	-0.34464689238073454	63.5509369301592	NA	9.23135524670493	NA
Occipital	-0.34464689238073454	63.72697830669704	NA	9.21878352233819	NA
Occipital	-0.34464689238073454	63.90301968323488	NA	9.206266510603234	NA
Occipital	-0.34464689238073454	64.07906105977271	NA	9.19380248014558	NA
Occipital	-0.34464689238073454	64.25510243631055	NA	9.181389755041158	NA
Occipital	-0.34464689238073454	64.43114381284839	NA	9.1690267334468	NA
Occipital	-0.34464689238073454	64.60718518938623	NA	9.15671187731029	NA
Occipital	-0.34464689238073454	64.78322656592407	NA	9.144443709775445	NA
Occipital	-0.34464689238073454	64.9592679424619	NA	9.13222081269306	NA
Occipital	-0.34464689238073454	65.13530931899975	NA	9.120041824233164	NA
Occipital	-0.34464689238073454	65.31135069553758	NA	9.107905436594606	NA
Occipital	-0.34464689238073454	65.48739207207541	NA	9.09581039380793	NA
Occipital	-0.34464689238073454	65.66343344861325	NA	9.083755489627784	NA
Occipital	-0.34464689238073454	65.83947482515109	NA	9.071739565511185	NA
Occipital	-0.34464689238073454	66.01551620168892	NA	9.059761508678148	NA
Occipital	-0.34464689238073454	66.19155757822676	NA	9.047820250251323	NA
Occipital	-0.34464689238073454	66.3675989547646	NA	9.035914763471451	NA
Occipital	-0.34464689238073454	66.54364033130244	NA	9.024044061985492	NA
Occipital	-0.34464689238073454	66.71968170784028	NA	9.012207198204493	NA
Occipital	-0.34464689238073454	66.8957230843781	NA	9.000403261728392	NA
Occipital	-0.34464689238073454	67.07176446091594	NA	8.988631377834938	NA
Occipital	-0.34464689238073454	67.24780583745378	NA	8.97689070603024	NA
Occipital	-0.34464689238073454	67.42384721399162	NA	8.96518043865829	NA
Occipital	-0.34464689238073454	67.59988859052946	NA	8.953499799567187	NA
Occipital	-0.34464689238073454	67.7759299670673	NA	8.941848042829708	NA
Occipital	-0.34464689238073454	67.84464689238074	8.977506523986785	8.937307505859192	0.7789040092418946
Occipital	-0.34464689238073454	67.95197134360514	NA	8.930224451515901	NA
Occipital	-0.34464689238073454	68.12801272014298	NA	8.918628336515791	NA
Occipital	-0.34464689238073454	68.30405409668082	NA	8.90705903541	NA
Occipital	-0.34464689238073454	68.48009547321864	NA	8.895515911386365	NA
Occipital	-0.34464689238073454	68.65613684975648	NA	8.8839983522007	NA
Occipital	-0.34464689238073454	68.83217822629432	NA	8.872505769179902	NA
Occipital	-0.34464689238073454	69.00821960283216	NA	8.861037596265632	NA
Occipital	-0.34464689238073454	69.18426097937	NA	8.84959328909698	NA
Occipital	-0.34464689238073454	69.36030235590783	NA	8.838172324130506	NA
Occipital	-0.34464689238073454	69.53634373244567	NA	8.826774197796091	NA
Occipital	-0.34464689238073454	69.71238510898351	NA	8.81539842568719	NA
Occipital	-0.34464689238073454	69.88842648552134	NA	8.804044541784068	NA
Occipital	-0.34464689238073454	70.06446786205917	NA	8.792712097708666	NA
Occipital	-0.34464689238073454	70.24050923859701	NA	8.781400662009858	NA
Occipital	-0.34464689238073454	70.41655061513485	NA	8.77010981947774	NA
Occipital	-0.34464689238073454	70.59259199167269	NA	8.758839170485933	NA
Occipital	-0.34464689238073454	70.76863336821053	NA	8.747588330360596	NA
Occipital	-0.34464689238073454	70.94467474474837	NA	8.736356928775225	NA
Occipital	-0.34464689238073454	71.12071612128621	NA	8.72514460917002	NA
Occipital	-0.34464689238073454	71.29675749782405	NA	8.71395102819491	NA
Occipital	-0.34464689238073454	71.47279887436187	NA	8.70277585517534	NA
Occipital	-0.34464689238073454	71.64884025089971	NA	8.691618771599709	NA
Occipital	-0.34464689238073454	71.82488162743755	NA	8.680479470627755	NA
Occipital	-0.34464689238073454	72.00092300397539	NA	8.669357658527025	NA
Occipital	-0.34464689238073454	72.17696438051323	NA	8.658253049139471	NA
Occipital	-0.34464689238073454	72.35300575705106	NA	8.647165367162314	NA
Occipital	-0.34464689238073454	72.5290471335889	NA	8.636094347916838	NA
Occipital	-0.34464689238073454	72.70508851012674	NA	8.625039736221732	NA
Occipital	-0.34464689238073454	72.84464689238074	8.723188812262459	8.616287596762994	0.7499645091505566
Occipital	-0.34464689238073454	72.88112988666457	NA	8.614001286009964	NA
Occipital	-0.34464689238073454	73.0571712632024	NA	8.602978759961287	NA
Occipital	-0.34464689238073454	73.23321263974024	NA	8.591971929149736	NA
Occipital	-0.34464689238073454	73.40925401627808	NA	8.580980572705393	NA
Occipital	-0.34464689238073454	73.58529539281592	NA	8.570004477490036	NA
Occipital	-0.34464689238073454	73.76133676935376	NA	8.559043437785864	NA
Occipital	-0.34464689238073454	73.9373781458916	NA	8.548097254997032	NA
Occipital	-0.34464689238073454	74.11341952242944	NA	8.537165737363233	NA
Occipital	-0.34464689238073454	74.28946089896728	NA	8.52624869968495	NA
Occipital	-0.34464689238073454	74.4655022755051	NA	8.515345963059982	NA
Occipital	-0.34464689238073454	74.64154365204294	NA	8.504457354630551	NA
Occipital	-0.34464689238073454	74.81758502858078	NA	8.493582707340837	NA
Occipital	-0.34464689238073454	74.99362640511862	NA	8.482721859704286	NA
Occipital	-0.34464689238073454	75.16966778165646	NA	8.471874655580452	NA
Occipital	-0.34464689238073454	75.3457091581943	NA	8.461040943960864	NA
Occipital	-0.34464689238073454	75.52175053473213	NA	8.450220578763684	NA
Occipital	-0.34464689238073454	75.69779191126997	NA	8.43941341863661	NA
Occipital	-0.34464689238073454	75.8738332878078	NA	8.428619326767933	NA
Occipital	-0.34464689238073454	76.04987466434564	NA	8.417838170705139	NA
Occipital	-0.34464689238073454	76.22591604088348	NA	8.407069822181045	NA
Occipital	-0.34464689238073454	76.40195741742131	NA	8.396314156946849	NA
Occipital	-0.34464689238073454	76.57799879395915	NA	8.3855710546121	NA
Occipital	-0.34464689238073454	76.75404017049699	NA	8.374840398491116	NA
Occipital	-0.34464689238073454	76.93008154703483	NA	8.364122075455649	NA
Occipital	-0.34464689238073454	77.10612292357267	NA	8.353415975793585	NA
Occipital	-0.34464689238073454	77.28216430011051	NA	8.3427219930733	NA
Occipital	-0.34464689238073454	77.45820567664833	NA	8.332040024013676	NA
Occipital	-0.34464689238073454	77.63424705318617	NA	8.321369968359244	NA
Occipital	-0.34464689238073454	77.81028842972401	NA	8.310711728760513	NA
Occipital	-0.34464689238073454	77.84464689238074	8.427898415045915	8.30863289754565	0.7251953667779288
Occipital	-0.34464689238073454	77.98632980626185	NA	8.300065210659142	NA
Occipital	-0.34464689238073454	78.16237118279969	NA	8.289430322177743	NA
Occipital	-0.34464689238073454	78.33841255933753	NA	8.278806974014188	NA
Occipital	-0.34464689238073454	78.51445393587537	NA	8.268195079340238	NA
Occipital	-0.34464689238073454	78.6904953124132	NA	8.257594553704243	NA
Occipital	-0.34464689238073454	78.86653668895104	NA	8.247005314937839	NA
Occipital	-0.34464689238073454	79.04257806548887	NA	8.236427283066384	NA
Occipital	-0.34464689238073454	79.21861944202671	NA	8.225860380223107	NA
Occipital	-0.34464689238073454	79.39466081856455	NA	8.215304530566685	NA
Occipital	-0.34464689238073454	79.57070219510238	NA	8.20475966020218	NA
Occipital	-0.34464689238073454	79.74674357164022	NA	8.194225697105203	NA
Occipital	-0.34464689238073454	79.92278494817806	NA	8.183702571646378	NA
Occipital	-0.34464689238073454	80.0988263247159	NA	8.173190215761133	NA
Occipital	-0.34464689238073454	80.27486770125374	NA	8.162688561560724	NA
Occipital	-0.34464689238073454	80.45090907779156	NA	8.152197543804935	NA
Occipital	-0.34464689238073454	80.6269504543294	NA	8.141717098788583	NA
Occipital	-0.34464689238073454	80.80299183086724	NA	8.1312471642824	NA
Occipital	-0.34464689238073454	80.97903320740508	NA	8.120787679476251	NA
Occipital	-0.34464689238073454	81.15507458394292	NA	8.11033858492474	NA
Occipital	-0.34464689238073454	81.33111596048076	NA	8.099899822494937	NA
Occipital	-0.34464689238073454	81.5071573370186	NA	8.089471335316246	NA
Occipital	-0.34464689238073454	81.68319871355644	NA	8.079053067732351	NA
Occipital	-0.34464689238073454	81.85924009009427	NA	8.068644965255075	NA
Occipital	-0.34464689238073454	82.0352814666321	NA	8.058246974520108	NA
Occipital	-0.34464689238073454	82.21132284316994	NA	8.0478590432445	NA
Occipital	-0.34464689238073454	82.38736421970778	NA	8.037481120185973	NA
Occipital	-0.34464689238073454	82.56340559624562	NA	8.027113155103768	NA
Occipital	-0.34464689238073454	82.73944697278345	NA	8.016755098721145	NA
Occipital	-0.34464689238073454	82.84464689238074	8.236334925277857	8.010569976201413	0.7021197486030172
Occipital	-0.34464689238073454	82.9154883493213	NA	8.006406902689383	NA
Occipital	-0.34464689238073454	83.09152972585913	NA	7.99606851955323	NA
Occipital	-0.34464689238073454	83.26757110239697	NA	7.985739902717763	NA
Occipital	-0.34464689238073454	83.4436124789348	NA	7.975421006416584	NA
Occipital	-0.34464689238073454	83.61965385547263	NA	7.965111785681298	NA
Occipital	-0.34464689238073454	83.79569523201047	NA	7.9548121963122265	NA
Occipital	-0.34464689238073454	83.97173660854831	NA	7.944522194850304	NA
Occipital	-0.34464689238073454	84.14777798508615	NA	7.934241738550138	NA
Occipital	-0.34464689238073454	84.32381936162399	NA	7.923970785354085	NA
Occipital	-0.34464689238073454	84.49986073816183	NA	7.913709293867446	NA
Occipital	-0.34464689238073454	84.67590211469967	NA	7.903457223334647	NA
Occipital	-0.34464689238073454	84.8519434912375	NA	7.893214533616363	NA
Occipital	-0.34464689238073454	85.02798486777533	NA	7.882981185167531	NA
Occipital	-0.34464689238073454	85.20402624431317	NA	7.872757139016359	NA
Occipital	-0.34464689238073454	85.38006762085101	NA	7.862542356744066	NA
Occipital	-0.34464689238073454	85.55610899738885	NA	7.852336800465474	NA
Occipital	-0.34464689238073454	85.73215037392669	NA	7.8421404328104325	NA
Occipital	-0.34464689238073454	85.90819175046452	NA	7.831953216905918	NA
Occipital	-0.34464689238073454	86.08423312700236	NA	7.821775116358899	NA
Occipital	-0.34464689238073454	86.2602745035402	NA	7.811606095239851	NA
Occipital	-0.34464689238073454	86.43631588007803	NA	7.801446118066982	NA
Occipital	-0.34464689238073454	86.61235725661587	NA	7.791295149791069	NA
Occipital	-0.34464689238073454	86.7883986331537	NA	7.7811531557808875	NA
Occipital	-0.34464689238073454	86.96444000969154	NA	7.771020101809224	NA
Occipital	-0.34464689238073454	87.14048138622938	NA	7.7608959540395155	NA
Occipital	-0.34464689238073454	87.31652276276722	NA	7.750780679012917	NA
Occipital	-0.34464689238073454	87.49256413930506	NA	7.7406742436359774	NA
Occipital	-0.34464689238073454	87.6686055158429	NA	7.730576615168759	NA
Occipital	-0.34464689238073454	87.84464689238074	8.05738708260135	7.720460483173922	0.6823460271913812
PCC	-0.34464689238073454	0	0	-1.9975002850063077e-14	0
PCC	-0.34464689238073454	0.17604137653783714	NA	2.5823924776099194e-5	NA
PCC	-0.34464689238073454	0.35208275307567427	NA	6.470868749908417e-5	NA
PCC	-0.34464689238073454	0.5281241296135114	NA	4.559233131774817e-4	NA
PCC	-0.34464689238073454	0.5946468923807345	0.00466599077282373	7.055948117738213e-4	0.4979955609317893
PCC	-0.34464689238073454	0.7041655061513485	NA	0.0012024633669312688	NA
PCC	-0.34464689238073454	0.8802068826891857	NA	0.227195238027989	NA
PCC	-0.34464689238073454	1.0562482592270228	NA	1.6119460676114816	NA
PCC	-0.34464689238073454	1.0946468923807346	1.1669993577184077	1.992650030331073	0.5935966379574875
PCC	-0.34464689238073454	1.23228963576486	NA	3.601628036811866	NA
PCC	-0.34464689238073454	1.408331012302697	NA	6.216510226001985	NA
PCC	-0.34464689238073454	1.584372388840534	NA	9.144044453070379	NA
PCC	-0.34464689238073454	1.5946468923807346	9.26474804510031	9.307018425571773	0.7747364380991829
PCC	-0.34464689238073454	1.7604137653783714	NA	11.978917376370024	NA
PCC	-0.34464689238073454	1.9364551419162086	NA	15.08485837782033	NA
PCC	-0.34464689238073454	2.0946468923807346	19.308065140699924	18.181700191394704	0.9046305710011072
PCC	-0.34464689238073454	2.1124965184540456	NA	18.54610817948609	NA
PCC	-0.34464689238073454	2.2885378949918826	NA	22.298225967337082	NA
PCC	-0.34464689238073454	2.46457927152972	NA	26.317519122542443	NA
PCC	-0.34464689238073454	2.5946468923807346	30.30180332457724	29.031214796583036	1.0084564834937169
PCC	-0.34464689238073454	2.640620648067557	NA	29.95534789062971	NA
PCC	-0.34464689238073454	2.816662024605394	NA	33.36023358588068	NA
PCC	-0.34464689238073454	2.992703401143231	NA	35.23776550565393	NA
PCC	-0.34464689238073454	3.0946468923807346	36.407019297302384	35.629594431981054	1.05184710143084
PCC	-0.34464689238073454	3.168744777681068	NA	35.748234236309926	NA
PCC	-0.34464689238073454	3.3447861542189057	NA	36.22434046932589	NA
PCC	-0.34464689238073454	3.5208275307567427	NA	36.27755614984977	NA
PCC	-0.34464689238073454	3.6968689072945797	NA	36.20061378971029	NA
PCC	-0.34464689238073454	3.8446468923807346	35.316762916744075	36.1394007089382	1.2771234363638424
PCC	-0.34464689238073454	3.872910283832417	NA	36.12062027323274	NA
PCC	-0.34464689238073454	4.048951660370254	NA	35.953847472625995	NA
PCC	-0.34464689238073454	4.224993036908091	NA	35.70362329550274	NA
PCC	-0.34464689238073454	4.401034413445928	NA	35.373125311600894	NA
PCC	-0.34464689238073454	4.577075789983765	NA	34.96538765515556	NA
PCC	-0.34464689238073454	4.753117166521602	NA	34.483307609907776	NA
PCC	-0.34464689238073454	4.844646892380735	32.73156647420282	34.204232814895455	1.2409533465925953
PCC	-0.34464689238073454	4.92915854305944	NA	33.92965189134425	NA
PCC	-0.34464689238073454	5.105199919597277	NA	33.307062640090464	NA
PCC	-0.34464689238073454	5.281241296135114	NA	32.618063139739924	NA
PCC	-0.34464689238073454	5.457282672672951	NA	31.95975400525975	NA
PCC	-0.34464689238073454	5.633324049210788	NA	31.341311761323524	NA
PCC	-0.34464689238073454	5.809365425748625	NA	30.744751598985616	NA
PCC	-0.34464689238073454	5.844646892380735	30.356922125412712	30.62772299102534	1.1990027673150705
PCC	-0.34464689238073454	5.985406802286462	NA	30.16900473963588	NA
PCC	-0.34464689238073454	6.161448178824299	NA	29.613051807665933	NA
PCC	-0.34464689238073454	6.337489555362136	NA	29.07592055761005	NA
PCC	-0.34464689238073454	6.513530931899974	NA	28.55668370580859	NA
PCC	-0.34464689238073454	6.689572308437811	NA	28.054456861787504	NA
PCC	-0.34464689238073454	6.865613684975648	NA	27.568396554768178	NA
PCC	-0.34464689238073454	7.041655061513485	NA	27.097698350933307	NA
PCC	-0.34464689238073454	7.217696438051322	NA	26.6415950572752	NA
PCC	-0.34464689238073454	7.344646892380735	26.635968657406696	26.32133294708268	1.4086112960853336
PCC	-0.34464689238073454	7.3937378145891595	NA	26.19935500804497	NA
PCC	-0.34464689238073454	7.5697791911269965	NA	25.770280430004192	NA
PCC	-0.34464689238073454	7.745820567664834	NA	25.353705882855284	NA
PCC	-0.34464689238073454	7.921861944202671	NA	24.94899677139345	NA
PCC	-0.34464689238073454	8.097903320740508	NA	24.555548962835545	NA
PCC	-0.34464689238073454	8.273944697278345	NA	24.1727847777561	NA
PCC	-0.34464689238073454	8.449986073816182	NA	23.800153285127237	NA
PCC	-0.34464689238073454	8.62602745035402	NA	23.43712972476507	NA
PCC	-0.34464689238073454	8.802068826891857	NA	23.083213707215027	NA
PCC	-0.34464689238073454	8.978110203429694	NA	22.73792809208165	NA
PCC	-0.34464689238073454	9.15415157996753	NA	22.400817917942604	NA
PCC	-0.34464689238073454	9.330192956505368	NA	22.071449381474615	NA
PCC	-0.34464689238073454	9.344646892380734	22.5329256882325	22.04473723543008	1.3144617490295751
PCC	-0.34464689238073454	9.506234333043205	NA	21.74940886352854	NA
PCC	-0.34464689238073454	9.682275709581042	NA	21.43430199999441	NA
PCC	-0.34464689238073454	9.85831708611888	NA	21.12575279539685	NA
PCC	-0.34464689238073454	10.034358462656717	NA	20.82340277725588	NA
PCC	-0.34464689238073454	10.210399839194555	NA	20.526922018537068	NA
PCC	-0.34464689238073454	10.386441215732392	NA	20.24599121013821	NA
PCC	-0.34464689238073454	10.562482592270229	NA	19.977731208722503	NA
PCC	-0.34464689238073454	10.738523968808066	NA	19.720708514972504	NA
PCC	-0.34464689238073454	10.914565345345903	NA	19.474395280642298	NA
PCC	-0.34464689238073454	11.09060672188374	NA	19.238287976037842	NA
PCC	-0.34464689238073454	11.266648098421577	NA	19.01190627153472	NA
PCC	-0.34464689238073454	11.442689474959414	NA	18.794791970530323	NA
PCC	-0.34464689238073454	11.61873085149725	NA	18.586507991465222	NA
PCC	-0.34464689238073454	11.794772228035088	NA	18.38663739665734	NA
PCC	-0.34464689238073454	11.970813604572925	NA	18.194782465796205	NA
PCC	-0.34464689238073454	12.146854981110762	NA	18.01056381204352	NA
PCC	-0.34464689238073454	12.322896357648599	NA	17.833619538780905	NA
PCC	-0.34464689238073454	12.498937734186436	NA	17.663604435135507	NA
PCC	-0.34464689238073454	12.674979110724273	NA	17.500189208500416	NA
PCC	-0.34464689238073454	12.844646892380734	18.12596485512874	17.348640469016686	1.60001642972666
PCC	-0.34464689238073454	12.851020487262112	NA	17.34305975234853	NA
PCC	-0.34464689238073454	13.027061863799949	NA	17.191916447716974	NA
PCC	-0.34464689238073454	13.203103240337786	NA	17.04647349681376	NA
PCC	-0.34464689238073454	13.379144616875623	NA	16.90645828726938	NA
PCC	-0.34464689238073454	13.55518599341346	NA	16.77161078562428	NA
PCC	-0.34464689238073454	13.731227369951297	NA	16.64168295870785	NA
PCC	-0.34464689238073454	13.907268746489134	NA	16.516438221625904	NA
PCC	-0.34464689238073454	14.08331012302697	NA	16.395650911133647	NA
PCC	-0.34464689238073454	14.259351499564808	NA	16.279105783226417	NA
PCC	-0.34464689238073454	14.435392876102645	NA	16.166597533834555	NA
PCC	-0.34464689238073454	14.611434252640482	NA	16.057930341559935	NA
PCC	-0.34464689238073454	14.787475629178319	NA	15.952917431440836	NA
PCC	-0.34464689238073454	14.963517005716156	NA	15.851380658777732	NA
PCC	-0.34464689238073454	15.139558382253993	NA	15.753150112097861	NA
PCC	-0.34464689238073454	15.31559975879183	NA	15.658063734378201	NA
PCC	-0.34464689238073454	15.491641135329669	NA	15.564211481795256	NA
PCC	-0.34464689238073454	15.667682511867506	NA	15.47362154781748	NA
PCC	-0.34464689238073454	15.843723888405343	NA	15.386186521848582	NA
PCC	-0.34464689238073454	16.019765264943178	NA	15.301754804269352	NA
PCC	-0.34464689238073454	16.195806641481017	NA	15.220181851884549	NA
PCC	-0.34464689238073454	16.371848018018852	NA	15.141329301719129	NA
PCC	-0.34464689238073454	16.54788939455669	NA	15.065065498011425	NA
PCC	-0.34464689238073454	16.723930771094526	NA	14.991264865942032	NA
PCC	-0.34464689238073454	16.899972147632365	NA	14.919807631891166	NA
PCC	-0.34464689238073454	17.076013524170204	NA	14.85057955656041	NA
PCC	-0.34464689238073454	17.25205490070804	NA	14.783471680367384	NA
PCC	-0.34464689238073454	17.428096277245878	NA	14.71838008054889	NA
PCC	-0.34464689238073454	17.604137653783713	NA	14.655205639434225	NA
PCC	-0.34464689238073454	17.780179030321552	NA	14.593853823374786	NA
PCC	-0.34464689238073454	17.844646892380734	14.79471310161189	14.57182460348477	1.4105531070786514
PCC	-0.34464689238073454	17.956220406859387	NA	14.534234471840243	NA
PCC	-0.34464689238073454	18.132261783397226	NA	14.476261596213483	NA
PCC	-0.34464689238073454	18.30830315993506	NA	14.419853187838461	NA
PCC	-0.34464689238073454	18.4843445364729	NA	14.364931034895504	NA
PCC	-0.34464689238073454	18.660385913010735	NA	14.311420547697967	NA
PCC	-0.34464689238073454	18.836427289548574	NA	14.259250592023202	NA
PCC	-0.34464689238073454	19.01246866608641	NA	14.20835333010816	NA
PCC	-0.34464689238073454	19.188510042624248	NA	14.158664068957362	NA
PCC	-0.34464689238073454	19.364551419162083	NA	14.110121115626805	NA
PCC	-0.34464689238073454	19.540592795699922	NA	14.06266563916319	NA
PCC	-0.34464689238073454	19.71663417223776	NA	14.0162415388922	NA
PCC	-0.34464689238073454	19.892675548775596	NA	13.970795318764118	NA
PCC	-0.34464689238073454	20.068716925313435	NA	13.92627596747804	NA
PCC	-0.34464689238073454	20.24475830185127	NA	13.882634844119027	NA
PCC	-0.34464689238073454	20.42079967838911	NA	13.839825569054698	NA
PCC	-0.34464689238073454	20.596841054926944	NA	13.797803919849384	NA
PCC	-0.34464689238073454	20.772882431464783	NA	13.756527731965058	NA
PCC	-0.34464689238073454	20.94892380800262	NA	13.715956804029052	NA
PCC	-0.34464689238073454	21.124965184540457	NA	13.676052807458415	NA
PCC	-0.34464689238073454	21.301006561078292	NA	13.636779200240618	NA
PCC	-0.34464689238073454	21.47704793761613	NA	13.59810114467952	NA
PCC	-0.34464689238073454	21.653089314153966	NA	13.5599854289242	NA
PCC	-0.34464689238073454	21.829130690691805	NA	13.522400392106677	NA
PCC	-0.34464689238073454	22.00517206722964	NA	13.485315852922668	NA
PCC	-0.34464689238073454	22.18121344376748	NA	13.44870304149687	NA
PCC	-0.34464689238073454	22.357254820305315	NA	13.412534534381972	NA
PCC	-0.34464689238073454	22.533296196843153	NA	13.376784192546994	NA
PCC	-0.34464689238073454	22.709337573380992	NA	13.341427102217795	NA
PCC	-0.34464689238073454	22.844646892380734	13.159697715811694	13.314503161200465	1.287011358274444
PCC	-0.34464689238073454	22.885378949918827	NA	13.306439518438324	NA
PCC	-0.34464689238073454	23.061420326456666	NA	13.271798811227699	NA
PCC	-0.34464689238073454	23.2374617029945	NA	13.237483414213584	NA
PCC	-0.34464689238073454	23.41350307953234	NA	13.203472775628134	NA
PCC	-0.34464689238073454	23.589544456070175	NA	13.169747311557762	NA
PCC	-0.34464689238073454	23.765585832608014	NA	13.136288361343079	NA
PCC	-0.34464689238073454	23.94162720914585	NA	13.103078145030217	NA
PCC	-0.34464689238073454	24.11766858568369	NA	13.070099752676013	NA
PCC	-0.34464689238073454	24.293709962221524	NA	13.037337014454247	NA
PCC	-0.34464689238073454	24.469751338759362	NA	13.004774553479502	NA
PCC	-0.34464689238073454	24.645792715297198	NA	12.97239772526015	NA
PCC	-0.34464689238073454	24.821834091835036	NA	12.940192580863407	NA
PCC	-0.34464689238073454	24.99787546837287	NA	12.908145834839656	NA
PCC	-0.34464689238073454	25.17391684491071	NA	12.87624483462234	NA
PCC	-0.34464689238073454	25.349958221448546	NA	12.844477531335237	NA
PCC	-0.34464689238073454	25.525999597986385	NA	12.812832451942587	NA
PCC	-0.34464689238073454	25.702040974524223	NA	12.781298672680265	NA
PCC	-0.34464689238073454	25.87808235106206	NA	12.749865793709088	NA
PCC	-0.34464689238073454	26.054123727599897	NA	12.718523914933995	NA
PCC	-0.34464689238073454	26.230165104137733	NA	12.687263612935656	NA
PCC	-0.34464689238073454	26.40620648067557	NA	12.656075918963131	NA
PCC	-0.34464689238073454	26.582247857213407	NA	12.62495229793897	NA
PCC	-0.34464689238073454	26.758289233751245	NA	12.593884628430104	NA
PCC	-0.34464689238073454	26.93433061028908	NA	12.562865183540092	NA
PCC	-0.34464689238073454	27.11037198682692	NA	12.531886612680415	NA
PCC	-0.34464689238073454	27.286413363364755	NA	12.500941924180562	NA
PCC	-0.34464689238073454	27.462454739902594	NA	12.470024468697648	NA
PCC	-0.34464689238073454	27.63849611644043	NA	12.439127923389842	NA
PCC	-0.34464689238073454	27.814537492978268	NA	12.408246276817623	NA
PCC	-0.34464689238073454	27.844646892380734	12.133195681557394	12.402965479413702	1.1896174610375203
PCC	-0.34464689238073454	27.990578869516103	NA	12.377373814539757	NA
PCC	-0.34464689238073454	28.16662024605394	NA	12.346505105372042	NA
PCC	-0.34464689238073454	28.34266162259178	NA	12.315634988278214	NA
PCC	-0.34464689238073454	28.518702999129616	NA	12.284758559864068	NA
PCC	-0.34464689238073454	28.694744375667455	NA	12.253871162446998	NA
PCC	-0.34464689238073454	28.87078575220529	NA	12.22296837267447	NA
PCC	-0.34464689238073454	29.04682712874313	NA	12.192045990666257	NA
PCC	-0.34464689238073454	29.222868505280964	NA	12.161100029656273	NA
PCC	-0.34464689238073454	29.398909881818803	NA	12.13012670611107	NA
PCC	-0.34464689238073454	29.574951258356638	NA	12.09912243030309	NA
PCC	-0.34464689238073454	29.750992634894477	NA	12.068083797317698	NA
PCC	-0.34464689238073454	29.927034011432312	NA	12.037007578474146	NA
PCC	-0.34464689238073454	30.10307538797015	NA	12.005890713141309	NA
PCC	-0.34464689238073454	30.279116764507986	NA	11.974789732653475	NA
PCC	-0.34464689238073454	30.455158141045825	NA	11.944083105922754	NA
PCC	-0.34464689238073454	30.63119951758366	NA	11.913812099510164	NA
PCC	-0.34464689238073454	30.8072408941215	NA	11.88395536557749	NA
PCC	-0.34464689238073454	30.983282270659338	NA	11.854492543337402	NA
PCC	-0.34464689238073454	31.159323647197173	NA	11.825404213641528	NA
PCC	-0.34464689238073454	31.33536502373501	NA	11.796671855656925	NA
PCC	-0.34464689238073454	31.511406400272847	NA	11.76827780553497	NA
PCC	-0.34464689238073454	31.687447776810686	NA	11.740205216980806	NA
PCC	-0.34464689238073454	31.86348915334852	NA	11.7124380236363	NA
PCC	-0.34464689238073454	32.039530529886356	NA	11.684960926105946	NA
PCC	-0.34464689238073454	32.215571906424195	NA	11.657759304796325	NA
PCC	-0.34464689238073454	32.391613282962034	NA	11.630819204552955	NA
PCC	-0.34464689238073454	32.56765465949987	NA	11.604127336298511	NA
PCC	-0.34464689238073454	32.743696036037704	NA	11.577671027201344	NA
PCC	-0.34464689238073454	32.84464689238074	11.076918840927975	11.562601168211692	1.10923284673891
PCC	-0.34464689238073454	32.91973741257554	NA	11.551438192316219	NA
PCC	-0.34464689238073454	33.09577878911338	NA	11.525417307529382	NA
PCC	-0.34464689238073454	33.27182016565122	NA	11.49959738374775	NA
PCC	-0.34464689238073454	33.44786154218905	NA	11.473967942275136	NA
PCC	-0.34464689238073454	33.62390291872689	NA	11.448518991320912	NA
PCC	-0.34464689238073454	33.79994429526473	NA	11.423241003588927	NA
PCC	-0.34464689238073454	33.97598567180257	NA	11.398124894897174	NA
PCC	-0.34464689238073454	34.15202704834041	NA	11.373162003780696	NA
PCC	-0.34464689238073454	34.32806842487824	NA	11.348344072032484	NA
PCC	-0.34464689238073454	34.50410980141608	NA	11.323663226139365	NA
PCC	-0.34464689238073454	34.68015117795392	NA	11.299111959571619	NA
PCC	-0.34464689238073454	34.856192554491756	NA	11.27468311588707	NA
PCC	-0.34464689238073454	35.03223393102959	NA	11.250369872612248	NA
PCC	-0.34464689238073454	35.208275307567426	NA	11.22616572586486	NA
PCC	-0.34464689238073454	35.384316684105265	NA	11.20206447568346	NA
PCC	-0.34464689238073454	35.560358060643104	NA	11.178060212031864	NA
PCC	-0.34464689238073454	35.736399437180935	NA	11.154147301447153	NA
PCC	-0.34464689238073454	35.912440813718774	NA	11.130320374301867	NA
PCC	-0.34464689238073454	36.08848219025661	NA	11.106574312651926	NA
PCC	-0.34464689238073454	36.26452356679445	NA	11.082904238643483	NA
PCC	-0.34464689238073454	36.440564943332284	NA	11.059305503453	NA
PCC	-0.34464689238073454	36.61660631987012	NA	11.03577367673597	NA
PCC	-0.34464689238073454	36.79264769640796	NA	11.012304536560901	NA
PCC	-0.34464689238073454	36.9686890729458	NA	10.988894059806285	NA
PCC	-0.34464689238073454	37.14473044948364	NA	10.965538412999308	NA
PCC	-0.34464689238073454	37.32077182602147	NA	10.942233943575774	NA
PCC	-0.34464689238073454	37.49681320255931	NA	10.918977171542167	NA
PCC	-0.34464689238073454	37.67285457909715	NA	10.89576478152112	NA
PCC	-0.34464689238073454	37.84464689238074	10.450450694115364	10.873152436677495	1.0403325146640467
PCC	-0.34464689238073454	37.84889595563499	NA	10.872593615162847	NA
PCC	-0.34464689238073454	38.02493733217282	NA	10.849460663905447	NA
PCC	-0.34464689238073454	38.20097870871066	NA	10.826363062068399	NA
PCC	-0.34464689238073454	38.377020085248496	NA	10.803298080263632	NA
PCC	-0.34464689238073454	38.553061461786335	NA	10.780263119109629	NA
PCC	-0.34464689238073454	38.72910283832417	NA	10.757255703234748	NA
PCC	-0.34464689238073454	38.905144214862005	NA	10.734273475556328	NA
PCC	-0.34464689238073454	39.081185591399844	NA	10.71131419182296	NA
PCC	-0.34464689238073454	39.25722696793768	NA	10.688375715407794	NA
PCC	-0.34464689238073454	39.43326834447552	NA	10.665456012341386	NA
PCC	-0.34464689238073454	39.609309721013354	NA	10.642553146572993	NA
PCC	-0.34464689238073454	39.78535109755119	NA	10.619665275449893	NA
PCC	-0.34464689238073454	39.96139247408903	NA	10.59679064572536	NA
PCC	-0.34464689238073454	40.13743385062687	NA	10.573927589639837	NA
PCC	-0.34464689238073454	40.3134752271647	NA	10.551074518027189	NA
PCC	-0.34464689238073454	40.48951660370254	NA	10.528229920671556	NA
PCC	-0.34464689238073454	40.66555798024038	NA	10.505392361084082	NA
PCC	-0.34464689238073454	40.84159935677822	NA	10.482560473095248	NA
PCC	-0.34464689238073454	41.01764073331605	NA	10.459732957603721	NA
PCC	-0.34464689238073454	41.19368210985389	NA	10.436908579474974	NA
PCC	-0.34464689238073454	41.36972348639173	NA	10.414086164582578	NA
PCC	-0.34464689238073454	41.545764862929566	NA	10.39126459698554	NA
PCC	-0.34464689238073454	41.7218062394674	NA	10.368442816235593	NA
PCC	-0.34464689238073454	41.89784761600524	NA	10.345619814808314	NA
PCC	-0.34464689238073454	42.073888992543075	NA	10.322794635652475	NA
PCC	-0.34464689238073454	42.249930369080914	NA	10.299966369852193	NA
PCC	-0.34464689238073454	42.42597174561875	NA	10.27713415439656	NA
PCC	-0.34464689238073454	42.602013122156585	NA	10.254297170051991	NA
PCC	-0.34464689238073454	42.778054498694424	NA	10.231454639332457	NA
PCC	-0.34464689238073454	42.84464689238074	9.959611936772642	10.222812240411242	0.9806967120621216
PCC	-0.34464689238073454	42.95409587523226	NA	10.208605824563083	NA
PCC	-0.34464689238073454	43.1301372517701	NA	10.185750026032945	NA
PCC	-0.34464689238073454	43.30617862830793	NA	10.162886580232803	NA
PCC	-0.34464689238073454	43.48222000484577	NA	10.140014858173936	NA
PCC	-0.34464689238073454	43.65826138138361	NA	10.11713426378445	NA
PCC	-0.34464689238073454	43.83430275792145	NA	10.09424423237926	NA
PCC	-0.34464689238073454	44.01034413445928	NA	10.071344229200628	NA
PCC	-0.34464689238073454	44.18638551099712	NA	10.04843374802575	NA
PCC	-0.34464689238073454	44.36242688753496	NA	10.025512309838584	NA
PCC	-0.34464689238073454	44.5384682640728	NA	10.002579461562684	NA
PCC	-0.34464689238073454	44.71450964061063	NA	9.979634774852471	NA
PCC	-0.34464689238073454	44.89055101714847	NA	9.95667784494008	NA
PCC	-0.34464689238073454	45.06659239368631	NA	9.933708289535353	NA
PCC	-0.34464689238073454	45.242633770224145	NA	9.910725747776457	NA
PCC	-0.34464689238073454	45.418675146761984	NA	9.887952323812447	NA
PCC	-0.34464689238073454	45.594716523299816	NA	9.865540905626691	NA
PCC	-0.34464689238073454	45.770757899837655	NA	9.843366571956759	NA
PCC	-0.34464689238073454	45.946799276375494	NA	9.821419249875241	NA
PCC	-0.34464689238073454	46.12284065291333	NA	9.79968932628767	NA
PCC	-0.34464689238073454	46.298882029451164	NA	9.778167626800608	NA
PCC	-0.34464689238073454	46.474923405989	NA	9.756845395561413	NA
PCC	-0.34464689238073454	46.65096478252684	NA	9.735714276025066	NA
PCC	-0.34464689238073454	46.82700615906468	NA	9.71476629260539	NA
PCC	-0.34464689238073454	47.00304753560251	NA	9.693993833169937	NA
PCC	-0.34464689238073454	47.17908891214035	NA	9.673389632339878	NA
PCC	-0.34464689238073454	47.35513028867819	NA	9.65294675555773	NA
PCC	-0.34464689238073454	47.53117166521603	NA	9.63265858388773	NA
PCC	-0.34464689238073454	47.70721304175386	NA	9.612518799515048	NA
PCC	-0.34464689238073454	47.84464689238074	9.22635883181031	9.596895210992656	0.9299535001547254
PCC	-0.34464689238073454	47.8832544182917	NA	9.592521371911902	NA
PCC	-0.34464689238073454	48.05929579482954	NA	9.572660560998827	NA
PCC	-0.34464689238073454	48.23533717136738	NA	9.552930857659568	NA
PCC	-0.34464689238073454	48.411378547905215	NA	9.533327012760996	NA
PCC	-0.34464689238073454	48.58741992444305	NA	9.513844018977155	NA
PCC	-0.34464689238073454	48.763461300980886	NA	9.494477096069353	NA
PCC	-0.34464689238073454	48.939502677518725	NA	9.475221680456382	NA
PCC	-0.34464689238073454	49.115544054056564	NA	9.456073415264425	NA
PCC	-0.34464689238073454	49.291585430594395	NA	9.437028140834299	NA
PCC	-0.34464689238073454	49.467626807132234	NA	9.418081885665265	NA
PCC	-0.34464689238073454	49.64366818367007	NA	9.399230857775247	NA
PCC	-0.34464689238073454	49.81970956020791	NA	9.380471436458269	NA
PCC	-0.34464689238073454	49.99575093674574	NA	9.361800164420858	NA
PCC	-0.34464689238073454	50.17179231328358	NA	9.343213740280067	NA
PCC	-0.34464689238073454	50.34783368982142	NA	9.324709011406345	NA
PCC	-0.34464689238073454	50.52387506635926	NA	9.30628296709558	NA
PCC	-0.34464689238073454	50.69991644289709	NA	9.287932732054973	NA
PCC	-0.34464689238073454	50.87595781943493	NA	9.26965556018848	NA
PCC	-0.34464689238073454	51.05199919597277	NA	9.251448828667971	NA
PCC	-0.34464689238073454	51.22804057251061	NA	9.233310032276956	NA
PCC	-0.34464689238073454	51.40408194904845	NA	9.215236778014386	NA
PCC	-0.34464689238073454	51.58012332558628	NA	9.197226779946556	NA
PCC	-0.34464689238073454	51.75616470212412	NA	9.17927785429566	NA
PCC	-0.34464689238073454	51.932206078661956	NA	9.161387914754204	NA
PCC	-0.34464689238073454	52.108247455199795	NA	9.143554968014783	NA
PCC	-0.34464689238073454	52.284288831737626	NA	9.12577710950542	NA
PCC	-0.34464689238073454	52.460330208275465	NA	9.108052519320934	NA
PCC	-0.34464689238073454	52.636371584813304	NA	9.090379458341372	NA
PCC	-0.34464689238073454	52.81241296135114	NA	9.072756264528884	NA
PCC	-0.34464689238073454	52.84464689238074	8.719803296268623	9.069534643070481	0.88530688396593
PCC	-0.34464689238073454	52.988454337888975	NA	9.05518134939486	NA
PCC	-0.34464689238073454	53.16449571442681	NA	9.037653194629435	NA
PCC	-0.34464689238073454	53.34053709096465	NA	9.020170348885973	NA
PCC	-0.34464689238073454	53.51657846750249	NA	9.00273142471338	NA
PCC	-0.34464689238073454	53.69261984404033	NA	8.985335095629386	NA
PCC	-0.34464689238073454	53.86866122057816	NA	8.96798009332843	NA
PCC	-0.34464689238073454	54.044702597116	NA	8.95066520501785	NA
PCC	-0.34464689238073454	54.22074397365384	NA	8.933389270876516	NA
PCC	-0.34464689238073454	54.39678535019168	NA	8.916151181630399	NA
PCC	-0.34464689238073454	54.57282672672951	NA	8.898949876239335	NA
PCC	-0.34464689238073454	54.74886810326735	NA	8.8817843396904	NA
PCC	-0.34464689238073454	54.92490947980519	NA	8.864653600892504	NA
PCC	-0.34464689238073454	55.100950856343026	NA	8.847556730667861	NA
PCC	-0.34464689238073454	55.27699223288086	NA	8.830492839835761	NA
PCC	-0.34464689238073454	55.453033609418696	NA	8.81346107738438	NA
PCC	-0.34464689238073454	55.629074985956535	NA	8.796460628726644	NA
PCC	-0.34464689238073454	55.805116362494374	NA	8.779490714036264	NA
PCC	-0.34464689238073454	55.981157739032206	NA	8.762550588675618	NA
PCC	-0.34464689238073454	56.157199115570045	NA	8.74563953790184	NA
PCC	-0.34464689238073454	56.33324049210788	NA	8.728756874469772	NA
PCC	-0.34464689238073454	56.50928186864572	NA	8.711901942446525	NA
PCC	-0.34464689238073454	56.68532324518356	NA	8.695074113418492	NA
PCC	-0.34464689238073454	56.86136462172139	NA	8.678272785236604	NA
PCC	-0.34464689238073454	57.03740599825923	NA	8.661497380819258	NA
PCC	-0.34464689238073454	57.21344737479707	NA	8.6447473470103109	NA
PCC	-0.34464689238073454	57.38948875133491	NA	8.628022153489432	NA
PCC	-0.34464689238073454	57.56553012787274	NA	8.61132129173262	NA
PCC	-0.34464689238073454	57.74157150441058	NA	8.594644274020414	NA
PCC	-0.34464689238073454	57.84464689238074	8.524862995541248	8.584890461462178	0.8456200491680635
PCC	-0.34464689238073454	57.91761288094842	NA	8.57799063249172	NA
PCC	-0.34464689238073454	58.09365425748626	NA	8.561359918241052	NA
PCC	-0.34464689238073454	58.26969563402409	NA	8.54475170045729	NA
PCC	-0.34464689238073454	58.44573701056193	NA	8.528165565601961	NA
PCC	-0.34464689238073454	58.621778387099766	NA	8.511601116625316	NA
PCC	-0.34464689238073454	58.797819763637605	NA	8.495057972218337	NA
PCC	-0.34464689238073454	58.97386114017544	NA	8.47853576609918	NA
PCC	-0.34464689238073454	59.149902516713276	NA	8.462034146332325	NA
PCC	-0.34464689238073454	59.325943893251115	NA	8.445552774679067	NA
PCC	-0.34464689238073454	59.50198526978895	NA	8.429091325977733	NA
PCC	-0.34464689238073454	59.67802664632679	NA	8.412649487552441	NA
PCC	-0.34464689238073454	59.854068022864624	NA	8.396226958648985	NA
PCC	-0.34464689238073454	60.03010939940246	NA	8.379823449896598	NA
PCC	-0.34464689238073454	60.2061507759403	NA	8.36349402549518	NA
PCC	-0.34464689238073454	60.38219215247814	NA	8.347323858836463	NA
PCC	-0.34464689238073454	60.55823352901597	NA	8.331280671221785	NA
PCC	-0.34464689238073454	60.73427490555381	NA	8.3153599711173	NA
PCC	-0.34464689238073454	60.91031628209165	NA	8.299557468048516	NA
PCC	-0.34464689238073454	61.08635765862949	NA	8.283869063376782	NA
PCC	-0.34464689238073454	61.26239903516732	NA	8.26829084149989	NA
PCC	-0.34464689238073454	61.43844041170516	NA	8.252819061457206	NA
PCC	-0.34464689238073454	61.614481788243	NA	8.23745014892076	NA
PCC	-0.34464689238073454	61.790523164780836	NA	8.222180688554532	NA
PCC	-0.34464689238073454	61.966564541318675	NA	8.207007416724986	NA
PCC	-0.34464689238073454	62.14260591785651	NA	8.191927214546814	NA
PCC	-0.34464689238073454	62.318647294394346	NA	8.176937101248226	NA
PCC	-0.34464689238073454	62.494688670932184	NA	8.162034227841433	NA
PCC	-0.34464689238073454	62.67073004747002	NA	8.147215871083976	NA
PCC	-0.34464689238073454	62.84464689238074	8.387913991964448	8.132656817774714	0.8117140878636057
PCC	-0.34464689238073454	62.846771424007855	NA	8.132479427717708	NA
PCC	-0.34464689238073454	63.022812800545694	NA	8.11782240897262	NA
PCC	-0.34464689238073454	63.19885417708353	NA	8.10324243532326	NA
PCC	-0.34464689238073454	63.37489555362137	NA	8.088737231486338	NA
PCC	-0.34464689238073454	63.5509369301592	NA	8.074304621648077	NA
PCC	-0.34464689238073454	63.72697830669704	NA	8.059942524911133	NA
PCC	-0.34464689238073454	63.90301968323488	NA	8.04564895187434	NA
PCC	-0.34464689238073454	64.07906105977271	NA	8.031422006651454	NA
PCC	-0.34464689238073454	64.25510243631055	NA	8.01725985835734	NA
PCC	-0.34464689238073454	64.43114381284839	NA	8.00316076430709	NA
PCC	-0.34464689238073454	64.60718518938623	NA	7.98912305691777	NA
PCC	-0.34464689238073454	64.78322656592407	NA	7.975145140275359	NA
PCC	-0.34464689238073454	64.9592679424619	NA	7.961225486859429	NA
PCC	-0.34464689238073454	65.13530931899975	NA	7.947362634418426	NA
PCC	-0.34464689238073454	65.31135069553758	NA	7.933555182988448	NA
PCC	-0.34464689238073454	65.48739207207541	NA	7.919801792049153	NA
PCC	-0.34464689238073454	65.66343344861325	NA	7.906101177810276	NA
PCC	-0.34464689238073454	65.83947482515109	NA	7.892452110622913	NA
PCC	-0.34464689238073454	66.01551620168892	NA	7.878853412509712	NA
PCC	-0.34464689238073454	66.19155757822676	NA	7.865303954808616	NA
PCC	-0.34464689238073454	66.3675989547646	NA	7.851802655924802	NA
PCC	-0.34464689238073454	66.54364033130244	NA	7.838348479185986	NA
PCC	-0.34464689238073454	66.71968170784028	NA	7.8249404307962545	NA
PCC	-0.34464689238073454	66.8957230843781	NA	7.811577557883873	NA
PCC	-0.34464689238073454	67.07176446091594	NA	7.798258946638833	NA
PCC	-0.34464689238073454	67.24780583745378	NA	7.78498372053595	NA
PCC	-0.34464689238073454	67.42384721399162	NA	7.771751038639578	NA
PCC	-0.34464689238073454	67.59988859052946	NA	7.75856009398622	NA
PCC	-0.34464689238073454	67.7759299670673	NA	7.745410112041467	NA
PCC	-0.34464689238073454	67.84464689238074	7.9010692510896785	7.7402880178904905	0.7789040092418946
PCC	-0.34464689238073454	67.95197134360514	NA	7.732300349227734	NA
PCC	-0.34464689238073454	68.12801272014298	NA	7.719230091519686	NA
PCC	-0.34464689238073454	68.30405409668082	NA	7.706198653104169	NA
PCC	-0.34464689238073454	68.48009547321864	NA	7.693205375101695	NA
PCC	-0.34464689238073454	68.65613684975648	NA	7.68024962434658	NA
PCC	-0.34464689238073454	68.83217822629432	NA	7.66733079222321	NA
PCC	-0.34464689238073454	69.00821960283216	NA	7.654448293555634	NA
PCC	-0.34464689238073454	69.18426097937	NA	7.64160156554823	NA
PCC	-0.34464689238073454	69.36030235590783	NA	7.628790066774941	NA
PCC	-0.34464689238073454	69.53634373244567	NA	7.6160132762149875	NA
PCC	-0.34464689238073454	69.71238510898351	NA	7.603270692332778	NA
PCC	-0.34464689238073454	69.88842648552134	NA	7.590561832200111	NA
PCC	-0.34464689238073454	70.06446786205917	NA	7.577886230658627	NA
PCC	-0.34464689238073454	70.24050923859701	NA	7.565243439520731	NA
PCC	-0.34464689238073454	70.41655061513485	NA	7.552633026807187	NA
PCC	-0.34464689238073454	70.59259199167269	NA	7.5400545760196565	NA
PCC	-0.34464689238073454	70.76863336821053	NA	7.527507685446675	NA
PCC	-0.34464689238073454	70.94467474474837	NA	7.514991967501445	NA
PCC	-0.34464689238073454	71.12071612128621	NA	7.502507048089999	NA
PCC	-0.34464689238073454	71.29675749782405	NA	7.490052566008348	NA
PCC	-0.34464689238073454	71.47279887436187	NA	7.4776281723673055	NA
PCC	-0.34464689238073454	71.64884025089971	NA	7.465233530043649	NA
PCC	-0.34464689238073454	71.82488162743755	NA	7.452868313156497	NA
PCC	-0.34464689238073454	72.00092300397539	NA	7.440532209762874	NA
PCC	-0.34464689238073454	72.17696438051323	NA	7.428224912915928	NA
PCC	-0.34464689238073454	72.35300575705106	NA	7.41594612634791	NA
PCC	-0.34464689238073454	72.5290471335889	NA	7.403695564378713	NA
PCC	-0.34464689238073454	72.70508851012674	NA	7.391472950290907	NA
PCC	-0.34464689238073454	72.84464689238074	7.496477162611713	7.381803057536015	0.7499645091505566
PCC	-0.34464689238073454	72.88112988666457	NA	7.37927801593453	NA
PCC	-0.34464689238073454	73.0571712632024	NA	7.367110501350092	NA
PCC	-0.34464689238073454	73.23321263974024	NA	7.354970154408759	NA
PCC	-0.34464689238073454	73.40925401627808	NA	7.342856730469039	NA
PCC	-0.34464689238073454	73.58529539281592	NA	7.330769992049235	NA
PCC	-0.34464689238073454	73.76133676935376	NA	7.31870970851478	NA
PCC	-0.34464689238073454	73.9373781458916	NA	7.30667565578003	NA
PCC	-0.34464689238073454	74.11341952242944	NA	7.294667616023586	NA
PCC	-0.34464689238073454	74.28946089896728	NA	7.282685377416666	NA
PCC	-0.34464689238073454	74.4655022755051	NA	7.270728733863953	NA
PCC	-0.34464689238073454	74.64154365204294	NA	7.258797484756229	NA
PCC	-0.34464689238073454	74.81758502858078	NA	7.2468914347343425	NA
PCC	-0.34464689238073454	74.99362640511862	NA	7.235010393463989	NA
PCC	-0.34464689238073454	75.16966778165646	NA	7.223154175420731	NA
PCC	-0.34464689238073454	75.3457091581943	NA	7.211322599684867	NA
PCC	-0.34464689238073454	75.52175053473213	NA	7.199515489745693	NA
PCC	-0.34464689238073454	75.69779191126997	NA	7.187732673314654	NA
PCC	-0.34464689238073454	75.8738332878078	NA	7.175973982147048	NA
PCC	-0.34464689238073454	76.04987466434564	NA	7.16423925187184	NA
PCC	-0.34464689238073454	76.22591604088348	NA	7.152528321829297	NA
PCC	-0.34464689238073454	76.40195741742131	NA	7.140841034915961	NA
PCC	-0.34464689238073454	76.57799879395915	NA	7.129177237436695	NA
PCC	-0.34464689238073454	76.75404017049699	NA	7.117536778963517	NA
PCC	-0.34464689238073454	76.93008154703483	NA	7.105919512200825	NA
PCC	-0.34464689238073454	77.10612292357267	NA	7.094325292856746	NA
PCC	-0.34464689238073454	77.28216430011051	NA	7.082753979520367	NA
PCC	-0.34464689238073454	77.45820567664833	NA	7.071205433544545	NA
PCC	-0.34464689238073454	77.63424705318617	NA	7.059679518934018	NA
PCC	-0.34464689238073454	77.81028842972401	NA	7.048176102238621	NA
PCC	-0.34464689238073454	77.84464689238074	7.445620963989669	7.045933554382372	0.7251953667779288
PCC	-0.34464689238073454	77.98632980626185	NA	7.03669505245136	NA
PCC	-0.34464689238073454	78.16237118279969	NA	7.025236240911105	NA
PCC	-0.34464689238073454	78.33841255933753	NA	7.013799541209652	NA
PCC	-0.34464689238073454	78.51445393587537	NA	7.002384829103075	NA
PCC	-0.34464689238073454	78.6904953124132	NA	6.990991982427032	NA
PCC	-0.34464689238073454	78.86653668895104	NA	6.979620881015944	NA
PCC	-0.34464689238073454	79.04257806548887	NA	6.968271406625807	NA
PCC	-0.34464689238073454	79.21861944202671	NA	6.956943442860489	NA
PCC	-0.34464689238073454	79.39466081856455	NA	6.945636875101397	NA
PCC	-0.34464689238073454	79.57070219510238	NA	6.934351590440258	NA
PCC	-0.34464689238073454	79.74674357164022	NA	6.923087477615004	NA
PCC	-0.34464689238073454	79.92278494817806	NA	6.9118444281106095	NA
PCC	-0.34464689238073454	80.0988263247159	NA	6.900622334625817	NA
PCC	-0.34464689238073454	80.27486770125374	NA	6.889421088436767	NA
PCC	-0.34464689238073454	80.45090907779156	NA	6.878240584281035	NA
PCC	-0.34464689238073454	80.6269504543294	NA	6.867080718262369	NA
PCC	-0.34464689238073454	80.80299183086724	NA	6.8559413878020035	NA
PCC	-0.34464689238073454	80.97903320740508	NA	6.844822491592192	NA
PCC	-0.34464689238073454	81.15507458394292	NA	6.833723929551747	NA
PCC	-0.34464689238073454	81.33111596048076	NA	6.822645602783653	NA
PCC	-0.34464689238073454	81.5071573370186	NA	6.8115874135344825	NA
PCC	-0.34464689238073454	81.68319871355644	NA	6.800549265155706	NA
PCC	-0.34464689238073454	81.85924009009427	NA	6.789531062066659	NA
PCC	-0.34464689238073454	82.0352814666321	NA	6.778532709719204	NA
PCC	-0.34464689238073454	82.21132284316994	NA	6.767554114563899	NA
PCC	-0.34464689238073454	82.38736421970778	NA	6.756595184017767	NA
PCC	-0.34464689238073454	82.56340559624562	NA	6.7456558264333895	NA
PCC	-0.34464689238073454	82.73944697278345	NA	6.734735951069409	NA
PCC	-0.34464689238073454	82.84464689238074	7.175413404605451	6.728219646408046	0.7021197486030172
PCC	-0.34464689238073454	82.9154883493213	NA	6.723835468062363	NA
PCC	-0.34464689238073454	83.09152972585913	NA	6.712954288399686	NA
PCC	-0.34464689238073454	83.26757110239697	NA	6.702092323893979	NA
PCC	-0.34464689238073454	83.4436124789348	NA	6.691249487158336	NA
PCC	-0.34464689238073454	83.61965385547263	NA	6.680425691582808	NA
PCC	-0.34464689238073454	83.79569523201047	NA	6.669620851311863	NA
PCC	-0.34464689238073454	83.97173660854831	NA	6.658834881222833	NA
PCC	-0.34464689238073454	84.14777798508615	NA	6.648067696905307	NA
PCC	-0.34464689238073454	84.32381936162399	NA	6.637319214641407	NA
PCC	-0.34464689238073454	84.49986073816183	NA	6.626589351386948	NA
PCC	-0.34464689238073454	84.67590211469967	NA	6.615878024753344	NA
PCC	-0.34464689238073454	84.8519434912375	NA	6.605185152990391	NA
PCC	-0.34464689238073454	85.02798486777533	NA	6.594510654969694	NA
PCC	-0.34464689238073454	85.20402624431317	NA	6.583854450168867	NA
PCC	-0.34464689238073454	85.38006762085101	NA	6.573216458656387	NA
PCC	-0.34464689238073454	85.55610899738885	NA	6.562596601077075	NA
PCC	-0.34464689238073454	85.73215037392669	NA	6.551994798638233	NA
PCC	-0.34464689238073454	85.90819175046452	NA	6.541410973096331	NA
PCC	-0.34464689238073454	86.08423312700236	NA	6.530845046744263	NA
PCC	-0.34464689238073454	86.2602745035402	NA	6.520296942399167	NA
PCC	-0.34464689238073454	86.43631588007803	NA	6.50976658339071	NA
PCC	-0.34464689238073454	86.61235725661587	NA	6.499253893549876	NA
PCC	-0.34464689238073454	86.7883986331537	NA	6.488758797198266	NA
PCC	-0.34464689238073454	86.96444000969154	NA	6.4782812191377275	NA
PCC	-0.34464689238073454	87.14048138622938	NA	6.467821084640569	NA
PCC	-0.34464689238073454	87.31652276276722	NA	6.457378319440015	NA
PCC	-0.34464689238073454	87.49256413930506	NA	6.446952849721179	NA
PCC	-0.34464689238073454	87.6686055158429	NA	6.4365446021123125	NA
PCC	-0.34464689238073454	87.84464689238074	7.065151341207207	6.426126165374945	0.6823460271913812
Parietal	-0.34464689238073454	0	0	-1.808547555343549e-14	0
Parietal	-0.34464689238073454	0.17604137653783714	NA	2.5139432402923252e-5	NA
Parietal	-0.34464689238073454	0.35208275307567427	NA	6.214767499848259e-5	NA
Parietal	-0.34464689238073454	0.5281241296135114	NA	4.4840520472236246e-4	NA
Parietal	-0.34464689238073454	0.5946468923807345	0.00462814348853285	6.937876833128582e-4	0.4979955609317893
Parietal	-0.34464689238073454	0.7041655061513485	NA	0.0011801912060337223	NA
Parietal	-0.34464689238073454	0.8802068826891857	NA	0.22251005762574536	NA
Parietal	-0.34464689238073454	1.0562482592270228	NA	1.5489428356509252	NA
Parietal	-0.34464689238073454	1.0946468923807346	0.9957043609595416	1.9078367891398533	0.5935966379574875
Parietal	-0.34464689238073454	1.23228963576486	NA	3.4166956626740954	NA
Parietal	-0.34464689238073454	1.408331012302697	NA	5.856167877390597	NA
Parietal	-0.34464689238073454	1.584372388840534	NA	8.565710163953394	NA
Parietal	-0.34464689238073454	1.5946468923807346	7.875014730055288	8.715658178845782	0.7747364380991829
Parietal	-0.34464689238073454	1.7604137653783714	NA	11.17781723267594	NA
Parietal	-0.34464689238073454	1.9364551419162086	NA	14.056842520144432	NA
Parietal	-0.34464689238073454	2.0946468923807346	17.261000630012838	16.934600645253294	0.9046305710011072
Parietal	-0.34464689238073454	2.1124965184540456	NA	17.273384561059256	NA
Parietal	-0.34464689238073454	2.2885378949918826	NA	20.763933021270017	NA
Parietal	-0.34464689238073454	2.46457927152972	NA	24.506938549153105	NA
Parietal	-0.34464689238073454	2.5946468923807346	27.75371144713821	27.02062250166477	1.0084564834937169
Parietal	-0.34464689238073454	2.640620648067557	NA	27.878176805502914	NA
Parietal	-0.34464689238073454	2.816662024605394	NA	31.047019080873447	NA
Parietal	-0.34464689238073454	2.992703401143231	NA	32.75422946661245	NA
Parietal	-0.34464689238073454	3.0946468923807346	33.36600548497601	33.103938757673156	1.05184710143084
Parietal	-0.34464689238073454	3.168744777681068	NA	33.21597246830637	NA
Parietal	-0.34464689238073454	3.3447861542189057	NA	33.711988250607476	NA
Parietal	-0.34464689238073454	3.5208275307567427	NA	33.822796357946594	NA
Parietal	-0.34464689238073454	3.6968689072945797	NA	33.83070576356985	NA
Parietal	-0.34464689238073454	3.8446468923807346	33.866831039706426	33.84473952092151	1.2771234363638424
Parietal	-0.34464689238073454	3.872910283832417	NA	33.84062501407028	NA
Parietal	-0.34464689238073454	4.048951660370254	NA	33.76700802110956	NA
Parietal	-0.34464689238073454	4.224993036908091	NA	33.61274644569122	NA
Parietal	-0.34464689238073454	4.401034413445928	NA	33.38061712114536	NA
Parietal	-0.34464689238073454	4.577075789983765	NA	33.073286663806705	NA
Parietal	-0.34464689238073454	4.753117166521602	NA	32.69331589840722	NA
Parietal	-0.34464689238073454	4.844646892380735	31.879227384489617	32.4679000321239	1.2409533465925953
Parietal	-0.34464689238073454	4.92915854305944	NA	32.243164105629944	NA
Parietal	-0.34464689238073454	5.105199919597277	NA	31.725193098970717	NA
Parietal	-0.34464689238073454	5.281241296135114	NA	31.141671137767865	NA
Parietal	-0.34464689238073454	5.457282672672951	NA	30.58669501747001	NA
Parietal	-0.34464689238073454	5.633324049210788	NA	30.06434825175675	NA
Parietal	-0.34464689238073454	5.809365425748625	NA	29.556944131012713	NA
Parietal	-0.34464689238073454	5.844646892380735	29.1101584889057	29.45698866863742	1.1990027673150705
Parietal	-0.34464689238073454	5.985406802286462	NA	29.0638384175219	NA
Parietal	-0.34464689238073454	6.161448178824299	NA	28.584412894954788	NA
Parietal	-0.34464689238073454	6.337489555362136	NA	28.11807432220841	NA
Parietal	-0.34464689238073454	6.513530931899974	NA	27.664253429291584	NA
Parietal	-0.34464689238073454	6.689572308437811	NA	27.222403953565543	NA
Parietal	-0.34464689238073454	6.865613684975648	NA	26.79200171471803	NA
Parietal	-0.34464689238073454	7.041655061513485	NA	26.372543726914316	NA
Parietal	-0.34464689238073454	7.217696438051322	NA	25.963547346630996	NA
Parietal	-0.34464689238073454	7.344646892380735	25.53001302975417	25.674840414150477	1.4086112960853336
Parietal	-0.34464689238073454	7.3937378145891595	NA	25.564549454738575	NA
Parietal	-0.34464689238073454	7.5697791911269965	NA	25.175105671456254	NA
Parietal	-0.34464689238073454	7.745820567664834	NA	24.79478960285802	NA
Parietal	-0.34464689238073454	7.921861944202671	NA	24.423192117661944	NA
Parietal	-0.34464689238073454	8.097903320740508	NA	24.059921424567822	NA
Parietal	-0.34464689238073454	8.273944697278345	NA	23.704600442382485	NA
Parietal	-0.34464689238073454	8.449986073816182	NA	23.356867318375382	NA
Parietal	-0.34464689238073454	8.62602745035402	NA	23.016375310168044	NA
Parietal	-0.34464689238073454	8.802068826891857	NA	22.682791734954378	NA
Parietal	-0.34464689238073454	8.978110203429694	NA	22.355797404092957	NA
Parietal	-0.34464689238073454	9.15415157996753	NA	22.035086080423586	NA
Parietal	-0.34464689238073454	9.330192956505368	NA	21.720363957394536	NA
Parietal	-0.34464689238073454	9.344646892380734	21.80020190545809	21.69478068448374	1.3144617490295751
Parietal	-0.34464689238073454	9.506234333043205	NA	21.41134915912418	NA
Parietal	-0.34464689238073454	9.682275709581042	NA	21.10777126055567	NA
Parietal	-0.34464689238073454	9.85831708611888	NA	20.809370826896792	NA
Parietal	-0.34464689238073454	10.034358462656717	NA	20.515898971570557	NA
Parietal	-0.34464689238073454	10.210399839194555	NA	20.227128686683084	NA
Parietal	-0.34464689238073454	10.386441215732392	NA	19.952562371183586	NA
Parietal	-0.34464689238073454	10.562482592270229	NA	19.689086499578785	NA
Parietal	-0.34464689238073454	10.738523968808066	NA	19.435400010501358	NA
Parietal	-0.34464689238073454	10.914565345345903	NA	19.191101062303776	NA
Parietal	-0.34464689238073454	11.09060672188374	NA	18.95580398799693	NA
Parietal	-0.34464689238073454	11.266648098421577	NA	18.729138645134213	NA
Parietal	-0.34464689238073454	11.442689474959414	NA	18.510749791823045	NA
Parietal	-0.34464689238073454	11.61873085149725	NA	18.30029648781404	NA
Parietal	-0.34464689238073454	11.794772228035088	NA	18.097451519659835	NA
Parietal	-0.34464689238073454	11.970813604572925	NA	17.901900848976315	NA
Parietal	-0.34464689238073454	12.146854981110762	NA	17.71334308287777	NA
Parietal	-0.34464689238073454	12.322896357648599	NA	17.531488965694784	NA
Parietal	-0.34464689238073454	12.498937734186436	NA	17.356060891119707	NA
Parietal	-0.34464689238073454	12.674979110724273	NA	17.186792433958466	NA
Parietal	-0.34464689238073454	12.844646892380734	17.612498344471348	17.029240498222592	1.60001642972666
Parietal	-0.34464689238073454	12.851020487262112	NA	17.02342790070107	NA
Parietal	-0.34464689238073454	13.027061863799949	NA	16.865721898154245	NA
Parietal	-0.34464689238073454	13.203103240337786	NA	16.713438919410564	NA
Parietal	-0.34464689238073454	13.379144616875623	NA	16.566352946457044	NA
Parietal	-0.34464689238073454	13.55518599341346	NA	16.424247068754756	NA
Parietal	-0.34464689238073454	13.731227369951297	NA	16.28691311714753	NA
Parietal	-0.34464689238073454	13.907268746489134	NA	16.15415131248343	NA
Parietal	-0.34464689238073454	14.08331012302697	NA	16.025769928358205	NA
Parietal	-0.34464689238073454	14.259351499564808	NA	15.901584967412726	NA
Parietal	-0.34464689238073454	14.435392876102645	NA	15.781419850639987	NA
Parietal	-0.34464689238073454	14.611434252640482	NA	15.665105119178554	NA
Parietal	-0.34464689238073454	14.787475629178319	NA	15.552478148090959	NA
Parietal	-0.34464689238073454	14.963517005716156	NA	15.443382871645175	NA
Parietal	-0.34464689238073454	15.139558382253993	NA	15.33766951963686	NA
Parietal	-0.34464689238073454	15.31559975879183	NA	15.235194364308821	NA
Parietal	-0.34464689238073454	15.491641135329669	NA	15.134040409481285	NA
Parietal	-0.34464689238073454	15.667682511867506	NA	15.036231404627642	NA
Parietal	-0.34464689238073454	15.843723888405343	NA	14.941677027958036	NA
Parietal	-0.34464689238073454	16.019765264943178	NA	14.850241174665042	NA
Parietal	-0.34464689238073454	16.195806641481017	NA	14.761793289558167	NA
Parietal	-0.34464689238073454	16.371848018018852	NA	14.676207561496437	NA
Parietal	-0.34464689238073454	16.54788939455669	NA	14.593363583550998	NA
Parietal	-0.34464689238073454	16.723930771094526	NA	14.513145803827506	NA
Parietal	-0.34464689238073454	16.899972147632365	NA	14.435443330300357	NA
Parietal	-0.34464689238073454	17.076013524170204	NA	14.360149743490615	NA
Parietal	-0.34464689238073454	17.25205490070804	NA	14.287162916672283	NA
Parietal	-0.34464689238073454	17.428096277245878	NA	14.21638484330434	NA
Parietal	-0.34464689238073454	17.604137653783713	NA	14.147721471398297	NA
Parietal	-0.34464689238073454	17.780179030321552	NA	14.081082544542312	NA
Parietal	-0.34464689238073454	17.844646892380734	14.260394707976255	14.057168386297134	1.4105531070786514
Parietal	-0.34464689238073454	17.956220406859387	NA	14.016381449314661	NA
Parietal	-0.34464689238073454	18.132261783397226	NA	13.953535068829412	NA
Parietal	-0.34464689238073454	18.30830315993506	NA	13.892463642168194	NA
Parietal	-0.34464689238073454	18.4843445364729	NA	13.83309062946129	NA
Parietal	-0.34464689238073454	18.660385913010735	NA	13.77534258239113	NA
Parietal	-0.34464689238073454	18.836427289548574	NA	13.719149019900165	NA
Parietal	-0.34464689238073454	19.01246866608641	NA	13.664442308894106	NA
Parietal	-0.34464689238073454	19.188510042624248	NA	13.611157549739588	NA
Parietal	-0.34464689238073454	19.364551419162083	NA	13.559232466363772	NA
Parietal	-0.34464689238073454	19.540592795699922	NA	13.508607300770787	NA
Parietal	-0.34464689238073454	19.71663417223776	NA	13.45922471179758	NA
Parietal	-0.34464689238073454	19.892675548775596	NA	13.411029677938744	NA
Parietal	-0.34464689238073454	20.068716925313435	NA	13.363969404076911	NA
Parietal	-0.34464689238073454	20.24475830185127	NA	13.317993231961582	NA
Parietal	-0.34464689238073454	20.42079967838911	NA	13.273052554285915	NA
Parietal	-0.34464689238073454	20.596841054926944	NA	13.229100732216718	NA
Parietal	-0.34464689238073454	20.772882431464783	NA	13.186093016239031	NA
Parietal	-0.34464689238073454	20.94892380800262	NA	13.14398647018193	NA
Parietal	-0.34464689238073454	21.124965184540457	NA	13.102739898297802	NA
Parietal	-0.34464689238073454	21.301006561078292	NA	13.062313775272395	NA
Parietal	-0.34464689238073454	21.47704793761613	NA	13.022670179047717	NA
Parietal	-0.34464689238073454	21.653089314153966	NA	12.983772726344899	NA
Parietal	-0.34464689238073454	21.829130690691805	NA	12.945586510778488	NA
Parietal	-0.34464689238073454	22.00517206722964	NA	12.908078043457861	NA
Parietal	-0.34464689238073454	22.18121344376748	NA	12.87121519597606	NA
Parietal	-0.34464689238073454	22.357254820305315	NA	12.834967145689896	NA
Parietal	-0.34464689238073454	22.533296196843153	NA	12.799304323199316	NA
Parietal	-0.34464689238073454	22.709337573380992	NA	12.76419836193767	NA
Parietal	-0.34464689238073454	22.844646892380734	12.79192089405846	12.737576452043204	1.287011358274444
Parietal	-0.34464689238073454	22.885378949918827	NA	12.729622049788004	NA
Parietal	-0.34464689238073454	23.061420326456666	NA	12.69554928264395	NA
Parietal	-0.34464689238073454	23.2374617029945	NA	12.661955019837123	NA
Parietal	-0.34464689238073454	23.41350307953234	NA	12.628815241355923	NA
Parietal	-0.34464689238073454	23.589544456070175	NA	12.59610690678378	NA
Parietal	-0.34464689238073454	23.765585832608014	NA	12.563807915887855	NA
Parietal	-0.34464689238073454	23.94162720914585	NA	12.53189707079163	NA
Parietal	-0.34464689238073454	24.11766858568369	NA	12.50035408795913	NA
Parietal	-0.34464689238073454	24.293709962221524	NA	12.469159417867013	NA
Parietal	-0.34464689238073454	24.469751338759362	NA	12.438294352894806	NA
Parietal	-0.34464689238073454	24.645792715297198	NA	12.407740956154068	NA
Parietal	-0.34464689238073454	24.821834091835036	NA	12.377482025577839	NA
Parietal	-0.34464689238073454	24.99787546837287	NA	12.347501064347567	NA
Parietal	-0.34464689238073454	25.17391684491071	NA	12.317782252508549	NA
Parietal	-0.34464689238073454	25.349958221448546	NA	12.288310419726297	NA
Parietal	-0.34464689238073454	25.525999597986385	NA	12.259071019137895	NA
Parietal	-0.34464689238073454	25.702040974524223	NA	12.230050102254367	NA
Parietal	-0.34464689238073454	25.87808235106206	NA	12.201234294871803	NA
Parietal	-0.34464689238073454	26.054123727599897	NA	12.172610773950712	NA
Parietal	-0.34464689238073454	26.230165104137733	NA	12.144167245424681	NA
Parietal	-0.34464689238073454	26.40620648067557	NA	12.115891922900976	NA
Parietal	-0.34464689238073454	26.582247857213407	NA	12.087773507217324	NA
Parietal	-0.34464689238073454	26.758289233751245	NA	12.05980116682034	NA
Parietal	-0.34464689238073454	26.93433061028908	NA	12.03196451893264	NA
Parietal	-0.34464689238073454	27.11037198682692	NA	12.00425361147693	NA
Parietal	-0.34464689238073454	27.286413363364755	NA	11.976658905726921	NA
Parietal	-0.34464689238073454	27.462454739902594	NA	11.949171259655035	NA
Parietal	-0.34464689238073454	27.63849611644043	NA	11.921781911950033	NA
Parietal	-0.34464689238073454	27.814537492978268	NA	11.894482466676786	NA
Parietal	-0.34464689238073454	27.844646892380734	11.718356062523824	11.889821695537503	1.1896174610375203
Parietal	-0.34464689238073454	27.990578869516103	NA	11.86726487855274	NA
Parietal	-0.34464689238073454	28.16662024605394	NA	11.840121438816185	NA
Parietal	-0.34464689238073454	28.34266162259178	NA	11.813044761662628	NA
Parietal	-0.34464689238073454	28.518702999129616	NA	11.786027771226351	NA
Parietal	-0.34464689238073454	28.694744375667455	NA	11.759063689085297	NA
Parietal	-0.34464689238073454	28.87078575220529	NA	11.732146022268207	NA
Parietal	-0.34464689238073454	29.04682712874313	NA	11.705268551743913	NA
Parietal	-0.34464689238073454	29.222868505280964	NA	11.678425321373306	NA
Parietal	-0.34464689238073454	29.398909881818803	NA	11.651610627305375	NA
Parietal	-0.34464689238073454	29.574951258356638	NA	11.62481900779966	NA
Parietal	-0.34464689238073454	29.750992634894477	NA	11.598045233457704	NA
Parietal	-0.34464689238073454	29.927034011432312	NA	11.571284297847281	NA
Parietal	-0.34464689238073454	30.10307538797015	NA	11.544531408503513	NA
Parietal	-0.34464689238073454	30.279116764507986	NA	11.51783070979732	NA
Parietal	-0.34464689238073454	30.455158141045825	NA	11.491525865359478	NA
Parietal	-0.34464689238073454	30.63119951758366	NA	11.465657409696632	NA
Parietal	-0.34464689238073454	30.8072408941215	NA	11.440205994914502	NA
Parietal	-0.34464689238073454	30.983282270659338	NA	11.415153056079081	NA
Parietal	-0.34464689238073454	31.159323647197173	NA	11.390480779734219	NA
Parietal	-0.34464689238073454	31.33536502373501	NA	11.366172073684506	NA
Parietal	-0.34464689238073454	31.511406400272847	NA	11.342210537992583	NA
Parietal	-0.34464689238073454	31.687447776810686	NA	11.318580437142057	NA
Parietal	-0.34464689238073454	31.86348915334852	NA	11.29526667331929	NA
Parietal	-0.34464689238073454	32.039530529886356	NA	11.272254784722115	NA
Parietal	-0.34464689238073454	32.215571906424195	NA	11.24953086591029	NA
Parietal	-0.34464689238073454	32.391613282962034	NA	11.227081561718485	NA
Parietal	-0.34464689238073454	32.56765465949987	NA	11.204894079035794	NA
Parietal	-0.34464689238073454	32.743696036037704	NA	11.182956144119917	NA
Parietal	-0.34464689238073454	32.84464689238074	10.978983267516217	11.170483774510561	1.10923284673891
Parietal	-0.34464689238073454	32.91973741257554	NA	11.161255981708841	NA
Parietal	-0.34464689238073454	33.09577878911338	NA	11.139782294972017	NA
Parietal	-0.34464689238073454	33.27182016565122	NA	11.118524246267249	NA
Parietal	-0.34464689238073454	33.44786154218905	NA	11.09747143867106	NA
Parietal	-0.34464689238073454	33.62390291872689	NA	11.076613898251358	NA
Parietal	-0.34464689238073454	33.79994429526473	NA	11.05594205705259	NA
Parietal	-0.34464689238073454	33.97598567180257	NA	11.035446736764683	NA
Parietal	-0.34464689238073454	34.15202704834041	NA	11.015119133048469	NA
Parietal	-0.34464689238073454	34.32806842487824	NA	10.994950800491	NA
Parietal	-0.34464689238073454	34.50410980141608	NA	10.97493363816556	NA
Parietal	-0.34464689238073454	34.68015117795392	NA	10.955059875772086	NA
Parietal	-0.34464689238073454	34.856192554491756	NA	10.93532206033459	NA
Parietal	-0.34464689238073454	35.03223393102959	NA	10.915713043433252	NA
Parietal	-0.34464689238073454	35.208275307567426	NA	10.896225968949667	NA
Parietal	-0.34464689238073454	35.384316684105265	NA	10.8768542613047	NA
Parietal	-0.34464689238073454	35.560358060643104	NA	10.85759161416901	NA
Parietal	-0.34464689238073454	35.736399437180935	NA	10.838431979627378	NA
Parietal	-0.34464689238073454	35.912440813718774	NA	10.819369557778556	NA
Parietal	-0.34464689238073454	36.08848219025661	NA	10.800398786753096	NA
Parietal	-0.34464689238073454	36.26452356679445	NA	10.781514333132417	NA
Parietal	-0.34464689238073454	36.440564943332284	NA	10.762711082752949	NA
Parietal	-0.34464689238073454	36.61660631987012	NA	10.74398413187994	NA
Parietal	-0.34464689238073454	36.79264769640796	NA	10.725328778735912	NA
Parietal	-0.34464689238073454	36.9686890729458	NA	10.706740515369747	NA
Parietal	-0.34464689238073454	37.14473044948364	NA	10.688215019852512	NA
Parietal	-0.34464689238073454	37.32077182602147	NA	10.669748148786955	NA
Parietal	-0.34464689238073454	37.49681320255931	NA	10.651335930118178	NA
Parietal	-0.34464689238073454	37.67285457909715	NA	10.632974556233126	NA
Parietal	-0.34464689238073454	37.84464689238074	10.33971130813993	10.615101901564271	1.0403325146640467
Parietal	-0.34464689238073454	37.84889595563499	NA	10.614660377337637	NA
Parietal	-0.34464689238073454	38.02493733217282	NA	10.596389895099497	NA
Parietal	-0.34464689238073454	38.20097870871066	NA	10.578159756547157	NA
Parietal	-0.34464689238073454	38.377020085248496	NA	10.559966748213682	NA
Parietal	-0.34464689238073454	38.553061461786335	NA	10.54180779051601	NA
Parietal	-0.34464689238073454	38.72910283832417	NA	10.523679932360242	NA
Parietal	-0.34464689238073454	38.905144214862005	NA	10.50558034596371	NA
Parietal	-0.34464689238073454	39.081185591399844	NA	10.487506321885224	NA
Parietal	-0.34464689238073454	39.25722696793768	NA	10.469455264255059	NA
Parietal	-0.34464689238073454	39.43326834447552	NA	10.451424686196699	NA
Parietal	-0.34464689238073454	39.609309721013354	NA	10.43341220543265	NA
Parietal	-0.34464689238073454	39.78535109755119	NA	10.41541554006682	NA
Parietal	-0.34464689238073454	39.96139247408903	NA	10.39743250485623	NA
Parietal	-0.34464689238073454	40.13743385062687	NA	10.379461007444743	NA
Parietal	-0.34464689238073454	40.3134752271647	NA	10.36149904177641	NA
Parietal	-0.34464689238073454	40.48951660370254	NA	10.343544688632447	NA
Parietal	-0.34464689238073454	40.66555798024038	NA	10.325596110496415	NA
Parietal	-0.34464689238073454	40.84159935677822	NA	10.307651548257294	NA
Parietal	-0.34464689238073454	41.01764073331605	NA	10.289709318044661	NA
Parietal	-0.34464689238073454	41.19368210985389	NA	10.271767808191465	NA
Parietal	-0.34464689238073454	41.36972348639173	NA	10.25382547631877	NA
Parietal	-0.34464689238073454	41.545764862929566	NA	10.235880846537695	NA
Parietal	-0.34464689238073454	41.7218062394674	NA	10.217932506763857	NA
Parietal	-0.34464689238073454	41.89784761600524	NA	10.199979106139773	NA
Parietal	-0.34464689238073454	42.073888992543075	NA	10.182019352560912	NA
Parietal	-0.34464689238073454	42.249930369080914	NA	10.16405201030118	NA
Parietal	-0.34464689238073454	42.42597174561875	NA	10.146075897733928	NA
Parietal	-0.34464689238073454	42.602013122156585	NA	10.128089885144526	NA
Parietal	-0.34464689238073454	42.778054498694424	NA	10.11009289263091	NA
Parietal	-0.34464689238073454	42.84464689238074	9.858246257565272	10.103281974478298	0.9806967120621216
Parietal	-0.34464689238073454	42.95409587523226	NA	10.092083888088574	NA
Parietal	-0.34464689238073454	43.1301372517701	NA	10.074061885276524	NA
Parietal	-0.34464689238073454	43.30617862830793	NA	10.056025941961062	NA
Parietal	-0.34464689238073454	43.48222000484577	NA	10.037975158134147	NA
Parietal	-0.34464689238073454	43.65826138138361	NA	10.019908674303432	NA
Parietal	-0.34464689238073454	43.83430275792145	NA	10.001825669851051	NA
Parietal	-0.34464689238073454	44.01034413445928	NA	9.983725361458417	NA
Parietal	-0.34464689238073454	44.18638551099712	NA	9.965607001594316	NA
Parietal	-0.34464689238073454	44.36242688753496	NA	9.947469877063913	NA
Parietal	-0.34464689238073454	44.5384682640728	NA	9.929313307615931	NA
Parietal	-0.34464689238073454	44.71450964061063	NA	9.911136644606032	NA
Parietal	-0.34464689238073454	44.89055101714847	NA	9.892939269713805	NA
Parietal	-0.34464689238073454	45.06659239368631	NA	9.874720593711459	NA
Parietal	-0.34464689238073454	45.242633770224145	NA	9.856480055281978	NA
Parietal	-0.34464689238073454	45.418675146761984	NA	9.83843495647504	NA
Parietal	-0.34464689238073454	45.594716523299816	NA	9.82072038950265	NA
Parietal	-0.34464689238073454	45.770757899837655	NA	9.803211129825485	NA
Parietal	-0.34464689238073454	45.946799276375494	NA	9.785898774759351	NA
Parietal	-0.34464689238073454	46.12284065291333	NA	9.768775259767358	NA
Parietal	-0.34464689238073454	46.298882029451164	NA	9.751832844868792	NA
Parietal	-0.34464689238073454	46.474923405989	NA	9.735064101594169	NA
Parietal	-0.34464689238073454	46.65096478252684	NA	9.718461900464625	NA
Parietal	-0.34464689238073454	46.82700615906468	NA	9.70201939897439	NA
Parietal	-0.34464689238073454	47.00304753560251	NA	9.685730030056382	NA
Parietal	-0.34464689238073454	47.17908891214035	NA	9.6695874910112	NA
Parietal	-0.34464689238073454	47.35513028867819	NA	9.653585732881176	NA
Parietal	-0.34464689238073454	47.53117166521603	NA	9.63771895025143	NA
Parietal	-0.34464689238073454	47.70721304175386	NA	9.621981571460756	NA
Parietal	-0.34464689238073454	47.84464689238074	9.435254899663224	9.609782133215386	0.9299535001547254
Parietal	-0.34464689238073454	47.8832544182917	NA	9.606368249206096	NA
Parietal	-0.34464689238073454	48.05929579482954	NA	9.590873865749359	NA
Parietal	-0.34464689238073454	48.23533717136738	NA	9.575493483439676	NA
Parietal	-0.34464689238073454	48.411378547905215	NA	9.560222372164734	NA
Parietal	-0.34464689238073454	48.58741992444305	NA	9.545055995507816	NA
Parietal	-0.34464689238073454	48.763461300980886	NA	9.529989999797202	NA
Parietal	-0.34464689238073454	48.939502677518725	NA	9.51502020676062	NA
Parietal	-0.34464689238073454	49.115544054056564	NA	9.500142606474846	NA
Parietal	-0.34464689238073454	49.291585430594395	NA	9.485353350598654	NA
Parietal	-0.34464689238073454	49.467626807132234	NA	9.470648745877806	NA
Parietal	-0.34464689238073454	49.64366818367007	NA	9.456025247910986	NA
Parietal	-0.34464689238073454	49.81970956020791	NA	9.4414794551663	NA
Parietal	-0.34464689238073454	49.99575093674574	NA	9.427008103238276	NA
Parietal	-0.34464689238073454	50.17179231328358	NA	9.412608059335653	NA
Parietal	-0.34464689238073454	50.34783368982142	NA	9.398276316990696	NA
Parietal	-0.34464689238073454	50.52387506635926	NA	9.38400999098116	NA
Parietal	-0.34464689238073454	50.69991644289709	NA	9.369806312456298	NA
Parietal	-0.34464689238073454	50.87595781943493	NA	9.355662624258816	NA
Parietal	-0.34464689238073454	51.05199919597277	NA	9.341576376434766	NA
Parietal	-0.34464689238073454	51.22804057251061	NA	9.32754512192397	NA
Parietal	-0.34464689238073454	51.40408194904845	NA	9.31356651242355	NA
Parietal	-0.34464689238073454	51.58012332558628	NA	9.299638294417795	NA
Parietal	-0.34464689238073454	51.75616470212412	NA	9.285758305367532	NA
Parietal	-0.34464689238073454	51.932206078661956	NA	9.271924470052653	NA
Parietal	-0.34464689238073454	52.108247455199795	NA	9.258134797061652	NA
Parietal	-0.34464689238073454	52.284288831737626	NA	9.244387375422233	NA
Parietal	-0.34464689238073454	52.460330208275465	NA	9.230680371367326	NA
Parietal	-0.34464689238073454	52.636371584813304	NA	9.217012025231089	NA
Parietal	-0.34464689238073454	52.81241296135114	NA	9.203380648469679	NA
Parietal	-0.34464689238073454	52.84464689238074	9.049655827130588	9.200888550183205	0.88530688396593
Parietal	-0.34464689238073454	52.988454337888975	NA	9.189784620801703	NA
Parietal	-0.34464689238073454	53.16449571442681	NA	9.176222387463648	NA
Parietal	-0.34464689238073454	53.34053709096465	NA	9.162692456575583	NA
Parietal	-0.34464689238073454	53.51657846750249	NA	9.149193396612759	NA
Parietal	-0.34464689238073454	53.69261984404033	NA	9.135723833978815	NA
Parietal	-0.34464689238073454	53.86866122057816	NA	9.1222824506765	NA
Parietal	-0.34464689238073454	54.044702597116	NA	9.10886798207203	NA
Parietal	-0.34464689238073454	54.22074397365384	NA	9.095479214749282	NA
Parietal	-0.34464689238073454	54.39678535019168	NA	9.082114984450302	NA
Parietal	-0.34464689238073454	54.57282672672951	NA	9.068774174098417	NA
Parietal	-0.34464689238073454	54.74886810326735	NA	9.055455711900976	NA
Parietal	-0.34464689238073454	54.92490947980519	NA	9.042158569528262	NA
Parietal	-0.34464689238073454	55.100950856343026	NA	9.028881760365566	NA
Parietal	-0.34464689238073454	55.27699223288086	NA	9.015624337835602	NA
Parietal	-0.34464689238073454	55.453033609418696	NA	9.00238539378827	NA
Parietal	-0.34464689238073454	55.629074985956535	NA	8.98916405695514	NA
Parietal	-0.34464689238073454	55.805116362494374	NA	8.9759594914661	NA
Parietal	-0.34464689238073454	55.981157739032206	NA	8.962770896479265	NA
Parietal	-0.34464689238073454	56.157199115570045	NA	8.949597502754388	NA
Parietal	-0.34464689238073454	56.33324049210788	NA	8.936438570985803	NA
Parietal	-0.34464689238073454	56.50928186864572	NA	8.923293393232901	NA
Parietal	-0.34464689238073454	56.68532324518356	NA	8.910161290383533	NA
Parietal	-0.34464689238073454	56.86136462172139	NA	8.89704161099434	NA
Parietal	-0.34464689238073454	57.03740599825923	NA	8.883933730177631	NA
Parietal	-0.34464689238073454	57.21344737479707	NA	8.870837048533057	NA
Parietal	-0.34464689238073454	57.38948875133491	NA	8.85775099112219	NA
Parietal	-0.34464689238073454	57.56553012787274	NA	8.844675006484275	NA
Parietal	-0.34464689238073454	57.74157150441058	NA	8.831608565691639	NA
Parietal	-0.34464689238073454	57.84464689238074	8.734595378552942	8.823962156495888	0.8456200491680635
Parietal	-0.34464689238073454	57.91761288094842	NA	8.818551161442974	NA
Parietal	-0.34464689238073454	58.09365425748626	NA	8.805502307193127	NA
Parietal	-0.34464689238073454	58.26969563402409	NA	8.7924615363178	NA
Parietal	-0.34464689238073454	58.44573701056193	NA	8.779428401311897	NA
Parietal	-0.34464689238073454	58.621778387099766	NA	8.766402473020051	NA
Parietal	-0.34464689238073454	58.797819763637605	NA	8.75338333989806	NA
Parietal	-0.34464689238073454	58.97386114017544	NA	8.740370607304053	NA
Parietal	-0.34464689238073454	59.149902516713276	NA	8.727363896818126	NA
Parietal	-0.34464689238073454	59.325943893251115	NA	8.714362845589285	NA
Parietal	-0.34464689238073454	59.50198526978895	NA	8.701367105708748	NA
Parietal	-0.34464689238073454	59.67802664632679	NA	8.688376343608287	NA
Parietal	-0.34464689238073454	59.854068022864624	NA	8.675390239482885	NA
Parietal	-0.34464689238073454	60.03010939940246	NA	8.662408486736512	NA
Parietal	-0.34464689238073454	60.2061507759403	NA	8.649484578577244	NA
Parietal	-0.34464689238073454	60.38219215247814	NA	8.636695915307914	NA
Parietal	-0.34464689238073454	60.55823352901597	NA	8.624009812005907	NA
Parietal	-0.34464689238073454	60.73427490555381	NA	8.61142256863582	NA
Parietal	-0.34464689238073454	60.91031628209165	NA	8.598930632608209	NA
Parietal	-0.34464689238073454	61.08635765862949	NA	8.586530592857624	NA
Parietal	-0.34464689238073454	61.26239903516732	NA	8.574219174158605	NA
Parietal	-0.34464689238073454	61.43844041170516	NA	8.561993231670156	NA
Parietal	-0.34464689238073454	61.614481788243	NA	8.549849745699436	NA
Parietal	-0.34464689238073454	61.790523164780836	NA	8.537785816675829	NA
Parietal	-0.34464689238073454	61.966564541318675	NA	8.525798660327112	NA
Parietal	-0.34464689238073454	62.14260591785651	NA	8.513885603049308	NA
Parietal	-0.34464689238073454	62.318647294394346	NA	8.502044077462774	NA
Parietal	-0.34464689238073454	62.494688670932184	NA	8.490271618146764	NA
Parietal	-0.34464689238073454	62.67073004747002	NA	8.478565857545437	NA
Parietal	-0.34464689238073454	62.84464689238074	8.55899863575089	8.46706465711263	0.8117140878636057
Parietal	-0.34464689238073454	62.846771424007855	NA	8.46692452203841	NA
Parietal	-0.34464689238073454	63.022812800545694	NA	8.45534542816919	NA
Parietal	-0.34464689238073454	63.19885417708353	NA	8.443826479025164	NA
Parietal	-0.34464689238073454	63.37489555362137	NA	8.432365660763114	NA
Parietal	-0.34464689238073454	63.5509369301592	NA	8.420961039274298	NA
Parietal	-0.34464689238073454	63.72697830669704	NA	8.409610756983543	NA
Parietal	-0.34464689238073454	63.90301968323488	NA	8.398313030481944	NA
Parietal	-0.34464689238073454	64.07906105977271	NA	8.387066152238836	NA
Parietal	-0.34464689238073454	64.25510243631055	NA	8.375868469079325	NA
Parietal	-0.34464689238073454	64.43114381284839	NA	8.364718400078525	NA
Parietal	-0.34464689238073454	64.60718518938623	NA	8.353614426668381	NA
Parietal	-0.34464689238073454	64.78322656592407	NA	8.342555090135075	NA
Parietal	-0.34464689238073454	64.9592679424619	NA	8.331538989217107	NA
Parietal	-0.34464689238073454	65.13530931899975	NA	8.32056477779978	NA
Parietal	-0.34464689238073454	65.31135069553758	NA	8.309631162702443	NA
Parietal	-0.34464689238073454	65.48739207207541	NA	8.29873690155459	NA
Parietal	-0.34464689238073454	65.66343344861325	NA	8.287880800757282	NA
Parietal	-0.34464689238073454	65.83947482515109	NA	8.27706171352656	NA
Parietal	-0.34464689238073454	66.01551620168892	NA	8.26627853801542	NA
Parietal	-0.34464689238073454	66.19155757822676	NA	8.255530215511284	NA
Parietal	-0.34464689238073454	66.3675989547646	NA	8.244815728705866	NA
Parietal	-0.34464689238073454	66.54364033130244	NA	8.23413410003463	NA
Parietal	-0.34464689238073454	66.71968170784028	NA	8.223484390082895	NA
Parietal	-0.34464689238073454	66.8957230843781	NA	8.212865696056015	NA
Parietal	-0.34464689238073454	67.07176446091594	NA	8.20227715031107	NA
Parietal	-0.34464689238073454	67.24780583745378	NA	8.191717918947482	NA
Parietal	-0.34464689238073454	67.42384721399162	NA	8.181187200454337	NA
Parietal	-0.34464689238073454	67.59988859052946	NA	8.17068422441198	NA
Parietal	-0.34464689238073454	67.7759299670673	NA	8.160208250245905	NA
Parietal	-0.34464689238073454	67.84464689238074	8.219364651176093	8.156126165961359	0.7789040092418946
Parietal	-0.34464689238073454	67.95197134360514	NA	8.149758566030554	NA
Parietal	-0.34464689238073454	68.12801272014298	NA	8.13933448734128	NA
Parietal	-0.34464689238073454	68.30405409668082	NA	8.128935356152466	NA
Parietal	-0.34464689238073454	68.48009547321864	NA	8.118560539779814	NA
Parietal	-0.34464689238073454	68.65613684975648	NA	8.10820942986522	NA
Parietal	-0.34464689238073454	68.83217822629432	NA	8.09788144140241	NA
Parietal	-0.34464689238073454	69.00821960283216	NA	8.087576011801714	NA
Parietal	-0.34464689238073454	69.18426097937	NA	8.077292599992393	NA
Parietal	-0.34464689238073454	69.36030235590783	NA	8.067030685561125	NA
Parietal	-0.34464689238073454	69.53634373244567	NA	8.056789767924982	NA
Parietal	-0.34464689238073454	69.71238510898351	NA	8.046569365537724	NA
Parietal	-0.34464689238073454	69.88842648552134	NA	8.036369015127946	NA
Parietal	-0.34464689238073454	70.06446786205917	NA	8.026188270967841	NA
Parietal	-0.34464689238073454	70.24050923859701	NA	8.016026704171324	NA
Parietal	-0.34464689238073454	70.41655061513485	NA	8.005883902020402	NA
Parietal	-0.34464689238073454	70.59259199167269	NA	7.995759467318548	NA
Parietal	-0.34464689238073454	70.76863336821053	NA	7.985653017770071	NA
Parietal	-0.34464689238073454	70.94467474474837	NA	7.97556418538446	NA
Parietal	-0.34464689238073454	71.12071612128621	NA	7.965492615904599	NA
Parietal	-0.34464689238073454	71.29675749782405	NA	7.955437968257971	NA
Parietal	-0.34464689238073454	71.47279887436187	NA	7.945399914029945	NA
Parietal	-0.34464689238073454	71.64884025089971	NA	7.935378136958159	NA
Parietal	-0.34464689238073454	71.82488162743755	NA	7.9253723324472745	NA
Parietal	-0.34464689238073454	72.00092300397539	NA	7.915382208810991	NA
Parietal	-0.34464689238073454	72.17696438051323	NA	7.90540748227033	NA
Parietal	-0.34464689238073454	72.35300575705106	NA	7.895447879862757	NA
Parietal	-0.34464689238073454	72.5290471335889	NA	7.885503139190812	NA
Parietal	-0.34464689238073454	72.70508851012674	NA	7.875573007374628	NA
Parietal	-0.34464689238073454	72.84464689238074	7.9567835549825565	7.867711032024738	0.7499645091505566
Parietal	-0.34464689238073454	72.88112988666457	NA	7.865657240672523	NA
Parietal	-0.34464689238073454	73.0571712632024	NA	7.855755604116751	NA
Parietal	-0.34464689238073454	73.23321263974024	NA	7.845867871163971	NA
Parietal	-0.34464689238073454	73.40925401627808	NA	7.835993823359678	NA
Parietal	-0.34464689238073454	73.58529539281592	NA	7.8261332500161656	NA
Parietal	-0.34464689238073454	73.76133676935376	NA	7.816285947903391	NA
Parietal	-0.34464689238073454	73.9373781458916	NA	7.80645172095226	NA
Parietal	-0.34464689238073454	74.11341952242944	NA	7.796630379969843	NA
Parietal	-0.34464689238073454	74.28946089896728	NA	7.78682174236602	NA
Parietal	-0.34464689238073454	74.4655022755051	NA	7.7770256318910835	NA
Parietal	-0.34464689238073454	74.64154365204294	NA	7.767241878383891	NA
Parietal	-0.34464689238073454	74.81758502858078	NA	7.757470317530163	NA
Parietal	-0.34464689238073454	74.99362640511862	NA	7.747710790630415	NA
Parietal	-0.34464689238073454	75.16966778165646	NA	7.737963144377278	NA
Parietal	-0.34464689238073454	75.3457091581943	NA	7.72822723064171	NA
Parietal	-0.34464689238073454	75.52175053473213	NA	7.718502906267824	NA
Parietal	-0.34464689238073454	75.69779191126997	NA	7.70879003287593	NA
Parietal	-0.34464689238073454	75.8738332878078	NA	7.699088476673492	NA
Parietal	-0.34464689238073454	76.04987466434564	NA	7.689398108273681	NA
Parietal	-0.34464689238073454	76.22591604088348	NA	7.679718802521186	NA
Parietal	-0.34464689238073454	76.40195741742131	NA	7.670050438325076	NA
Parietal	-0.34464689238073454	76.57799879395915	NA	7.660392898498273	NA
Parietal	-0.34464689238073454	76.75404017049699	NA	7.650746069603573	NA
Parietal	-0.34464689238073454	76.93008154703483	NA	7.641109841805781	NA
Parietal	-0.34464689238073454	77.10612292357267	NA	7.631484108729786	NA
Parietal	-0.34464689238073454	77.28216430011051	NA	7.621868767324373	NA
Parietal	-0.34464689238073454	77.45820567664833	NA	7.6122637177314365	NA
Parietal	-0.34464689238073454	77.63424705318617	NA	7.6026688631604795	NA
Parietal	-0.34464689238073454	77.81028842972401	NA	7.593084109768174	NA
Parietal	-0.34464689238073454	77.84464689238074	7.822363264006989	7.5912145946289	0.7251953667779288
Parietal	-0.34464689238073454	77.98632980626185	NA	7.583509366542687	NA
Parietal	-0.34464689238073454	78.16237118279969	NA	7.573944545192711	NA
Parietal	-0.34464689238073454	78.33841255933753	NA	7.564389560040895	NA
Parietal	-0.34464689238073454	78.51445393587537	NA	7.554844327921572	NA
Parietal	-0.34464689238073454	78.6904953124132	NA	7.545308768082617	NA
Parietal	-0.34464689238073454	78.86653668895104	NA	7.535782802091187	NA
Parietal	-0.34464689238073454	79.04257806548887	NA	7.526266353743261	NA
Parietal	-0.34464689238073454	79.21861944202671	NA	7.516759348976847	NA
Parietal	-0.34464689238073454	79.39466081856455	NA	7.5072617157886095	NA
Parietal	-0.34464689238073454	79.57070219510238	NA	7.497773384153874	NA
Parietal	-0.34464689238073454	79.74674357164022	NA	7.488294285949801	NA
Parietal	-0.34464689238073454	79.92278494817806	NA	7.478824355386576	NA
Parietal	-0.34464689238073454	80.0988263247159	NA	7.469363528292494	NA
Parietal	-0.34464689238073454	80.27486770125374	NA	7.459911740930699	NA
Parietal	-0.34464689238073454	80.45090907779156	NA	7.450468932078283	NA
Parietal	-0.34464689238073454	80.6269504543294	NA	7.441035042073972	NA
Parietal	-0.34464689238073454	80.80299183086724	NA	7.431610012757991	NA
Parietal	-0.34464689238073454	80.97903320740508	NA	7.422193787414421	NA
Parietal	-0.34464689238073454	81.15507458394292	NA	7.412786310715838	NA
Parietal	-0.34464689238073454	81.33111596048076	NA	7.403387528670146	NA
Parietal	-0.34464689238073454	81.5071573370186	NA	7.3939973885695345	NA
Parietal	-0.34464689238073454	81.68319871355644	NA	7.384615838941552	NA
Parietal	-0.34464689238073454	81.85924009009427	NA	7.375242829502032	NA
Parietal	-0.34464689238073454	82.0352814666321	NA	7.365878311110006	NA
Parietal	-0.34464689238073454	82.21132284316994	NA	7.356522235724326	NA
Parietal	-0.34464689238073454	82.38736421970778	NA	7.34717455636209	NA
Parietal	-0.34464689238073454	82.56340559624562	NA	7.3378352270587115	NA
Parietal	-0.34464689238073454	82.73944697278345	NA	7.328504202829582	NA
Parietal	-0.34464689238073454	82.84464689238074	7.462106213572149	7.322932056897927	0.7021197486030172
Parietal	-0.34464689238073454	82.9154883493213	NA	7.319181439633263	NA
Parietal	-0.34464689238073454	83.09152972585913	NA	7.309866894336138	NA
Parietal	-0.34464689238073454	83.26757110239697	NA	7.300560524678541	NA
Parietal	-0.34464689238073454	83.4436124789348	NA	7.291262289242127	NA
Parietal	-0.34464689238073454	83.61965385547263	NA	7.281972147418672	NA
Parietal	-0.34464689238073454	83.79569523201047	NA	7.272690059380012	NA
Parietal	-0.34464689238073454	83.97173660854831	NA	7.263415986049252	NA
Parietal	-0.34464689238073454	84.14777798508615	NA	7.254149889073105	NA
Parietal	-0.34464689238073454	84.32381936162399	NA	7.244891730795301	NA
Parietal	-0.34464689238073454	84.49986073816183	NA	7.235641474231125	NA
Parietal	-0.34464689238073454	84.67590211469967	NA	7.226399083042896	NA
Parietal	-0.34464689238073454	84.8519434912375	NA	7.217164521516493	NA
Parietal	-0.34464689238073454	85.02798486777533	NA	7.2079377545387775	NA
Parietal	-0.34464689238073454	85.20402624431317	NA	7.198718747575897	NA
Parietal	-0.34464689238073454	85.38006762085101	NA	7.189507466652523	NA
Parietal	-0.34464689238073454	85.55610899738885	NA	7.1803038783318325	NA
Parietal	-0.34464689238073454	85.73215037392669	NA	7.171107949696346	NA
Parietal	-0.34464689238073454	85.90819175046452	NA	7.161919648329519	NA
Parietal	-0.34464689238073454	86.08423312700236	NA	7.152738942298026	NA
Parietal	-0.34464689238073454	86.2602745035402	NA	7.1435658001348035	NA
Parietal	-0.34464689238073454	86.43631588007803	NA	7.134400190822748	NA
Parietal	-0.34464689238073454	86.61235725661587	NA	7.125242083779021	NA
Parietal	-0.34464689238073454	86.7883986331537	NA	7.116091448840061	NA
Parietal	-0.34464689238073454	86.96444000969154	NA	7.1069482562471	NA
Parietal	-0.34464689238073454	87.14048138622938	NA	7.097812476632315	NA
Parietal	-0.34464689238073454	87.31652276276722	NA	7.088684081005536	NA
Parietal	-0.34464689238073454	87.49256413930506	NA	7.079563040741412	NA
Parietal	-0.34464689238073454	87.6686055158429	NA	7.070449327567169	NA
Parietal	-0.34464689238073454	87.84464689238074	7.345291840866116	7.0613156593158575	0.6823460271913812
Putamen	-0.34464689238073454	0	0	-2.2134462617637463e-14	0
Putamen	-0.34464689238073454	0.17604137653783714	NA	2.6456963342388366e-5	NA
Putamen	-0.34464689238073454	0.35208275307567427	NA	6.718436471505423e-5	NA
Putamen	-0.34464689238073454	0.5281241296135114	NA	4.6331093647892287e-4	NA
Putamen	-0.34464689238073454	0.5946468923807345	0.01283288782673715	7.172088935671799e-4	0.4979955609317893
Putamen	-0.34464689238073454	0.7041655061513485	NA	0.0012245694364617862	NA
Putamen	-0.34464689238073454	0.8802068826891857	NA	0.2314661101650994	NA
Putamen	-0.34464689238073454	1.0562482592270228	NA	1.6710612641737643	NA
Putamen	-0.34464689238073454	1.0946468923807346	1.136715325801777	2.0729773016993613	0.5935966379574875
Putamen	-0.34464689238073454	1.23228963576486	NA	3.7829326576061804	NA
Putamen	-0.34464689238073454	1.408331012302697	NA	6.5854635057570095	NA
Putamen	-0.34464689238073454	1.584372388840534	NA	9.762607502098547	NA
Putamen	-0.34464689238073454	1.5946468923807346	9.70969517553534	9.94124887247162	0.7747364380991829
Putamen	-0.34464689238073454	1.7604137653783714	NA	12.87849369789268	NA
Putamen	-0.34464689238073454	1.9364551419162086	NA	16.29637188785976	NA
Putamen	-0.34464689238073454	2.0946468923807346	20.602137883823197	19.71127017131959	0.9046305710011072
Putamen	-0.34464689238073454	2.1124965184540456	NA	20.113901733338615	NA
Putamen	-0.34464689238073454	2.2885378949918826	NA	24.26789257857036	NA
Putamen	-0.34464689238073454	2.46457927152972	NA	28.73457391390379	NA
Putamen	-0.34464689238073454	2.5946468923807346	32.78572900723418	31.796607718169838	1.0084564834937169
Putamen	-0.34464689238073454	2.640620648067557	NA	32.84438003188846	NA
Putamen	-0.34464689238073454	2.816662024605394	NA	36.72432942702706	NA
Putamen	-0.34464689238073454	2.992703401143231	NA	39.043869611003394	NA
Putamen	-0.34464689238073454	3.0946468923807346	39.91409283085117	39.64836861050063	1.05184710143084
Putamen	-0.34464689238073454	3.168744777681068	NA	39.90130487278939	NA
Putamen	-0.34464689238073454	3.3447861542189057	NA	40.66350914441874	NA
Putamen	-0.34464689238073454	3.5208275307567427	NA	40.96330200768113	NA
Putamen	-0.34464689238073454	3.6968689072945797	NA	41.09826553647709	NA
Putamen	-0.34464689238073454	3.8446468923807346	40.70572171853171	41.20173931668169	1.2771234363638424
Putamen	-0.34464689238073454	3.872910283832417	NA	41.21317950461615	NA
Putamen	-0.34464689238073454	4.048951660370254	NA	41.225377396738224	NA
Putamen	-0.34464689238073454	4.224993036908091	NA	41.13811301399473	NA
Putamen	-0.34464689238073454	4.401034413445928	NA	40.954518733782194	NA
Putamen	-0.34464689238073454	4.577075789983765	NA	40.67761018858033	NA
Putamen	-0.34464689238073454	4.753117166521602	NA	40.31029076349254	NA
Putamen	-0.34464689238073454	4.844646892380735	39.6342644391143	40.08454932385795	1.2409533465925953
Putamen	-0.34464689238073454	4.92915854305944	NA	39.85535591952022	NA
Putamen	-0.34464689238073454	5.105199919597277	NA	39.3154973493299	NA
Putamen	-0.34464689238073454	5.281241296135114	NA	38.693306972009864	NA
Putamen	-0.34464689238073454	5.457282672672951	NA	38.08851171217038	NA
Putamen	-0.34464689238073454	5.633324049210788	NA	37.51541145711204	NA
Putamen	-0.34464689238073454	5.809365425748625	NA	36.95662581145132	NA
Putamen	-0.34464689238073454	5.844646892380735	36.426852320437	36.84629925153675	1.1990027673150705
Putamen	-0.34464689238073454	5.985406802286462	NA	36.41153239096667	NA
Putamen	-0.34464689238073454	6.161448178824299	NA	35.879533396198084	NA
Putamen	-0.34464689238073454	6.337489555362136	NA	35.36005465583881	NA
Putamen	-0.34464689238073454	6.513530931899974	NA	34.85254470725557	NA
Putamen	-0.34464689238073454	6.689572308437811	NA	34.35647391269688	NA
Putamen	-0.34464689238073454	6.865613684975648	NA	33.871333609804786	NA
Putamen	-0.34464689238073454	7.041655061513485	NA	33.39663529509933	NA
Putamen	-0.34464689238073454	7.217696438051322	NA	32.93190983915644	NA
Putamen	-0.34464689238073454	7.344646892380735	32.445913455121406	32.60271799088651	1.4086112960853336
Putamen	-0.34464689238073454	7.3937378145891595	NA	32.476706732249646	NA
Putamen	-0.34464689238073454	7.5697791911269965	NA	32.03059335927377	NA
Putamen	-0.34464689238073454	7.745820567664834	NA	31.593154302814444	NA
Putamen	-0.34464689238073454	7.921861944202671	NA	31.163990673271595	NA
Putamen	-0.34464689238073454	8.097903320740508	NA	30.742720195253852	NA
Putamen	-0.34464689238073454	8.273944697278345	NA	30.328974727242823	NA
Putamen	-0.34464689238073454	8.449986073816182	NA	29.9224007676679	NA
Putamen	-0.34464689238073454	8.62602745035402	NA	29.52265935073174	NA
Putamen	-0.34464689238073454	8.802068826891857	NA	29.129425059215123	NA
Putamen	-0.34464689238073454	8.978110203429694	NA	28.7423854962688	NA
Putamen	-0.34464689238073454	9.15415157996753	NA	28.361240777712947	NA
Putamen	-0.34464689238073454	9.330192956505368	NA	27.985703044048922	NA
Putamen	-0.34464689238073454	9.344646892380734	28.13938954622596	27.955109693125127	1.3144617490295751
Putamen	-0.34464689238073454	9.506234333043205	NA	27.615495991418243	NA
Putamen	-0.34464689238073454	9.682275709581042	NA	27.250354420773963	NA
Putamen	-0.34464689238073454	9.85831708611888	NA	26.890023804557416	NA
Putamen	-0.34464689238073454	10.034358462656717	NA	26.534259870201588	NA
Putamen	-0.34464689238073454	10.210399839194555	NA	26.182840095035264	NA
Putamen	-0.34464689238073454	10.386441215732392	NA	25.845799240159725	NA
Putamen	-0.34464689238073454	10.562482592270229	NA	25.520700205453988	NA
Putamen	-0.34464689238073454	10.738523968808066	NA	25.20622779691897	NA
Putamen	-0.34464689238073454	10.914565345345903	NA	24.901962047735655	NA
Putamen	-0.34464689238073454	11.09060672188374	NA	24.607499333589953	NA
Putamen	-0.34464689238073454	11.266648098421577	NA	24.3224517383676	NA
Putamen	-0.34464689238073454	11.442689474959414	NA	24.046446444457604	NA
Putamen	-0.34464689238073454	11.61873085149725	NA	23.779125146709628	NA
Putamen	-0.34464689238073454	11.794772228035088	NA	23.520143489127722	NA
Putamen	-0.34464689238073454	11.970813604572925	NA	23.26917052341842	NA
Putamen	-0.34464689238073454	12.146854981110762	NA	23.025888188545295	NA
Putamen	-0.34464689238073454	12.322896357648599	NA	22.78999081047512	NA
Putamen	-0.34464689238073454	12.498937734186436	NA	22.561184621332405	NA
Putamen	-0.34464689238073454	12.674979110724273	NA	22.339187297209268	NA
Putamen	-0.34464689238073454	12.844646892380734	22.862694653908285	22.13141514374333	1.60001642972666
Putamen	-0.34464689238073454	12.851020487262112	NA	22.12372751390701	NA
Putamen	-0.34464689238073454	13.027061863799949	NA	21.914544519913818	NA
Putamen	-0.34464689238073454	13.203103240337786	NA	21.71138772594976	NA
Putamen	-0.34464689238073454	13.379144616875623	NA	21.514016310436602	NA
Putamen	-0.34464689238073454	13.55518599341346	NA	21.32219884027449	NA
Putamen	-0.34464689238073454	13.731227369951297	NA	21.135712906331914	NA
Putamen	-0.34464689238073454	13.907268746489134	NA	20.95434477307767	NA
Putamen	-0.34464689238073454	14.08331012302697	NA	20.7778890418069	NA
Putamen	-0.34464689238073454	14.259351499564808	NA	20.606148326933393	NA
Putamen	-0.34464689238073454	14.435392876102645	NA	20.438932944841312	NA
Putamen	-0.34464689238073454	14.611434252640482	NA	20.27606061480914	NA
Putamen	-0.34464689238073454	14.787475629178319	NA	20.117356171537708	NA
Putamen	-0.34464689238073454	14.963517005716156	NA	19.962651288831786	NA
Putamen	-0.34464689238073454	15.139558382253993	NA	19.81178421400292	NA
Putamen	-0.34464689238073454	15.31559975879183	NA	19.66459951257731	NA
Putamen	-0.34464689238073454	15.491641135329669	NA	19.51921413719907	NA
Putamen	-0.34464689238073454	15.667682511867506	NA	19.37768195546461	NA
Putamen	-0.34464689238073454	15.843723888405343	NA	19.239900211106704	NA
Putamen	-0.34464689238073454	16.019765264943178	NA	19.105720633554835	NA
Putamen	-0.34464689238073454	16.195806641481017	NA	18.97500079825485	NA
Putamen	-0.34464689238073454	16.371848018018852	NA	18.84760322281526	NA
Putamen	-0.34464689238073454	16.54788939455669	NA	18.723396161113488	NA
Putamen	-0.34464689238073454	16.723930771094526	NA	18.602252996661015	NA
Putamen	-0.34464689238073454	16.899972147632365	NA	18.484052043487036	NA
Putamen	-0.34464689238073454	17.076013524170204	NA	18.36867635474734	NA
Putamen	-0.34464689238073454	17.25205490070804	NA	18.25601353875852	NA
Putamen	-0.34464689238073454	17.428096277245878	NA	18.14595558216944	NA
Putamen	-0.34464689238073454	17.604137653783713	NA	18.038398679993225	NA
Putamen	-0.34464689238073454	17.780179030321552	NA	17.933243072233484	NA
Putamen	-0.34464689238073454	17.844646892380734	18.144070503484173	17.89531628078751	1.4105531070786514
Putamen	-0.34464689238073454	17.956220406859387	NA	17.830392886849076	NA
Putamen	-0.34464689238073454	18.132261783397226	NA	17.729755988811423	NA
Putamen	-0.34464689238073454	18.30830315993506	NA	17.63124383501814	NA
Putamen	-0.34464689238073454	18.4843445364729	NA	17.534771334835554	NA
Putamen	-0.34464689238073454	18.660385913010735	NA	17.440256716052147	NA
Putamen	-0.34464689238073454	18.836427289548574	NA	17.347621396032633	NA
Putamen	-0.34464689238073454	19.01246866608641	NA	17.256789857871077	NA
Putamen	-0.34464689238073454	19.188510042624248	NA	17.16768953134916	NA
Putamen	-0.34464689238073454	19.364551419162083	NA	17.08025067851313	NA
Putamen	-0.34464689238073454	19.540592795699922	NA	16.99440628369026	NA
Putamen	-0.34464689238073454	19.71663417223776	NA	16.910091947772578	NA
Putamen	-0.34464689238073454	19.892675548775596	NA	16.827245786602422	NA
Putamen	-0.34464689238073454	20.068716925313435	NA	16.745808333300527	NA
Putamen	-0.34464689238073454	20.24475830185127	NA	16.665722444383853	NA
Putamen	-0.34464689238073454	20.42079967838911	NA	16.586933209526055	NA
Putamen	-0.34464689238073454	20.596841054926944	NA	16.509387864819306	NA
Putamen	-0.34464689238073454	20.772882431464783	NA	16.43303570940163	NA
Putamen	-0.34464689238073454	20.94892380800262	NA	16.35782802531922	NA
Putamen	-0.34464689238073454	21.124965184540457	NA	16.28371800049813	NA
Putamen	-0.34464689238073454	21.301006561078292	NA	16.210660654704945	NA
Putamen	-0.34464689238073454	21.47704793761613	NA	16.138612768380163	NA
Putamen	-0.34464689238073454	21.653089314153966	NA	16.06753281423316	NA
Putamen	-0.34464689238073454	21.829130690691805	NA	15.997380891491321	NA
Putamen	-0.34464689238073454	22.00517206722964	NA	15.928118662700617	NA
Putamen	-0.34464689238073454	22.18121344376748	NA	15.859709292978467	NA
Putamen	-0.34464689238073454	22.357254820305315	NA	15.79211739162382	NA
Putamen	-0.34464689238073454	22.533296196843153	NA	15.725308955993055	NA
Putamen	-0.34464689238073454	22.709337573380992	NA	15.659251317553702	NA
Putamen	-0.34464689238073454	22.844646892380734	15.497464286290256	15.608968427728218	1.287011358274444
Putamen	-0.34464689238073454	22.885378949918827	NA	15.593913090031503	NA
Putamen	-0.34464689238073454	23.061420326456666	NA	15.529264119569786	NA
Putamen	-0.34464689238073454	23.2374617029945	NA	15.465275436822779	NA
Putamen	-0.34464689238073454	23.41350307953234	NA	15.401919210908085	NA
Putamen	-0.34464689238073454	23.589544456070175	NA	15.339168705146124	NA
Putamen	-0.34464689238073454	23.765585832608014	NA	15.276998234517118	NA
Putamen	-0.34464689238073454	23.94162720914585	NA	15.215383124769154	NA
Putamen	-0.34464689238073454	24.11766858568369	NA	15.154299743668911	NA
Putamen	-0.34464689238073454	24.293709962221524	NA	15.09372525225343	NA
Putamen	-0.34464689238073454	24.469751338759362	NA	15.033637771809419	NA
Putamen	-0.34464689238073454	24.645792715297198	NA	14.974016293439421	NA
Putamen	-0.34464689238073454	24.821834091835036	NA	14.91484063714259	NA
Putamen	-0.34464689238073454	24.99787546837287	NA	14.85609141956819	NA
Putamen	-0.34464689238073454	25.17391684491071	NA	14.79775002302067	NA
Putamen	-0.34464689238073454	25.349958221448546	NA	14.73979856566765	NA
Putamen	-0.34464689238073454	25.525999597986385	NA	14.682219872904243	NA
Putamen	-0.34464689238073454	25.702040974524223	NA	14.624997449828765	NA
Putamen	-0.34464689238073454	25.87808235106206	NA	14.568115454786867	NA
Putamen	-0.34464689238073454	26.054123727599897	NA	14.511558673942451	NA
Putamen	-0.34464689238073454	26.230165104137733	NA	14.455312496835669	NA
Putamen	-0.34464689238073454	26.40620648067557	NA	14.399362892889654	NA
Putamen	-0.34464689238073454	26.582247857213407	NA	14.343696388829173	NA
Putamen	-0.34464689238073454	26.758289233751245	NA	14.288300046975868	NA
Putamen	-0.34464689238073454	26.93433061028908	NA	14.233161444386019	NA
Putamen	-0.34464689238073454	27.11037198682692	NA	14.178268652798094	NA
Putamen	-0.34464689238073454	27.286413363364755	NA	14.123610219359099	NA
Putamen	-0.34464689238073454	27.462454739902594	NA	14.069175148098473	NA
Putamen	-0.34464689238073454	27.63849611644043	NA	14.014952882121909	NA
Putamen	-0.34464689238073454	27.814537492978268	NA	13.960933286496031	NA
Putamen	-0.34464689238073454	27.844646892380734	13.533194757513588	13.951713579486917	1.1896174610375203
Putamen	-0.34464689238073454	27.990578869516103	NA	13.907106631797792	NA
Putamen	-0.34464689238073454	28.16662024605394	NA	13.853463578302382	NA
Putamen	-0.34464689238073454	28.34266162259178	NA	13.799995160785262	NA
Putamen	-0.34464689238073454	28.518702999129616	NA	13.746692773914106	NA
Putamen	-0.34464689238073454	28.694744375667455	NA	13.693548158208111	NA
Putamen	-0.34464689238073454	28.87078575220529	NA	13.64055338654239	NA
Putamen	-0.34464689238073454	29.04682712874313	NA	13.587700851176509	NA
Putamen	-0.34464689238073454	29.222868505280964	NA	13.53498325128666	NA
Putamen	-0.34464689238073454	29.398909881818803	NA	13.48239358098207	NA
Putamen	-0.34464689238073454	29.574951258356638	NA	13.429925117786741	NA
Putamen	-0.34464689238073454	29.750992634894477	NA	13.377571411568562	NA
Putamen	-0.34464689238073454	29.927034011432312	NA	13.325326273898368	NA
Putamen	-0.34464689238073454	30.10307538797015	NA	13.273183767822317	NA
Putamen	-0.34464689238073454	30.279116764507986	NA	13.221207363590345	NA
Putamen	-0.34464689238073454	30.455158141045825	NA	13.169805675000473	NA
Putamen	-0.34464689238073454	30.63119951758366	NA	13.119022033042052	NA
Putamen	-0.34464689238073454	30.8072408941215	NA	13.06883443632632	NA
Putamen	-0.34464689238073454	30.983282270659338	NA	13.019221723994908	NA
Putamen	-0.34464689238073454	31.159323647197173	NA	12.970163543198435	NA
Putamen	-0.34464689238073454	31.33536502373501	NA	12.921640317836145	NA
Putamen	-0.34464689238073454	31.511406400272847	NA	12.873633218507564	NA
Putamen	-0.34464689238073454	31.687447776810686	NA	12.826124133629367	NA
Putamen	-0.34464689238073454	31.86348915334852	NA	12.779095641672152	NA
Putamen	-0.34464689238073454	32.039530529886356	NA	12.73253102171791	NA
Putamen	-0.34464689238073454	32.215571906424195	NA	12.686414143463514	NA
Putamen	-0.34464689238073454	32.391613282962034	NA	12.64072946763714	NA
Putamen	-0.34464689238073454	32.56765465949987	NA	12.59546207646152	NA
Putamen	-0.34464689238073454	32.743696036037704	NA	12.550597618719605	NA
Putamen	-0.34464689238073454	32.84464689238074	11.981187008042284	12.525046406316093	1.10923284673891
Putamen	-0.34464689238073454	32.91973741257554	NA	12.506122287855938	NA
Putamen	-0.34464689238073454	33.09577878911338	NA	12.462022800926965	NA
Putamen	-0.34464689238073454	33.27182016565122	NA	12.41828637836742	NA
Putamen	-0.34464689238073454	33.44786154218905	NA	12.374900724541064	NA
Putamen	-0.34464689238073454	33.62390291872689	NA	12.331854009045434	NA
Putamen	-0.34464689238073454	33.79994429526473	NA	12.289134848741323	NA
Putamen	-0.34464689238073454	33.97598567180257	NA	12.246732290478889	NA
Putamen	-0.34464689238073454	34.15202704834041	NA	12.204635794493305	NA
Putamen	-0.34464689238073454	34.32806842487824	NA	12.162835218444073	NA
Putamen	-0.34464689238073454	34.50410980141608	NA	12.121320802073004	NA
Putamen	-0.34464689238073454	34.68015117795392	NA	12.080083152456877	NA
Putamen	-0.34464689238073454	34.856192554491756	NA	12.039113229831651	NA
Putamen	-0.34464689238073454	35.03223393102959	NA	11.998402333966094	NA
Putamen	-0.34464689238073454	35.208275307567426	NA	11.957942091063625	NA
Putamen	-0.34464689238073454	35.384316684105265	NA	11.91772444117171	NA
Putamen	-0.34464689238073454	35.560358060643104	NA	11.877741626079205	NA
Putamen	-0.34464689238073454	35.736399437180935	NA	11.83798617768274	NA
Putamen	-0.34464689238073454	35.912440813718774	NA	11.798450906803955	NA
Putamen	-0.34464689238073454	36.08848219025661	NA	11.759128892440016	NA
Putamen	-0.34464689238073454	36.26452356679445	NA	11.720013471430708	NA
Putamen	-0.34464689238073454	36.440564943332284	NA	11.681098228525931	NA
Putamen	-0.34464689238073454	36.61660631987012	NA	11.64237698683796	NA
Putamen	-0.34464689238073454	36.79264769640796	NA	11.60384379866373	NA
Putamen	-0.34464689238073454	36.9686890729458	NA	11.565492936662656	NA
Putamen	-0.34464689238073454	37.14473044948364	NA	11.527318885376191	NA
Putamen	-0.34464689238073454	37.32077182602147	NA	11.489316333076012	NA
Putamen	-0.34464689238073454	37.49681320255931	NA	11.451480163927904	NA
Putamen	-0.34464689238073454	37.67285457909715	NA	11.413805450459256	NA
Putamen	-0.34464689238073454	37.84464689238074	11.031601357992688	11.377191227161845	1.0403325146640467
Putamen	-0.34464689238073454	37.84889595563499	NA	11.376287446318264	NA
Putamen	-0.34464689238073454	38.02493733217282	NA	11.338921579313658	NA
Putamen	-0.34464689238073454	38.20097870871066	NA	11.301703444723927	NA
Putamen	-0.34464689238073454	38.377020085248496	NA	11.264628798865722	NA
Putamen	-0.34464689238073454	38.553061461786335	NA	11.22769355291132	NA
Putamen	-0.34464689238073454	38.72910283832417	NA	11.190893766945509	NA
Putamen	-0.34464689238073454	38.905144214862005	NA	11.154225644252556	NA
Putamen	-0.34464689238073454	39.081185591399844	NA	11.11768552582444	NA
Putamen	-0.34464689238073454	39.25722696793768	NA	11.081269885081685	NA
Putamen	-0.34464689238073454	39.43326834447552	NA	11.044975322798535	NA
Putamen	-0.34464689238073454	39.609309721013354	NA	11.008798562224715	NA
Putamen	-0.34464689238073454	39.78535109755119	NA	10.972736444395808	NA
Putamen	-0.34464689238073454	39.96139247408903	NA	10.936785926638489	NA
Putamen	-0.34464689238073454	40.13743385062687	NA	10.900944082247046	NA
Putamen	-0.34464689238073454	40.3134752271647	NA	10.865208065379875	NA
Putamen	-0.34464689238073454	40.48951660370254	NA	10.829575144891713	NA
Putamen	-0.34464689238073454	40.66555798024038	NA	10.794042686559447	NA
Putamen	-0.34464689238073454	40.84159935677822	NA	10.758608149381637	NA
Putamen	-0.34464689238073454	41.01764073331605	NA	10.723269082020908	NA
Putamen	-0.34464689238073454	41.19368210985389	NA	10.688023119384287	NA
Putamen	-0.34464689238073454	41.36972348639173	NA	10.65286797933562	NA
Putamen	-0.34464689238073454	41.545764862929566	NA	10.617801459535231	NA
Putamen	-0.34464689238073454	41.7218062394674	NA	10.582821434401756	NA
Putamen	-0.34464689238073454	41.89784761600524	NA	10.547925852191463	NA
Putamen	-0.34464689238073454	42.073888992543075	NA	10.513112732190503	NA
Putamen	-0.34464689238073454	42.249930369080914	NA	10.47838016201573	NA
Putamen	-0.34464689238073454	42.42597174561875	NA	10.443726295019829	NA
Putamen	-0.34464689238073454	42.602013122156585	NA	10.409149347796758	NA
Putamen	-0.34464689238073454	42.778054498694424	NA	10.374647597783564	NA
Putamen	-0.34464689238073454	42.84464689238074	10.26215645210039	10.361615601720626	0.9806967120621216
Putamen	-0.34464689238073454	42.95409587523226	NA	10.340219380954936	NA
Putamen	-0.34464689238073454	43.1301372517701	NA	10.305863089606769	NA
Putamen	-0.34464689238073454	43.30617862830793	NA	10.271577170225363	NA
Putamen	-0.34464689238073454	43.48222000484577	NA	10.23736012143896	NA
Putamen	-0.34464689238073454	43.65826138138361	NA	10.20321049204835	NA
Putamen	-0.34464689238073454	43.83430275792145	NA	10.16912687913357	NA
Putamen	-0.34464689238073454	44.01034413445928	NA	10.135107926233648	NA
Putamen	-0.34464689238073454	44.18638551099712	NA	10.101152321596658	NA
Putamen	-0.34464689238073454	44.36242688753496	NA	10.067258796497295	NA
Putamen	-0.34464689238073454	44.5384682640728	NA	10.033426123619408	NA
Putamen	-0.34464689238073454	44.71450964061063	NA	9.999653115500866	NA
Putamen	-0.34464689238073454	44.89055101714847	NA	9.965938623038479	NA
Putamen	-0.34464689238073454	45.06659239368631	NA	9.932281534050585	NA
Putamen	-0.34464689238073454	45.242633770224145	NA	9.898680771895018	NA
Putamen	-0.34464689238073454	45.418675146761984	NA	9.865361919944354	NA
Putamen	-0.34464689238073454	45.594716523299816	NA	9.832494447404033	NA
Putamen	-0.34464689238073454	45.770757899837655	NA	9.799955691533452	NA
Putamen	-0.34464689238073454	45.946799276375494	NA	9.767735910614961	NA
Putamen	-0.34464689238073454	46.12284065291333	NA	9.735825721068348	NA
Putamen	-0.34464689238073454	46.298882029451164	NA	9.704216083687554	NA
Putamen	-0.34464689238073454	46.474923405989	NA	9.672898290410348	NA
Putamen	-0.34464689238073454	46.65096478252684	NA	9.64186395160063	NA
Putamen	-0.34464689238073454	46.82700615906468	NA	9.611104983822926	NA
Putamen	-0.34464689238073454	47.00304753560251	NA	9.580613598090599	NA
Putamen	-0.34464689238073454	47.17908891214035	NA	9.550382288568922	NA
Putamen	-0.34464689238073454	47.35513028867819	NA	9.520403821715673	NA
Putamen	-0.34464689238073454	47.53117166521603	NA	9.490671225842116	NA
Putamen	-0.34464689238073454	47.70721304175386	NA	9.461177781078147	NA
Putamen	-0.34464689238073454	47.84464689238074	9.315662096173453	9.438314748460252	0.9299535001547254
Putamen	-0.34464689238073454	47.8832544182917	NA	9.431917009725925	NA
Putamen	-0.34464689238073454	48.05929579482954	NA	9.4028826944907955	NA
Putamen	-0.34464689238073454	48.23533717136738	NA	9.374068791560578	NA
Putamen	-0.34464689238073454	48.411378547905215	NA	9.345469489354185	NA
Putamen	-0.34464689238073454	48.58741992444305	NA	9.317079189743112	NA
Putamen	-0.34464689238073454	48.763461300980886	NA	9.288892493854405	NA
Putamen	-0.34464689238073454	48.939502677518725	NA	9.260904194458655	NA
Putamen	-0.34464689238073454	49.115544054056564	NA	9.233109268652488	NA
Putamen	-0.34464689238073454	49.291585430594395	NA	9.205502870824155	NA
Putamen	-0.34464689238073454	49.467626807132234	NA	9.178080325891294	NA
Putamen	-0.34464689238073454	49.64366818367007	NA	9.150837122800176	NA
Putamen	-0.34464689238073454	49.81970956020791	NA	9.123768908276466	NA
Putamen	-0.34464689238073454	49.99575093674574	NA	9.096871480817569	NA
Putamen	-0.34464689238073454	50.17179231328358	NA	9.070140784917369	NA
Putamen	-0.34464689238073454	50.34783368982142	NA	9.043572905514225	NA
Putamen	-0.34464689238073454	50.52387506635926	NA	9.01716406265361	NA
Putamen	-0.34464689238073454	50.69991644289709	NA	8.990910606357106	NA
Putamen	-0.34464689238073454	50.87595781943493	NA	8.964809011689658	NA
Putamen	-0.34464689238073454	51.05199919597277	NA	8.938855874017538	NA
Putamen	-0.34464689238073454	51.22804057251061	NA	8.91304790444949	NA
Putamen	-0.34464689238073454	51.40408194904845	NA	8.887381925454047	NA
Putamen	-0.34464689238073454	51.58012332558628	NA	8.861854866646178	NA
Putamen	-0.34464689238073454	51.75616470212412	NA	8.836463760736619	NA
Putamen	-0.34464689238073454	51.932206078661956	NA	8.811205739637689	NA
Putamen	-0.34464689238073454	52.108247455199795	NA	8.78607803071951	NA
Putamen	-0.34464689238073454	52.284288831737626	NA	8.761077953210709	NA
Putamen	-0.34464689238073454	52.460330208275465	NA	8.73620291473809	NA
Putamen	-0.34464689238073454	52.636371584813304	NA	8.711450407999882	NA
Putamen	-0.34464689238073454	52.81241296135114	NA	8.686818007567341	NA
Putamen	-0.34464689238073454	52.84464689238074	8.725387812355184	8.682320498045387	0.88530688396593
Putamen	-0.34464689238073454	52.988454337888975	NA	8.662303366809773	NA
Putamen	-0.34464689238073454	53.16449571442681	NA	8.63790421493819	NA
Putamen	-0.34464689238073454	53.34053709096465	NA	8.613618354162956	NA
Putamen	-0.34464689238073454	53.51657846750249	NA	8.589443656961082	NA
Putamen	-0.34464689238073454	53.69261984404033	NA	8.565378063448833	NA
Putamen	-0.34464689238073454	53.86866122057816	NA	8.541419578855677	NA
Putamen	-0.34464689238073454	54.044702597116	NA	8.517566271095493	NA
Putamen	-0.34464689238073454	54.22074397365384	NA	8.493816268431452	NA
Putamen	-0.34464689238073454	54.39678535019168	NA	8.470167757230833	NA
Putamen	-0.34464689238073454	54.57282672672951	NA	8.446618979806194	NA
Putamen	-0.34464689238073454	54.74886810326735	NA	8.423168232339833	NA
Putamen	-0.34464689238073454	54.92490947980519	NA	8.399813862888038	NA
Putamen	-0.34464689238073454	55.100950856343026	NA	8.376554269462138	NA
Putamen	-0.34464689238073454	55.27699223288086	NA	8.353387898183453	NA
Putamen	-0.34464689238073454	55.453033609418696	NA	8.33031324150914	NA
Putamen	-0.34464689238073454	55.629074985956535	NA	8.307328836526278	NA
Putamen	-0.34464689238073454	55.805116362494374	NA	8.284433263311545	NA
Putamen	-0.34464689238073454	55.981157739032206	NA	8.261625149323987	NA
Putamen	-0.34464689238073454	56.157199115570045	NA	8.23890315685428	NA
Putamen	-0.34464689238073454	56.33324049210788	NA	8.216265978465861	NA
Putamen	-0.34464689238073454	56.50928186864572	NA	8.19371235103126	NA
Putamen	-0.34464689238073454	56.68532324518356	NA	8.171241047108245	NA
Putamen	-0.34464689238073454	56.86136462172139	NA	8.148850873642955	NA
Putamen	-0.34464689238073454	57.03740599825923	NA	8.126540670722749	NA
Putamen	-0.34464689238073454	57.21344737479707	NA	8.104309310376939	NA
Putamen	-0.34464689238073454	57.38948875133491	NA	8.08215569542335	NA
Putamen	-0.34464689238073454	57.56553012787274	NA	8.060078758359186	NA
Putamen	-0.34464689238073454	57.74157150441058	NA	8.038077460294296	NA
Putamen	-0.34464689238073454	57.84464689238074	8.111742882739037	8.025230012391285	0.8456200491680635
Putamen	-0.34464689238073454	57.91761288094842	NA	8.016150789925293	NA
Putamen	-0.34464689238073454	58.09365425748626	NA	7.994297762548883	NA
Putamen	-0.34464689238073454	58.26969563402409	NA	7.972517419112952	NA
Putamen	-0.34464689238073454	58.44573701056193	NA	7.950808825303924	NA
Putamen	-0.34464689238073454	58.621778387099766	NA	7.929171070668961	NA
Putamen	-0.34464689238073454	58.797819763637605	NA	7.907603267771669	NA
Putamen	-0.34464689238073454	58.97386114017544	NA	7.886104551380061	NA
Putamen	-0.34464689238073454	59.149902516713276	NA	7.864674077685458	NA
Putamen	-0.34464689238073454	59.325943893251115	NA	7.843311023551163	NA
Putamen	-0.34464689238073454	59.50198526978895	NA	7.8220145857897805	NA
Putamen	-0.34464689238073454	59.67802664632679	NA	7.800783980468026	NA
Putamen	-0.34464689238073454	59.854068022864624	NA	7.779618442237994	NA
Putamen	-0.34464689238073454	60.03010939940246	NA	7.7585172236938735	NA
Putamen	-0.34464689238073454	60.2061507759403	NA	7.737536344497867	NA
Putamen	-0.34464689238073454	60.38219215247814	NA	7.71676806112301	NA
Putamen	-0.34464689238073454	60.55823352901597	NA	7.69618122313042	NA
Putamen	-0.34464689238073454	60.73427490555381	NA	7.675771339113775	NA
Putamen	-0.34464689238073454	60.91031628209165	NA	7.655534075168682	NA
Putamen	-0.34464689238073454	61.08635765862949	NA	7.635465248892575	NA
Putamen	-0.34464689238073454	61.26239903516732	NA	7.615560823616772	NA
Putamen	-0.34464689238073454	61.43844041170516	NA	7.5958169028614835	NA
Putamen	-0.34464689238073454	61.614481788243	NA	7.576229725005248	NA
Putamen	-0.34464689238073454	61.790523164780836	NA	7.556795658160448	NA
Putamen	-0.34464689238073454	61.966564541318675	NA	7.537511195246909	NA
Putamen	-0.34464689238073454	62.14260591785651	NA	7.518372949255913	NA
Putamen	-0.34464689238073454	62.318647294394346	NA	7.499377648697222	NA
Putamen	-0.34464689238073454	62.494688670932184	NA	7.48052213322207	NA
Putamen	-0.34464689238073454	62.67073004747002	NA	7.461803349415243	NA
Putamen	-0.34464689238073454	62.84464689238074	7.752194750779399	7.443441890174987	0.8117140878636057
Putamen	-0.34464689238073454	62.846771424007855	NA	7.443218346749711	NA
Putamen	-0.34464689238073454	63.022812800545694	NA	7.424764273697525	NA
Putamen	-0.34464689238073454	63.19885417708353	NA	7.406438373990919	NA
Putamen	-0.34464689238073454	63.37489555362137	NA	7.388237983027771	NA
Putamen	-0.34464689238073454	63.5509369301592	NA	7.37016052441583	NA
Putamen	-0.34464689238073454	63.72697830669704	NA	7.3522035066504134	NA
Putamen	-0.34464689238073454	63.90301968323488	NA	7.334364521524424	NA
Putamen	-0.34464689238073454	64.07906105977271	NA	7.316641251912207	NA
Putamen	-0.34464689238073454	64.25510243631055	NA	7.299031425964371	NA
Putamen	-0.34464689238073454	64.43114381284839	NA	7.281532861025959	NA
Putamen	-0.34464689238073454	64.60718518938623	NA	7.264143444543098	NA
Putamen	-0.34464689238073454	64.78322656592407	NA	7.246861131439296	NA
Putamen	-0.34464689238073454	64.9592679424619	NA	7.229683941592844	NA
Putamen	-0.34464689238073454	65.13530931899975	NA	7.212609957411544	NA
Putamen	-0.34464689238073454	65.31135069553758	NA	7.195637321500841	NA
Putamen	-0.34464689238073454	65.48739207207541	NA	7.178764234421787	NA
Putamen	-0.34464689238073454	65.66343344861325	NA	7.161988952535401	NA
Putamen	-0.34464689238073454	65.83947482515109	NA	7.145309785930032	NA
Putamen	-0.34464689238073454	66.01551620168892	NA	7.128725096428521	NA
Putamen	-0.34464689238073454	66.19155757822676	NA	7.112233295672065	NA
Putamen	-0.34464689238073454	66.3675989547646	NA	7.0958328432778135	NA
Putamen	-0.34464689238073454	66.54364033130244	NA	7.079522245067353	NA
Putamen	-0.34464689238073454	66.71968170784028	NA	7.0633000513633535	NA
Putamen	-0.34464689238073454	66.8957230843781	NA	7.047164855351615	NA
Putamen	-0.34464689238073454	67.07176446091594	NA	7.031115291506195	NA
Putamen	-0.34464689238073454	67.24780583745378	NA	7.015150034074958	NA
Putamen	-0.34464689238073454	67.42384721399162	NA	6.999267795623349	NA
Putamen	-0.34464689238073454	67.59988859052946	NA	6.983467325634071	NA
Putamen	-0.34464689238073454	67.7759299670673	NA	6.96774740916056	NA
Putamen	-0.34464689238073454	67.84464689238074	7.195478494659698	6.961632787929306	0.7789040092418946
Putamen	-0.34464689238073454	67.95197134360514	NA	6.952106865532017	NA
Putamen	-0.34464689238073454	68.12801272014298	NA	6.936544547108283	NA
Putamen	-0.34464689238073454	68.30405409668082	NA	6.921059338082312	NA
Putamen	-0.34464689238073454	68.48009547321864	NA	6.9056501533286605	NA
Putamen	-0.34464689238073454	68.65613684975648	NA	6.890315937296008	NA
Putamen	-0.34464689238073454	68.83217822629432	NA	6.875055662942174	NA
Putamen	-0.34464689238073454	69.00821960283216	NA	6.859868330709862	NA
Putamen	-0.34464689238073454	69.18426097937	NA	6.844752967541593	NA
Putamen	-0.34464689238073454	69.36030235590783	NA	6.829708625932362	NA
Putamen	-0.34464689238073454	69.53634373244567	NA	6.814734383018492	NA
Putamen	-0.34464689238073454	69.71238510898351	NA	6.799829339701275	NA
Putamen	-0.34464689238073454	69.88842648552134	NA	6.784992619804159	NA
Putamen	-0.34464689238073454	70.06446786205917	NA	6.770223369262046	NA
Putamen	-0.34464689238073454	70.24050923859701	NA	6.755520755341561	NA
Putamen	-0.34464689238073454	70.41655061513485	NA	6.740883965891014	NA
Putamen	-0.34464689238073454	70.59259199167269	NA	6.726312208619018	NA
Putamen	-0.34464689238073454	70.76863336821053	NA	6.7118047104005205	NA
Putamen	-0.34464689238073454	70.94467474474837	NA	6.697360716609277	NA
Putamen	-0.34464689238073454	71.12071612128621	NA	6.682979490475743	NA
Putamen	-0.34464689238073454	71.29675749782405	NA	6.6686603124693296	NA
Putamen	-0.34464689238073454	71.47279887436187	NA	6.654402479704184	NA
Putamen	-0.34464689238073454	71.64884025089971	NA	6.640205305367497	NA
Putamen	-0.34464689238073454	71.82488162743755	NA	6.626068118169501	NA
Putamen	-0.34464689238073454	72.00092300397539	NA	6.611990268324466	NA
Putamen	-0.34464689238073454	72.17696438051323	NA	6.597971109787463	NA
Putamen	-0.34464689238073454	72.35300575705106	NA	6.584010012280721	NA
Putamen	-0.34464689238073454	72.5290471335889	NA	6.570106361517838	NA
Putamen	-0.34464689238073454	72.70508851012674	NA	6.556259556282414	NA
Putamen	-0.34464689238073454	72.84464689238074	6.650457792632799	6.545322406585308	0.7499645091505566
Putamen	-0.34464689238073454	72.88112988666457	NA	6.5424690079916346	NA
Putamen	-0.34464689238073454	73.0571712632024	NA	6.528734140276473	NA
Putamen	-0.34464689238073454	73.23321263974024	NA	6.515054388577589	NA
Putamen	-0.34464689238073454	73.40925401627808	NA	6.501429199756492	NA
Putamen	-0.34464689238073454	73.58529539281592	NA	6.487858031721382	NA
Putamen	-0.34464689238073454	73.76133676935376	NA	6.474340353066938	NA
Putamen	-0.34464689238073454	73.9373781458916	NA	6.460875642727744	NA
Putamen	-0.34464689238073454	74.11341952242944	NA	6.447463389644651	NA
Putamen	-0.34464689238073454	74.28946089896728	NA	6.434103092443658	NA
Putamen	-0.34464689238073454	74.4655022755051	NA	6.420794259126804	NA
Putamen	-0.34464689238073454	74.64154365204294	NA	6.40753640677462	NA
Putamen	-0.34464689238073454	74.81758502858078	NA	6.394329061259687	NA
Putamen	-0.34464689238073454	74.99362640511862	NA	6.3811717569708595	NA
Putamen	-0.34464689238073454	75.16966778165646	NA	6.368064036547771	NA
Putamen	-0.34464689238073454	75.3457091581943	NA	6.3550054506252485	NA
Putamen	-0.34464689238073454	75.52175053473213	NA	6.341995557587119	NA
Putamen	-0.34464689238073454	75.69779191126997	NA	6.329033923329264	NA
Putamen	-0.34464689238073454	75.8738332878078	NA	6.316120121031366	NA
Putamen	-0.34464689238073454	76.04987466434564	NA	6.303253730937135	NA
Putamen	-0.34464689238073454	76.22591604088348	NA	6.290434340142618	NA
Putamen	-0.34464689238073454	76.40195741742131	NA	6.277661542392349	NA
Putamen	-0.34464689238073454	76.57799879395915	NA	6.264934937882943	NA
Putamen	-0.34464689238073454	76.75404017049699	NA	6.2522541330740005	NA
Putamen	-0.34464689238073454	76.93008154703483	NA	6.239618740505836	NA
Putamen	-0.34464689238073454	77.10612292357267	NA	6.2270283786239276	NA
Putamen	-0.34464689238073454	77.28216430011051	NA	6.214482671609823	NA
Putamen	-0.34464689238073454	77.45820567664833	NA	6.201981249218134	NA
Putamen	-0.34464689238073454	77.63424705318617	NA	6.1895237466194875	NA
Putamen	-0.34464689238073454	77.81028842972401	NA	6.177109804249253	NA
Putamen	-0.34464689238073454	77.84464689238074	6.465584499178347	6.17469197642886	0.7251953667779288
Putamen	-0.34464689238073454	77.98632980626185	NA	6.164739067661608	NA
Putamen	-0.34464689238073454	78.16237118279969	NA	6.152411187389043	NA
Putamen	-0.34464689238073454	78.33841255933753	NA	6.140125818806795	NA
Putamen	-0.34464689238073454	78.51445393587537	NA	6.127882622002269	NA
Putamen	-0.34464689238073454	78.6904953124132	NA	6.115681261649059	NA
Putamen	-0.34464689238073454	78.86653668895104	NA	6.1035214068855765	NA
Putamen	-0.34464689238073454	79.04257806548887	NA	6.091402731197919	NA
Putamen	-0.34464689238073454	79.21861944202671	NA	6.079324912306994	NA
Putamen	-0.34464689238073454	79.39466081856455	NA	6.067287632059617	NA
Putamen	-0.34464689238073454	79.57070219510238	NA	6.0552905763234754	NA
Putamen	-0.34464689238073454	79.74674357164022	NA	6.043333434885773	NA
Putamen	-0.34464689238073454	79.92278494817806	NA	6.031415903535532	NA
Putamen	-0.34464689238073454	80.0988263247159	NA	6.01953768118216	NA
Putamen	-0.34464689238073454	80.27486770125374	NA	6.00769846495596	NA
Putamen	-0.34464689238073454	80.45090907779156	NA	5.995897959380118	NA
Putamen	-0.34464689238073454	80.6269504543294	NA	5.984135872441641	NA
Putamen	-0.34464689238073454	80.80299183086724	NA	5.972411915509513	NA
Putamen	-0.34464689238073454	80.97903320740508	NA	5.9607258032557064	NA
Putamen	-0.34464689238073454	81.15507458394292	NA	5.949077253578889	NA
Putamen	-0.34464689238073454	81.33111596048076	NA	5.937465987530761	NA
Putamen	-0.34464689238073454	81.5071573370186	NA	5.925891729244942	NA
Putamen	-0.34464689238073454	81.68319871355644	NA	5.914354205868212	NA
Putamen	-0.34464689238073454	81.85924009009427	NA	5.902853147494154	NA
Putamen	-0.34464689238073454	82.0352814666321	NA	5.891388287099011	NA
Putamen	-0.34464689238073454	82.21132284316994	NA	5.879959360479663	NA
Putamen	-0.34464689238073454	82.38736421970778	NA	5.868566106193768	NA
Putamen	-0.34464689238073454	82.56340559624562	NA	5.857208265501832	NA
Putamen	-0.34464689238073454	82.73944697278345	NA	5.845885582311217	NA
Putamen	-0.34464689238073454	82.84464689238074	6.065915464158104	5.839135980799577	0.7021197486030172
Putamen	-0.34464689238073454	82.9154883493213	NA	5.834597803122031	NA
Putamen	-0.34464689238073454	83.09152972585913	NA	5.82334467697474	NA
Putamen	-0.34464689238073454	83.26757110239697	NA	5.812125955399559	NA
Putamen	-0.34464689238073454	83.4436124789348	NA	5.8009413923674495	NA
Putamen	-0.34464689238073454	83.61965385547263	NA	5.789790744242709	NA
Putamen	-0.34464689238073454	83.79569523201047	NA	5.778673769737122	NA
Putamen	-0.34464689238073454	83.97173660854831	NA	5.7675902298655375	NA
Putamen	-0.34464689238073454	84.14777798508615	NA	5.756539887902897	NA
Putamen	-0.34464689238073454	84.32381936162399	NA	5.745522509342594	NA
Putamen	-0.34464689238073454	84.49986073816183	NA	5.734537861856169	NA
Putamen	-0.34464689238073454	84.67590211469967	NA	5.723585715254272	NA
Putamen	-0.34464689238073454	84.8519434912375	NA	5.712665841448821	NA
Putamen	-0.34464689238073454	85.02798486777533	NA	5.701778014416337	NA
Putamen	-0.34464689238073454	85.20402624431317	NA	5.690922010162452	NA
Putamen	-0.34464689238073454	85.38006762085101	NA	5.68009760668738	NA
Putamen	-0.34464689238073454	85.55610899738885	NA	5.669304583952592	NA
Putamen	-0.34464689238073454	85.73215037392669	NA	5.658542723848386	NA
Putamen	-0.34464689238073454	85.90819175046452	NA	5.647811810162465	NA
Putamen	-0.34464689238073454	86.08423312700236	NA	5.63711162854945	NA
Putamen	-0.34464689238073454	86.2602745035402	NA	5.6264419665012895	NA
Putamen	-0.34464689238073454	86.43631588007803	NA	5.615802613318535	NA
Putamen	-0.34464689238073454	86.61235725661587	NA	5.605193360082441	NA
Putamen	-0.34464689238073454	86.7883986331537	NA	5.594613999627901	NA
Putamen	-0.34464689238073454	86.96444000969154	NA	5.584064326517084	NA
Putamen	-0.34464689238073454	87.14048138622938	NA	5.573544137013955	NA
Putamen	-0.34464689238073454	87.31652276276722	NA	5.563053229059362	NA
Putamen	-0.34464689238073454	87.49256413930506	NA	5.552591402246901	NA
Putamen	-0.34464689238073454	87.6686055158429	NA	5.542158457799452	NA
Putamen	-0.34464689238073454	87.84464689238074	5.884951344140563	5.531726785684826	0.6823460271913812
Temporal	-0.34464689238073454	0	0	-1.5656083314914303e-14	0
Temporal	-0.34464689238073454	0.17604137653783714	NA	2.4644936059469933e-5	NA
Temporal	-0.34464689238073454	0.35208275307567427	NA	6.029516075402224e-5	NA
Temporal	-0.34464689238073454	0.5281241296135114	NA	4.429652265687067e-4	NA
Temporal	-0.34464689238073454	0.5946468923807345	0.00575215977341029	6.85244266616651e-4	0.4979955609317893
Temporal	-0.34464689238073454	0.7041655061513485	NA	0.0011640720491455385	NA
Temporal	-0.34464689238073454	0.8802068826891857	NA	0.2191269414496393	NA
Temporal	-0.34464689238073454	1.0562482592270228	NA	1.5034082455333093	NA
Temporal	-0.34464689238073454	1.0946468923807346	1.024654958646671	1.8465225441535746	0.5935966379574875
Temporal	-0.34464689238073454	1.23228963576486	NA	3.2828746834095366	NA
Temporal	-0.34464689238073454	1.408331012302697	NA	5.595143312335783	NA
Temporal	-0.34464689238073454	1.584372388840534	NA	8.146407952482942	NA
Temporal	-0.34464689238073454	1.5946468923807346	7.779176781751398	8.286890072769772	0.7747364380991829
Temporal	-0.34464689238073454	1.7604137653783714	NA	10.596540168660939	NA
Temporal	-0.34464689238073454	1.9364551419162086	NA	13.31052788037766	NA
Temporal	-0.34464689238073454	2.0946468923807346	16.623358227723347	16.029099735838912	0.9046305710011072
Temporal	-0.34464689238073454	2.1124965184540456	NA	16.349278505498486	NA
Temporal	-0.34464689238073454	2.2885378949918826	NA	19.650093982121536	NA
Temporal	-0.34464689238073454	2.46457927152972	NA	23.193130083609617	NA
Temporal	-0.34464689238073454	2.5946468923807346	26.585545644372143	25.562397386619395	1.0084564834937169
Temporal	-0.34464689238073454	2.640620648067557	NA	26.371973414717893	NA
Temporal	-0.34464689238073454	2.816662024605394	NA	29.37132466177252	NA
Temporal	-0.34464689238073454	2.992703401143231	NA	30.957634144653536	NA
Temporal	-0.34464689238073454	3.0946468923807346	31.762871516837752	31.27881563848222	1.05184710143084
Temporal	-0.34464689238073454	3.168744777681068	NA	31.387828545042314	NA
Temporal	-0.34464689238073454	3.3447861542189057	NA	31.9038008604124	NA
Temporal	-0.34464689238073454	3.5208275307567427	NA	32.06385280832806	NA
Temporal	-0.34464689238073454	3.6968689072945797	NA	32.14280507669393	NA
Temporal	-0.34464689238073454	3.8446468923807346	32.06952442919969	32.220982328433486	1.2771234363638424
Temporal	-0.34464689238073454	3.872910283832417	NA	32.22949556185318	NA
Temporal	-0.34464689238073454	4.048951660370254	NA	32.2369656192288	NA
Temporal	-0.34464689238073454	4.224993036908091	NA	32.16768723058985	NA
Temporal	-0.34464689238073454	4.401034413445928	NA	32.02404045942876	NA
Temporal	-0.34464689238073454	4.577075789983765	NA	31.808316933581878	NA
Temporal	-0.34464689238073454	4.753117166521602	NA	31.522723195662238	NA
Temporal	-0.34464689238073454	4.844646892380735	30.381973645755675	31.347358957196008	1.2409533465925953
Temporal	-0.34464689238073454	4.92915854305944	NA	31.169383926322787	NA
Temporal	-0.34464689238073454	5.105199919597277	NA	30.750345045177614	NA
Temporal	-0.34464689238073454	5.281241296135114	NA	30.26757669402583	NA
Temporal	-0.34464689238073454	5.457282672672951	NA	29.81289216122122	NA
Temporal	-0.34464689238073454	5.633324049210788	NA	29.386570265284156	NA
Temporal	-0.34464689238073454	5.809365425748625	NA	28.97100937012366	NA
Temporal	-0.34464689238073454	5.844646892380735	28.43326180321529	28.888975289557596	1.1990027673150705
Temporal	-0.34464689238073454	5.985406802286462	NA	28.56575046555576	NA
Temporal	-0.34464689238073454	6.161448178824299	NA	28.17035214890056	NA
Temporal	-0.34464689238073454	6.337489555362136	NA	27.784389955881245	NA
Temporal	-0.34464689238073454	6.513530931899974	NA	27.407455716926933	NA
Temporal	-0.34464689238073454	6.689572308437811	NA	27.039156937914846	NA
Temporal	-0.34464689238073454	6.865613684975648	NA	26.679116204424304	NA
Temporal	-0.34464689238073454	7.041655061513485	NA	26.32697060860959	NA
Temporal	-0.34464689238073454	7.217696438051322	NA	25.98237119783317	NA
Temporal	-0.34464689238073454	7.344646892380735	25.63746181722857	25.738364660294412	1.4086112960853336
Temporal	-0.34464689238073454	7.3937378145891595	NA	25.64498244423318	NA
Temporal	-0.34464689238073454	7.5697791911269965	NA	25.314481734430284	NA
Temporal	-0.34464689238073454	7.745820567664834	NA	24.990558878609562	NA
Temporal	-0.34464689238073454	7.921861944202671	NA	24.67291563824154	NA
Temporal	-0.34464689238073454	8.097903320740508	NA	24.36126582658958	NA
Temporal	-0.34464689238073454	8.273944697278345	NA	24.05533345808419	NA
Temporal	-0.34464689238073454	8.449986073816182	NA	23.754853162687	NA
Temporal	-0.34464689238073454	8.62602745035402	NA	23.459570137250587	NA
Temporal	-0.34464689238073454	8.802068826891857	NA	23.169239424035535	NA
Temporal	-0.34464689238073454	8.978110203429694	NA	22.883625536323507	NA
Temporal	-0.34464689238073454	9.15415157996753	NA	22.602502098245765	NA
Temporal	-0.34464689238073454	9.330192956505368	NA	22.32565149828718	NA
Temporal	-0.34464689238073454	9.344646892380734	22.566943834404487	22.303103754530536	1.3144617490295751
Temporal	-0.34464689238073454	9.506234333043205	NA	22.052864555946666	NA
Temporal	-0.34464689238073454	9.682275709581042	NA	21.783940201054577	NA
Temporal	-0.34464689238073454	9.85831708611888	NA	21.518685165266554	NA
Temporal	-0.34464689238073454	10.034358462656717	NA	21.256913685271506	NA
Temporal	-0.34464689238073454	10.210399839194555	NA	20.998458918309158	NA
Temporal	-0.34464689238073454	10.386441215732392	NA	20.752682030702978	NA
Temporal	-0.34464689238073454	10.562482592270229	NA	20.516288280287206	NA
Temporal	-0.34464689238073454	10.738523968808066	NA	20.288061675133783	NA
Temporal	-0.34464689238073454	10.914565345345903	NA	20.067682822035632	NA
Temporal	-0.34464689238073454	11.09060672188374	NA	19.854844486769927	NA
Temporal	-0.34464689238073454	11.266648098421577	NA	19.649251132377366	NA
Temporal	-0.34464689238073454	11.442689474959414	NA	19.4506184749705	NA
Temporal	-0.34464689238073454	11.61873085149725	NA	19.25867305640556	NA
Temporal	-0.34464689238073454	11.794772228035088	NA	19.07315183317761	NA
Temporal	-0.34464689238073454	11.970813604572925	NA	18.89380178092318	NA
Temporal	-0.34464689238073454	12.146854981110762	NA	18.72037951393778	NA
Temporal	-0.34464689238073454	12.322896357648599	NA	18.55265091913831	NA
Temporal	-0.34464689238073454	12.498937734186436	NA	18.39039080392205	NA
Temporal	-0.34464689238073454	12.674979110724273	NA	18.233382557394577	NA
Temporal	-0.34464689238073454	12.844646892380734	18.74208237706191	18.086832450117587	1.60001642972666
Temporal	-0.34464689238073454	12.851020487262112	NA	18.08141782445907	NA
Temporal	-0.34464689238073454	13.027061863799949	NA	17.93429619227887	NA
Temporal	-0.34464689238073454	13.203103240337786	NA	17.7918248886434	NA
Temporal	-0.34464689238073454	13.379144616875623	NA	17.65381849178562	NA
Temporal	-0.34464689238073454	13.55518599341346	NA	17.520098651216305	NA
Temporal	-0.34464689238073454	13.731227369951297	NA	17.39049381915695	NA
Temporal	-0.34464689238073454	13.907268746489134	NA	17.264838992168677	NA
Temporal	-0.34464689238073454	14.08331012302697	NA	17.142975462590385	NA
Temporal	-0.34464689238073454	14.259351499564808	NA	17.024750579413684	NA
Temporal	-0.34464689238073454	14.435392876102645	NA	16.910017518236184	NA
Temporal	-0.34464689238073454	14.611434252640482	NA	16.79863505994858	NA
Temporal	-0.34464689238073454	14.787475629178319	NA	16.690467377824127	NA
Temporal	-0.34464689238073454	14.963517005716156	NA	16.585383832691246	NA
Temporal	-0.34464689238073454	15.139558382253993	NA	16.483258775882604	NA
Temporal	-0.34464689238073454	15.31559975879183	NA	16.38397135966536	NA
Temporal	-0.34464689238073454	15.491641135329669	NA	16.285609246730296	NA
Temporal	-0.34464689238073454	15.667682511867506	NA	16.190202593479757	NA
Temporal	-0.34464689238073454	15.843723888405343	NA	16.097683036606004	NA
Temporal	-0.34464689238073454	16.019765264943178	NA	16.007935286126244	NA
Temporal	-0.34464689238073454	16.195806641481017	NA	15.92084850706918	NA
Temporal	-0.34464689238073454	16.371848018018852	NA	15.836315629919543	NA
Temporal	-0.34464689238073454	16.54788939455669	NA	15.754233966352583	NA
Temporal	-0.34464689238073454	16.723930771094526	NA	15.674504747108823	NA
Temporal	-0.34464689238073454	16.899972147632365	NA	15.59703297313789	NA
Temporal	-0.34464689238073454	17.076013524170204	NA	15.521727272393756	NA
Temporal	-0.34464689238073454	17.25205490070804	NA	15.448499762066781	NA
Temporal	-0.34464689238073454	17.428096277245878	NA	15.377265916046207	NA
Temporal	-0.34464689238073454	17.604137653783713	NA	15.30794443741442	NA
Temporal	-0.34464689238073454	17.780179030321552	NA	15.240457135782162	NA
Temporal	-0.34464689238073454	17.844646892380734	15.530754654437423	15.216186936870866	1.4105531070786514
Temporal	-0.34464689238073454	17.956220406859387	NA	15.174728809280678	NA
Temporal	-0.34464689238073454	18.132261783397226	NA	15.110687131034192	NA
Temporal	-0.34464689238073454	18.30830315993506	NA	15.048262539942547	NA
Temporal	-0.34464689238073454	18.4843445364729	NA	14.987388135610296	NA
Temporal	-0.34464689238073454	18.660385913010735	NA	14.92799957726506	NA
Temporal	-0.34464689238073454	18.836427289548574	NA	14.870034986513387	NA
Temporal	-0.34464689238073454	19.01246866608641	NA	14.81343485378878	NA
Temporal	-0.34464689238073454	19.188510042624248	NA	14.75814194835139	NA
Temporal	-0.34464689238073454	19.364551419162083	NA	14.704101231704808	NA
Temporal	-0.34464689238073454	19.540592795699922	NA	14.651259774300046	NA
Temporal	-0.34464689238073454	19.71663417223776	NA	14.599566675402029	NA
Temporal	-0.34464689238073454	19.892675548775596	NA	14.548972985998448	NA
Temporal	-0.34464689238073454	20.068716925313435	NA	14.49943163463559	NA
Temporal	-0.34464689238073454	20.24475830185127	NA	14.450897356069863	NA
Temporal	-0.34464689238073454	20.42079967838911	NA	14.403326622628319	NA
Temporal	-0.34464689238073454	20.596841054926944	NA	14.35667757817513	NA
Temporal	-0.34464689238073454	20.772882431464783	NA	14.310909974585226	NA
Temporal	-0.34464689238073454	20.94892380800262	NA	14.265985110629906	NA
Temporal	-0.34464689238073454	21.124965184540457	NA	14.221865773182703	NA
Temporal	-0.34464689238073454	21.301006561078292	NA	14.17851618065771	NA
Temporal	-0.34464689238073454	21.47704793761613	NA	14.135901928595219	NA
Temporal	-0.34464689238073454	21.653089314153966	NA	14.093989937313573	NA
Temporal	-0.34464689238073454	21.829130690691805	NA	14.05274840154844	NA
Temporal	-0.34464689238073454	22.00517206722964	NA	14.012146742004283	NA
Temporal	-0.34464689238073454	22.18121344376748	NA	13.972155558745305	NA
Temporal	-0.34464689238073454	22.357254820305315	NA	13.932746586356163	NA
Temporal	-0.34464689238073454	22.533296196843153	NA	13.893892650805054	NA
Temporal	-0.34464689238073454	22.709337573380992	NA	13.855567627944788	NA
Temporal	-0.34464689238073454	22.844646892380734	13.796735475653406	13.826453803672065	1.287011358274444
Temporal	-0.34464689238073454	22.885378949918827	NA	13.817746403589515	NA
Temporal	-0.34464689238073454	23.061420326456666	NA	13.780404835107275	NA
Temporal	-0.34464689238073454	23.2374617029945	NA	13.743519714470965	NA
Temporal	-0.34464689238073454	23.41350307953234	NA	13.707068732712141	NA
Temporal	-0.34464689238073454	23.589544456070175	NA	13.67103044572466	NA
Temporal	-0.34464689238073454	23.765585832608014	NA	13.635384241366639	NA
Temporal	-0.34464689238073454	23.94162720914585	NA	13.60011030781166	NA
Temporal	-0.34464689238073454	24.11766858568369	NA	13.56518964953755	NA
Temporal	-0.34464689238073454	24.293709962221524	NA	13.530603918259343	NA
Temporal	-0.34464689238073454	24.469751338759362	NA	13.49633552041099	NA
Temporal	-0.34464689238073454	24.645792715297198	NA	13.46236755259741	NA
Temporal	-0.34464689238073454	24.821834091835036	NA	13.428683770618955	NA
Temporal	-0.34464689238073454	24.99787546837287	NA	13.39526856438308	NA
Temporal	-0.34464689238073454	25.17391684491071	NA	13.362106933768672	NA
Temporal	-0.34464689238073454	25.349958221448546	NA	13.329184465406815	NA
Temporal	-0.34464689238073454	25.525999597986385	NA	13.296487310343338	NA
Temporal	-0.34464689238073454	25.702040974524223	NA	13.26400216254955	NA
Temporal	-0.34464689238073454	25.87808235106206	NA	13.231716238249058	NA
Temporal	-0.34464689238073454	26.054123727599897	NA	13.199617256029557	NA
Temporal	-0.34464689238073454	26.230165104137733	NA	13.1676934177099	NA
Temporal	-0.34464689238073454	26.40620648067557	NA	13.135933389933822	NA
Temporal	-0.34464689238073454	26.582247857213407	NA	13.104326286462499	NA
Temporal	-0.34464689238073454	26.758289233751245	NA	13.072861651139696	NA
Temporal	-0.34464689238073454	26.93433061028908	NA	13.041529441503767	NA
Temporal	-0.34464689238073454	27.11037198682692	NA	13.010320013021985	NA
Temporal	-0.34464689238073454	27.286413363364755	NA	12.979224103923881	NA
Temporal	-0.34464689238073454	27.462454739902594	NA	12.94823282061005	NA
Temporal	-0.34464689238073454	27.63849611644043	NA	12.917337623615596	NA
Temporal	-0.34464689238073454	27.814537492978268	NA	12.88653031410649	NA
Temporal	-0.34464689238073454	27.844646892380734	12.664810813308714	12.881269383336784	1.1896174610375203
Temporal	-0.34464689238073454	27.990578869516103	NA	12.85580302088874	NA
Temporal	-0.34464689238073454	28.16662024605394	NA	12.825148187911035	NA
Temporal	-0.34464689238073454	28.34266162259178	NA	12.794558562241976	NA
Temporal	-0.34464689238073454	28.518702999129616	NA	12.76402718250403	NA
Temporal	-0.34464689238073454	28.694744375667455	NA	12.733547367746697	NA
Temporal	-0.34464689238073454	28.87078575220529	NA	12.703112706742344	NA
Temporal	-0.34464689238073454	29.04682712874313	NA	12.672717047688627	NA
Temporal	-0.34464689238073454	29.222868505280964	NA	12.642354488302026	NA
Temporal	-0.34464689238073454	29.398909881818803	NA	12.612019366287704	NA
Temporal	-0.34464689238073454	29.574951258356638	NA	12.581706250171326	NA
Temporal	-0.34464689238073454	29.750992634894477	NA	12.551409930479194	NA
Temporal	-0.34464689238073454	29.927034011432312	NA	12.521125411253385	NA
Temporal	-0.34464689238073454	30.10307538797015	NA	12.490847901889241	NA
Temporal	-0.34464689238073454	30.279116764507986	NA	12.460613814632755	NA
Temporal	-0.34464689238073454	30.455158141045825	NA	12.430742791626548	NA
Temporal	-0.34464689238073454	30.63119951758366	NA	12.401275869738232	NA
Temporal	-0.34464689238073454	30.8072408941215	NA	12.372196186108884	NA
Temporal	-0.34464689238073454	30.983282270659338	NA	12.343487523536204	NA
Temporal	-0.34464689238073454	31.159323647197173	NA	12.31513428594329	NA
Temporal	-0.34464689238073454	31.33536502373501	NA	12.287121474778687	NA
Temporal	-0.34464689238073454	31.511406400272847	NA	12.259434666312458	NA
Temporal	-0.34464689238073454	31.687447776810686	NA	12.232059989794354	NA
Temporal	-0.34464689238073454	31.86348915334852	NA	12.204984106441094	NA
Temporal	-0.34464689238073454	32.039530529886356	NA	12.178194211983834	NA
Temporal	-0.34464689238073454	32.215571906424195	NA	12.151677965111933	NA
Temporal	-0.34464689238073454	32.391613282962034	NA	12.125423485081791	NA
Temporal	-0.34464689238073454	32.56765465949987	NA	12.099419366558415	NA
Temporal	-0.34464689238073454	32.743696036037704	NA	12.073654642478639	NA
Temporal	-0.34464689238073454	32.84464689238074	11.786553340804424	12.058983703200385	1.10923284673891
Temporal	-0.34464689238073454	32.91973741257554	NA	12.048118767393689	NA
Temporal	-0.34464689238073454	33.09577878911338	NA	12.022801601444257	NA
Temporal	-0.34464689238073454	33.27182016565122	NA	11.997693394943946	NA
Temporal	-0.34464689238073454	33.44786154218905	NA	11.972784773548117	NA
Temporal	-0.34464689238073454	33.62390291872689	NA	11.948066723985756	NA
Temporal	-0.34464689238073454	33.79994429526473	NA	11.923530580333212	NA
Temporal	-0.34464689238073454	33.97598567180257	NA	11.89916801080894	NA
Temporal	-0.34464689238073454	34.15202704834041	NA	11.874971005069769	NA
Temporal	-0.34464689238073454	34.32806842487824	NA	11.85093186198939	NA
Temporal	-0.34464689238073454	34.50410980141608	NA	11.827043177901016	NA
Temporal	-0.34464689238073454	34.68015117795392	NA	11.803297835286333	NA
Temporal	-0.34464689238073454	34.856192554491756	NA	11.779688991894009	NA
Temporal	-0.34464689238073454	35.03223393102959	NA	11.756210070271337	NA
Temporal	-0.34464689238073454	35.208275307567426	NA	11.732854747693345	NA
Temporal	-0.34464689238073454	35.384316684105265	NA	11.709616946474336	NA
Temporal	-0.34464689238073454	35.560358060643104	NA	11.686490824647278	NA
Temporal	-0.34464689238073454	35.736399437180935	NA	11.663470766997087	NA
Temporal	-0.34464689238073454	35.912440813718774	NA	11.64055137643442	NA
Temporal	-0.34464689238073454	36.08848219025661	NA	11.617727465696992	NA
Temporal	-0.34464689238073454	36.26452356679445	NA	11.594994049366003	NA
Temporal	-0.34464689238073454	36.440564943332284	NA	11.572346336185722	NA
Temporal	-0.34464689238073454	36.61660631987012	NA	11.549779721674716	NA
Temporal	-0.34464689238073454	36.79264769640796	NA	11.527289781017616	NA
Temporal	-0.34464689238073454	36.9686890729458	NA	11.504872262226852	NA
Temporal	-0.34464689238073454	37.14473044948364	NA	11.48252307956401	NA
Temporal	-0.34464689238073454	37.32077182602147	NA	11.460238307211009	NA
Temporal	-0.34464689238073454	37.49681320255931	NA	11.438014173181651	NA
Temporal	-0.34464689238073454	37.67285457909715	NA	11.415847053464294	NA
Temporal	-0.34464689238073454	37.84464689238074	11.078132383668173	11.394266621272418	1.0403325146640467
Temporal	-0.34464689238073454	37.84889595563499	NA	11.39373346638701	NA
Temporal	-0.34464689238073454	38.02493733217282	NA	11.371670067196742	NA
Temporal	-0.34464689238073454	38.20097870871066	NA	11.349653642844215	NA
Temporal	-0.34464689238073454	38.377020085248496	NA	11.327681106967018	NA
Temporal	-0.34464689238073454	38.553061461786335	NA	11.305749495063152	NA
Temporal	-0.34464689238073454	38.72910283832417	NA	11.283855959847827	NA
Temporal	-0.34464689238073454	38.905144214862005	NA	11.261997766786665	NA
Temporal	-0.34464689238073454	39.081185591399844	NA	11.240172289798503	NA
Temporal	-0.34464689238073454	39.25722696793768	NA	11.218377007121388	NA
Temporal	-0.34464689238073454	39.43326834447552	NA	11.196609497335588	NA
Temporal	-0.34464689238073454	39.609309721013354	NA	11.174867435537665	NA
Temporal	-0.34464689238073454	39.78535109755119	NA	11.153148589659802	NA
Temporal	-0.34464689238073454	39.96139247408903	NA	11.131450817456107	NA
Temporal	-0.34464689238073454	40.13743385062687	NA	11.109772063531857	NA
Temporal	-0.34464689238073454	40.3134752271647	NA	11.088110351021998	NA
Temporal	-0.34464689238073454	40.48951660370254	NA	11.066463785146926	NA
Temporal	-0.34464689238073454	40.66555798024038	NA	11.044830547551351	NA
Temporal	-0.34464689238073454	40.84159935677822	NA	11.023208893386888	NA
Temporal	-0.34464689238073454	41.01764073331605	NA	11.001597148505192	NA
Temporal	-0.34464689238073454	41.19368210985389	NA	10.979993706757973	NA
Temporal	-0.34464689238073454	41.36972348639173	NA	10.958397027399469	NA
Temporal	-0.34464689238073454	41.545764862929566	NA	10.936805632587593	NA
Temporal	-0.34464689238073454	41.7218062394674	NA	10.915218104979985	NA
Temporal	-0.34464689238073454	41.89784761600524	NA	10.893633085421426	NA
Temporal	-0.34464689238073454	42.073888992543075	NA	10.872049270719053	NA
Temporal	-0.34464689238073454	42.249930369080914	NA	10.85046541150214	NA
Temporal	-0.34464689238073454	42.42597174561875	NA	10.828880310163155	NA
Temporal	-0.34464689238073454	42.602013122156585	NA	10.807292818877036	NA
Temporal	-0.34464689238073454	42.778054498694424	NA	10.78570183769574	NA
Temporal	-0.34464689238073454	42.84464689238074	10.426042222506526	10.777533340835658	0.9806967120621216
Temporal	-0.34464689238073454	42.95409587523226	NA	10.764106312715166	NA
Temporal	-0.34464689238073454	43.1301372517701	NA	10.742505234311746	NA
Temporal	-0.34464689238073454	43.30617862830793	NA	10.720897635445995	NA
Temporal	-0.34464689238073454	43.48222000484577	NA	10.699282590030585	NA
Temporal	-0.34464689238073454	43.65826138138361	NA	10.677659211360352	NA
Temporal	-0.34464689238073454	43.83430275792145	NA	10.656026650602023	NA
Temporal	-0.34464689238073454	44.01034413445928	NA	10.634384095341312	NA
Temporal	-0.34464689238073454	44.18638551099712	NA	10.612730768185191	NA
Temporal	-0.34464689238073454	44.36242688753496	NA	10.591065925417361	NA
Temporal	-0.34464689238073454	44.5384682640728	NA	10.56938885570471	NA
Temporal	-0.34464689238073454	44.71450964061063	NA	10.547698878853065	NA
Temporal	-0.34464689238073454	44.89055101714847	NA	10.525995344610108	NA
Temporal	-0.34464689238073454	45.06659239368631	NA	10.504277631513851	NA
Temporal	-0.34464689238073454	45.242633770224145	NA	10.482545145784904	NA
Temporal	-0.34464689238073454	45.418675146761984	NA	10.461011829890282	NA
Temporal	-0.34464689238073454	45.594716523299816	NA	10.43979999994862	NA
Temporal	-0.34464689238073454	45.770757899837655	NA	10.418784256295945	NA
Temporal	-0.34464689238073454	45.946799276375494	NA	10.39795746519338	NA
Temporal	-0.34464689238073454	46.12284065291333	NA	10.377312762608952	NA
Temporal	-0.34464689238073454	46.298882029451164	NA	10.356843543982443	NA
Temporal	-0.34464689238073454	46.474923405989	NA	10.336543454378948	NA
Temporal	-0.34464689238073454	46.65096478252684	NA	10.316406379016104	NA
Temporal	-0.34464689238073454	46.82700615906468	NA	10.296426434150986	NA
Temporal	-0.34464689238073454	47.00304753560251	NA	10.276597958312948	NA
Temporal	-0.34464689238073454	47.17908891214035	NA	10.25691550386927	NA
Temporal	-0.34464689238073454	47.35513028867819	NA	10.237373828911	NA
Temporal	-0.34464689238073454	47.53117166521603	NA	10.217967889446815	NA
Temporal	-0.34464689238073454	47.70721304175386	NA	10.198692831893226	NA
Temporal	-0.34464689238073454	47.84464689238074	9.977134950491989	10.183733027970487	0.9299535001547254
Temporal	-0.34464689238073454	47.8832544182917	NA	10.179543985849888	NA
Temporal	-0.34464689238073454	48.05929579482954	NA	10.160516871797826	NA
Temporal	-0.34464689238073454	48.23533717136738	NA	10.141607152570103	NA
Temporal	-0.34464689238073454	48.411378547905215	NA	10.122810663355176	NA
Temporal	-0.34464689238073454	48.58741992444305	NA	10.104123399637624	NA
Temporal	-0.34464689238073454	48.763461300980886	NA	10.085541507869642	NA
Temporal	-0.34464689238073454	48.939502677518725	NA	10.067061279743648	NA
Temporal	-0.34464689238073454	49.115544054056564	NA	10.048679146682217	NA
Temporal	-0.34464689238073454	49.291585430594395	NA	10.030391674537162	NA
Temporal	-0.34464689238073454	49.467626807132234	NA	10.012195558489934	NA
Temporal	-0.34464689238073454	49.64366818367007	NA	9.994087618145523	NA
Temporal	-0.34464689238073454	49.81970956020791	NA	9.976064792812652	NA
Temporal	-0.34464689238073454	49.99575093674574	NA	9.95812413696308	NA
Temporal	-0.34464689238073454	50.17179231328358	NA	9.940262815863367	NA
Temporal	-0.34464689238073454	50.34783368982142	NA	9.922478101372333	NA
Temporal	-0.34464689238073454	50.52387506635926	NA	9.90476736789818	NA
Temporal	-0.34464689238073454	50.69991644289709	NA	9.887128088508964	NA
Temporal	-0.34464689238073454	50.87595781943493	NA	9.8695578311908	NA
Temporal	-0.34464689238073454	51.05199919597277	NA	9.852054255248072	NA
Temporal	-0.34464689238073454	51.22804057251061	NA	9.834615107840275	NA
Temporal	-0.34464689238073454	51.40408194904845	NA	9.817238220650328	NA
Temporal	-0.34464689238073454	51.58012332558628	NA	9.799921506679413	NA
Temporal	-0.34464689238073454	51.75616470212412	NA	9.782662957163378	NA
Temporal	-0.34464689238073454	51.932206078661956	NA	9.765460638606257	NA
Temporal	-0.34464689238073454	52.108247455199795	NA	9.748312689926403	NA
Temporal	-0.34464689238073454	52.284288831737626	NA	9.731217319710904	NA
Temporal	-0.34464689238073454	52.460330208275465	NA	9.714172803574257	NA
Temporal	-0.34464689238073454	52.636371584813304	NA	9.697177481617299	NA
Temporal	-0.34464689238073454	52.81241296135114	NA	9.680229755982582	NA
Temporal	-0.34464689238073454	52.84464689238074	9.550081735470163	9.677131574505571	0.88530688396593
Temporal	-0.34464689238073454	52.988454337888975	NA	9.663328088502519	NA
Temporal	-0.34464689238073454	53.16449571442681	NA	9.646470998436879	NA
Temporal	-0.34464689238073454	53.34053709096465	NA	9.629657060296061	NA
Temporal	-0.34464689238073454	53.51657846750249	NA	9.612884901747082	NA
Temporal	-0.34464689238073454	53.69261984404033	NA	9.596153201599	NA
Temporal	-0.34464689238073454	53.86866122057816	NA	9.579460687864794	NA
Temporal	-0.34464689238073454	54.044702597116	NA	9.56280613589686	NA
Temporal	-0.34464689238073454	54.22074397365384	NA	9.546188366593206	NA
Temporal	-0.34464689238073454	54.39678535019168	NA	9.529606244671884	NA
Temporal	-0.34464689238073454	54.57282672672951	NA	9.513058677010656	NA
Temporal	-0.34464689238073454	54.74886810326735	NA	9.496544611049952	NA
Temporal	-0.34464689238073454	54.92490947980519	NA	9.480063033256274	NA
Temporal	-0.34464689238073454	55.100950856343026	NA	9.463612967644	NA
Temporal	-0.34464689238073454	55.27699223288086	NA	9.447193474353265	NA
Temporal	-0.34464689238073454	55.453033609418696	NA	9.430803648281849	NA
Temporal	-0.34464689238073454	55.629074985956535	NA	9.414442617768902	NA
Temporal	-0.34464689238073454	55.805116362494374	NA	9.398109543328772	NA
Temporal	-0.34464689238073454	55.981157739032206	NA	9.381803618260758	NA
Temporal	-0.34464689238073454	56.157199115570045	NA	9.36552406402066	NA
Temporal	-0.34464689238073454	56.33324049210788	NA	9.349270128276759	NA
Temporal	-0.34464689238073454	56.50928186864572	NA	9.333041088527745	NA
Temporal	-0.34464689238073454	56.68532324518356	NA	9.316836248801087	NA
Temporal	-0.34464689238073454	56.86136462172139	NA	9.300654938649043	NA
Temporal	-0.34464689238073454	57.03740599825923	NA	9.284496512182944	NA
Temporal	-0.34464689238073454	57.21344737479707	NA	9.268360347144021	NA
Temporal	-0.34464689238073454	57.38948875133491	NA	9.252245844009568	NA
Temporal	-0.34464689238073454	57.56553012787274	NA	9.23615242513296	NA
Temporal	-0.34464689238073454	57.74157150441058	NA	9.220079533916351	NA
Temporal	-0.34464689238073454	57.84464689238074	9.150894959229506	9.210677881322534	0.8456200491680635
Temporal	-0.34464689238073454	57.91761288094842	NA	9.204026634014753	NA
Temporal	-0.34464689238073454	58.09365425748626	NA	9.187993208570328	NA
Temporal	-0.34464689238073454	58.26969563402409	NA	9.171978759475747	NA
Temporal	-0.34464689238073454	58.44573701056193	NA	9.15598280666545	NA
Temporal	-0.34464689238073454	58.621778387099766	NA	9.140004887433879	NA
Temporal	-0.34464689238073454	58.797819763637605	NA	9.124044555779523	NA
Temporal	-0.34464689238073454	58.97386114017544	NA	9.108101381773857	NA
Temporal	-0.34464689238073454	59.149902516713276	NA	9.092174950954291	NA
Temporal	-0.34464689238073454	59.325943893251115	NA	9.07626486374007	NA
Temporal	-0.34464689238073454	59.50198526978895	NA	9.06037073487037	NA
Temporal	-0.34464689238073454	59.67802664632679	NA	9.044492192863752	NA
Temporal	-0.34464689238073454	59.854068022864624	NA	9.028628879498052	NA
Temporal	-0.34464689238073454	60.03010939940246	NA	9.012780449310094	NA
Temporal	-0.34464689238073454	60.2061507759403	NA	8.996999233234332	NA
Temporal	-0.34464689238073454	60.38219215247814	NA	8.981356978046348	NA
Temporal	-0.34464689238073454	60.55823352901597	NA	8.965820650222122	NA
Temporal	-0.34464689238073454	60.73427490555381	NA	8.95038707406592	NA
Temporal	-0.34464689238073454	60.91031628209165	NA	8.935053191399518	NA
Temporal	-0.34464689238073454	61.08635765862949	NA	8.919816057111765	NA
Temporal	-0.34464689238073454	61.26239903516732	NA	8.904672834877031	NA
Temporal	-0.34464689238073454	61.43844041170516	NA	8.88962079303621	NA
Temporal	-0.34464689238073454	61.614481788243	NA	8.874657300634007	NA
Temporal	-0.34464689238073454	61.790523164780836	NA	8.859779823606628	NA
Temporal	-0.34464689238073454	61.966564541318675	NA	8.84498592111424	NA
Temporal	-0.34464689238073454	62.14260591785651	NA	8.830273242012494	NA
Temporal	-0.34464689238073454	62.318647294394346	NA	8.815639521458026	NA
Temporal	-0.34464689238073454	62.494688670932184	NA	8.801082577642882	NA
Temporal	-0.34464689238073454	62.67073004747002	NA	8.786600308652677	NA
Temporal	-0.34464689238073454	62.84464689238074	8.91490820653109	8.772364185730009	0.8117140878636057
Temporal	-0.34464689238073454	62.846771424007855	NA	8.772190689444185	NA
Temporal	-0.34464689238073454	63.022812800545694	NA	8.757851768937496	NA
Temporal	-0.34464689238073454	63.19885417708353	NA	8.743581667218622	NA
Temporal	-0.34464689238073454	63.37489555362137	NA	8.729378572848193	NA
Temporal	-0.34464689238073454	63.5509369301592	NA	8.715240740272337	NA
Temporal	-0.34464689238073454	63.72697830669704	NA	8.701166487331783	NA
Temporal	-0.34464689238073454	63.90301968323488	NA	8.687154193702904	NA
Temporal	-0.34464689238073454	64.07906105977271	NA	8.673202304203766	NA
Temporal	-0.34464689238073454	64.25510243631055	NA	8.659309304276194	NA
Temporal	-0.34464689238073454	64.43114381284839	NA	8.645473742291841	NA
Temporal	-0.34464689238073454	64.60718518938623	NA	8.631694218909484	NA
Temporal	-0.34464689238073454	64.78322656592407	NA	8.617969385100162	NA
Temporal	-0.34464689238073454	64.9592679424619	NA	8.60429794024728	NA
Temporal	-0.34464689238073454	65.13530931899975	NA	8.59067863031878	NA
Temporal	-0.34464689238073454	65.31135069553758	NA	8.577110246108676	NA
Temporal	-0.34464689238073454	65.48739207207541	NA	8.563591621545301	NA
Temporal	-0.34464689238073454	65.66343344861325	NA	8.55012163206375	NA
Temporal	-0.34464689238073454	65.83947482515109	NA	8.536699193040048	NA
Temporal	-0.34464689238073454	66.01551620168892	NA	8.523323258284806	NA
Temporal	-0.34464689238073454	66.19155757822676	NA	8.509992818593926	NA
Temporal	-0.34464689238073454	66.3675989547646	NA	8.496706900354345	NA
Temporal	-0.34464689238073454	66.54364033130244	NA	8.483464564202693	NA
Temporal	-0.34464689238073454	66.71968170784028	NA	8.470264903734783	NA
Temporal	-0.34464689238073454	66.8957230843781	NA	8.457107044264108	NA
Temporal	-0.34464689238073454	67.07176446091594	NA	8.44399014162738	NA
Temporal	-0.34464689238073454	67.24780583745378	NA	8.430913381035477	NA
Temporal	-0.34464689238073454	67.42384721399162	NA	8.417875975967833	NA
Temporal	-0.34464689238073454	67.59988859052946	NA	8.404877167108921	NA
Temporal	-0.34464689238073454	67.7759299670673	NA	8.391916221324978	NA
Temporal	-0.34464689238073454	67.84464689238074	8.490991399056153	8.386867084412179	0.7789040092418946
Temporal	-0.34464689238073454	67.95197134360514	NA	8.378992430679553	NA
Temporal	-0.34464689238073454	68.12801272014298	NA	8.366105111486407	NA
Temporal	-0.34464689238073454	68.30405409668082	NA	8.35325360339836	NA
Temporal	-0.34464689238073454	68.48009547321864	NA	8.340437268530662	NA
Temporal	-0.34464689238073454	68.65613684975648	NA	8.327655490617605	NA
Temporal	-0.34464689238073454	68.83217822629432	NA	8.31490767420116	NA
Temporal	-0.34464689238073454	69.00821960283216	NA	8.302193243850335	NA
Temporal	-0.34464689238073454	69.18426097937	NA	8.289511643410146	NA
Temporal	-0.34464689238073454	69.36030235590783	NA	8.276862335279123	NA
Temporal	-0.34464689238073454	69.53634373244567	NA	8.2642447997141	NA
Temporal	-0.34464689238073454	69.71238510898351	NA	8.251658534161491	NA
Temporal	-0.34464689238073454	69.88842648552134	NA	8.239103052613807	NA
Temporal	-0.34464689238073454	70.06446786205917	NA	8.226577884990661	NA
Temporal	-0.34464689238073454	70.24050923859701	NA	8.214082576543179	NA
Temporal	-0.34464689238073454	70.41655061513485	NA	8.201616687281016	NA
Temporal	-0.34464689238073454	70.59259199167269	NA	8.189179791421063	NA
Temporal	-0.34464689238073454	70.76863336821053	NA	8.176771476857107	NA
Temporal	-0.34464689238073454	70.94467474474837	NA	8.16439134464953	NA
Temporal	-0.34464689238073454	71.12071612128621	NA	8.15203900853441	NA
Temporal	-0.34464689238073454	71.29675749782405	NA	8.139714094451138	NA
Temporal	-0.34464689238073454	71.47279887436187	NA	8.127416240088058	NA
Temporal	-0.34464689238073454	71.64884025089971	NA	8.115145094445195	NA
Temporal	-0.34464689238073454	71.82488162743755	NA	8.102900317413653	NA
Temporal	-0.34464689238073454	72.00092300397539	NA	8.090681582223828	NA
Temporal	-0.34464689238073454	72.17696438051323	NA	8.078488567485625	NA
Temporal	-0.34464689238073454	72.35300575705106	NA	8.06632096231706	NA
Temporal	-0.34464689238073454	72.5290471335889	NA	8.054178466280986	NA
Temporal	-0.34464689238073454	72.70508851012674	NA	8.04206078795518	NA
Temporal	-0.34464689238073454	72.84464689238074	8.231697028854482	8.032471848606296	0.7499645091505566
Temporal	-0.34464689238073454	72.88112988666457	NA	8.029967644598782	NA
Temporal	-0.34464689238073454	73.0571712632024	NA	8.017898761831246	NA
Temporal	-0.34464689238073454	73.23321263974024	NA	8.005853873323497	NA
Temporal	-0.34464689238073454	73.40925401627808	NA	7.993832720500793	NA
Temporal	-0.34464689238073454	73.58529539281592	NA	7.981835052256827	NA
Temporal	-0.34464689238073454	73.76133676935376	NA	7.96986062467864	NA
Temporal	-0.34464689238073454	73.9373781458916	NA	7.957909200781959	NA
Temporal	-0.34464689238073454	74.11341952242944	NA	7.945980550256545	NA
Temporal	-0.34464689238073454	74.28946089896728	NA	7.934074449221196	NA
Temporal	-0.34464689238073454	74.4655022755051	NA	7.922190679988003	NA
Temporal	-0.34464689238073454	74.64154365204294	NA	7.910329030835507	NA
Temporal	-0.34464689238073454	74.81758502858078	NA	7.898489295790512	NA
Temporal	-0.34464689238073454	74.99362640511862	NA	7.886671274418053	NA
Temporal	-0.34464689238073454	75.16966778165646	NA	7.874874771619365	NA
Temporal	-0.34464689238073454	75.3457091581943	NA	7.863099597437514	NA
Temporal	-0.34464689238073454	75.52175053473213	NA	7.851345566870293	NA
Temporal	-0.34464689238073454	75.69779191126997	NA	7.8396124996903085	NA
Temporal	-0.34464689238073454	75.8738332878078	NA	7.827900220271748	NA
Temporal	-0.34464689238073454	76.04987466434564	NA	7.816208557423788	NA
Temporal	-0.34464689238073454	76.22591604088348	NA	7.804537344230234	NA
Temporal	-0.34464689238073454	76.40195741742131	NA	7.792886417895284	NA
Temporal	-0.34464689238073454	76.57799879395915	NA	7.781255619595022	NA
Temporal	-0.34464689238073454	76.75404017049699	NA	7.769644794334659	NA
Temporal	-0.34464689238073454	76.93008154703483	NA	7.75805379081099	NA
Temporal	-0.34464689238073454	77.10612292357267	NA	7.746482461280235	NA
Temporal	-0.34464689238073454	77.28216430011051	NA	7.734930661430704	NA
Temporal	-0.34464689238073454	77.45820567664833	NA	7.723398250260379	NA
Temporal	-0.34464689238073454	77.63424705318617	NA	7.711885089959032	NA
Temporal	-0.34464689238073454	77.81028842972401	NA	7.700391045794879	NA
Temporal	-0.34464689238073454	77.84464689238074	7.876680829299452	7.698149933951723	0.7251953667779288
Temporal	-0.34464689238073454	77.98632980626185	NA	7.688915986005427	NA
Temporal	-0.34464689238073454	78.16237118279969	NA	7.677459781692495	NA
Temporal	-0.34464689238073454	78.33841255933753	NA	7.666022306721155	NA
Temporal	-0.34464689238073454	78.51445393587537	NA	7.6546034376224785	NA
Temporal	-0.34464689238073454	78.6904953124132	NA	7.643203053500015	NA
Temporal	-0.34464689238073454	78.86653668895104	NA	7.631821035939685	NA
Temporal	-0.34464689238073454	79.04257806548887	NA	7.620457268923187	NA
Temporal	-0.34464689238073454	79.21861944202671	NA	7.6091116387445386	NA
Temporal	-0.34464689238073454	79.39466081856455	NA	7.5977840339298615	NA
Temporal	-0.34464689238073454	79.57070219510238	NA	7.58647434516015	NA
Temporal	-0.34464689238073454	79.74674357164022	NA	7.575182465196912	NA
Temporal	-0.34464689238073454	79.92278494817806	NA	7.563908289786816	NA
Temporal	-0.34464689238073454	80.0988263247159	NA	7.552651716351583	NA
Temporal	-0.34464689238073454	80.27486770125374	NA	7.541412641758303	NA
Temporal	-0.34464689238073454	80.45090907779156	NA	7.530190966402434	NA
Temporal	-0.34464689238073454	80.6269504543294	NA	7.518986592428131	NA
Temporal	-0.34464689238073454	80.80299183086724	NA	7.507799423669189	NA
Temporal	-0.34464689238073454	80.97903320740508	NA	7.496629365592187	NA
Temporal	-0.34464689238073454	81.15507458394292	NA	7.485476325241758	NA
Temporal	-0.34464689238073454	81.33111596048076	NA	7.474340211187933	NA
Temporal	-0.34464689238073454	81.5071573370186	NA	7.4632209334754105	NA
Temporal	-0.34464689238073454	81.68319871355644	NA	7.452118403574781	NA
Temporal	-0.34464689238073454	81.85924009009427	NA	7.44103253433559	NA
Temporal	-0.34464689238073454	82.0352814666321	NA	7.42996323994103	NA
Temporal	-0.34464689238073454	82.21132284316994	NA	7.418910435864518	NA
Temporal	-0.34464689238073454	82.38736421970778	NA	7.4078740388277255	NA
Temporal	-0.34464689238073454	82.56340559624562	NA	7.396853966760284	NA
Temporal	-0.34464689238073454	82.73944697278345	NA	7.385850138760953	NA
Temporal	-0.34464689238073454	82.84464689238074	7.668026695763266	7.379282123434378	0.7021197486030172
Temporal	-0.34464689238073454	82.9154883493213	NA	7.37486247506023	NA
Temporal	-0.34464689238073454	83.09152972585913	NA	7.363890896984373	NA
Temporal	-0.34464689238073454	83.26757110239697	NA	7.352935326920771	NA
Temporal	-0.34464689238073454	83.4436124789348	NA	7.341995688284563	NA
Temporal	-0.34464689238073454	83.61965385547263	NA	7.331071905486556	NA
Temporal	-0.34464689238073454	83.79569523201047	NA	7.32016390390228	NA
Temporal	-0.34464689238073454	83.97173660854831	NA	7.309271609842246	NA
Temporal	-0.34464689238073454	84.14777798508615	NA	7.298394950523258	NA
Temporal	-0.34464689238073454	84.32381936162399	NA	7.287533854040855	NA
Temporal	-0.34464689238073454	84.49986073816183	NA	7.2766882493426595	NA
Temporal	-0.34464689238073454	84.67590211469967	NA	7.265858066202871	NA
Temporal	-0.34464689238073454	84.8519434912375	NA	7.2550432351975624	NA
Temporal	-0.34464689238073454	85.02798486777533	NA	7.244243687680986	NA
Temporal	-0.34464689238073454	85.20402624431317	NA	7.233459355762676	NA
Temporal	-0.34464689238073454	85.38006762085101	NA	7.222690172285465	NA
Temporal	-0.34464689238073454	85.55610899738885	NA	7.211936070804297	NA
Temporal	-0.34464689238073454	85.73215037392669	NA	7.201196985565757	NA
Temporal	-0.34464689238073454	85.90819175046452	NA	7.190472851488457	NA
Temporal	-0.34464689238073454	86.08423312700236	NA	7.179763604144048	NA
Temporal	-0.34464689238073454	86.2602745035402	NA	7.169069179739004	NA
Temporal	-0.34464689238073454	86.43631588007803	NA	7.1583895150970145	NA
Temporal	-0.34464689238073454	86.61235725661587	NA	7.147724547642056	NA
Temporal	-0.34464689238073454	86.7883986331537	NA	7.137074215382103	NA
Temporal	-0.34464689238073454	86.96444000969154	NA	7.126438456893339	NA
Temporal	-0.34464689238073454	87.14048138622938	NA	7.115817211305089	NA
Temporal	-0.34464689238073454	87.31652276276722	NA	7.105210418285174	NA
Temporal	-0.34464689238073454	87.49256413930506	NA	7.094618018025852	NA
Temporal	-0.34464689238073454	87.6686055158429	NA	7.08403995123029	NA
Temporal	-0.34464689238073454	87.84464689238074	7.324165705996323	7.073448965515223	0.6823460271913812
Thalamus	-0.34464689238073454	0	0	-1.7275678140595093e-14	0
Thalamus	-0.34464689238073454	0.17604137653783714	NA	2.511097412238618e-5	NA
Thalamus	-0.34464689238073454	0.35208275307567427	NA	6.206259334013044e-5	NA
Thalamus	-0.34464689238073454	0.5281241296135114	NA	4.4818137096023516e-4	NA
Thalamus	-0.34464689238073454	0.5946468923807345	0.00249518687702352	6.934391429748825e-4	0.4979955609317893
Thalamus	-0.34464689238073454	0.7041655061513485	NA	0.0011795752895604231	NA
Thalamus	-0.34464689238073454	0.8802068826891857	NA	0.22230333611874464	NA
Thalamus	-0.34464689238073454	1.0562482592270228	NA	1.546491462172656	NA
Thalamus	-0.34464689238073454	1.0946468923807346	0.9858298434102084	1.9046854958468256	0.5935966379574875
Thalamus	-0.34464689238073454	1.23228963576486	NA	3.4110712714636526	NA
Thalamus	-0.34464689238073454	1.408331012302697	NA	5.848496337112097	NA
Thalamus	-0.34464689238073454	1.584372388840534	NA	8.559131070179156	NA
Thalamus	-0.34464689238073454	1.5946468923807346	8.008304659340878	8.709312745427585	0.7747364380991829
Thalamus	-0.34464689238073454	1.7604137653783714	NA	11.178266030262234	NA
Thalamus	-0.34464689238073454	1.9364551419162086	NA	14.070696010726216	NA
Thalamus	-0.34464689238073454	2.0946468923807346	17.479227321990162	16.965893358676126	0.9046305710011072
Thalamus	-0.34464689238073454	2.1124965184540456	NA	17.306997767774227	NA
Thalamus	-0.34464689238073454	2.2885378949918826	NA	20.82451350399288	NA
Thalamus	-0.34464689238073454	2.46457927152972	NA	24.602579060419018	NA
Thalamus	-0.34464689238073454	2.5946468923807346	28.3334463053679	27.148403978733334	1.0084564834937169
Thalamus	-0.34464689238073454	2.640620648067557	NA	28.018750549026677	NA
Thalamus	-0.34464689238073454	2.816662024605394	NA	31.243273621355517	NA
Thalamus	-0.34464689238073454	2.992703401143231	NA	33.01805269867525	NA
Thalamus	-0.34464689238073454	3.0946468923807346	33.7545805513044	33.41282573171955	1.05184710143084
Thalamus	-0.34464689238073454	3.168744777681068	NA	33.55985705689123	NA
Thalamus	-0.34464689238073454	3.3447861542189057	NA	34.14342670642953	NA
Thalamus	-0.34464689238073454	3.5208275307567427	NA	34.3464736534456	NA
Thalamus	-0.34464689238073454	3.6968689072945797	NA	34.44974984223988	NA
Thalamus	-0.34464689238073454	3.8446468923807346	33.92373041520863	34.54493873387885	1.2771234363638424
Thalamus	-0.34464689238073454	3.872910283832417	NA	34.556432181374916	NA
Thalamus	-0.34464689238073454	4.048951660370254	NA	34.58050377070064	NA
Thalamus	-0.34464689238073454	4.224993036908091	NA	34.5244679515391	NA
Thalamus	-0.34464689238073454	4.401034413445928	NA	34.39072549405963	NA
Thalamus	-0.34464689238073454	4.577075789983765	NA	34.18157923486697	NA
Thalamus	-0.34464689238073454	4.753117166521602	NA	33.89923849967328	NA
Thalamus	-0.34464689238073454	4.844646892380735	32.90193718461458	33.724252057958495	1.2409533465925953
Thalamus	-0.34464689238073454	4.92915854305944	NA	33.54582332107041	NA
Thalamus	-0.34464689238073454	5.105199919597277	NA	33.12336846095219	NA
Thalamus	-0.34464689238073454	5.281241296135114	NA	32.63382724669014	NA
Thalamus	-0.34464689238073454	5.457282672672951	NA	32.17087366462949	NA
Thalamus	-0.34464689238073454	5.633324049210788	NA	31.738197264975796	NA
Thalamus	-0.34464689238073454	5.809365425748625	NA	31.318048066499216	NA
Thalamus	-0.34464689238073454	5.844646892380735	31.321551765613947	31.235285650847192	1.1990027673150705
Thalamus	-0.34464689238073454	5.985406802286462	NA	30.909734321239547	NA
Thalamus	-0.34464689238073454	6.161448178824299	NA	30.512597706305193	NA
Thalamus	-0.34464689238073454	6.337489555362136	NA	30.12601175142876	NA
Thalamus	-0.34464689238073454	6.513530931899974	NA	29.749380340060966	NA
Thalamus	-0.34464689238073454	6.689572308437811	NA	29.382136280568197	NA
Thalamus	-0.34464689238073454	6.865613684975648	NA	29.02373994425966	NA
Thalamus	-0.34464689238073454	7.041655061513485	NA	28.673677967122547	NA
Thalamus	-0.34464689238073454	7.217696438051322	NA	28.33146201228991	NA
Thalamus	-0.34464689238073454	7.344646892380735	28.0681443809589	28.089287421127043	1.4086112960853336
Thalamus	-0.34464689238073454	7.3937378145891595	NA	27.996627590404277	NA
Thalamus	-0.34464689238073454	7.5697791911269965	NA	27.668732935172983	NA
Thalamus	-0.34464689238073454	7.745820567664834	NA	27.34735793153718	NA
Thalamus	-0.34464689238073454	7.921861944202671	NA	27.03210309399697	NA
Thalamus	-0.34464689238073454	8.097903320740508	NA	26.722589114752015	NA
Thalamus	-0.34464689238073454	8.273944697278345	NA	26.418454582193817	NA
Thalamus	-0.34464689238073454	8.449986073816182	NA	26.119355926041575	NA
Thalamus	-0.34464689238073454	8.62602745035402	NA	25.82496689297286	NA
Thalamus	-0.34464689238073454	8.802068826891857	NA	25.534977424453793	NA
Thalamus	-0.34464689238073454	8.978110203429694	NA	25.24909289048298	NA
Thalamus	-0.34464689238073454	9.15415157996753	NA	24.96703335921687	NA
Thalamus	-0.34464689238073454	9.330192956505368	NA	24.688532900799924	NA
Thalamus	-0.34464689238073454	9.344646892380734	24.976409833552506	24.665816641469874	1.3144617490295751
Thalamus	-0.34464689238073454	9.506234333043205	NA	24.41333892380204	NA
Thalamus	-0.34464689238073454	9.682275709581042	NA	24.141211542739274	NA
Thalamus	-0.34464689238073454	9.85831708611888	NA	23.87192297522595	NA
Thalamus	-0.34464689238073454	10.034358462656717	NA	23.60525696737359	NA
Thalamus	-0.34464689238073454	10.210399839194555	NA	23.34101999723026	NA
Thalamus	-0.34464689238073454	10.386441215732392	NA	23.088737031227716	NA
Thalamus	-0.34464689238073454	10.562482592270229	NA	22.84532513433703	NA
Thalamus	-0.34464689238073454	10.738523968808066	NA	22.609535938007554	NA
Thalamus	-0.34464689238073454	10.914565345345903	NA	22.381020560951317	NA
Thalamus	-0.34464689238073454	11.09060672188374	NA	22.159446336080403	NA
Thalamus	-0.34464689238073454	11.266648098421577	NA	21.94449605430123	NA
Thalamus	-0.34464689238073454	11.442689474959414	NA	21.735867243605178	NA
Thalamus	-0.34464689238073454	11.61873085149725	NA	21.533271481807894	NA
Thalamus	-0.34464689238073454	11.794772228035088	NA	21.33643374136622	NA
Thalamus	-0.34464689238073454	11.970813604572925	NA	21.145091764775525	NA
Thalamus	-0.34464689238073454	12.146854981110762	NA	20.958995469119515	NA
Thalamus	-0.34464689238073454	12.322896357648599	NA	20.77790637841185	NA
Thalamus	-0.34464689238073454	12.498937734186436	NA	20.601597082431976	NA
Thalamus	-0.34464689238073454	12.674979110724273	NA	20.429850720818482	NA
Thalamus	-0.34464689238073454	12.844646892380734	20.94536195957563	20.26844578332567	1.60001642972666
Thalamus	-0.34464689238073454	12.851020487262112	NA	20.262460491240663	NA
Thalamus	-0.34464689238073454	13.027061863799949	NA	20.099229180524542	NA
Thalamus	-0.34464689238073454	13.203103240337786	NA	19.939968717661447	NA
Thalamus	-0.34464689238073454	13.379144616875623	NA	19.78449974767787	NA
Thalamus	-0.34464689238073454	13.55518599341346	NA	19.632651225392525	NA
Thalamus	-0.34464689238073454	13.731227369951297	NA	19.48426002813257	NA
Thalamus	-0.34464689238073454	13.907268746489134	NA	19.339170586523263	NA
Thalamus	-0.34464689238073454	14.08331012302697	NA	19.19723453250815	NA
Thalamus	-0.34464689238073454	14.259351499564808	NA	19.058310363794934	NA
Thalamus	-0.34464689238073454	14.435392876102645	NA	18.922263123960292	NA
Thalamus	-0.34464689238073454	14.611434252640482	NA	18.788964097482758	NA
Thalamus	-0.34464689238073454	14.787475629178319	NA	18.65829051900672	NA
Thalamus	-0.34464689238073454	14.963517005716156	NA	18.53012529617331	NA
Thalamus	-0.34464689238073454	15.139558382253993	NA	18.404356745384717	NA
Thalamus	-0.34464689238073454	15.31559975879183	NA	18.280878339898333	NA
Thalamus	-0.34464689238073454	15.491641135329669	NA	18.157808416968784	NA
Thalamus	-0.34464689238073454	15.667682511867506	NA	18.03720610319354	NA
Thalamus	-0.34464689238073454	15.843723888405343	NA	17.91901689438677	NA
Thalamus	-0.34464689238073454	16.019765264943178	NA	17.803139584843112	NA
Thalamus	-0.34464689238073454	16.195806641481017	NA	17.68947762162035	NA
Thalamus	-0.34464689238073454	16.371848018018852	NA	17.577938456963306	NA
Thalamus	-0.34464689238073454	16.54788939455669	NA	17.46843399073452	NA
Thalamus	-0.34464689238073454	16.723930771094526	NA	17.36088011960048	NA
Thalamus	-0.34464689238073454	16.899972147632365	NA	17.255196551663303	NA
Thalamus	-0.34464689238073454	17.076013524170204	NA	17.151306629733778	NA
Thalamus	-0.34464689238073454	17.25205490070804	NA	17.049137162842275	NA
Thalamus	-0.34464689238073454	17.428096277245878	NA	16.948618265603084	NA
Thalamus	-0.34464689238073454	17.604137653783713	NA	16.849683205065727	NA
Thalamus	-0.34464689238073454	17.780179030321552	NA	16.7522682547037	NA
Thalamus	-0.34464689238073454	17.844646892380734	16.637843008898603	16.716962506667635	1.4105531070786514
Thalamus	-0.34464689238073454	17.956220406859387	NA	16.65631255520782	NA
Thalamus	-0.34464689238073454	18.132261783397226	NA	16.561757981766267	NA
Thalamus	-0.34464689238073454	18.30830315993506	NA	16.468549017528915	NA
Thalamus	-0.34464689238073454	18.4843445364729	NA	16.376632632967272	NA
Thalamus	-0.34464689238073454	18.660385913010735	NA	16.285958170854734	NA
Thalamus	-0.34464689238073454	18.836427289548574	NA	16.196477236605197	NA
Thalamus	-0.34464689238073454	19.01246866608641	NA	16.10814359371973	NA
Thalamus	-0.34464689238073454	19.188510042624248	NA	16.02091306410307	NA
Thalamus	-0.34464689238073454	19.364551419162083	NA	15.934743433022696	NA
Thalamus	-0.34464689238073454	19.540592795699922	NA	15.849594358493786	NA
Thalamus	-0.34464689238073454	19.71663417223776	NA	15.76542728488373	NA
Thalamus	-0.34464689238073454	19.892675548775596	NA	15.682205360539044	NA
Thalamus	-0.34464689238073454	20.068716925313435	NA	15.599893359247284	NA
Thalamus	-0.34464689238073454	20.24475830185127	NA	15.518457605354815	NA
Thalamus	-0.34464689238073454	20.42079967838911	NA	15.437865902370037	NA
Thalamus	-0.34464689238073454	20.596841054926944	NA	15.35808746488933	NA
Thalamus	-0.34464689238073454	20.772882431464783	NA	15.279092853690784	NA
Thalamus	-0.34464689238073454	20.94892380800262	NA	15.200853913847888	NA
Thalamus	-0.34464689238073454	21.124965184540457	NA	15.123343715722315	NA
Thalamus	-0.34464689238073454	21.301006561078292	NA	15.04653649870151	NA
Thalamus	-0.34464689238073454	21.47704793761613	NA	14.970407617552967	NA
Thalamus	-0.34464689238073454	21.653089314153966	NA	14.894933491273258	NA
Thalamus	-0.34464689238073454	21.829130690691805	NA	14.820091554315367	NA
Thalamus	-0.34464689238073454	22.00517206722964	NA	14.745860210083332	NA
Thalamus	-0.34464689238073454	22.18121344376748	NA	14.672218786588656	NA
Thalamus	-0.34464689238073454	22.357254820305315	NA	14.599147494167438	NA
Thalamus	-0.34464689238073454	22.533296196843153	NA	14.526627385162223	NA
Thalamus	-0.34464689238073454	22.709337573380992	NA	14.454640315476933	NA
Thalamus	-0.34464689238073454	22.844646892380734	13.836081598147404	14.399660757354459	1.287011358274444
Thalamus	-0.34464689238073454	22.885378949918827	NA	14.383168907917565	NA
Thalamus	-0.34464689238073454	23.061420326456666	NA	14.312196517235261	NA
Thalamus	-0.34464689238073454	23.2374617029945	NA	14.241707196792522	NA
Thalamus	-0.34464689238073454	23.41350307953234	NA	14.171685666776744	NA
Thalamus	-0.34464689238073454	23.589544456070175	NA	14.102117283889092	NA
Thalamus	-0.34464689238073454	23.765585832608014	NA	14.032988012439684	NA
Thalamus	-0.34464689238073454	23.94162720914585	NA	13.964284396783807	NA
Thalamus	-0.34464689238073454	24.11766858568369	NA	13.895993590549056	NA
Thalamus	-0.34464689238073454	24.293709962221524	NA	13.828103167132648	NA
Thalamus	-0.34464689238073454	24.469751338759362	NA	13.760601252628337	NA
Thalamus	-0.34464689238073454	24.645792715297198	NA	13.69347646083049	NA
Thalamus	-0.34464689238073454	24.821834091835036	NA	13.626717865771678	NA
Thalamus	-0.34464689238073454	24.99787546837287	NA	13.560314980989567	NA
Thalamus	-0.34464689238073454	25.17391684491071	NA	13.494257739753856	NA
Thalamus	-0.34464689238073454	25.349958221448546	NA	13.428536476208496	NA
Thalamus	-0.34464689238073454	25.525999597986385	NA	13.363141907386403	NA
Thalamus	-0.34464689238073454	25.702040974524223	NA	13.29806511605625	NA
Thalamus	-0.34464689238073454	25.87808235106206	NA	13.233297534362393	NA
Thalamus	-0.34464689238073454	26.054123727599897	NA	13.168830928220979	NA
Thalamus	-0.34464689238073454	26.230165104137733	NA	13.10465738243721	NA
Thalamus	-0.34464689238073454	26.40620648067557	NA	13.040769286509894	NA
Thalamus	-0.34464689238073454	26.582247857213407	NA	12.977159321091497	NA
Thalamus	-0.34464689238073454	26.758289233751245	NA	12.913820445073052	NA
Thalamus	-0.34464689238073454	26.93433061028908	NA	12.850745883264908	NA
Thalamus	-0.34464689238073454	27.11037198682692	NA	12.7879291146454	NA
Thalamus	-0.34464689238073454	27.286413363364755	NA	12.725363861151521	NA
Thalamus	-0.34464689238073454	27.462454739902594	NA	12.663044076985319	NA
Thalamus	-0.34464689238073454	27.63849611644043	NA	12.600963938413301	NA
Thalamus	-0.34464689238073454	27.814537492978268	NA	12.539117834034965	NA
Thalamus	-0.34464689238073454	27.844646892380734	12.059834237659096	12.528562969744899	1.1896174610375203
Thalamus	-0.34464689238073454	27.990578869516103	NA	12.477500355499028	NA
Thalamus	-0.34464689238073454	28.16662024605394	NA	12.416106288646361	NA
Thalamus	-0.34464689238073454	28.34266162259178	NA	12.35493060505996	NA
Thalamus	-0.34464689238073454	28.518702999129616	NA	12.293968454002798	NA
Thalamus	-0.34464689238073454	28.694744375667455	NA	12.233215154725697	NA
Thalamus	-0.34464689238073454	28.87078575220529	NA	12.172666189127948	NA
Thalamus	-0.34464689238073454	29.04682712874313	NA	12.112317194754214	NA
Thalamus	-0.34464689238073454	29.222868505280964	NA	12.05216395811224	NA
Thalamus	-0.34464689238073454	29.398909881818803	NA	11.99220240829626	NA
Thalamus	-0.34464689238073454	29.574951258356638	NA	11.932428610902093	NA
Thalamus	-0.34464689238073454	29.750992634894477	NA	11.872838762220171	NA
Thalamus	-0.34464689238073454	29.927034011432312	NA	11.813429183693842	NA
Thalamus	-0.34464689238073454	30.10307538797015	NA	11.754196316630347	NA
Thalamus	-0.34464689238073454	30.279116764507986	NA	11.695184972309736	NA
Thalamus	-0.34464689238073454	30.455158141045825	NA	11.636738924045087	NA
Thalamus	-0.34464689238073454	30.63119951758366	NA	11.57890085048318	NA
Thalamus	-0.34464689238073454	30.8072408941215	NA	11.521653601449758	NA
Thalamus	-0.34464689238073454	30.983282270659338	NA	11.464980708750364	NA
Thalamus	-0.34464689238073454	31.159323647197173	NA	11.408866355585225	NA
Thalamus	-0.34464689238073454	31.33536502373501	NA	11.35329534737878	NA
Thalamus	-0.34464689238073454	31.511406400272847	NA	11.298253083957983	NA
Thalamus	-0.34464689238073454	31.687447776810686	NA	11.243725533016542	NA
Thalamus	-0.34464689238073454	31.86348915334852	NA	11.189699204805205	NA
Thalamus	-0.34464689238073454	32.039530529886356	NA	11.136161167570485	NA
Thalamus	-0.34464689238073454	32.215571906424195	NA	11.083098935948742	NA
Thalamus	-0.34464689238073454	32.391613282962034	NA	11.030500473784432	NA
Thalamus	-0.34464689238073454	32.56765465949987	NA	10.978354231231506	NA
Thalamus	-0.34464689238073454	32.743696036037704	NA	10.926649090923265	NA
Thalamus	-0.34464689238073454	32.84464689238074	10.360077981736056	10.89719350358782	1.10923284673891
Thalamus	-0.34464689238073454	32.91973741257554	NA	10.87537434890927	NA
Thalamus	-0.34464689238073454	33.09577878911338	NA	10.824519696470386	NA
Thalamus	-0.34464689238073454	33.27182016565122	NA	10.774075202771016	NA
Thalamus	-0.34464689238073454	33.44786154218905	NA	10.724031298309502	NA
Thalamus	-0.34464689238073454	33.62390291872689	NA	10.674378759129713	NA
Thalamus	-0.34464689238073454	33.79994429526473	NA	10.625108691758292	NA
Thalamus	-0.34464689238073454	33.97598567180257	NA	10.57621251883378	NA
Thalamus	-0.34464689238073454	34.15202704834041	NA	10.527681965395553	NA
Thalamus	-0.34464689238073454	34.32806842487824	NA	10.479509045801773	NA
Thalamus	-0.34464689238073454	34.50410980141608	NA	10.431686051247137	NA
Thalamus	-0.34464689238073454	34.68015117795392	NA	10.384205537852612	NA
Thalamus	-0.34464689238073454	34.856192554491756	NA	10.33706031530039	NA
Thalamus	-0.34464689238073454	35.03223393102959	NA	10.29024343598896	NA
Thalamus	-0.34464689238073454	35.208275307567426	NA	10.243748184683904	NA
Thalamus	-0.34464689238073454	35.384316684105265	NA	10.197568068641539	NA
Thalamus	-0.34464689238073454	35.560358060643104	NA	10.151696808183338	NA
Thalamus	-0.34464689238073454	35.736399437180935	NA	10.106128327700258	NA
Thalamus	-0.34464689238073454	35.912440813718774	NA	10.060856747066996	NA
Thalamus	-0.34464689238073454	36.08848219025661	NA	10.015876373447124	NA
Thalamus	-0.34464689238073454	36.26452356679445	NA	9.971181693470967	NA
Thalamus	-0.34464689238073454	36.440564943332284	NA	9.926767365768928	NA
Thalamus	-0.34464689238073454	36.61660631987012	NA	9.882628213843777	NA
Thalamus	-0.34464689238073454	36.79264769640796	NA	9.838759219266198	NA
Thalamus	-0.34464689238073454	36.9686890729458	NA	9.795155515178486	NA
Thalamus	-0.34464689238073454	37.14473044948364	NA	9.751812380092348	NA
Thalamus	-0.34464689238073454	37.32077182602147	NA	9.708725231966868	NA
Thalamus	-0.34464689238073454	37.49681320255931	NA	9.665889622553944	NA
Thalamus	-0.34464689238073454	37.67285457909715	NA	9.623301231998589	NA
Thalamus	-0.34464689238073454	37.84464689238074	9.73853947576127	9.581975157239475	1.0403325146640467
Thalamus	-0.34464689238073454	37.84889595563499	NA	9.58095586368242	NA
Thalamus	-0.34464689238073454	38.02493733217282	NA	9.538849439299021	NA
Thalamus	-0.34464689238073454	38.20097870871066	NA	9.496977994150482	NA
Thalamus	-0.34464689238073454	38.377020085248496	NA	9.455337672654817	NA
Thalamus	-0.34464689238073454	38.553061461786335	NA	9.413924724054606	NA
Thalamus	-0.34464689238073454	38.72910283832417	NA	9.372735498317484	NA
Thalamus	-0.34464689238073454	38.905144214862005	NA	9.331766442219566	NA
Thalamus	-0.34464689238073454	39.081185591399844	NA	9.291014095603545	NA
Thalamus	-0.34464689238073454	39.25722696793768	NA	9.250475087803146	NA
Thalamus	-0.34464689238073454	39.43326834447552	NA	9.210146134226465	NA
Thalamus	-0.34464689238073454	39.609309721013354	NA	9.170024033090705	NA
Thalamus	-0.34464689238073454	39.78535109755119	NA	9.13010566230146	NA
Thalamus	-0.34464689238073454	39.96139247408903	NA	9.090387981952551	NA
Thalamus	-0.34464689238073454	40.13743385062687	NA	9.050868039176844	NA
Thalamus	-0.34464689238073454	40.3134752271647	NA	9.011542908556445	NA
Thalamus	-0.34464689238073454	40.48951660370254	NA	8.97240975823599	NA
Thalamus	-0.34464689238073454	40.66555798024038	NA	8.93346582238799	NA
Thalamus	-0.34464689238073454	40.84159935677822	NA	8.89470839882959	NA
Thalamus	-0.34464689238073454	41.01764073331605	NA	8.856134846743032	NA
Thalamus	-0.34464689238073454	41.19368210985389	NA	8.817742584495411	NA
Thalamus	-0.34464689238073454	41.36972348639173	NA	8.779529087552943	NA
Thalamus	-0.34464689238073454	41.545764862929566	NA	8.7414918864854	NA
Thalamus	-0.34464689238073454	41.7218062394674	NA	8.703628565056665	NA
Thalamus	-0.34464689238073454	41.89784761600524	NA	8.665936758397406	NA
Thalamus	-0.34464689238073454	42.073888992543075	NA	8.628414151256159	NA
Thalamus	-0.34464689238073454	42.249930369080914	NA	8.591058476325188	NA
Thalamus	-0.34464689238073454	42.42597174561875	NA	8.553867512637686	NA
Thalamus	-0.34464689238073454	42.602013122156585	NA	8.516839084033135	NA
Thalamus	-0.34464689238073454	42.778054498694424	NA	8.479971057687656	NA
Thalamus	-0.34464689238073454	42.84464689238074	8.182407129071807	8.466066035311037	0.9806967120621216
Thalamus	-0.34464689238073454	42.95409587523226	NA	8.443261342706363	NA
Thalamus	-0.34464689238073454	43.1301372517701	NA	8.406707888774989	NA
Thalamus	-0.34464689238073454	43.30617862830793	NA	8.370308684867979	NA
Thalamus	-0.34464689238073454	43.48222000484577	NA	8.33406175801055	NA
Thalamus	-0.34464689238073454	43.65826138138361	NA	8.297965172092233	NA
Thalamus	-0.34464689238073454	43.83430275792145	NA	8.262017026729593	NA
Thalamus	-0.34464689238073454	44.01034413445928	NA	8.226215456175858	NA
Thalamus	-0.34464689238073454	44.18638551099712	NA	8.190558628275342	NA
Thalamus	-0.34464689238073454	44.36242688753496	NA	8.155044743460687	NA
Thalamus	-0.34464689238073454	44.5384682640728	NA	8.119672033790888	NA
Thalamus	-0.34464689238073454	44.71450964061063	NA	8.084438762028354	NA
Thalamus	-0.34464689238073454	44.89055101714847	NA	8.049343220753201	NA
Thalamus	-0.34464689238073454	45.06659239368631	NA	8.014383731513101	NA
Thalamus	-0.34464689238073454	45.242633770224145	NA	7.979558644007114	NA
Thalamus	-0.34464689238073454	45.418675146761984	NA	7.945083964711568	NA
Thalamus	-0.34464689238073454	45.594716523299816	NA	7.911093160467612	NA
Thalamus	-0.34464689238073454	45.770757899837655	NA	7.87746049535435	NA
Thalamus	-0.34464689238073454	45.946799276375494	NA	7.844177157579159	NA
Thalamus	-0.34464689238073454	46.12284065291333	NA	7.811234663176893	NA
Thalamus	-0.34464689238073454	46.298882029451164	NA	7.778624841587674	NA
Thalamus	-0.34464689238073454	46.474923405989	NA	7.746339821898736	NA
Thalamus	-0.34464689238073454	46.65096478252684	NA	7.714372019719285	NA
Thalamus	-0.34464689238073454	46.82700615906468	NA	7.682714124659067	NA
Thalamus	-0.34464689238073454	47.00304753560251	NA	7.651359088382426	NA
Thalamus	-0.34464689238073454	47.17908891214035	NA	7.620300113211169	NA
Thalamus	-0.34464689238073454	47.35513028867819	NA	7.589530641250674	NA
Thalamus	-0.34464689238073454	47.53117166521603	NA	7.559044344014867	NA
Thalamus	-0.34464689238073454	47.70721304175386	NA	7.528835112527009	NA
Thalamus	-0.34464689238073454	47.84464689238074	7.721955778360094	7.5054400296492805	0.9299535001547254
Thalamus	-0.34464689238073454	47.8832544182917	NA	7.498897047873958	NA
Thalamus	-0.34464689238073454	48.05929579482954	NA	7.46922448463341	NA
Thalamus	-0.34464689238073454	48.23533717136738	NA	7.439811890688065	NA
Thalamus	-0.34464689238073454	48.411378547905215	NA	7.410653937586345	NA
Thalamus	-0.34464689238073454	48.58741992444305	NA	7.3817454806430955	NA
Thalamus	-0.34464689238073454	48.763461300980886	NA	7.353081544103434	NA
Thalamus	-0.34464689238073454	48.939502677518725	NA	7.32465731400897	NA
Thalamus	-0.34464689238073454	49.115544054056564	NA	7.296468131389045	NA
Thalamus	-0.34464689238073454	49.291585430594395	NA	7.268509485762059	NA
Thalamus	-0.34464689238073454	49.467626807132234	NA	7.240777008932302	NA
Thalamus	-0.34464689238073454	49.64366818367007	NA	7.213266469068793	NA
Thalamus	-0.34464689238073454	49.81970956020791	NA	7.185973765052845	NA
Thalamus	-0.34464689238073454	49.99575093674574	NA	7.158894921082031	NA
Thalamus	-0.34464689238073454	50.17179231328358	NA	7.132026081518581	NA
Thalamus	-0.34464689238073454	50.34783368982142	NA	7.105363505970908	NA
Thalamus	-0.34464689238073454	50.52387506635926	NA	7.078903564597474	NA
Thalamus	-0.34464689238073454	50.69991644289709	NA	7.052642733622628	NA
Thalamus	-0.34464689238073454	50.87595781943493	NA	7.026577591054681	NA
Thalamus	-0.34464689238073454	51.05199919597277	NA	7.000704812596792	NA
Thalamus	-0.34464689238073454	51.22804057251061	NA	6.975021167741741	NA
Thalamus	-0.34464689238073454	51.40408194904845	NA	6.949523516042137	NA
Thalamus	-0.34464689238073454	51.58012332558628	NA	6.924208803547855	NA
Thalamus	-0.34464689238073454	51.75616470212412	NA	6.899074059403047	NA
Thalamus	-0.34464689238073454	51.932206078661956	NA	6.874116392595271	NA
Thalamus	-0.34464689238073454	52.108247455199795	NA	6.849332988849822	NA
Thalamus	-0.34464689238073454	52.284288831737626	NA	6.824721107662397	NA
Thalamus	-0.34464689238073454	52.460330208275465	NA	6.800278079463871	NA
Thalamus	-0.34464689238073454	52.636371584813304	NA	6.776001302910941	NA
Thalamus	-0.34464689238073454	52.81241296135114	NA	6.751888242296946	NA
Thalamus	-0.34464689238073454	52.84464689238074	6.976514520934863	6.747490527248702	0.88530688396593
Thalamus	-0.34464689238073454	52.988454337888975	NA	6.727936425077256	NA
Thalamus	-0.34464689238073454	53.16449571442681	NA	6.704143439503926	NA
Thalamus	-0.34464689238073454	53.34053709096465	NA	6.6805069323646755	NA
Thalamus	-0.34464689238073454	53.51657846750249	NA	6.657024606821259	NA
Thalamus	-0.34464689238073454	53.69261984404033	NA	6.633694220342786	NA
Thalamus	-0.34464689238073454	53.86866122057816	NA	6.610513582729501	NA
Thalamus	-0.34464689238073454	54.044702597116	NA	6.587480554222949	NA
Thalamus	-0.34464689238073454	54.22074397365384	NA	6.5645930436984905	NA
Thalamus	-0.34464689238073454	54.39678535019168	NA	6.5418490069365145	NA
Thalamus	-0.34464689238073454	54.57282672672951	NA	6.519246444968468	NA
Thalamus	-0.34464689238073454	54.74886810326735	NA	6.496783402494601	NA
Thalamus	-0.34464689238073454	54.92490947980519	NA	6.47445796636988	NA
Thalamus	-0.34464689238073454	55.100950856343026	NA	6.45226826415513	NA
Thalamus	-0.34464689238073454	55.27699223288086	NA	6.430212462730218	NA
Thalamus	-0.34464689238073454	55.453033609418696	NA	6.408288766966663	NA
Thalamus	-0.34464689238073454	55.629074985956535	NA	6.386495418456792	NA
Thalamus	-0.34464689238073454	55.805116362494374	NA	6.364830694296934	NA
Thalamus	-0.34464689238073454	55.981157739032206	NA	6.343292914607583	NA
Thalamus	-0.34464689238073454	56.157199115570045	NA	6.321880425424107	NA
Thalamus	-0.34464689238073454	56.33324049210788	NA	6.300591593012077	NA
Thalamus	-0.34464689238073454	56.50928186864572	NA	6.279424825325715	NA
Thalamus	-0.34464689238073454	56.68532324518356	NA	6.258378560466482	NA
Thalamus	-0.34464689238073454	56.86136462172139	NA	6.237451265742388	NA
Thalamus	-0.34464689238073454	57.03740599825923	NA	6.216641436766384	NA
Thalamus	-0.34464689238073454	57.21344737479707	NA	6.195947596591886	NA
Thalamus	-0.34464689238073454	57.38948875133491	NA	6.175368294883873	NA
Thalamus	-0.34464689238073454	57.56553012787274	NA	6.154902107123926	NA
Thalamus	-0.34464689238073454	57.74157150441058	NA	6.134547633847588	NA
Thalamus	-0.34464689238073454	57.84464689238074	6.282711219031244	6.122681032905837	0.8456200491680635
Thalamus	-0.34464689238073454	57.91761288094842	NA	6.1143034999127055	NA
Thalamus	-0.34464689238073454	58.09365425748626	NA	6.094168353797279	NA
Thalamus	-0.34464689238073454	58.26969563402409	NA	6.07414086692553	NA
Thalamus	-0.34464689238073454	58.44573701056193	NA	6.054219733020866	NA
Thalamus	-0.34464689238073454	58.621778387099766	NA	6.034403667484615	NA
Thalamus	-0.34464689238073454	58.797819763637605	NA	6.014691406799293	NA
Thalamus	-0.34464689238073454	58.97386114017544	NA	5.995081707955373	NA
Thalamus	-0.34464689238073454	59.149902516713276	NA	5.975573347900436	NA
Thalamus	-0.34464689238073454	59.325943893251115	NA	5.95616512300979	NA
Thalamus	-0.34464689238073454	59.50198526978895	NA	5.936855848577504	NA
Thalamus	-0.34464689238073454	59.67802664632679	NA	5.917644358327029	NA
Thalamus	-0.34464689238073454	59.854068022864624	NA	5.898529503940494	NA
Thalamus	-0.34464689238073454	60.03010939940246	NA	5.87951015460587	NA
Thalamus	-0.34464689238073454	60.2061507759403	NA	5.860638912910721	NA
Thalamus	-0.34464689238073454	60.38219215247814	NA	5.841992110463856	NA
Thalamus	-0.34464689238073454	60.55823352901597	NA	5.823536481234955	NA
Thalamus	-0.34464689238073454	60.73427490555381	NA	5.805267811286684	NA
Thalamus	-0.34464689238073454	60.91031628209165	NA	5.787182033633952	NA
Thalamus	-0.34464689238073454	61.08635765862949	NA	5.769275221909229	NA
Thalamus	-0.34464689238073454	61.26239903516732	NA	5.7515435843180525	NA
Thalamus	-0.34464689238073454	61.43844041170516	NA	5.733983457871227	NA
Thalamus	-0.34464689238073454	61.614481788243	NA	5.716591302880869	NA
Thalamus	-0.34464689238073454	61.790523164780836	NA	5.699363697708013	NA
Thalamus	-0.34464689238073454	61.966564541318675	NA	5.682297333750135	NA
Thalamus	-0.34464689238073454	62.14260591785651	NA	5.665389010657383	NA
Thalamus	-0.34464689238073454	62.318647294394346	NA	5.648635631766952	NA
Thalamus	-0.34464689238073454	62.494688670932184	NA	5.6320341997454735	NA
Thalamus	-0.34464689238073454	62.67073004747002	NA	5.615581812429704	NA
Thalamus	-0.34464689238073454	62.84464689238074	6.017226234464555	5.59947162929153	0.8117140878636057
Thalamus	-0.34464689238073454	62.846771424007855	NA	5.599275658856337	NA
Thalamus	-0.34464689238073454	63.022812800545694	NA	5.583113015472271	NA
Thalamus	-0.34464689238073454	63.19885417708353	NA	5.567091242516679	NA
Thalamus	-0.34464689238073454	63.37489555362137	NA	5.551207780567311	NA
Thalamus	-0.34464689238073454	63.5509369301592	NA	5.535460147242993	NA
Thalamus	-0.34464689238073454	63.72697830669704	NA	5.519845934055475	NA
Thalamus	-0.34464689238073454	63.90301968323488	NA	5.504362805189354	NA
Thalamus	-0.34464689238073454	64.07906105977271	NA	5.48900850676782	NA
Thalamus	-0.34464689238073454	64.25510243631055	NA	5.473780816336149	NA
Thalamus	-0.34464689238073454	64.43114381284839	NA	5.45867759227028	NA
Thalamus	-0.34464689238073454	64.60718518938623	NA	5.443696753102645	NA
Thalamus	-0.34464689238073454	64.78322656592407	NA	5.428836275134552	NA
Thalamus	-0.34464689238073454	64.9592679424619	NA	5.414094190155558	NA
Thalamus	-0.34464689238073454	65.13530931899975	NA	5.3994685832649205	NA
Thalamus	-0.34464689238073454	65.31135069553758	NA	5.384957590790405	NA
Thalamus	-0.34464689238073454	65.48739207207541	NA	5.37055939829993	NA
Thalamus	-0.34464689238073454	65.66343344861325	NA	5.356272238701837	NA
Thalamus	-0.34464689238073454	65.83947482515109	NA	5.342094390429541	NA
Thalamus	-0.34464689238073454	66.01551620168892	NA	5.328024175706879	NA
Thalamus	-0.34464689238073454	66.19155757822676	NA	5.3140599588901924	NA
Thalamus	-0.34464689238073454	66.3675989547646	NA	5.3002001448838305	NA
Thalamus	-0.34464689238073454	66.54364033130244	NA	5.286443177625506	NA
Thalamus	-0.34464689238073454	66.71968170784028	NA	5.272787538638435	NA
Thalamus	-0.34464689238073454	66.8957230843781	NA	5.259231745647053	NA
Thalamus	-0.34464689238073454	67.07176446091594	NA	5.245774351253496	NA
Thalamus	-0.34464689238073454	67.24780583745378	NA	5.232413941671956	NA
Thalamus	-0.34464689238073454	67.42384721399162	NA	5.219149135518332	NA
Thalamus	-0.34464689238073454	67.59988859052946	NA	5.205978582652561	NA
Thalamus	-0.34464689238073454	67.7759299670673	NA	5.192900963071282	NA
Thalamus	-0.34464689238073454	67.84464689238074	5.413904369136121	5.187821081364308	0.7789040092418946
Thalamus	-0.34464689238073454	67.95197134360514	NA	5.179914985848425	NA
Thalamus	-0.34464689238073454	68.12801272014298	NA	5.167019388121653	NA
Thalamus	-0.34464689238073454	68.30405409668082	NA	5.154212934122461	NA
Thalamus	-0.34464689238073454	68.48009547321864	NA	5.141494414247964	NA
Thalamus	-0.34464689238073454	68.65613684975648	NA	5.128862644172436	NA
Thalamus	-0.34464689238073454	68.83217822629432	NA	5.116316463996864	NA
Thalamus	-0.34464689238073454	69.00821960283216	NA	5.103854737434667	NA
Thalamus	-0.34464689238073454	69.18426097937	NA	5.091476351032022	NA
Thalamus	-0.34464689238073454	69.36030235590783	NA	5.0791802134211546	NA
Thalamus	-0.34464689238073454	69.53634373244567	NA	5.066965254605142	NA
Thalamus	-0.34464689238073454	69.71238510898351	NA	5.054830425272756	NA
Thalamus	-0.34464689238073454	69.88842648552134	NA	5.042774696141978	NA
Thalamus	-0.34464689238073454	70.06446786205917	NA	5.0307970573309175	NA
Thalamus	-0.34464689238073454	70.24050923859701	NA	5.018896517754859	NA
Thalamus	-0.34464689238073454	70.41655061513485	NA	5.007072104548251	NA
Thalamus	-0.34464689238073454	70.59259199167269	NA	4.995322862510512	NA
Thalamus	-0.34464689238073454	70.76863336821053	NA	4.983647853574624	NA
Thalamus	-0.34464689238073454	70.94467474474837	NA	4.97204615629735	NA
Thalamus	-0.34464689238073454	71.12071612128621	NA	4.9605168653702725	NA
Thalamus	-0.34464689238073454	71.29675749782405	NA	4.949059091150576	NA
Thalamus	-0.34464689238073454	71.47279887436187	NA	4.9376719592107445	NA
Thalamus	-0.34464689238073454	71.64884025089971	NA	4.926354609906319	NA
Thalamus	-0.34464689238073454	71.82488162743755	NA	4.915106197960895	NA
Thalamus	-0.34464689238073454	72.00092300397539	NA	4.903925899531586	NA
Thalamus	-0.34464689238073454	72.17696438051323	NA	4.892812892021639	NA
Thalamus	-0.34464689238073454	72.35300575705106	NA	4.881766368102697	NA
Thalamus	-0.34464689238073454	72.5290471335889	NA	4.87078553614465	NA
Thalamus	-0.34464689238073454	72.70508851012674	NA	4.8598696170429925	NA
Thalamus	-0.34464689238073454	72.84464689238074	5.048778475686307	4.8512615717972025	0.7499645091505566
Thalamus	-0.34464689238073454	72.88112988666457	NA	4.8490178438921525	NA
Thalamus	-0.34464689238073454	73.0571712632024	NA	4.838229461671482	NA
Thalamus	-0.34464689238073454	73.23321263974024	NA	4.827503726943116	NA
Thalamus	-0.34464689238073454	73.40925401627808	NA	4.81683990756128	NA
Thalamus	-0.34464689238073454	73.58529539281592	NA	4.806237282392527	NA
Thalamus	-0.34464689238073454	73.76133676935376	NA	4.795695141046455	NA
Thalamus	-0.34464689238073454	73.9373781458916	NA	4.785212783616345	NA
Thalamus	-0.34464689238073454	74.11341952242944	NA	4.774789520429433	NA
Thalamus	-0.34464689238073454	74.28946089896728	NA	4.764424671806223	NA
Thalamus	-0.34464689238073454	74.4655022755051	NA	4.754117567828588	NA
Thalamus	-0.34464689238073454	74.64154365204294	NA	4.7438675481162065	NA
Thalamus	-0.34464689238073454	74.81758502858078	NA	4.733673961610952	NA
Thalamus	-0.34464689238073454	74.99362640511862	NA	4.723536166368965	NA
Thalamus	-0.34464689238073454	75.16966778165646	NA	4.713453529360009	NA
Thalamus	-0.34464689238073454	75.3457091581943	NA	4.703425426273819	NA
Thalamus	-0.34464689238073454	75.52175053473213	NA	4.693451241333155	NA
Thalamus	-0.34464689238073454	75.69779191126997	NA	4.683530367113214	NA
Thalamus	-0.34464689238073454	75.8738332878078	NA	4.673662204367236	NA
Thalamus	-0.34464689238073454	76.04987466434564	NA	4.663846161857909	NA
Thalamus	-0.34464689238073454	76.22591604088348	NA	4.654081656194447	NA
Thalamus	-0.34464689238073454	76.40195741742131	NA	4.644368111675006	NA
Thalamus	-0.34464689238073454	76.57799879395915	NA	4.634704960134287	NA
Thalamus	-0.34464689238073454	76.75404017049699	NA	4.6250916407959926	NA
Thalamus	-0.34464689238073454	76.93008154703483	NA	4.615527600130163	NA
Thalamus	-0.34464689238073454	77.10612292357267	NA	4.606012291714857	NA
Thalamus	-0.34464689238073454	77.28216430011051	NA	4.59654517610231	NA
Thalamus	-0.34464689238073454	77.45820567664833	NA	4.587125720689185	NA
Thalamus	-0.34464689238073454	77.63424705318617	NA	4.577753399590829	NA
Thalamus	-0.34464689238073454	77.81028842972401	NA	4.5684276935193555	NA
Thalamus	-0.34464689238073454	77.84464689238074	5.1281012048935954	4.5666129466619525	0.7251953667779288
Thalamus	-0.34464689238073454	77.98632980626185	NA	4.559148089665383	NA
Thalamus	-0.34464689238073454	78.16237118279969	NA	4.549914081583304	NA
Thalamus	-0.34464689238073454	78.33841255933753	NA	4.540725169079894	NA
Thalamus	-0.34464689238073454	78.51445393587537	NA	4.531580858106225	NA
Thalamus	-0.34464689238073454	78.6904953124132	NA	4.522480660652596	NA
Thalamus	-0.34464689238073454	78.86653668895104	NA	4.513424094646504	NA
Thalamus	-0.34464689238073454	79.04257806548887	NA	4.504410683853499	NA
Thalamus	-0.34464689238073454	79.21861944202671	NA	4.495439957780711	NA
Thalamus	-0.34464689238073454	79.39466081856455	NA	4.486511451583083	NA
Thalamus	-0.34464689238073454	79.57070219510238	NA	4.477624705972106	NA
Thalamus	-0.34464689238073454	79.74674357164022	NA	4.468779267127032	NA
Thalamus	-0.34464689238073454	79.92278494817806	NA	4.459974688849896	NA
Thalamus	-0.34464689238073454	80.0988263247159	NA	4.4512105295885265	NA
Thalamus	-0.34464689238073454	80.27486770125374	NA	4.4424863474522205	NA
Thalamus	-0.34464689238073454	80.45090907779156	NA	4.433801709650905	NA
Thalamus	-0.34464689238073454	80.6269504543294	NA	4.425156188451552	NA
Thalamus	-0.34464689238073454	80.80299183086724	NA	4.41654936110214	NA
Thalamus	-0.34464689238073454	80.97903320740508	NA	4.407980809757484	NA
Thalamus	-0.34464689238073454	81.15507458394292	NA	4.399450121406878	NA
Thalamus	-0.34464689238073454	81.33111596048076	NA	4.390956887803395	NA
Thalamus	-0.34464689238073454	81.5071573370186	NA	4.382500705394946	NA
Thalamus	-0.34464689238073454	81.68319871355644	NA	4.374081175256831	NA
Thalamus	-0.34464689238073454	81.85924009009427	NA	4.36569790302592	NA
Thalamus	-0.34464689238073454	82.0352814666321	NA	4.3573504988362775	NA
Thalamus	-0.34464689238073454	82.21132284316994	NA	4.349038577256218	NA
Thalamus	-0.34464689238073454	82.38736421970778	NA	4.34076175722678	NA
Thalamus	-0.34464689238073454	82.56340559624562	NA	4.3325196620015	NA
Thalamus	-0.34464689238073454	82.73944697278345	NA	4.324311919087507	NA
Thalamus	-0.34464689238073454	82.84464689238074	4.836768570320948	4.319423331377957	0.7021197486030172
Thalamus	-0.34464689238073454	82.9154883493213	NA	4.3161381601878315	NA
Thalamus	-0.34464689238073454	83.09152972585913	NA	4.3079980211449405	NA
Thalamus	-0.34464689238073454	83.26757110239697	NA	4.299891141885434	NA
Thalamus	-0.34464689238073454	83.4436124789348	NA	4.291817166365857	NA
Thalamus	-0.34464689238073454	83.61965385547263	NA	4.283775742519617	NA
Thalamus	-0.34464689238073454	83.79569523201047	NA	4.275766522204902	NA
Thalamus	-0.34464689238073454	83.97173660854831	NA	4.267789161153724	NA
Thalamus	-0.34464689238073454	84.14777798508615	NA	4.259843318921793	NA
Thalamus	-0.34464689238073454	84.32381936162399	NA	4.2519286588394944	NA
Thalamus	-0.34464689238073454	84.49986073816183	NA	4.244044847963705	NA
Thalamus	-0.34464689238073454	84.67590211469967	NA	4.236191557030509	NA
Thalamus	-0.34464689238073454	84.8519434912375	NA	4.228368460408832	NA
Thalamus	-0.34464689238073454	85.02798486777533	NA	4.2205752360548585	NA
Thalamus	-0.34464689238073454	85.20402624431317	NA	4.212811565467289	NA
Thalamus	-0.34464689238073454	85.38006762085101	NA	4.205077133643416	NA
Thalamus	-0.34464689238073454	85.55610899738885	NA	4.197371629035906	NA
Thalamus	-0.34464689238073454	85.73215037392669	NA	4.189694743510391	NA
Thalamus	-0.34464689238073454	85.90819175046452	NA	4.182046172303748	NA
Thalamus	-0.34464689238073454	86.08423312700236	NA	4.174425613983099	NA
Thalamus	-0.34464689238073454	86.2602745035402	NA	4.166832770405486	NA
Thalamus	-0.34464689238073454	86.43631588007803	NA	4.159267346678217	NA
Thalamus	-0.34464689238073454	86.61235725661587	NA	4.151729051119853	NA
Thalamus	-0.34464689238073454	86.7883986331537	NA	4.144217595221831	NA
Thalamus	-0.34464689238073454	86.96444000969154	NA	4.136732693610712	NA
Thalamus	-0.34464689238073454	87.14048138622938	NA	4.1292740640110015	NA
Thalamus	-0.34464689238073454	87.31652276276722	NA	4.121841427208563	NA
Thalamus	-0.34464689238073454	87.49256413930506	NA	4.114434507014587	NA
Thalamus	-0.34464689238073454	87.6686055158429	NA	4.107053030230165	NA
Thalamus	-0.34464689238073454	87.84464689238074	4.5186583084554215	4.099669476484015	0.6823460271913812
