fwhm_x	fwhm_y	fwhm_z
8.906909	7.155621	6.728521
