fwhm_x	fwhm_y	fwhm_z
9.046391	7.060259	6.998387
