fwhm_x	fwhm_y	fwhm_z
4.782033	5.795344	5.632256
