fwhm_x	fwhm_y	fwhm_z
10.999773	8.454696	10.658569
