fwhm_x	fwhm_y	fwhm_z
9.176763	7.556727	5.149929
