fwhm_x	fwhm_y	fwhm_z
8.253359	6.539102	5.638436
