fwhm_x	fwhm_y	fwhm_z
6.967438	6.936825	11.489673
