region	inpshift	frame_mid	TAC	TAC_fitted	weights
ACC	-0.113631469297468	0	0	-3.12298213341556e-14	0
ACC	-0.113631469297468	0.17557841977815125	NA	0.01713622603916912	NA
ACC	-0.113631469297468	0.3511568395563025	NA	0.04295645346964353	NA
ACC	-0.113631469297468	0.363631469297468	1.7631889083678272	0.04511578290985219	0.5406318946080035
ACC	-0.113631469297468	0.5267352593344538	NA	5.747039495672759	NA
ACC	-0.113631469297468	0.702313679112605	NA	9.226455177766198	NA
ACC	-0.113631469297468	0.863631469297468	12.764945788373703	12.458527958817603	0.7614321513692394
ACC	-0.113631469297468	0.8778920988907563	NA	12.74585052689379	NA
ACC	-0.113631469297468	1.0534705186689075	NA	16.304608484287662	NA
ACC	-0.113631469297468	1.2290489384470589	NA	19.988739197469425	NA
ACC	-0.113631469297468	1.363631469297468	24.841374849069993	22.953389161164374	0.906689764733088
ACC	-0.113631469297468	1.40462735822521	NA	23.91564618393148	NA
ACC	-0.113631469297468	1.5802057780033612	NA	28.14052593243978	NA
ACC	-0.113631469297468	1.7557841977815125	NA	32.205975988886436	NA
ACC	-0.113631469297468	1.863631469297468	36.56397600315069	34.71699453893879	1.01687563871536
ACC	-0.113631469297468	1.9313626175596639	NA	36.306491916687754	NA
ACC	-0.113631469297468	2.106941037337815	NA	39.979205305786984	NA
ACC	-0.113631469297468	2.282519457115966	NA	41.91920081738907	NA
ACC	-0.113631469297468	2.363631469297468	42.871340769580854	42.210604640878316	1.063249747548116
ACC	-0.113631469297468	2.4580978768941177	NA	42.184911488834274	NA
ACC	-0.113631469297468	2.633676296672269	NA	42.14410870823498	NA
ACC	-0.113631469297468	2.80925471645042	NA	42.33263847584819	NA
ACC	-0.113631469297468	2.863631469297468	41.10123267379764	42.34237157229403	1.0563290442417974
ACC	-0.113631469297468	2.984833136228571	NA	42.282311948338254	NA
ACC	-0.113631469297468	3.1604115560067223	NA	42.082290865991766	NA
ACC	-0.113631469297468	3.335989975784874	NA	41.78989042007273	NA
ACC	-0.113631469297468	3.511568395563025	NA	41.52632773689753	NA
ACC	-0.113631469297468	3.613631469297468	40.16200697047941	41.353587710967794	1.2801733520325422
ACC	-0.113631469297468	3.687146815341176	NA	41.22043001073033	NA
ACC	-0.113631469297468	3.8627252351193277	NA	40.873355153648234	NA
ACC	-0.113631469297468	4.0383036548974784	NA	40.486220005215316	NA
ACC	-0.113631469297468	4.21388207467563	NA	40.06010188014335	NA
ACC	-0.113631469297468	4.389460494453782	NA	39.59604005695933	NA
ACC	-0.113631469297468	4.565038914231932	NA	39.095037209933075	NA
ACC	-0.113631469297468	4.613631469297468	37.96730332907637	38.95000415826503	1.2355345831774884
ACC	-0.113631469297468	4.740617334010084	NA	38.55806078643234	NA
ACC	-0.113631469297468	4.9161957537882355	NA	37.98604433178994	NA
ACC	-0.113631469297468	5.091774173566386	NA	37.45234659159982	NA
ACC	-0.113631469297468	5.267352593344538	NA	36.94694912943445	NA
ACC	-0.113631469297468	5.4429310131226885	NA	36.45685142354168	NA
ACC	-0.113631469297468	5.613631469297468	36.08800450859229	35.99444170939897	1.1929764114826216
ACC	-0.113631469297468	5.61850943290084	NA	35.98142477323405	NA
ACC	-0.113631469297468	5.794087852678992	NA	35.52006480831077	NA
ACC	-0.113631469297468	5.969666272457142	NA	35.07219055714552	NA
ACC	-0.113631469297468	6.145244692235294	NA	34.637243550402225	NA
ACC	-0.113631469297468	6.320823112013445	NA	34.21468695901772	NA
ACC	-0.113631469297468	6.496401531791596	NA	33.80400476514117	NA
ACC	-0.113631469297468	6.671979951569748	NA	33.40470096477113	NA
ACC	-0.113631469297468	6.8475583713478985	NA	33.01629880087842	NA
ACC	-0.113631469297468	7.02313679112605	NA	32.6383400258499	NA
ACC	-0.113631469297468	7.113631469297468	32.65203448067688	32.44746943485998	1.4084829977458366
ACC	-0.113631469297468	7.198715210904202	NA	32.27038419213253	NA
ACC	-0.113631469297468	7.374293630682352	NA	31.912007969999877	NA
ACC	-0.113631469297468	7.549872050460504	NA	31.56280449140425	NA
ACC	-0.113631469297468	7.7254504702386555	NA	31.222382718918066	NA
ACC	-0.113631469297468	7.901028890016806	NA	30.89036683880489	NA
ACC	-0.113631469297468	8.076607309794957	NA	30.566396424357876	NA
ACC	-0.113631469297468	8.252185729573108	NA	30.250123977118346	NA
ACC	-0.113631469297468	8.42776414935126	NA	29.941215500386175	NA
ACC	-0.113631469297468	8.603342569129412	NA	29.63935046261314	NA
ACC	-0.113631469297468	8.778920988907563	NA	29.344220851885243	NA
ACC	-0.113631469297468	8.954499408685713	NA	29.055530695608216	NA
ACC	-0.113631469297468	9.113631469297468	29.417706047659102	28.79920461262313	1.3149422378403732
ACC	-0.113631469297468	9.130077828463865	NA	28.772995598561206	NA
ACC	-0.113631469297468	9.305656248242016	NA	28.496342298616987	NA
ACC	-0.113631469297468	9.481234668020168	NA	28.22530823945335	NA
ACC	-0.113631469297468	9.65681308779832	NA	27.959641159606125	NA
ACC	-0.113631469297468	9.832391507576471	NA	27.699098697239503	NA
ACC	-0.113631469297468	10.00796992735462	NA	27.443448010032675	NA
ACC	-0.113631469297468	10.183548347132772	NA	27.192465409605216	NA
ACC	-0.113631469297468	10.359126766910924	NA	26.9459360099254	NA
ACC	-0.113631469297468	10.534705186689076	NA	26.70879719762237	NA
ACC	-0.113631469297468	10.710283606467227	NA	26.479809155891715	NA
ACC	-0.113631469297468	10.885862026245377	NA	26.257486257611827	NA
ACC	-0.113631469297468	11.061440446023528	NA	26.041560925089918	NA
ACC	-0.113631469297468	11.23701886580168	NA	25.831775895242732	NA
ACC	-0.113631469297468	11.412597285579832	NA	25.62788382480108	NA
ACC	-0.113631469297468	11.588175705357983	NA	25.429646910605996	NA
ACC	-0.113631469297468	11.763754125136133	NA	25.23683652441976	NA
ACC	-0.113631469297468	11.939332544914285	NA	25.0492328616971	NA
ACC	-0.113631469297468	12.114910964692436	NA	24.866624603782977	NA
ACC	-0.113631469297468	12.290489384470588	NA	24.688808593023836	NA
ACC	-0.113631469297468	12.46606780424874	NA	24.5155895202989	NA
ACC	-0.113631469297468	12.613631469297468	25.020973897102454	24.373425974754646	1.6340283656754413
ACC	-0.113631469297468	12.64164622402689	NA	24.346779624496634	NA
ACC	-0.113631469297468	12.81722464380504	NA	24.18219840348012	NA
ACC	-0.113631469297468	12.992803063583192	NA	24.02167233610203	NA
ACC	-0.113631469297468	13.168381483361344	NA	23.865034614846984	NA
ACC	-0.113631469297468	13.343959903139496	NA	23.712124888695215	NA
ACC	-0.113631469297468	13.519538322917647	NA	23.5627890158167	NA
ACC	-0.113631469297468	13.695116742695797	NA	23.416878825720513	NA
ACC	-0.113631469297468	13.870695162473949	NA	23.274251890497098	NA
ACC	-0.113631469297468	14.0462735822521	NA	23.134771304807128	NA
ACC	-0.113631469297468	14.221852002030252	NA	22.99830547428182	NA
ACC	-0.113631469297468	14.397430421808403	NA	22.864727912013542	NA
ACC	-0.113631469297468	14.573008841586553	NA	22.733917042827404	NA
ACC	-0.113631469297468	14.748587261364705	NA	22.605756015036633	NA
ACC	-0.113631469297468	14.924165681142856	NA	22.48013251939548	NA
ACC	-0.113631469297468	15.099744100921008	NA	22.356395710878527	NA
ACC	-0.113631469297468	15.27532252069916	NA	22.233858985840815	NA
ACC	-0.113631469297468	15.450900940477311	NA	22.113929973557564	NA
ACC	-0.113631469297468	15.62647936025546	NA	21.996501317536815	NA
ACC	-0.113631469297468	15.802057780033612	NA	21.881469817232794	NA
ACC	-0.113631469297468	15.977636199811764	NA	21.76873636046544	NA
ACC	-0.113631469297468	16.153214619589914	NA	21.658205722018668	NA
ACC	-0.113631469297468	16.328793039368065	NA	21.549785984935145	NA
ACC	-0.113631469297468	16.504371459146217	NA	21.44338904180351	NA
ACC	-0.113631469297468	16.67994987892437	NA	21.33893020370355	NA
ACC	-0.113631469297468	16.85552829870252	NA	21.236328069211012	NA
ACC	-0.113631469297468	17.03110671848067	NA	21.13550439841065	NA
ACC	-0.113631469297468	17.206685138258823	NA	21.036383991726602	NA
ACC	-0.113631469297468	17.382263558036975	NA	20.938894573385706	NA
ACC	-0.113631469297468	17.557841977815126	NA	20.842966679336676	NA
ACC	-0.113631469297468	17.613631469297466	21.270738363522085	20.812801206033956	1.4478588203936495
ACC	-0.113631469297468	17.733420397593278	NA	20.748533549455008	NA
ACC	-0.113631469297468	17.908998817371426	NA	20.655531023869642	NA
ACC	-0.113631469297468	18.084577237149578	NA	20.56389744325392	NA
ACC	-0.113631469297468	18.26015565692773	NA	20.473573552929448	NA
ACC	-0.113631469297468	18.43573407670588	NA	20.384502410636824	NA
ACC	-0.113631469297468	18.611312496484032	NA	20.296629297833448	NA
ACC	-0.113631469297468	18.786890916262184	NA	20.209901634383353	NA
ACC	-0.113631469297468	18.962469336040336	NA	20.12426889650948	NA
ACC	-0.113631469297468	19.138047755818487	NA	20.039682537883802	NA
ACC	-0.113631469297468	19.31362617559664	NA	19.956095913735176	NA
ACC	-0.113631469297468	19.48920459537479	NA	19.87346420785983	NA
ACC	-0.113631469297468	19.664783015152942	NA	19.791744362423252	NA
ACC	-0.113631469297468	19.84036143493109	NA	19.71089501044708	NA
ACC	-0.113631469297468	20.01593985470924	NA	19.63087641087818	NA
ACC	-0.113631469297468	20.191518274487393	NA	19.551650386141237	NA
ACC	-0.113631469297468	20.367096694265545	NA	19.473180262080046	NA
ACC	-0.113631469297468	20.542675114043696	NA	19.395430810196064	NA
ACC	-0.113631469297468	20.718253533821848	NA	19.318368192096493	NA
ACC	-0.113631469297468	20.8938319536	NA	19.241959906067475	NA
ACC	-0.113631469297468	21.06941037337815	NA	19.166174735691058	NA
ACC	-0.113631469297468	21.244988793156303	NA	19.090982700427915	NA
ACC	-0.113631469297468	21.420567212934454	NA	19.016355008090628	NA
ACC	-0.113631469297468	21.596145632712602	NA	18.942264009135332	NA
ACC	-0.113631469297468	21.771724052490754	NA	18.868683152702122	NA
ACC	-0.113631469297468	21.947302472268905	NA	18.795586944337433	NA
ACC	-0.113631469297468	22.122880892047057	NA	18.72295090533418	NA
ACC	-0.113631469297468	22.29845931182521	NA	18.6507515336276	NA
ACC	-0.113631469297468	22.47403773160336	NA	18.57896626618761	NA
ACC	-0.113631469297468	22.613631469297466	18.253470156306022	18.52217453831734	1.3019202544847868
ACC	-0.113631469297468	22.64961615138151	NA	18.50757344285024	NA
ACC	-0.113631469297468	22.825194571159663	NA	18.43655227153326	NA
ACC	-0.113631469297468	23.000772990937815	NA	18.365882794783083	NA
ACC	-0.113631469297468	23.176351410715966	NA	18.295545857601983	NA
ACC	-0.113631469297468	23.351929830494118	NA	18.22552307650677	NA
ACC	-0.113631469297468	23.527508250272266	NA	18.15579680977179	NA
ACC	-0.113631469297468	23.703086670050418	NA	18.086350128811013	NA
ACC	-0.113631469297468	23.87866508982857	NA	18.017166790655626	NA
ACC	-0.113631469297468	24.05424350960672	NA	17.94823124376218	NA
ACC	-0.113631469297468	24.229821929384872	NA	17.879528504786308	NA
ACC	-0.113631469297468	24.405400349163024	NA	17.811044229645983	NA
ACC	-0.113631469297468	24.580978768941176	NA	17.742764663349035	NA
ACC	-0.113631469297468	24.756557188719327	NA	17.674676613917388	NA
ACC	-0.113631469297468	24.93213560849748	NA	17.606767430612972	NA
ACC	-0.113631469297468	25.10771402827563	NA	17.539024982997447	NA
ACC	-0.113631469297468	25.28329244805378	NA	17.471437640794075	NA
ACC	-0.113631469297468	25.45887086783193	NA	17.403994254520732	NA
ACC	-0.113631469297468	25.63444928761008	NA	17.336684136865028	NA
ACC	-0.113631469297468	25.810027707388233	NA	17.269497044772763	NA
ACC	-0.113631469297468	25.985606127166385	NA	17.202423162222665	NA
ACC	-0.113631469297468	26.161184546944536	NA	17.135453083661087	NA
ACC	-0.113631469297468	26.336762966722688	NA	17.068577798071487	NA
ACC	-0.113631469297468	26.51234138650084	NA	17.001788673654392	NA
ACC	-0.113631469297468	26.68791980627899	NA	16.93507744309446	NA
ACC	-0.113631469297468	26.863498226057143	NA	16.8684361893923	NA
ACC	-0.113631469297468	27.039076645835294	NA	16.801857332239255	NA
ACC	-0.113631469297468	27.214655065613442	NA	16.735333614914918	NA
ACC	-0.113631469297468	27.390233485391594	NA	16.668858091686285	NA
ACC	-0.113631469297468	27.565811905169745	NA	16.60242411569079	NA
ACC	-0.113631469297468	27.613631469297466	16.07244864837351	16.584336877802542	1.1868744691262425
ACC	-0.113631469297468	27.741390324947897	NA	16.536025327283614	NA
ACC	-0.113631469297468	27.91696874472605	NA	16.46965564283201	NA
ACC	-0.113631469297468	28.0925471645042	NA	16.403309243939482	NA
ACC	-0.113631469297468	28.268125584282352	NA	16.336980567083238	NA
ACC	-0.113631469297468	28.443704004060503	NA	16.270664293649343	NA
ACC	-0.113631469297468	28.619282423838655	NA	16.204355340350144	NA
ACC	-0.113631469297468	28.794860843616807	NA	16.138048850009483	NA
ACC	-0.113631469297468	28.970439263394958	NA	16.0717401827016	NA
ACC	-0.113631469297468	29.146017683173106	NA	16.005424907230132	NA
ACC	-0.113631469297468	29.321596102951258	NA	15.939098792934399	NA
ACC	-0.113631469297468	29.49717452272941	NA	15.872757801810096	NA
ACC	-0.113631469297468	29.67275294250756	NA	15.806398080932798	NA
ACC	-0.113631469297468	29.848331362285712	NA	15.740015955172382	NA
ACC	-0.113631469297468	30.023909782063864	NA	15.673607920187358	NA
ACC	-0.113631469297468	30.199488201842016	NA	15.608018143779828	NA
ACC	-0.113631469297468	30.375066621620167	NA	15.54366918725383	NA
ACC	-0.113631469297468	30.55064504139832	NA	15.480067085373632	NA
ACC	-0.113631469297468	30.72622346117647	NA	15.417185331673487	NA
ACC	-0.113631469297468	30.901801880954622	NA	15.354998418595887	NA
ACC	-0.113631469297468	31.07738030073277	NA	15.293481799414506	NA
ACC	-0.113631469297468	31.25295872051092	NA	15.232611851611656	NA
ACC	-0.113631469297468	31.428537140289073	NA	15.172365841654656	NA
ACC	-0.113631469297468	31.604115560067225	NA	15.112721891117527	NA
ACC	-0.113631469297468	31.779693979845376	NA	15.053658944096874	NA
ACC	-0.113631469297468	31.955272399623528	NA	14.995156780896398	NA
ACC	-0.113631469297468	32.13085081940168	NA	14.937195885915449	NA
ACC	-0.113631469297468	32.30642923917983	NA	14.87975744897616	NA
ACC	-0.113631469297468	32.48200765895798	NA	14.822823402918972	NA
ACC	-0.113631469297468	32.61363146929747	14.28900701186283	14.780462633656771	1.0899810586698542
ACC	-0.113631469297468	32.65758607873613	NA	14.766376357914702	NA
ACC	-0.113631469297468	32.833164498514286	NA	14.710399575670463	NA
ACC	-0.113631469297468	33.008742918292434	NA	14.654876944620838	NA
ACC	-0.113631469297468	33.18432133807059	NA	14.599792956066322	NA
ACC	-0.113631469297468	33.35989975784874	NA	14.545132681223219	NA
ACC	-0.113631469297468	33.53547817762689	NA	14.490881749149825	NA
ACC	-0.113631469297468	33.71105659740504	NA	14.437026325515697	NA
ACC	-0.113631469297468	33.88663501718319	NA	14.383553092181563	NA
ACC	-0.113631469297468	34.06221343696134	NA	14.33044922755904	NA
ACC	-0.113631469297468	34.23779185673949	NA	14.277702387720351	NA
ACC	-0.113631469297468	34.41337027651765	NA	14.22530068822929	NA
ACC	-0.113631469297468	34.588948696295795	NA	14.173232686665992	NA
ACC	-0.113631469297468	34.76452711607395	NA	14.121487365818915	NA
ACC	-0.113631469297468	34.9401055358521	NA	14.0700541175186	NA
ACC	-0.113631469297468	35.11568395563025	NA	14.018922727088631	NA
ACC	-0.113631469297468	35.2912623754084	NA	13.96808335839027	NA
ACC	-0.113631469297468	35.466840795186556	NA	13.917526539438015	NA
ACC	-0.113631469297468	35.642419214964704	NA	13.867243148564329	NA
ACC	-0.113631469297468	35.81799763474285	NA	13.817224401112568	NA
ACC	-0.113631469297468	35.99357605452101	NA	13.767461836637779	NA
ACC	-0.113631469297468	36.169154474299155	NA	13.717947306596233	NA
ACC	-0.113631469297468	36.34473289407731	NA	13.66867296250472	NA
ACC	-0.113631469297468	36.52031131385546	NA	13.619631244551904	NA
ACC	-0.113631469297468	36.695889733633614	NA	13.57081487064427	NA
ACC	-0.113631469297468	36.87146815341176	NA	13.522216825870247	NA
ACC	-0.113631469297468	37.04704657318992	NA	13.473830352366363	NA
ACC	-0.113631469297468	37.222624992968065	NA	13.425648939570152	NA
ACC	-0.113631469297468	37.39820341274622	NA	13.37766631484506	NA
ACC	-0.113631469297468	37.57378183252437	NA	13.329876434463074	NA
ACC	-0.113631469297468	37.61363146929747	12.51008600245686	13.319056206363525	1.008429311913547
ACC	-0.113631469297468	37.749360252302516	NA	13.282273474931438	NA
ACC	-0.113631469297468	37.92493867208067	NA	13.23485182465034	NA
ACC	-0.113631469297468	38.10051709185882	NA	13.187606075888858	NA
ACC	-0.113631469297468	38.276095511636974	NA	13.140531017067048	NA
ACC	-0.113631469297468	38.45167393141512	NA	13.093621625332506	NA
ACC	-0.113631469297468	38.62725235119328	NA	13.04687305942007	NA
ACC	-0.113631469297468	38.802830770971426	NA	13.000280652783948	NA
ACC	-0.113631469297468	38.97840919074958	NA	12.953839906991755	NA
ACC	-0.113631469297468	39.15398761052773	NA	12.907546485370577	NA
ACC	-0.113631469297468	39.329566030305884	NA	12.861396206895334	NA
ACC	-0.113631469297468	39.50514445008403	NA	12.815385040310172	NA
ACC	-0.113631469297468	39.68072286986218	NA	12.769509098474124	NA
ACC	-0.113631469297468	39.856301289640335	NA	12.72376463646782	NA
ACC	-0.113631469297468	40.03187970941848	NA	12.67814805105311	NA
ACC	-0.113631469297468	40.20745812919664	NA	12.632655839274376	NA
ACC	-0.113631469297468	40.383036548974786	NA	12.58728463815089	NA
ACC	-0.113631469297468	40.55861496875294	NA	12.542031203616093	NA
ACC	-0.113631469297468	40.73419338853109	NA	12.496892406039827	NA
ACC	-0.113631469297468	40.909771808309245	NA	12.451865225920685	NA
ACC	-0.113631469297468	41.08535022808739	NA	12.406946749742993	NA
ACC	-0.113631469297468	41.26092864786554	NA	12.362134165991408	NA
ACC	-0.113631469297468	41.436507067643696	NA	12.31742476131747	NA
ACC	-0.113631469297468	41.612085487421844	NA	12.272815916852213	NA
ACC	-0.113631469297468	41.7876639072	NA	12.22830510465914	NA
ACC	-0.113631469297468	41.96324232697815	NA	12.18388988432248	NA
ACC	-0.113631469297468	42.1388207467563	NA	12.139567899665222	NA
ACC	-0.113631469297468	42.31439916653445	NA	12.095336875592288	NA
ACC	-0.113631469297468	42.489977586312605	NA	12.05119461505376	NA
ACC	-0.113631469297468	42.61363146929747	11.523568274760969	12.020158827486128	0.94091476359211
ACC	-0.113631469297468	42.66555600609075	NA	12.0071389961239	NA
ACC	-0.113631469297468	42.84113442586891	NA	11.963167969191216	NA
ACC	-0.113631469297468	43.016712845647056	NA	11.919279554255612	NA
ACC	-0.113631469297468	43.192291265425204	NA	11.87547183832832	NA
ACC	-0.113631469297468	43.36786968520336	NA	11.831742972930833	NA
ACC	-0.113631469297468	43.54344810498151	NA	11.788091171689011	NA
ACC	-0.113631469297468	43.71902652475966	NA	11.744514708018658	NA
ACC	-0.113631469297468	43.89460494453781	NA	11.70101191289919	NA
ACC	-0.113631469297468	44.070183364315966	NA	11.657581172732016	NA
ACC	-0.113631469297468	44.245761784094114	NA	11.61422092728022	NA
ACC	-0.113631469297468	44.42134020387227	NA	11.57092966768678	NA
ACC	-0.113631469297468	44.59691862365042	NA	11.527705934567924	NA
ACC	-0.113631469297468	44.77249704342857	NA	11.484548316179106	NA
ACC	-0.113631469297468	44.94807546320672	NA	11.441455446650615	NA
ACC	-0.113631469297468	45.12365388298487	NA	11.398434957466744	NA
ACC	-0.113631469297468	45.29923230276302	NA	11.355846092582393	NA
ACC	-0.113631469297468	45.47481072254117	NA	11.313623674289476	NA
ACC	-0.113631469297468	45.65038914231933	NA	11.271753928315144	NA
ACC	-0.113631469297468	45.825967562097475	NA	11.230226874139435	NA
ACC	-0.113631469297468	46.00154598187563	NA	11.189032888493376	NA
ACC	-0.113631469297468	46.17712440165378	NA	11.148162691873253	NA
ACC	-0.113631469297468	46.35270282143193	NA	11.107607335569163	NA
ACC	-0.113631469297468	46.52828124121008	NA	11.067358189188079	NA
ACC	-0.113631469297468	46.703859660988236	NA	11.027406928652598	NA
ACC	-0.113631469297468	46.879438080766384	NA	10.987745524657193	NA
ACC	-0.113631469297468	47.05501650054453	NA	10.948366231564572	NA
ACC	-0.113631469297468	47.23059492032269	NA	10.909261576725129	NA
ACC	-0.113631469297468	47.406173340100835	NA	10.870424350203587	NA
ACC	-0.113631469297468	47.58175175987899	NA	10.831847594896995	NA
ACC	-0.113631469297468	47.61363146929747	10.7911249057084	10.824870737032112	0.8834903698615684
ACC	-0.113631469297468	47.75733017965714	NA	10.793524597029466	NA
ACC	-0.113631469297468	47.932908599435294	NA	10.75544890708554	NA
ACC	-0.113631469297468	48.10848701921344	NA	10.71761424579807	NA
ACC	-0.113631469297468	48.2840654389916	NA	10.680014569131744	NA
ACC	-0.113631469297468	48.459643858769745	NA	10.642644048694839	NA
ACC	-0.113631469297468	48.6352222785479	NA	10.605497057055047	NA
ACC	-0.113631469297468	48.81080069832605	NA	10.568568160210116	NA
ACC	-0.113631469297468	48.986379118104196	NA	10.531852110345215	NA
ACC	-0.113631469297468	49.16195753788235	NA	10.49534383886601	NA
ACC	-0.113631469297468	49.3375359576605	NA	10.459038449697044	NA
ACC	-0.113631469297468	49.513114377438654	NA	10.422931212835111	NA
ACC	-0.113631469297468	49.6886927972168	NA	10.387017558148045	NA
ACC	-0.113631469297468	49.86427121699496	NA	10.35129306940946	NA
ACC	-0.113631469297468	50.039849636773106	NA	10.315753478560458	NA
ACC	-0.113631469297468	50.21542805655126	NA	10.280394660189659	NA
ACC	-0.113631469297468	50.39100647632941	NA	10.245212626223177	NA
ACC	-0.113631469297468	50.56658489610756	NA	10.21020352081656	NA
ACC	-0.113631469297468	50.74216331588571	NA	10.175363615440942	NA
ACC	-0.113631469297468	50.91774173566386	NA	10.140689304156046	NA
ACC	-0.113631469297468	51.093320155442015	NA	10.106177099062899	NA
ACC	-0.113631469297468	51.26889857522016	NA	10.071823625929282	NA
ACC	-0.113631469297468	51.44447699499832	NA	10.037625619981512	NA
ACC	-0.113631469297468	51.620055414776466	NA	10.003579921856067	NA
ACC	-0.113631469297468	51.79563383455462	NA	9.969683473704974	NA
ACC	-0.113631469297468	51.97121225433277	NA	9.935933315449137	NA
ACC	-0.113631469297468	52.146790674110925	NA	9.902326581173922	NA
ACC	-0.113631469297468	52.32236909388907	NA	9.86886049566157	NA
ACC	-0.113631469297468	52.49794751366722	NA	9.83553237105524	NA
ACC	-0.113631469297468	52.61363146929747	9.824696579440324	9.81364749066491	0.8327447638909478
ACC	-0.113631469297468	52.673525933445376	NA	9.802339603649576	NA
ACC	-0.113631469297468	52.849104353223524	NA	9.769279670803138	NA
ACC	-0.113631469297468	53.02468277300168	NA	9.736350127967851	NA
ACC	-0.113631469297468	53.20026119277983	NA	9.703548605831129	NA
ACC	-0.113631469297468	53.37583961255798	NA	9.670872807566345	NA
ACC	-0.113631469297468	53.55141803233613	NA	9.638320506187494	NA
ACC	-0.113631469297468	53.726996452114285	NA	9.605889542004107	NA
ACC	-0.113631469297468	53.90257487189243	NA	9.573577820172543	NA
ACC	-0.113631469297468	54.07815329167059	NA	9.541383308340013	NA
ACC	-0.113631469297468	54.25373171144874	NA	9.509304034377891	NA
ACC	-0.113631469297468	54.429310131226885	NA	9.477338084200612	NA
ACC	-0.113631469297468	54.60488855100504	NA	9.445483599667273	NA
ACC	-0.113631469297468	54.78046697078319	NA	9.413738776562509	NA
ACC	-0.113631469297468	54.95604539056134	NA	9.382101862653743	NA
ACC	-0.113631469297468	55.13162381033949	NA	9.350571155821845	NA
ACC	-0.113631469297468	55.307202230117646	NA	9.319145002262418	NA
ACC	-0.113631469297468	55.482780649895794	NA	9.287821794755063	NA
ACC	-0.113631469297468	55.65835906967395	NA	9.256599970997904	NA
ACC	-0.113631469297468	55.8339374894521	NA	9.225478018825973	NA
ACC	-0.113631469297468	56.00951590923025	NA	9.194454462073233	NA
ACC	-0.113631469297468	56.1850943290084	NA	9.163527855527569	NA
ACC	-0.113631469297468	56.36067274878655	NA	9.132696801145663	NA
ACC	-0.113631469297468	56.536251168564704	NA	9.10195993837101	NA
ACC	-0.113631469297468	56.71182958834285	NA	9.071315942811514	NA
ACC	-0.113631469297468	56.88740800812101	NA	9.040763524966758	NA
ACC	-0.113631469297468	57.062986427899155	NA	9.01030142900325	NA
ACC	-0.113631469297468	57.23856484767731	NA	8.979928431575711	NA
ACC	-0.113631469297468	57.41414326745546	NA	8.949643340692607	NA
ACC	-0.113631469297468	57.58972168723361	NA	8.919444994624351	NA
ACC	-0.113631469297468	57.61363146929747	9.116980972693282	8.915339296633565	0.7903419439814352
ACC	-0.113631469297468	57.76530010701176	NA	8.889332260852477	NA
ACC	-0.113631469297468	57.940878526789916	NA	8.859304035058235	NA
ACC	-0.113631469297468	58.116456946568064	NA	8.829359240149122	NA
ACC	-0.113631469297468	58.29203536634621	NA	8.799496825321883	NA
ACC	-0.113631469297468	58.46761378612437	NA	8.769715765160603	NA
ACC	-0.113631469297468	58.643192205902515	NA	8.740015058768602	NA
ACC	-0.113631469297468	58.81877062568067	NA	8.71039372893271	NA
ACC	-0.113631469297468	58.99434904545882	NA	8.680850821318879	NA
ACC	-0.113631469297468	59.169927465236974	NA	8.65138540369778	NA
ACC	-0.113631469297468	59.34550588501512	NA	8.621996565199298	NA
ACC	-0.113631469297468	59.52108430479328	NA	8.592683415594859	NA
ACC	-0.113631469297468	59.696662724571425	NA	8.563445084606542	NA
ACC	-0.113631469297468	59.87224114434958	NA	8.534280721241766	NA
ACC	-0.113631469297468	60.04781956412773	NA	8.505189493152933	NA
ACC	-0.113631469297468	60.223397983905876	NA	8.476280991087881	NA
ACC	-0.113631469297468	60.39897640368403	NA	8.447767997502911	NA
ACC	-0.113631469297468	60.57455482346218	NA	8.419562216344433	NA
ACC	-0.113631469297468	60.750133243240334	NA	8.391655737541598	NA
ACC	-0.113631469297468	60.92571166301848	NA	8.364040926848093	NA
ACC	-0.113631469297468	61.10129008279664	NA	8.336710415484132	NA
ACC	-0.113631469297468	61.276868502574786	NA	8.309657090173058	NA
ACC	-0.113631469297468	61.45244692235294	NA	8.282874083557353	NA
ACC	-0.113631469297468	61.62802534213109	NA	8.256354764979811	NA
ACC	-0.113631469297468	61.803603761909244	NA	8.23009273161562	NA
ACC	-0.113631469297468	61.97918218168739	NA	8.204081799942236	NA
ACC	-0.113631469297468	62.15476060146554	NA	8.178315997533973	NA
ACC	-0.113631469297468	62.330339021243695	NA	8.152789555168892	NA
ACC	-0.113631469297468	62.50591744102184	NA	8.127496899236261	NA
ACC	-0.113631469297468	62.61363146929747	8.556383784125742	8.112093752669516	0.752898792037626
ACC	-0.113631469297468	62.6814958608	NA	8.102432644432891	NA
ACC	-0.113631469297468	62.857074280578146	NA	8.0775915867373609	NA
ACC	-0.113631469297468	63.0326527003563	NA	8.052968696651705	NA
ACC	-0.113631469297468	63.20823112013445	NA	8.028559112700002	NA
ACC	-0.113631469297468	63.383809539912605	NA	8.004358135174465	NA
ACC	-0.113631469297468	63.55938795969075	NA	7.98036122011921	NA
ACC	-0.113631469297468	63.7349663794689	NA	7.956563976252386	NA
ACC	-0.113631469297468	63.910544799247056	NA	7.932962177682424	NA
ACC	-0.113631469297468	64.08612321902521	NA	7.9095516862354955	NA
ACC	-0.113631469297468	64.26170163880336	NA	7.886328525306808	NA
ACC	-0.113631469297468	64.437280058581507	NA	7.863288847221529	NA
ACC	-0.113631469297468	64.61285847835966	NA	7.840428928466819	NA
ACC	-0.113631469297468	64.78843689813782	NA	7.817745165104958	NA
ACC	-0.113631469297468	64.96401531791597	NA	7.795234068360743	NA
ACC	-0.113631469297468	65.13959373769411	NA	7.772892260376328	NA
ACC	-0.113631469297468	65.31517215747226	NA	7.750716470127305	NA
ACC	-0.113631469297468	65.49075057725042	NA	7.728703529493729	NA
ACC	-0.113631469297468	65.66632899702857	NA	7.706850369480265	NA
ACC	-0.113631469297468	65.84190741680672	NA	7.685154016579718	NA
ACC	-0.113631469297468	66.01748583658487	NA	7.663611589274466	NA
ACC	-0.113631469297468	66.19306425636302	NA	7.642220294670572	NA
ACC	-0.113631469297468	66.36864267614118	NA	7.620977425259502	NA
ACC	-0.113631469297468	66.54422109591933	NA	7.599880355802558	NA
ACC	-0.113631469297468	66.71979951569747	NA	7.578926540333329	NA
ACC	-0.113631469297468	66.89537793547562	NA	7.558113509273745	NA
ACC	-0.113631469297468	67.07095635525378	NA	7.537438866659257	NA
ACC	-0.113631469297468	67.24653477503193	NA	7.5169002874691495	NA
ACC	-0.113631469297468	67.42211319481008	NA	7.4964955150578065	NA
ACC	-0.113631469297468	67.59769161458823	NA	7.476222358683236	NA
ACC	-0.113631469297468	67.61363146929747	7.93718485855068	7.47438830406547	0.7208454116044913
ACC	-0.113631469297468	67.77327003436638	NA	7.456078691128972	NA
ACC	-0.113631469297468	67.94884845414454	NA	7.436062446415961	NA
ACC	-0.113631469297468	68.12442687392269	NA	7.416171617600916	NA
ACC	-0.113631469297468	68.30000529370083	NA	7.39640425465782	NA
ACC	-0.113631469297468	68.47558371347898	NA	7.376758462439464	NA
ACC	-0.113631469297468	68.65116213325715	NA	7.357232398715937	NA
ACC	-0.113631469297468	68.8267405530353	NA	7.337824272287126	NA
ACC	-0.113631469297468	69.00231897281344	NA	7.318532341166441	NA
ACC	-0.113631469297468	69.17789739259159	NA	7.29935491083299	NA
ACC	-0.113631469297468	69.35347581236974	NA	7.280290332549676	NA
ACC	-0.113631469297468	69.5290542321479	NA	7.261337001744608	NA
ACC	-0.113631469297468	69.70463265192605	NA	7.242493356453514	NA
ACC	-0.113631469297468	69.8802110717042	NA	7.223757875820721	NA
ACC	-0.113631469297468	70.05578949148234	NA	7.205129078656582	NA
ACC	-0.113631469297468	70.2313679112605	NA	7.186605522049108	NA
ACC	-0.113631469297468	70.40694633103865	NA	7.16818580002779	NA
ACC	-0.113631469297468	70.5825247508168	NA	7.149868542277599	NA
ACC	-0.113631469297468	70.75810317059495	NA	7.131652412901288	NA
ACC	-0.113631469297468	70.93368159037311	NA	7.11353610922812	NA
ACC	-0.113631469297468	71.10926001015126	NA	7.095518360667242	NA
ACC	-0.113631469297468	71.28483842992941	NA	7.077597927604027	NA
ACC	-0.113631469297468	71.46041684970756	NA	7.059773600337818	NA
ACC	-0.113631469297468	71.6359952694857	NA	7.042044198059318	NA
ACC	-0.113631469297468	71.81157368926387	NA	7.024408578143112	NA
ACC	-0.113631469297468	71.98715210904201	NA	7.006865607934329	NA
ACC	-0.113631469297468	72.16273052882016	NA	6.989414183648694	NA
ACC	-0.113631469297468	72.33830894859831	NA	6.9720532305713085	NA
ACC	-0.113631469297468	72.51388736837647	NA	6.954781698310801	NA
ACC	-0.113631469297468	72.61363146929747	7.224319225558578	6.945009361129724	0.6932929600517144
ACC	-0.113631469297468	72.68946578815462	NA	6.937598559985442	NA
ACC	-0.113631469297468	72.86504420793277	NA	6.9205028114396905	NA
ACC	-0.113631469297468	73.04062262771092	NA	6.9034934704897655	NA
ACC	-0.113631469297468	73.216201047489065	NA	6.886569576197384	NA
ACC	-0.113631469297468	73.39177946726723	NA	6.869730188170332	NA
ACC	-0.113631469297468	73.56735788704538	NA	6.852974385889119	NA
ACC	-0.113631469297468	73.74293630682352	NA	6.836301268058476	NA
ACC	-0.113631469297468	73.91851472660167	NA	6.819709951982974	NA
ACC	-0.113631469297468	74.09409314637983	NA	6.803199572965652	NA
ACC	-0.113631469297468	74.26967156615798	NA	6.786769283728939	NA
ACC	-0.113631469297468	74.44524998593613	NA	6.770418253856919	NA
ACC	-0.113631469297468	74.62082840571428	NA	6.754145669258166	NA
ACC	-0.113631469297468	74.79640682549244	NA	6.73795073164837	NA
ACC	-0.113631469297468	74.97198524527059	NA	6.721832658052024	NA
ACC	-0.113631469297468	75.14756366504874	NA	6.705790680322367	NA
ACC	-0.113631469297468	75.32314208482688	NA	6.689824044679007	NA
ACC	-0.113631469297468	75.49872050460503	NA	6.67393201126246	NA
ACC	-0.113631469297468	75.6742989243832	NA	6.658113853704992	NA
ACC	-0.113631469297468	75.84987734416134	NA	6.642368858717202	NA
ACC	-0.113631469297468	76.02545576393949	NA	6.626696325689595	NA
ACC	-0.113631469297468	76.20103418371764	NA	6.611095566308822	NA
ACC	-0.113631469297468	76.3766126034958	NA	6.5955659041877395	NA
ACC	-0.113631469297468	76.55219102327395	NA	6.580106674509037	NA
ACC	-0.113631469297468	76.7277694430521	NA	6.564717223681736	NA
ACC	-0.113631469297468	76.90334786283024	NA	6.549396909010139	NA
ACC	-0.113631469297468	77.07892628260839	NA	6.534145098374768	NA
ACC	-0.113631469297468	77.25450470238655	NA	6.518961169924821	NA
ACC	-0.113631469297468	77.4300831221647	NA	6.5038445117816845	NA
ACC	-0.113631469297468	77.60566154194285	NA	6.4887945217531815	NA
ACC	-0.113631469297468	77.61363146929747	6.75764154741436	6.488112942124021	0.6673326006999584
ACC	-0.113631469297468	77.781239961721	NA	6.473810607057992	NA
ACC	-0.113631469297468	77.95681838149916	NA	6.458892184060031	NA
ACC	-0.113631469297468	78.13239680127731	NA	6.444038678012279	NA
ACC	-0.113631469297468	78.30797522105546	NA	6.429249522809781	NA
ACC	-0.113631469297468	78.4835536408336	NA	6.414524160751423	NA
ACC	-0.113631469297468	78.65913206061177	NA	6.399862042310196	NA
ACC	-0.113631469297468	78.83471048038992	NA	6.385262625911595	NA
ACC	-0.113631469297468	79.01028890016806	NA	6.370725377719898	NA
ACC	-0.113631469297468	79.18586731994621	NA	6.3562497714319015	NA
ACC	-0.113631469297468	79.36144573972436	NA	6.341835288078013	NA
ACC	-0.113631469297468	79.53702415950252	NA	6.327481415830301	NA
ACC	-0.113631469297468	79.71260257928067	NA	6.313187653123258	NA
ACC	-0.113631469297468	79.88818099905882	NA	6.298953504240497	NA
ACC	-0.113631469297468	80.06375941883697	NA	6.284778471862393	NA
ACC	-0.113631469297468	80.23933783861513	NA	6.270662070941634	NA
ACC	-0.113631469297468	80.41491625839328	NA	6.256603822708638	NA
ACC	-0.113631469297468	80.59049467817142	NA	6.242603254516352	NA
ACC	-0.113631469297468	80.76607309794957	NA	6.2286598996904035	NA
ACC	-0.113631469297468	80.94165151772772	NA	6.214773297384364	NA
ACC	-0.113631469297468	81.11722993750588	NA	6.2009429924399875	NA
ACC	-0.113631469297468	81.29280835728403	NA	6.187168535252274	NA
ACC	-0.113631469297468	81.46838677706218	NA	6.173449481638986	NA
ACC	-0.113631469297468	81.64396519684033	NA	6.159785392714734	NA
ACC	-0.113631469297468	81.81954361661849	NA	6.146175834769195	NA
ACC	-0.113631469297468	81.99512203639664	NA	6.132620379149503	NA
ACC	-0.113631469297468	82.17070045617479	NA	6.119118602146552	NA
ACC	-0.113631469297468	82.34627887595293	NA	6.105670084885091	NA
ACC	-0.113631469297468	82.52185729573108	NA	6.092274413217462	NA
ACC	-0.113631469297468	82.61363146929747	6.673951166490832	6.085293438538436	0.644933026438736
ACC	-0.113631469297468	82.69743571550924	NA	6.078931177620922	NA
ACC	-0.113631469297468	82.87301413528739	NA	6.065639973098237	NA
ACC	-0.113631469297468	83.04859255506554	NA	6.052400399081652	NA
ACC	-0.113631469297468	83.22417097484369	NA	6.039212059339931	NA
ACC	-0.113631469297468	83.39974939462185	NA	6.026074561888447	NA
ACC	-0.113631469297468	83.5753278144	NA	6.0129875189021815	NA
ACC	-0.113631469297468	83.75090623417815	NA	5.9999505466315215	NA
ACC	-0.113631469297468	83.9264846539563	NA	5.98696326532077	NA
ACC	-0.113631469297468	84.10206307373446	NA	5.974025299129255	NA
ACC	-0.113631469297468	84.2776414935126	NA	5.961136276054922	NA
ACC	-0.113631469297468	84.45321991329075	NA	5.948295827860376	NA
ACC	-0.113631469297468	84.6287983330689	NA	5.93550359000122	NA
ACC	-0.113631469297468	84.80437675284705	NA	5.922759201556654	NA
ACC	-0.113631469297468	84.97995517262521	NA	5.910062305162202	NA
ACC	-0.113631469297468	85.15553359240336	NA	5.897412546944565	NA
ACC	-0.113631469297468	85.3311120121815	NA	5.884809576458402	NA
ACC	-0.113631469297468	85.50669043195965	NA	5.872253046625122	NA
ACC	-0.113631469297468	85.68226885173782	NA	5.859742613673474	NA
ACC	-0.113631469297468	85.85784727151596	NA	5.847277937081972	NA
ACC	-0.113631469297468	86.03342569129411	NA	5.834858679523011	NA
ACC	-0.113631469297468	86.20900411107226	NA	5.822484506808636	NA
ACC	-0.113631469297468	86.38458253085041	NA	5.810155087837991	NA
ACC	-0.113631469297468	86.56016095062857	NA	5.797870094546215	NA
ACC	-0.113631469297468	86.73573937040672	NA	5.7856292018548725	NA
ACC	-0.113631469297468	86.91131779018487	NA	5.773432087623855	NA
ACC	-0.113631469297468	87.08689620996302	NA	5.761278432604571	NA
ACC	-0.113631469297468	87.26247462974118	NA	5.749167920394584	NA
ACC	-0.113631469297468	87.43805304951933	NA	5.737100237393442	NA
ACC	-0.113631469297468	87.61363146929747	6.45395301819258	5.725040908130813	0.6267952640834258
Amygdala	-0.113631469297468	0	0	-3.12298213341556e-14	0
Amygdala	-0.113631469297468	0.17557841977815125	NA	0.01600833309925508	NA
Amygdala	-0.113631469297468	0.3511568395563025	NA	0.038703467591519894	NA
Amygdala	-0.113631469297468	0.363631469297468	1.0204614971400563	0.04056759832815765	0.5406318946080035
Amygdala	-0.113631469297468	0.5267352593344538	NA	5.41619448445514	NA
Amygdala	-0.113631469297468	0.702313679112605	NA	8.138342888634474	NA
Amygdala	-0.113631469297468	0.863631469297468	9.529842530899844	10.68534349033767	0.7614321513692394
Amygdala	-0.113631469297468	0.8778920988907563	NA	10.912592165013304	NA
Amygdala	-0.113631469297468	1.0534705186689075	NA	13.738159328535167	NA
Amygdala	-0.113631469297468	1.2290489384470589	NA	16.691462115201436	NA
Amygdala	-0.113631469297468	1.363631469297468	20.62429973819044	19.083830291374305	0.906689764733088
Amygdala	-0.113631469297468	1.40462735822521	NA	19.869355796188223	NA
Amygdala	-0.113631469297468	1.5802057780033612	NA	23.323212324561712	NA
Amygdala	-0.113631469297468	1.7557841977815125	NA	26.617470460347377	NA
Amygdala	-0.113631469297468	1.863631469297468	30.21125227597913	28.66130266817304	1.01687563871536
Amygdala	-0.113631469297468	1.9313626175596639	NA	29.958303190338764	NA
Amygdala	-0.113631469297468	2.106941037337815	NA	32.89421249523535	NA
Amygdala	-0.113631469297468	2.282519457115966	NA	34.314543213526335	NA
Amygdala	-0.113631469297468	2.363631469297468	32.5585174687791	34.46265283109862	1.063249747548116
Amygdala	-0.113631469297468	2.4580978768941177	NA	34.35552406968722	NA
Amygdala	-0.113631469297468	2.633676296672269	NA	34.349494281178636	NA
Amygdala	-0.113631469297468	2.80925471645042	NA	34.64606244281423	NA
Amygdala	-0.113631469297468	2.863631469297468	35.396300782990366	34.70015037218696	1.0563290442417974
Amygdala	-0.113631469297468	2.984833136228571	NA	34.75688711214855	NA
Amygdala	-0.113631469297468	3.1604115560067223	NA	34.763790698854564	NA
Amygdala	-0.113631469297468	3.335989975784874	NA	34.711428096754126	NA
Amygdala	-0.113631469297468	3.511568395563025	NA	34.696755962667666	NA
Amygdala	-0.113631469297468	3.613631469297468	34.546771608236114	34.67018051750867	1.2801733520325422
Amygdala	-0.113631469297468	3.687146815341176	NA	34.642928194543	NA
Amygdala	-0.113631469297468	3.8627252351193277	NA	34.55073235310746	NA
Amygdala	-0.113631469297468	4.0383036548974784	NA	34.42093457553942	NA
Amygdala	-0.113631469297468	4.21388207467563	NA	34.254280232246686	NA
Amygdala	-0.113631469297468	4.389460494453782	NA	34.051494562784896	NA
Amygdala	-0.113631469297468	4.565038914231932	NA	33.813283291584575	NA
Amygdala	-0.113631469297468	4.613631469297468	33.40968125036801	33.741208755008586	1.2355345831774884
Amygdala	-0.113631469297468	4.740617334010084	NA	33.5403332241344	NA
Amygdala	-0.113631469297468	4.9161957537882355	NA	33.23331282424705	NA
Amygdala	-0.113631469297468	5.091774173566386	NA	32.96107693662949	NA
Amygdala	-0.113631469297468	5.267352593344538	NA	32.70638563058228	NA
Amygdala	-0.113631469297468	5.4429310131226885	NA	32.45654102494674	NA
Amygdala	-0.113631469297468	5.613631469297468	32.15416038357936	32.21809650061579	1.1929764114826216
Amygdala	-0.113631469297468	5.61850943290084	NA	32.21134508354904	NA
Amygdala	-0.113631469297468	5.794087852678992	NA	31.9706064902158	NA
Amygdala	-0.113631469297468	5.969666272457142	NA	31.734140429694943	NA
Amygdala	-0.113631469297468	6.145244692235294	NA	31.501768375648265	NA
Amygdala	-0.113631469297468	6.320823112013445	NA	31.273317885488314	NA
Amygdala	-0.113631469297468	6.496401531791596	NA	31.04862240183897	NA
Amygdala	-0.113631469297468	6.671979951569748	NA	30.827521060406525	NA
Amygdala	-0.113631469297468	6.8475583713478985	NA	30.60985850405485	NA
Amygdala	-0.113631469297468	7.02313679112605	NA	30.395484702884858	NA
Amygdala	-0.113631469297468	7.113631469297468	30.491264628573894	30.286230999494254	1.4084829977458366
Amygdala	-0.113631469297468	7.198715210904202	NA	30.184254780124906	NA
Amygdala	-0.113631469297468	7.374293630682352	NA	29.97602884364506	NA
Amygdala	-0.113631469297468	7.549872050460504	NA	29.770671822913894	NA
Amygdala	-0.113631469297468	7.7254504702386555	NA	29.568053311222926	NA
Amygdala	-0.113631469297468	7.901028890016806	NA	29.36804741300878	NA
Amygdala	-0.113631469297468	8.076607309794957	NA	29.1705328264865	NA
Amygdala	-0.113631469297468	8.252185729573108	NA	28.975392112983684	NA
Amygdala	-0.113631469297468	8.42776414935126	NA	28.78251190652056	NA
Amygdala	-0.113631469297468	8.603342569129412	NA	28.591782927383	NA
Amygdala	-0.113631469297468	8.778920988907563	NA	28.403099714438735	NA
Amygdala	-0.113631469297468	8.954499408685713	NA	28.216360499780574	NA
Amygdala	-0.113631469297468	9.113631469297468	27.82423920457357	28.048709578113826	1.3149422378403732
Amygdala	-0.113631469297468	9.130077828463865	NA	28.031467087423234	NA
Amygdala	-0.113631469297468	9.305656248242016	NA	27.848324735923065	NA
Amygdala	-0.113631469297468	9.481234668020168	NA	27.66684204479447	NA
Amygdala	-0.113631469297468	9.65681308779832	NA	27.48693084460075	NA
Amygdala	-0.113631469297468	9.832391507576471	NA	27.30850609060071	NA
Amygdala	-0.113631469297468	10.00796992735462	NA	27.131485759836803	NA
Amygdala	-0.113631469297468	10.183548347132772	NA	26.955790751553756	NA
Amygdala	-0.113631469297468	10.359126766910924	NA	26.781344790840407	NA
Amygdala	-0.113631469297468	10.534705186689076	NA	26.61299047957293	NA
Amygdala	-0.113631469297468	10.710283606467227	NA	26.449186838790528	NA
Amygdala	-0.113631469297468	10.885862026245377	NA	26.288595684507932	NA
Amygdala	-0.113631469297468	11.061440446023528	NA	26.131104182381662	NA
Amygdala	-0.113631469297468	11.23701886580168	NA	25.976603206643535	NA
Amygdala	-0.113631469297468	11.412597285579832	NA	25.82498722014219	NA
Amygdala	-0.113631469297468	11.588175705357983	NA	25.676154158249165	NA
Amygdala	-0.113631469297468	11.763754125136133	NA	25.530005316504997	NA
Amygdala	-0.113631469297468	11.939332544914285	NA	25.386445241885273	NA
Amygdala	-0.113631469297468	12.114910964692436	NA	25.245381627569827	NA
Amygdala	-0.113631469297468	12.290489384470588	NA	25.106725211102507	NA
Amygdala	-0.113631469297468	12.46606780424874	NA	24.97038967583249	NA
Amygdala	-0.113631469297468	12.613631469297468	24.88482643543235	24.857541014339336	1.6340283656754413
Amygdala	-0.113631469297468	12.64164622402689	NA	24.836291555531258	NA
Amygdala	-0.113631469297468	12.81722464380504	NA	24.704350142083253	NA
Amygdala	-0.113631469297468	12.992803063583192	NA	24.574487396151248	NA
Amygdala	-0.113631469297468	13.168381483361344	NA	24.446627860720604	NA
Amygdala	-0.113631469297468	13.343959903139496	NA	24.32069857742985	NA
Amygdala	-0.113631469297468	13.519538322917647	NA	24.196629005597835	NA
Amygdala	-0.113631469297468	13.695116742695797	NA	24.074350943860953	NA
Amygdala	-0.113631469297468	13.870695162473949	NA	23.953798454335637	NA
Amygdala	-0.113631469297468	14.0462735822521	NA	23.83490778922595	NA
Amygdala	-0.113631469297468	14.221852002030252	NA	23.71761731979672	NA
Amygdala	-0.113631469297468	14.397430421808403	NA	23.601867467636474	NA
Amygdala	-0.113631469297468	14.573008841586553	NA	23.48760063813626	NA
Amygdala	-0.113631469297468	14.748587261364705	NA	23.37476115611328	NA
Amygdala	-0.113631469297468	14.924165681142856	NA	23.26329520351004	NA
Amygdala	-0.113631469297468	15.099744100921008	NA	23.152602794353772	NA
Amygdala	-0.113631469297468	15.27532252069916	NA	23.041985308800225	NA
Amygdala	-0.113631469297468	15.450900940477311	NA	22.932884993285196	NA
Amygdala	-0.113631469297468	15.62647936025546	NA	22.825248498070824	NA
Amygdala	-0.113631469297468	15.802057780033612	NA	22.719024227356098	NA
Amygdala	-0.113631469297468	15.977636199811764	NA	22.614162337196614	NA
Amygdala	-0.113631469297468	16.153214619589914	NA	22.510614653334255	NA
Amygdala	-0.113631469297468	16.328793039368065	NA	22.40833435822009	NA
Amygdala	-0.113631469297468	16.504371459146217	NA	22.30727632309109	NA
Amygdala	-0.113631469297468	16.67994987892437	NA	22.207396907105707	NA
Amygdala	-0.113631469297468	16.85552829870252	NA	22.108653909177338	NA
Amygdala	-0.113631469297468	17.03110671848067	NA	22.01100652136007	NA
Amygdala	-0.113631469297468	17.206685138258823	NA	21.914415283736357	NA
Amygdala	-0.113631469297468	17.382263558036975	NA	21.81884204075838	NA
Amygdala	-0.113631469297468	17.557841977815126	NA	21.7242498989965	NA
Amygdala	-0.113631469297468	17.613631469297466	22.252157721537102	21.694392676972708	1.4478588203936495
Amygdala	-0.113631469297468	17.733420397593278	NA	21.63060318624914	NA
Amygdala	-0.113631469297468	17.908998817371426	NA	21.537867411970698	NA
Amygdala	-0.113631469297468	18.084577237149578	NA	21.44600922897472	NA
Amygdala	-0.113631469297468	18.26015565692773	NA	21.35499639637158	NA
Amygdala	-0.113631469297468	18.43573407670588	NA	21.264797743700623	NA
Amygdala	-0.113631469297468	18.611312496484032	NA	21.17538313621867	NA
Amygdala	-0.113631469297468	18.786890916262184	NA	21.086723441307328	NA
Amygdala	-0.113631469297468	18.962469336040336	NA	20.998790495963334	NA
Amygdala	-0.113631469297468	19.138047755818487	NA	20.911557075337065	NA
Amygdala	-0.113631469297468	19.31362617559664	NA	20.824996862285204	NA
Amygdala	-0.113631469297468	19.48920459537479	NA	20.73908441790533	NA
Amygdala	-0.113631469297468	19.664783015152942	NA	20.653795153020486	NA
Amygdala	-0.113631469297468	19.84036143493109	NA	20.569105300583278	NA
Amygdala	-0.113631469297468	20.01593985470924	NA	20.484991888969983	NA
Amygdala	-0.113631469297468	20.191518274487393	NA	20.40143271613582	NA
Amygdala	-0.113631469297468	20.367096694265545	NA	20.318406324603853	NA
Amygdala	-0.113631469297468	20.542675114043696	NA	20.23589197726061	NA
Amygdala	-0.113631469297468	20.718253533821848	NA	20.15386963393239	NA
Amygdala	-0.113631469297468	20.8938319536	NA	20.072319928717253	NA
Amygdala	-0.113631469297468	21.06941037337815	NA	19.991224148048257	NA
Amygdala	-0.113631469297468	21.244988793156303	NA	19.910564209464436	NA
Amygdala	-0.113631469297468	21.420567212934454	NA	19.830322641066847	NA
Amygdala	-0.113631469297468	21.596145632712602	NA	19.7504825616373	NA
Amygdala	-0.113631469297468	21.771724052490754	NA	19.671027661398906	NA
Amygdala	-0.113631469297468	21.947302472268905	NA	19.591942183397368	NA
Amygdala	-0.113631469297468	22.122880892047057	NA	19.513210905483263	NA
Amygdala	-0.113631469297468	22.29845931182521	NA	19.43481912287587	NA
Amygdala	-0.113631469297468	22.47403773160336	NA	19.35675263128982	NA
Amygdala	-0.113631469297468	22.613631469297466	19.491438592467237	19.294908903472344	1.3019202544847868
Amygdala	-0.113631469297468	22.64961615138151	NA	19.278997710606596	NA
Amygdala	-0.113631469297468	22.825194571159663	NA	19.20154110907298	NA
Amygdala	-0.113631469297468	23.000772990937815	NA	19.12437002801	NA
Amygdala	-0.113631469297468	23.176351410715966	NA	19.04747210701537	NA
Amygdala	-0.113631469297468	23.351929830494118	NA	18.970835409644046	NA
Amygdala	-0.113631469297468	23.527508250272266	NA	18.8944484095511	NA
Amygdala	-0.113631469297468	23.703086670050418	NA	18.8182999770823	NA
Amygdala	-0.113631469297468	23.87866508982857	NA	18.742379366297808	NA
Amygdala	-0.113631469297468	24.05424350960672	NA	18.666676231175174	NA
Amygdala	-0.113631469297468	24.229821929384872	NA	18.59118052724384	NA
Amygdala	-0.113631469297468	24.405400349163024	NA	18.515882583113413	NA
Amygdala	-0.113631469297468	24.580978768941176	NA	18.440773066270175	NA
Amygdala	-0.113631469297468	24.756557188719327	NA	18.36584296905189	NA
Amygdala	-0.113631469297468	24.93213560849748	NA	18.2910835979931	NA
Amygdala	-0.113631469297468	25.10771402827563	NA	18.216486563514948	NA
Amygdala	-0.113631469297468	25.28329244805378	NA	18.142043769948266	NA
Amygdala	-0.113631469297468	25.45887086783193	NA	18.0677474058794	NA
Amygdala	-0.113631469297468	25.63444928761008	NA	17.99358993480817	NA
Amygdala	-0.113631469297468	25.810027707388233	NA	17.919564086108064	NA
Amygdala	-0.113631469297468	25.985606127166385	NA	17.845662846278803	NA
Amygdala	-0.113631469297468	26.161184546944536	NA	17.771879450482025	NA
Amygdala	-0.113631469297468	26.336762966722688	NA	17.698207374350748	NA
Amygdala	-0.113631469297468	26.51234138650084	NA	17.624640326064	NA
Amygdala	-0.113631469297468	26.68791980627899	NA	17.55117223867791	NA
Amygdala	-0.113631469297468	26.863498226057143	NA	17.477797262705135	NA
Amygdala	-0.113631469297468	27.039076645835294	NA	17.404509758934434	NA
Amygdala	-0.113631469297468	27.214655065613442	NA	17.331304291483136	NA
Amygdala	-0.113631469297468	27.390233485391594	NA	17.25817562107393	NA
Amygdala	-0.113631469297468	27.565811905169745	NA	17.185118698530147	NA
Amygdala	-0.113631469297468	27.613631469297466	16.877125221938833	17.16523309686736	1.1868744691262425
Amygdala	-0.113631469297468	27.741390324947897	NA	17.11212865848146	NA
Amygdala	-0.113631469297468	27.91696874472605	NA	17.039200813273585	NA
Amygdala	-0.113631469297468	28.0925471645042	NA	16.966330647075424	NA
Amygdala	-0.113631469297468	28.268125584282352	NA	16.893513810177232	NA
Amygdala	-0.113631469297468	28.443704004060503	NA	16.820746113473586	NA
Amygdala	-0.113631469297468	28.619282423838655	NA	16.74802352312541	NA
Amygdala	-0.113631469297468	28.794860843616807	NA	16.675342155395	NA
Amygdala	-0.113631469297468	28.970439263394958	NA	16.602698271648727	NA
Amygdala	-0.113631469297468	29.146017683173106	NA	16.530088273521834	NA
Amygdala	-0.113631469297468	29.321596102951258	NA	16.457508698240183	NA
Amygdala	-0.113631469297468	29.49717452272941	NA	16.384956214093926	NA
Amygdala	-0.113631469297468	29.67275294250756	NA	16.31242761605806	NA
Amygdala	-0.113631469297468	29.848331362285712	NA	16.239919821555326	NA
Amygdala	-0.113631469297468	30.023909782063864	NA	16.167429866356656	NA
Amygdala	-0.113631469297468	30.199488201842016	NA	16.09576643492586	NA
Amygdala	-0.113631469297468	30.375066621620167	NA	16.025216030025145	NA
Amygdala	-0.113631469297468	30.55064504139832	NA	15.955280665783675	NA
Amygdala	-0.113631469297468	30.72622346117647	NA	15.88594473124788	NA
Amygdala	-0.113631469297468	30.901801880954622	NA	15.817193083074105	NA
Amygdala	-0.113631469297468	31.07738030073277	NA	15.749011030772094	NA
Amygdala	-0.113631469297468	31.25295872051092	NA	15.681384322420858	NA
Amygdala	-0.113631469297468	31.428537140289073	NA	15.614299130841717	NA
Amygdala	-0.113631469297468	31.604115560067225	NA	15.54774204021381	NA
Amygdala	-0.113631469297468	31.779693979845376	NA	15.481700033117871	NA
Amygdala	-0.113631469297468	31.955272399623528	NA	15.4161605187744	NA
Amygdala	-0.113631469297468	32.13085081940168	NA	15.351111229747877	NA
Amygdala	-0.113631469297468	32.30642923917983	NA	15.286540235494595	NA
Amygdala	-0.113631469297468	32.48200765895798	NA	15.222435990886376	NA
Amygdala	-0.113631469297468	32.61363146929747	14.457465478521089	15.174679067095397	1.0899810586698542
Amygdala	-0.113631469297468	32.65758607873613	NA	15.158787290366783	NA
Amygdala	-0.113631469297468	32.833164498514286	NA	15.095583257290764	NA
Amygdala	-0.113631469297468	33.008742918292434	NA	15.0328133336052	NA
Amygdala	-0.113631469297468	33.18432133807059	NA	14.970467269859174	NA
Amygdala	-0.113631469297468	33.35989975784874	NA	14.908535115533438	NA
Amygdala	-0.113631469297468	33.53547817762689	NA	14.847007209678944	NA
Amygdala	-0.113631469297468	33.71105659740504	NA	14.785874171854342	NA
Amygdala	-0.113631469297468	33.88663501718319	NA	14.725126893352957	NA
Amygdala	-0.113631469297468	34.06221343696134	NA	14.66475652870994	NA
Amygdala	-0.113631469297468	34.23779185673949	NA	14.604754487480502	NA
Amygdala	-0.113631469297468	34.41337027651765	NA	14.545112426280667	NA
Amygdala	-0.113631469297468	34.588948696295795	NA	14.485822241082044	NA
Amygdala	-0.113631469297468	34.76452711607395	NA	14.426876059752411	NA
Amygdala	-0.113631469297468	34.9401055358521	NA	14.368266234834334	NA
Amygdala	-0.113631469297468	35.11568395563025	NA	14.30998533655412	NA
Amygdala	-0.113631469297468	35.2912623754084	NA	14.252026146053655	NA
Amygdala	-0.113631469297468	35.466840795186556	NA	14.194381648838071	NA
Amygdala	-0.113631469297468	35.642419214964704	NA	14.137045028432311	NA
Amygdala	-0.113631469297468	35.81799763474285	NA	14.080009660239766	NA
Amygdala	-0.113631469297468	35.99357605452101	NA	14.023269105596647	NA
Amygdala	-0.113631469297468	36.169154474299155	NA	13.966817106015752	NA
Amygdala	-0.113631469297468	36.34473289407731	NA	13.910647577613457	NA
Amygdala	-0.113631469297468	36.52031131385546	NA	13.854754605714275	NA
Amygdala	-0.113631469297468	36.695889733633614	NA	13.799132439627064	NA
Amygdala	-0.113631469297468	36.87146815341176	NA	13.743775487587454	NA
Amygdala	-0.113631469297468	37.04704657318992	NA	13.688678311861251	NA
Amygdala	-0.113631469297468	37.222624992968065	NA	13.63383562400353	NA
Amygdala	-0.113631469297468	37.39820341274622	NA	13.579242280268398	NA
Amygdala	-0.113631469297468	37.57378183252437	NA	13.52489327716483	NA
Amygdala	-0.113631469297468	37.61363146929747	13.681632559735354	13.512591670226918	1.008429311913547
Amygdala	-0.113631469297468	37.749360252302516	NA	13.47078374715357	NA
Amygdala	-0.113631469297468	37.92493867208067	NA	13.416908954480816	NA
Amygdala	-0.113631469297468	38.10051709185882	NA	13.363264291144205	NA
Amygdala	-0.113631469297468	38.276095511636974	NA	13.309845272986864	NA
Amygdala	-0.113631469297468	38.45167393141512	NA	13.256647535915427	NA
Amygdala	-0.113631469297468	38.62725235119328	NA	13.20366683223803	NA
Amygdala	-0.113631469297468	38.802830770971426	NA	13.150899027118502	NA
Amygdala	-0.113631469297468	38.97840919074958	NA	13.098340095142898	NA
Amygdala	-0.113631469297468	39.15398761052773	NA	13.045986116994982	NA
Amygdala	-0.113631469297468	39.329566030305884	NA	12.993833276236828	NA
Amygdala	-0.113631469297468	39.50514445008403	NA	12.94187785619167	NA
Amygdala	-0.113631469297468	39.68072286986218	NA	12.890116236925167	NA
Amygdala	-0.113631469297468	39.856301289640335	NA	12.83854489750351	NA
Amygdala	-0.113631469297468	40.03187970941848	NA	12.787160420332427	NA
Amygdala	-0.113631469297468	40.20745812919664	NA	12.735959434829601	NA
Amygdala	-0.113631469297468	40.383036548974786	NA	12.684938679747443	NA
Amygdala	-0.113631469297468	40.55861496875294	NA	12.634094976859394	NA
Amygdala	-0.113631469297468	40.73419338853109	NA	12.583425228470713	NA
Amygdala	-0.113631469297468	40.909771808309245	NA	12.532926415007456	NA
Amygdala	-0.113631469297468	41.08535022808739	NA	12.482595592681927	NA
Amygdala	-0.113631469297468	41.26092864786554	NA	12.432429891231557	NA
Amygdala	-0.113631469297468	41.436507067643696	NA	12.382426511729058	NA
Amygdala	-0.113631469297468	41.612085487421844	NA	12.33258272446162	NA
Amygdala	-0.113631469297468	41.7876639072	NA	12.282895866876892	NA
Amygdala	-0.113631469297468	41.96324232697815	NA	12.233363341593556	NA
Amygdala	-0.113631469297468	42.1388207467563	NA	12.18398261447455	NA
Amygdala	-0.113631469297468	42.31439916653445	NA	12.13475121276079	NA
Amygdala	-0.113631469297468	42.489977586312605	NA	12.085666723263653	NA
Amygdala	-0.113631469297468	42.61363146929747	12.038620685311605	12.051185050049536	0.94091476359211
Amygdala	-0.113631469297468	42.66555600609075	NA	12.036726790614098	NA
Amygdala	-0.113631469297468	42.84113442586891	NA	11.987929115566827	NA
Amygdala	-0.113631469297468	43.016712845647056	NA	11.9392714533576	NA
Amygdala	-0.113631469297468	43.192291265425204	NA	11.890751612112064	NA
Amygdala	-0.113631469297468	43.36786968520336	NA	11.842367451304419	NA
Amygdala	-0.113631469297468	43.54344810498151	NA	11.794116880264365	NA
Amygdala	-0.113631469297468	43.71902652475966	NA	11.745997856730721	NA
Amygdala	-0.113631469297468	43.89460494453781	NA	11.698008385450331	NA
Amygdala	-0.113631469297468	44.070183364315966	NA	11.65014651682069	NA
Amygdala	-0.113631469297468	44.245761784094114	NA	11.602410345575002	NA
Amygdala	-0.113631469297468	44.42134020387227	NA	11.554798009508197	NA
Amygdala	-0.113631469297468	44.59691862365042	NA	11.507307688242777	NA
Amygdala	-0.113631469297468	44.77249704342857	NA	11.459937602033017	NA
Amygdala	-0.113631469297468	44.94807546320672	NA	11.412686010606427	NA
Amygdala	-0.113631469297468	45.12365388298487	NA	11.365559883652594	NA
Amygdala	-0.113631469297468	45.29923230276302	NA	11.318877905780495	NA
Amygdala	-0.113631469297468	45.47481072254117	NA	11.272545526310068	NA
Amygdala	-0.113631469297468	45.65038914231933	NA	11.226552681938601	NA
Amygdala	-0.113631469297468	45.825967562097475	NA	11.180892909960988	NA
Amygdala	-0.113631469297468	46.00154598187563	NA	11.135559918614103	NA
Amygdala	-0.113631469297468	46.17712440165378	NA	11.090547581883898	NA
Amygdala	-0.113631469297468	46.35270282143193	NA	11.045849934476967	NA
Amygdala	-0.113631469297468	46.52828124121008	NA	11.001461166951453	NA
Amygdala	-0.113631469297468	46.703859660988236	NA	10.957375621001978	NA
Amygdala	-0.113631469297468	46.879438080766384	NA	10.913587784893892	NA
Amygdala	-0.113631469297468	47.05501650054453	NA	10.870092289041867	NA
Amygdala	-0.113631469297468	47.23059492032269	NA	10.826883901728367	NA
Amygdala	-0.113631469297468	47.406173340100835	NA	10.783957524957339	NA
Amygdala	-0.113631469297468	47.58175175987899	NA	10.741308190439065	NA
Amygdala	-0.113631469297468	47.61363146929747	10.230025405786565	10.733593808406761	0.8834903698615684
Amygdala	-0.113631469297468	47.75733017965714	NA	10.698931055701596	NA
Amygdala	-0.113631469297468	47.932908599435294	NA	10.65682143312967	NA
Amygdala	-0.113631469297468	48.10848701921344	NA	10.61497469395191	NA
Amygdala	-0.113631469297468	48.2840654389916	NA	10.573386343660564	NA
Amygdala	-0.113631469297468	48.459643858769745	NA	10.532052006615885	NA
Amygdala	-0.113631469297468	48.6352222785479	NA	10.49096741531607	NA
Amygdala	-0.113631469297468	48.81080069832605	NA	10.45012840718883	NA
Amygdala	-0.113631469297468	48.986379118104196	NA	10.409530921484	NA
Amygdala	-0.113631469297468	49.16195753788235	NA	10.36917099626376	NA
Amygdala	-0.113631469297468	49.3375359576605	NA	10.3290447654876	NA
Amygdala	-0.113631469297468	49.513114377438654	NA	10.289148456188808	NA
Amygdala	-0.113631469297468	49.6886927972168	NA	10.249478385739646	NA
Amygdala	-0.113631469297468	49.86427121699496	NA	10.210030959202351	NA
Amygdala	-0.113631469297468	50.039849636773106	NA	10.170802666763235	NA
Amygdala	-0.113631469297468	50.21542805655126	NA	10.1317900812472	NA
Amygdala	-0.113631469297468	50.39100647632941	NA	10.092989855710139	NA
Amygdala	-0.113631469297468	50.56658489610756	NA	10.05439872110666	NA
Amygdala	-0.113631469297468	50.74216331588571	NA	10.016013484030841	NA
Amygdala	-0.113631469297468	50.91774173566386	NA	9.9778310245276	NA
Amygdala	-0.113631469297468	51.093320155442015	NA	9.939848293972402	NA
Amygdala	-0.113631469297468	51.26889857522016	NA	9.90206231301724	NA
Amygdala	-0.113631469297468	51.44447699499832	NA	9.864470169600645	NA
Amygdala	-0.113631469297468	51.620055414776466	NA	9.827069017019747	NA
Amygdala	-0.113631469297468	51.79563383455462	NA	9.789856072062411	NA
Amygdala	-0.113631469297468	51.97121225433277	NA	9.752828613197515	NA
Amygdala	-0.113631469297468	52.146790674110925	NA	9.715983978821495	NA
Amygdala	-0.113631469297468	52.32236909388907	NA	9.679319565559434	NA
Amygdala	-0.113631469297468	52.49794751366722	NA	9.64283282661884	NA
Amygdala	-0.113631469297468	52.61363146929747	9.252227626440472	9.618888579183086	0.8327447638909478
Amygdala	-0.113631469297468	52.673525933445376	NA	9.606521270194559	NA
Amygdala	-0.113631469297468	52.849104353223524	NA	9.570382457923131	NA
Amygdala	-0.113631469297468	53.02468277300168	NA	9.534414003384978	NA
Amygdala	-0.113631469297468	53.20026119277983	NA	9.49861357065298	NA
Amygdala	-0.113631469297468	53.37583961255798	NA	9.462978872885921	NA
Amygdala	-0.113631469297468	53.55141803233613	NA	9.427507670965364	NA
Amygdala	-0.113631469297468	53.726996452114285	NA	9.392197772174598	NA
Amygdala	-0.113631469297468	53.90257487189243	NA	9.357047028918293	NA
Amygdala	-0.113631469297468	54.07815329167059	NA	9.322053337481597	NA
Amygdala	-0.113631469297468	54.25373171144874	NA	9.287214636827471	NA
Amygdala	-0.113631469297468	54.429310131226885	NA	9.252528907430802	NA
Amygdala	-0.113631469297468	54.60488855100504	NA	9.217994170148518	NA
Amygdala	-0.113631469297468	54.78046697078319	NA	9.183608485124202	NA
Amygdala	-0.113631469297468	54.95604539056134	NA	9.149369950726346	NA
Amygdala	-0.113631469297468	55.13162381033949	NA	9.115276702519006	NA
Amygdala	-0.113631469297468	55.307202230117646	NA	9.081326912264	NA
Amygdala	-0.113631469297468	55.482780649895794	NA	9.047518786953464	NA
Amygdala	-0.113631469297468	55.65835906967395	NA	9.013850567871978	NA
Amygdala	-0.113631469297468	55.8339374894521	NA	8.98032053914968	NA
Amygdala	-0.113631469297468	56.00951590923025	NA	8.946927009480225	NA
Amygdala	-0.113631469297468	56.1850943290084	NA	8.913668306197684	NA
Amygdala	-0.113631469297468	56.36067274878655	NA	8.880542798948571	NA
Amygdala	-0.113631469297468	56.536251168564704	NA	8.847548887392467	NA
Amygdala	-0.113631469297468	56.71182958834285	NA	8.814685000422392	NA
Amygdala	-0.113631469297468	56.88740800812101	NA	8.781949595408811	NA
Amygdala	-0.113631469297468	57.062986427899155	NA	8.74934115746633	NA
Amygdala	-0.113631469297468	57.23856484767731	NA	8.716858198742566	NA
Amygdala	-0.113631469297468	57.41414326745546	NA	8.68449925772832	NA
Amygdala	-0.113631469297468	57.58972168723361	NA	8.652262898588457	NA
Amygdala	-0.113631469297468	57.61363146929747	8.844732394545575	8.647882418860636	0.7903419439814352
Amygdala	-0.113631469297468	57.76530010701176	NA	8.620147710512908	NA
Amygdala	-0.113631469297468	57.940878526789916	NA	8.58815230708696	NA
Amygdala	-0.113631469297468	58.116456946568064	NA	8.556275325680485	NA
Amygdala	-0.113631469297468	58.29203536634621	NA	8.52451542685527	NA
Amygdala	-0.113631469297468	58.46761378612437	NA	8.492871293790028	NA
Amygdala	-0.113631469297468	58.643192205902515	NA	8.46134163172249	NA
Amygdala	-0.113631469297468	58.81877062568067	NA	8.429925167408024	NA
Amygdala	-0.113631469297468	58.99434904545882	NA	8.398620648594306	NA
Amygdala	-0.113631469297468	59.169927465236974	NA	8.36742684351145	NA
Amygdala	-0.113631469297468	59.34550588501512	NA	8.336342540377265	NA
Amygdala	-0.113631469297468	59.52108430479328	NA	8.305366546916932	NA
Amygdala	-0.113631469297468	59.696662724571425	NA	8.274497689896913	NA
Amygdala	-0.113631469297468	59.87224114434958	NA	8.243734814672454	NA
Amygdala	-0.113631469297468	60.04781956412773	NA	8.213076784748324	NA
Amygdala	-0.113631469297468	60.223397983905876	NA	8.182626645857058	NA
Amygdala	-0.113631469297468	60.39897640368403	NA	8.152554823849535	NA
Amygdala	-0.113631469297468	60.57455482346218	NA	8.122767301097133	NA
Amygdala	-0.113631469297468	60.750133243240334	NA	8.093259056693592	NA
Amygdala	-0.113631469297468	60.92571166301848	NA	8.064025197068892	NA
Amygdala	-0.113631469297468	61.10129008279664	NA	8.03506095217611	NA
Amygdala	-0.113631469297468	61.276868502574786	NA	8.006361671798707	NA
Amygdala	-0.113631469297468	61.45244692235294	NA	7.977922821974086	NA
Amygdala	-0.113631469297468	61.62802534213109	NA	7.949739981530102	NA
Amygdala	-0.113631469297468	61.803603761909244	NA	7.921808838730573	NA
Amygdala	-0.113631469297468	61.97918218168739	NA	7.8941251880264725	NA
Amygdala	-0.113631469297468	62.15476060146554	NA	7.866684926909383	NA
Amygdala	-0.113631469297468	62.330339021243695	NA	7.839484052863964	NA
Amygdala	-0.113631469297468	62.50591744102184	NA	7.812518660416202	NA
Amygdala	-0.113631469297468	62.61363146929747	7.774569713898429	7.796090843955731	0.752898792037626
Amygdala	-0.113631469297468	62.6814958608	NA	7.785784938274457	NA
Amygdala	-0.113631469297468	62.857074280578146	NA	7.759279166560304	NA
Amygdala	-0.113631469297468	63.0326527003563	NA	7.732997714126259	NA
Amygdala	-0.113631469297468	63.20823112013445	NA	7.706937035957715	NA
Amygdala	-0.113631469297468	63.383809539912605	NA	7.681093670656252	NA
Amygdala	-0.113631469297468	63.55938795969075	NA	7.655464238001924	NA
Amygdala	-0.113631469297468	63.7349663794689	NA	7.6300454394674615	NA
Amygdala	-0.113631469297468	63.910544799247056	NA	7.604834075537967	NA
Amygdala	-0.113631469297468	64.08612321902521	NA	7.579826966482476	NA
Amygdala	-0.113631469297468	64.26170163880336	NA	7.555021033939356	NA
Amygdala	-0.113631469297468	64.437280058581507	NA	7.53041326963267	NA
Amygdala	-0.113631469297468	64.61285847835966	NA	7.506000733357349	NA
Amygdala	-0.113631469297468	64.78843689813782	NA	7.481780551027297	NA
Amygdala	-0.113631469297468	64.96401531791597	NA	7.457749912784222	NA
Amygdala	-0.113631469297468	65.13959373769411	NA	7.433906071165416	NA
Amygdala	-0.113631469297468	65.31517215747226	NA	7.410246339328499	NA
Amygdala	-0.113631469297468	65.49075057725042	NA	7.386768089331368	NA
Amygdala	-0.113631469297468	65.66632899702857	NA	7.36346875046558	NA
Amygdala	-0.113631469297468	65.84190741680672	NA	7.34034580764143	NA
Amygdala	-0.113631469297468	66.01748583658487	NA	7.317396799823145	NA
Amygdala	-0.113631469297468	66.19306425636302	NA	7.294619318512538	NA
Amygdala	-0.113631469297468	66.36864267614118	NA	7.272011006279593	NA
Amygdala	-0.113631469297468	66.54422109591933	NA	7.249569555338492	NA
Amygdala	-0.113631469297468	66.71979951569747	NA	7.22729270616765	NA
Amygdala	-0.113631469297468	66.89537793547562	NA	7.205178246172352	NA
Amygdala	-0.113631469297468	67.07095635525378	NA	7.183224008388594	NA
Amygdala	-0.113631469297468	67.24653477503193	NA	7.161427870226879	NA
Amygdala	-0.113631469297468	67.42211319481008	NA	7.1397877522546835	NA
Amygdala	-0.113631469297468	67.59769161458823	NA	7.118301617016334	NA
Amygdala	-0.113631469297468	67.61363146929747	7.538651309934132	7.116358553993519	0.7208454116044913
Amygdala	-0.113631469297468	67.77327003436638	NA	7.096967467889087	NA
Amygdala	-0.113631469297468	67.94884845414454	NA	7.07578334797436	NA
Amygdala	-0.113631469297468	68.12442687392269	NA	7.054747339022911	NA
Amygdala	-0.113631469297468	68.30000529370083	NA	7.0338575603929065	NA
Amygdala	-0.113631469297468	68.47558371347898	NA	7.0131121680398385	NA
Amygdala	-0.113631469297468	68.65116213325715	NA	6.992509353537281	NA
Amygdala	-0.113631469297468	68.8267405530353	NA	6.9720473431275245	NA
Amygdala	-0.113631469297468	69.00231897281344	NA	6.951724396801088	NA
Amygdala	-0.113631469297468	69.17789739259159	NA	6.931538807404263	NA
Amygdala	-0.113631469297468	69.35347581236974	NA	6.911488899773772	NA
Amygdala	-0.113631469297468	69.5290542321479	NA	6.891573029897604	NA
Amygdala	-0.113631469297468	69.70463265192605	NA	6.871789584101396	NA
Amygdala	-0.113631469297468	69.8802110717042	NA	6.852136978259318	NA
Amygdala	-0.113631469297468	70.05578949148234	NA	6.832613657028832	NA
Amygdala	-0.113631469297468	70.2313679112605	NA	6.813218093108543	NA
Amygdala	-0.113631469297468	70.40694633103865	NA	6.793948786518411	NA
Amygdala	-0.113631469297468	70.5825247508168	NA	6.774804263901567	NA
Amygdala	-0.113631469297468	70.75810317059495	NA	6.755783077847123	NA
Amygdala	-0.113631469297468	70.93368159037311	NA	6.7368838062332905	NA
Amygdala	-0.113631469297468	71.10926001015126	NA	6.7181050515901175	NA
Amygdala	-0.113631469297468	71.28483842992941	NA	6.699445440481313	NA
Amygdala	-0.113631469297468	71.46041684970756	NA	6.6809036229044585	NA
Amygdala	-0.113631469297468	71.6359952694857	NA	6.662478271709144	NA
Amygdala	-0.113631469297468	71.81157368926387	NA	6.644168094664386	NA
Amygdala	-0.113631469297468	71.98715210904201	NA	6.6259718004197685	NA
Amygdala	-0.113631469297468	72.16273052882016	NA	6.607888122278797	NA
Amygdala	-0.113631469297468	72.33830894859831	NA	6.589915819026953	NA
Amygdala	-0.113631469297468	72.51388736837647	NA	6.572053669640659	NA
Amygdala	-0.113631469297468	72.61363146929747	6.985518068292013	6.561954974951827	0.6932929600517144
Amygdala	-0.113631469297468	72.68946578815462	NA	6.554300472801348	NA
Amygdala	-0.113631469297468	72.86504420793277	NA	6.536655046423812	NA
Amygdala	-0.113631469297468	73.04062262771092	NA	6.519116227198306	NA
Amygdala	-0.113631469297468	73.216201047489065	NA	6.501682870146152	NA
Amygdala	-0.113631469297468	73.39177946726723	NA	6.484353848188217	NA
Amygdala	-0.113631469297468	73.56735788704538	NA	6.467128051726052	NA
Amygdala	-0.113631469297468	73.74293630682352	NA	6.450004388235112	NA
Amygdala	-0.113631469297468	73.91851472660167	NA	6.432981781869875	NA
Amygdala	-0.113631469297468	74.09409314637983	NA	6.416059173080285	NA
Amygdala	-0.113631469297468	74.26967156615798	NA	6.399235518239343	NA
Amygdala	-0.113631469297468	74.44524998593613	NA	6.382509789281399	NA
Amygdala	-0.113631469297468	74.62082840571428	NA	6.365880973350783	NA
Amygdala	-0.113631469297468	74.79640682549244	NA	6.349348072460576	NA
Amygdala	-0.113631469297468	74.97198524527059	NA	6.332910103161104	NA
Amygdala	-0.113631469297468	75.14756366504874	NA	6.3165660962178345	NA
Amygdala	-0.113631469297468	75.32314208482688	NA	6.300315096298528	NA
Amygdala	-0.113631469297468	75.49872050460503	NA	6.284156161669139	NA
Amygdala	-0.113631469297468	75.6742989243832	NA	6.26808836389843	NA
Amygdala	-0.113631469297468	75.84987734416134	NA	6.25211078757079	NA
Amygdala	-0.113631469297468	76.02545576393949	NA	6.236222530007249	NA
Amygdala	-0.113631469297468	76.20103418371764	NA	6.220422700994206	NA
Amygdala	-0.113631469297468	76.3766126034958	NA	6.204710422519788	NA
Amygdala	-0.113631469297468	76.55219102327395	NA	6.189084828517566	NA
Amygdala	-0.113631469297468	76.7277694430521	NA	6.173545064617322	NA
Amygdala	-0.113631469297468	76.90334786283024	NA	6.1580902879028026	NA
Amygdala	-0.113631469297468	77.07892628260839	NA	6.142719666676071	NA
Amygdala	-0.113631469297468	77.25450470238655	NA	6.127432380228401	NA
Amygdala	-0.113631469297468	77.4300831221647	NA	6.112227618617394	NA
Amygdala	-0.113631469297468	77.60566154194285	NA	6.0971045824502506	NA
Amygdala	-0.113631469297468	77.61363146929747	6.634322689086234	6.096420041943588	0.6673326006999584
Amygdala	-0.113631469297468	77.781239961721	NA	6.082062482672872	NA
Amygdala	-0.113631469297468	77.95681838149916	NA	6.06710054036475	NA
Amygdala	-0.113631469297468	78.13239680127731	NA	6.052217986539312	NA
Amygdala	-0.113631469297468	78.30797522105546	NA	6.037414061949721	NA
Amygdala	-0.113631469297468	78.4835536408336	NA	6.022688016899875	NA
Amygdala	-0.113631469297468	78.65913206061177	NA	6.008039111060387	NA
Amygdala	-0.113631469297468	78.83471048038992	NA	5.993466613289531	NA
Amygdala	-0.113631469297468	79.01028890016806	NA	5.9789698014589385	NA
Amygdala	-0.113631469297468	79.18586731994621	NA	5.9645479622838495	NA
Amygdala	-0.113631469297468	79.36144573972436	NA	5.950200391157857	NA
Amygdala	-0.113631469297468	79.53702415950252	NA	5.935926391992003	NA
Amygdala	-0.113631469297468	79.71260257928067	NA	5.921725281062644	NA
Amygdala	-0.113631469297468	79.88818099905882	NA	5.907596381713653	NA
Amygdala	-0.113631469297468	80.06375941883697	NA	5.893539015413675	NA
Amygdala	-0.113631469297468	80.23933783861513	NA	5.879552518619714	NA
Amygdala	-0.113631469297468	80.41491625839328	NA	5.865636235561954	NA
Amygdala	-0.113631469297468	80.59049467817142	NA	5.8517895181061546	NA
Amygdala	-0.113631469297468	80.76607309794957	NA	5.838011725619595	NA
Amygdala	-0.113631469297468	80.94165151772772	NA	5.824302224840397	NA
Amygdala	-0.113631469297468	81.11722993750588	NA	5.810660389750075	NA
Amygdala	-0.113631469297468	81.29280835728403	NA	5.797085601449383	NA
Amygdala	-0.113631469297468	81.46838677706218	NA	5.783577248037157	NA
Amygdala	-0.113631469297468	81.64396519684033	NA	5.770134724492225	NA
Amygdala	-0.113631469297468	81.81954361661849	NA	5.756757432558177	NA
Amygdala	-0.113631469297468	81.99512203639664	NA	5.743444780630999	NA
Amygdala	-0.113631469297468	82.17070045617479	NA	5.730196183649458	NA
Amygdala	-0.113631469297468	82.34627887595293	NA	5.717011062988092	NA
Amygdala	-0.113631469297468	82.52185729573108	NA	5.703888846352858	NA
Amygdala	-0.113631469297468	82.61363146929747	5.9976268071103584	5.697054755769274	0.644933026438736
Amygdala	-0.113631469297468	82.69743571550924	NA	5.690828967679242	NA
Amygdala	-0.113631469297468	82.87301413528739	NA	5.67783086703279	NA
Amygdala	-0.113631469297468	83.04859255506554	NA	5.664893990512047	NA
Amygdala	-0.113631469297468	83.22417097484369	NA	5.652017790153762	NA
Amygdala	-0.113631469297468	83.39974939462185	NA	5.639201723840303	NA
Amygdala	-0.113631469297468	83.5753278144	NA	5.626445255209304	NA
Amygdala	-0.113631469297468	83.75090623417815	NA	5.613747853565288	NA
Amygdala	-0.113631469297468	83.9264846539563	NA	5.60110899379347	NA
Amygdala	-0.113631469297468	84.10206307373446	NA	5.58852815627542	NA
Amygdala	-0.113631469297468	84.2776414935126	NA	5.57600482680675	NA
Amygdala	-0.113631469297468	84.45321991329075	NA	5.563538496516537	NA
Amygdala	-0.113631469297468	84.6287983330689	NA	5.551128661788725	NA
Amygdala	-0.113631469297468	84.80437675284705	NA	5.538774824185158	NA
Amygdala	-0.113631469297468	84.97995517262521	NA	5.526476490370372	NA
Amygdala	-0.113631469297468	85.15553359240336	NA	5.514233172038045	NA
Amygdala	-0.113631469297468	85.3311120121815	NA	5.502044385839068	NA
Amygdala	-0.113631469297468	85.50669043195965	NA	5.489909653311173	NA
Amygdala	-0.113631469297468	85.68226885173782	NA	5.47782850081011	NA
Amygdala	-0.113631469297468	85.85784727151596	NA	5.465800459442264	NA
Amygdala	-0.113631469297468	86.03342569129411	NA	5.453825064998757	NA
Amygdala	-0.113631469297468	86.20900411107226	NA	5.441901857890928	NA
Amygdala	-0.113631469297468	86.38458253085041	NA	5.430030383087165	NA
Amygdala	-0.113631469297468	86.56016095062857	NA	5.418210190051108	NA
Amygdala	-0.113631469297468	86.73573937040672	NA	5.406440832681037	NA
Amygdala	-0.113631469297468	86.91131779018487	NA	5.3947218692506596	NA
Amygdala	-0.113631469297468	87.08689620996302	NA	5.383052862350955	NA
Amygdala	-0.113631469297468	87.26247462974118	NA	5.37143337883335	NA
Amygdala	-0.113631469297468	87.43805304951933	NA	5.359862989753916	NA
Amygdala	-0.113631469297468	87.61363146929747	5.413773741842844	5.348307308938672	0.6267952640834258
Caudate	-0.113631469297468	0	0	-2.3691588598324945e-14	0
Caudate	-0.113631469297468	0.17557841977815125	NA	0.016778324196803775	NA
Caudate	-0.113631469297468	0.3511568395563025	NA	0.04159326422992545	NA
Caudate	-0.113631469297468	0.363631469297468	0.706486349934992	0.04365691425483172	0.5406318946080035
Caudate	-0.113631469297468	0.5267352593344538	NA	5.642261381583016	NA
Caudate	-0.113631469297468	0.702313679112605	NA	8.877169430782983	NA
Caudate	-0.113631469297468	0.863631469297468	8.461233712455506	11.88146190743627	0.7614321513692394
Caudate	-0.113631469297468	0.8778920988907563	NA	12.148496067775259	NA
Caudate	-0.113631469297468	1.0534705186689075	NA	15.455315835486987	NA
Caudate	-0.113631469297468	1.2290489384470589	NA	18.880358836353754	NA
Caudate	-0.113631469297468	1.363631469297468	18.755425555507266	21.637004446384328	0.906689764733088
Caudate	-0.113631469297468	1.40462735822521	NA	22.534140712413993	NA
Caudate	-0.113631469297468	1.5802057780033612	NA	26.47012599507358	NA
Caudate	-0.113631469297468	1.7557841977815125	NA	30.237294260484134	NA
Caudate	-0.113631469297468	1.863631469297468	32.25793032304584	32.56240019814621	1.01687563871536
Caudate	-0.113631469297468	1.9313626175596639	NA	34.03355284584821	NA
Caudate	-0.113631469297468	2.106941037337815	NA	37.3993611261507	NA
Caudate	-0.113631469297468	2.282519457115966	NA	39.09153689745735	NA
Caudate	-0.113631469297468	2.363631469297468	41.1673522535115	39.29636663990742	1.063249747548116
Caudate	-0.113631469297468	2.4580978768941177	NA	39.19517725448893	NA
Caudate	-0.113631469297468	2.633676296672269	NA	39.069573931376695	NA
Caudate	-0.113631469297468	2.80925471645042	NA	39.19358650224452	NA
Caudate	-0.113631469297468	2.863631469297468	39.89320877872436	39.186309451501714	1.0563290442417974
Caudate	-0.113631469297468	2.984833136228571	NA	39.0933371447773	NA
Caudate	-0.113631469297468	3.1604115560067223	NA	38.85628705184315	NA
Caudate	-0.113631469297468	3.335989975784874	NA	38.53630111163484	NA
Caudate	-0.113631469297468	3.511568395563025	NA	38.24735037150107	NA
Caudate	-0.113631469297468	3.613631469297468	38.56381104618195	38.060139454411576	1.2801733520325422
Caudate	-0.113631469297468	3.687146815341176	NA	37.916701830740806	NA
Caudate	-0.113631469297468	3.8627252351193277	NA	37.54560372559948	NA
Caudate	-0.113631469297468	4.0383036548974784	NA	37.13526373428134	NA
Caudate	-0.113631469297468	4.21388207467563	NA	36.68685030627372	NA
Caudate	-0.113631469297468	4.389460494453782	NA	36.20149394806358	NA
Caudate	-0.113631469297468	4.565038914231932	NA	35.68028846667676	NA
Caudate	-0.113631469297468	4.613631469297468	34.388229325144714	35.52986865560669	1.2355345831774884
Caudate	-0.113631469297468	4.740617334010084	NA	35.12429217242395	NA
Caudate	-0.113631469297468	4.9161957537882355	NA	34.534529042191465	NA
Caudate	-0.113631469297468	5.091774173566386	NA	33.98310037369449	NA
Caudate	-0.113631469297468	5.267352593344538	NA	33.457801701372034	NA
Caudate	-0.113631469297468	5.4429310131226885	NA	32.94577776026241	NA
Caudate	-0.113631469297468	5.613631469297468	32.36773431757792	32.46028146578483	1.1929764114826216
Caudate	-0.113631469297468	5.61850943290084	NA	32.446580926239626	NA
Caudate	-0.113631469297468	5.794087852678992	NA	31.959778300620282	NA
Caudate	-0.113631469297468	5.969666272457142	NA	31.484951226922743	NA
Caudate	-0.113631469297468	6.145244692235294	NA	31.02169482348075	NA
Caudate	-0.113631469297468	6.320823112013445	NA	30.56961753139137	NA
Caudate	-0.113631469297468	6.496401531791596	NA	30.128340677294155	NA
Caudate	-0.113631469297468	6.671979951569748	NA	29.69749805049498	NA
Caudate	-0.113631469297468	6.8475583713478985	NA	29.27673549396388	NA
Caudate	-0.113631469297468	7.02313679112605	NA	28.86571050875182	NA
Caudate	-0.113631469297468	7.113631469297468	28.16053144497915	28.657557718289176	1.4084829977458366
Caudate	-0.113631469297468	7.198715210904202	NA	28.464091871385982	NA
Caudate	-0.113631469297468	7.374293630682352	NA	28.071559263818017	NA
Caudate	-0.113631469297468	7.549872050460504	NA	27.687802915513096	NA
Caudate	-0.113631469297468	7.7254504702386555	NA	27.312523257281818	NA
Caudate	-0.113631469297468	7.901028890016806	NA	26.945430586469424	NA
Caudate	-0.113631469297468	8.076607309794957	NA	26.586245484227977	NA
Caudate	-0.113631469297468	8.252185729573108	NA	26.234696637234627	NA
Caudate	-0.113631469297468	8.42776414935126	NA	25.890521607101817	NA
Caudate	-0.113631469297468	8.603342569129412	NA	25.553467027346553	NA
Caudate	-0.113631469297468	8.778920988907563	NA	25.22328788154073	NA
Caudate	-0.113631469297468	8.954499408685713	NA	24.899747229240965	NA
Caudate	-0.113631469297468	9.113631469297468	25.079144272401138	24.6120532432236	1.3149422378403732
Caudate	-0.113631469297468	9.130077828463865	NA	24.58261594091036	NA
Caudate	-0.113631469297468	9.305656248242016	NA	24.271672441537323	NA
Caudate	-0.113631469297468	9.481234668020168	NA	23.966702462666003	NA
Caudate	-0.113631469297468	9.65681308779832	NA	23.667498802562495	NA
Caudate	-0.113631469297468	9.832391507576471	NA	23.3738610942497	NA
Caudate	-0.113631469297468	10.00796992735462	NA	23.08559558115301	NA
Caudate	-0.113631469297468	10.183548347132772	NA	22.802514900106708	NA
Caudate	-0.113631469297468	10.359126766910924	NA	22.52443787147999	NA
Caudate	-0.113631469297468	10.534705186689076	NA	22.256261019286615	NA
Caudate	-0.113631469297468	10.710283606467227	NA	21.99663419549535	NA
Caudate	-0.113631469297468	10.885862026245377	NA	21.744100025692713	NA
Caudate	-0.113631469297468	11.061440446023528	NA	21.49842098117196	NA
Caudate	-0.113631469297468	11.23701886580168	NA	21.25936734193731	NA
Caudate	-0.113631469297468	11.412597285579832	NA	21.026716940465192	NA
Caudate	-0.113631469297468	11.588175705357983	NA	20.8002549138722	NA
Caudate	-0.113631469297468	11.763754125136133	NA	20.57977346421411	NA
Caudate	-0.113631469297468	11.939332544914285	NA	20.36507162664895	NA
Caudate	-0.113631469297468	12.114910964692436	NA	20.155955045206465	NA
Caudate	-0.113631469297468	12.290489384470588	NA	19.952235755914078	NA
Caudate	-0.113631469297468	12.46606780424874	NA	19.753731977038242	NA
Caudate	-0.113631469297468	12.613631469297468	19.797349166433207	19.59080522854441	1.6340283656754413
Caudate	-0.113631469297468	12.64164622402689	NA	19.560267906207645	NA
Caudate	-0.113631469297468	12.81722464380504	NA	19.37167352419248	NA
Caudate	-0.113631469297468	12.992803063583192	NA	19.187784405121462	NA
Caudate	-0.113631469297468	13.168381483361344	NA	19.008441532925353	NA
Caudate	-0.113631469297468	13.343959903139496	NA	18.83349112380272	NA
Caudate	-0.113631469297468	13.519538322917647	NA	18.662784454510277	NA
Caudate	-0.113631469297468	13.695116742695797	NA	18.496177696287067	NA
Caudate	-0.113631469297468	13.870695162473949	NA	18.3335317542269	NA
Caudate	-0.113631469297468	14.0462735822521	NA	18.174712111921266	NA
Caudate	-0.113631469297468	14.221852002030252	NA	18.019588681199007	NA
Caudate	-0.113631469297468	14.397430421808403	NA	17.86803565679605	NA
Caudate	-0.113631469297468	14.573008841586553	NA	17.7199313757931	NA
Caudate	-0.113631469297468	14.748587261364705	NA	17.57515818166513	NA
Caudate	-0.113631469297468	14.924165681142856	NA	17.433602292791246	NA
Caudate	-0.113631469297468	15.099744100921008	NA	17.294609176179662	NA
Caudate	-0.113631469297468	15.27532252069916	NA	17.157468676693316	NA
Caudate	-0.113631469297468	15.450900940477311	NA	17.023579235748723	NA
Caudate	-0.113631469297468	15.62647936025546	NA	16.892830574011978	NA
Caudate	-0.113631469297468	15.802057780033612	NA	16.765116042092284	NA
Caudate	-0.113631469297468	15.977636199811764	NA	16.64033261917444	NA
Caudate	-0.113631469297468	16.153214619589914	NA	16.518380739853995	NA
Caudate	-0.113631469297468	16.328793039368065	NA	16.399163621679843	NA
Caudate	-0.113631469297468	16.504371459146217	NA	16.28258798357918	NA
Caudate	-0.113631469297468	16.67994987892437	NA	16.168563616535618	NA
Caudate	-0.113631469297468	16.85552829870252	NA	16.057003282763514	NA
Caudate	-0.113631469297468	17.03110671848067	NA	15.94782261819016	NA
Caudate	-0.113631469297468	17.206685138258823	NA	15.840940038137601	NA
Caudate	-0.113631469297468	17.382263558036975	NA	15.736276646098796	NA
Caudate	-0.113631469297468	17.557841977815126	NA	15.633756145506778	NA
Caudate	-0.113631469297468	17.613631469297466	15.861974589347732	15.601616190524847	1.4478588203936495
Caudate	-0.113631469297468	17.733420397593278	NA	15.53330475439864	NA
Caudate	-0.113631469297468	17.908998817371426	NA	15.43485112287925	NA
Caudate	-0.113631469297468	18.084577237149578	NA	15.338326253292932	NA
Caudate	-0.113631469297468	18.26015565692773	NA	15.24366342301428	NA
Caudate	-0.113631469297468	18.43573407670588	NA	15.150798109772108	NA
Caudate	-0.113631469297468	18.611312496484032	NA	15.059667919423491	NA
Caudate	-0.113631469297468	18.786890916262184	NA	14.970212516097485	NA
Caudate	-0.113631469297468	18.962469336040336	NA	14.882373554630796	NA
Caudate	-0.113631469297468	19.138047755818487	NA	14.796094615220206	NA
Caudate	-0.113631469297468	19.31362617559664	NA	14.71132114021899	NA
Caudate	-0.113631469297468	19.48920459537479	NA	14.628000373007076	NA
Caudate	-0.113631469297468	19.664783015152942	NA	14.546081298866762	NA
Caudate	-0.113631469297468	19.84036143493109	NA	14.465514587798413	NA
Caudate	-0.113631469297468	20.01593985470924	NA	14.386252539212212	NA
Caudate	-0.113631469297468	20.191518274487393	NA	14.308249028434718	NA
Caudate	-0.113631469297468	20.367096694265545	NA	14.231459454970391	NA
Caudate	-0.113631469297468	20.542675114043696	NA	14.155840692460801	NA
Caudate	-0.113631469297468	20.718253533821848	NA	14.081351040285542	NA
Caudate	-0.113631469297468	20.8938319536	NA	14.007950176751242	NA
Caudate	-0.113631469297468	21.06941037337815	NA	13.935599113816377	NA
Caudate	-0.113631469297468	21.244988793156303	NA	13.864260153301608	NA
Caudate	-0.113631469297468	21.420567212934454	NA	13.793896844536857	NA
Caudate	-0.113631469297468	21.596145632712602	NA	13.724473943398033	NA
Caudate	-0.113631469297468	21.771724052490754	NA	13.655957372687757	NA
Caudate	-0.113631469297468	21.947302472268905	NA	13.58831418381601	NA
Caudate	-0.113631469297468	22.122880892047057	NA	13.521512519738113	NA
Caudate	-0.113631469297468	22.29845931182521	NA	13.4555215791087	NA
Caudate	-0.113631469297468	22.47403773160336	NA	13.390311581611854	NA
Caudate	-0.113631469297468	22.613631469297466	12.923551178050657	13.339004672769853	1.3019202544847868
Caudate	-0.113631469297468	22.64961615138151	NA	13.325853734428796	NA
Caudate	-0.113631469297468	22.825194571159663	NA	13.262120199805777	NA
Caudate	-0.113631469297468	23.000772990937815	NA	13.199084063686161	NA
Caudate	-0.113631469297468	23.176351410715966	NA	13.136719305371708	NA
Caudate	-0.113631469297468	23.351929830494118	NA	13.075000768179265	NA
Caudate	-0.113631469297468	23.527508250272266	NA	13.01390413106036	NA
Caudate	-0.113631469297468	23.703086670050418	NA	12.953405881151896	NA
Caudate	-0.113631469297468	23.87866508982857	NA	12.893483287227594	NA
Caudate	-0.113631469297468	24.05424350960672	NA	12.834114447843241	NA
Caudate	-0.113631469297468	24.229821929384872	NA	12.77527804644678	NA
Caudate	-0.113631469297468	24.405400349163024	NA	12.716953538635774	NA
Caudate	-0.113631469297468	24.580978768941176	NA	12.659121071542815	NA
Caudate	-0.113631469297468	24.756557188719327	NA	12.601761453690184	NA
Caudate	-0.113631469297468	24.93213560849748	NA	12.544856133258119	NA
Caudate	-0.113631469297468	25.10771402827563	NA	12.488387177066056	NA
Caudate	-0.113631469297468	25.28329244805378	NA	12.432337250243625	NA
Caudate	-0.113631469297468	25.45887086783193	NA	12.37668959656868	NA
Caudate	-0.113631469297468	25.63444928761008	NA	12.321428019450497	NA
Caudate	-0.113631469297468	25.810027707388233	NA	12.266536863536974	NA
Caudate	-0.113631469297468	25.985606127166385	NA	12.21200099692537	NA
Caudate	-0.113631469297468	26.161184546944536	NA	12.157805793956769	NA
Caudate	-0.113631469297468	26.336762966722688	NA	12.103937118575143	NA
Caudate	-0.113631469297468	26.51234138650084	NA	12.050381308232415	NA
Caudate	-0.113631469297468	26.68791980627899	NA	11.99712515832176	NA
Caudate	-0.113631469297468	26.863498226057143	NA	11.944155907121601	NA
Caudate	-0.113631469297468	27.039076645835294	NA	11.891461221233717	NA
Caudate	-0.113631469297468	27.214655065613442	NA	11.839029181499395	NA
Caudate	-0.113631469297468	27.390233485391594	NA	11.786848269377233	NA
Caudate	-0.113631469297468	27.565811905169745	NA	11.734907353768513	NA
Caudate	-0.113631469297468	27.613631469297466	11.737797725479306	11.720801134607678	1.1868744691262425
Caudate	-0.113631469297468	27.741390324947897	NA	11.683195678274602	NA
Caudate	-0.113631469297468	27.91696874472605	NA	11.631702848872594	NA
Caudate	-0.113631469297468	28.0925471645042	NA	11.580418821995353	NA
Caudate	-0.113631469297468	28.268125584282352	NA	11.529333893002796	NA
Caudate	-0.113631469297468	28.443704004060503	NA	11.478438685031405	NA
Caudate	-0.113631469297468	28.619282423838655	NA	11.427724138209774	NA
Caudate	-0.113631469297468	28.794860843616807	NA	11.377181499227992	NA
Caudate	-0.113631469297468	28.970439263394958	NA	11.326802311249352	NA
Caudate	-0.113631469297468	29.146017683173106	NA	11.276578404153144	NA
Caudate	-0.113631469297468	29.321596102951258	NA	11.226501885097665	NA
Caudate	-0.113631469297468	29.49717452272941	NA	11.176565129392912	NA
Caudate	-0.113631469297468	29.67275294250756	NA	11.12676077167285	NA
Caudate	-0.113631469297468	29.848331362285712	NA	11.07708169735736	NA
Caudate	-0.113631469297468	30.023909782063864	NA	11.027521034394452	NA
Caudate	-0.113631469297468	30.199488201842016	NA	10.978908284903074	NA
Caudate	-0.113631469297468	30.375066621620167	NA	10.93161888177034	NA
Caudate	-0.113631469297468	30.55064504139832	NA	10.88515257032075	NA
Caudate	-0.113631469297468	30.72622346117647	NA	10.839481310994948	NA
Caudate	-0.113631469297468	30.901801880954622	NA	10.794577987560261	NA
Caudate	-0.113631469297468	31.07738030073277	NA	10.75041637680711	NA
Caudate	-0.113631469297468	31.25295872051092	NA	10.706971119239647	NA
Caudate	-0.113631469297468	31.428537140289073	NA	10.66421769072808	NA
Caudate	-0.113631469297468	31.604115560067225	NA	10.622132375090905	NA
Caudate	-0.113631469297468	31.779693979845376	NA	10.580692237576898	NA
Caudate	-0.113631469297468	31.955272399623528	NA	10.539875149259414	NA
Caudate	-0.113631469297468	32.13085081940168	NA	10.499659648924546	NA
Caudate	-0.113631469297468	32.30642923917983	NA	10.460024952688745	NA
Caudate	-0.113631469297468	32.48200765895798	NA	10.420951003618251	NA
Caudate	-0.113631469297468	32.61363146929747	10.297210613989202	10.392014957294688	1.0899810586698542
Caudate	-0.113631469297468	32.65758607873613	NA	10.382418406099356	NA
Caudate	-0.113631469297468	32.833164498514286	NA	10.344408404131126	NA
Caudate	-0.113631469297468	33.008742918292434	NA	10.306902860330384	NA
Caudate	-0.113631469297468	33.18432133807059	NA	10.269884235625428	NA
Caudate	-0.113631469297468	33.35989975784874	NA	10.233335569616138	NA
Caudate	-0.113631469297468	33.53547817762689	NA	10.197240461578298	NA
Caudate	-0.113631469297468	33.71105659740504	NA	10.161583052091258	NA
Caudate	-0.113631469297468	33.88663501718319	NA	10.12634800526835	NA
Caudate	-0.113631469297468	34.06221343696134	NA	10.091520491570288	NA
Caudate	-0.113631469297468	34.23779185673949	NA	10.057086171182561	NA
Caudate	-0.113631469297468	34.41337027651765	NA	10.023031177938062	NA
Caudate	-0.113631469297468	34.588948696295795	NA	9.989342103767322	NA
Caudate	-0.113631469297468	34.76452711607395	NA	9.956005983658875	NA
Caudate	-0.113631469297468	34.9401055358521	NA	9.923010281113118	NA
Caudate	-0.113631469297468	35.11568395563025	NA	9.89034287407339	NA
Caudate	-0.113631469297468	35.2912623754084	NA	9.857992041318662	NA
Caudate	-0.113631469297468	35.466840795186556	NA	9.825946449302696	NA
Caudate	-0.113631469297468	35.642419214964704	NA	9.794195139425007	NA
Caudate	-0.113631469297468	35.81799763474285	NA	9.76272751571949	NA
Caudate	-0.113631469297468	35.99357605452101	NA	9.731533332946944	NA
Caudate	-0.113631469297468	36.169154474299155	NA	9.700602685078321	NA
Caudate	-0.113631469297468	36.34473289407731	NA	9.669925994155847	NA
Caudate	-0.113631469297468	36.52031131385546	NA	9.639493999519607	NA
Caudate	-0.113631469297468	36.695889733633614	NA	9.609297747387615	NA
Caudate	-0.113631469297468	36.87146815341176	NA	9.57932858077775	NA
Caudate	-0.113631469297468	37.04704657318992	NA	9.549578129760425	NA
Caudate	-0.113631469297468	37.222624992968065	NA	9.520038302030997	NA
Caudate	-0.113631469297468	37.39820341274622	NA	9.490701273791588	NA
Caudate	-0.113631469297468	37.57378183252437	NA	9.461559480932003	NA
Caudate	-0.113631469297468	37.61363146929747	9.323837795032002	9.454971853233221	1.008429311913547
Caudate	-0.113631469297468	37.749360252302516	NA	9.43260561050009	NA
Caudate	-0.113631469297468	37.92493867208067	NA	9.403832592451922	NA
Caudate	-0.113631469297468	38.10051709185882	NA	9.375233591672679	NA
Caudate	-0.113631469297468	38.276095511636974	NA	9.346802000259354	NA
Caudate	-0.113631469297468	38.45167393141512	NA	9.318531430056666	NA
Caudate	-0.113631469297468	38.62725235119328	NA	9.290415705437898	NA
Caudate	-0.113631469297468	38.802830770971426	NA	9.262448856322566	NA
Caudate	-0.113631469297468	38.97840919074958	NA	9.234625111423266	NA
Caudate	-0.113631469297468	39.15398761052773	NA	9.206938891714065	NA
Caudate	-0.113631469297468	39.329566030305884	NA	9.179384804113205	NA
Caudate	-0.113631469297468	39.50514445008403	NA	9.15195763537311	NA
Caudate	-0.113631469297468	39.68072286986218	NA	9.12465234617089	NA
Caudate	-0.113631469297468	39.856301289640335	NA	9.09746406850663	NA
Caudate	-0.113631469297468	40.03187970941848	NA	9.070388104027455	NA
Caudate	-0.113631469297468	40.20745812919664	NA	9.04341988710587	NA
Caudate	-0.113631469297468	40.383036548974786	NA	9.016555018873591	NA
Caudate	-0.113631469297468	40.55861496875294	NA	8.989789247620948	NA
Caudate	-0.113631469297468	40.73419338853109	NA	8.96311846395979	NA
Caudate	-0.113631469297468	40.909771808309245	NA	8.936538696144705	NA
Caudate	-0.113631469297468	41.08535022808739	NA	8.910046105548155	NA
Caudate	-0.113631469297468	41.26092864786554	NA	8.883636982283834	NA
Caudate	-0.113631469297468	41.436507067643696	NA	8.857307740973797	NA
Caudate	-0.113631469297468	41.612085487421844	NA	8.831054916654379	NA
Caudate	-0.113631469297468	41.7876639072	NA	8.804875160816538	NA
Caudate	-0.113631469297468	41.96324232697815	NA	8.778765237576108	NA
Caudate	-0.113631469297468	42.1388207467563	NA	8.752722019969715	NA
Caudate	-0.113631469297468	42.31439916653445	NA	8.72674248637226	NA
Caudate	-0.113631469297468	42.489977586312605	NA	8.700823717031971	NA
Caudate	-0.113631469297468	42.61363146929747	8.631863776100072	8.682604936305605	0.94091476359211
Caudate	-0.113631469297468	42.66555600609075	NA	8.674962890719142	NA
Caudate	-0.113631469297468	42.84113442586891	NA	8.64915728148489	NA
Caudate	-0.113631469297468	43.016712845647056	NA	8.623404255526184	NA
Caudate	-0.113631469297468	43.192291265425204	NA	8.597701268153903	NA
Caudate	-0.113631469297468	43.36786968520336	NA	8.57204586086025	NA
Caudate	-0.113631469297468	43.54344810498151	NA	8.546435658482503	NA
Caudate	-0.113631469297468	43.71902652475966	NA	8.52086836645978	NA
Caudate	-0.113631469297468	43.89460494453781	NA	8.49534176817988	NA
Caudate	-0.113631469297468	44.070183364315966	NA	8.469853722413202	NA
Caudate	-0.113631469297468	44.245761784094114	NA	8.444402160830814	NA
Caudate	-0.113631469297468	44.42134020387227	NA	8.418985085604062	NA
Caudate	-0.113631469297468	44.59691862365042	NA	8.393600567082887	NA
Caudate	-0.113631469297468	44.77249704342857	NA	8.368246741550381	NA
Caudate	-0.113631469297468	44.94807546320672	NA	8.342921809051056	NA
Caudate	-0.113631469297468	45.12365388298487	NA	8.317632895879846	NA
Caudate	-0.113631469297468	45.29923230276302	NA	8.292726092287285	NA
Caudate	-0.113631469297468	45.47481072254117	NA	8.268126157730576	NA
Caudate	-0.113631469297468	45.65038914231933	NA	8.243819574035841	NA
Caudate	-0.113631469297468	45.825967562097475	NA	8.21979657773856	NA
Caudate	-0.113631469297468	46.00154598187563	NA	8.196047726151257	NA
Caudate	-0.113631469297468	46.17712440165378	NA	8.172563886838	NA
Caudate	-0.113631469297468	46.35270282143193	NA	8.149336227434208	NA
Caudate	-0.113631469297468	46.52828124121008	NA	8.126356205800436	NA
Caudate	-0.113631469297468	46.703859660988236	NA	8.10361556049927	NA
Caudate	-0.113631469297468	46.879438080766384	NA	8.081106301584583	NA
Caudate	-0.113631469297468	47.05501650054453	NA	8.058820701692975	NA
Caudate	-0.113631469297468	47.23059492032269	NA	8.036751287427572	NA
Caudate	-0.113631469297468	47.406173340100835	NA	8.01489083102444	NA
Caudate	-0.113631469297468	47.58175175987899	NA	7.993232342292373	NA
Caudate	-0.113631469297468	47.61363146929747	8.210075134542482	7.989321026452044	0.8834903698615684
Caudate	-0.113631469297468	47.75733017965714	NA	7.9717690608172775	NA
Caudate	-0.113631469297468	47.932908599435294	NA	7.9504944711763	NA
Caudate	-0.113631469297468	48.10848701921344	NA	7.929402230746477	NA
Caudate	-0.113631469297468	48.2840654389916	NA	7.90848621904684	NA
Caudate	-0.113631469297468	48.459643858769745	NA	7.887740521893178	NA
Caudate	-0.113631469297468	48.6352222785479	NA	7.867159419568662	NA
Caudate	-0.113631469297468	48.81080069832605	NA	7.846737380442287	NA
Caudate	-0.113631469297468	48.986379118104196	NA	7.826469054796849	NA
Caudate	-0.113631469297468	49.16195753788235	NA	7.806349268859308	NA
Caudate	-0.113631469297468	49.3375359576605	NA	7.78637301902702	NA
Caudate	-0.113631469297468	49.513114377438654	NA	7.766535466283461	NA
Caudate	-0.113631469297468	49.6886927972168	NA	7.746831930797083	NA
Caudate	-0.113631469297468	49.86427121699496	NA	7.727257886697406	NA
Caudate	-0.113631469297468	50.039849636773106	NA	7.7078089570225305	NA
Caudate	-0.113631469297468	50.21542805655126	NA	7.688480908832345	NA
Caudate	-0.113631469297468	50.39100647632941	NA	7.6692696484821195	NA
Caudate	-0.113631469297468	50.56658489610756	NA	7.650171217051166	NA
Caudate	-0.113631469297468	50.74216331588571	NA	7.631181785921427	NA
Caudate	-0.113631469297468	50.91774173566386	NA	7.612297652501175	NA
Caudate	-0.113631469297468	51.093320155442015	NA	7.59351523608901	NA
Caudate	-0.113631469297468	51.26889857522016	NA	7.57483107387351	NA
Caudate	-0.113631469297468	51.44447699499832	NA	7.556241817064174	NA
Caudate	-0.113631469297468	51.620055414776466	NA	7.537744227149283	NA
Caudate	-0.113631469297468	51.79563383455462	NA	7.519335172276558	NA
Caudate	-0.113631469297468	51.97121225433277	NA	7.501011623752514	NA
Caudate	-0.113631469297468	52.146790674110925	NA	7.48277065265674	NA
Caudate	-0.113631469297468	52.32236909388907	NA	7.464609426567187	NA
Caudate	-0.113631469297468	52.49794751366722	NA	7.446525206392948	NA
Caudate	-0.113631469297468	52.61363146929747	7.501764095791628	7.434650793636051	0.8327447638909478
Caudate	-0.113631469297468	52.673525933445376	NA	7.428515343310952	NA
Caudate	-0.113631469297468	52.849104353223524	NA	7.410577275803094	NA
Caudate	-0.113631469297468	53.02468277300168	NA	7.3927085267906785	NA
Caudate	-0.113631469297468	53.20026119277983	NA	7.374906700862794	NA
Caudate	-0.113631469297468	53.37583961255798	NA	7.357169481595677	NA
Caudate	-0.113631469297468	53.55141803233613	NA	7.339494628959979	NA
Caudate	-0.113631469297468	53.726996452114285	NA	7.321879976813152	NA
Caudate	-0.113631469297468	53.90257487189243	NA	7.304323430474052	NA
Caudate	-0.113631469297468	54.07815329167059	NA	7.28682296437715	NA
Caudate	-0.113631469297468	54.25373171144874	NA	7.269376619803762	NA
Caudate	-0.113631469297468	54.429310131226885	NA	7.251982502687561	NA
Caudate	-0.113631469297468	54.60488855100504	NA	7.234638781492257	NA
Caudate	-0.113631469297468	54.78046697078319	NA	7.217343685158808	NA
Caudate	-0.113631469297468	54.95604539056134	NA	7.200095501120031	NA
Caudate	-0.113631469297468	55.13162381033949	NA	7.182892573380318	NA
Caudate	-0.113631469297468	55.307202230117646	NA	7.165733300658404	NA
Caudate	-0.113631469297468	55.482780649895794	NA	7.1486161345910055	NA
Caudate	-0.113631469297468	55.65835906967395	NA	7.131539577995466	NA
Caudate	-0.113631469297468	55.8339374894521	NA	7.114502185807136	NA
Caudate	-0.113631469297468	56.00951590923025	NA	7.097502558442404	NA
Caudate	-0.113631469297468	56.1850943290084	NA	7.080539339159833	NA
Caudate	-0.113631469297468	56.36067274878655	NA	7.063611219257354	NA
Caudate	-0.113631469297468	56.536251168564704	NA	7.046716933344308	NA
Caudate	-0.113631469297468	56.71182958834285	NA	7.0298552579192135	NA
Caudate	-0.113631469297468	56.88740800812101	NA	7.013025009994268	NA
Caudate	-0.113631469297468	57.062986427899155	NA	6.996225045764962	NA
Caudate	-0.113631469297468	57.23856484767731	NA	6.97945425932331	NA
Caudate	-0.113631469297468	57.41414326745546	NA	6.96271158141338	NA
Caudate	-0.113631469297468	57.58972168723361	NA	6.945995978227571	NA
Caudate	-0.113631469297468	57.61363146929747	7.138349405431869	6.943721727091604	0.7903419439814352
Caudate	-0.113631469297468	57.76530010701176	NA	6.929306450242416	NA
Caudate	-0.113631469297468	57.940878526789916	NA	6.912642031092615	NA
Caudate	-0.113631469297468	58.116456946568064	NA	6.896001786481983	NA
Caudate	-0.113631469297468	58.29203536634621	NA	6.879384813130105	NA
Caudate	-0.113631469297468	58.46761378612437	NA	6.862790237753623	NA
Caudate	-0.113631469297468	58.643192205902515	NA	6.846217216080881	NA
Caudate	-0.113631469297468	58.81877062568067	NA	6.829664931898918	NA
Caudate	-0.113631469297468	58.99434904545882	NA	6.813132596131795	NA
Caudate	-0.113631469297468	59.169927465236974	NA	6.796619445949034	NA
Caudate	-0.113631469297468	59.34550588501512	NA	6.78012474390345	NA
Caudate	-0.113631469297468	59.52108430479328	NA	6.763647777097162	NA
Caudate	-0.113631469297468	59.696662724571425	NA	6.747187856375057	NA
Caudate	-0.113631469297468	59.87224114434958	NA	6.73074431554465	NA
Caudate	-0.113631469297468	60.04781956412773	NA	6.7143165106215825	NA
Caudate	-0.113631469297468	60.223397983905876	NA	6.698012254812245	NA
Caudate	-0.113631469297468	60.39897640368403	NA	6.6820310672012395	NA
Caudate	-0.113631469297468	60.57455482346218	NA	6.666282633116658	NA
Caudate	-0.113631469297468	60.750133243240334	NA	6.650759719950184	NA
Caudate	-0.113631469297468	60.92571166301848	NA	6.6354553310530315	NA
Caudate	-0.113631469297468	61.10129008279664	NA	6.6203626979989645	NA
Caudate	-0.113631469297468	61.276868502574786	NA	6.605475273101217	NA
Caudate	-0.113631469297468	61.45244692235294	NA	6.5907867221748	NA
Caudate	-0.113631469297468	61.62802534213109	NA	6.576290917536311	NA
Caudate	-0.113631469297468	61.803603761909244	NA	6.561981931233371	NA
Caudate	-0.113631469297468	61.97918218168739	NA	6.547854028496191	NA
Caudate	-0.113631469297468	62.15476060146554	NA	6.5339016614039025	NA
Caudate	-0.113631469297468	62.330339021243695	NA	6.520119462758783	NA
Caudate	-0.113631469297468	62.50591744102184	NA	6.5065022401612955	NA
Caudate	-0.113631469297468	62.61363146929747	6.600792355902123	6.498227838866515	0.752898792037626
Caudate	-0.113631469297468	62.6814958608	NA	6.493044970279634	NA
Caudate	-0.113631469297468	62.857074280578146	NA	6.479742793307154	NA
Caudate	-0.113631469297468	63.0326527003563	NA	6.466591007601702	NA
Caudate	-0.113631469297468	63.20823112013445	NA	6.453585064500754	NA
Caudate	-0.113631469297468	63.383809539912605	NA	6.440720563306673	NA
Caudate	-0.113631469297468	63.55938795969075	NA	6.427993246436462	NA
Caudate	-0.113631469297468	63.7349663794689	NA	6.415398996520274	NA
Caudate	-0.113631469297468	63.910544799247056	NA	6.402933843751348	NA
Caudate	-0.113631469297468	64.08612321902521	NA	6.390593913964046	NA
Caudate	-0.113631469297468	64.26170163880336	NA	6.378375476691623	NA
Caudate	-0.113631469297468	64.437280058581507	NA	6.366274922613169	NA
Caudate	-0.113631469297468	64.61285847835966	NA	6.354288759583154	NA
Caudate	-0.113631469297468	64.78843689813782	NA	6.342413608791254	NA
Caudate	-0.113631469297468	64.96401531791597	NA	6.330646201048154	NA
Caudate	-0.113631469297468	65.13959373769411	NA	6.318983373193152	NA
Caudate	-0.113631469297468	65.31517215747226	NA	6.307422064619651	NA
Caudate	-0.113631469297468	65.49075057725042	NA	6.295959313914612	NA
Caudate	-0.113631469297468	65.66632899702857	NA	6.2845922556082225	NA
Caudate	-0.113631469297468	65.84190741680672	NA	6.27331811703023	NA
Caudate	-0.113631469297468	66.01748583658487	NA	6.26213421526937	NA
Caudate	-0.113631469297468	66.19306425636302	NA	6.251037954232539	NA
Caudate	-0.113631469297468	66.36864267614118	NA	6.240026821800444	NA
Caudate	-0.113631469297468	66.54422109591933	NA	6.229098387076555	NA
Caudate	-0.113631469297468	66.71979951569747	NA	6.218250297726277	NA
Caudate	-0.113631469297468	66.89537793547562	NA	6.207480277403443	NA
Caudate	-0.113631469297468	67.07095635525378	NA	6.196786123261205	NA
Caudate	-0.113631469297468	67.24653477503193	NA	6.186165703544547	NA
Caudate	-0.113631469297468	67.42211319481008	NA	6.175616955261836	NA
Caudate	-0.113631469297468	67.59769161458823	NA	6.1651378819327	NA
Caudate	-0.113631469297468	67.61363146929747	5.983387529547734	6.164189922451038	0.7208454116044913
Caudate	-0.113631469297468	67.77327003436638	NA	6.154726551409768	NA
Caudate	-0.113631469297468	67.94884845414454	NA	6.144381093771908	NA
Caudate	-0.113631469297468	68.12442687392269	NA	6.134099699286546	NA
Caudate	-0.113631469297468	68.30000529370083	NA	6.123880616438808	NA
Caudate	-0.113631469297468	68.47558371347898	NA	6.113722150025365	NA
Caudate	-0.113631469297468	68.65116213325715	NA	6.103622659310707	NA
Caudate	-0.113631469297468	68.8267405530353	NA	6.09358055624402	NA
Caudate	-0.113631469297468	69.00231897281344	NA	6.0835943037343965	NA
Caudate	-0.113631469297468	69.17789739259159	NA	6.073662413982782	NA
Caudate	-0.113631469297468	69.35347581236974	NA	6.0637834468685075	NA
Caudate	-0.113631469297468	69.5290542321479	NA	6.0539560083887975	NA
Caudate	-0.113631469297468	69.70463265192605	NA	6.044178749149489	NA
Caudate	-0.113631469297468	69.8802110717042	NA	6.034450362905177	NA
Caudate	-0.113631469297468	70.05578949148234	NA	6.0247695851473235	NA
Caudate	-0.113631469297468	70.2313679112605	NA	6.015135191738605	NA
Caudate	-0.113631469297468	70.40694633103865	NA	6.00554599759213	NA
Caudate	-0.113631469297468	70.5825247508168	NA	5.996000855393895	NA
Caudate	-0.113631469297468	70.75810317059495	NA	5.986498654367186	NA
Caudate	-0.113631469297468	70.93368159037311	NA	5.977038319077523	NA
Caudate	-0.113631469297468	71.10926001015126	NA	5.967618808276731	NA
Caudate	-0.113631469297468	71.28483842992941	NA	5.958239113785019	NA
Caudate	-0.113631469297468	71.46041684970756	NA	5.948898259409621	NA
Caudate	-0.113631469297468	71.6359952694857	NA	5.939595299898999	NA
Caudate	-0.113631469297468	71.81157368926387	NA	5.930329323934788	NA
Caudate	-0.113631469297468	71.98715210904201	NA	5.921099442418463	NA
Caudate	-0.113631469297468	72.16273052882016	NA	5.911904795458689	NA
Caudate	-0.113631469297468	72.33830894859831	NA	5.902744551791481	NA
Caudate	-0.113631469297468	72.51388736837647	NA	5.89361790635687	NA
Caudate	-0.113631469297468	72.61363146929747	5.932327997331175	5.888447824964569	0.6932929600517144
Caudate	-0.113631469297468	72.68946578815462	NA	5.8845240794426905	NA
Caudate	-0.113631469297468	72.86504420793277	NA	5.875462315856518	NA
Caudate	-0.113631469297468	73.04062262771092	NA	5.866431884124704	NA
Caudate	-0.113631469297468	73.216201047489065	NA	5.8574320757176785	NA
Caudate	-0.113631469297468	73.39177946726723	NA	5.848462204300705	NA
Caudate	-0.113631469297468	73.56735788704538	NA	5.839521605009146	NA
Caudate	-0.113631469297468	73.74293630682352	NA	5.830609633747529	NA
Caudate	-0.113631469297468	73.91851472660167	NA	5.821725666511601	NA
Caudate	-0.113631469297468	74.09409314637983	NA	5.812869098732579	NA
Caudate	-0.113631469297468	74.26967156615798	NA	5.804039344642951	NA
Caudate	-0.113631469297468	74.44524998593613	NA	5.795235836663025	NA
Caudate	-0.113631469297468	74.62082840571428	NA	5.786458024807626	NA
Caudate	-0.113631469297468	74.79640682549244	NA	5.777705376112247	NA
Caudate	-0.113631469297468	74.97198524527059	NA	5.7689773740779655	NA
Caudate	-0.113631469297468	75.14756366504874	NA	5.7602735181346345	NA
Caudate	-0.113631469297468	75.32314208482688	NA	5.751593323121639	NA
Caudate	-0.113631469297468	75.49872050460503	NA	5.742936318785644	NA
Caudate	-0.113631469297468	75.6742989243832	NA	5.7343020492948735	NA
Caudate	-0.113631469297468	75.84987734416134	NA	5.725690072769256	NA
Caudate	-0.113631469297468	76.02545576393949	NA	5.717099960826022	NA
Caudate	-0.113631469297468	76.20103418371764	NA	5.708531298140155	NA
Caudate	-0.113631469297468	76.3766126034958	NA	5.6999836820192895	NA
Caudate	-0.113631469297468	76.55219102327395	NA	5.6914567219925125	NA
Caudate	-0.113631469297468	76.7277694430521	NA	5.682950039412682	NA
Caudate	-0.113631469297468	76.90334786283024	NA	5.674463267071735	NA
Caudate	-0.113631469297468	77.07892628260839	NA	5.665996048828647	NA
Caudate	-0.113631469297468	77.25450470238655	NA	5.6575480392495745	NA
Caudate	-0.113631469297468	77.4300831221647	NA	5.6491189032597715	NA
Caudate	-0.113631469297468	77.60566154194285	NA	5.640708315806946	NA
Caudate	-0.113631469297468	77.61363146929747	5.624307577602697	5.64032697489945	0.6673326006999584
Caudate	-0.113631469297468	77.781239961721	NA	5.632315961535642	NA
Caudate	-0.113631469297468	77.95681838149916	NA	5.623941534472276	NA
Caudate	-0.113631469297468	78.13239680127731	NA	5.615584737720525	NA
Caudate	-0.113631469297468	78.30797522105546	NA	5.607245283166654	NA
Caudate	-0.113631469297468	78.4835536408336	NA	5.598922891194561	NA
Caudate	-0.113631469297468	78.65913206061177	NA	5.590617290410123	NA
Caudate	-0.113631469297468	78.83471048038992	NA	5.582328217374549	NA
Caudate	-0.113631469297468	79.01028890016806	NA	5.574055416346548	NA
Caudate	-0.113631469297468	79.18586731994621	NA	5.565798639032867	NA
Caudate	-0.113631469297468	79.36144573972436	NA	5.557557644347043	NA
Caudate	-0.113631469297468	79.53702415950252	NA	5.549332198176074	NA
Caudate	-0.113631469297468	79.71260257928067	NA	5.541122073992163	NA
Caudate	-0.113631469297468	79.88818099905882	NA	5.5329270515430435	NA
Caudate	-0.113631469297468	80.06375941883697	NA	5.5247469148269515	NA
Caudate	-0.113631469297468	80.23933783861513	NA	5.516581455443015	NA
Caudate	-0.113631469297468	80.41491625839328	NA	5.508430470906745	NA
Caudate	-0.113631469297468	80.59049467817142	NA	5.50029376445893	NA
Caudate	-0.113631469297468	80.76607309794957	NA	5.492171144880839	NA
Caudate	-0.113631469297468	80.94165151772772	NA	5.484062426315447	NA
Caudate	-0.113631469297468	81.11722993750588	NA	5.475967428094534	NA
Caudate	-0.113631469297468	81.29280835728403	NA	5.467885974571457	NA
Caudate	-0.113631469297468	81.46838677706218	NA	5.459817894959349	NA
Caudate	-0.113631469297468	81.64396519684033	NA	5.451763023174678	NA
Caudate	-0.113631469297468	81.81954361661849	NA	5.443721197685895	NA
Caudate	-0.113631469297468	81.99512203639664	NA	5.435692261367035	NA
Caudate	-0.113631469297468	82.17070045617479	NA	5.427676061356114	NA
Caudate	-0.113631469297468	82.34627887595293	NA	5.419672448918192	NA
Caudate	-0.113631469297468	82.52185729573108	NA	5.411681279312869	NA
Caudate	-0.113631469297468	82.61363146929747	5.351545109557483	5.407509229479519	0.644933026438736
Caudate	-0.113631469297468	82.69743571550924	NA	5.403702411666183	NA
Caudate	-0.113631469297468	82.87301413528739	NA	5.395735708846595	NA
Caudate	-0.113631469297468	83.04859255506554	NA	5.3877810373451664	NA
Caudate	-0.113631469297468	83.22417097484369	NA	5.379838267159568	NA
Caudate	-0.113631469297468	83.39974939462185	NA	5.371907271681887	NA
Caudate	-0.113631469297468	83.5753278144	NA	5.3639879275901645	NA
Caudate	-0.113631469297468	83.75090623417815	NA	5.356080114743428	NA
Caudate	-0.113631469297468	83.9264846539563	NA	5.348183716080159	NA
Caudate	-0.113631469297468	84.10206307373446	NA	5.340298617520139	NA
Caudate	-0.113631469297468	84.2776414935126	NA	5.33242470786942	NA
Caudate	-0.113631469297468	84.45321991329075	NA	5.324561878728469	NA
Caudate	-0.113631469297468	84.6287983330689	NA	5.316710024403314	NA
Caudate	-0.113631469297468	84.80437675284705	NA	5.308869041819551	NA
Caudate	-0.113631469297468	84.97995517262521	NA	5.301038830439207	NA
Caudate	-0.113631469297468	85.15553359240336	NA	5.2932192921803	NA
Caudate	-0.113631469297468	85.3311120121815	NA	5.285410331339031	NA
Caudate	-0.113631469297468	85.50669043195965	NA	5.277611854514529	NA
Caudate	-0.113631469297468	85.68226885173782	NA	5.269823770536046	NA
Caudate	-0.113631469297468	85.85784727151596	NA	5.262045990392543	NA
Caudate	-0.113631469297468	86.03342569129411	NA	5.254278427164545	NA
Caudate	-0.113631469297468	86.20900411107226	NA	5.246520995958282	NA
Caudate	-0.113631469297468	86.38458253085041	NA	5.238773613841929	NA
Caudate	-0.113631469297468	86.56016095062857	NA	5.231036199783922	NA
Caudate	-0.113631469297468	86.73573937040672	NA	5.223308674593362	NA
Caudate	-0.113631469297468	86.91131779018487	NA	5.215590960862274	NA
Caudate	-0.113631469297468	87.08689620996302	NA	5.2078829829098305	NA
Caudate	-0.113631469297468	87.26247462974118	NA	5.20018466672833	NA
Caudate	-0.113631469297468	87.43805304951933	NA	5.192495939930974	NA
Caudate	-0.113631469297468	87.61363146929747	5.104993312893361	5.184782630990249	0.6267952640834258
Frontal	-0.113631469297468	0	0	-3.2845156920405034e-14	0
Frontal	-0.113631469297468	0.17557841977815125	NA	0.018199641190752004	NA
Frontal	-0.113631469297468	0.3511568395563025	NA	0.04697519470290032	NA
Frontal	-0.113631469297468	0.363631469297468	1.078578320579525	0.049414145043824895	0.5406318946080035
Frontal	-0.113631469297468	0.5267352593344538	NA	6.0588338916287094	NA
Frontal	-0.113631469297468	0.702313679112605	NA	10.254980589454934	NA
Frontal	-0.113631469297468	0.863631469297468	12.319381569817995	14.139599710915363	0.7614321513692394
Frontal	-0.113631469297468	0.8778920988907563	NA	14.484335309682617	NA
Frontal	-0.113631469297468	1.0534705186689075	NA	18.74635403651979	NA
Frontal	-0.113631469297468	1.2290489384470589	NA	23.136003370977168	NA
Frontal	-0.113631469297468	1.363631469297468	26.565801991519145	26.65588178278821	0.906689764733088
Frontal	-0.113631469297468	1.40462735822521	NA	27.790067403477522	NA
Frontal	-0.113631469297468	1.5802057780033612	NA	32.76745625907818	NA
Frontal	-0.113631469297468	1.7557841977815125	NA	37.59029995897554	NA
Frontal	-0.113631469297468	1.863631469297468	41.91170624199513	40.56272972310645	1.01687563871536
Frontal	-0.113631469297468	1.9313626175596639	NA	42.44204023765044	NA
Frontal	-0.113631469297468	2.106941037337815	NA	46.84904331859081	NA
Frontal	-0.113631469297468	2.282519457115966	NA	49.32295546665908	NA
Frontal	-0.113631469297468	2.363631469297468	50.13178294965604	49.770844706285004	1.063249747548116
Frontal	-0.113631469297468	2.4580978768941177	NA	49.84737274817536	NA
Frontal	-0.113631469297468	2.633676296672269	NA	49.8215592113565	NA
Frontal	-0.113631469297468	2.80925471645042	NA	49.95557350898509	NA
Frontal	-0.113631469297468	2.863631469297468	49.9123053993868	49.93799971622011	1.0563290442417974
Frontal	-0.113631469297468	2.984833136228571	NA	49.799831149956475	NA
Frontal	-0.113631469297468	3.1604115560067223	NA	49.450087100913805	NA
Frontal	-0.113631469297468	3.335989975784874	NA	48.97532272851081	NA
Frontal	-0.113631469297468	3.511568395563025	NA	48.519446012577816	NA
Frontal	-0.113631469297468	3.613631469297468	47.752528961842216	48.23276110476107	1.2801733520325422
Frontal	-0.113631469297468	3.687146815341176	NA	48.01659587918563	NA
Frontal	-0.113631469297468	3.8627252351193277	NA	47.46826282169484	NA
Frontal	-0.113631469297468	4.0383036548974784	NA	46.87588035531209	NA
Frontal	-0.113631469297468	4.21388207467563	NA	46.24082725569558	NA
Frontal	-0.113631469297468	4.389460494453782	NA	45.56442970929527	NA
Frontal	-0.113631469297468	4.565038914231932	NA	44.84796337890947	NA
Frontal	-0.113631469297468	4.613631469297468	44.02639552296985	44.642783323598195	1.2355345831774884
Frontal	-0.113631469297468	4.740617334010084	NA	44.09265538780229	NA
Frontal	-0.113631469297468	4.9161957537882355	NA	43.29968622559445	NA
Frontal	-0.113631469297468	5.091774173566386	NA	42.546658267613424	NA
Frontal	-0.113631469297468	5.267352593344538	NA	41.830400606298426	NA
Frontal	-0.113631469297468	5.4429310131226885	NA	41.1376987048655	NA
Frontal	-0.113631469297468	5.613631469297468	40.68359369103665	40.4859091173448	1.1929764114826216
Frontal	-0.113631469297468	5.61850943290084	NA	40.467586768358935	NA
Frontal	-0.113631469297468	5.794087852678992	NA	39.819137285435296	NA
Frontal	-0.113631469297468	5.969666272457142	NA	39.191459517176405	NA
Frontal	-0.113631469297468	6.145244692235294	NA	38.58369804552222	NA
Frontal	-0.113631469297468	6.320823112013445	NA	37.99503137897151	NA
Frontal	-0.113631469297468	6.496401531791596	NA	37.42467061329137	NA
Frontal	-0.113631469297468	6.671979951569748	NA	36.87185814506519	NA
Frontal	-0.113631469297468	6.8475583713478985	NA	36.33586643599492	NA
Frontal	-0.113631469297468	7.02313679112605	NA	35.815996825955196	NA
Frontal	-0.113631469297468	7.113631469297468	34.97338675877859	35.55412553530113	1.4084829977458366
Frontal	-0.113631469297468	7.198715210904202	NA	35.31157839287616	NA
Frontal	-0.113631469297468	7.374293630682352	NA	34.82196685760762	NA
Frontal	-0.113631469297468	7.549872050460504	NA	34.34654353198992	NA
Frontal	-0.113631469297468	7.7254504702386555	NA	33.88471430842729	NA
Frontal	-0.113631469297468	7.901028890016806	NA	33.43590868932606	NA
Frontal	-0.113631469297468	8.076607309794957	NA	32.99958001455592	NA
Frontal	-0.113631469297468	8.252185729573108	NA	32.575201623643174	NA
Frontal	-0.113631469297468	8.42776414935126	NA	32.16226771844629	NA
Frontal	-0.113631469297468	8.603342569129412	NA	31.76029328803061	NA
Frontal	-0.113631469297468	8.778920988907563	NA	31.368812623248857	NA
Frontal	-0.113631469297468	8.954499408685713	NA	30.987378554454082	NA
Frontal	-0.113631469297468	9.113631469297468	30.778481135737813	30.64998935285385	1.3149422378403732
Frontal	-0.113631469297468	9.130077828463865	NA	30.615561719288582	NA
Frontal	-0.113631469297468	9.305656248242016	NA	30.252949859362165	NA
Frontal	-0.113631469297468	9.481234668020168	NA	29.899147144679812	NA
Frontal	-0.113631469297468	9.65681308779832	NA	29.553773524724598	NA
Frontal	-0.113631469297468	9.832391507576471	NA	29.21646410514376	NA
Frontal	-0.113631469297468	10.00796992735462	NA	28.886868549028243	NA
Frontal	-0.113631469297468	10.183548347132772	NA	28.564650501815336	NA
Frontal	-0.113631469297468	10.359126766910924	NA	28.24948703888253	NA
Frontal	-0.113631469297468	10.534705186689076	NA	27.946426488911005	NA
Frontal	-0.113631469297468	10.710283606467227	NA	27.654535833457174	NA
Frontal	-0.113631469297468	10.885862026245377	NA	27.372214341193683	NA
Frontal	-0.113631469297468	11.061440446023528	NA	27.099071373721547	NA
Frontal	-0.113631469297468	11.23701886580168	NA	26.834731769101126	NA
Frontal	-0.113631469297468	11.412597285579832	NA	26.578835230984808	NA
Frontal	-0.113631469297468	11.588175705357983	NA	26.33103574184953	NA
Frontal	-0.113631469297468	11.763754125136133	NA	26.091000999378547	NA
Frontal	-0.113631469297468	11.939332544914285	NA	25.85841187507904	NA
Frontal	-0.113631469297468	12.114910964692436	NA	25.632961894258557	NA
Frontal	-0.113631469297468	12.290489384470588	NA	25.41435673651758	NA
Frontal	-0.113631469297468	12.46606780424874	NA	25.20231375594894	NA
Frontal	-0.113631469297468	12.613631469297468	25.789795535700293	25.028979322464398	1.6340283656754413
Frontal	-0.113631469297468	12.64164622402689	NA	24.996561520266496	NA
Frontal	-0.113631469297468	12.81722464380504	NA	24.796839368116615	NA
Frontal	-0.113631469297468	12.992803063583192	NA	24.602896983854826	NA
Frontal	-0.113631469297468	13.168381483361344	NA	24.414493989098894	NA
Frontal	-0.113631469297468	13.343959903139496	NA	24.231399550396397	NA
Frontal	-0.113631469297468	13.519538322917647	NA	24.053392002370966	NA
Frontal	-0.113631469297468	13.695116742695797	NA	23.88025848573709	NA
Frontal	-0.113631469297468	13.870695162473949	NA	23.711794599595894	NA
Frontal	-0.113631469297468	14.0462735822521	NA	23.54780406744977	NA
Frontal	-0.113631469297468	14.221852002030252	NA	23.388098416393643	NA
Frontal	-0.113631469297468	14.397430421808403	NA	23.232496668963663	NA
Frontal	-0.113631469297468	14.573008841586553	NA	23.080825047143602	NA
Frontal	-0.113631469297468	14.748587261364705	NA	22.93291668804968	NA
Frontal	-0.113631469297468	14.924165681142856	NA	22.788611370832772	NA
Frontal	-0.113631469297468	15.099744100921008	NA	22.647217114381224	NA
Frontal	-0.113631469297468	15.27532252069916	NA	22.508065142670965	NA
Frontal	-0.113631469297468	15.450900940477311	NA	22.372536984829313	NA
Frontal	-0.113631469297468	15.62647936025546	NA	22.240480586892357	NA
Frontal	-0.113631469297468	15.802057780033612	NA	22.111749939043083	NA
Frontal	-0.113631469297468	15.977636199811764	NA	21.986204963837125	NA
Frontal	-0.113631469297468	16.153214619589914	NA	21.863711219607236	NA
Frontal	-0.113631469297468	16.328793039368065	NA	21.744139083346596	NA
Frontal	-0.113631469297468	16.504371459146217	NA	21.627364429714174	NA
Frontal	-0.113631469297468	16.67994987892437	NA	21.513268074581198	NA
Frontal	-0.113631469297468	16.85552829870252	NA	21.401735579880373	NA
Frontal	-0.113631469297468	17.03110671848067	NA	21.292657066154554	NA
Frontal	-0.113631469297468	17.206685138258823	NA	21.185927032501546	NA
Frontal	-0.113631469297468	17.382263558036975	NA	21.081444183622924	NA
Frontal	-0.113631469297468	17.557841977815126	NA	20.9791112636967	NA
Frontal	-0.113631469297468	17.613631469297466	21.60429741547986	20.94702918899726	1.4478588203936495
Frontal	-0.113631469297468	17.733420397593278	NA	20.87883489680483	NA
Frontal	-0.113631469297468	17.908998817371426	NA	20.780525433656624	NA
Frontal	-0.113631469297468	18.084577237149578	NA	20.684096804360028	NA
Frontal	-0.113631469297468	18.26015565692773	NA	20.589466377001962	NA
Frontal	-0.113631469297468	18.43573407670588	NA	20.496554821808665	NA
Frontal	-0.113631469297468	18.611312496484032	NA	20.405285980665845	NA
Frontal	-0.113631469297468	18.786890916262184	NA	20.315586741787218	NA
Frontal	-0.113631469297468	18.962469336040336	NA	20.227386919328406	NA
Frontal	-0.113631469297468	19.138047755818487	NA	20.140619137750914	NA
Frontal	-0.113631469297468	19.31362617559664	NA	20.055218720748986	NA
Frontal	-0.113631469297468	19.48920459537479	NA	19.971123584559265	NA
Frontal	-0.113631469297468	19.664783015152942	NA	19.888274135480255	NA
Frontal	-0.113631469297468	19.84036143493109	NA	19.8066131714357	NA
Frontal	-0.113631469297468	20.01593985470924	NA	19.726085787422203	NA
Frontal	-0.113631469297468	20.191518274487393	NA	19.646639284687826	NA
Frontal	-0.113631469297468	20.367096694265545	NA	19.56822308349468	NA
Frontal	-0.113631469297468	20.542675114043696	NA	19.490788639323824	NA
Frontal	-0.113631469297468	20.718253533821848	NA	19.414289362386967	NA
Frontal	-0.113631469297468	20.8938319536	NA	19.338680540314282	NA
Frontal	-0.113631469297468	21.06941037337815	NA	19.263919263893193	NA
Frontal	-0.113631469297468	21.244988793156303	NA	19.18996435573763	NA
Frontal	-0.113631469297468	21.420567212934454	NA	19.116776301772294	NA
Frontal	-0.113631469297468	21.596145632712602	NA	19.044317185420812	NA
Frontal	-0.113631469297468	21.771724052490754	NA	18.972550624390994	NA
Frontal	-0.113631469297468	21.947302472268905	NA	18.901441709954963	NA
Frontal	-0.113631469297468	22.122880892047057	NA	18.830956948625534	NA
Frontal	-0.113631469297468	22.29845931182521	NA	18.76106420613445	NA
Frontal	-0.113631469297468	22.47403773160336	NA	18.691732653621486	NA
Frontal	-0.113631469297468	22.613631469297466	18.61587354637392	18.6369914830901	1.3019202544847868
Frontal	-0.113631469297468	22.64961615138151	NA	18.622932715947478	NA
Frontal	-0.113631469297468	22.825194571159663	NA	18.55463602204715	NA
Frontal	-0.113631469297468	23.000772990937815	NA	18.486815357241547	NA
Frontal	-0.113631469297468	23.176351410715966	NA	18.419444617432585	NA
Frontal	-0.113631469297468	23.351929830494118	NA	18.352498765105597	NA
Frontal	-0.113631469297468	23.527508250272266	NA	18.285953787068408	NA
Frontal	-0.113631469297468	23.703086670050418	NA	18.219786653858574	NA
Frontal	-0.113631469297468	23.87866508982857	NA	18.153975280752846	NA
Frontal	-0.113631469297468	24.05424350960672	NA	18.088498533887158	NA
Frontal	-0.113631469297468	24.229821929384872	NA	18.023336062267845	NA
Frontal	-0.113631469297468	24.405400349163024	NA	17.95846839226429	NA
Frontal	-0.113631469297468	24.580978768941176	NA	17.89387685843718	NA
Frontal	-0.113631469297468	24.756557188719327	NA	17.829543567022423	NA
Frontal	-0.113631469297468	24.93213560849748	NA	17.765451365311677	NA
Frontal	-0.113631469297468	25.10771402827563	NA	17.701583812241665	NA
Frontal	-0.113631469297468	25.28329244805378	NA	17.637925150144596	NA
Frontal	-0.113631469297468	25.45887086783193	NA	17.574460277613944	NA
Frontal	-0.113631469297468	25.63444928761008	NA	17.511174723441474	NA
Frontal	-0.113631469297468	25.810027707388233	NA	17.44805462158331	NA
Frontal	-0.113631469297468	25.985606127166385	NA	17.385086687114452	NA
Frontal	-0.113631469297468	26.161184546944536	NA	17.32225819313275	NA
Frontal	-0.113631469297468	26.336762966722688	NA	17.259556948574797	NA
Frontal	-0.113631469297468	26.51234138650084	NA	17.196971276907917	NA
Frontal	-0.113631469297468	26.68791980627899	NA	17.134489995663465	NA
Frontal	-0.113631469297468	26.863498226057143	NA	17.0721023967785	NA
Frontal	-0.113631469297468	27.039076645835294	NA	17.00979822771365	NA
Frontal	-0.113631469297468	27.214655065613442	NA	16.947567673317053	NA
Frontal	-0.113631469297468	27.390233485391594	NA	16.885401338403955	NA
Frontal	-0.113631469297468	27.565811905169745	NA	16.82329023102497	NA
Frontal	-0.113631469297468	27.613631469297466	16.453636807933094	16.806382416991	1.1868744691262425
Frontal	-0.113631469297468	27.741390324947897	NA	16.761225746394945	NA
Frontal	-0.113631469297468	27.91696874472605	NA	16.699199651456645	NA
Frontal	-0.113631469297468	28.0925471645042	NA	16.63720407005427	NA
Frontal	-0.113631469297468	28.268125584282352	NA	16.57523146869264	NA
Frontal	-0.113631469297468	28.443704004060503	NA	16.513274642858985	NA
Frontal	-0.113631469297468	28.619282423838655	NA	16.45132670388516	NA
Frontal	-0.113631469297468	28.794860843616807	NA	16.38938106632887	NA
Frontal	-0.113631469297468	28.970439263394958	NA	16.3274314358536	NA
Frontal	-0.113631469297468	29.146017683173106	NA	16.265471797587367	NA
Frontal	-0.113631469297468	29.321596102951258	NA	16.203496404941554	NA
Frontal	-0.113631469297468	29.49717452272941	NA	16.14149976887161	NA
Frontal	-0.113631469297468	29.67275294250756	NA	16.079476647562196	NA
Frontal	-0.113631469297468	29.848331362285712	NA	16.017422036519953	NA
Frontal	-0.113631469297468	30.023909782063864	NA	15.955331159058035	NA
Frontal	-0.113631469297468	30.199488201842016	NA	15.894080851492427	NA
Frontal	-0.113631469297468	30.375066621620167	NA	15.834221593470483	NA
Frontal	-0.113631469297468	30.55064504139832	NA	15.775263573269173	NA
Frontal	-0.113631469297468	30.72622346117647	NA	15.717170359693874	NA
Frontal	-0.113631469297468	30.901801880954622	NA	15.65990696315252	NA
Frontal	-0.113631469297468	31.07738030073277	NA	15.603439778763047	NA
Frontal	-0.113631469297468	31.25295872051092	NA	15.54773653170531	NA
Frontal	-0.113631469297468	31.428537140289073	NA	15.492766224728971	NA
Frontal	-0.113631469297468	31.604115560067225	NA	15.438499087732275	NA
Frontal	-0.113631469297468	31.779693979845376	NA	15.384906529330005	NA
Frontal	-0.113631469297468	31.955272399623528	NA	15.331961141969636	NA
Frontal	-0.113631469297468	32.13085081940168	NA	15.27963653940539	NA
Frontal	-0.113631469297468	32.30642923917983	NA	15.227907350146904	NA
Frontal	-0.113631469297468	32.48200765895798	NA	15.176749250892216	NA
Frontal	-0.113631469297468	32.61363146929747	14.762905775821498	15.138758611126091	1.0899810586698542
Frontal	-0.113631469297468	32.65758607873613	NA	15.126138882069908	NA
Frontal	-0.113631469297468	32.833164498514286	NA	15.0760538097996	NA
Frontal	-0.113631469297468	33.008742918292434	NA	15.026472489353155	NA
Frontal	-0.113631469297468	33.18432133807059	NA	14.977374230057451	NA
Frontal	-0.113631469297468	33.35989975784874	NA	14.928739161581824	NA
Frontal	-0.113631469297468	33.53547817762689	NA	14.880548201555476	NA
Frontal	-0.113631469297468	33.71105659740504	NA	14.832783024462506	NA
Frontal	-0.113631469297468	33.88663501718319	NA	14.785426031764132	NA
Frontal	-0.113631469297468	34.06221343696134	NA	14.738460323199604	NA
Frontal	-0.113631469297468	34.23779185673949	NA	14.691869669219432	NA
Frontal	-0.113631469297468	34.41337027651765	NA	14.645638484506158	NA
Frontal	-0.113631469297468	34.588948696295795	NA	14.599751802539847	NA
Frontal	-0.113631469297468	34.76452711607395	NA	14.554195251167004	NA
Frontal	-0.113631469297468	34.9401055358521	NA	14.508955029133448	NA
Frontal	-0.113631469297468	35.11568395563025	NA	14.46401788354299	NA
Frontal	-0.113631469297468	35.2912623754084	NA	14.419371088205443	NA
Frontal	-0.113631469297468	35.466840795186556	NA	14.375002422838925	NA
Frontal	-0.113631469297468	35.642419214964704	NA	14.330900153092678	NA
Frontal	-0.113631469297468	35.81799763474285	NA	14.287053011358097	NA
Frontal	-0.113631469297468	35.99357605452101	NA	14.243450178336802	NA
Frontal	-0.113631469297468	36.169154474299155	NA	14.200081265335978	NA
Frontal	-0.113631469297468	36.34473289407731	NA	14.156936297262233	NA
Frontal	-0.113631469297468	36.52031131385546	NA	14.114005696286407	NA
Frontal	-0.113631469297468	36.695889733633614	NA	14.071280266152932	NA
Frontal	-0.113631469297468	36.87146815341176	NA	14.02875117710821	NA
Frontal	-0.113631469297468	37.04704657318992	NA	13.986409951423708	NA
Frontal	-0.113631469297468	37.222624992968065	NA	13.944248449490242	NA
Frontal	-0.113631469297468	37.39820341274622	NA	13.902258856460842	NA
Frontal	-0.113631469297468	37.57378183252437	NA	13.860433669420797	NA
Frontal	-0.113631469297468	37.61363146929747	13.261558775667586	13.850963105553754	1.008429311913547
Frontal	-0.113631469297468	37.749360252302516	NA	13.818765685063736	NA
Frontal	-0.113631469297468	37.92493867208067	NA	13.777247987854153	NA
Frontal	-0.113631469297468	38.10051709185882	NA	13.735873938656846	NA
Frontal	-0.113631469297468	38.276095511636974	NA	13.694637163815147	NA
Frontal	-0.113631469297468	38.45167393141512	NA	13.653531544659955	NA
Frontal	-0.113631469297468	38.62725235119328	NA	13.612551207432862	NA
Frontal	-0.113631469297468	38.802830770971426	NA	13.571690513606784	NA
Frontal	-0.113631469297468	38.97840919074958	NA	13.530944050588591	NA
Frontal	-0.113631469297468	39.15398761052773	NA	13.49030662278856	NA
Frontal	-0.113631469297468	39.329566030305884	NA	13.44977324304225	NA
Frontal	-0.113631469297468	39.50514445008403	NA	13.409339124370883	NA
Frontal	-0.113631469297468	39.68072286986218	NA	13.368999672066765	NA
Frontal	-0.113631469297468	39.856301289640335	NA	13.328750478476334	NA
Frontal	-0.113631469297468	40.03187970941848	NA	13.288587318544879	NA
Frontal	-0.113631469297468	40.20745812919664	NA	13.248506118767892	NA
Frontal	-0.113631469297468	40.383036548974786	NA	13.20850298051277	NA
Frontal	-0.113631469297468	40.55861496875294	NA	13.168574162287104	NA
Frontal	-0.113631469297468	40.73419338853109	NA	13.12871607352293	NA
Frontal	-0.113631469297468	40.909771808309245	NA	13.088925268605982	NA
Frontal	-0.113631469297468	41.08535022808739	NA	13.049198441140893	NA
Frontal	-0.113631469297468	41.26092864786554	NA	13.009532418442518	NA
Frontal	-0.113631469297468	41.436507067643696	NA	12.969924156244774	NA
Frontal	-0.113631469297468	41.612085487421844	NA	12.930370733618192	NA
Frontal	-0.113631469297468	41.7876639072	NA	12.890869348088104	NA
Frontal	-0.113631469297468	41.96324232697815	NA	12.851417310945495	NA
Frontal	-0.113631469297468	42.1388207467563	NA	12.812012042742888	NA
Frontal	-0.113631469297468	42.31439916653445	NA	12.772651068968017	NA
Frontal	-0.113631469297468	42.489977586312605	NA	12.733332015888271	NA
Frontal	-0.113631469297468	42.61363146929747	12.177422361215706	12.705664863309138	0.94091476359211
Frontal	-0.113631469297468	42.66555600609075	NA	12.694052606559103	NA
Frontal	-0.113631469297468	42.84113442586891	NA	12.654810656990026	NA
Frontal	-0.113631469297468	43.016712845647056	NA	12.615604072461892	NA
Frontal	-0.113631469297468	43.192291265425204	NA	12.57643084398962	NA
Frontal	-0.113631469297468	43.36786968520336	NA	12.537289044924371	NA
Frontal	-0.113631469297468	43.54344810498151	NA	12.498176827690083	NA
Frontal	-0.113631469297468	43.71902652475966	NA	12.459092420648604	NA
Frontal	-0.113631469297468	43.89460494453781	NA	12.420034125088717	NA
Frontal	-0.113631469297468	44.070183364315966	NA	12.381000312333937	NA
Frontal	-0.113631469297468	44.245761784094114	NA	12.341989420964513	NA
Frontal	-0.113631469297468	44.42134020387227	NA	12.302999954149119	NA
Frontal	-0.113631469297468	44.59691862365042	NA	12.264030477081825	NA
Frontal	-0.113631469297468	44.77249704342857	NA	12.22507961452032	NA
Frontal	-0.113631469297468	44.94807546320672	NA	12.186146048421268	NA
Frontal	-0.113631469297468	45.12365388298487	NA	12.147237733807048	NA
Frontal	-0.113631469297468	45.29923230276302	NA	12.108751864795193	NA
Frontal	-0.113631469297468	45.47481072254117	NA	12.070650982565175	NA
Frontal	-0.113631469297468	45.65038914231933	NA	12.032917953647203	NA
Frontal	-0.113631469297468	45.825967562097475	NA	11.995539599579438	NA
Frontal	-0.113631469297468	46.00154598187563	NA	11.958503255088427	NA
Frontal	-0.113631469297468	46.17712440165378	NA	11.921796747877776	NA
Frontal	-0.113631469297468	46.35270282143193	NA	11.885408379213928	NA
Frontal	-0.113631469297468	46.52828124121008	NA	11.849326905277675	NA
Frontal	-0.113631469297468	46.703859660988236	NA	11.813541519251201	NA
Frontal	-0.113631469297468	46.879438080766384	NA	11.7780418341115	NA
Frontal	-0.113631469297468	47.05501650054453	NA	11.74281786610261	NA
Frontal	-0.113631469297468	47.23059492032269	NA	11.7078600188595	NA
Frontal	-0.113631469297468	47.406173340100835	NA	11.6731590681582	NA
Frontal	-0.113631469297468	47.58175175987899	NA	11.63870614726735	NA
Frontal	-0.113631469297468	47.61363146929747	11.277873477390786	11.63247656963339	0.8834903698615684
Frontal	-0.113631469297468	47.75733017965714	NA	11.604492732877398	NA
Frontal	-0.113631469297468	47.932908599435294	NA	11.570510659466134	NA
Frontal	-0.113631469297468	48.10848701921344	NA	11.536752026771916	NA
Frontal	-0.113631469297468	48.2840654389916	NA	11.503209256486684	NA
Frontal	-0.113631469297468	48.459643858769745	NA	11.46987506918268	NA
Frontal	-0.113631469297468	48.6352222785479	NA	11.436742466392307	NA
Frontal	-0.113631469297468	48.81080069832605	NA	11.403804719555668	NA
Frontal	-0.113631469297468	48.986379118104196	NA	11.371055359403933	NA
Frontal	-0.113631469297468	49.16195753788235	NA	11.338488165761378	NA
Frontal	-0.113631469297468	49.3375359576605	NA	11.306097157749516	NA
Frontal	-0.113631469297468	49.513114377438654	NA	11.273876584377604	NA
Frontal	-0.113631469297468	49.6886927972168	NA	11.241820915504094	NA
Frontal	-0.113631469297468	49.86427121699496	NA	11.20992483315461	NA
Frontal	-0.113631469297468	50.039849636773106	NA	11.178183223182122	NA
Frontal	-0.113631469297468	50.21542805655126	NA	11.14659116725612	NA
Frontal	-0.113631469297468	50.39100647632941	NA	11.115143935167554	NA
Frontal	-0.113631469297468	50.56658489610756	NA	11.083836977437231	NA
Frontal	-0.113631469297468	50.74216331588571	NA	11.052665918215645	NA
Frontal	-0.113631469297468	50.91774173566386	NA	11.021626548462782	NA
Frontal	-0.113631469297468	51.093320155442015	NA	10.990714819396764	NA
Frontal	-0.113631469297468	51.26889857522016	NA	10.959926836200866	NA
Frontal	-0.113631469297468	51.44447699499832	NA	10.929258851978584	NA
Frontal	-0.113631469297468	51.620055414776466	NA	10.89870726194707	NA
Frontal	-0.113631469297468	51.79563383455462	NA	10.868268597859448	NA
Frontal	-0.113631469297468	51.97121225433277	NA	10.837939522647043	NA
Frontal	-0.113631469297468	52.146790674110925	NA	10.807716825272834	NA
Frontal	-0.113631469297468	52.32236909388907	NA	10.777597415787769	NA
Frontal	-0.113631469297468	52.49794751366722	NA	10.747578320581981	NA
Frontal	-0.113631469297468	52.61363146929747	10.449916933876658	10.72785297051449	0.8327447638909478
Frontal	-0.113631469297468	52.673525933445376	NA	10.71765667782318	NA
Frontal	-0.113631469297468	52.849104353223524	NA	10.68782973307489	NA
Frontal	-0.113631469297468	53.02468277300168	NA	10.658094835087374	NA
Frontal	-0.113631469297468	53.20026119277983	NA	10.628449431754456	NA
Frontal	-0.113631469297468	53.37583961255798	NA	10.598891066229774	NA
Frontal	-0.113631469297468	53.55141803233613	NA	10.569417373195996	NA
Frontal	-0.113631469297468	53.726996452114285	NA	10.540026075281183	NA
Frontal	-0.113631469297468	53.90257487189243	NA	10.51071497961631	NA
Frontal	-0.113631469297468	54.07815329167059	NA	10.481481974528487	NA
Frontal	-0.113631469297468	54.25373171144874	NA	10.452325026364562	NA
Frontal	-0.113631469297468	54.429310131226885	NA	10.42324217643972	NA
Frontal	-0.113631469297468	54.60488855100504	NA	10.394231538106517	NA
Frontal	-0.113631469297468	54.78046697078319	NA	10.36529129393927	NA
Frontal	-0.113631469297468	54.95604539056134	NA	10.33641969302949	NA
Frontal	-0.113631469297468	55.13162381033949	NA	10.307615048387794	NA
Frontal	-0.113631469297468	55.307202230117646	NA	10.278875734448217	NA
Frontal	-0.113631469297468	55.482780649895794	NA	10.250200184670863	NA
Frontal	-0.113631469297468	55.65835906967395	NA	10.221586889238958	NA
Frontal	-0.113631469297468	55.8339374894521	NA	10.193034396964324	NA
Frontal	-0.113631469297468	56.00951590923025	NA	10.16454130545101	NA
Frontal	-0.113631469297468	56.1850943290084	NA	10.13610625708812	NA
Frontal	-0.113631469297468	56.36067274878655	NA	10.107727947704829	NA
Frontal	-0.113631469297468	56.536251168564704	NA	10.079405119629067	NA
Frontal	-0.113631469297468	56.71182958834285	NA	10.051136559878014	NA
Frontal	-0.113631469297468	56.88740800812101	NA	10.022921098419912	NA
Frontal	-0.113631469297468	57.062986427899155	NA	9.994757606504265	NA
Frontal	-0.113631469297468	57.23856484767731	NA	9.966644995057809	NA
Frontal	-0.113631469297468	57.41414326745546	NA	9.938582213143635	NA
Frontal	-0.113631469297468	57.58972168723361	NA	9.910568246481011	NA
Frontal	-0.113631469297468	57.61363146929747	9.84087402392954	9.906757093710562	0.7903419439814352
Frontal	-0.113631469297468	57.76530010701176	NA	9.88260211602341	NA
Frontal	-0.113631469297468	57.940878526789916	NA	9.854682876592552	NA
Frontal	-0.113631469297468	58.116456946568064	NA	9.826809615566214	NA
Frontal	-0.113631469297468	58.29203536634621	NA	9.798981451617669	NA
Frontal	-0.113631469297468	58.46761378612437	NA	9.771197533504736	NA
Frontal	-0.113631469297468	58.643192205902515	NA	9.743457038906493	NA
Frontal	-0.113631469297468	58.81877062568067	NA	9.71575917330574	NA
Frontal	-0.113631469297468	58.99434904545882	NA	9.688103168915475	NA
Frontal	-0.113631469297468	59.169927465236974	NA	9.660488283647558	NA
Frontal	-0.113631469297468	59.34550588501512	NA	9.632913800121951	NA
Frontal	-0.113631469297468	59.52108430479328	NA	9.605379024714933	NA
Frontal	-0.113631469297468	59.696662724571425	NA	9.577883286644797	NA
Frontal	-0.113631469297468	59.87224114434958	NA	9.550425937093376	NA
Frontal	-0.113631469297468	60.04781956412773	NA	9.523006348362252	NA
Frontal	-0.113631469297468	60.223397983905876	NA	9.495740194685455	NA
Frontal	-0.113631469297468	60.39897640368403	NA	9.46888019116402	NA
Frontal	-0.113631469297468	60.57455482346218	NA	9.442343679876467	NA
Frontal	-0.113631469297468	60.750133243240334	NA	9.416120280183263	NA
Frontal	-0.113631469297468	60.92571166301848	NA	9.390200008997903	NA
Frontal	-0.113631469297468	61.10129008279664	NA	9.364573265163717	NA
Frontal	-0.113631469297468	61.276868502574786	NA	9.33923081444675	NA
Frontal	-0.113631469297468	61.45244692235294	NA	9.314163775120305	NA
Frontal	-0.113631469297468	61.62802534213109	NA	9.289363604117934	NA
Frontal	-0.113631469297468	61.803603761909244	NA	9.264822083732334	NA
Frontal	-0.113631469297468	61.97918218168739	NA	9.240531308838683	NA
Frontal	-0.113631469297468	62.15476060146554	NA	9.216483674621724	NA
Frontal	-0.113631469297468	62.330339021243695	NA	9.192671864786693	NA
Frontal	-0.113631469297468	62.50591744102184	NA	9.169088840235057	NA
Frontal	-0.113631469297468	62.61363146929747	9.277887204468223	9.154731442178855	0.752898792037626
Frontal	-0.113631469297468	62.6814958608	NA	9.14572782818664	NA
Frontal	-0.113631469297468	62.857074280578146	NA	9.122582311730667	NA
Frontal	-0.113631469297468	63.0326527003563	NA	9.09964601978864	NA
Frontal	-0.113631469297468	63.20823112013445	NA	9.076912917472965	NA
Frontal	-0.113631469297468	63.383809539912605	NA	9.054377196825564	NA
Frontal	-0.113631469297468	63.55938795969075	NA	9.032033267921628	NA
Frontal	-0.113631469297468	63.7349663794689	NA	9.009875752836708	NA
Frontal	-0.113631469297468	63.910544799247056	NA	8.987899494198865	NA
Frontal	-0.113631469297468	64.08612321902521	NA	8.966099480485516	NA
Frontal	-0.113631469297468	64.26170163880336	NA	8.944470911832592	NA
Frontal	-0.113631469297468	64.437280058581507	NA	8.923009166915149	NA
Frontal	-0.113631469297468	64.61285847835966	NA	8.901709795958395	NA
Frontal	-0.113631469297468	64.78843689813782	NA	8.880568514024258	NA
Frontal	-0.113631469297468	64.96401531791597	NA	8.859581194562393	NA
Frontal	-0.113631469297468	65.13959373769411	NA	8.838743863215452	NA
Frontal	-0.113631469297468	65.31517215747226	NA	8.818052691868328	NA
Frontal	-0.113631469297468	65.49075057725042	NA	8.797503992932048	NA
Frontal	-0.113631469297468	65.66632899702857	NA	8.777094213852726	NA
Frontal	-0.113631469297468	65.84190741680672	NA	8.756819931836988	NA
Frontal	-0.113631469297468	66.01748583658487	NA	8.736677848785163	NA
Frontal	-0.113631469297468	66.19306425636302	NA	8.716664786424095	NA
Frontal	-0.113631469297468	66.36864267614118	NA	8.69677768163173	NA
Frontal	-0.113631469297468	66.54422109591933	NA	8.677013581945827	NA
Frontal	-0.113631469297468	66.71979951569747	NA	8.657369641249652	NA
Frontal	-0.113631469297468	66.89537793547562	NA	8.637843115627572	NA
Frontal	-0.113631469297468	67.07095635525378	NA	8.61843135938389	NA
Frontal	-0.113631469297468	67.24653477503193	NA	8.59913182121852	NA
Frontal	-0.113631469297468	67.42211319481008	NA	8.57994204055319	NA
Frontal	-0.113631469297468	67.59769161458823	NA	8.560859644002447	NA
Frontal	-0.113631469297468	67.61363146929747	8.856386645161596	8.55913248724596	0.7208454116044913
Frontal	-0.113631469297468	67.77327003436638	NA	8.541882341983479	NA
Frontal	-0.113631469297468	67.94884845414454	NA	8.523007925459558	NA
Frontal	-0.113631469297468	68.12442687392269	NA	8.504234262811615	NA
Frontal	-0.113631469297468	68.30000529370083	NA	8.485559296833067	NA
Frontal	-0.113631469297468	68.47558371347898	NA	8.466981041842844	NA
Frontal	-0.113631469297468	68.65116213325715	NA	8.448497580912159	NA
Frontal	-0.113631469297468	68.8267405530353	NA	8.430107063200373	NA
Frontal	-0.113631469297468	69.00231897281344	NA	8.411807701395748	NA
Frontal	-0.113631469297468	69.17789739259159	NA	8.39359776925693	NA
Frontal	-0.113631469297468	69.35347581236974	NA	8.375475599251118	NA
Frontal	-0.113631469297468	69.5290542321479	NA	8.35743958028524	NA
Frontal	-0.113631469297468	69.70463265192605	NA	8.33948815552636	NA
Frontal	-0.113631469297468	69.8802110717042	NA	8.321619820307859	NA
Frontal	-0.113631469297468	70.05578949148234	NA	8.303833120117911	NA
Frontal	-0.113631469297468	70.2313679112605	NA	8.286126648667185	NA
Frontal	-0.113631469297468	70.40694633103865	NA	8.268499046032437	NA
Frontal	-0.113631469297468	70.5825247508168	NA	8.25094899687318	NA
Frontal	-0.113631469297468	70.75810317059495	NA	8.233475228718458	NA
Frontal	-0.113631469297468	70.93368159037311	NA	8.216076510320947	NA
Frontal	-0.113631469297468	71.10926001015126	NA	8.198751650075804	NA
Frontal	-0.113631469297468	71.28483842992941	NA	8.181499494501603	NA
Frontal	-0.113631469297468	71.46041684970756	NA	8.164318926781029	NA
Frontal	-0.113631469297468	71.6359952694857	NA	8.147208865358927	NA
Frontal	-0.113631469297468	71.81157368926387	NA	8.130168270187399	NA
Frontal	-0.113631469297468	71.98715210904201	NA	8.11319612124408	NA
Frontal	-0.113631469297468	72.16273052882016	NA	8.096291432013025	NA
Frontal	-0.113631469297468	72.33830894859831	NA	8.079453249050516	NA
Frontal	-0.113631469297468	72.51388736837647	NA	8.062680647948467	NA
Frontal	-0.113631469297468	72.61363146929747	8.456157597790263	8.053181182768837	0.6932929600517144
Frontal	-0.113631469297468	72.68946578815462	NA	8.045972732232109	NA
Frontal	-0.113631469297468	72.86504420793277	NA	8.02932863230086	NA
Frontal	-0.113631469297468	73.04062262771092	NA	8.012747504410836	NA
Frontal	-0.113631469297468	73.216201047489065	NA	7.996228529697224	NA
Frontal	-0.113631469297468	73.39177946726723	NA	7.979770913235078	NA
Frontal	-0.113631469297468	73.56735788704538	NA	7.963373883136865	NA
Frontal	-0.113631469297468	73.74293630682352	NA	7.947036689685494	NA
Frontal	-0.113631469297468	73.91851472660167	NA	7.93075860450126	NA
Frontal	-0.113631469297468	74.09409314637983	NA	7.914538919741501	NA
Frontal	-0.113631469297468	74.26967156615798	NA	7.898376947331582	NA
Frontal	-0.113631469297468	74.44524998593613	NA	7.882272018226014	NA
Frontal	-0.113631469297468	74.62082840571428	NA	7.866223481698539	NA
Frontal	-0.113631469297468	74.79640682549244	NA	7.850230704659987	NA
Frontal	-0.113631469297468	74.97198524527059	NA	7.834293071002861	NA
Frontal	-0.113631469297468	75.14756366504874	NA	7.818409980971556	NA
Frontal	-0.113631469297468	75.32314208482688	NA	7.802580850557246	NA
Frontal	-0.113631469297468	75.49872050460503	NA	7.786805110916416	NA
Frontal	-0.113631469297468	75.6742989243832	NA	7.771082207812149	NA
Frontal	-0.113631469297468	75.84987734416134	NA	7.755411601077233	NA
Frontal	-0.113631469297468	76.02545576393949	NA	7.739792764098294	NA
Frontal	-0.113631469297468	76.20103418371764	NA	7.7242251833200415	NA
Frontal	-0.113631469297468	76.3766126034958	NA	7.70870835776888	NA
Frontal	-0.113631469297468	76.55219102327395	NA	7.693241798595148	NA
Frontal	-0.113631469297468	76.7277694430521	NA	7.677825028633196	NA
Frontal	-0.113631469297468	76.90334786283024	NA	7.662457581978628	NA
Frontal	-0.113631469297468	77.07892628260839	NA	7.647139003582047	NA
Frontal	-0.113631469297468	77.25450470238655	NA	7.631868848858593	NA
Frontal	-0.113631469297468	77.4300831221647	NA	7.616646683312765	NA
Frontal	-0.113631469297468	77.60566154194285	NA	7.601472082177783	NA
Frontal	-0.113631469297468	77.61363146929747	8.020594495729965	7.600784394756794	0.6673326006999584
Frontal	-0.113631469297468	77.781239961721	NA	7.5863446300690365	NA
Frontal	-0.113631469297468	77.95681838149916	NA	7.571263920651008	NA
Frontal	-0.113631469297468	78.13239680127731	NA	7.556229556317117	NA
Frontal	-0.113631469297468	78.30797522105546	NA	7.541241147882059	NA
Frontal	-0.113631469297468	78.4835536408336	NA	7.526298314286058	NA
Frontal	-0.113631469297468	78.65913206061177	NA	7.511400682310622	NA
Frontal	-0.113631469297468	78.83471048038992	NA	7.496547886305344	NA
Frontal	-0.113631469297468	79.01028890016806	NA	7.481739567925253	NA
Frontal	-0.113631469297468	79.18586731994621	NA	7.466975375878401	NA
Frontal	-0.113631469297468	79.36144573972436	NA	7.4522549656831565	NA
Frontal	-0.113631469297468	79.53702415950252	NA	7.437577999435016	NA
Frontal	-0.113631469297468	79.71260257928067	NA	7.422944147955328	NA
Frontal	-0.113631469297468	79.88818099905882	NA	7.4083530875431745	NA
Frontal	-0.113631469297468	80.06375941883697	NA	7.393804494532329	NA
Frontal	-0.113631469297468	80.23933783861513	NA	7.379298055171673	NA
Frontal	-0.113631469297468	80.41491625839328	NA	7.364833461249176	NA
Frontal	-0.113631469297468	80.59049467817142	NA	7.350410409907728	NA
Frontal	-0.113631469297468	80.76607309794957	NA	7.3360286034681055	NA
Frontal	-0.113631469297468	80.94165151772772	NA	7.321687749258633	NA
Frontal	-0.113631469297468	81.11722993750588	NA	7.307387559451525	NA
Frontal	-0.113631469297468	81.29280835728403	NA	7.293127750905467	NA
Frontal	-0.113631469297468	81.46838677706218	NA	7.27890804501416	NA
Frontal	-0.113631469297468	81.64396519684033	NA	7.264728167560804	NA
Frontal	-0.113631469297468	81.81954361661849	NA	7.2505878485780695	NA
Frontal	-0.113631469297468	81.99512203639664	NA	7.236486822213403	NA
Frontal	-0.113631469297468	82.17070045617479	NA	7.2224248265996085	NA
Frontal	-0.113631469297468	82.34627887595293	NA	7.20840160373021	NA
Frontal	-0.113631469297468	82.52185729573108	NA	7.194416899339685	NA
Frontal	-0.113631469297468	82.61363146929747	7.685690542906674	7.187122391393138	0.644933026438736
Frontal	-0.113631469297468	82.69743571550924	NA	7.180470462788198	NA
Frontal	-0.113631469297468	82.87301413528739	NA	7.166562046950733	NA
Frontal	-0.113631469297468	83.04859255506554	NA	7.152691408110459	NA
Frontal	-0.113631469297468	83.22417097484369	NA	7.13885830585611	NA
Frontal	-0.113631469297468	83.39974939462185	NA	7.125062502983264	NA
Frontal	-0.113631469297468	83.5753278144	NA	7.111303765399398	NA
Frontal	-0.113631469297468	83.75090623417815	NA	7.097581862032428	NA
Frontal	-0.113631469297468	83.9264846539563	NA	7.0838965647428385	NA
Frontal	-0.113631469297468	84.10206307373446	NA	7.070247648238993	NA
Frontal	-0.113631469297468	84.2776414935126	NA	7.056634889995695	NA
Frontal	-0.113631469297468	84.45321991329075	NA	7.043058070175817	NA
Frontal	-0.113631469297468	84.6287983330689	NA	7.029516971554836	NA
Frontal	-0.113631469297468	84.80437675284705	NA	7.016011379448185	NA
Frontal	-0.113631469297468	84.97995517262521	NA	7.0025410816413585	NA
Frontal	-0.113631469297468	85.15553359240336	NA	6.989105868322602	NA
Frontal	-0.113631469297468	85.3311120121815	NA	6.975705532018059	NA
Frontal	-0.113631469297468	85.50669043195965	NA	6.962339867529429	NA
Frontal	-0.113631469297468	85.68226885173782	NA	6.949008671873839	NA
Frontal	-0.113631469297468	85.85784727151596	NA	6.935711744225996	NA
Frontal	-0.113631469297468	86.03342569129411	NA	6.922448885862415	NA
Frontal	-0.113631469297468	86.20900411107226	NA	6.90921990010779	NA
Frontal	-0.113631469297468	86.38458253085041	NA	6.896024592283229	NA
Frontal	-0.113631469297468	86.56016095062857	NA	6.882862769656497	NA
Frontal	-0.113631469297468	86.73573937040672	NA	6.869734241393926	NA
Frontal	-0.113631469297468	86.91131779018487	NA	6.856638818514257	NA
Frontal	-0.113631469297468	87.08689620996302	NA	6.843576313844041	NA
Frontal	-0.113631469297468	87.26247462974118	NA	6.8305465419746625	NA
Frontal	-0.113631469297468	87.43805304951933	NA	6.817549319220941	NA
Frontal	-0.113631469297468	87.61363146929747	7.497854559016726	6.804550107708458	0.6267952640834258
Hippocampus	-0.113631469297468	0	0	-2.261469820749199e-14	0
Hippocampus	-0.113631469297468	0.17557841977815125	NA	0.016540065198830056	NA
Hippocampus	-0.113631469297468	0.3511568395563025	NA	0.040687460930472964	NA
Hippocampus	-0.113631469297468	0.363631469297468	0.852298479804256	0.042687691669448045	0.5406318946080035
Hippocampus	-0.113631469297468	0.5267352593344538	NA	5.572493869873981	NA
Hippocampus	-0.113631469297468	0.702313679112605	NA	8.645124984062388	NA
Hippocampus	-0.113631469297468	0.863631469297468	9.73163000854168	11.499431718502416	0.7614321513692394
Hippocampus	-0.113631469297468	0.8778920988907563	NA	11.753179861624243	NA
Hippocampus	-0.113631469297468	1.0534705186689075	NA	14.89623644261106	NA
Hippocampus	-0.113631469297468	1.2290489384470589	NA	18.155521934460822	NA
Hippocampus	-0.113631469297468	1.363631469297468	21.52132672232727	20.781139108236918	0.906689764733088
Hippocampus	-0.113631469297468	1.40462735822521	NA	21.637636853403194	NA
Hippocampus	-0.113631469297468	1.5802057780033612	NA	25.39557293181131	NA
Hippocampus	-0.113631469297468	1.7557841977815125	NA	28.983246763008946	NA
Hippocampus	-0.113631469297468	1.863631469297468	32.81478482870272	31.19897614644694	1.01687563871536
Hippocampus	-0.113631469297468	1.9313626175596639	NA	32.60150022274326	NA
Hippocampus	-0.113631469297468	2.106941037337815	NA	35.79364696173442	NA
Hippocampus	-0.113631469297468	2.282519457115966	NA	37.358183941319815	NA
Hippocampus	-0.113631469297468	2.363631469297468	37.65233744293572	37.52497632787363	1.063249747548116
Hippocampus	-0.113631469297468	2.4580978768941177	NA	37.398240527198155	NA
Hippocampus	-0.113631469297468	2.633676296672269	NA	37.26741223462089	NA
Hippocampus	-0.113631469297468	2.80925471645042	NA	37.40635277859656	NA
Hippocampus	-0.113631469297468	2.863631469297468	36.64480444756196	37.406979734237105	1.0563290442417974
Hippocampus	-0.113631469297468	2.984833136228571	NA	37.33712050610763	NA
Hippocampus	-0.113631469297468	3.1604115560067223	NA	37.145727081929856	NA
Hippocampus	-0.113631469297468	3.335989975784874	NA	36.88338836292387	NA
Hippocampus	-0.113631469297468	3.511568395563025	NA	36.65888066666895	NA
Hippocampus	-0.113631469297468	3.613631469297468	36.15738033111306	36.511628694329346	1.2801733520325422
Hippocampus	-0.113631469297468	3.687146815341176	NA	36.39806986406361	NA
Hippocampus	-0.113631469297468	3.8627252351193277	NA	36.101908606070815	NA
Hippocampus	-0.113631469297468	4.0383036548974784	NA	35.771314812533014	NA
Hippocampus	-0.113631469297468	4.21388207467563	NA	35.407173036942574	NA
Hippocampus	-0.113631469297468	4.389460494453782	NA	35.010335776865	NA
Hippocampus	-0.113631469297468	4.565038914231932	NA	34.58162473218334	NA
Hippocampus	-0.113631469297468	4.613631469297468	33.9194739240364	34.457467976749456	1.2355345831774884
Hippocampus	-0.113631469297468	4.740617334010084	NA	34.121832013246866	NA
Hippocampus	-0.113631469297468	4.9161957537882355	NA	33.63172130092292	NA
Hippocampus	-0.113631469297468	5.091774173566386	NA	33.18224234718687	NA
Hippocampus	-0.113631469297468	5.267352593344538	NA	32.75943434428906	NA
Hippocampus	-0.113631469297468	5.4429310131226885	NA	32.35025704495446	NA
Hippocampus	-0.113631469297468	5.613631469297468	32.12757264649036	31.964953906126212	1.1929764114826216
Hippocampus	-0.113631469297468	5.61850943290084	NA	31.954118174954743	NA
Hippocampus	-0.113631469297468	5.794087852678992	NA	31.570449428774623	NA
Hippocampus	-0.113631469297468	5.969666272457142	NA	31.198705510431232	NA
Hippocampus	-0.113631469297468	6.145244692235294	NA	30.8383632126067	NA
Hippocampus	-0.113631469297468	6.320823112013445	NA	30.488920532564464	NA
Hippocampus	-0.113631469297468	6.496401531791596	NA	30.14989582338021	NA
Hippocampus	-0.113631469297468	6.671979951569748	NA	29.820826979077275	NA
Hippocampus	-0.113631469297468	6.8475583713478985	NA	29.50127065231289	NA
Hippocampus	-0.113631469297468	7.02313679112605	NA	29.19080150331503	NA
Hippocampus	-0.113631469297468	7.113631469297468	29.03068655337621	29.03419676235336	1.4084829977458366
Hippocampus	-0.113631469297468	7.198715210904202	NA	28.88901147882242	NA
Hippocampus	-0.113631469297468	7.374293630682352	NA	28.59550911982937	NA
Hippocampus	-0.113631469297468	7.549872050460504	NA	28.30991889698506	NA
Hippocampus	-0.113631469297468	7.7254504702386555	NA	28.031880572543376	NA
Hippocampus	-0.113631469297468	7.901028890016806	NA	27.761048587802684	NA
Hippocampus	-0.113631469297468	8.076607309794957	NA	27.497092111362814	NA
Hippocampus	-0.113631469297468	8.252185729573108	NA	27.239692853154377	NA
Hippocampus	-0.113631469297468	8.42776414935126	NA	26.98854548060881	NA
Hippocampus	-0.113631469297468	8.603342569129412	NA	26.743357506025237	NA
Hippocampus	-0.113631469297468	8.778920988907563	NA	26.503848405771528	NA
Hippocampus	-0.113631469297468	8.954499408685713	NA	26.26974914067064	NA
Hippocampus	-0.113631469297468	9.113631469297468	26.256011042961443	26.06203341173368	1.3149422378403732
Hippocampus	-0.113631469297468	9.130077828463865	NA	26.04080169554998	NA
Hippocampus	-0.113631469297468	9.305656248242016	NA	25.81675863718879	NA
Hippocampus	-0.113631469297468	9.481234668020168	NA	25.59738268992867	NA
Hippocampus	-0.113631469297468	9.65681308779832	NA	25.382446328241965	NA
Hippocampus	-0.113631469297468	9.832391507576471	NA	25.17173138558077	NA
Hippocampus	-0.113631469297468	10.00796992735462	NA	24.965028678856537	NA
Hippocampus	-0.113631469297468	10.183548347132772	NA	24.762137647925872	NA
Hippocampus	-0.113631469297468	10.359126766910924	NA	24.56286600948348	NA
Hippocampus	-0.113631469297468	10.534705186689076	NA	24.372053145369247	NA
Hippocampus	-0.113631469297468	10.710283606467227	NA	24.188249310874895	NA
Hippocampus	-0.113631469297468	10.885862026245377	NA	24.009993769797426	NA
Hippocampus	-0.113631469297468	11.061440446023528	NA	23.837050442611677	NA
Hippocampus	-0.113631469297468	11.23701886580168	NA	23.669192773070094	NA
Hippocampus	-0.113631469297468	11.412597285579832	NA	23.50620334730152	NA
Hippocampus	-0.113631469297468	11.588175705357983	NA	23.347873528123348	NA
Hippocampus	-0.113631469297468	11.763754125136133	NA	23.1940031039595	NA
Hippocampus	-0.113631469297468	11.939332544914285	NA	23.04439995178103	NA
Hippocampus	-0.113631469297468	12.114910964692436	NA	22.898879713509437	NA
Hippocampus	-0.113631469297468	12.290489384470588	NA	22.757265485345005	NA
Hippocampus	-0.113631469297468	12.46606780424874	NA	22.61938751950424	NA
Hippocampus	-0.113631469297468	12.613631469297468	22.817761698344043	22.50627882188973	1.6340283656754413
Hippocampus	-0.113631469297468	12.64164622402689	NA	22.485082937870683	NA
Hippocampus	-0.113631469297468	12.81722464380504	NA	22.354195457083556	NA
Hippocampus	-0.113631469297468	12.992803063583192	NA	22.226575124607454	NA
Hippocampus	-0.113631469297468	13.168381483361344	NA	22.102078065344507	NA
Hippocampus	-0.113631469297468	13.343959903139496	NA	21.980566238368176	NA
Hippocampus	-0.113631469297468	13.519538322917647	NA	21.861907203374418	NA
Hippocampus	-0.113631469297468	13.695116742695797	NA	21.745973896462363	NA
Hippocampus	-0.113631469297468	13.870695162473949	NA	21.632644414871397	NA
Hippocampus	-0.113631469297468	14.0462735822521	NA	21.521801810317925	NA
Hippocampus	-0.113631469297468	14.221852002030252	NA	21.413333890587587	NA
Hippocampus	-0.113631469297468	14.397430421808403	NA	21.307133029053706	NA
Hippocampus	-0.113631469297468	14.573008841586553	NA	21.203095981805273	NA
Hippocampus	-0.113631469297468	14.748587261364705	NA	21.101123712080692	NA
Hippocampus	-0.113631469297468	14.924165681142856	NA	21.001121221715568	NA
Hippocampus	-0.113631469297468	15.099744100921008	NA	20.902451827535756	NA
Hippocampus	-0.113631469297468	15.27532252069916	NA	20.80441049248545	NA
Hippocampus	-0.113631469297468	15.450900940477311	NA	20.70841085519167	NA
Hippocampus	-0.113631469297468	15.62647936025546	NA	20.61436246010787	NA
Hippocampus	-0.113631469297468	15.802057780033612	NA	20.522178522980674	NA
Hippocampus	-0.113631469297468	15.977636199811764	NA	20.431775854622263	NA
Hippocampus	-0.113631469297468	16.153214619589914	NA	20.343074681360378	NA
Hippocampus	-0.113631469297468	16.328793039368065	NA	20.25599817804384	NA
Hippocampus	-0.113631469297468	16.504371459146217	NA	20.170472834625077	NA
Hippocampus	-0.113631469297468	16.67994987892437	NA	20.08642813375609	NA
Hippocampus	-0.113631469297468	16.85552829870252	NA	20.00379643090971	NA
Hippocampus	-0.113631469297468	17.03110671848067	NA	19.92251283929024	NA
Hippocampus	-0.113631469297468	17.206685138258823	NA	19.842515119341876	NA
Hippocampus	-0.113631469297468	17.382263558036975	NA	19.76374357267153	NA
Hippocampus	-0.113631469297468	17.557841977815126	NA	19.686140940209768	NA
Hippocampus	-0.113631469297468	17.613631469297466	20.04363586634163	19.661718178009117	1.4478588203936495
Hippocampus	-0.113631469297468	17.733420397593278	NA	19.609652304440402	NA
Hippocampus	-0.113631469297468	17.908998817371426	NA	19.534224995536594	NA
Hippocampus	-0.113631469297468	18.084577237149578	NA	19.45980850124721	NA
Hippocampus	-0.113631469297468	18.26015565692773	NA	19.38635438038376	NA
Hippocampus	-0.113631469297468	18.43573407670588	NA	19.313816179764192	NA
Hippocampus	-0.113631469297468	18.611312496484032	NA	19.242149354475373	NA
Hippocampus	-0.113631469297468	18.786890916262184	NA	19.171311191321838	NA
Hippocampus	-0.113631469297468	18.962469336040336	NA	19.10126073533354	NA
Hippocampus	-0.113631469297468	19.138047755818487	NA	19.031958719210373	NA
Hippocampus	-0.113631469297468	19.31362617559664	NA	18.963367495586297	NA
Hippocampus	-0.113631469297468	19.48920459537479	NA	18.89545097200042	NA
Hippocampus	-0.113631469297468	19.664783015152942	NA	18.82817454846685	NA
Hippocampus	-0.113631469297468	19.84036143493109	NA	18.761505057539733	NA
Hippocampus	-0.113631469297468	20.01593985470924	NA	18.695410706773636	NA
Hippocampus	-0.113631469297468	20.191518274487393	NA	18.62986102348369	NA
Hippocampus	-0.113631469297468	20.367096694265545	NA	18.56482680171372	NA
Hippocampus	-0.113631469297468	20.542675114043696	NA	18.500280051324047	NA
Hippocampus	-0.113631469297468	20.718253533821848	NA	18.436193949114415	NA
Hippocampus	-0.113631469297468	20.8938319536	NA	18.372542791900784	NA
Hippocampus	-0.113631469297468	21.06941037337815	NA	18.30930195146779	NA
Hippocampus	-0.113631469297468	21.244988793156303	NA	18.246447831322218	NA
Hippocampus	-0.113631469297468	21.420567212934454	NA	18.183957825175348	NA
Hippocampus	-0.113631469297468	21.596145632712602	NA	18.121810277085224	NA
Hippocampus	-0.113631469297468	21.771724052490754	NA	18.059984443192526	NA
Hippocampus	-0.113631469297468	21.947302472268905	NA	17.998460454986457	NA
Hippocampus	-0.113631469297468	22.122880892047057	NA	17.93721928403944	NA
Hippocampus	-0.113631469297468	22.29845931182521	NA	17.87624270815201	NA
Hippocampus	-0.113631469297468	22.47403773160336	NA	17.815513278851633	NA
Hippocampus	-0.113631469297468	22.613631469297466	17.658508626784286	17.767395609070583	1.3019202544847868
Hippocampus	-0.113631469297468	22.64961615138151	NA	17.75501429019128	NA
Hippocampus	-0.113631469297468	22.825194571159663	NA	17.694729748795957	NA
Hippocampus	-0.113631469297468	23.000772990937815	NA	17.634644345107155	NA
Hippocampus	-0.113631469297468	23.176351410715966	NA	17.57474342577766	NA
Hippocampus	-0.113631469297468	23.351929830494118	NA	17.515012967170513	NA
Hippocampus	-0.113631469297468	23.527508250272266	NA	17.455439549918157	NA
Hippocampus	-0.113631469297468	23.703086670050418	NA	17.39601033449941	NA
Hippocampus	-0.113631469297468	23.87866508982857	NA	17.336713037793544	NA
Hippocampus	-0.113631469297468	24.05424350960672	NA	17.27753592567358	NA
Hippocampus	-0.113631469297468	24.229821929384872	NA	17.218467744483213	NA
Hippocampus	-0.113631469297468	24.405400349163024	NA	17.15949774737292	NA
Hippocampus	-0.113631469297468	24.580978768941176	NA	17.10061566077807	NA
Hippocampus	-0.113631469297468	24.756557188719327	NA	17.041811663638605	NA
Hippocampus	-0.113631469297468	24.93213560849748	NA	16.9830763690494	NA
Hippocampus	-0.113631469297468	25.10771402827563	NA	16.92440080664523	NA
Hippocampus	-0.113631469297468	25.28329244805378	NA	16.865776405690994	NA
Hippocampus	-0.113631469297468	25.45887086783193	NA	16.807194978848802	NA
Hippocampus	-0.113631469297468	25.63444928761008	NA	16.74864870659526	NA
Hippocampus	-0.113631469297468	25.810027707388233	NA	16.69013012226269	NA
Hippocampus	-0.113631469297468	25.985606127166385	NA	16.63163209767944	NA
Hippocampus	-0.113631469297468	26.161184546944536	NA	16.573147829385388	NA
Hippocampus	-0.113631469297468	26.336762966722688	NA	16.51467082539967	NA
Hippocampus	-0.113631469297468	26.51234138650084	NA	16.45619489251843	NA
Hippocampus	-0.113631469297468	26.68791980627899	NA	16.397714124121666	NA
Hippocampus	-0.113631469297468	26.863498226057143	NA	16.33922288846857	NA
Hippocampus	-0.113631469297468	27.039076645835294	NA	16.280715817461953	NA
Hippocampus	-0.113631469297468	27.214655065613442	NA	16.22218779586336	NA
Hippocampus	-0.113631469297468	27.390233485391594	NA	16.163633950939868	NA
Hippocampus	-0.113631469297468	27.565811905169745	NA	16.105049642526602	NA
Hippocampus	-0.113631469297468	27.613631469297466	15.832997052302384	16.08908808901487	1.1868744691262425
Hippocampus	-0.113631469297468	27.741390324947897	NA	16.04643045348749	NA
Hippocampus	-0.113631469297468	27.91696874472605	NA	15.987772180558588	NA
Hippocampus	-0.113631469297468	28.0925471645042	NA	15.929070825558743	NA
Hippocampus	-0.113631469297468	28.268125584282352	NA	15.870322586952843	NA
Hippocampus	-0.113631469297468	28.443704004060503	NA	15.811523851753584	NA
Hippocampus	-0.113631469297468	28.619282423838655	NA	15.752671187748282	NA
Hippocampus	-0.113631469297468	28.794860843616807	NA	15.693761336037609	NA
Hippocampus	-0.113631469297468	28.970439263394958	NA	15.634791203873938	NA
Hippocampus	-0.113631469297468	29.146017683173106	NA	15.575757857787217	NA
Hippocampus	-0.113631469297468	29.321596102951258	NA	15.516658516986931	NA
Hippocampus	-0.113631469297468	29.49717452272941	NA	15.45749054702911	NA
Hippocampus	-0.113631469297468	29.67275294250756	NA	15.39825145373775	NA
Hippocampus	-0.113631469297468	29.848331362285712	NA	15.338938877370552	NA
Hippocampus	-0.113631469297468	30.023909782063864	NA	15.279550587019148	NA
Hippocampus	-0.113631469297468	30.199488201842016	NA	15.220913042648986	NA
Hippocampus	-0.113631469297468	30.375066621620167	NA	15.163376936575588	NA
Hippocampus	-0.113631469297468	30.55064504139832	NA	15.106444523105147	NA
Hippocampus	-0.113631469297468	30.72622346117647	NA	15.050093460299092	NA
Hippocampus	-0.113631469297468	30.901801880954622	NA	14.994302286583448	NA
Hippocampus	-0.113631469297468	31.07738030073277	NA	14.939050385674616	NA
Hippocampus	-0.113631469297468	31.25295872051092	NA	14.88431795290506	NA
Hippocampus	-0.113631469297468	31.428537140289073	NA	14.830085962893142	NA
Hippocampus	-0.113631469297468	31.604115560067225	NA	14.776336138503314	NA
Hippocampus	-0.113631469297468	31.779693979845376	NA	14.723050921045171	NA
Hippocampus	-0.113631469297468	31.955272399623528	NA	14.670213477559882	NA
Hippocampus	-0.113631469297468	32.13085081940168	NA	14.61780759190855	NA
Hippocampus	-0.113631469297468	32.30642923917983	NA	14.565817662833357	NA
Hippocampus	-0.113631469297468	32.48200765895798	NA	14.514228730768131	NA
Hippocampus	-0.113631469297468	32.61363146929747	14.315337844347392	14.47580897998406	1.0899810586698542
Hippocampus	-0.113631469297468	32.65758607873613	NA	14.463026422492772	NA
Hippocampus	-0.113631469297468	32.833164498514286	NA	14.412196927793955	NA
Hippocampus	-0.113631469297468	33.008742918292434	NA	14.361726977057431	NA
Hippocampus	-0.113631469297468	33.18432133807059	NA	14.311603819754389	NA
Hippocampus	-0.113631469297468	33.35989975784874	NA	14.26181520378649	NA
Hippocampus	-0.113631469297468	33.53547817762689	NA	14.212349355655087	NA
Hippocampus	-0.113631469297468	33.71105659740504	NA	14.16319496142182	NA
Hippocampus	-0.113631469297468	33.88663501718319	NA	14.114341148428952	NA
Hippocampus	-0.113631469297468	34.06221343696134	NA	14.06577746774914	NA
Hippocampus	-0.113631469297468	34.23779185673949	NA	14.017493877335507	NA
Hippocampus	-0.113631469297468	34.41337027651765	NA	13.96948072584404	NA
Hippocampus	-0.113631469297468	34.588948696295795	NA	13.921728737101509	NA
Hippocampus	-0.113631469297468	34.76452711607395	NA	13.87422899519305	NA
Hippocampus	-0.113631469297468	34.9401055358521	NA	13.826972930144866	NA
Hippocampus	-0.113631469297468	35.11568395563025	NA	13.779952304178	NA
Hippocampus	-0.113631469297468	35.2912623754084	NA	13.733159198510652	NA
Hippocampus	-0.113631469297468	35.466840795186556	NA	13.686586000686951	NA
Hippocampus	-0.113631469297468	35.642419214964704	NA	13.640225392411303	NA
Hippocampus	-0.113631469297468	35.81799763474285	NA	13.594070337867992	NA
Hippocampus	-0.113631469297468	35.99357605452101	NA	13.548114072506811	NA
Hippocampus	-0.113631469297468	36.169154474299155	NA	13.502350092275973	NA
Hippocampus	-0.113631469297468	36.34473289407731	NA	13.456772143284578	NA
Hippocampus	-0.113631469297468	36.52031131385546	NA	13.411374211877341	NA
Hippocampus	-0.113631469297468	36.695889733633614	NA	13.366150515105307	NA
Hippocampus	-0.113631469297468	36.87146815341176	NA	13.321095491576555	NA
Hippocampus	-0.113631469297468	37.04704657318992	NA	13.27620379267185	NA
Hippocampus	-0.113631469297468	37.222624992968065	NA	13.23147027411062	NA
Hippocampus	-0.113631469297468	37.39820341274622	NA	13.186889987853306	NA
Hippocampus	-0.113631469297468	37.57378183252437	NA	13.14245817432659	NA
Hippocampus	-0.113631469297468	37.61363146929747	12.598217213520034	13.132394058266636	1.008429311913547
Hippocampus	-0.113631469297468	37.749360252302516	NA	13.098170254958713	NA
Hippocampus	-0.113631469297468	37.92493867208067	NA	13.054021825012406	NA
Hippocampus	-0.113631469297468	38.10051709185882	NA	13.0100086467036	NA
Hippocampus	-0.113631469297468	38.276095511636974	NA	12.966126642594544	NA
Hippocampus	-0.113631469297468	38.45167393141512	NA	12.922371889250243	NA
Hippocampus	-0.113631469297468	38.62725235119328	NA	12.878740611147933	NA
Hippocampus	-0.113631469297468	38.802830770971426	NA	12.835229174829218	NA
Hippocampus	-0.113631469297468	38.97840919074958	NA	12.791834083285403	NA
Hippocampus	-0.113631469297468	39.15398761052773	NA	12.748551970566611	NA
Hippocampus	-0.113631469297468	39.329566030305884	NA	12.705379596605754	NA
Hippocampus	-0.113631469297468	39.50514445008403	NA	12.662313842248848	NA
Hippocampus	-0.113631469297468	39.68072286986218	NA	12.619351704483279	NA
Hippocampus	-0.113631469297468	39.856301289640335	NA	12.576490294572226	NA
Hippocampus	-0.113631469297468	40.03187970941848	NA	12.533726837246967	NA
Hippocampus	-0.113631469297468	40.20745812919664	NA	12.491058638630685	NA
Hippocampus	-0.113631469297468	40.383036548974786	NA	12.448483116294097	NA
Hippocampus	-0.113631469297468	40.55861496875294	NA	12.405997782793692	NA
Hippocampus	-0.113631469297468	40.73419338853109	NA	12.363600241933328	NA
Hippocampus	-0.113631469297468	40.909771808309245	NA	12.321288185174286	NA
Hippocampus	-0.113631469297468	41.08535022808739	NA	12.27905938818875	NA
Hippocampus	-0.113631469297468	41.26092864786554	NA	12.236911707550322	NA
Hippocampus	-0.113631469297468	41.436507067643696	NA	12.194843077556376	NA
Hippocampus	-0.113631469297468	41.612085487421844	NA	12.152851507176948	NA
Hippocampus	-0.113631469297468	41.7876639072	NA	12.110935077125095	NA
Hippocampus	-0.113631469297468	41.96324232697815	NA	12.06909193704389	NA
Hippocampus	-0.113631469297468	42.1388207467563	NA	12.027320302805403	NA
Hippocampus	-0.113631469297468	42.31439916653445	NA	11.985618453917185	NA
Hippocampus	-0.113631469297468	42.489977586312605	NA	11.943984731031934	NA
Hippocampus	-0.113631469297468	42.61363146929747	11.5913366972843	11.91470352300541	0.94091476359211
Hippocampus	-0.113631469297468	42.66555600609075	NA	11.902417533556342	NA
Hippocampus	-0.113631469297468	42.84113442586891	NA	11.860915317355008	NA
Hippocampus	-0.113631469297468	43.016712845647056	NA	11.819476592545712	NA
Hippocampus	-0.113631469297468	43.192291265425204	NA	11.778099921382449	NA
Hippocampus	-0.113631469297468	43.36786968520336	NA	11.736783916222556	NA
Hippocampus	-0.113631469297468	43.54344810498151	NA	11.695527237574822	NA
Hippocampus	-0.113631469297468	43.71902652475966	NA	11.654328592225092	NA
Hippocampus	-0.113631469297468	43.89460494453781	NA	11.613186731436429	NA
Hippocampus	-0.113631469297468	44.070183364315966	NA	11.572100449220871	NA
Hippocampus	-0.113631469297468	44.245761784094114	NA	11.531068580679806	NA
Hippocampus	-0.113631469297468	44.42134020387227	NA	11.490090000410351	NA
Hippocampus	-0.113631469297468	44.59691862365042	NA	11.44916362097502	NA
Hippocampus	-0.113631469297468	44.77249704342857	NA	11.408288391432203	NA
Hippocampus	-0.113631469297468	44.94807546320672	NA	11.367463295924997	NA
Hippocampus	-0.113631469297468	45.12365388298487	NA	11.326696157884172	NA
Hippocampus	-0.113631469297468	45.29923230276302	NA	11.286325306520702	NA
Hippocampus	-0.113631469297468	45.47481072254117	NA	11.2462698201553	NA
Hippocampus	-0.113631469297468	45.65038914231933	NA	11.206517407809391	NA
Hippocampus	-0.113631469297468	45.825967562097475	NA	11.167059532125196	NA
Hippocampus	-0.113631469297468	46.00154598187563	NA	11.127887972911866	NA
Hippocampus	-0.113631469297468	46.17712440165378	NA	11.088994814639138	NA
Hippocampus	-0.113631469297468	46.35270282143193	NA	11.05037243442933	NA
Hippocampus	-0.113631469297468	46.52828124121008	NA	11.012013490527737	NA
Hippocampus	-0.113631469297468	46.703859660988236	NA	10.973910911232394	NA
Hippocampus	-0.113631469297468	46.879438080766384	NA	10.9360578842648	NA
Hippocampus	-0.113631469297468	47.05501650054453	NA	10.898447846564023	NA
Hippocampus	-0.113631469297468	47.23059492032269	NA	10.861074474487365	NA
Hippocampus	-0.113631469297468	47.406173340100835	NA	10.823931674401226	NA
Hippocampus	-0.113631469297468	47.58175175987899	NA	10.787013573646714	NA
Hippocampus	-0.113631469297468	47.61363146929747	10.720199503263885	10.780334109335907	0.8834903698615684
Hippocampus	-0.113631469297468	47.75733017965714	NA	10.75031451186498	NA
Hippocampus	-0.113631469297468	47.932908599435294	NA	10.713829058663794	NA
Hippocampus	-0.113631469297468	48.10848701921344	NA	10.677551932005136	NA
Hippocampus	-0.113631469297468	48.2840654389916	NA	10.641478053927937	NA
Hippocampus	-0.113631469297468	48.459643858769745	NA	10.605602533309373	NA
Hippocampus	-0.113631469297468	48.6352222785479	NA	10.569920652862379	NA
Hippocampus	-0.113631469297468	48.81080069832605	NA	10.534427862337447	NA
Hippocampus	-0.113631469297468	48.986379118104196	NA	10.499119771994842	NA
Hippocampus	-0.113631469297468	49.16195753788235	NA	10.463992146336588	NA
Hippocampus	-0.113631469297468	49.3375359576605	NA	10.429040898087711	NA
Hippocampus	-0.113631469297468	49.513114377438654	NA	10.394262082416954	NA
Hippocampus	-0.113631469297468	49.6886927972168	NA	10.359651891387298	NA
Hippocampus	-0.113631469297468	49.86427121699496	NA	10.32520664862709	NA
Hippocampus	-0.113631469297468	50.039849636773106	NA	10.29092280421315	NA
Hippocampus	-0.113631469297468	50.21542805655126	NA	10.256796929757177	NA
Hippocampus	-0.113631469297468	50.39100647632941	NA	10.222825713687502	NA
Hippocampus	-0.113631469297468	50.56658489610756	NA	10.189005956718349	NA
Hippocampus	-0.113631469297468	50.74216331588571	NA	10.155334567499061	NA
Hippocampus	-0.113631469297468	50.91774173566386	NA	10.12180855843623	NA
Hippocampus	-0.113631469297468	51.093320155442015	NA	10.088425041681733	NA
Hippocampus	-0.113631469297468	51.26889857522016	NA	10.055181225280064	NA
Hippocampus	-0.113631469297468	51.44447699499832	NA	10.022074409468717	NA
Hippocampus	-0.113631469297468	51.620055414776466	NA	9.98910198312532	NA
Hippocampus	-0.113631469297468	51.79563383455462	NA	9.956261420355872	NA
Hippocampus	-0.113631469297468	51.97121225433277	NA	9.923550277218338	NA
Hippocampus	-0.113631469297468	52.146790674110925	NA	9.890966188576146	NA
Hippocampus	-0.113631469297468	52.32236909388907	NA	9.85850686507662	NA
Hippocampus	-0.113631469297468	52.49794751366722	NA	9.826170090249107	NA
Hippocampus	-0.113631469297468	52.61363146929747	9.725677807070856	9.804930182716893	0.8327447638909478
Hippocampus	-0.113631469297468	52.673525933445376	NA	9.793953717718212	NA
Hippocampus	-0.113631469297468	52.849104353223524	NA	9.761855668527481	NA
Hippocampus	-0.113631469297468	53.02468277300168	NA	9.72987392856909	NA
Hippocampus	-0.113631469297468	53.20026119277983	NA	9.698006546115423	NA
Hippocampus	-0.113631469297468	53.37583961255798	NA	9.666251629448336	NA
Hippocampus	-0.113631469297468	53.55141803233613	NA	9.634607344582326	NA
Hippocampus	-0.113631469297468	53.726996452114285	NA	9.60307191307782	NA
Hippocampus	-0.113631469297468	53.90257487189243	NA	9.571643609940953	NA
Hippocampus	-0.113631469297468	54.07815329167059	NA	9.540320761606432	NA
Hippocampus	-0.113631469297468	54.25373171144874	NA	9.509101744000281	NA
Hippocampus	-0.113631469297468	54.429310131226885	NA	9.477984980678915	NA
Hippocampus	-0.113631469297468	54.60488855100504	NA	9.446968941041987	NA
Hippocampus	-0.113631469297468	54.78046697078319	NA	9.416052138615722	NA
Hippocampus	-0.113631469297468	54.95604539056134	NA	9.38523312940407	NA
Hippocampus	-0.113631469297468	55.13162381033949	NA	9.354510510304932	NA
Hippocampus	-0.113631469297468	55.307202230117646	NA	9.323882917588858	NA
Hippocampus	-0.113631469297468	55.482780649895794	NA	9.29334902543778	NA
Hippocampus	-0.113631469297468	55.65835906967395	NA	9.26290754454137	NA
Hippocampus	-0.113631469297468	55.8339374894521	NA	9.232557226983738	NA
Hippocampus	-0.113631469297468	56.00951590923025	NA	9.202296853462009	NA
Hippocampus	-0.113631469297468	56.1850943290084	NA	9.172125228740184	NA
Hippocampus	-0.113631469297468	56.36067274878655	NA	9.142041196589537	NA
Hippocampus	-0.113631469297468	56.536251168564704	NA	9.112043631056999	NA
Hippocampus	-0.113631469297468	56.71182958834285	NA	9.082131435362026	NA
Hippocampus	-0.113631469297468	56.88740800812101	NA	9.052303540836869	NA
Hippocampus	-0.113631469297468	57.062986427899155	NA	9.022558905908395	NA
Hippocampus	-0.113631469297468	57.23856484767731	NA	8.992896515119941	NA
Hippocampus	-0.113631469297468	57.41414326745546	NA	8.963315378191457	NA
Hippocampus	-0.113631469297468	57.58972168723361	NA	8.933814529116576	NA
Hippocampus	-0.113631469297468	57.61363146929747	8.69406341773292	8.929803326725702	0.7903419439814352
Hippocampus	-0.113631469297468	57.76530010701176	NA	8.904393025294977	NA
Hippocampus	-0.113631469297468	57.940878526789916	NA	8.875049946698777	NA
Hippocampus	-0.113631469297468	58.116456946568064	NA	8.845784395071474	NA
Hippocampus	-0.113631469297468	58.29203536634621	NA	8.816595493158276	NA
Hippocampus	-0.113631469297468	58.46761378612437	NA	8.787482383966461	NA
Hippocampus	-0.113631469297468	58.643192205902515	NA	8.758444230054598	NA
Hippocampus	-0.113631469297468	58.81877062568067	NA	8.729480212849525	NA
Hippocampus	-0.113631469297468	58.99434904545882	NA	8.700589531989948	NA
Hippocampus	-0.113631469297468	59.169927465236974	NA	8.671771404695573	NA
Hippocampus	-0.113631469297468	59.34550588501512	NA	8.643025065160831	NA
Hippocampus	-0.113631469297468	59.52108430479328	NA	8.61434976397213	NA
Hippocampus	-0.113631469297468	59.696662724571425	NA	8.585744767547784	NA
Hippocampus	-0.113631469297468	59.87224114434958	NA	8.557209357599623	NA
Hippocampus	-0.113631469297468	60.04781956412773	NA	8.528742830615542	NA
Hippocampus	-0.113631469297468	60.223397983905876	NA	8.500451621134268	NA
Hippocampus	-0.113631469297468	60.39897640368403	NA	8.472526226814887	NA
Hippocampus	-0.113631469297468	60.57455482346218	NA	8.444874850947315	NA
Hippocampus	-0.113631469297468	60.750133243240334	NA	8.417490618151	NA
Hippocampus	-0.113631469297468	60.92571166301848	NA	8.390366900510198	NA
Hippocampus	-0.113631469297468	61.10129008279664	NA	8.363497307873036	NA
Hippocampus	-0.113631469297468	61.276868502574786	NA	8.336875678536735	NA
Hippocampus	-0.113631469297468	61.45244692235294	NA	8.310496070303566	NA
Hippocampus	-0.113631469297468	61.62802534213109	NA	8.284352751892733	NA
Hippocampus	-0.113631469297468	61.803603761909244	NA	8.258440194694032	NA
Hippocampus	-0.113631469297468	61.97918218168739	NA	8.232753064849586	NA
Hippocampus	-0.113631469297468	62.15476060146554	NA	8.207286215650587	NA
Hippocampus	-0.113631469297468	62.330339021243695	NA	8.182034680236514	NA
Hippocampus	-0.113631469297468	62.50591744102184	NA	8.156993664584672	NA
Hippocampus	-0.113631469297468	62.61363146929747	8.161402924834464	8.14173370278526	0.752898792037626
Hippocampus	-0.113631469297468	62.6814958608	NA	8.132158540778534	NA
Hippocampus	-0.113631469297468	62.857074280578146	NA	8.10752484054378	NA
Hippocampus	-0.113631469297468	63.0326527003563	NA	8.083088249041252	NA
Hippocampus	-0.113631469297468	63.20823112013445	NA	8.058844598906703	NA
Hippocampus	-0.113631469297468	63.383809539912605	NA	8.034789864527344	NA
Hippocampus	-0.113631469297468	63.55938795969075	NA	8.010920156545918	NA
Hippocampus	-0.113631469297468	63.7349663794689	NA	7.98723171904598	NA
Hippocampus	-0.113631469297468	63.910544799247056	NA	7.963720941141223	NA
Hippocampus	-0.113631469297468	64.08612321902521	NA	7.9403842863273075	NA
Hippocampus	-0.113631469297468	64.26170163880336	NA	7.917218359598824	NA
Hippocampus	-0.113631469297468	64.437280058581507	NA	7.894219877829675	NA
Hippocampus	-0.113631469297468	64.61285847835966	NA	7.871385665463468	NA
Hippocampus	-0.113631469297468	64.78843689813782	NA	7.848712650374911	NA
Hippocampus	-0.113631469297468	64.96401531791597	NA	7.826197859895436	NA
Hippocampus	-0.113631469297468	65.13959373769411	NA	7.803838416996485	NA
Hippocampus	-0.113631469297468	65.31517215747226	NA	7.781631536624163	NA
Hippocampus	-0.113631469297468	65.49075057725042	NA	7.7595745221791805	NA
Hippocampus	-0.113631469297468	65.66632899702857	NA	7.737664762136418	NA
Hippocampus	-0.113631469297468	65.84190741680672	NA	7.715899726798368	NA
Hippocampus	-0.113631469297468	66.01748583658487	NA	7.694276965177283	NA
Hippocampus	-0.113631469297468	66.19306425636302	NA	7.672794102000778	NA
Hippocampus	-0.113631469297468	66.36864267614118	NA	7.651448834836029	NA
Hippocampus	-0.113631469297468	66.54422109591933	NA	7.630238931327793	NA
Hippocampus	-0.113631469297468	66.71979951569747	NA	7.609162226545761	NA
Hippocampus	-0.113631469297468	66.89537793547562	NA	7.588216620436863	NA
Hippocampus	-0.113631469297468	67.07095635525378	NA	7.567400075378315	NA
Hippocampus	-0.113631469297468	67.24653477503193	NA	7.54671061382744	NA
Hippocampus	-0.113631469297468	67.42211319481008	NA	7.52614631606434	NA
Hippocampus	-0.113631469297468	67.59769161458823	NA	7.505705318023842	NA
Hippocampus	-0.113631469297468	67.61363146929747	7.797158843475852	7.503855625333295	0.7208454116044913
Hippocampus	-0.113631469297468	67.77327003436638	NA	7.485385809212967	NA
Hippocampus	-0.113631469297468	67.94884845414454	NA	7.4651860307106785	NA
Hippocampus	-0.113631469297468	68.12442687392269	NA	7.4451042732466135	NA
Hippocampus	-0.113631469297468	68.30000529370083	NA	7.425138875355531	NA
Hippocampus	-0.113631469297468	68.47558371347898	NA	7.405288221604583	NA
Hippocampus	-0.113631469297468	68.65116213325715	NA	7.38555074089048	NA
Hippocampus	-0.113631469297468	68.8267405530353	NA	7.3659249048037045	NA
Hippocampus	-0.113631469297468	69.00231897281344	NA	7.346409226057168	NA
Hippocampus	-0.113631469297468	69.17789739259159	NA	7.327002256976726	NA
Hippocampus	-0.113631469297468	69.35347581236974	NA	7.307702588051103	NA
Hippocampus	-0.113631469297468	69.5290542321479	NA	7.288508846538792	NA
Hippocampus	-0.113631469297468	69.70463265192605	NA	7.2694196951297485	NA
Hippocampus	-0.113631469297468	69.8802110717042	NA	7.250433830659638	NA
Hippocampus	-0.113631469297468	70.05578949148234	NA	7.2315499828745775	NA
Hippocampus	-0.113631469297468	70.2313679112605	NA	7.212766913244346	NA
Hippocampus	-0.113631469297468	70.40694633103865	NA	7.194083413822108	NA
Hippocampus	-0.113631469297468	70.5825247508168	NA	7.17549830614888	NA
Hippocampus	-0.113631469297468	70.75810317059495	NA	7.157010440200839	NA
Hippocampus	-0.113631469297468	70.93368159037311	NA	7.13861869337789	NA
Hippocampus	-0.113631469297468	71.10926001015126	NA	7.12032196953178	NA
Hippocampus	-0.113631469297468	71.28483842992941	NA	7.102119198032145	NA
Hippocampus	-0.113631469297468	71.46041684970756	NA	7.0840093328691	NA
Hippocampus	-0.113631469297468	71.6359952694857	NA	7.065991351790883	NA
Hippocampus	-0.113631469297468	71.81157368926387	NA	7.048064265448041	NA
Hippocampus	-0.113631469297468	71.98715210904201	NA	7.030227090166446	NA
Hippocampus	-0.113631469297468	72.16273052882016	NA	7.012478866352765	NA
Hippocampus	-0.113631469297468	72.33830894859831	NA	6.994818658825381	NA
Hippocampus	-0.113631469297468	72.51388736837647	NA	6.977245552326825	NA
Hippocampus	-0.113631469297468	72.61363146929747	7.342690605281925	6.967300911376378	0.6932929600517144
Hippocampus	-0.113631469297468	72.68946578815462	NA	6.959758650844166	NA
Hippocampus	-0.113631469297468	72.86504420793277	NA	6.942357076955761	NA
Hippocampus	-0.113631469297468	73.04062262771092	NA	6.925039971203298	NA
Hippocampus	-0.113631469297468	73.216201047489065	NA	6.907806491488175	NA
Hippocampus	-0.113631469297468	73.39177946726723	NA	6.890655812491229	NA
Hippocampus	-0.113631469297468	73.56735788704538	NA	6.873587125114864	NA
Hippocampus	-0.113631469297468	73.74293630682352	NA	6.856599635946695	NA
Hippocampus	-0.113631469297468	73.91851472660167	NA	6.839692566743941	NA
Hippocampus	-0.113631469297468	74.09409314637983	NA	6.82286515393756	NA
Hippocampus	-0.113631469297468	74.26967156615798	NA	6.806116648155551	NA
Hippocampus	-0.113631469297468	74.44524998593613	NA	6.789446313764493	NA
Hippocampus	-0.113631469297468	74.62082840571428	NA	6.772853428428695	NA
Hippocampus	-0.113631469297468	74.79640682549244	NA	6.756337282686277	NA
Hippocampus	-0.113631469297468	74.97198524527059	NA	6.73989717954135	NA
Hippocampus	-0.113631469297468	75.14756366504874	NA	6.723532434071905	NA
Hippocampus	-0.113631469297468	75.32314208482688	NA	6.707242373052571	NA
Hippocampus	-0.113631469297468	75.49872050460503	NA	6.691026334591741	NA
Hippocampus	-0.113631469297468	75.6742989243832	NA	6.674883667782553	NA
Hippocampus	-0.113631469297468	75.84987734416134	NA	6.658813732367054	NA
Hippocampus	-0.113631469297468	76.02545576393949	NA	6.642815898413111	NA
Hippocampus	-0.113631469297468	76.20103418371764	NA	6.626889546003569	NA
Hippocampus	-0.113631469297468	76.3766126034958	NA	6.611034064937092	NA
Hippocampus	-0.113631469297468	76.55219102327395	NA	6.595248854440345	NA
Hippocampus	-0.113631469297468	76.7277694430521	NA	6.579533322890939	NA
Hippocampus	-0.113631469297468	76.90334786283024	NA	6.5638868875508045	NA
Hippocampus	-0.113631469297468	77.07892628260839	NA	6.548308974309568	NA
Hippocampus	-0.113631469297468	77.25450470238655	NA	6.532799017437505	NA
Hippocampus	-0.113631469297468	77.4300831221647	NA	6.51735645934769	NA
Hippocampus	-0.113631469297468	77.60566154194285	NA	6.501980750367061	NA
Hippocampus	-0.113631469297468	77.61363146929747	6.824084815676514	6.501284390706113	0.6673326006999584
Hippocampus	-0.113631469297468	77.781239961721	NA	6.486671348515894	NA
Hippocampus	-0.113631469297468	77.95681838149916	NA	6.471427719295553	NA
Hippocampus	-0.113631469297468	78.13239680127731	NA	6.456249335483979	NA
Hippocampus	-0.113631469297468	78.30797522105546	NA	6.441135676938801	NA
Hippocampus	-0.113631469297468	78.4835536408336	NA	6.426086230407616	NA
Hippocampus	-0.113631469297468	78.65913206061177	NA	6.411100489345296	NA
Hippocampus	-0.113631469297468	78.83471048038992	NA	6.3961779537379435	NA
Hippocampus	-0.113631469297468	79.01028890016806	NA	6.38131812993322	NA
Hippocampus	-0.113631469297468	79.18586731994621	NA	6.366520530476905	NA
Hippocampus	-0.113631469297468	79.36144573972436	NA	6.35178467395536	NA
Hippocampus	-0.113631469297468	79.53702415950252	NA	6.337110084843709	NA
Hippocampus	-0.113631469297468	79.71260257928067	NA	6.322496296705642	NA
Hippocampus	-0.113631469297468	79.88818099905882	NA	6.307942847774351	NA
Hippocampus	-0.113631469297468	80.06375941883697	NA	6.29344927343515	NA
Hippocampus	-0.113631469297468	80.23933783861513	NA	6.279015120308185	NA
Hippocampus	-0.113631469297468	80.41491625839328	NA	6.264639940220873	NA
Hippocampus	-0.113631469297468	80.59049467817142	NA	6.2503232900858485	NA
Hippocampus	-0.113631469297468	80.76607309794957	NA	6.236064731783145	NA
Hippocampus	-0.113631469297468	80.94165151772772	NA	6.221863832046604	NA
Hippocampus	-0.113631469297468	81.11722993750588	NA	6.207720162354149	NA
Hippocampus	-0.113631469297468	81.29280835728403	NA	6.193633298821976	NA
Hippocampus	-0.113631469297468	81.46838677706218	NA	6.179602822102355	NA
Hippocampus	-0.113631469297468	81.64396519684033	NA	6.165628317284962	NA
Hippocampus	-0.113631469297468	81.81954361661849	NA	6.151709373801639	NA
Hippocampus	-0.113631469297468	81.99512203639664	NA	6.137845585334368	NA
Hippocampus	-0.113631469297468	82.17070045617479	NA	6.124036549726416	NA
Hippocampus	-0.113631469297468	82.34627887595293	NA	6.110281868896456	NA
Hippocampus	-0.113631469297468	82.52185729573108	NA	6.096581148755609	NA
Hippocampus	-0.113631469297468	82.61363146929747	6.723212265386045	6.089441176637298	0.644933026438736
Hippocampus	-0.113631469297468	82.69743571550924	NA	6.082933999127253	NA
Hippocampus	-0.113631469297468	82.87301413528739	NA	6.069340033669506	NA
Hippocampus	-0.113631469297468	83.04859255506554	NA	6.055798869800291	NA
Hippocampus	-0.113631469297468	83.22417097484369	NA	6.042310128624854	NA
Hippocampus	-0.113631469297468	83.39974939462185	NA	6.0288734348657025	NA
Hippocampus	-0.113631469297468	83.5753278144	NA	6.015488416794757	NA
Hippocampus	-0.113631469297468	83.75090623417815	NA	6.002154706167772	NA
Hippocampus	-0.113631469297468	83.9264846539563	NA	5.9888719381608215	NA
Hippocampus	-0.113631469297468	84.10206307373446	NA	5.97563975130885	NA
Hippocampus	-0.113631469297468	84.2776414935126	NA	5.96245778744614	NA
Hippocampus	-0.113631469297468	84.45321991329075	NA	5.949325691648696	NA
Hippocampus	-0.113631469297468	84.6287983330689	NA	5.936243112178419	NA
Hippocampus	-0.113631469297468	84.80437675284705	NA	5.923209700429029	NA
Hippocampus	-0.113631469297468	84.97995517262521	NA	5.910225110873642	NA
Hippocampus	-0.113631469297468	85.15553359240336	NA	5.897289001013979	NA
Hippocampus	-0.113631469297468	85.3311120121815	NA	5.8844010313310875	NA
Hippocampus	-0.113631469297468	85.50669043195965	NA	5.871560865237618	NA
Hippocampus	-0.113631469297468	85.68226885173782	NA	5.858768169031453	NA
Hippocampus	-0.113631469297468	85.85784727151596	NA	5.846022611850793	NA
Hippocampus	-0.113631469297468	86.03342569129411	NA	5.833323865630482	NA
Hippocampus	-0.113631469297468	86.20900411107226	NA	5.82067160505972	NA
Hippocampus	-0.113631469297468	86.38458253085041	NA	5.808065507540895	NA
Hippocampus	-0.113631469297468	86.56016095062857	NA	5.795505253149679	NA
Hippocampus	-0.113631469297468	86.73573937040672	NA	5.782990524596209	NA
Hippocampus	-0.113631469297468	86.91131779018487	NA	5.770521007187418	NA
Hippocampus	-0.113631469297468	87.08689620996302	NA	5.758096388790373	NA
Hippocampus	-0.113631469297468	87.26247462974118	NA	5.745716359796644	NA
Hippocampus	-0.113631469297468	87.43805304951933	NA	5.733380613087672	NA
Hippocampus	-0.113631469297468	87.61363146929747	6.190927879343775	5.721054785884293	0.6267952640834258
Insula	-0.113631469297468	0	0	-3.311437951811327e-14	0
Insula	-0.113631469297468	0.17557841977815125	NA	0.017135267742115618	NA
Insula	-0.113631469297468	0.3511568395563025	NA	0.04294621894593624	NA
Insula	-0.113631469297468	0.363631469297468	1.403070642531582	0.04510433515481608	0.5406318946080035
Insula	-0.113631469297468	0.5267352593344538	NA	5.746862440317048	NA
Insula	-0.113631469297468	0.702313679112605	NA	9.22357755956646	NA
Insula	-0.113631469297468	0.863631469297468	11.921537313465176	12.450184588003323	0.7614321513692394
Insula	-0.113631469297468	0.8778920988907563	NA	12.736891585899604	NA
Insula	-0.113631469297468	1.0534705186689075	NA	16.286365545799896	NA
Insula	-0.113631469297468	1.2290489384470589	NA	19.95817738466618	NA
Insula	-0.113631469297468	1.363631469297468	24.79480473616096	22.911383650481632	0.906689764733088
Insula	-0.113631469297468	1.40462735822521	NA	23.869813121299764	NA
Insula	-0.113631469297468	1.5802057780033612	NA	28.076488597347186	NA
Insula	-0.113631469297468	1.7557841977815125	NA	32.12082963252023	NA
Insula	-0.113631469297468	1.863631469297468	36.77378279060475	34.61750355620829	1.01687563871536
Insula	-0.113631469297468	1.9313626175596639	NA	36.197477848279725	NA
Insula	-0.113631469297468	2.106941037337815	NA	39.84370683334976	NA
Insula	-0.113631469297468	2.282519457115966	NA	41.75507400316101	NA
Insula	-0.113631469297468	2.363631469297468	41.794773092075545	42.03286724921848	1.063249747548116
Insula	-0.113631469297468	2.4580978768941177	NA	41.99127220529225	NA
Insula	-0.113631469297468	2.633676296672269	NA	41.92151242561941	NA
Insula	-0.113631469297468	2.80925471645042	NA	42.08250129390188	NA
Insula	-0.113631469297468	2.863631469297468	41.36575594347686	42.08403028362047	1.0563290442417974
Insula	-0.113631469297468	2.984833136228571	NA	42.00628916625386	NA
Insula	-0.113631469297468	3.1604115560067223	NA	41.78222801974361	NA
Insula	-0.113631469297468	3.335989975784874	NA	41.46777041109674	NA
Insula	-0.113631469297468	3.511568395563025	NA	41.1841907808401	NA
Insula	-0.113631469297468	3.613631469297468	40.12129014605246	41.00073839720058	1.2801733520325422
Insula	-0.113631469297468	3.687146815341176	NA	40.86027876467053	NA
Insula	-0.113631469297468	3.8627252351193277	NA	40.49714513094694	NA
Insula	-0.113631469297468	4.0383036548974784	NA	40.0958592277399	NA
Insula	-0.113631469297468	4.21388207467563	NA	39.657450624823774	NA
Insula	-0.113631469297468	4.389460494453782	NA	39.182910689929436	NA
Insula	-0.113631469297468	4.565038914231932	NA	38.673194101893294	NA
Insula	-0.113631469297468	4.613631469297468	37.62472944339513	38.52605383832146	1.2355345831774884
Insula	-0.113631469297468	4.740617334010084	NA	38.1292203032331	NA
Insula	-0.113631469297468	4.9161957537882355	NA	37.55187489457936	NA
Insula	-0.113631469297468	5.091774173566386	NA	37.014466419312505	NA
Insula	-0.113631469297468	5.267352593344538	NA	36.506894234139565	NA
Insula	-0.113631469297468	5.4429310131226885	NA	36.0160603808976	NA
Insula	-0.113631469297468	5.613631469297468	35.524993366752994	35.554226427093724	1.1929764114826216
Insula	-0.113631469297468	5.61850943290084	NA	35.5412437200009	NA
Insula	-0.113631469297468	5.794087852678992	NA	35.08175234397671	NA
Insula	-0.113631469297468	5.969666272457142	NA	34.63692240308102	NA
Insula	-0.113631469297468	6.145244692235294	NA	34.20611697802965	NA
Insula	-0.113631469297468	6.320823112013445	NA	33.788724997955185	NA
Insula	-0.113631469297468	6.496401531791596	NA	33.384160201775494	NA
Insula	-0.113631469297468	6.671979951569748	NA	32.991860141232586	NA
Insula	-0.113631469297468	6.8475583713478985	NA	32.61128522393045	NA
Insula	-0.113631469297468	7.02313679112605	NA	32.241917794767346	NA
Insula	-0.113631469297468	7.113631469297468	32.24720319922281	32.05575509444397	1.4084829977458366
Insula	-0.113631469297468	7.198715210904202	NA	31.883261254222642	NA
Insula	-0.113631469297468	7.374293630682352	NA	31.534839212019854	NA
Insula	-0.113631469297468	7.549872050460504	NA	31.196194674746863	NA
Insula	-0.113631469297468	7.7254504702386555	NA	30.866889266071308	NA
Insula	-0.113631469297468	7.901028890016806	NA	30.546502478243735	NA
Insula	-0.113631469297468	8.076607309794957	NA	30.234631742486684	NA
Insula	-0.113631469297468	8.252185729573108	NA	29.930889731127024	NA
Insula	-0.113631469297468	8.42776414935126	NA	29.63490488029314	NA
Insula	-0.113631469297468	8.603342569129412	NA	29.346321261047187	NA
Insula	-0.113631469297468	8.778920988907563	NA	29.064797497307865	NA
Insula	-0.113631469297468	8.954499408685713	NA	28.79000618043543	NA
Insula	-0.113631469297468	9.113631469297468	28.874852977450967	28.546505250657816	1.3149422378403732
Insula	-0.113631469297468	9.130077828463865	NA	28.521633307307837	NA
Insula	-0.113631469297468	9.305656248242016	NA	28.259377740945677	NA
Insula	-0.113631469297468	9.481234668020168	NA	28.00295069278141	NA
Insula	-0.113631469297468	9.65681308779832	NA	27.75207522570487	NA
Insula	-0.113631469297468	9.832391507576471	NA	27.506485777051324	NA
Insula	-0.113631469297468	10.00796992735462	NA	27.265927700732526	NA
Insula	-0.113631469297468	10.183548347132772	NA	27.030156827742626	NA
Insula	-0.113631469297468	10.359126766910924	NA	26.798939044301996	NA
Insula	-0.113631469297468	10.534705186689076	NA	26.57719358027914	NA
Insula	-0.113631469297468	10.710283606467227	NA	26.3636617621815	NA
Insula	-0.113631469297468	10.885862026245377	NA	26.15683916233173	NA
Insula	-0.113631469297468	11.061440446023528	NA	25.95644067764859	NA
Insula	-0.113631469297468	11.23701886580168	NA	25.762192739244202	NA
Insula	-0.113631469297468	11.412597285579832	NA	25.573832849183876	NA
Insula	-0.113631469297468	11.588175705357983	NA	25.391109135829932	NA
Insula	-0.113631469297468	11.763754125136133	NA	25.213779927024074	NA
Insula	-0.113631469297468	11.939332544914285	NA	25.04161334039288	NA
Insula	-0.113631469297468	12.114910964692436	NA	24.874386890089514	NA
Insula	-0.113631469297468	12.290489384470588	NA	24.71188710931247	NA
Insula	-0.113631469297468	12.46606780424874	NA	24.5539091879684	NA
Insula	-0.113631469297468	12.613631469297468	25.213112543111333	24.4244904826277	1.6340283656754413
Insula	-0.113631469297468	12.64164622402689	NA	24.400256624871755	NA
Insula	-0.113631469297468	12.81722464380504	NA	24.25074089389802	NA
Insula	-0.113631469297468	12.992803063583192	NA	24.10518112353092	NA
Insula	-0.113631469297468	13.168381483361344	NA	23.963403789266312	NA
Insula	-0.113631469297468	13.343959903139496	NA	23.82524241835712	NA
Insula	-0.113631469297468	13.519538322917647	NA	23.69053730640421	NA
Insula	-0.113631469297468	13.695116742695797	NA	23.559135245318377	NA
Insula	-0.113631469297468	13.870695162473949	NA	23.430889262196562	NA
Insula	-0.113631469297468	14.0462735822521	NA	23.30565836867554	NA
Insula	-0.113631469297468	14.221852002030252	NA	23.18330732034207	NA
Insula	-0.113631469297468	14.397430421808403	NA	23.063706385796372	NA
Insula	-0.113631469297468	14.573008841586553	NA	22.946731124981792	NA
Insula	-0.113631469297468	14.748587261364705	NA	22.832262176408786	NA
Insula	-0.113631469297468	14.924165681142856	NA	22.72018505291664	NA
Insula	-0.113631469297468	15.099744100921008	NA	22.609847042703066	NA
Insula	-0.113631469297468	15.27532252069916	NA	22.500559854957277	NA
Insula	-0.113631469297468	15.450900940477311	NA	22.39372943507665	NA
Insula	-0.113631469297468	15.62647936025546	NA	22.289246992461923	NA
Insula	-0.113631469297468	15.802057780033612	NA	22.187008163396882	NA
Insula	-0.113631469297468	15.977636199811764	NA	22.086912918253766	NA
Insula	-0.113631469297468	16.153214619589914	NA	21.988865344447536	NA
Insula	-0.113631469297468	16.328793039368065	NA	21.892773083488997	NA
Insula	-0.113631469297468	16.504371459146217	NA	21.798547771296068	NA
Insula	-0.113631469297468	16.67994987892437	NA	21.70610464941712	NA
Insula	-0.113631469297468	16.85552829870252	NA	21.61536242003228	NA
Insula	-0.113631469297468	17.03110671848067	NA	21.526243106772856	NA
Insula	-0.113631469297468	17.206685138258823	NA	21.438671921125533	NA
Insula	-0.113631469297468	17.382263558036975	NA	21.352577134197276	NA
Insula	-0.113631469297468	17.557841977815126	NA	21.267889953625932	NA
Insula	-0.113631469297468	17.613631469297466	21.76328813972716	21.241264158009088	1.4478588203936495
Insula	-0.113631469297468	17.733420397593278	NA	21.184544405430184	NA
Insula	-0.113631469297468	17.908998817371426	NA	21.102477220600647	NA
Insula	-0.113631469297468	18.084577237149578	NA	21.021627726241938	NA
Insula	-0.113631469297468	18.26015565692773	NA	20.941937741083308	NA
Insula	-0.113631469297468	18.43573407670588	NA	20.863351475182323	NA
Insula	-0.113631469297468	18.611312496484032	NA	20.78581543365372	NA
Insula	-0.113631469297468	18.786890916262184	NA	20.709278324261778	NA
Insula	-0.113631469297468	18.962469336040336	NA	20.633690968721215	NA
Insula	-0.113631469297468	19.138047755818487	NA	20.55900621755804	NA
Insula	-0.113631469297468	19.31362617559664	NA	20.485178868387315	NA
Insula	-0.113631469297468	19.48920459537479	NA	20.412165587470973	NA
Insula	-0.113631469297468	19.664783015152942	NA	20.339924834423954	NA
Insula	-0.113631469297468	19.84036143493109	NA	20.268416789942542	NA
Insula	-0.113631469297468	20.01593985470924	NA	20.19760328643344	NA
Insula	-0.113631469297468	20.191518274487393	NA	20.127447741427517	NA
Insula	-0.113631469297468	20.367096694265545	NA	20.057915093666242	NA
Insula	-0.113631469297468	20.542675114043696	NA	19.98897174175377	NA
Insula	-0.113631469297468	20.718253533821848	NA	19.920585485271687	NA
Insula	-0.113631469297468	20.8938319536	NA	19.852725468257688	NA
Insula	-0.113631469297468	21.06941037337815	NA	19.78536212495326	NA
Insula	-0.113631469297468	21.244988793156303	NA	19.718467127729443	NA
Insula	-0.113631469297468	21.420567212934454	NA	19.65201333710327	NA
Insula	-0.113631469297468	21.596145632712602	NA	19.58597475376097	NA
Insula	-0.113631469297468	21.771724052490754	NA	19.520326472507488	NA
Insula	-0.113631469297468	21.947302472268905	NA	19.45504463806509	NA
Insula	-0.113631469297468	22.122880892047057	NA	19.39010640264667	NA
Insula	-0.113631469297468	22.29845931182521	NA	19.325489885232887	NA
Insula	-0.113631469297468	22.47403773160336	NA	19.26117413248447	NA
Insula	-0.113631469297468	22.613631469297466	19.0563709868678	19.210241194273785	1.3019202544847868
Insula	-0.113631469297468	22.64961615138151	NA	19.19713908122426	NA
Insula	-0.113631469297468	22.825194571159663	NA	19.133365522426054	NA
Insula	-0.113631469297468	23.000772990937815	NA	19.069835066649627	NA
Insula	-0.113631469297468	23.176351410715966	NA	19.006530110864063	NA
Insula	-0.113631469297468	23.351929830494118	NA	18.943433806603714	NA
Insula	-0.113631469297468	23.527508250272266	NA	18.880530029403165	NA
Insula	-0.113631469297468	23.703086670050418	NA	18.817803349460064	NA
Insula	-0.113631469297468	23.87866508982857	NA	18.755239003476483	NA
Insula	-0.113631469297468	24.05424350960672	NA	18.69282288630469	NA
Insula	-0.113631469297468	24.229821929384872	NA	18.630541467097913	NA
Insula	-0.113631469297468	24.405400349163024	NA	18.56838182241049	NA
Insula	-0.113631469297468	24.580978768941176	NA	18.50633159557466	NA
Insula	-0.113631469297468	24.756557188719327	NA	18.44437897170862	NA
Insula	-0.113631469297468	24.93213560849748	NA	18.382512655700552	NA
Insula	-0.113631469297468	25.10771402827563	NA	18.320721851077586	NA
Insula	-0.113631469297468	25.28329244805378	NA	18.258996239724006	NA
Insula	-0.113631469297468	25.45887086783193	NA	18.197325962414645	NA
Insula	-0.113631469297468	25.63444928761008	NA	18.13570160013086	NA
Insula	-0.113631469297468	25.810027707388233	NA	18.07411415612762	NA
Insula	-0.113631469297468	25.985606127166385	NA	18.01255503872152	NA
Insula	-0.113631469297468	26.161184546944536	NA	17.951016044770945	NA
Insula	-0.113631469297468	26.336762966722688	NA	17.889489343820443	NA
Insula	-0.113631469297468	26.51234138650084	NA	17.82796746288275	NA
Insula	-0.113631469297468	26.68791980627899	NA	17.766443271832898	NA
Insula	-0.113631469297468	26.863498226057143	NA	17.704909969389757	NA
Insula	-0.113631469297468	27.039076645835294	NA	17.64336106966146	NA
Insula	-0.113631469297468	27.214655065613442	NA	17.58179038923248	NA
Insula	-0.113631469297468	27.390233485391594	NA	17.520192034769497	NA
Insula	-0.113631469297468	27.565811905169745	NA	17.45856039112677	NA
Insula	-0.113631469297468	27.613631469297466	17.01921934917557	17.44176827023532	1.1868744691262425
Insula	-0.113631469297468	27.741390324947897	NA	17.39689010992982	NA
Insula	-0.113631469297468	27.91696874472605	NA	17.335176098618653	NA
Insula	-0.113631469297468	28.0925471645042	NA	17.273413509932116	NA
Insula	-0.113631469297468	28.268125584282352	NA	17.211597731815484	NA
Insula	-0.113631469297468	28.443704004060503	NA	17.14972437773454	NA
Insula	-0.113631469297468	28.619282423838655	NA	17.08778927737963	NA
Insula	-0.113631469297468	28.794860843616807	NA	17.025788467744135	NA
Insula	-0.113631469297468	28.970439263394958	NA	16.963718184562303	NA
Insula	-0.113631469297468	29.146017683173106	NA	16.901574854092097	NA
Insula	-0.113631469297468	29.321596102951258	NA	16.83935508522905	NA
Insula	-0.113631469297468	29.49717452272941	NA	16.777055661938	NA
Insula	-0.113631469297468	29.67275294250756	NA	16.714673535989885	NA
Insula	-0.113631469297468	29.848331362285712	NA	16.65220581999132	NA
Insula	-0.113631469297468	30.023909782063864	NA	16.589649780695243	NA
Insula	-0.113631469297468	30.199488201842016	NA	16.527850333528228	NA
Insula	-0.113631469297468	30.375066621620167	NA	16.467230373875097	NA
Insula	-0.113631469297468	30.55064504139832	NA	16.40729584549343	NA
Insula	-0.113631469297468	30.72622346117647	NA	16.34802019350831	NA
Insula	-0.113631469297468	30.901801880954622	NA	16.28937792235827	NA
Insula	-0.113631469297468	31.07738030073277	NA	16.231344553342428	NA
Insula	-0.113631469297468	31.25295872051092	NA	16.1738965838704	NA
Insula	-0.113631469297468	31.428537140289073	NA	16.11701144834626	NA
Insula	-0.113631469297468	31.604115560067225	NA	16.060667480621294	NA
Insula	-0.113631469297468	31.779693979845376	NA	16.004843877952467	NA
Insula	-0.113631469297468	31.955272399623528	NA	15.949520706436841	NA
Insula	-0.113631469297468	32.13085081940168	NA	15.894678776737763	NA
Insula	-0.113631469297468	32.30642923917983	NA	15.840299639897465	NA
Insula	-0.113631469297468	32.48200765895798	NA	15.786365614751379	NA
Insula	-0.113631469297468	32.61363146929747	15.152787551412828	15.746215206903488	1.0899810586698542
Insula	-0.113631469297468	32.65758607873613	NA	15.732859723871892	NA
Insula	-0.113631469297468	32.833164498514286	NA	15.679765665375552	NA
Insula	-0.113631469297468	33.008742918292434	NA	15.627067785860925	NA
Insula	-0.113631469297468	33.18432133807059	NA	15.574751054431609	NA
Insula	-0.113631469297468	33.35989975784874	NA	15.522801037761017	NA
Insula	-0.113631469297468	33.53547817762689	NA	15.471203876157025	NA
Insula	-0.113631469297468	33.71105659740504	NA	15.419946260586524	NA
Insula	-0.113631469297468	33.88663501718319	NA	15.369015410621248	NA
Insula	-0.113631469297468	34.06221343696134	NA	15.318399053267962	NA
Insula	-0.113631469297468	34.23779185673949	NA	15.268085402647603	NA
Insula	-0.113631469297468	34.41337027651765	NA	15.218063140489255	NA
Insula	-0.113631469297468	34.588948696295795	NA	15.168321397406295	NA
Insula	-0.113631469297468	34.76452711607395	NA	15.118849734923337	NA
Insula	-0.113631469297468	34.9401055358521	NA	15.06963812822388	NA
Insula	-0.113631469297468	35.11568395563025	NA	15.020676949589774	NA
Insula	-0.113631469297468	35.2912623754084	NA	14.971956952504627	NA
Insula	-0.113631469297468	35.466840795186556	NA	14.923469256394748	NA
Insula	-0.113631469297468	35.642419214964704	NA	14.875205331981821	NA
Insula	-0.113631469297468	35.81799763474285	NA	14.827156987222962	NA
Insula	-0.113631469297468	35.99357605452101	NA	14.779316353814483	NA
Insula	-0.113631469297468	36.169154474299155	NA	14.731675874236805	NA
Insula	-0.113631469297468	36.34473289407731	NA	14.684228289318796	NA
Insula	-0.113631469297468	36.52031131385546	NA	14.636966626300726	NA
Insula	-0.113631469297468	36.695889733633614	NA	14.589884187375823	NA
Insula	-0.113631469297468	36.87146815341176	NA	14.54297453869124	NA
Insula	-0.113631469297468	37.04704657318992	NA	14.496231499789968	NA
Insula	-0.113631469297468	37.222624992968065	NA	14.449649133476132	NA
Insula	-0.113631469297468	37.39820341274622	NA	14.403221736086508	NA
Insula	-0.113631469297468	37.57378183252437	NA	14.356943828152126	NA
Insula	-0.113631469297468	37.61363146929747	13.73576964757502	14.346460788787118	1.008429311913547
Insula	-0.113631469297468	37.749360252302516	NA	14.31081014543424	NA
Insula	-0.113631469297468	37.92493867208067	NA	14.264815630319667	NA
Insula	-0.113631469297468	38.10051709185882	NA	14.21895542356107	NA
Insula	-0.113631469297468	38.276095511636974	NA	14.173224856348362	NA
Insula	-0.113631469297468	38.45167393141512	NA	14.127619442697975	NA
Insula	-0.113631469297468	38.62725235119328	NA	14.08213487214717	NA
Insula	-0.113631469297468	38.802830770971426	NA	14.036767002741245	NA
Insula	-0.113631469297468	38.97840919074958	NA	13.991511854301844	NA
Insula	-0.113631469297468	39.15398761052773	NA	13.94636560196511	NA
Insula	-0.113631469297468	39.329566030305884	NA	13.90132456997881	NA
Insula	-0.113631469297468	39.50514445008403	NA	13.856385225748163	NA
Insula	-0.113631469297468	39.68072286986218	NA	13.811544174120234	NA
Insula	-0.113631469297468	39.856301289640335	NA	13.766798154445583	NA
Insula	-0.113631469297468	40.03187970941848	NA	13.722144038591324	NA
Insula	-0.113631469297468	40.20745812919664	NA	13.677578799878955	NA
Insula	-0.113631469297468	40.383036548974786	NA	13.63309954026452	NA
Insula	-0.113631469297468	40.55861496875294	NA	13.588703473823298	NA
Insula	-0.113631469297468	40.73419338853109	NA	13.544387922278483	NA
Insula	-0.113631469297468	40.909771808309245	NA	13.500150310708474	NA
Insula	-0.113631469297468	41.08535022808739	NA	13.455988163426717	NA
Insula	-0.113631469297468	41.26092864786554	NA	13.411899100026371	NA
Insula	-0.113631469297468	41.436507067643696	NA	13.367880831583536	NA
Insula	-0.113631469297468	41.612085487421844	NA	13.323931157012622	NA
Insula	-0.113631469297468	41.7876639072	NA	13.28004795956772	NA
Insula	-0.113631469297468	41.96324232697815	NA	13.236229203484157	NA
Insula	-0.113631469297468	42.1388207467563	NA	13.192472930754644	NA
Insula	-0.113631469297468	42.31439916653445	NA	13.148777258034512	NA
Insula	-0.113631469297468	42.489977586312605	NA	13.105140373670984	NA
Insula	-0.113631469297468	42.61363146929747	12.45946204580896	13.074442728603872	0.94091476359211
Insula	-0.113631469297468	42.66555600609075	NA	13.061560534851434	NA
Insula	-0.113631469297468	42.84113442586891	NA	13.018036064865866	NA
Insula	-0.113631469297468	43.016712845647056	NA	12.974565350479086	NA
Insula	-0.113631469297468	43.192291265425204	NA	12.93114683940806	NA
Insula	-0.113631469297468	43.36786968520336	NA	12.887779037900396	NA
Insula	-0.113631469297468	43.54344810498151	NA	12.844460508409759	NA
Insula	-0.113631469297468	43.71902652475966	NA	12.801189867364348	NA
Insula	-0.113631469297468	43.89460494453781	NA	12.757965783024824	NA
Insula	-0.113631469297468	44.070183364315966	NA	12.714786973427936	NA
Insula	-0.113631469297468	44.245761784094114	NA	12.671652204412526	NA
Insula	-0.113631469297468	44.42134020387227	NA	12.628560287724557	NA
Insula	-0.113631469297468	44.59691862365042	NA	12.585510079198016	NA
Insula	-0.113631469297468	44.77249704342857	NA	12.542500477008643	NA
Insula	-0.113631469297468	44.94807546320672	NA	12.499530419997546	NA
Insula	-0.113631469297468	45.12365388298487	NA	12.456607839383732	NA
Insula	-0.113631469297468	45.29923230276302	NA	12.414092236419723	NA
Insula	-0.113631469297468	45.47481072254117	NA	12.371918464060302	NA
Insula	-0.113631469297468	45.65038914231933	NA	12.33007272923882	NA
Insula	-0.113631469297468	45.825967562097475	NA	12.288545057540043	NA
Insula	-0.113631469297468	46.00154598187563	NA	12.247325854952374	NA
Insula	-0.113631469297468	46.17712440165378	NA	12.206405892731578	NA
Insula	-0.113631469297468	46.35270282143193	NA	12.165776292870808	NA
Insula	-0.113631469297468	46.52828124121008	NA	12.12542851415278	NA
Insula	-0.113631469297468	46.703859660988236	NA	12.085354338760515	NA
Insula	-0.113631469297468	46.879438080766384	NA	12.045545859424502	NA
Insula	-0.113631469297468	47.05501650054453	NA	12.005995467084539	NA
Insula	-0.113631469297468	47.23059492032269	NA	11.966695839045812	NA
Insula	-0.113631469297468	47.406173340100835	NA	11.927639927609233	NA
Insula	-0.113631469297468	47.58175175987899	NA	11.888820949157147	NA
Insula	-0.113631469297468	47.61363146929747	11.410661467393115	11.881797591267208	0.8834903698615684
Insula	-0.113631469297468	47.75733017965714	NA	11.850232373676054	NA
Insula	-0.113631469297468	47.932908599435294	NA	11.811867941910169	NA
Insula	-0.113631469297468	48.10848701921344	NA	11.773721578506263	NA
Insula	-0.113631469297468	48.2840654389916	NA	11.735787449395627	NA
Insula	-0.113631469297468	48.459643858769745	NA	11.69805994244432	NA
Insula	-0.113631469297468	48.6352222785479	NA	11.660533652697673	NA
Insula	-0.113631469297468	48.81080069832605	NA	11.623203374181232	NA
Insula	-0.113631469297468	48.986379118104196	NA	11.586064092029796	NA
Insula	-0.113631469297468	49.16195753788235	NA	11.549110974931516	NA
Insula	-0.113631469297468	49.3375359576605	NA	11.512339367874375	NA
Insula	-0.113631469297468	49.513114377438654	NA	11.475744785182933	NA
Insula	-0.113631469297468	49.6886927972168	NA	11.439322903833643	NA
Insula	-0.113631469297468	49.86427121699496	NA	11.40306955703773	NA
Insula	-0.113631469297468	50.039849636773106	NA	11.3669807280807	NA
Insula	-0.113631469297468	50.21542805655126	NA	11.331052544408292	NA
Insula	-0.113631469297468	50.39100647632941	NA	11.295281271949074	NA
Insula	-0.113631469297468	50.56658489610756	NA	11.259663309663994	NA
Insula	-0.113631469297468	50.74216331588571	NA	11.224195184313984	NA
Insula	-0.113631469297468	50.91774173566386	NA	11.188873545436758	NA
Insula	-0.113631469297468	51.093320155442015	NA	11.153695160524453	NA
Insula	-0.113631469297468	51.26889857522016	NA	11.118656910394076	NA
Insula	-0.113631469297468	51.44447699499832	NA	11.083755784742994	NA
Insula	-0.113631469297468	51.620055414776466	NA	11.048988877882053	NA
Insula	-0.113631469297468	51.79563383455462	NA	11.014353384639294	NA
Insula	-0.113631469297468	51.97121225433277	NA	10.979846596427246	NA
Insula	-0.113631469297468	52.146790674110925	NA	10.945465897467397	NA
Insula	-0.113631469297468	52.32236909388907	NA	10.911208761165556	NA
Insula	-0.113631469297468	52.49794751366722	NA	10.877072746631837	NA
Insula	-0.113631469297468	52.61363146929747	10.75122025867409	10.854646484754339	0.8327447638909478
Insula	-0.113631469297468	52.673525933445376	NA	10.843055495339781	NA
Insula	-0.113631469297468	52.849104353223524	NA	10.809154727918777	NA
Insula	-0.113631469297468	53.02468277300168	NA	10.77536824107461	NA
Insula	-0.113631469297468	53.20026119277983	NA	10.741693904632873	NA
Insula	-0.113631469297468	53.37583961255798	NA	10.708129658700434	NA
Insula	-0.113631469297468	53.55141803233613	NA	10.674673510940165	NA
Insula	-0.113631469297468	53.726996452114285	NA	10.641323533954324	NA
Insula	-0.113631469297468	53.90257487189243	NA	10.608077862772458	NA
Insula	-0.113631469297468	54.07815329167059	NA	10.574934692439323	NA
Insula	-0.113631469297468	54.25373171144874	NA	10.541892275699201	NA
Insula	-0.113631469297468	54.429310131226885	NA	10.508948920772234	NA
Insula	-0.113631469297468	54.60488855100504	NA	10.47610298921967	NA
Insula	-0.113631469297468	54.78046697078319	NA	10.443352893894035	NA
Insula	-0.113631469297468	54.95604539056134	NA	10.410697096970976	NA
Insula	-0.113631469297468	55.13162381033949	NA	10.378134108059529	NA
Insula	-0.113631469297468	55.307202230117646	NA	10.345662482387628	NA
Insula	-0.113631469297468	55.482780649895794	NA	10.313280819059798	NA
Insula	-0.113631469297468	55.65835906967395	NA	10.280987759384278	NA
Insula	-0.113631469297468	55.8339374894521	NA	10.248781991229228	NA
Insula	-0.113631469297468	56.00951590923025	NA	10.216662236472674	NA
Insula	-0.113631469297468	56.1850943290084	NA	10.184627246404117	NA
Insula	-0.113631469297468	56.36067274878655	NA	10.152675815724955	NA
Insula	-0.113631469297468	56.536251168564704	NA	10.120806773921611	NA
Insula	-0.113631469297468	56.71182958834285	NA	10.089018983954027	NA
Insula	-0.113631469297468	56.88740800812101	NA	10.057311340996332	NA
Insula	-0.113631469297468	57.062986427899155	NA	10.02568277122751	NA
Insula	-0.113631469297468	57.23856484767731	NA	9.994132230670042	NA
Insula	-0.113631469297468	57.41414326745546	NA	9.96265870407459	NA
Insula	-0.113631469297468	57.58972168723361	NA	9.93126120384899	NA
Insula	-0.113631469297468	57.61363146929747	9.681125953719809	9.926991390996061	0.7903419439814352
Insula	-0.113631469297468	57.76530010701176	NA	9.899938769029626	NA
Insula	-0.113631469297468	57.940878526789916	NA	9.86869046429359	NA
Insula	-0.113631469297468	58.116456946568064	NA	9.83751537900999	NA
Insula	-0.113631469297468	58.29203536634621	NA	9.806412626328788	NA
Insula	-0.113631469297468	58.46761378612437	NA	9.775381342305678	NA
Insula	-0.113631469297468	58.643192205902515	NA	9.744420685061643	NA
Insula	-0.113631469297468	58.81877062568067	NA	9.713529833975645	NA
Insula	-0.113631469297468	58.99434904545882	NA	9.682707988909348	NA
Insula	-0.113631469297468	59.169927465236974	NA	9.651954369462269	NA
Insula	-0.113631469297468	59.34550588501512	NA	9.62126821425655	NA
Insula	-0.113631469297468	59.52108430479328	NA	9.590648780249776	NA
Insula	-0.113631469297468	59.696662724571425	NA	9.560095342074925	NA
Insula	-0.113631469297468	59.87224114434958	NA	9.529607191406413	NA
Insula	-0.113631469297468	60.04781956412773	NA	9.499183636350985	NA
Insula	-0.113631469297468	60.223397983905876	NA	9.468934406108236	NA
Insula	-0.113631469297468	60.39897640368403	NA	9.439072326795754	NA
Insula	-0.113631469297468	60.57455482346218	NA	9.409508995606638	NA
Insula	-0.113631469297468	60.750133243240334	NA	9.380236403391805	NA
Insula	-0.113631469297468	60.92571166301848	NA	9.351246837695737	NA
Insula	-0.113631469297468	61.10129008279664	NA	9.32253287100792	NA
Insula	-0.113631469297468	61.276868502574786	NA	9.294087349484625	NA
Insula	-0.113631469297468	61.45244692235294	NA	9.265903382122051	NA
Insula	-0.113631469297468	61.62802534213109	NA	9.237974330362874	NA
Insula	-0.113631469297468	61.803603761909244	NA	9.21029379811871	NA
Insula	-0.113631469297468	61.97918218168739	NA	9.18285562219185	NA
Insula	-0.113631469297468	62.15476060146554	NA	9.155653863080296	NA
Insula	-0.113631469297468	62.330339021243695	NA	9.128682796150661	NA
Insula	-0.113631469297468	62.50591744102184	NA	9.101936903164264	NA
Insula	-0.113631469297468	62.61363146929747	9.434880400293958	9.085637986947	0.752898792037626
Insula	-0.113631469297468	62.6814958608	NA	9.075410864142166	NA
Insula	-0.113631469297468	62.857074280578146	NA	9.049099549555653	NA
Insula	-0.113631469297468	63.0326527003563	NA	9.02299801282905	NA
Insula	-0.113631469297468	63.20823112013445	NA	8.997101483142355	NA
Insula	-0.113631469297468	63.383809539912605	NA	8.971405358521727	NA
Insula	-0.113631469297468	63.55938795969075	NA	8.945905199206223	NA
Insula	-0.113631469297468	63.7349663794689	NA	8.920596723880008	NA
Insula	-0.113631469297468	63.910544799247056	NA	8.895475821098477	NA
Insula	-0.113631469297468	64.08612321902521	NA	8.87053847402744	NA
Insula	-0.113631469297468	64.26170163880336	NA	8.845780830632291	NA
Insula	-0.113631469297468	64.437280058581507	NA	8.82119917169346	NA
Insula	-0.113631469297468	64.61285847835966	NA	8.796789905613286	NA
Insula	-0.113631469297468	64.78843689813782	NA	8.77254956343034	NA
Insula	-0.113631469297468	64.96401531791597	NA	8.748474794032923	NA
Insula	-0.113631469297468	65.13959373769411	NA	8.724562359563738	NA
Insula	-0.113631469297468	65.31517215747226	NA	8.700809131007986	NA
Insula	-0.113631469297468	65.49075057725042	NA	8.677212083957777	NA
Insula	-0.113631469297468	65.66632899702857	NA	8.65376829454538	NA
Insula	-0.113631469297468	65.84190741680672	NA	8.630474935539073	NA
Insula	-0.113631469297468	66.01748583658487	NA	8.607329272594525	NA
Insula	-0.113631469297468	66.19306425636302	NA	8.58432866065597	NA
Insula	-0.113631469297468	66.36864267614118	NA	8.561470540500768	NA
Insula	-0.113631469297468	66.54422109591933	NA	8.538752435421896	NA
Insula	-0.113631469297468	66.71979951569747	NA	8.516171948042683	NA
Insula	-0.113631469297468	66.89537793547562	NA	8.493726757258525	NA
Insula	-0.113631469297468	67.07095635525378	NA	8.471414615300548	NA
Insula	-0.113631469297468	67.24653477503193	NA	8.44923334491623	NA
Insula	-0.113631469297468	67.42211319481008	NA	8.42718083666239	NA
Insula	-0.113631469297468	67.59769161458823	NA	8.40525504630601	NA
Insula	-0.113631469297468	67.61363146929747	8.869783310876395	8.40327072022403	0.7208454116044913
Insula	-0.113631469297468	67.77327003436638	NA	8.383453992328503	NA
Insula	-0.113631469297468	67.94884845414454	NA	8.361775753529432	NA
Insula	-0.113631469297468	68.12442687392269	NA	8.340218466725508	NA
Insula	-0.113631469297468	68.30000529370083	NA	8.318780324541256	NA
Insula	-0.113631469297468	68.47558371347898	NA	8.297459573287464	NA
Insula	-0.113631469297468	68.65116213325715	NA	8.276254510924078	NA
Insula	-0.113631469297468	68.8267405530353	NA	8.255163485104063	NA
Insula	-0.113631469297468	69.00231897281344	NA	8.234184891294982	NA
Insula	-0.113631469297468	69.17789739259159	NA	8.213317170975253	NA
Insula	-0.113631469297468	69.35347581236974	NA	8.19255880990203	NA
Insula	-0.113631469297468	69.5290542321479	NA	8.17190833644783	NA
Insula	-0.113631469297468	69.70463265192605	NA	8.151364320003257	NA
Insula	-0.113631469297468	69.8802110717042	NA	8.13092536944299	NA
Insula	-0.113631469297468	70.05578949148234	NA	8.11059013165272	NA
Insula	-0.113631469297468	70.2313679112605	NA	8.090357290114405	NA
Insula	-0.113631469297468	70.40694633103865	NA	8.070225563547641	NA
Insula	-0.113631469297468	70.5825247508168	NA	8.050193704604848	NA
Insula	-0.113631469297468	70.75810317059495	NA	8.030260498618077	NA
Insula	-0.113631469297468	70.93368159037311	NA	8.010424762395461	NA
Insula	-0.113631469297468	71.10926001015126	NA	7.990685343065282	NA
Insula	-0.113631469297468	71.28483842992941	NA	7.971041116965707	NA
Insula	-0.113631469297468	71.46041684970756	NA	7.9514909885784055	NA
Insula	-0.113631469297468	71.6359952694857	NA	7.932033889504319	NA
Insula	-0.113631469297468	71.81157368926387	NA	7.912668787570715	NA
Insula	-0.113631469297468	71.98715210904201	NA	7.893394659136617	NA
Insula	-0.113631469297468	72.16273052882016	NA	7.8742105075960325	NA
Insula	-0.113631469297468	72.33830894859831	NA	7.855115363579546	NA
Insula	-0.113631469297468	72.51388736837647	NA	7.83610828029044	NA
Insula	-0.113631469297468	72.61363146929747	8.431514767257216	7.825349429616577	0.6932929600517144
Insula	-0.113631469297468	72.68946578815462	NA	7.817188332700037	NA
Insula	-0.113631469297468	72.86504420793277	NA	7.798354616774792	NA
Insula	-0.113631469297468	73.04062262771092	NA	7.779606248733652	NA
Insula	-0.113631469297468	73.216201047489065	NA	7.760942364334687	NA
Insula	-0.113631469297468	73.39177946726723	NA	7.742362118189655	NA
Insula	-0.113631469297468	73.56735788704538	NA	7.723864683105489	NA
Insula	-0.113631469297468	73.74293630682352	NA	7.7054492494515525	NA
Insula	-0.113631469297468	73.91851472660167	NA	7.6871150245517414	NA
Insula	-0.113631469297468	74.09409314637983	NA	7.668861232100298	NA
Insula	-0.113631469297468	74.26967156615798	NA	7.650687111600538	NA
Insula	-0.113631469297468	74.44524998593613	NA	7.63259191782542	NA
Insula	-0.113631469297468	74.62082840571428	NA	7.614574920299211	NA
Insula	-0.113631469297468	74.79640682549244	NA	7.596635402799407	NA
Insula	-0.113631469297468	74.97198524527059	NA	7.578772662877927	NA
Insula	-0.113631469297468	75.14756366504874	NA	7.560986011401074	NA
Insula	-0.113631469297468	75.32314208482688	NA	7.543274772107288	NA
Insula	-0.113631469297468	75.49872050460503	NA	7.5256382811821085	NA
Insula	-0.113631469297468	75.6742989243832	NA	7.5080758868496025	NA
Insula	-0.113631469297468	75.84987734416134	NA	7.4905869489796455	NA
Insula	-0.113631469297468	76.02545576393949	NA	7.473170838710336	NA
Insula	-0.113631469297468	76.20103418371764	NA	7.455826938085121	NA
Insula	-0.113631469297468	76.3766126034958	NA	7.4385546397037645	NA
Insula	-0.113631469297468	76.55219102327395	NA	7.421353346386932	NA
Insula	-0.113631469297468	76.7277694430521	NA	7.40422247085355	NA
Insula	-0.113631469297468	76.90334786283024	NA	7.387161435410654	NA
Insula	-0.113631469297468	77.07892628260839	NA	7.3701696716551	NA
Insula	-0.113631469297468	77.25450470238655	NA	7.353246620186736	NA
Insula	-0.113631469297468	77.4300831221647	NA	7.336391730332507	NA
Insula	-0.113631469297468	77.60566154194285	NA	7.319604459881125	NA
Insula	-0.113631469297468	77.61363146929747	8.20523454456319	7.318844044490155	0.6673326006999584
Insula	-0.113631469297468	77.781239961721	NA	7.302884274827865	NA
Insula	-0.113631469297468	77.95681838149916	NA	7.28623064912907	NA
Insula	-0.113631469297468	78.13239680127731	NA	7.269643064465968	NA
Insula	-0.113631469297468	78.30797522105546	NA	7.2531210100174786	NA
Insula	-0.113631469297468	78.4835536408336	NA	7.236663982241587	NA
Insula	-0.113631469297468	78.65913206061177	NA	7.220271484665013	NA
Insula	-0.113631469297468	78.83471048038992	NA	7.203943027680807	NA
Insula	-0.113631469297468	79.01028890016806	NA	7.1876781283535305	NA
Insula	-0.113631469297468	79.18586731994621	NA	7.1714763102317916	NA
Insula	-0.113631469297468	79.36144573972436	NA	7.155337103167785	NA
Insula	-0.113631469297468	79.53702415950252	NA	7.139260043143581	NA
Insula	-0.113631469297468	79.71260257928067	NA	7.123244675500257	NA
Insula	-0.113631469297468	79.88818099905882	NA	7.10729055043873	NA
Insula	-0.113631469297468	80.06375941883697	NA	7.091397215367023	NA
Insula	-0.113631469297468	80.23933783861513	NA	7.075564229177823	NA
Insula	-0.113631469297468	80.41491625839328	NA	7.059791156117282	NA
Insula	-0.113631469297468	80.59049467817142	NA	7.0440775656464725	NA
Insula	-0.113631469297468	80.76607309794957	NA	7.028423032308036	NA
Insula	-0.113631469297468	80.94165151772772	NA	7.012827135597625	NA
Insula	-0.113631469297468	81.11722993750588	NA	6.997289459840105	NA
Insula	-0.113631469297468	81.29280835728403	NA	6.981809594070187	NA
Insula	-0.113631469297468	81.46838677706218	NA	6.96638713191747	NA
Insula	-0.113631469297468	81.64396519684033	NA	6.951021671495557	NA
Insula	-0.113631469297468	81.81954361661849	NA	6.935712815295246	NA
Insula	-0.113631469297468	81.99512203639664	NA	6.920460170081459	NA
Insula	-0.113631469297468	82.17070045617479	NA	6.905263346793955	NA
Insula	-0.113631469297468	82.34627887595293	NA	6.890121960451506	NA
Insula	-0.113631469297468	82.52185729573108	NA	6.875035630059514	NA
Insula	-0.113631469297468	82.61363146929747	7.561514627621829	6.867171844945632	0.644933026438736
Insula	-0.113631469297468	82.69743571550924	NA	6.860003978520902	NA
Insula	-0.113631469297468	82.87301413528739	NA	6.84502663255007	NA
Insula	-0.113631469297468	83.04859255506554	NA	6.83010322258995	NA
Insula	-0.113631469297468	83.22417097484369	NA	6.815233382731933	NA
Insula	-0.113631469297468	83.39974939462185	NA	6.800416750638567	NA
Insula	-0.113631469297468	83.5753278144	NA	6.785652967468895	NA
Insula	-0.113631469297468	83.75090623417815	NA	6.77094167780646	NA
Insula	-0.113631469297468	83.9264846539563	NA	6.756282529589675	NA
Insula	-0.113631469297468	84.10206307373446	NA	6.7416751740446195	NA
Insula	-0.113631469297468	84.2776414935126	NA	6.727119265620117	NA
Insula	-0.113631469297468	84.45321991329075	NA	6.712614461924966	NA
Insula	-0.113631469297468	84.6287983330689	NA	6.698160423667339	NA
Insula	-0.113631469297468	84.80437675284705	NA	6.683756814596132	NA
Insula	-0.113631469297468	84.97995517262521	NA	6.669403301444313	NA
Insula	-0.113631469297468	85.15553359240336	NA	6.655099553874139	NA
Insula	-0.113631469297468	85.3311120121815	NA	6.640845244424121	NA
Insula	-0.113631469297468	85.50669043195965	NA	6.626640048457761	NA
Insula	-0.113631469297468	85.68226885173782	NA	6.612483644113944	NA
Insula	-0.113631469297468	85.85784727151596	NA	6.59837571225892	NA
Insula	-0.113631469297468	86.03342569129411	NA	6.584315936439818	NA
Insula	-0.113631469297468	86.20900411107226	NA	6.570304002839633	NA
Insula	-0.113631469297468	86.38458253085041	NA	6.556339600233651	NA
Insula	-0.113631469297468	86.56016095062857	NA	6.5424224199472265	NA
Insula	-0.113631469297468	86.73573937040672	NA	6.528552155814824	NA
Insula	-0.113631469297468	86.91131779018487	NA	6.5147285041404395	NA
Insula	-0.113631469297468	87.08689620996302	NA	6.500951163659127	NA
Insula	-0.113631469297468	87.26247462974118	NA	6.48721983549972	NA
Insula	-0.113631469297468	87.43805304951933	NA	6.473534223148699	NA
Insula	-0.113631469297468	87.61363146929747	7.047653725161381	6.459859867666312	0.6267952640834258
Occipital	-0.113631469297468	0	0	-3.311437951811327e-14	0
Occipital	-0.113631469297468	0.17557841977815125	NA	0.018825485102668616	NA
Occipital	-0.113631469297468	0.3511568395563025	NA	0.049323944008062136	NA
Occipital	-0.113631469297468	0.363631469297468	1.0900170423175026	0.05192507974224063	0.5406318946080035
Occipital	-0.113631469297468	0.5267352593344538	NA	6.242589868344779	NA
Occipital	-0.113631469297468	0.702313679112605	NA	10.855460739638545	NA
Occipital	-0.113631469297468	0.863631469297468	13.130550201818762	15.112066736351236	0.7614321513692394
Occipital	-0.113631469297468	0.8778920988907563	NA	15.489199787132781	NA
Occipital	-0.113631469297468	1.0534705186689075	NA	20.14378723111505	NA
Occipital	-0.113631469297468	1.2290489384470589	NA	24.919930214957358	NA
Occipital	-0.113631469297468	1.363631469297468	28.84248728046136	28.739725494896263	0.906689764733088
Occipital	-0.113631469297468	1.40462735822521	NA	29.966094405993253	NA
Occipital	-0.113631469297468	1.5802057780033612	NA	35.34345546034698	NA
Occipital	-0.113631469297468	1.7557841977815125	NA	40.56214250063447	NA
Occipital	-0.113631469297468	1.863631469297468	45.774741971017406	43.77214643368955	1.01687563871536
Occipital	-0.113631469297468	1.9313626175596639	NA	45.79944590501825	NA
Occipital	-0.113631469297468	2.106941037337815	NA	50.5757358749349	NA
Occipital	-0.113631469297468	2.282519457115966	NA	53.29547032597157	NA
Occipital	-0.113631469297468	2.363631469297468	53.77905334978029	53.80277457055278	1.063249747548116
Occipital	-0.113631469297468	2.4580978768941177	NA	53.90115452648398	NA
Occipital	-0.113631469297468	2.633676296672269	NA	53.81420369044148	NA
Occipital	-0.113631469297468	2.80925471645042	NA	53.849686589399944	NA
Occipital	-0.113631469297468	2.863631469297468	53.621252774439725	53.79627034904246	1.0563290442417974
Occipital	-0.113631469297468	2.984833136228571	NA	53.5695539187385	NA
Occipital	-0.113631469297468	3.1604115560067223	NA	53.07387807987556	NA
Occipital	-0.113631469297468	3.335989975784874	NA	52.4388236951637	NA
Occipital	-0.113631469297468	3.511568395563025	NA	51.821797328178434	NA
Occipital	-0.113631469297468	3.613631469297468	50.71575909097235	51.4424173056092	1.2801733520325422
Occipital	-0.113631469297468	3.687146815341176	NA	51.15993658996249	NA
Occipital	-0.113631469297468	3.8627252351193277	NA	50.454768556903574	NA
Occipital	-0.113631469297468	4.0383036548974784	NA	49.70775615492723	NA
Occipital	-0.113631469297468	4.21388207467563	NA	48.92030092677324	NA
Occipital	-0.113631469297468	4.389460494453782	NA	48.09374567954961	NA
Occipital	-0.113631469297468	4.565038914231932	NA	47.22937701774496	NA
Occipital	-0.113631469297468	4.613631469297468	46.24147856363606	46.98366210708812	1.2355345831774884
Occipital	-0.113631469297468	4.740617334010084	NA	46.32842776665676	NA
Occipital	-0.113631469297468	4.9161957537882355	NA	45.392079290977684	NA
Occipital	-0.113631469297468	5.091774173566386	NA	44.500292758661814	NA
Occipital	-0.113631469297468	5.267352593344538	NA	43.653717400252184	NA
Occipital	-0.113631469297468	5.4429310131226885	NA	42.83875216940146	NA
Occipital	-0.113631469297468	5.613631469297468	42.46178748448553	42.07539649308335	1.1929764114826216
Occipital	-0.113631469297468	5.61850943290084	NA	42.05398718589073	NA
Occipital	-0.113631469297468	5.794087852678992	NA	41.29807378467833	NA
Occipital	-0.113631469297468	5.969666272457142	NA	40.56972186562471	NA
Occipital	-0.113631469297468	6.145244692235294	NA	39.867697357923376	NA
Occipital	-0.113631469297468	6.320823112013445	NA	39.19081979427383	NA
Occipital	-0.113631469297468	6.496401531791596	NA	38.53795999004647	NA
Occipital	-0.113631469297468	6.671979951569748	NA	37.90803782289595	NA
Occipital	-0.113631469297468	6.8475583713478985	NA	37.30002010847533	NA
Occipital	-0.113631469297468	7.02313679112605	NA	36.71291856809204	NA
Occipital	-0.113631469297468	7.113631469297468	36.43584083165269	36.418176769921	1.4084829977458366
Occipital	-0.113631469297468	7.198715210904202	NA	36.145787884326325	NA
Occipital	-0.113631469297468	7.374293630682352	NA	35.59772384080525	NA
Occipital	-0.113631469297468	7.549872050460504	NA	35.067861542490284	NA
Occipital	-0.113631469297468	7.7254504702386555	NA	34.55537371299348	NA
Occipital	-0.113631469297468	7.901028890016806	NA	34.059469065588814	NA
Occipital	-0.113631469297468	8.076607309794957	NA	33.579392210392506	NA
Occipital	-0.113631469297468	8.252185729573108	NA	33.114418431383214	NA
Occipital	-0.113631469297468	8.42776414935126	NA	32.663854463046405	NA
Occipital	-0.113631469297468	8.603342569129412	NA	32.227038065568	NA
Occipital	-0.113631469297468	8.778920988907563	NA	31.803335841601854	NA
Occipital	-0.113631469297468	8.954499408685713	NA	31.39214198714058	NA
Occipital	-0.113631469297468	9.113631469297468	30.998046997598394	31.029780754437393	1.3149422378403732
Occipital	-0.113631469297468	9.130077828463865	NA	30.992877096451682	NA
Occipital	-0.113631469297468	9.305656248242016	NA	30.604987018738687	NA
Occipital	-0.113631469297468	9.481234668020168	NA	30.227941764289053	NA
Occipital	-0.113631469297468	9.65681308779832	NA	29.861234457966827	NA
Occipital	-0.113631469297468	9.832391507576471	NA	29.504380338001045	NA
Occipital	-0.113631469297468	10.00796992735462	NA	29.156915798109655	NA
Occipital	-0.113631469297468	10.183548347132772	NA	28.818397471083223	NA
Occipital	-0.113631469297468	10.359126766910924	NA	28.48840135203421	NA
Occipital	-0.113631469297468	10.534705186689076	NA	28.172006772458353	NA
Occipital	-0.113631469297468	10.710283606467227	NA	27.868425725666675	NA
Occipital	-0.113631469297468	10.885862026245377	NA	27.575953431435245	NA
Occipital	-0.113631469297468	11.061440446023528	NA	27.294093688785125	NA
Occipital	-0.113631469297468	11.23701886580168	NA	27.022371844412778	NA
Occipital	-0.113631469297468	11.412597285579832	NA	26.760333859782502	NA
Occipital	-0.113631469297468	11.588175705357983	NA	26.507545418595882	NA
Occipital	-0.113631469297468	11.763754125136133	NA	26.263591072890904	NA
Occipital	-0.113631469297468	11.939332544914285	NA	26.02807342609855	NA
Occipital	-0.113631469297468	12.114910964692436	NA	25.800612351457843	NA
Occipital	-0.113631469297468	12.290489384470588	NA	25.580844244258483	NA
Occipital	-0.113631469297468	12.46606780424874	NA	25.368421306447672	NA
Occipital	-0.113631469297468	12.613631469297468	25.74950496428082	25.195328096299825	1.6340283656754413
Occipital	-0.113631469297468	12.64164622402689	NA	25.1630108621999	NA
Occipital	-0.113631469297468	12.81722464380504	NA	24.964294703109914	NA
Occipital	-0.113631469297468	12.992803063583192	NA	24.771968461726782	NA
Occipital	-0.113631469297468	13.168381483361344	NA	24.585741012202355	NA
Occipital	-0.113631469297468	13.343959903139496	NA	24.40533389688073	NA
Occipital	-0.113631469297468	13.519538322917647	NA	24.230480777705953	NA
Occipital	-0.113631469297468	13.695116742695797	NA	24.060926911374082	NA
Occipital	-0.113631469297468	13.870695162473949	NA	23.896428647201272	NA
Occipital	-0.113631469297468	14.0462735822521	NA	23.736752946725762	NA
Occipital	-0.113631469297468	14.221852002030252	NA	23.581676924102283	NA
Occipital	-0.113631469297468	14.397430421808403	NA	23.430987406389484	NA
Occipital	-0.113631469297468	14.573008841586553	NA	23.28448051286907	NA
Occipital	-0.113631469297468	14.748587261364705	NA	23.141961252573417	NA
Occipital	-0.113631469297468	14.924165681142856	NA	23.003243139233078	NA
Occipital	-0.113631469297468	15.099744100921008	NA	22.867612500262695	NA
Occipital	-0.113631469297468	15.27532252069916	NA	22.73441394734596	NA
Occipital	-0.113631469297468	15.450900940477311	NA	22.605016258806117	NA
Occipital	-0.113631469297468	15.62647936025546	NA	22.479244070779586	NA
Occipital	-0.113631469297468	15.802057780033612	NA	22.35692966007799	NA
Occipital	-0.113631469297468	15.977636199811764	NA	22.23791274402358	NA
Occipital	-0.113631469297468	16.153214619589914	NA	22.122040091834382	NA
Occipital	-0.113631469297468	16.328793039368065	NA	22.009164610755406	NA
Occipital	-0.113631469297468	16.504371459146217	NA	21.899145974004092	NA
Occipital	-0.113631469297468	16.67994987892437	NA	21.791849977861613	NA
Occipital	-0.113631469297468	16.85552829870252	NA	21.68714827643772	NA
Occipital	-0.113631469297468	17.03110671848067	NA	21.584918127916005	NA
Occipital	-0.113631469297468	17.206685138258823	NA	21.485042151782327	NA
Occipital	-0.113631469297468	17.382263558036975	NA	21.38740809656139	NA
Occipital	-0.113631469297468	17.557841977815126	NA	21.291908617606467	NA
Occipital	-0.113631469297468	17.613631469297466	21.784372836478266	21.261993125174126	1.4478588203936495
Occipital	-0.113631469297468	17.733420397593278	NA	21.19844106450728	NA
Occipital	-0.113631469297468	17.908998817371426	NA	21.10690727769976	NA
Occipital	-0.113631469297468	18.084577237149578	NA	21.01721339387941	NA
Occipital	-0.113631469297468	18.26015565692773	NA	20.929269659837228	NA
Occipital	-0.113631469297468	18.43573407670588	NA	20.84299025435376	NA
Occipital	-0.113631469297468	18.611312496484032	NA	20.75829311780242	NA
Occipital	-0.113631469297468	18.786890916262184	NA	20.67509978912851	NA
Occipital	-0.113631469297468	18.962469336040336	NA	20.593335249884635	NA
Occipital	-0.113631469297468	19.138047755818487	NA	20.512927775017232	NA
Occipital	-0.113631469297468	19.31362617559664	NA	20.433808790111904	NA
Occipital	-0.113631469297468	19.48920459537479	NA	20.35591273481813	NA
Occipital	-0.113631469297468	19.664783015152942	NA	20.279176932185813	NA
Occipital	-0.113631469297468	19.84036143493109	NA	20.203541463657885	NA
Occipital	-0.113631469297468	20.01593985470924	NA	20.128949049474077	NA
Occipital	-0.113631469297468	20.191518274487393	NA	20.055344934251846	NA
Occipital	-0.113631469297468	20.367096694265545	NA	19.9826767775201	NA
Occipital	-0.113631469297468	20.542675114043696	NA	19.91089454899171	NA
Occipital	-0.113631469297468	20.718253533821848	NA	19.839950428369374	NA
Occipital	-0.113631469297468	20.8938319536	NA	19.769798709488885	NA
Occipital	-0.113631469297468	21.06941037337815	NA	19.700395708612003	NA
Occipital	-0.113631469297468	21.244988793156303	NA	19.631699676689234	NA
Occipital	-0.113631469297468	21.420567212934454	NA	19.563670715420844	NA
Occipital	-0.113631469297468	21.596145632712602	NA	19.496270696951644	NA
Occipital	-0.113631469297468	21.771724052490754	NA	19.42946318704227	NA
Occipital	-0.113631469297468	21.947302472268905	NA	19.363213371566562	NA
Occipital	-0.113631469297468	22.122880892047057	NA	19.297487986190966	NA
Occipital	-0.113631469297468	22.29845931182521	NA	19.23225524909839	NA
Occipital	-0.113631469297468	22.47403773160336	NA	19.167484796624553	NA
Occipital	-0.113631469297468	22.613631469297466	19.098651079707896	19.116299695334952	1.3019202544847868
Occipital	-0.113631469297468	22.64961615138151	NA	19.103147621681067	NA
Occipital	-0.113631469297468	22.825194571159663	NA	19.03921601484427	NA
Occipital	-0.113631469297468	23.000772990937815	NA	18.975663507994767	NA
Occipital	-0.113631469297468	23.176351410715966	NA	18.91246482039704	NA
Occipital	-0.113631469297468	23.351929830494118	NA	18.849595807113722	NA
Occipital	-0.113631469297468	23.527508250272266	NA	18.787033409653308	NA
Occipital	-0.113631469297468	23.703086670050418	NA	18.724755608754723	NA
Occipital	-0.113631469297468	23.87866508982857	NA	18.6627413792163	NA
Occipital	-0.113631469297468	24.05424350960672	NA	18.600970677779944	NA
Occipital	-0.113631469297468	24.229821929384872	NA	18.539424306281987	NA
Occipital	-0.113631469297468	24.405400349163024	NA	18.47808396681658	NA
Occipital	-0.113631469297468	24.580978768941176	NA	18.41693219693665	NA
Occipital	-0.113631469297468	24.756557188719327	NA	18.355952330077606	NA
Occipital	-0.113631469297468	24.93213560849748	NA	18.29512846092388	NA
Occipital	-0.113631469297468	25.10771402827563	NA	18.234445412275146	NA
Occipital	-0.113631469297468	25.28329244805378	NA	18.173888703347583	NA
Occipital	-0.113631469297468	25.45887086783193	NA	18.113444519447718	NA
Occipital	-0.113631469297468	25.63444928761008	NA	18.05309968295978	NA
Occipital	-0.113631469297468	25.810027707388233	NA	17.99284162558944	NA
Occipital	-0.113631469297468	25.985606127166385	NA	17.932658361809835	NA
Occipital	-0.113631469297468	26.161184546944536	NA	17.872538463457506	NA
Occipital	-0.113631469297468	26.336762966722688	NA	17.812471035428768	NA
Occipital	-0.113631469297468	26.51234138650084	NA	17.752445692428758	NA
Occipital	-0.113631469297468	26.68791980627899	NA	17.69245253672758	NA
Occipital	-0.113631469297468	26.863498226057143	NA	17.632482136880025	NA
Occipital	-0.113631469297468	27.039076645835294	NA	17.572525507366997	NA
Occipital	-0.113631469297468	27.214655065613442	NA	17.512574089119294	NA
Occipital	-0.113631469297468	27.390233485391594	NA	17.452619730884386	NA
Occipital	-0.113631469297468	27.565811905169745	NA	17.392654671401168	NA
Occipital	-0.113631469297468	27.613631469297466	17.074242283621103	17.376320091932815	1.1868744691262425
Occipital	-0.113631469297468	27.741390324947897	NA	17.332671522346658	NA
Occipital	-0.113631469297468	27.91696874472605	NA	17.272663252021605	NA
Occipital	-0.113631469297468	28.0925471645042	NA	17.212623169743015	NA
Occipital	-0.113631469297468	28.268125584282352	NA	17.152544910912987	NA
Occipital	-0.113631469297468	28.443704004060503	NA	17.092422422734497	NA
Occipital	-0.113631469297468	28.619282423838655	NA	17.032249950546262	NA
Occipital	-0.113631469297468	28.794860843616807	NA	16.97202202474978	NA
Occipital	-0.113631469297468	28.970439263394958	NA	16.91173344830302	NA
Occipital	-0.113631469297468	29.146017683173106	NA	16.851379284756074	NA
Occipital	-0.113631469297468	29.321596102951258	NA	16.790954846805434	NA
Occipital	-0.113631469297468	29.49717452272941	NA	16.730455685344474	NA
Occipital	-0.113631469297468	29.67275294250756	NA	16.669877578988604	NA
Occipital	-0.113631469297468	29.848331362285712	NA	16.609216524054375	NA
Occipital	-0.113631469297468	30.023909782063864	NA	16.548468724973333	NA
Occipital	-0.113631469297468	30.199488201842016	NA	16.488531980300785	NA
Occipital	-0.113631469297468	30.375066621620167	NA	16.430032965595018	NA
Occipital	-0.113631469297468	30.55064504139832	NA	16.372483892547553	NA
Occipital	-0.113631469297468	30.72622346117647	NA	16.315842142182635	NA
Occipital	-0.113631469297468	30.901801880954622	NA	16.260066947123715	NA
Occipital	-0.113631469297468	31.07738030073277	NA	16.205119311424152	NA
Occipital	-0.113631469297468	31.25295872051092	NA	16.150961933867748	NA
Occipital	-0.113631469297468	31.428537140289073	NA	16.09755913458891	NA
Occipital	-0.113631469297468	31.604115560067225	NA	16.04487678486884	NA
Occipital	-0.113631469297468	31.779693979845376	NA	15.99288223997017	NA
Occipital	-0.113631469297468	31.955272399623528	NA	15.941544327011027	NA
Occipital	-0.113631469297468	32.13085081940168	NA	15.890833163813612	NA
Occipital	-0.113631469297468	32.30642923917983	NA	15.840720138100147	NA
Occipital	-0.113631469297468	32.48200765895798	NA	15.791177926229382	NA
Occipital	-0.113631469297468	32.61363146929747	15.38855376867535	15.754396792702718	1.0899810586698542
Occipital	-0.113631469297468	32.65758607873613	NA	15.742180393853129	NA
Occipital	-0.113631469297468	32.833164498514286	NA	15.693702544413025	NA
Occipital	-0.113631469297468	33.008742918292434	NA	15.645720469866392	NA
Occipital	-0.113631469297468	33.18432133807059	NA	15.598211303544756	NA
Occipital	-0.113631469297468	33.35989975784874	NA	15.55115317505283	NA
Occipital	-0.113631469297468	33.53547817762689	NA	15.50452516711946	NA
Occipital	-0.113631469297468	33.71105659740504	NA	15.458307274316311	NA
Occipital	-0.113631469297468	33.88663501718319	NA	15.412480363563162	NA
Occipital	-0.113631469297468	34.06221343696134	NA	15.367026136342766	NA
Occipital	-0.113631469297468	34.23779185673949	NA	15.321927092551089	NA
Occipital	-0.113631469297468	34.41337027651765	NA	15.277166495912262	NA
Occipital	-0.113631469297468	34.588948696295795	NA	15.232728340890434	NA
Occipital	-0.113631469297468	34.76452711607395	NA	15.188597321033857	NA
Occipital	-0.113631469297468	34.9401055358521	NA	15.14475879868909	NA
Occipital	-0.113631469297468	35.11568395563025	NA	15.101198776026147	NA
Occipital	-0.113631469297468	35.2912623754084	NA	15.057903867317735	NA
Occipital	-0.113631469297468	35.466840795186556	NA	15.014861272418388	NA
Occipital	-0.113631469297468	35.642419214964704	NA	14.97205875139154	NA
Occipital	-0.113631469297468	35.81799763474285	NA	14.929484600234895	NA
Occipital	-0.113631469297468	35.99357605452101	NA	14.887127627656366	NA
Occipital	-0.113631469297468	36.169154474299155	NA	14.844977132855522	NA
Occipital	-0.113631469297468	36.34473289407731	NA	14.803022884266523	NA
Occipital	-0.113631469297468	36.52031131385546	NA	14.761255099221318	NA
Occipital	-0.113631469297468	36.695889733633614	NA	14.719664424493129	NA
Occipital	-0.113631469297468	36.87146815341176	NA	14.678241917682055	NA
Occipital	-0.113631469297468	37.04704657318992	NA	14.636979029406518	NA
Occipital	-0.113631469297468	37.222624992968065	NA	14.595867586265536	NA
Occipital	-0.113631469297468	37.39820341274622	NA	14.554899774538487	NA
Occipital	-0.113631469297468	37.57378183252437	NA	14.514068124590512	NA
Occipital	-0.113631469297468	37.61363146929747	13.93633957620558	14.504819124695228	1.008429311913547
Occipital	-0.113631469297468	37.749360252302516	NA	14.473365495952933	NA
Occipital	-0.113631469297468	37.92493867208067	NA	14.43278506304956	NA
Occipital	-0.113631469297468	38.10051709185882	NA	14.39232030154079	NA
Occipital	-0.113631469297468	38.276095511636974	NA	14.351964975258971	NA
Occipital	-0.113631469297468	38.45167393141512	NA	14.311713123709215	NA
Occipital	-0.113631469297468	38.62725235119328	NA	14.27155905011135	NA
Occipital	-0.113631469297468	38.802830770971426	NA	14.231497309959552	NA
Occipital	-0.113631469297468	38.97840919074958	NA	14.191522700077178	NA
Occipital	-0.113631469297468	39.15398761052773	NA	14.151630248145437	NA
Occipital	-0.113631469297468	39.329566030305884	NA	14.111815202685431	NA
Occipital	-0.113631469297468	39.50514445008403	NA	14.072073023473862	NA
Occipital	-0.113631469297468	39.68072286986218	NA	14.032399372373606	NA
Occipital	-0.113631469297468	39.856301289640335	NA	13.992790106236566	NA
Occipital	-0.113631469297468	40.03187970941848	NA	13.953241270343405	NA
Occipital	-0.113631469297468	40.20745812919664	NA	13.913749073730164	NA
Occipital	-0.113631469297468	40.383036548974786	NA	13.87430990267046	NA
Occipital	-0.113631469297468	40.55861496875294	NA	13.834920305294752	NA
Occipital	-0.113631469297468	40.73419338853109	NA	13.795576984559927	NA
Occipital	-0.113631469297468	40.909771808309245	NA	13.756276791522758	NA
Occipital	-0.113631469297468	41.08535022808739	NA	13.717016718905013	NA
Occipital	-0.113631469297468	41.26092864786554	NA	13.67779389493708	NA
Occipital	-0.113631469297468	41.436507067643696	NA	13.638605577468033	NA
Occipital	-0.113631469297468	41.612085487421844	NA	13.599449148330873	NA
Occipital	-0.113631469297468	41.7876639072	NA	13.560322107951686	NA
Occipital	-0.113631469297468	41.96324232697815	NA	13.521222070192206	NA
Occipital	-0.113631469297468	42.1388207467563	NA	13.48214675741574	NA
Occipital	-0.113631469297468	42.31439916653445	NA	13.443093995766777	NA
Occipital	-0.113631469297468	42.489977586312605	NA	13.404061710654938	NA
Occipital	-0.113631469297468	42.61363146929747	12.919845448426416	13.376583815578751	0.94091476359211
Occipital	-0.113631469297468	42.66555600609075	NA	13.365047922434535	NA
Occipital	-0.113631469297468	42.84113442586891	NA	13.326050742271226	NA
Occipital	-0.113631469297468	43.016712845647056	NA	13.287068368187684	NA
Occipital	-0.113631469297468	43.192291265425204	NA	13.248099081280468	NA
Occipital	-0.113631469297468	43.36786968520336	NA	13.20914124210077	NA
Occipital	-0.113631469297468	43.54344810498151	NA	13.170193287191962	NA
Occipital	-0.113631469297468	43.71902652475966	NA	13.131253725777	NA
Occipital	-0.113631469297468	43.89460494453781	NA	13.092321136589389	NA
Occipital	-0.113631469297468	44.070183364315966	NA	13.05339416484139	NA
Occipital	-0.113631469297468	44.245761784094114	NA	13.014471519323534	NA
Occipital	-0.113631469297468	44.42134020387227	NA	12.975551969629805	NA
Occipital	-0.113631469297468	44.59691862365042	NA	12.936634343502975	NA
Occipital	-0.113631469297468	44.77249704342857	NA	12.897717524295004	NA
Occipital	-0.113631469297468	44.94807546320672	NA	12.858800448537409	NA
Occipital	-0.113631469297468	45.12365388298487	NA	12.81989147864386	NA
Occipital	-0.113631469297468	45.29923230276302	NA	12.781410341432439	NA
Occipital	-0.113631469297468	45.47481072254117	NA	12.743335508013107	NA
Occipital	-0.113631469297468	45.65038914231933	NA	12.705647298652488	NA
Occipital	-0.113631469297468	45.825967562097475	NA	12.668330151583701	NA
Occipital	-0.113631469297468	46.00154598187563	NA	12.631369173047021	NA
Occipital	-0.113631469297468	46.17712440165378	NA	12.594750108404748	NA
Occipital	-0.113631469297468	46.35270282143193	NA	12.558459314506086	NA
Occipital	-0.113631469297468	46.52828124121008	NA	12.52248373324798	NA
Occipital	-0.113631469297468	46.703859660988236	NA	12.486810866280011	NA
Occipital	-0.113631469297468	46.879438080766384	NA	12.451428750803993	NA
Occipital	-0.113631469297468	47.05501650054453	NA	12.416325936420812	NA
Occipital	-0.113631469297468	47.23059492032269	NA	12.381491462979167	NA
Occipital	-0.113631469297468	47.406173340100835	NA	12.34691483938294	NA
Occipital	-0.113631469297468	47.58175175987899	NA	12.312586023315593	NA
Occipital	-0.113631469297468	47.61363146929747	12.092298118187449	12.30637886860134	0.8834903698615684
Occipital	-0.113631469297468	47.75733017965714	NA	12.278495401842008	NA
Occipital	-0.113631469297468	47.932908599435294	NA	12.244633800324403	NA
Occipital	-0.113631469297468	48.10848701921344	NA	12.210992386013912	NA
Occipital	-0.113631469297468	48.2840654389916	NA	12.17756271975993	NA
Occipital	-0.113631469297468	48.459643858769745	NA	12.144336728579084	NA
Occipital	-0.113631469297468	48.6352222785479	NA	12.111306683757538	NA
Occipital	-0.113631469297468	48.81080069832605	NA	12.078465185975306	NA
Occipital	-0.113631469297468	48.986379118104196	NA	12.045805151074322	NA
Occipital	-0.113631469297468	49.16195753788235	NA	12.01331979644229	NA
Occipital	-0.113631469297468	49.3375359576605	NA	11.981002627985742	NA
Occipital	-0.113631469297468	49.513114377438654	NA	11.948847427666799	NA
Occipital	-0.113631469297468	49.6886927972168	NA	11.916848241579196	NA
Occipital	-0.113631469297468	49.86427121699496	NA	11.884999368540212	NA
Occipital	-0.113631469297468	50.039849636773106	NA	11.85329534917633	NA
Occipital	-0.113631469297468	50.21542805655126	NA	11.82173095548105	NA
Occipital	-0.113631469297468	50.39100647632941	NA	11.790301180824539	NA
Occipital	-0.113631469297468	50.56658489610756	NA	11.759001230395626	NA
Occipital	-0.113631469297468	50.74216331588571	NA	11.727826512057206	NA
Occipital	-0.113631469297468	50.91774173566386	NA	11.696772627597479	NA
Occipital	-0.113631469297468	51.093320155442015	NA	11.665835364359559	NA
Occipital	-0.113631469297468	51.26889857522016	NA	11.635010687233372	NA
Occipital	-0.113631469297468	51.44447699499832	NA	11.604294730993933	NA
Occipital	-0.113631469297468	51.620055414776466	NA	11.573683792971144	NA
Occipital	-0.113631469297468	51.79563383455462	NA	11.5431743260368	NA
Occipital	-0.113631469297468	51.97121225433277	NA	11.512762931894889	NA
Occipital	-0.113631469297468	52.146790674110925	NA	11.482446354662242	NA
Occipital	-0.113631469297468	52.32236909388907	NA	11.452221474726931	NA
Occipital	-0.113631469297468	52.49794751366722	NA	11.42208530287231	NA
Occipital	-0.113631469297468	52.61363146929747	11.262214084593763	11.402276469182516	0.8327447638909478
Occipital	-0.113631469297468	52.673525933445376	NA	11.39203497465527	NA
Occipital	-0.113631469297468	52.849104353223524	NA	11.36206774502775	NA
Occipital	-0.113631469297468	53.02468277300168	NA	11.332180983190852	NA
Occipital	-0.113631469297468	53.20026119277983	NA	11.30237216767162	NA
Occipital	-0.113631469297468	53.37583961255798	NA	11.272638881612746	NA
Occipital	-0.113631469297468	53.55141803233613	NA	11.242978808266102	NA
Occipital	-0.113631469297468	53.726996452114285	NA	11.213389726681097	NA
Occipital	-0.113631469297468	53.90257487189243	NA	11.183869507579667	NA
Occipital	-0.113631469297468	54.07815329167059	NA	11.15441610940958	NA
Occipital	-0.113631469297468	54.25373171144874	NA	11.1250275745686	NA
Occipital	-0.113631469297468	54.429310131226885	NA	11.095702025791764	NA
Occipital	-0.113631469297468	54.60488855100504	NA	11.066437662695066	NA
Occipital	-0.113631469297468	54.78046697078319	NA	11.037232758468638	NA
Occipital	-0.113631469297468	54.95604539056134	NA	11.008085656712863	NA
Occipital	-0.113631469297468	55.13162381033949	NA	10.978994768411356	NA
Occipital	-0.113631469297468	55.307202230117646	NA	10.949958569034926	NA
Occipital	-0.113631469297468	55.482780649895794	NA	10.920975595770683	NA
Occipital	-0.113631469297468	55.65835906967395	NA	10.892044444870981	NA
Occipital	-0.113631469297468	55.8339374894521	NA	10.86316377252663	NA
Occipital	-0.113631469297468	56.00951590923025	NA	10.834332286028122	NA
Occipital	-0.113631469297468	56.1850943290084	NA	10.805548739863372	NA
Occipital	-0.113631469297468	56.36067274878655	NA	10.776811942276801	NA
Occipital	-0.113631469297468	56.536251168564704	NA	10.748120748945299	NA
Occipital	-0.113631469297468	56.71182958834285	NA	10.719474060944878	NA
Occipital	-0.113631469297468	56.88740800812101	NA	10.690870822805191	NA
Occipital	-0.113631469297468	57.062986427899155	NA	10.662310020648173	NA
Occipital	-0.113631469297468	57.23856484767731	NA	10.633790680407165	NA
Occipital	-0.113631469297468	57.41414326745546	NA	10.605311866122978	NA
Occipital	-0.113631469297468	57.58972168723361	NA	10.576872678313697	NA
Occipital	-0.113631469297468	57.61363146929747	10.599491697911706	10.573002917574026	0.7903419439814352
Occipital	-0.113631469297468	57.76530010701176	NA	10.54847225241484	NA
Occipital	-0.113631469297468	57.940878526789916	NA	10.520109757287013	NA
Occipital	-0.113631469297468	58.116456946568064	NA	10.491784393788064	NA
Occipital	-0.113631469297468	58.29203536634621	NA	10.463495393406907	NA
Occipital	-0.113631469297468	58.46761378612437	NA	10.43524201695637	NA
Occipital	-0.113631469297468	58.643192205902515	NA	10.40702355332262	NA
Occipital	-0.113631469297468	58.81877062568067	NA	10.378839318268518	NA
Occipital	-0.113631469297468	58.99434904545882	NA	10.350688653288756	NA
Occipital	-0.113631469297468	59.169927465236974	NA	10.322570924514407	NA
Occipital	-0.113631469297468	59.34550588501512	NA	10.294485521664821	NA
Occipital	-0.113631469297468	59.52108430479328	NA	10.266431857044788	NA
Occipital	-0.113631469297468	59.696662724571425	NA	10.238409364585047	NA
Occipital	-0.113631469297468	59.87224114434958	NA	10.210417498924189	NA
Occipital	-0.113631469297468	60.04781956412773	NA	10.182455734530244	NA
Occipital	-0.113631469297468	60.223397983905876	NA	10.154643318550553	NA
Occipital	-0.113631469297468	60.39897640368403	NA	10.127256303394809	NA
Occipital	-0.113631469297468	60.57455482346218	NA	10.100214740226257	NA
Occipital	-0.113631469297468	60.750133243240334	NA	10.073506191995449	NA
Occipital	-0.113631469297468	60.92571166301848	NA	10.047118748119205	NA
Occipital	-0.113631469297468	61.10129008279664	NA	10.02104100175095	NA
Occipital	-0.113631469297468	61.276868502574786	NA	9.995262028034423	NA
Occipital	-0.113631469297468	61.45244692235294	NA	9.969771363298362	NA
Occipital	-0.113631469297468	61.62802534213109	NA	9.944558985151406	NA
Occipital	-0.113631469297468	61.803603761909244	NA	9.91961529343805	NA
Occipital	-0.113631469297468	61.97918218168739	NA	9.894931092018759	NA
Occipital	-0.113631469297468	62.15476060146554	NA	9.870497571338216	NA
Occipital	-0.113631469297468	62.330339021243695	NA	9.846306291747874	NA
Occipital	-0.113631469297468	62.50591744102184	NA	9.82234916754992	NA
Occipital	-0.113631469297468	62.61363146929747	9.88984565879236	9.807764501997582	0.752898792037626
Occipital	-0.113631469297468	62.6814958608	NA	9.798618451731668	NA
Occipital	-0.113631469297468	62.857074280578146	NA	9.775106721360283	NA
Occipital	-0.113631469297468	63.0326527003563	NA	9.751806863609467	NA
Occipital	-0.113631469297468	63.20823112013445	NA	9.728712062390537	NA
Occipital	-0.113631469297468	63.383809539912605	NA	9.705815785561997	NA
Occipital	-0.113631469297468	63.55938795969075	NA	9.683111772692259	NA
Occipital	-0.113631469297468	63.7349663794689	NA	9.660594025854564	NA
Occipital	-0.113631469297468	63.910544799247056	NA	9.638256815028642	NA
Occipital	-0.113631469297468	64.08612321902521	NA	9.616094600952541	NA
Occipital	-0.113631469297468	64.26170163880336	NA	9.59410209801155	NA
Occipital	-0.113631469297468	64.437280058581507	NA	9.572274238606349	NA
Occipital	-0.113631469297468	64.61285847835966	NA	9.55060616376782	NA
Occipital	-0.113631469297468	64.78843689813782	NA	9.529093214177955	NA
Occipital	-0.113631469297468	64.96401531791597	NA	9.507730921579046	NA
Occipital	-0.113631469297468	65.13959373769411	NA	9.486515000554505	NA
Occipital	-0.113631469297468	65.31517215747226	NA	9.465441340665107	NA
Occipital	-0.113631469297468	65.49075057725042	NA	9.444505998925411	NA
Occipital	-0.113631469297468	65.66632899702857	NA	9.42370519260547	NA
Occipital	-0.113631469297468	65.84190741680672	NA	9.403035292343935	NA
Occipital	-0.113631469297468	66.01748583658487	NA	9.382492815558933	NA
Occipital	-0.113631469297468	66.19306425636302	NA	9.362074420143909	NA
Occipital	-0.113631469297468	66.36864267614118	NA	9.341776898436098	NA
Occipital	-0.113631469297468	66.54422109591933	NA	9.321597171445744	NA
Occipital	-0.113631469297468	66.71979951569747	NA	9.301532283334929	NA
Occipital	-0.113631469297468	66.89537793547562	NA	9.28157939613508	NA
Occipital	-0.113631469297468	67.07095635525378	NA	9.26173578469289	NA
Occipital	-0.113631469297468	67.24653477503193	NA	9.241998831834753	NA
Occipital	-0.113631469297468	67.42211319481008	NA	9.222366023740241	NA
Occipital	-0.113631469297468	67.59769161458823	NA	9.20283494551567	NA
Occipital	-0.113631469297468	67.61363146929747	9.406639686862505	9.201066774295512	0.7208454116044913
Occipital	-0.113631469297468	67.77327003436638	NA	9.183403276958867	NA
Occipital	-0.113631469297468	67.94884845414454	NA	9.164068788507162	NA
Occipital	-0.113631469297468	68.12442687392269	NA	9.144829337360477	NA
Occipital	-0.113631469297468	68.30000529370083	NA	9.125682863771965	NA
Occipital	-0.113631469297468	68.47558371347898	NA	9.106627387499033	NA
Occipital	-0.113631469297468	68.65116213325715	NA	9.087661004407678	NA
Occipital	-0.113631469297468	68.8267405530353	NA	9.068781883223625	NA
Occipital	-0.113631469297468	69.00231897281344	NA	9.049988262423824	NA
Occipital	-0.113631469297468	69.17789739259159	NA	9.031278447262318	NA
Occipital	-0.113631469297468	69.35347581236974	NA	9.01265080692457	NA
Occipital	-0.113631469297468	69.5290542321479	NA	8.994103771804756	NA
Occipital	-0.113631469297468	69.70463265192605	NA	8.975635830900702	NA
Occipital	-0.113631469297468	69.8802110717042	NA	8.957245529321353	NA
Occipital	-0.113631469297468	70.05578949148234	NA	8.938931465901906	NA
Occipital	-0.113631469297468	70.2313679112605	NA	8.920692290921933	NA
Occipital	-0.113631469297468	70.40694633103865	NA	8.9025267039221	NA
Occipital	-0.113631469297468	70.5825247508168	NA	8.884433451615157	NA
Occipital	-0.113631469297468	70.75810317059495	NA	8.86641132588712	NA
Occipital	-0.113631469297468	70.93368159037311	NA	8.848459161884792	NA
Occipital	-0.113631469297468	71.10926001015126	NA	8.830575836185824	NA
Occipital	-0.113631469297468	71.28483842992941	NA	8.81276026504778	NA
Occipital	-0.113631469297468	71.46041684970756	NA	8.795011402732786	NA
Occipital	-0.113631469297468	71.6359952694857	NA	8.777328239904534	NA
Occipital	-0.113631469297468	71.81157368926387	NA	8.759709809169555	NA
Occipital	-0.113631469297468	71.98715210904201	NA	8.74215516479821	NA
Occipital	-0.113631469297468	72.16273052882016	NA	8.724663395039354	NA
Occipital	-0.113631469297468	72.33830894859831	NA	8.707233621485246	NA
Occipital	-0.113631469297468	72.51388736837647	NA	8.689864995093542	NA
Occipital	-0.113631469297468	72.61363146929747	9.019953539544613	8.680024988913143	0.6932929600517144
Occipital	-0.113631469297468	72.68946578815462	NA	8.672556694956981	NA
Occipital	-0.113631469297468	72.86504420793277	NA	8.65530792712618	NA
Occipital	-0.113631469297468	73.04062262771092	NA	8.638117923483152	NA
Occipital	-0.113631469297468	73.216201047489065	NA	8.62098594066338	NA
Occipital	-0.113631469297468	73.39177946726723	NA	8.603911259024366	NA
Occipital	-0.113631469297468	73.56735788704538	NA	8.586893181658647	NA
Occipital	-0.113631469297468	73.74293630682352	NA	8.569931033449302	NA
Occipital	-0.113631469297468	73.91851472660167	NA	8.5530241601662	NA
Occipital	-0.113631469297468	74.09409314637983	NA	8.536171927601147	NA
Occipital	-0.113631469297468	74.26967156615798	NA	8.519373720740276	NA
Occipital	-0.113631469297468	74.44524998593613	NA	8.502628942972075	NA
Occipital	-0.113631469297468	74.62082840571428	NA	8.485937015329542	NA
Occipital	-0.113631469297468	74.79640682549244	NA	8.469297375764903	NA
Occipital	-0.113631469297468	74.97198524527059	NA	8.452709478455589	NA
Occipital	-0.113631469297468	75.14756366504874	NA	8.436172793140017	NA
Occipital	-0.113631469297468	75.32314208482688	NA	8.419686804482016	NA
Occipital	-0.113631469297468	75.49872050460503	NA	8.403251011462503	NA
Occipital	-0.113631469297468	75.6742989243832	NA	8.386864926797346	NA
Occipital	-0.113631469297468	75.84987734416134	NA	8.370528076380252	NA
Occipital	-0.113631469297468	76.02545576393949	NA	8.354239998749605	NA
Occipital	-0.113631469297468	76.20103418371764	NA	8.338000244578128	NA
Occipital	-0.113631469297468	76.3766126034958	NA	8.321808376184556	NA
Occipital	-0.113631469297468	76.55219102327395	NA	8.305663967066215	NA
Occipital	-0.113631469297468	76.7277694430521	NA	8.289566601451662	NA
Occipital	-0.113631469297468	76.90334786283024	NA	8.273515873872558	NA
Occipital	-0.113631469297468	77.07892628260839	NA	8.257511388753796	NA
Occipital	-0.113631469297468	77.25450470238655	NA	8.241552760021353	NA
Occipital	-0.113631469297468	77.4300831221647	NA	8.225639610726795	NA
Occipital	-0.113631469297468	77.60566154194285	NA	8.209771572687954	NA
Occipital	-0.113631469297468	77.61363146929747	8.600576426504386	8.20905235106852	0.6673326006999584
Occipital	-0.113631469297468	77.781239961721	NA	8.193948286144968	NA
Occipital	-0.113631469297468	77.95681838149916	NA	8.178169399431054	NA
Occipital	-0.113631469297468	78.13239680127731	NA	8.162434568657314	NA
Occipital	-0.113631469297468	78.30797522105546	NA	8.14674345741106	NA
Occipital	-0.113631469297468	78.4835536408336	NA	8.13109573646704	NA
Occipital	-0.113631469297468	78.65913206061177	NA	8.115491083510985	NA
Occipital	-0.113631469297468	78.83471048038992	NA	8.099929182874934	NA
Occipital	-0.113631469297468	79.01028890016806	NA	8.084409725283885	NA
Occipital	-0.113631469297468	79.18586731994621	NA	8.068932407613227	NA
Occipital	-0.113631469297468	79.36144573972436	NA	8.053496932656543	NA
Occipital	-0.113631469297468	79.53702415950252	NA	8.03810300890327	NA
Occipital	-0.113631469297468	79.71260257928067	NA	8.022750352598923	NA
Occipital	-0.113631469297468	79.88818099905882	NA	8.007438684642706	NA
Occipital	-0.113631469297468	80.06375941883697	NA	7.992167725367354	NA
Occipital	-0.113631469297468	80.23933783861513	NA	7.976937204007814	NA
Occipital	-0.113631469297468	80.41491625839328	NA	7.961746854517165	NA
Occipital	-0.113631469297468	80.59049467817142	NA	7.946596415395298	NA
Occipital	-0.113631469297468	80.76607309794957	NA	7.931485629524868	NA
Occipital	-0.113631469297468	80.94165151772772	NA	7.91641424401411	NA
Occipital	-0.113631469297468	81.11722993750588	NA	7.901382010046411	NA
Occipital	-0.113631469297468	81.29280835728403	NA	7.886388682736195	NA
Occipital	-0.113631469297468	81.46838677706218	NA	7.871434020990869	NA
Occipital	-0.113631469297468	81.64396519684033	NA	7.856517787378632	NA
Occipital	-0.113631469297468	81.81954361661849	NA	7.841639748001823	NA
Occipital	-0.113631469297468	81.99512203639664	NA	7.826799672375636	NA
Occipital	-0.113631469297468	82.17070045617479	NA	7.811997333311911	NA
Occipital	-0.113631469297468	82.34627887595293	NA	7.797232506807795	NA
Occipital	-0.113631469297468	82.52185729573108	NA	7.782504971939122	NA
Occipital	-0.113631469297468	82.61363146929747	8.059980935080738	7.774821712078202	0.644933026438736
Occipital	-0.113631469297468	82.69743571550924	NA	7.767814510758217	NA
Occipital	-0.113631469297468	82.87301413528739	NA	7.753160908195986	NA
Occipital	-0.113631469297468	83.04859255506554	NA	7.738543951968098	NA
Occipital	-0.113631469297468	83.22417097484369	NA	7.723963432485099	NA
Occipital	-0.113631469297468	83.39974939462185	NA	7.709419142766278	NA
Occipital	-0.113631469297468	83.5753278144	NA	7.694910878357061	NA
Occipital	-0.113631469297468	83.75090623417815	NA	7.680438437249905	NA
Occipital	-0.113631469297468	83.9264846539563	NA	7.666001619808457	NA
Occipital	-0.113631469297468	84.10206307373446	NA	7.651600228694807	NA
Occipital	-0.113631469297468	84.2776414935126	NA	7.637234068799823	NA
Occipital	-0.113631469297468	84.45321991329075	NA	7.62290294717628	NA
Occipital	-0.113631469297468	84.6287983330689	NA	7.608606672974867	NA
Occipital	-0.113631469297468	84.80437675284705	NA	7.594345057382642	NA
Occipital	-0.113631469297468	84.97995517262521	NA	7.5801179135642105	NA
Occipital	-0.113631469297468	85.15553359240336	NA	7.56592505660517	NA
Occipital	-0.113631469297468	85.3311120121815	NA	7.551766303457917	NA
Occipital	-0.113631469297468	85.50669043195965	NA	7.5376414728896775	NA
Occipital	-0.113631469297468	85.68226885173782	NA	7.52355038543261	NA
Occipital	-0.113631469297468	85.85784727151596	NA	7.5094928633360105	NA
Occipital	-0.113631469297468	86.03342569129411	NA	7.495468730520337	NA
Occipital	-0.113631469297468	86.20900411107226	NA	7.481477812533191	NA
Occipital	-0.113631469297468	86.38458253085041	NA	7.467519936507027	NA
Occipital	-0.113631469297468	86.56016095062857	NA	7.4535949311185785	NA
Occipital	-0.113631469297468	86.73573937040672	NA	7.439702626549845	NA
Occipital	-0.113631469297468	86.91131779018487	NA	7.425842854450779	NA
Occipital	-0.113631469297468	87.08689620996302	NA	7.41201544790328	NA
Occipital	-0.113631469297468	87.26247462974118	NA	7.398220241386763	NA
Occipital	-0.113631469297468	87.43805304951933	NA	7.38445707074501	NA
Occipital	-0.113631469297468	87.61363146929747	7.92084355251946	7.370691304005023	0.6267952640834258
PCC	-0.113631469297468	0	0	-3.096059873644737e-14	0
PCC	-0.113631469297468	0.17557841977815125	NA	0.0186375284424635	NA
PCC	-0.113631469297468	0.3511568395563025	NA	0.048611601871078394	NA
PCC	-0.113631469297468	0.363631469297468	1.469986738544978	0.0511630273152444	0.5406318946080035
PCC	-0.113631469297468	0.5267352593344538	NA	6.187515772811516	NA
PCC	-0.113631469297468	0.702313679112605	NA	10.673064758486275	NA
PCC	-0.113631469297468	0.863631469297468	14.595919252869178	14.812942225464514	0.7614321513692394
PCC	-0.113631469297468	0.8778920988907563	NA	15.179774630402635	NA
PCC	-0.113631469297468	1.0534705186689075	NA	19.707868123928122	NA
PCC	-0.113631469297468	1.2290489384470589	NA	24.35671116624436	NA
PCC	-0.113631469297468	1.363631469297468	30.342800014952903	28.076231575413388	0.906689764733088
PCC	-0.113631469297468	1.40462735822521	NA	29.271549560438686	NA
PCC	-0.113631469297468	1.5802057780033612	NA	34.513077425676066	NA
PCC	-0.113631469297468	1.7557841977815125	NA	39.59520959298066	NA
PCC	-0.113631469297468	1.863631469297468	45.40008564350716	42.72216801833904	1.01687563871536
PCC	-0.113631469297468	1.9313626175596639	NA	44.697395108629095	NA
PCC	-0.113631469297468	2.106941037337815	NA	49.34209992974897	NA
PCC	-0.113631469297468	2.282519457115966	NA	51.96644467935182	NA
PCC	-0.113631469297468	2.363631469297468	51.52764020438374	52.44601615283589	1.063249747548116
PCC	-0.113631469297468	2.4580978768941177	NA	52.526650996485046	NA
PCC	-0.113631469297468	2.633676296672269	NA	52.43906796923622	NA
PCC	-0.113631469297468	2.80925471645042	NA	52.48824307807536	NA
PCC	-0.113631469297468	2.863631469297468	51.5032738829844	52.44132063055495	1.0563290442417974
PCC	-0.113631469297468	2.984833136228571	NA	52.232821760301505	NA
PCC	-0.113631469297468	3.1604115560067223	NA	51.771663469019366	NA
PCC	-0.113631469297468	3.335989975784874	NA	51.17879886447523	NA
PCC	-0.113631469297468	3.511568395563025	NA	50.60752383726198	NA
PCC	-0.113631469297468	3.613631469297468	49.314479580256126	50.255894449429185	1.2801733520325422
PCC	-0.113631469297468	3.687146815341176	NA	49.99390119391424	NA
PCC	-0.113631469297468	3.8627252351193277	NA	49.339263306721726	NA
PCC	-0.113631469297468	4.0383036548974784	NA	48.644885900849694	NA
PCC	-0.113631469297468	4.21388207467563	NA	47.91199060717095	NA
PCC	-0.113631469297468	4.389460494453782	NA	47.14174739900532	NA
PCC	-0.113631469297468	4.565038914231932	NA	46.33527691805313	NA
PCC	-0.113631469297468	4.613631469297468	45.22205040671657	46.105843712820956	1.2355345831774884
PCC	-0.113631469297468	4.740617334010084	NA	45.49365269456854	NA
PCC	-0.113631469297468	4.9161957537882355	NA	44.61790326658877	NA
PCC	-0.113631469297468	5.091774173566386	NA	43.787135091350024	NA
PCC	-0.113631469297468	5.267352593344538	NA	43.00067712810136	NA
PCC	-0.113631469297468	5.4429310131226885	NA	42.244855396300295	NA
PCC	-0.113631469297468	5.613631469297468	41.888398350563556	41.53802547221416	1.1929764114826216
PCC	-0.113631469297468	5.61850943290084	NA	41.51821706932521	NA
PCC	-0.113631469297468	5.794087852678992	NA	40.81937588397938	NA
PCC	-0.113631469297468	5.969666272457142	NA	40.14700910597187	NA
PCC	-0.113631469297468	6.145244692235294	NA	39.49985463363462	NA
PCC	-0.113631469297468	6.320823112013445	NA	38.87670823357922	NA
PCC	-0.113631469297468	6.496401531791596	NA	38.27642090228343	NA
PCC	-0.113631469297468	6.671979951569748	NA	37.697896347871556	NA
PCC	-0.113631469297468	6.8475583713478985	NA	37.1400885866139	NA
PCC	-0.113631469297468	7.02313679112605	NA	36.601999648919694	NA
PCC	-0.113631469297468	7.113631469297468	36.688581135197296	36.33204953878184	1.4084829977458366
PCC	-0.113631469297468	7.198715210904202	NA	36.082677389836356	NA
PCC	-0.113631469297468	7.374293630682352	NA	35.58121339929484	NA
PCC	-0.113631469297468	7.549872050460504	NA	35.09674100755721	NA
PCC	-0.113631469297468	7.7254504702386555	NA	34.628433381530876	NA
PCC	-0.113631469297468	7.901028890016806	NA	34.17550170780952	NA
PCC	-0.113631469297468	8.076607309794957	NA	33.73719480797141	NA
PCC	-0.113631469297468	8.252185729573108	NA	33.31279403549614	NA
PCC	-0.113631469297468	8.42776414935126	NA	32.90161374696486	NA
PCC	-0.113631469297468	8.603342569129412	NA	32.503000651715105	NA
PCC	-0.113631469297468	8.778920988907563	NA	32.116331561921	NA
PCC	-0.113631469297468	8.954499408685713	NA	31.74101201910453	NA
PCC	-0.113631469297468	9.113631469297468	31.744744452812046	31.410174416575313	1.3149422378403732
PCC	-0.113631469297468	9.130077828463865	NA	31.37647498322313	NA
PCC	-0.113631469297468	9.305656248242016	NA	31.02217958148306	NA
PCC	-0.113631469297468	9.481234668020168	NA	30.67760991415823	NA
PCC	-0.113631469297468	9.65681308779832	NA	30.342273914817664	NA
PCC	-0.113631469297468	9.832391507576471	NA	30.0157022624834	NA
PCC	-0.113631469297468	10.00796992735462	NA	29.69744734335352	NA
PCC	-0.113631469297468	10.183548347132772	NA	29.387082259832127	NA
PCC	-0.113631469297468	10.359126766910924	NA	29.08419988471199	NA
PCC	-0.113631469297468	10.534705186689076	NA	28.7938588763734	NA
PCC	-0.113631469297468	10.710283606467227	NA	28.515216455460095	NA
PCC	-0.113631469297468	10.885862026245377	NA	28.246588274174137	NA
PCC	-0.113631469297468	11.061440446023528	NA	27.987501096123562	NA
PCC	-0.113631469297468	11.23701886580168	NA	27.737503356125632	NA
PCC	-0.113631469297468	11.412597285579832	NA	27.496164172326107	NA
PCC	-0.113631469297468	11.588175705357983	NA	27.2630724033204	NA
PCC	-0.113631469297468	11.763754125136133	NA	27.037835748226858	NA
PCC	-0.113631469297468	11.939332544914285	NA	26.820079887755625	NA
PCC	-0.113631469297468	12.114910964692436	NA	26.609447664405895	NA
PCC	-0.113631469297468	12.290489384470588	NA	26.405598300009146	NA
PCC	-0.113631469297468	12.46606780424874	NA	26.208206648917425	NA
PCC	-0.113631469297468	12.613631469297468	26.88833637773855	26.04707653510367	1.6340283656754413
PCC	-0.113631469297468	12.64164622402689	NA	26.016962485212925	NA
PCC	-0.113631469297468	12.81722464380504	NA	25.831569822389277	NA
PCC	-0.113631469297468	12.992803063583192	NA	25.65174626402546	NA
PCC	-0.113631469297468	13.168381483361344	NA	25.47722238404071	NA
PCC	-0.113631469297468	13.343959903139496	NA	25.307741135182816	NA
PCC	-0.113631469297468	13.519538322917647	NA	25.143057284463985	NA
PCC	-0.113631469297468	13.695116742695797	NA	24.982936874316962	NA
PCC	-0.113631469297468	13.870695162473949	NA	24.827156708299125	NA
PCC	-0.113631469297468	14.0462735822521	NA	24.675503860227447	NA
PCC	-0.113631469297468	14.221852002030252	NA	24.5277752056762	NA
PCC	-0.113631469297468	14.397430421808403	NA	24.3837769748193	NA
PCC	-0.113631469297468	14.573008841586553	NA	24.243324325644608	NA
PCC	-0.113631469297468	14.748587261364705	NA	24.106240936612707	NA
PCC	-0.113631469297468	14.924165681142856	NA	23.972358617874036	NA
PCC	-0.113631469297468	15.099744100921008	NA	23.84098077734521	NA
PCC	-0.113631469297468	15.27532252069916	NA	23.711458629752418	NA
PCC	-0.113631469297468	15.450900940477311	NA	23.585175178395815	NA
PCC	-0.113631469297468	15.62647936025546	NA	23.461972522101934	NA
PCC	-0.113631469297468	15.802057780033612	NA	23.341700022271116	NA
PCC	-0.113631469297468	15.977636199811764	NA	23.224214081785277	NA
PCC	-0.113631469297468	16.153214619589914	NA	23.10937776675553	NA
PCC	-0.113631469297468	16.328793039368065	NA	22.99705999208619	NA
PCC	-0.113631469297468	16.504371459146217	NA	22.887136006815616	NA
PCC	-0.113631469297468	16.67994987892437	NA	22.7794868102098	NA
PCC	-0.113631469297468	16.85552829870252	NA	22.673998889386887	NA
PCC	-0.113631469297468	17.03110671848067	NA	22.570563968895634	NA
PCC	-0.113631469297468	17.206685138258823	NA	22.46907877170321	NA
PCC	-0.113631469297468	17.382263558036975	NA	22.369444791072905	NA
PCC	-0.113631469297468	17.557841977815126	NA	22.27156807283528	NA
PCC	-0.113631469297468	17.613631469297466	22.47588730667967	22.24082052441946	1.4478588203936495
PCC	-0.113631469297468	17.733420397593278	NA	22.175359007579793	NA
PCC	-0.113631469297468	17.908998817371426	NA	22.08073213231472	NA
PCC	-0.113631469297468	18.084577237149578	NA	21.98760594116408	NA
PCC	-0.113631469297468	18.26015565692773	NA	21.89590270469022	NA
PCC	-0.113631469297468	18.43573407670588	NA	21.80554829744875	NA
PCC	-0.113631469297468	18.611312496484032	NA	21.716472033401168	NA
PCC	-0.113631469297468	18.786890916262184	NA	21.628606508827	NA
PCC	-0.113631469297468	18.962469336040336	NA	21.541887452394093	NA
PCC	-0.113631469297468	19.138047755818487	NA	21.456253582060754	NA
PCC	-0.113631469297468	19.31362617559664	NA	21.37164646849871	NA
PCC	-0.113631469297468	19.48920459537479	NA	21.288010404739776	NA
PCC	-0.113631469297468	19.664783015152942	NA	21.205292281762773	NA
PCC	-0.113631469297468	19.84036143493109	NA	21.12344146975005	NA
PCC	-0.113631469297468	20.01593985470924	NA	21.04240970475538	NA
PCC	-0.113631469297468	20.191518274487393	NA	20.962150980536805	NA
PCC	-0.113631469297468	20.367096694265545	NA	20.882621445319018	NA
PCC	-0.113631469297468	20.542675114043696	NA	20.803779303260807	NA
PCC	-0.113631469297468	20.718253533821848	NA	20.72558472041326	NA
PCC	-0.113631469297468	20.8938319536	NA	20.64799973496413	NA
PCC	-0.113631469297468	21.06941037337815	NA	20.570988171573056	NA
PCC	-0.113631469297468	21.244988793156303	NA	20.494515559611415	NA
PCC	-0.113631469297468	21.420567212934454	NA	20.418549055128857	NA
PCC	-0.113631469297468	21.596145632712602	NA	20.343057366376776	NA
PCC	-0.113631469297468	21.771724052490754	NA	20.268010682726633	NA
PCC	-0.113631469297468	21.947302472268905	NA	20.193380606828597	NA
PCC	-0.113631469297468	22.122880892047057	NA	20.119140089862853	NA
PCC	-0.113631469297468	22.29845931182521	NA	20.045263369742557	NA
PCC	-0.113631469297468	22.47403773160336	NA	19.971725912134207	NA
PCC	-0.113631469297468	22.613631469297466	19.666613317084405	19.913486531152426	1.3019202544847868
PCC	-0.113631469297468	22.64961615138151	NA	19.89850435416694	NA
PCC	-0.113631469297468	22.825194571159663	NA	19.82557645070826	NA
PCC	-0.113631469297468	23.000772990937815	NA	19.752921023089336	NA
PCC	-0.113631469297468	23.176351410715966	NA	19.680517910168252	NA
PCC	-0.113631469297468	23.351929830494118	NA	19.608347921624723	NA
PCC	-0.113631469297468	23.527508250272266	NA	19.536392793384564	NA
PCC	-0.113631469297468	23.703086670050418	NA	19.464635145077004	NA
PCC	-0.113631469297468	23.87866508982857	NA	19.393058439432043	NA
PCC	-0.113631469297468	24.05424350960672	NA	19.321646964356876	NA
PCC	-0.113631469297468	24.229821929384872	NA	19.250385731417037	NA
PCC	-0.113631469297468	24.405400349163024	NA	19.179260505158297	NA
PCC	-0.113631469297468	24.580978768941176	NA	19.108257750780353	NA
PCC	-0.113631469297468	24.756557188719327	NA	19.037364599698428	NA
PCC	-0.113631469297468	24.93213560849748	NA	18.96656881886113	NA
PCC	-0.113631469297468	25.10771402827563	NA	18.895858781468345	NA
PCC	-0.113631469297468	25.28329244805378	NA	18.825223439024885	NA
PCC	-0.113631469297468	25.45887086783193	NA	18.7546522946696	NA
PCC	-0.113631469297468	25.63444928761008	NA	18.684135377721272	NA
PCC	-0.113631469297468	25.810027707388233	NA	18.61366321938632	NA
PCC	-0.113631469297468	25.985606127166385	NA	18.54322682957507	NA
PCC	-0.113631469297468	26.161184546944536	NA	18.472817674776277	NA
PCC	-0.113631469297468	26.336762966722688	NA	18.402427656941548	NA
PCC	-0.113631469297468	26.51234138650084	NA	18.332049093333772	NA
PCC	-0.113631469297468	26.68791980627899	NA	18.261674697295483	NA
PCC	-0.113631469297468	26.863498226057143	NA	18.191297559895435	NA
PCC	-0.113631469297468	27.039076645835294	NA	18.120911132413106	NA
PCC	-0.113631469297468	27.214655065613442	NA	18.05050920962353	NA
PCC	-0.113631469297468	27.390233485391594	NA	17.980085913844785	NA
PCC	-0.113631469297468	27.565811905169745	NA	17.909635679714988	NA
PCC	-0.113631469297468	27.613631469297466	17.12924403725456	17.890442885532057	1.1868744691262425
PCC	-0.113631469297468	27.741390324947897	NA	17.83915323966427	NA
PCC	-0.113631469297468	27.91696874472605	NA	17.76863361005066	NA
PCC	-0.113631469297468	28.0925471645042	NA	17.69807207792952	NA
PCC	-0.113631469297468	28.268125584282352	NA	17.627464188427556	NA
PCC	-0.113631469297468	28.443704004060503	NA	17.55680573269397	NA
PCC	-0.113631469297468	28.619282423838655	NA	17.48609273640246	NA
PCC	-0.113631469297468	28.794860843616807	NA	17.4153214487788	NA
PCC	-0.113631469297468	28.970439263394958	NA	17.344488332130297	NA
PCC	-0.113631469297468	29.146017683173106	NA	17.27359005185402	NA
PCC	-0.113631469297468	29.321596102951258	NA	17.20262346690211	NA
PCC	-0.113631469297468	29.49717452272941	NA	17.131585620683353	NA
PCC	-0.113631469297468	29.67275294250756	NA	17.060473732380984	NA
PCC	-0.113631469297468	29.848331362285712	NA	16.989285188667967	NA
PCC	-0.113631469297468	30.023909782063864	NA	16.918017535801443	NA
PCC	-0.113631469297468	30.199488201842016	NA	16.847563885642042	NA
PCC	-0.113631469297468	30.375066621620167	NA	16.77852925628283	NA
PCC	-0.113631469297468	30.55064504139832	NA	16.710425903812247	NA
PCC	-0.113631469297468	30.72622346117647	NA	16.64321377077073	NA
PCC	-0.113631469297468	30.901801880954622	NA	16.576854608280016	NA
PCC	-0.113631469297468	31.07738030073277	NA	16.51131189377269	NA
PCC	-0.113631469297468	31.25295872051092	NA	16.44655075246821	NA
PCC	-0.113631469297468	31.428537140289073	NA	16.38253788242501	NA
PCC	-0.113631469297468	31.604115560067225	NA	16.319241483005552	NA
PCC	-0.113631469297468	31.779693979845376	NA	16.256631186599062	NA
PCC	-0.113631469297468	31.955272399623528	NA	16.194678045810242	NA
PCC	-0.113631469297468	32.13085081940168	NA	16.133354351596854	NA
PCC	-0.113631469297468	32.30642923917983	NA	16.072633611154657	NA
PCC	-0.113631469297468	32.48200765895798	NA	16.01249056681889	NA
PCC	-0.113631469297468	32.61363146929747	15.546007634555655	15.96776815678744	1.0899810586698542
PCC	-0.113631469297468	32.65758607873613	NA	15.952901096435122	NA
PCC	-0.113631469297468	32.833164498514286	NA	15.893842161739453	NA
PCC	-0.113631469297468	33.008742918292434	NA	15.835291759089449	NA
PCC	-0.113631469297468	33.18432133807059	NA	15.777228872438311	NA
PCC	-0.113631469297468	33.35989975784874	NA	15.719633428450491	NA
PCC	-0.113631469297468	33.53547817762689	NA	15.662486253660914	NA
PCC	-0.113631469297468	33.71105659740504	NA	15.605769033585013	NA
PCC	-0.113631469297468	33.88663501718319	NA	15.549464273690425	NA
PCC	-0.113631469297468	34.06221343696134	NA	15.49355526214585	NA
PCC	-0.113631469297468	34.23779185673949	NA	15.438026034265885	NA
PCC	-0.113631469297468	34.41337027651765	NA	15.382861338574763	NA
PCC	-0.113631469297468	34.588948696295795	NA	15.328046604415169	NA
PCC	-0.113631469297468	34.76452711607395	NA	15.273567911031742	NA
PCC	-0.113631469297468	34.9401055358521	NA	15.219411958062267	NA
PCC	-0.113631469297468	35.11568395563025	NA	15.165566037372177	NA
PCC	-0.113631469297468	35.2912623754084	NA	15.112018006171409	NA
PCC	-0.113631469297468	35.466840795186556	NA	15.058756261355102	NA
PCC	-0.113631469297468	35.642419214964704	NA	15.005769715012443	NA
PCC	-0.113631469297468	35.81799763474285	NA	14.953047771050377	NA
PCC	-0.113631469297468	35.99357605452101	NA	14.900580302881552	NA
PCC	-0.113631469297468	36.169154474299155	NA	14.848357632127854	NA
PCC	-0.113631469297468	36.34473289407731	NA	14.796370508293396	NA
PCC	-0.113631469297468	36.52031131385546	NA	14.744610089362826	NA
PCC	-0.113631469297468	36.695889733633614	NA	14.69306792328268	NA
PCC	-0.113631469297468	36.87146815341176	NA	14.641735930285693	NA
PCC	-0.113631469297468	37.04704657318992	NA	14.590606386019589	NA
PCC	-0.113631469297468	37.222624992968065	NA	14.539671905443821	NA
PCC	-0.113631469297468	37.39820341274622	NA	14.488925427459128	NA
PCC	-0.113631469297468	37.57378183252437	NA	14.438360200236682	NA
PCC	-0.113631469297468	37.61363146929747	14.00100611337458	14.426908404570764	1.008429311913547
PCC	-0.113631469297468	37.749360252302516	NA	14.387969767214857	NA
PCC	-0.113631469297468	37.92493867208067	NA	14.337747953733315	NA
PCC	-0.113631469297468	38.10051709185882	NA	14.28768885427527	NA
PCC	-0.113631469297468	38.276095511636974	NA	14.23778682029034	NA
PCC	-0.113631469297468	38.45167393141512	NA	14.188036448571447	NA
PCC	-0.113631469297468	38.62725235119328	NA	14.138432570160631	NA
PCC	-0.113631469297468	38.802830770971426	NA	14.088970239759618	NA
PCC	-0.113631469297468	38.97840919074958	NA	14.039644725622168	NA
PCC	-0.113631469297468	39.15398761052773	NA	13.990451499906317	NA
PCC	-0.113631469297468	39.329566030305884	NA	13.941386229465445	NA
PCC	-0.113631469297468	39.50514445008403	NA	13.892444767058386	NA
PCC	-0.113631469297468	39.68072286986218	NA	13.843623142959226	NA
PCC	-0.113631469297468	39.856301289640335	NA	13.794917560065564	NA
PCC	-0.113631469297468	40.03187970941848	NA	13.746324390302531	NA
PCC	-0.113631469297468	40.20745812919664	NA	13.69784013546959	NA
PCC	-0.113631469297468	40.383036548974786	NA	13.649461459441582	NA
PCC	-0.113631469297468	40.55861496875294	NA	13.601185167042766	NA
PCC	-0.113631469297468	40.73419338853109	NA	13.553008197701434	NA
PCC	-0.113631469297468	40.909771808309245	NA	13.50492761939273	NA
PCC	-0.113631469297468	41.08535022808739	NA	13.456940622857239	NA
PCC	-0.113631469297468	41.26092864786554	NA	13.409044516082169	NA
PCC	-0.113631469297468	41.436507067643696	NA	13.361236719033537	NA
PCC	-0.113631469297468	41.612085487421844	NA	13.313514758627724	NA
PCC	-0.113631469297468	41.7876639072	NA	13.265876263931602	NA
PCC	-0.113631469297468	41.96324232697815	NA	13.218318961580845	NA
PCC	-0.113631469297468	42.1388207467563	NA	13.170840671406394	NA
PCC	-0.113631469297468	42.31439916653445	NA	13.123439302259673	NA
PCC	-0.113631469297468	42.489977586312605	NA	13.076112848027504	NA
PCC	-0.113631469297468	42.61363146929747	12.469801306081669	13.042826340241318	0.94091476359211
PCC	-0.113631469297468	42.66555600609075	NA	13.028859383828024	NA
PCC	-0.113631469297468	42.84113442586891	NA	12.981677062379442	NA
PCC	-0.113631469297468	43.016712845647056	NA	12.934564110533683	NA
PCC	-0.113631469297468	43.192291265425204	NA	12.88751882596756	NA
PCC	-0.113631469297468	43.36786968520336	NA	12.840539574024016	NA
PCC	-0.113631469297468	43.54344810498151	NA	12.793624784697004	NA
PCC	-0.113631469297468	43.71902652475966	NA	12.746772949753069	NA
PCC	-0.113631469297468	43.89460494453781	NA	12.6999826199837	NA
PCC	-0.113631469297468	44.070183364315966	NA	12.653252402582313	NA
PCC	-0.113631469297468	44.245761784094114	NA	12.606580958640338	NA
PCC	-0.113631469297468	44.42134020387227	NA	12.559967000756846	NA
PCC	-0.113631469297468	44.59691862365042	NA	12.51340929075665	NA
PCC	-0.113631469297468	44.77249704342857	NA	12.466906637511936	NA
PCC	-0.113631469297468	44.94807546320672	NA	12.420457894862595	NA
PCC	-0.113631469297468	45.12365388298487	NA	12.374071287955692	NA
PCC	-0.113631469297468	45.29923230276302	NA	12.328159749017653	NA
PCC	-0.113631469297468	45.47481072254117	NA	12.282696686552292	NA
PCC	-0.113631469297468	45.65038914231933	NA	12.237662839002926	NA
PCC	-0.113631469297468	45.825967562097475	NA	12.193043056431398	NA
PCC	-0.113631469297468	46.00154598187563	NA	12.148822849154334	NA
PCC	-0.113631469297468	46.17712440165378	NA	12.104988357871346	NA
PCC	-0.113631469297468	46.35270282143193	NA	12.061526325152265	NA
PCC	-0.113631469297468	46.52828124121008	NA	12.018424068221965	NA
PCC	-0.113631469297468	46.703859660988236	NA	11.975669452983222	NA
PCC	-0.113631469297468	46.879438080766384	NA	11.933250869221663	NA
PCC	-0.113631469297468	47.05501650054453	NA	11.891157206938638	NA
PCC	-0.113631469297468	47.23059492032269	NA	11.849377833760812	NA
PCC	-0.113631469297468	47.406173340100835	NA	11.807902573377435	NA
PCC	-0.113631469297468	47.58175175987899	NA	11.766721684958434	NA
PCC	-0.113631469297468	47.61363146929747	11.340018181282726	11.759275437511334	0.8834903698615684
PCC	-0.113631469297468	47.75733017965714	NA	11.72582584350867	NA
PCC	-0.113631469297468	47.932908599435294	NA	11.685206154504117	NA
PCC	-0.113631469297468	48.10848701921344	NA	11.644854040981281	NA
PCC	-0.113631469297468	48.2840654389916	NA	11.60476130881139	NA
PCC	-0.113631469297468	48.459643858769745	NA	11.564920117302298	NA
PCC	-0.113631469297468	48.6352222785479	NA	11.525322955976064	NA
PCC	-0.113631469297468	48.81080069832605	NA	11.485962629710471	NA
PCC	-0.113631469297468	48.986379118104196	NA	11.446832244556159	NA
PCC	-0.113631469297468	49.16195753788235	NA	11.407925194198487	NA
PCC	-0.113631469297468	49.3375359576605	NA	11.369235147034834	NA
PCC	-0.113631469297468	49.513114377438654	NA	11.33075603383931	NA
PCC	-0.113631469297468	49.6886927972168	NA	11.292482035988135	NA
PCC	-0.113631469297468	49.86427121699496	NA	11.254407574220053	NA
PCC	-0.113631469297468	50.039849636773106	NA	11.216527297907632	NA
PCC	-0.113631469297468	50.21542805655126	NA	11.178836074815965	NA
PCC	-0.113631469297468	50.39100647632941	NA	11.14132898132674	NA
PCC	-0.113631469297468	50.56658489610756	NA	11.10400129310639	NA
PCC	-0.113631469297468	50.74216331588571	NA	11.066848476198127	NA
PCC	-0.113631469297468	50.91774173566386	NA	11.029866178518647	NA
PCC	-0.113631469297468	51.093320155442015	NA	10.993050221740923	NA
PCC	-0.113631469297468	51.26889857522016	NA	10.956396593545659	NA
PCC	-0.113631469297468	51.44447699499832	NA	10.919901440224507	NA
PCC	-0.113631469297468	51.620055414776466	NA	10.883561059619135	NA
PCC	-0.113631469297468	51.79563383455462	NA	10.84737189438074	NA
PCC	-0.113631469297468	51.97121225433277	NA	10.811330525535546	NA
PCC	-0.113631469297468	52.146790674110925	NA	10.775433666342234	NA
PCC	-0.113631469297468	52.32236909388907	NA	10.739678156428102	NA
PCC	-0.113631469297468	52.49794751366722	NA	10.704060956191247	NA
PCC	-0.113631469297468	52.61363146929747	10.433548404110804	10.68066789883237	0.8327447638909478
PCC	-0.113631469297468	52.673525933445376	NA	10.6685791414566	NA
PCC	-0.113631469297468	52.849104353223524	NA	10.633229898374385	NA
PCC	-0.113631469297468	53.02468277300168	NA	10.598010518549804	NA
PCC	-0.113631469297468	53.20026119277983	NA	10.562918394393575	NA
PCC	-0.113631469297468	53.37583961255798	NA	10.527951014683177	NA
PCC	-0.113631469297468	53.55141803233613	NA	10.493105960325238	NA
PCC	-0.113631469297468	53.726996452114285	NA	10.458380900309907	NA
PCC	-0.113631469297468	53.90257487189243	NA	10.42377358784851	NA
PCC	-0.113631469297468	54.07815329167059	NA	10.389281856686054	NA
PCC	-0.113631469297468	54.25373171144874	NA	10.354903617580813	NA
PCC	-0.113631469297468	54.429310131226885	NA	10.32063685494306	NA
PCC	-0.113631469297468	54.60488855100504	NA	10.286479623626079	NA
PCC	-0.113631469297468	54.78046697078319	NA	10.252430045862301	NA
PCC	-0.113631469297468	54.95604539056134	NA	10.218486308338008	NA
PCC	-0.113631469297468	55.13162381033949	NA	10.18464665940029	NA
PCC	-0.113631469297468	55.307202230117646	NA	10.150909406390292	NA
PCC	-0.113631469297468	55.482780649895794	NA	10.117272913096958	NA
PCC	-0.113631469297468	55.65835906967395	NA	10.083735597325768	NA
PCC	-0.113631469297468	55.8339374894521	NA	10.050295935244169	NA
PCC	-0.113631469297468	56.00951590923025	NA	10.016952446847126	NA
PCC	-0.113631469297468	56.1850943290084	NA	9.983703690373131	NA
PCC	-0.113631469297468	56.36067274878655	NA	9.950548277523373	NA
PCC	-0.113631469297468	56.536251168564704	NA	9.917484863408662	NA
PCC	-0.113631469297468	56.71182958834285	NA	9.88451214470646	NA
PCC	-0.113631469297468	56.88740800812101	NA	9.85162885790092	NA
PCC	-0.113631469297468	57.062986427899155	NA	9.818833777602318	NA
PCC	-0.113631469297468	57.23856484767731	NA	9.786125714941967	NA
PCC	-0.113631469297468	57.41414326745546	NA	9.753503516039514	NA
PCC	-0.113631469297468	57.58972168723361	NA	9.720966060539002	NA
PCC	-0.113631469297468	57.61363146929747	9.891270365565484	9.716541677124015	0.7903419439814352
PCC	-0.113631469297468	57.76530010701176	NA	9.688512260210889	NA
PCC	-0.113631469297468	57.940878526789916	NA	9.656141057616761	NA
PCC	-0.113631469297468	58.116456946568064	NA	9.623851424834008	NA
PCC	-0.113631469297468	58.29203536634621	NA	9.591642362237822	NA
PCC	-0.113631469297468	58.46761378612437	NA	9.559512897337665	NA
PCC	-0.113631469297468	58.643192205902515	NA	9.527462083666036	NA
PCC	-0.113631469297468	58.81877062568067	NA	9.495488999716873	NA
PCC	-0.113631469297468	58.99434904545882	NA	9.463592747931603	NA
PCC	-0.113631469297468	59.169927465236974	NA	9.43177245373043	NA
PCC	-0.113631469297468	59.34550588501512	NA	9.400027264586992	NA
PCC	-0.113631469297468	59.52108430479328	NA	9.368356349144296	NA
PCC	-0.113631469297468	59.696662724571425	NA	9.336758896370155	NA
PCC	-0.113631469297468	59.87224114434958	NA	9.305234114750224	NA
PCC	-0.113631469297468	60.04781956412773	NA	9.273781231517045	NA
PCC	-0.113631469297468	60.223397983905876	NA	9.242518208750193	NA
PCC	-0.113631469297468	60.39897640368403	NA	9.21171381049701	NA
PCC	-0.113631469297468	60.57455482346218	NA	9.181286810002204	NA
PCC	-0.113631469297468	60.750133243240334	NA	9.151224940311634	NA
PCC	-0.113631469297468	60.92571166301848	NA	9.121516459867305	NA
PCC	-0.113631469297468	61.10129008279664	NA	9.092150128802146	NA
PCC	-0.113631469297468	61.276868502574786	NA	9.063115186312976	NA
PCC	-0.113631469297468	61.45244692235294	NA	9.034401329062572	NA
PCC	-0.113631469297468	61.62802534213109	NA	9.005998690564029	NA
PCC	-0.113631469297468	61.803603761909244	NA	8.97789782150255	NA
PCC	-0.113631469297468	61.97918218168739	NA	8.950089670952169	NA
PCC	-0.113631469297468	62.15476060146554	NA	8.922565568446437	NA
PCC	-0.113631469297468	62.330339021243695	NA	8.89531720686442	NA
PCC	-0.113631469297468	62.50591744102184	NA	8.86833662609465	NA
PCC	-0.113631469297468	62.61363146929747	9.081813361634913	8.851913826822988	0.752898792037626
PCC	-0.113631469297468	62.6814958608	NA	8.841616197441745	NA
PCC	-0.113631469297468	62.857074280578146	NA	8.815148608741897	NA
PCC	-0.113631469297468	63.0326527003563	NA	8.788926850154834	NA
PCC	-0.113631469297468	63.20823112013445	NA	8.762944200601568	NA
PCC	-0.113631469297468	63.383809539912605	NA	8.737194214818421	NA
PCC	-0.113631469297468	63.55938795969075	NA	8.711670710999394	NA
PCC	-0.113631469297468	63.7349663794689	NA	8.686367761978916	NA
PCC	-0.113631469297468	63.910544799247056	NA	8.661279703917682	NA
PCC	-0.113631469297468	64.08612321902521	NA	8.636401046249253	NA
PCC	-0.113631469297468	64.26170163880336	NA	8.611726548370182	NA
PCC	-0.113631469297468	64.437280058581507	NA	8.587251179268762	NA
PCC	-0.113631469297468	64.61285847835966	NA	8.56297010817565	NA
PCC	-0.113631469297468	64.78843689813782	NA	8.538878695638973	NA
PCC	-0.113631469297468	64.96401531791597	NA	8.514972485004606	NA
PCC	-0.113631469297468	65.13959373769411	NA	8.491247194283202	NA
PCC	-0.113631469297468	65.31517215747226	NA	8.467698708386395	NA
PCC	-0.113631469297468	65.49075057725042	NA	8.444323071715251	NA
PCC	-0.113631469297468	65.66632899702857	NA	8.42111648108508	NA
PCC	-0.113631469297468	65.84190741680672	NA	8.398075278971238	NA
PCC	-0.113631469297468	66.01748583658487	NA	8.375195947061234	NA
PCC	-0.113631469297468	66.19306425636302	NA	8.352475100099324	NA
PCC	-0.113631469297468	66.36864267614118	NA	8.329909480010198	NA
PCC	-0.113631469297468	66.54422109591933	NA	8.307495950289052	NA
PCC	-0.113631469297468	66.71979951569747	NA	8.285231490645996	NA
PCC	-0.113631469297468	66.89537793547562	NA	8.26311319189311	NA
PCC	-0.113631469297468	67.07095635525378	NA	8.241138251063242	NA
PCC	-0.113631469297468	67.24653477503193	NA	8.219303966749816	NA
PCC	-0.113631469297468	67.42211319481008	NA	8.197607734657812	NA
PCC	-0.113631469297468	67.59769161458823	NA	8.176047043356128	NA
PCC	-0.113631469297468	67.61363146929747	8.684718085976085	8.174096283985287	0.7208454116044913
PCC	-0.113631469297468	67.77327003436638	NA	8.15461947022222	NA
PCC	-0.113631469297468	67.94884845414454	NA	8.13332267757032	NA
PCC	-0.113631469297468	68.12442687392269	NA	8.112154408954783	NA
PCC	-0.113631469297468	68.30000529370083	NA	8.091112485640723	NA
PCC	-0.113631469297468	68.47558371347898	NA	8.070194803234138	NA
PCC	-0.113631469297468	68.65116213325715	NA	8.04939932846448	NA
PCC	-0.113631469297468	68.8267405530353	NA	8.028724096112567	NA
PCC	-0.113631469297468	69.00231897281344	NA	8.008167206077331	NA
PCC	-0.113631469297468	69.17789739259159	NA	7.987726820575011	NA
PCC	-0.113631469297468	69.35347581236974	NA	7.967401161464816	NA
PCC	-0.113631469297468	69.5290542321479	NA	7.947188507695298	NA
PCC	-0.113631469297468	69.70463265192605	NA	7.927087192865908	NA
PCC	-0.113631469297468	69.8802110717042	NA	7.907095602898575	NA
PCC	-0.113631469297468	70.05578949148234	NA	7.887212173814164	NA
PCC	-0.113631469297468	70.2313679112605	NA	7.867435389609212	NA
PCC	-0.113631469297468	70.40694633103865	NA	7.847763780228276	NA
PCC	-0.113631469297468	70.5825247508168	NA	7.828195919627576	NA
PCC	-0.113631469297468	70.75810317059495	NA	7.808730423925734	NA
PCC	-0.113631469297468	70.93368159037311	NA	7.789365949637738	NA
PCC	-0.113631469297468	71.10926001015126	NA	7.77010119198833	NA
PCC	-0.113631469297468	71.28483842992941	NA	7.750934883301071	NA
PCC	-0.113631469297468	71.46041684970756	NA	7.731865791459841	NA
PCC	-0.113631469297468	71.6359952694857	NA	7.712892718439392	NA
PCC	-0.113631469297468	71.81157368926387	NA	7.694014509297566	NA
PCC	-0.113631469297468	71.98715210904201	NA	7.675230023255366	NA
PCC	-0.113631469297468	72.16273052882016	NA	7.656538152455226	NA
PCC	-0.113631469297468	72.33830894859831	NA	7.637937821827211	NA
PCC	-0.113631469297468	72.51388736837647	NA	7.619427983974997	NA
PCC	-0.113631469297468	72.61363146929747	8.243270828824524	7.60895265897805	0.6932929600517144
PCC	-0.113631469297468	72.68946578815462	NA	7.60100761805965	NA
PCC	-0.113631469297468	72.86504420793277	NA	7.582675728733278	NA
PCC	-0.113631469297468	73.04062262771092	NA	7.564431345120183	NA
PCC	-0.113631469297468	73.216201047489065	NA	7.546273519843583	NA
PCC	-0.113631469297468	73.39177946726723	NA	7.528201328095632	NA
PCC	-0.113631469297468	73.56735788704538	NA	7.510213866748877	NA
PCC	-0.113631469297468	73.74293630682352	NA	7.492310253507223	NA
PCC	-0.113631469297468	73.91851472660167	NA	7.4744896260946545	NA
PCC	-0.113631469297468	74.09409314637983	NA	7.456751141479949	NA
PCC	-0.113631469297468	74.26967156615798	NA	7.439093975135811	NA
PCC	-0.113631469297468	74.44524998593613	NA	7.421517320330813	NA
PCC	-0.113631469297468	74.62082840571428	NA	7.404020387452664	NA
PCC	-0.113631469297468	74.79640682549244	NA	7.386602403361441	NA
PCC	-0.113631469297468	74.97198524527059	NA	7.369262610771306	NA
PCC	-0.113631469297468	75.14756366504874	NA	7.3520002676595615	NA
PCC	-0.113631469297468	75.32314208482688	NA	7.334814646701699	NA
PCC	-0.113631469297468	75.49872050460503	NA	7.317705034731295	NA
PCC	-0.113631469297468	75.6742989243832	NA	7.300670732223648	NA
PCC	-0.113631469297468	75.84987734416134	NA	7.283711052802047	NA
PCC	-0.113631469297468	76.02545576393949	NA	7.266825322765693	NA
PCC	-0.113631469297468	76.20103418371764	NA	7.25001288063821	NA
PCC	-0.113631469297468	76.3766126034958	NA	7.233273076735943	NA
PCC	-0.113631469297468	76.55219102327395	NA	7.2166052727549985	NA
PCC	-0.113631469297468	76.7277694430521	NA	7.200008841376306	NA
PCC	-0.113631469297468	76.90334786283024	NA	7.183483165887805	NA
PCC	-0.113631469297468	77.07892628260839	NA	7.167027639823023	NA
PCC	-0.113631469297468	77.25450470238655	NA	7.150641666615283	NA
PCC	-0.113631469297468	77.4300831221647	NA	7.134324659266834	NA
PCC	-0.113631469297468	77.60566154194285	NA	7.1180760400322844	NA
PCC	-0.113631469297468	77.61363146929747	7.703670749552243	7.117340093028857	0.6673326006999584
PCC	-0.113631469297468	77.781239961721	NA	7.10189524011559	NA
PCC	-0.113631469297468	77.95681838149916	NA	7.085781699380061	NA
PCC	-0.113631469297468	78.13239680127731	NA	7.069734866070803	NA
PCC	-0.113631469297468	78.30797522105546	NA	7.053754196548977	NA
PCC	-0.113631469297468	78.4835536408336	NA	7.0378391550373935	NA
PCC	-0.113631469297468	78.65913206061177	NA	7.021989213376921	NA
PCC	-0.113631469297468	78.83471048038992	NA	7.006203850793185	NA
PCC	-0.113631469297468	79.01028890016806	NA	6.990482553673162	NA
PCC	-0.113631469297468	79.18586731994621	NA	6.974824815351153	NA
PCC	-0.113631469297468	79.36144573972436	NA	6.959230135903774	NA
PCC	-0.113631469297468	79.53702415950252	NA	6.943698021953487	NA
PCC	-0.113631469297468	79.71260257928067	NA	6.928227989896757	NA
PCC	-0.113631469297468	79.88818099905882	NA	6.912819561354585	NA
PCC	-0.113631469297468	80.06375941883697	NA	6.897472255465951	NA
PCC	-0.113631469297468	80.23933783861513	NA	6.882185603233465	NA
PCC	-0.113631469297468	80.41491625839328	NA	6.866959141339142	NA
PCC	-0.113631469297468	80.59049467817142	NA	6.85179241199196	NA
PCC	-0.113631469297468	80.76607309794957	NA	6.836684962781631	NA
PCC	-0.113631469297468	80.94165151772772	NA	6.821636346538323	NA
PCC	-0.113631469297468	81.11722993750588	NA	6.806646121198039	NA
PCC	-0.113631469297468	81.29280835728403	NA	6.79171384967347	NA
PCC	-0.113631469297468	81.46838677706218	NA	6.776839099729988	NA
PCC	-0.113631469297468	81.64396519684033	NA	6.762021443866623	NA
PCC	-0.113631469297468	81.81954361661849	NA	6.74726045920172	NA
PCC	-0.113631469297468	81.99512203639664	NA	6.732555727363177	NA
PCC	-0.113631469297468	82.17070045617479	NA	6.717906834382974	NA
PCC	-0.113631469297468	82.34627887595293	NA	6.703313370595818	NA
PCC	-0.113631469297468	82.52185729573108	NA	6.688774930541756	NA
PCC	-0.113631469297468	82.61363146929747	7.472312514713919	6.681197504684402	0.644933026438736
PCC	-0.113631469297468	82.69743571550924	NA	6.674291112872552	NA
PCC	-0.113631469297468	82.87301413528739	NA	6.659861520261637	NA
PCC	-0.113631469297468	83.04859255506554	NA	6.64548575931753	NA
PCC	-0.113631469297468	83.22417097484369	NA	6.631163440500554	NA
PCC	-0.113631469297468	83.39974939462185	NA	6.616894178042652	NA
PCC	-0.113631469297468	83.5753278144	NA	6.602677589870292	NA
PCC	-0.113631469297468	83.75090623417815	NA	6.5885132975301275	NA
PCC	-0.113631469297468	83.9264846539563	NA	6.5744009261175265	NA
PCC	-0.113631469297468	84.10206307373446	NA	6.560340104207614	NA
PCC	-0.113631469297468	84.2776414935126	NA	6.546330463788944	NA
PCC	-0.113631469297468	84.45321991329075	NA	6.5323716401994325	NA
PCC	-0.113631469297468	84.6287983330689	NA	6.5184632720647215	NA
PCC	-0.113631469297468	84.80437675284705	NA	6.5046050012386365	NA
PCC	-0.113631469297468	84.97995517262521	NA	6.490796472745821	NA
PCC	-0.113631469297468	85.15553359240336	NA	6.4770373347262975	NA
PCC	-0.113631469297468	85.3311120121815	NA	6.4633272383820275	NA
PCC	-0.113631469297468	85.50669043195965	NA	6.449665837925226	NA
PCC	-0.113631469297468	85.68226885173782	NA	6.436052790528526	NA
PCC	-0.113631469297468	85.85784727151596	NA	6.422487756276778	NA
PCC	-0.113631469297468	86.03342569129411	NA	6.408970398120407	NA
PCC	-0.113631469297468	86.20900411107226	NA	6.395500381830402	NA
PCC	-0.113631469297468	86.38458253085041	NA	6.382077375954727	NA
PCC	-0.113631469297468	86.56016095062857	NA	6.368701051776165	NA
PCC	-0.113631469297468	86.73573937040672	NA	6.355371083271416	NA
PCC	-0.113631469297468	86.91131779018487	NA	6.3420871470717	NA
PCC	-0.113631469297468	87.08689620996302	NA	6.328848922424374	NA
PCC	-0.113631469297468	87.26247462974118	NA	6.315656091155841	NA
PCC	-0.113631469297468	87.43805304951933	NA	6.302508337635593	NA
PCC	-0.113631469297468	87.61363146929747	7.295871075521973	6.289370913295478	0.6267952640834258
Parietal	-0.113631469297468	0	0	-3.149904393186384e-14	0
Parietal	-0.113631469297468	0.17557841977815125	NA	0.018236853543732993	NA
Parietal	-0.113631469297468	0.3511568395563025	NA	0.04710707058194427	NA
Parietal	-0.113631469297468	0.363631469297468	1.058064550300207	0.049554525610571	0.5406318946080035
Parietal	-0.113631469297468	0.5267352593344538	NA	6.069879328443247	NA
Parietal	-0.113631469297468	0.702313679112605	NA	10.288394843077603	NA
Parietal	-0.113631469297468	0.863631469297468	12.235710113025108	14.189287712899262	0.7614321513692394
Parietal	-0.113631469297468	0.8778920988907563	NA	14.53526637829443	NA
Parietal	-0.113631469297468	1.0534705186689075	NA	18.80999409672557	NA
Parietal	-0.113631469297468	1.2290489384470589	NA	23.207904542936436	NA
Parietal	-0.113631469297468	1.363631469297468	26.936181005555916	26.731530377400148	0.906689764733088
Parietal	-0.113631469297468	1.40462735822521	NA	27.86641423926764	NA
Parietal	-0.113631469297468	1.5802057780033612	NA	32.84441817585164	NA
Parietal	-0.113631469297468	1.7557841977815125	NA	37.66316714105707	NA
Parietal	-0.113631469297468	1.863631469297468	41.85264312113465	40.630525454860916	1.01687563871536
Parietal	-0.113631469297468	1.9313626175596639	NA	42.50571873361136	NA
Parietal	-0.113631469297468	2.106941037337815	NA	46.89806699251816	NA
Parietal	-0.113631469297468	2.282519457115966	NA	49.345678707434956	NA
Parietal	-0.113631469297468	2.363631469297468	50.1222530338444	49.77707670917018	1.063249747548116
Parietal	-0.113631469297468	2.4580978768941177	NA	49.83096180182888	NA
Parietal	-0.113631469297468	2.633676296672269	NA	49.756145762480394	NA
Parietal	-0.113631469297468	2.80925471645042	NA	49.83873873050551	NA
Parietal	-0.113631469297468	2.863631469297468	49.743138297969786	49.804942112214086	1.0563290442417974
Parietal	-0.113631469297468	2.984833136228571	NA	49.63020402308563	NA
Parietal	-0.113631469297468	3.1604115560067223	NA	49.22685902917664	NA
Parietal	-0.113631469297468	3.335989975784874	NA	48.69837281649335	NA
Parietal	-0.113631469297468	3.511568395563025	NA	48.18964306905417	NA
Parietal	-0.113631469297468	3.613631469297468	47.21173267236705	47.87274143956871	1.2801733520325422
Parietal	-0.113631469297468	3.687146815341176	NA	47.635048603916445	NA
Parietal	-0.113631469297468	3.8627252351193277	NA	47.03612568068237	NA
Parietal	-0.113631469297468	4.0383036548974784	NA	46.39435074128406	NA
Parietal	-0.113631469297468	4.21388207467563	NA	45.711142773192265	NA
Parietal	-0.113631469297468	4.389460494453782	NA	44.987865579142664	NA
Parietal	-0.113631469297468	4.565038914231932	NA	44.22582995707831	NA
Parietal	-0.113631469297468	4.613631469297468	43.54794469114768	44.00827351833533	1.2355345831774884
Parietal	-0.113631469297468	4.740617334010084	NA	43.426295793860305	NA
Parietal	-0.113631469297468	4.9161957537882355	NA	42.59047407615791	NA
Parietal	-0.113631469297468	5.091774173566386	NA	41.796137401142104	NA
Parietal	-0.113631469297468	5.267352593344538	NA	41.040335207383045	NA
Parietal	-0.113631469297468	5.4429310131226885	NA	40.30979381172362	NA
Parietal	-0.113631469297468	5.613631469297468	39.7746817061672	39.6227921018644	1.1929764114826216
Parietal	-0.113631469297468	5.61850943290084	NA	39.603485663074714	NA
Parietal	-0.113631469297468	5.794087852678992	NA	38.920423960026234	NA
Parietal	-0.113631469297468	5.969666272457142	NA	38.25966103835904	NA
Parietal	-0.113631469297468	6.145244692235294	NA	37.62028682235155	NA
Parietal	-0.113631469297468	6.320823112013445	NA	37.0014273373573	NA
Parietal	-0.113631469297468	6.496401531791596	NA	36.40224328122927	NA
Parietal	-0.113631469297468	6.671979951569748	NA	35.82192865226323	NA
Parietal	-0.113631469297468	6.8475583713478985	NA	35.259709431423644	NA
Parietal	-0.113631469297468	7.02313679112605	NA	34.71484231670477	NA
Parietal	-0.113631469297468	7.113631469297468	34.40959000684527	34.44055323806259	1.4084829977458366
Parietal	-0.113631469297468	7.198715210904202	NA	34.18661350756467	NA
Parietal	-0.113631469297468	7.374293630682352	NA	33.67433753745061	NA
Parietal	-0.113631469297468	7.549872050460504	NA	33.17735615251358	NA
Parietal	-0.113631469297468	7.7254504702386555	NA	32.6950372346846	NA
Parietal	-0.113631469297468	7.901028890016806	NA	32.22677376735763	NA
Parietal	-0.113631469297468	8.076607309794957	NA	31.77198409518979	NA
Parietal	-0.113631469297468	8.252185729573108	NA	31.33010779262834	NA
Parietal	-0.113631469297468	8.42776414935126	NA	30.90060660542147	NA
Parietal	-0.113631469297468	8.603342569129412	NA	30.482964383433114	NA
Parietal	-0.113631469297468	8.778920988907563	NA	30.07668548829793	NA
Parietal	-0.113631469297468	8.954499408685713	NA	29.681293981614406	NA
Parietal	-0.113631469297468	9.113631469297468	29.05995635210667	29.331957626467	1.3149422378403732
Parietal	-0.113631469297468	9.130077828463865	NA	29.29633284525566	NA
Parietal	-0.113631469297468	9.305656248242016	NA	28.921363232527533	NA
Parietal	-0.113631469297468	9.481234668020168	NA	28.55596374895345	NA
Parietal	-0.113631469297468	9.65681308779832	NA	28.199729761514067	NA
Parietal	-0.113631469297468	9.832391507576471	NA	27.852272735215802	NA
Parietal	-0.113631469297468	10.00796992735462	NA	27.513219595907348	NA
Parietal	-0.113631469297468	10.183548347132772	NA	27.182212118305397	NA
Parietal	-0.113631469297468	10.359126766910924	NA	26.858906338232522	NA
Parietal	-0.113631469297468	10.534705186689076	NA	26.54833795187563	NA
Parietal	-0.113631469297468	10.710283606467227	NA	26.249566604038353	NA
Parietal	-0.113631469297468	10.885862026245377	NA	25.96096810749627	NA
Parietal	-0.113631469297468	11.061440446023528	NA	25.682128830344315	NA
Parietal	-0.113631469297468	11.23701886580168	NA	25.412651543492252	NA
Parietal	-0.113631469297468	11.412597285579832	NA	25.152154771599267	NA
Parietal	-0.113631469297468	11.588175705357983	NA	24.900272169687224	NA
Parietal	-0.113631469297468	11.763754125136133	NA	24.65665192441707	NA
Parietal	-0.113631469297468	11.939332544914285	NA	24.42095617905236	NA
Parietal	-0.113631469297468	12.114910964692436	NA	24.192860481173028	NA
Parietal	-0.113631469297468	12.290489384470588	NA	23.97205325223909	NA
Parietal	-0.113631469297468	12.46606780424874	NA	23.758235278140187	NA
Parietal	-0.113631469297468	12.613631469297468	24.07247956337713	23.58372766668295	1.6340283656754413
Parietal	-0.113631469297468	12.64164622402689	NA	23.551119219900404	NA
Parietal	-0.113631469297468	12.81722464380504	NA	23.35042914374119	NA
Parietal	-0.113631469297468	12.992803063583192	NA	23.15590006973647	NA
Parietal	-0.113631469297468	13.168381483361344	NA	22.967277538324257	NA
Parietal	-0.113631469297468	13.343959903139496	NA	22.7843171939687	NA
Parietal	-0.113631469297468	13.519538322917647	NA	22.606784385293494	NA
Parietal	-0.113631469297468	13.695116742695797	NA	22.4344537810358	NA
Parietal	-0.113631469297468	13.870695162473949	NA	22.26710900119368	NA
Parietal	-0.113631469297468	14.0462735822521	NA	22.10454226276717	NA
Parietal	-0.113631469297468	14.221852002030252	NA	21.946554039514766	NA
Parietal	-0.113631469297468	14.397430421808403	NA	21.792952735171184	NA
Parietal	-0.113631469297468	14.573008841586553	NA	21.643554369593787	NA
Parietal	-0.113631469297468	14.748587261364705	NA	21.49818227732624	NA
Parietal	-0.113631469297468	14.924165681142856	NA	21.35666681808795	NA
Parietal	-0.113631469297468	15.099744100921008	NA	21.2183071325523	NA
Parietal	-0.113631469297468	15.27532252069916	NA	21.082427838505733	NA
Parietal	-0.113631469297468	15.450900940477311	NA	20.950402183473262	NA
Parietal	-0.113631469297468	15.62647936025546	NA	20.822069395498122	NA
Parietal	-0.113631469297468	15.802057780033612	NA	20.69727509185706	NA
Parietal	-0.113631469297468	15.977636199811764	NA	20.575871161273785	NA
Parietal	-0.113631469297468	16.153214619589914	NA	20.457715449538362	NA
Parietal	-0.113631469297468	16.328793039368065	NA	20.342670890530428	NA
Parietal	-0.113631469297468	16.504371459146217	NA	20.230606230190062	NA
Parietal	-0.113631469297468	16.67994987892437	NA	20.12139543536876	NA
Parietal	-0.113631469297468	16.85552829870252	NA	20.014917487181535	NA
Parietal	-0.113631469297468	17.03110671848067	NA	19.91105618253463	NA
Parietal	-0.113631469297468	17.206685138258823	NA	19.809699943505528	NA
Parietal	-0.113631469297468	17.382263558036975	NA	19.710741634264778	NA
Parietal	-0.113631469297468	17.557841977815126	NA	19.61407838524087	NA
Parietal	-0.113631469297468	17.613631469297466	20.244268860625148	19.583827267740382	1.4478588203936495
Parietal	-0.113631469297468	17.733420397593278	NA	19.519611424242086	NA
Parietal	-0.113631469297468	17.908998817371426	NA	19.42724591425963	NA
Parietal	-0.113631469297468	18.084577237149578	NA	19.336890797688092	NA
Parietal	-0.113631469297468	18.26015565692773	NA	19.248458646709164	NA
Parietal	-0.113631469297468	18.43573407670588	NA	19.161865519594816	NA
Parietal	-0.113631469297468	18.611312496484032	NA	19.07703082269566	NA
Parietal	-0.113631469297468	18.786890916262184	NA	18.993877177889864	NA
Parietal	-0.113631469297468	18.962469336040336	NA	18.91233029527617	NA
Parietal	-0.113631469297468	19.138047755818487	NA	18.832318850903974	NA
Parietal	-0.113631469297468	19.31362617559664	NA	18.753774369340793	NA
Parietal	-0.113631469297468	19.48920459537479	NA	18.67663111088611	NA
Parietal	-0.113631469297468	19.664783015152942	NA	18.600825963247445	NA
Parietal	-0.113631469297468	19.84036143493109	NA	18.526298337502407	NA
Parietal	-0.113631469297468	20.01593985470924	NA	18.452990068176934	NA
Parietal	-0.113631469297468	20.191518274487393	NA	18.380845317276986	NA
Parietal	-0.113631469297468	20.367096694265545	NA	18.309810482117292	NA
Parietal	-0.113631469297468	20.542675114043696	NA	18.239834106796927	NA
Parietal	-0.113631469297468	20.718253533821848	NA	18.170866797177307	NA
Parietal	-0.113631469297468	20.8938319536	NA	18.10286113922431	NA
Parietal	-0.113631469297468	21.06941037337815	NA	18.03577162058112	NA
Parietal	-0.113631469297468	21.244988793156303	NA	17.969554555244255	NA
Parietal	-0.113631469297468	21.420567212934454	NA	17.904168011219806	NA
Parietal	-0.113631469297468	21.596145632712602	NA	17.83957174104207	NA
Parietal	-0.113631469297468	21.771724052490754	NA	17.775727115041363	NA
Parietal	-0.113631469297468	21.947302472268905	NA	17.712597057252157	NA
Parietal	-0.113631469297468	22.122880892047057	NA	17.65014598385722	NA
Parietal	-0.113631469297468	22.29845931182521	NA	17.588339744067245	NA
Parietal	-0.113631469297468	22.47403773160336	NA	17.52714556333973	NA
Parietal	-0.113631469297468	22.613631469297466	17.573623855219907	17.478909080571555	1.3019202544847868
Parietal	-0.113631469297468	22.64961615138151	NA	17.466531988844686	NA
Parietal	-0.113631469297468	22.825194571159663	NA	17.40646883708792	NA
Parietal	-0.113631469297468	23.000772990937815	NA	17.34692714360693	NA
Parietal	-0.113631469297468	23.176351410715966	NA	17.28787911465719	NA
Parietal	-0.113631469297468	23.351929830494118	NA	17.229298080810057	NA
Parietal	-0.113631469297468	23.527508250272266	NA	17.171158452386898	NA
Parietal	-0.113631469297468	23.703086670050418	NA	17.113435676656476	NA
Parietal	-0.113631469297468	23.87866508982857	NA	17.05610619672612	NA
Parietal	-0.113631469297468	24.05424350960672	NA	16.9991474604472	NA
Parietal	-0.113631469297468	24.229821929384872	NA	16.942537736125534	NA
Parietal	-0.113631469297468	24.405400349163024	NA	16.886256218925933	NA
Parietal	-0.113631469297468	24.580978768941176	NA	16.830282956170294	NA
Parietal	-0.113631469297468	24.756557188719327	NA	16.774598808605525	NA
Parietal	-0.113631469297468	24.93213560849748	NA	16.719185418139734	NA
Parietal	-0.113631469297468	25.10771402827563	NA	16.664025176854963	NA
Parietal	-0.113631469297468	25.28329244805378	NA	16.609101197246304	NA
Parietal	-0.113631469297468	25.45887086783193	NA	16.554397283638497	NA
Parietal	-0.113631469297468	25.63444928761008	NA	16.499897904733878	NA
Parietal	-0.113631469297468	25.810027707388233	NA	16.44558816724641	NA
Parietal	-0.113631469297468	25.985606127166385	NA	16.391453790579323	NA
Parietal	-0.113631469297468	26.161184546944536	NA	16.33748108250465	NA
Parietal	-0.113631469297468	26.336762966722688	NA	16.283656915805352	NA
Parietal	-0.113631469297468	26.51234138650084	NA	16.229968705841703	NA
Parietal	-0.113631469297468	26.68791980627899	NA	16.176404389005576	NA
Parietal	-0.113631469297468	26.863498226057143	NA	16.122952402027302	NA
Parietal	-0.113631469297468	27.039076645835294	NA	16.06960166210144	NA
Parietal	-0.113631469297468	27.214655065613442	NA	16.01634154779947	NA
Parietal	-0.113631469297468	27.390233485391594	NA	15.963161880737163	NA
Parietal	-0.113631469297468	27.565811905169745	NA	15.910052907968184	NA
Parietal	-0.113631469297468	27.613631469297466	15.7839493573085	15.895599444938364	1.1868744691262425
Parietal	-0.113631469297468	27.741390324947897	NA	15.85700528507421	NA
Parietal	-0.113631469297468	27.91696874472605	NA	15.804010059924321	NA
Parietal	-0.113631469297468	28.0925471645042	NA	15.751058657077243	NA
Parietal	-0.113631469297468	28.268125584282352	NA	15.698142862800895	NA
Parietal	-0.113631469297468	28.443704004060503	NA	15.645254810684872	NA
Parietal	-0.113631469297468	28.619282423838655	NA	15.592386967822408	NA
Parietal	-0.113631469297468	28.794860843616807	NA	15.539532121539253	NA
Parietal	-0.113631469297468	28.970439263394958	NA	15.486683366647878	NA
Parietal	-0.113631469297468	29.146017683173106	NA	15.433834093206205	NA
Parietal	-0.113631469297468	29.321596102951258	NA	15.380977974760825	NA
Parietal	-0.113631469297468	29.49717452272941	NA	15.328108957055687	NA
Parietal	-0.113631469297468	29.67275294250756	NA	15.27522124718771	NA
Parietal	-0.113631469297468	29.848331362285712	NA	15.222309303191699	NA
Parietal	-0.113631469297468	30.023909782063864	NA	15.169367824037545	NA
Parietal	-0.113631469297468	30.199488201842016	NA	15.117274350631796	NA
Parietal	-0.113631469297468	30.375066621620167	NA	15.06658300130088	NA
Parietal	-0.113631469297468	30.55064504139832	NA	15.016802571615731	NA
Parietal	-0.113631469297468	30.72622346117647	NA	14.967894767757452	NA
Parietal	-0.113631469297468	30.901801880954622	NA	14.919822818691266	NA
Parietal	-0.113631469297468	31.07738030073277	NA	14.872551415894671	NA
Parietal	-0.113631469297468	31.25295872051092	NA	14.826046655470225	NA
Parietal	-0.113631469297468	31.428537140289073	NA	14.780275982548554	NA
Parietal	-0.113631469297468	31.604115560067225	NA	14.73520813789095	NA
Parietal	-0.113631469297468	31.779693979845376	NA	14.690813106604637	NA
Parietal	-0.113631469297468	31.955272399623528	NA	14.647062120156058	NA
Parietal	-0.113631469297468	32.13085081940168	NA	14.603927491729984	NA
Parietal	-0.113631469297468	32.30642923917983	NA	14.56138260750189	NA
Parietal	-0.113631469297468	32.48200765895798	NA	14.519401956970816	NA
Parietal	-0.113631469297468	32.61363146929747	14.178181153838706	14.48828608723512	1.0899810586698542
Parietal	-0.113631469297468	32.65758607873613	NA	14.477961046410591	NA
Parietal	-0.113631469297468	32.833164498514286	NA	14.43703635861805	NA
Parietal	-0.113631469297468	33.008742918292434	NA	14.396605314253783	NA
Parietal	-0.113631469297468	33.18432133807059	NA	14.356646234712354	NA
Parietal	-0.113631469297468	33.35989975784874	NA	14.31713830646167	NA
Parietal	-0.113631469297468	33.53547817762689	NA	14.278061546793085	NA
Parietal	-0.113631469297468	33.71105659740504	NA	14.239396770926733	NA
Parietal	-0.113631469297468	33.88663501718319	NA	14.201125560418241	NA
Parietal	-0.113631469297468	34.06221343696134	NA	14.163230232815442	NA
Parietal	-0.113631469297468	34.23779185673949	NA	14.125693812515665	NA
Parietal	-0.113631469297468	34.41337027651765	NA	14.088500002776016	NA
Parietal	-0.113631469297468	34.588948696295795	NA	14.051633158831079	NA
Parietal	-0.113631469297468	34.76452711607395	NA	14.015078262074235	NA
Parietal	-0.113631469297468	34.9401055358521	NA	13.978820895260517	NA
Parietal	-0.113631469297468	35.11568395563025	NA	13.942847218690567	NA
Parietal	-0.113631469297468	35.2912623754084	NA	13.907143947336879	NA
Parietal	-0.113631469297468	35.466840795186556	NA	13.871698328875121	NA
Parietal	-0.113631469297468	35.642419214964704	NA	13.836498122584567	NA
Parietal	-0.113631469297468	35.81799763474285	NA	13.801531579083466	NA
Parietal	-0.113631469297468	35.99357605452101	NA	13.766787420866123	NA
Parietal	-0.113631469297468	36.169154474299155	NA	13.732254823610155	NA
Parietal	-0.113631469297468	36.34473289407731	NA	13.697923398223207	NA
Parietal	-0.113631469297468	36.52031131385546	NA	13.663783173600198	NA
Parietal	-0.113631469297468	36.695889733633614	NA	13.62982458006268	NA
Parietal	-0.113631469297468	36.87146815341176	NA	13.596038433453502	NA
Parietal	-0.113631469297468	37.04704657318992	NA	13.562415919860833	NA
Parietal	-0.113631469297468	37.222624992968065	NA	13.52894858094656	NA
Parietal	-0.113631469297468	37.39820341274622	NA	13.495628299855243	NA
Parietal	-0.113631469297468	37.57378183252437	NA	13.462447287680666	NA
Parietal	-0.113631469297468	37.61363146929747	13.04857036771524	13.454935091011547	1.008429311913547
Parietal	-0.113631469297468	37.749360252302516	NA	13.429398070467757	NA
Parietal	-0.113631469297468	37.92493867208067	NA	13.396473476728977	NA
Parietal	-0.113631469297468	38.10051709185882	NA	13.363666625454563	NA
Parietal	-0.113631469297468	38.276095511636974	NA	13.330970914597232	NA
Parietal	-0.113631469297468	38.45167393141512	NA	13.298380010012517	NA
Parietal	-0.113631469297468	38.62725235119328	NA	13.26588783483676	NA
Parietal	-0.113631469297468	38.802830770971426	NA	13.233488559285393	NA
Parietal	-0.113631469297468	38.97840919074958	NA	13.201176590854875	NA
Parietal	-0.113631469297468	39.15398761052773	NA	13.168946564912435	NA
Parietal	-0.113631469297468	39.329566030305884	NA	13.13679333565805	NA
Parietal	-0.113631469297468	39.50514445008403	NA	13.104711967444183	NA
Parietal	-0.113631469297468	39.68072286986218	NA	13.072697726438953	NA
Parietal	-0.113631469297468	39.856301289640335	NA	13.040746074233732	NA
Parietal	-0.113631469297468	40.03187970941848	NA	13.00885266182369	NA
Parietal	-0.113631469297468	40.20745812919664	NA	12.977013306308868	NA
Parietal	-0.113631469297468	40.383036548974786	NA	12.945224004232127	NA
Parietal	-0.113631469297468	40.55861496875294	NA	12.913480916959001	NA
Parietal	-0.113631469297468	40.73419338853109	NA	12.881780364134901	NA
Parietal	-0.113631469297468	40.909771808309245	NA	12.850118817400844	NA
Parietal	-0.113631469297468	41.08535022808739	NA	12.818492894358254	NA
Parietal	-0.113631469297468	41.26092864786554	NA	12.786899352772405	NA
Parietal	-0.113631469297468	41.436507067643696	NA	12.755335085005367	NA
Parietal	-0.113631469297468	41.612085487421844	NA	12.723797112669182	NA
Parietal	-0.113631469297468	41.7876639072	NA	12.692282581490684	NA
Parietal	-0.113631469297468	41.96324232697815	NA	12.660788756379592	NA
Parietal	-0.113631469297468	42.1388207467563	NA	12.62931301669172	NA
Parietal	-0.113631469297468	42.31439916653445	NA	12.597852851679729	NA
Parietal	-0.113631469297468	42.489977586312605	NA	12.566405856123872	NA
Parietal	-0.113631469297468	42.61363146929747	12.141728513283176	12.544265462370584	0.94091476359211
Parietal	-0.113631469297468	42.66555600609075	NA	12.534969726135728	NA
Parietal	-0.113631469297468	42.84113442586891	NA	12.503542255127947	NA
Parietal	-0.113631469297468	43.016712845647056	NA	12.472121329943622	NA
Parietal	-0.113631469297468	43.192291265425204	NA	12.44070492713875	NA
Parietal	-0.113631469297468	43.36786968520336	NA	12.409291109411917	NA
Parietal	-0.113631469297468	43.54344810498151	NA	12.37787802217527	NA
Parietal	-0.113631469297468	43.71902652475966	NA	12.346463890261246	NA
Parietal	-0.113631469297468	43.89460494453781	NA	12.315047014759621	NA
Parietal	-0.113631469297468	44.070183364315966	NA	12.283625769979828	NA
Parietal	-0.113631469297468	44.245761784094114	NA	12.252198600533458	NA
Parietal	-0.113631469297468	44.42134020387227	NA	12.220764018532288	NA
Parietal	-0.113631469297468	44.59691862365042	NA	12.189320600897249	NA
Parietal	-0.113631469297468	44.77249704342857	NA	12.15786698677387	NA
Parietal	-0.113631469297468	44.94807546320672	NA	12.126401875050131	NA
Parietal	-0.113631469297468	45.12365388298487	NA	12.094933249880361	NA
Parietal	-0.113631469297468	45.29923230276302	NA	12.063859648581301	NA
Parietal	-0.113631469297468	45.47481072254117	NA	12.033144293487515	NA
Parietal	-0.113631469297468	45.65038914231933	NA	12.002769535734293	NA
Parietal	-0.113631469297468	45.825967562097475	NA	11.972721710729054	NA
Parietal	-0.113631469297468	46.00154598187563	NA	11.942987695138996	NA
Parietal	-0.113631469297468	46.17712440165378	NA	11.913554885475358	NA
Parietal	-0.113631469297468	46.35270282143193	NA	11.884411177524877	NA
Parietal	-0.113631469297468	46.52828124121008	NA	11.855544946595039	NA
Parietal	-0.113631469297468	46.703859660988236	NA	11.826945028540875	NA
Parietal	-0.113631469297468	46.879438080766384	NA	11.798600701542382	NA
Parietal	-0.113631469297468	47.05501650054453	NA	11.770501668602867	NA
Parietal	-0.113631469297468	47.23059492032269	NA	11.742638040739719	NA
Parietal	-0.113631469297468	47.406173340100835	NA	11.715000320840177	NA
Parietal	-0.113631469297468	47.58175175987899	NA	11.687579388155852	NA
Parietal	-0.113631469297468	47.61363146929747	11.381920973396896	11.682623223944022	0.8834903698615684
Parietal	-0.113631469297468	47.75733017965714	NA	11.66036648341065	NA
Parietal	-0.113631469297468	47.932908599435294	NA	11.633353218398188	NA
Parietal	-0.113631469297468	48.10848701921344	NA	11.606531493707493	NA
Parietal	-0.113631469297468	48.2840654389916	NA	11.579893545508808	NA
Parietal	-0.113631469297468	48.459643858769745	NA	11.553431923067023	NA
Parietal	-0.113631469297468	48.6352222785479	NA	11.52713947103693	NA
Parietal	-0.113631469297468	48.81080069832605	NA	11.501009317774866	NA
Parietal	-0.113631469297468	48.986379118104196	NA	11.475034864112674	NA
Parietal	-0.113631469297468	49.16195753788235	NA	11.449209772575891	NA
Parietal	-0.113631469297468	49.3375359576605	NA	11.42352795702838	NA
Parietal	-0.113631469297468	49.513114377438654	NA	11.397983572726774	NA
Parietal	-0.113631469297468	49.6886927972168	NA	11.372571006768297	NA
Parietal	-0.113631469297468	49.86427121699496	NA	11.34728486891655	NA
Parietal	-0.113631469297468	50.039849636773106	NA	11.322119982790237	NA
Parietal	-0.113631469297468	50.21542805655126	NA	11.297071377400497	NA
Parietal	-0.113631469297468	50.39100647632941	NA	11.272134279023012	NA
Parietal	-0.113631469297468	50.56658489610756	NA	11.247304103391752	NA
Parietal	-0.113631469297468	50.74216331588571	NA	11.222576448201476	NA
Parietal	-0.113631469297468	50.91774173566386	NA	11.19794708590691	NA
Parietal	-0.113631469297468	51.093320155442015	NA	11.173411956806813	NA
Parietal	-0.113631469297468	51.26889857522016	NA	11.148967162401606	NA
Parietal	-0.113631469297468	51.44447699499832	NA	11.124608959013853	NA
Parietal	-0.113631469297468	51.620055414776466	NA	11.100333751661138	NA
Parietal	-0.113631469297468	51.79563383455462	NA	11.076138088171275	NA
Parietal	-0.113631469297468	51.97121225433277	NA	11.052018653530434	NA
Parietal	-0.113631469297468	52.146790674110925	NA	11.027972264454823	NA
Parietal	-0.113631469297468	52.32236909388907	NA	11.003995864177137	NA
Parietal	-0.113631469297468	52.49794751366722	NA	10.980086517439293	NA
Parietal	-0.113631469297468	52.61363146929747	10.633992292721643	10.964368561009778	0.8327447638909478
Parietal	-0.113631469297468	52.673525933445376	NA	10.956241405683231	NA
Parietal	-0.113631469297468	52.849104353223524	NA	10.932457822432049	NA
Parietal	-0.113631469297468	53.02468277300168	NA	10.908733168853804	NA
Parietal	-0.113631469297468	53.20026119277983	NA	10.885064949500865	NA
Parietal	-0.113631469297468	53.37583961255798	NA	10.861450768217857	NA
Parietal	-0.113631469297468	53.55141803233613	NA	10.837888324211438	NA
Parietal	-0.113631469297468	53.726996452114285	NA	10.814375408275602	NA
Parietal	-0.113631469297468	53.90257487189243	NA	10.790909899166397	NA
Parietal	-0.113631469297468	54.07815329167059	NA	10.767489760119888	NA
Parietal	-0.113631469297468	54.25373171144874	NA	10.74411303550815	NA
Parietal	-0.113631469297468	54.429310131226885	NA	10.720777847627291	NA
Parietal	-0.113631469297468	54.60488855100504	NA	10.697482393612697	NA
Parietal	-0.113631469297468	54.78046697078319	NA	10.67422494247638	NA
Parietal	-0.113631469297468	54.95604539056134	NA	10.651003832261397	NA
Parietal	-0.113631469297468	55.13162381033949	NA	10.627817467308944	NA
Parietal	-0.113631469297468	55.307202230117646	NA	10.604664315633556	NA
Parietal	-0.113631469297468	55.482780649895794	NA	10.581542906402166	NA
Parietal	-0.113631469297468	55.65835906967395	NA	10.558451827512881	NA
Parietal	-0.113631469297468	55.8339374894521	NA	10.535389725187885	NA
Parietal	-0.113631469297468	56.00951590923025	NA	10.51235529801038	NA
Parietal	-0.113631469297468	56.1850943290084	NA	10.489347294096826	NA
Parietal	-0.113631469297468	56.36067274878655	NA	10.466364513939636	NA
Parietal	-0.113631469297468	56.536251168564704	NA	10.44340580601855	NA
Parietal	-0.113631469297468	56.71182958834285	NA	10.420470064900316	NA
Parietal	-0.113631469297468	56.88740800812101	NA	10.397556229413548	NA
Parietal	-0.113631469297468	57.062986427899155	NA	10.374663280895819	NA
Parietal	-0.113631469297468	57.23856484767731	NA	10.351790241510075	NA
Parietal	-0.113631469297468	57.41414326745546	NA	10.328936172627703	NA
Parietal	-0.113631469297468	57.58972168723361	NA	10.306100173275537	NA
Parietal	-0.113631469297468	57.61363146929747	10.048069407191669	10.302991776283076	0.7903419439814352
Parietal	-0.113631469297468	57.76530010701176	NA	10.283281378644347	NA
Parietal	-0.113631469297468	57.940878526789916	NA	10.260478958656291	NA
Parietal	-0.113631469297468	58.116456946568064	NA	10.237692116589113	NA
Parietal	-0.113631469297468	58.29203536634621	NA	10.214920087754717	NA
Parietal	-0.113631469297468	58.46761378612437	NA	10.19216213823003	NA
Parietal	-0.113631469297468	58.643192205902515	NA	10.169417563638177	NA
Parietal	-0.113631469297468	58.81877062568067	NA	10.146685687977698	NA
Parietal	-0.113631469297468	58.99434904545882	NA	10.123965862498297	NA
Parietal	-0.113631469297468	59.169927465236974	NA	10.101257464620907	NA
Parietal	-0.113631469297468	59.34550588501512	NA	10.078559896900597	NA
Parietal	-0.113631469297468	59.52108430479328	NA	10.055872586030423	NA
Parietal	-0.113631469297468	59.696662724571425	NA	10.033194981884801	NA
Parietal	-0.113631469297468	59.87224114434958	NA	10.01052655660063	NA
Parietal	-0.113631469297468	60.04781956412773	NA	9.987866803694821	NA
Parietal	-0.113631469297468	60.223397983905876	NA	9.965331731602545	NA
Parietal	-0.113631469297468	60.39897640368403	NA	9.94317549280418	NA
Parietal	-0.113631469297468	60.57455482346218	NA	9.921315425226961	NA
Parietal	-0.113631469297468	60.750133243240334	NA	9.899740849796006	NA
Parietal	-0.113631469297468	60.92571166301848	NA	9.878441506343206	NA
Parietal	-0.113631469297468	61.10129008279664	NA	9.857407537046669	NA
Parietal	-0.113631469297468	61.276868502574786	NA	9.836629470525299	NA
Parietal	-0.113631469297468	61.45244692235294	NA	9.816098206562572	NA
Parietal	-0.113631469297468	61.62802534213109	NA	9.795805001434664	NA
Parietal	-0.113631469297468	61.803603761909244	NA	9.77574145381893	NA
Parietal	-0.113631469297468	61.97918218168739	NA	9.755899491259896	NA
Parietal	-0.113631469297468	62.15476060146554	NA	9.736271357170603	NA
Parietal	-0.113631469297468	62.330339021243695	NA	9.716849598348182	NA
Parietal	-0.113631469297468	62.50591744102184	NA	9.697627052983291	NA
Parietal	-0.113631469297468	62.61363146929747	9.697675719086815	9.68593003732451	0.752898792037626
Parietal	-0.113631469297468	62.6814958608	NA	9.678596839143903	NA
Parietal	-0.113631469297468	62.857074280578146	NA	9.659752343714631	NA
Parietal	-0.113631469297468	63.0326527003563	NA	9.641087211773591	NA
Parietal	-0.113631469297468	63.20823112013445	NA	9.622595336389569	NA
Parietal	-0.113631469297468	63.383809539912605	NA	9.604270848822686	NA
Parietal	-0.113631469297468	63.55938795969075	NA	9.586108109112825	NA
Parietal	-0.113631469297468	63.7349663794689	NA	9.568101699135386	NA
Parietal	-0.113631469297468	63.910544799247056	NA	9.550246427754159	NA
Parietal	-0.113631469297468	64.08612321902521	NA	9.532537266945946	NA
Parietal	-0.113631469297468	64.26170163880336	NA	9.514969405066976	NA
Parietal	-0.113631469297468	64.437280058581507	NA	9.497538217489137	NA
Parietal	-0.113631469297468	64.61285847835966	NA	9.480239259212784	NA
Parietal	-0.113631469297468	64.78843689813782	NA	9.4630682577717309	NA
Parietal	-0.113631469297468	64.96401531791597	NA	9.446021106418954	NA
Parietal	-0.113631469297468	65.13959373769411	NA	9.429093857581726	NA
Parietal	-0.113631469297468	65.31517215747226	NA	9.412282716575795	NA
Parietal	-0.113631469297468	65.49075057725042	NA	9.395584035568056	NA
Parietal	-0.113631469297468	65.66632899702857	NA	9.378994307778145	NA
Parietal	-0.113631469297468	65.84190741680672	NA	9.362510161909308	NA
Parietal	-0.113631469297468	66.01748583658487	NA	9.346128356799639	NA
Parietal	-0.113631469297468	66.19306425636302	NA	9.32984577628479	NA
Parietal	-0.113631469297468	66.36864267614118	NA	9.313659424263985	NA
Parietal	-0.113631469297468	66.54422109591933	NA	9.297566419961138	NA
Parietal	-0.113631469297468	66.71979951569747	NA	9.281563993373398	NA
Parietal	-0.113631469297468	66.89537793547562	NA	9.265649480899762	NA
Parietal	-0.113631469297468	67.07095635525378	NA	9.249820321142579	NA
Parietal	-0.113631469297468	67.24653477503193	NA	9.2340740508751	NA
Parietal	-0.113631469297468	67.42211319481008	NA	9.218408301168537	NA
Parietal	-0.113631469297468	67.59769161458823	NA	9.20282079367235	NA
Parietal	-0.113631469297468	67.61363146929747	9.24925779921256	9.20140948083614	0.7208454116044913
Parietal	-0.113631469297468	67.77327003436638	NA	9.187309337041533	NA
Parietal	-0.113631469297468	67.94884845414454	NA	9.171871823505333	NA
Parietal	-0.113631469297468	68.12442687392269	NA	9.156506225571622	NA
Parietal	-0.113631469297468	68.30000529370083	NA	9.141210592861631	NA
Parietal	-0.113631469297468	68.47558371347898	NA	9.125983049069852	NA
Parietal	-0.113631469297468	68.65116213325715	NA	9.110821789044202	NA
Parietal	-0.113631469297468	68.8267405530353	NA	9.095725075981646	NA
Parietal	-0.113631469297468	69.00231897281344	NA	9.08069123873474	NA
Parietal	-0.113631469297468	69.17789739259159	NA	9.065718669224696	NA
Parietal	-0.113631469297468	69.35347581236974	NA	9.050805819956729	NA
Parietal	-0.113631469297468	69.5290542321479	NA	9.0359512016337291	NA
Parietal	-0.113631469297468	69.70463265192605	NA	9.021153380864241	NA
Parietal	-0.113631469297468	69.8802110717042	NA	9.006410977961119	NA
Parietal	-0.113631469297468	70.05578949148234	NA	8.991722664827222	NA
Parietal	-0.113631469297468	70.2313679112605	NA	8.977087162924736	NA
Parietal	-0.113631469297468	70.40694633103865	NA	8.962503241324772	NA
Parietal	-0.113631469297468	70.5825247508168	NA	8.947969714834112	NA
Parietal	-0.113631469297468	70.75810317059495	NA	8.933485442196043	NA
Parietal	-0.113631469297468	70.93368159037311	NA	8.919049324362271	NA
Parietal	-0.113631469297468	71.10926001015126	NA	8.904660302833307	NA
Parietal	-0.113631469297468	71.28483842992941	NA	8.890317358064241	NA
Parietal	-0.113631469297468	71.46041684970756	NA	8.876019507933794	NA
Parietal	-0.113631469297468	71.6359952694857	NA	8.861765806273809	NA
Parietal	-0.113631469297468	71.81157368926387	NA	8.847555346155263	NA
Parietal	-0.113631469297468	71.98715210904201	NA	8.833387245975718	NA
Parietal	-0.113631469297468	72.16273052882016	NA	8.8192606573888	NA
Parietal	-0.113631469297468	72.33830894859831	NA	8.805174764475666	NA
Parietal	-0.113631469297468	72.51388736837647	NA	8.791128780744797	NA
Parietal	-0.113631469297468	72.61363146929747	8.996039651625793	8.783166897399445	0.6932929600517144
Parietal	-0.113631469297468	72.68946578815462	NA	8.777121947977562	NA
Parietal	-0.113631469297468	72.86504420793277	NA	8.763153535119557	NA
Parietal	-0.113631469297468	73.04062262771092	NA	8.74922283721567	NA
Parietal	-0.113631469297468	73.216201047489065	NA	8.735329174387294	NA
Parietal	-0.113631469297468	73.39177946726723	NA	8.721471890849935	NA
Parietal	-0.113631469297468	73.56735788704538	NA	8.707650353969683	NA
Parietal	-0.113631469297468	73.74293630682352	NA	8.693863953356981	NA
Parietal	-0.113631469297468	73.91851472660167	NA	8.680112099996173	NA
Parietal	-0.113631469297468	74.09409314637983	NA	8.666394225409501	NA
Parietal	-0.113631469297468	74.26967156615798	NA	8.652709780854114	NA
Parietal	-0.113631469297468	74.44524998593613	NA	8.639058236550829	NA
Parietal	-0.113631469297468	74.62082840571428	NA	8.62543908094335	NA
Parietal	-0.113631469297468	74.79640682549244	NA	8.611851819986784	NA
Parietal	-0.113631469297468	74.97198524527059	NA	8.598295976464266	NA
Parietal	-0.113631469297468	75.14756366504874	NA	8.584771089330571	NA
Parietal	-0.113631469297468	75.32314208482688	NA	8.5712767130817	NA
Parietal	-0.113631469297468	75.49872050460503	NA	8.557812417149316	NA
Parietal	-0.113631469297468	75.6742989243832	NA	8.544377785319163	NA
Parietal	-0.113631469297468	75.84987734416134	NA	8.530972415172435	NA
Parietal	-0.113631469297468	76.02545576393949	NA	8.517595917549194	NA
Parietal	-0.113631469297468	76.20103418371764	NA	8.504247916033034	NA
Parietal	-0.113631469297468	76.3766126034958	NA	8.490928046456062	NA
Parietal	-0.113631469297468	76.55219102327395	NA	8.477635956423427	NA
Parietal	-0.113631469297468	76.7277694430521	NA	8.464371304856673	NA
Parietal	-0.113631469297468	76.90334786283024	NA	8.451133761555093	NA
Parietal	-0.113631469297468	77.07892628260839	NA	8.437923006774373	NA
Parietal	-0.113631469297468	77.25450470238655	NA	8.42473873082195	NA
Parietal	-0.113631469297468	77.4300831221647	NA	8.411580633668306	NA
Parietal	-0.113631469297468	77.60566154194285	NA	8.398448424573594	NA
Parietal	-0.113631469297468	77.61363146929747	8.623994083943272	8.397852932966002	0.6673326006999584
Parietal	-0.113631469297468	77.781239961721	NA	8.385341821729046	NA
Parietal	-0.113631469297468	77.95681838149916	NA	8.372260551912472	NA
Parietal	-0.113631469297468	78.13239680127731	NA	8.359204350157471	NA
Parietal	-0.113631469297468	78.30797522105546	NA	8.34617295943554	NA
Parietal	-0.113631469297468	78.4835536408336	NA	8.333166130350891	NA
Parietal	-0.113631469297468	78.65913206061177	NA	8.32018362084718	NA
Parietal	-0.113631469297468	78.83471048038992	NA	8.307225195925902	NA
Parietal	-0.113631469297468	79.01028890016806	NA	8.294290627375846	NA
Parietal	-0.113631469297468	79.18586731994621	NA	8.28137969351323	NA
Parietal	-0.113631469297468	79.36144573972436	NA	8.268492178932105	NA
Parietal	-0.113631469297468	79.53702415950252	NA	8.255627874264588	NA
Parietal	-0.113631469297468	79.71260257928067	NA	8.242786577215531	NA
Parietal	-0.113631469297468	79.88818099905882	NA	8.229968090720119	NA
Parietal	-0.113631469297468	80.06375941883697	NA	8.217172219948235	NA
Parietal	-0.113631469297468	80.23933783861513	NA	8.204398777472456	NA
Parietal	-0.113631469297468	80.41491625839328	NA	8.191647580839112	NA
Parietal	-0.113631469297468	80.59049467817142	NA	8.178918452379875	NA
Parietal	-0.113631469297468	80.76607309794957	NA	8.166211219030869	NA
Parietal	-0.113631469297468	80.94165151772772	NA	8.153525712158874	NA
Parietal	-0.113631469297468	81.11722993750588	NA	8.140861767394384	NA
Parietal	-0.113631469297468	81.29280835728403	NA	8.128219224471218	NA
Parietal	-0.113631469297468	81.46838677706218	NA	8.115597927072491	NA
Parietal	-0.113631469297468	81.64396519684033	NA	8.102997722682588	NA
Parietal	-0.113631469297468	81.81954361661849	NA	8.090418462445056	NA
Parietal	-0.113631469297468	81.99512203639664	NA	8.07786000102597	NA
Parietal	-0.113631469297468	82.17070045617479	NA	8.065322196482791	NA
Parietal	-0.113631469297468	82.34627887595293	NA	8.052804910138336	NA
Parietal	-0.113631469297468	82.52185729573108	NA	8.040308006459673	NA
Parietal	-0.113631469297468	82.61363146929747	8.406182776911773	8.033783988922758	0.644933026438736
Parietal	-0.113631469297468	82.69743571550924	NA	8.02783135294183	NA
Parietal	-0.113631469297468	82.87301413528739	NA	8.015374819996067	NA
Parietal	-0.113631469297468	83.04859255506554	NA	8.002938280842509	NA
Parietal	-0.113631469297468	83.22417097484369	NA	7.990521611407055	NA
Parietal	-0.113631469297468	83.39974939462185	NA	7.97812469022226	NA
Parietal	-0.113631469297468	83.5753278144	NA	7.965747398332188	NA
Parietal	-0.113631469297468	83.75090623417815	NA	7.953389619200977	NA
Parietal	-0.113631469297468	83.9264846539563	NA	7.94105123862495	NA
Parietal	-0.113631469297468	84.10206307373446	NA	7.928732144648236	NA
Parietal	-0.113631469297468	84.2776414935126	NA	7.916432227481674	NA
Parietal	-0.113631469297468	84.45321991329075	NA	7.904151379424907	NA
Parietal	-0.113631469297468	84.6287983330689	NA	7.891889494791509	NA
Parietal	-0.113631469297468	84.80437675284705	NA	7.879646469837103	NA
Parietal	-0.113631469297468	84.97995517262521	NA	7.8674222026901965	NA
Parietal	-0.113631469297468	85.15553359240336	NA	7.855216593285861	NA
Parietal	-0.113631469297468	85.3311120121815	NA	7.843029543301868	NA
Parietal	-0.113631469297468	85.50669043195965	NA	7.830860956097437	NA
Parietal	-0.113631469297468	85.68226885173782	NA	7.818710736654323	NA
Parietal	-0.113631469297468	85.85784727151596	NA	7.806578791520221	NA
Parietal	-0.113631469297468	86.03342569129411	NA	7.794465028754381	NA
Parietal	-0.113631469297468	86.20900411107226	NA	7.782369357875351	NA
Parietal	-0.113631469297468	86.38458253085041	NA	7.770291689810768	NA
Parietal	-0.113631469297468	86.56016095062857	NA	7.758231936849117	NA
Parietal	-0.113631469297468	86.73573937040672	NA	7.7461900125932885	NA
Parietal	-0.113631469297468	86.91131779018487	NA	7.734165831916128	NA
Parietal	-0.113631469297468	87.08689620996302	NA	7.722159310917532	NA
Parietal	-0.113631469297468	87.26247462974118	NA	7.71017036688331	NA
Parietal	-0.113631469297468	87.43805304951933	NA	7.698198918245618	NA
Parietal	-0.113631469297468	87.61363146929747	8.48036717837053	7.686210521601236	0.6267952640834258
Putamen	-0.113631469297468	0	0	-3.3383602115821505e-14	0
Putamen	-0.113631469297468	0.17557841977815125	NA	0.018769709764233082	NA
Putamen	-0.113631469297468	0.3511568395563025	NA	0.04918024924707195	NA
Putamen	-0.113631469297468	0.363631469297468	1.0248633790536257	0.05177649643581544	0.5406318946080035
Putamen	-0.113631469297468	0.5267352593344538	NA	6.225191594949295	NA
Putamen	-0.113631469297468	0.702313679112605	NA	10.821288710738022	NA
Putamen	-0.113631469297468	0.863631469297468	13.500942761754082	15.093498691656356	0.7614321513692394
Putamen	-0.113631469297468	0.8778920988907563	NA	15.473405715873707	NA
Putamen	-0.113631469297468	1.0534705186689075	NA	20.18035939603669	NA
Putamen	-0.113631469297468	1.2290489384470589	NA	25.041228281151877	NA
Putamen	-0.113631469297468	1.363631469297468	29.76510223250925	28.946913742692143	0.906689764733088
Putamen	-0.113631469297468	1.40462735822521	NA	30.203049230203344	NA
Putamen	-0.113631469297468	1.5802057780033612	NA	35.72716836827928	NA
Putamen	-0.113631469297468	1.7557841977815125	NA	41.1252904736594	NA
Putamen	-0.113631469297468	1.863631469297468	45.92317711570356	44.46173623579662	1.01687563871536
Putamen	-0.113631469297468	1.9313626175596639	NA	46.57451511590369	NA
Putamen	-0.113631469297468	2.106941037337815	NA	51.5950256197919	NA
Putamen	-0.113631469297468	2.282519457115966	NA	54.59836510443207	NA
Putamen	-0.113631469297468	2.363631469297468	55.561585713269785	55.248085128084035	1.063249747548116
Putamen	-0.113631469297468	2.4580978768941177	NA	55.519388550100054	NA
Putamen	-0.113631469297468	2.633676296672269	NA	55.763265035556586	NA
Putamen	-0.113631469297468	2.80925471645042	NA	56.125616220685785	NA
Putamen	-0.113631469297468	2.863631469297468	56.148114071331904	56.171988696474145	1.0563290442417974
Putamen	-0.113631469297468	2.984833136228571	NA	56.16466156781059	NA
Putamen	-0.113631469297468	3.1604115560067223	NA	55.97793049348001	NA
Putamen	-0.113631469297468	3.335989975784874	NA	55.63922792049496	NA
Putamen	-0.113631469297468	3.511568395563025	NA	55.3037018107643	NA
Putamen	-0.113631469297468	3.613631469297468	53.98783612030079	55.08100912107179	1.2801733520325422
Putamen	-0.113631469297468	3.687146815341176	NA	54.90824642951652	NA
Putamen	-0.113631469297468	3.8627252351193277	NA	54.454551394565975	NA
Putamen	-0.113631469297468	4.0383036548974784	NA	53.944250521850265	NA
Putamen	-0.113631469297468	4.21388207467563	NA	53.37892374581828	NA
Putamen	-0.113631469297468	4.389460494453782	NA	52.76009897310217	NA
Putamen	-0.113631469297468	4.565038914231932	NA	52.08925387179583	NA
Putamen	-0.113631469297468	4.613631469297468	51.025680132560375	51.89462158393572	1.2355345831774884
Putamen	-0.113631469297468	4.740617334010084	NA	51.36781759858165	NA
Putamen	-0.113631469297468	4.9161957537882355	NA	50.59717246586945	NA
Putamen	-0.113631469297468	5.091774173566386	NA	49.85726192057105	NA
Putamen	-0.113631469297468	5.267352593344538	NA	49.14888584418324	NA
Putamen	-0.113631469297468	5.4429310131226885	NA	48.45919425855327	NA
Putamen	-0.113631469297468	5.613631469297468	48.452812834991335	47.805925135159626	1.1929764114826216
Putamen	-0.113631469297468	5.61850943290084	NA	47.787499535573595	NA
Putamen	-0.113631469297468	5.794087852678992	NA	47.133138282835034	NA
Putamen	-0.113631469297468	5.969666272457142	NA	46.495470497212324	NA
Putamen	-0.113631469297468	6.145244692235294	NA	45.87387874795098	NA
Putamen	-0.113631469297468	6.320823112013445	NA	45.26776738822774	NA
Putamen	-0.113631469297468	6.496401531791596	NA	44.67656179419241	NA
Putamen	-0.113631469297468	6.671979951569748	NA	44.09970763053383	NA
Putamen	-0.113631469297468	6.8475583713478985	NA	43.53667014164588	NA
Putamen	-0.113631469297468	7.02313679112605	NA	42.986933467501494	NA
Putamen	-0.113631469297468	7.113631469297468	42.49713735959374	42.708623957097	1.4084829977458366
Putamen	-0.113631469297468	7.198715210904202	NA	42.44999998337399	NA
Putamen	-0.113631469297468	7.374293630682352	NA	41.925389662574894	NA
Putamen	-0.113631469297468	7.549872050460504	NA	41.412639461406215	NA
Putamen	-0.113631469297468	7.7254504702386555	NA	40.91130272555337	NA
Putamen	-0.113631469297468	7.901028890016806	NA	40.42094861717173	NA
Putamen	-0.113631469297468	8.076607309794957	NA	39.94116254860705	NA
Putamen	-0.113631469297468	8.252185729573108	NA	39.471543156237495	NA
Putamen	-0.113631469297468	8.42776414935126	NA	39.01170323070416	NA
Putamen	-0.113631469297468	8.603342569129412	NA	38.56126986605576	NA
Putamen	-0.113631469297468	8.778920988907563	NA	38.1198833939949	NA
Putamen	-0.113631469297468	8.954499408685713	NA	37.687196920846986	NA
Putamen	-0.113631469297468	9.113631469297468	37.61362989248746	37.30227266309621	1.3149422378403732
Putamen	-0.113631469297468	9.130077828463865	NA	37.26287588067322	NA
Putamen	-0.113631469297468	9.305656248242016	NA	36.84659760396529	NA
Putamen	-0.113631469297468	9.481234668020168	NA	36.43805090137868	NA
Putamen	-0.113631469297468	9.65681308779832	NA	36.03693566198097	NA
Putamen	-0.113631469297468	9.832391507576471	NA	35.642962465508916	NA
Putamen	-0.113631469297468	10.00796992735462	NA	35.25585220814669	NA
Putamen	-0.113631469297468	10.183548347132772	NA	34.87533574135383	NA
Putamen	-0.113631469297468	10.359126766910924	NA	34.5011535232884	NA
Putamen	-0.113631469297468	10.534705186689076	NA	34.1385280535231	NA
Putamen	-0.113631469297468	10.710283606467227	NA	33.78681237296555	NA
Putamen	-0.113631469297468	10.885862026245377	NA	33.44447122507858	NA
Putamen	-0.113631469297468	11.061440446023528	NA	33.111168599362486	NA
Putamen	-0.113631469297468	11.23701886580168	NA	32.78658026276573	NA
Putamen	-0.113631469297468	11.412597285579832	NA	32.47039334886264	NA
Putamen	-0.113631469297468	11.588175705357983	NA	32.162305961346036	NA
Putamen	-0.113631469297468	11.763754125136133	NA	31.862026791336493	NA
Putamen	-0.113631469297468	11.939332544914285	NA	31.569274748026643	NA
Putamen	-0.113631469297468	12.114910964692436	NA	31.28377860219614	NA
Putamen	-0.113631469297468	12.290489384470588	NA	31.005276642148793	NA
Putamen	-0.113631469297468	12.46606780424874	NA	30.733516341639096	NA
Putamen	-0.113631469297468	12.613631469297468	30.920150498383663	30.510152095388776	1.6340283656754413
Putamen	-0.113631469297468	12.64164622402689	NA	30.468254039370734	NA
Putamen	-0.113631469297468	12.81722464380504	NA	30.20925462966346	NA
Putamen	-0.113631469297468	12.992803063583192	NA	29.956291263899768	NA
Putamen	-0.113631469297468	13.168381483361344	NA	29.70914506237548	NA
Putamen	-0.113631469297468	13.343959903139496	NA	29.46760483619193	NA
Putamen	-0.113631469297468	13.519538322917647	NA	29.23146681883979	NA
Putamen	-0.113631469297468	13.695116742695797	NA	29.000534407137447	NA
Putamen	-0.113631469297468	13.870695162473949	NA	28.774617911196806	NA
Putamen	-0.113631469297468	14.0462735822521	NA	28.55353431310361	NA
Putamen	-0.113631469297468	14.221852002030252	NA	28.337107034007477	NA
Putamen	-0.113631469297468	14.397430421808403	NA	28.125165709329167	NA
Putamen	-0.113631469297468	14.573008841586553	NA	27.9175459718022	NA
Putamen	-0.113631469297468	14.748587261364705	NA	27.714089242075964	NA
Putamen	-0.113631469297468	14.924165681142856	NA	27.514642526616694	NA
Putamen	-0.113631469297468	15.099744100921008	NA	27.318522595179097	NA
Putamen	-0.113631469297468	15.27532252069916	NA	27.125099516822452	NA
Putamen	-0.113631469297468	15.450900940477311	NA	26.93577063740858	NA
Putamen	-0.113631469297468	15.62647936025546	NA	26.750388222586466	NA
Putamen	-0.113631469297468	15.802057780033612	NA	26.5688097235896	NA
Putamen	-0.113631469297468	15.977636199811764	NA	26.390897743271623	NA
Putamen	-0.113631469297468	16.153214619589914	NA	26.21651978766792	NA
Putamen	-0.113631469297468	16.328793039368065	NA	26.045547399560448	NA
Putamen	-0.113631469297468	16.504371459146217	NA	25.87785702704766	NA
Putamen	-0.113631469297468	16.67994987892437	NA	25.713329459911208	NA
Putamen	-0.113631469297468	16.85552829870252	NA	25.551849678084547	NA
Putamen	-0.113631469297468	17.03110671848067	NA	25.393306705402015	NA
Putamen	-0.113631469297468	17.206685138258823	NA	25.23759346844501	NA
Putamen	-0.113631469297468	17.382263558036975	NA	25.08460666030727	NA
Putamen	-0.113631469297468	17.557841977815126	NA	24.934246609107916	NA
Putamen	-0.113631469297468	17.613631469297466	25.184762728489645	24.887003215421487	1.4478588203936495
Putamen	-0.113631469297468	17.733420397593278	NA	24.786417151087193	NA
Putamen	-0.113631469297468	17.908998817371426	NA	24.641025508124905	NA
Putamen	-0.113631469297468	18.084577237149578	NA	24.497982169527468	NA
Putamen	-0.113631469297468	18.26015565692773	NA	24.35720077793523	NA
Putamen	-0.113631469297468	18.43573407670588	NA	24.218598019206077	NA
Putamen	-0.113631469297468	18.611312496484032	NA	24.08209351613706	NA
Putamen	-0.113631469297468	18.786890916262184	NA	23.947609725890192	NA
Putamen	-0.113631469297468	18.962469336040336	NA	23.81507184099364	NA
Putamen	-0.113631469297468	19.138047755818487	NA	23.68440769379322	NA
Putamen	-0.113631469297468	19.31362617559664	NA	23.555547664234588	NA
Putamen	-0.113631469297468	19.48920459537479	NA	23.428424590859656	NA
Putamen	-0.113631469297468	19.664783015152942	NA	23.30297368490552	NA
Putamen	-0.113631469297468	19.84036143493109	NA	23.179132447397553	NA
Putamen	-0.113631469297468	20.01593985470924	NA	23.056840589132626	NA
Putamen	-0.113631469297468	20.191518274487393	NA	22.93603995345156	NA
Putamen	-0.113631469297468	20.367096694265545	NA	22.81667444170372	NA
Putamen	-0.113631469297468	20.542675114043696	NA	22.698689941309972	NA
Putamen	-0.113631469297468	20.718253533821848	NA	22.582034256333323	NA
Putamen	-0.113631469297468	20.8938319536	NA	22.466657040470196	NA
Putamen	-0.113631469297468	21.06941037337815	NA	22.35250973237758	NA
Putamen	-0.113631469297468	21.244988793156303	NA	22.23954549325508	NA
Putamen	-0.113631469297468	21.420567212934454	NA	22.127719146603024	NA
Putamen	-0.113631469297468	21.596145632712602	NA	22.016987120080863	NA
Putamen	-0.113631469297468	21.771724052490754	NA	21.907307389392876	NA
Putamen	-0.113631469297468	21.947302472268905	NA	21.79863942413023	NA
Putamen	-0.113631469297468	22.122880892047057	NA	21.69094413550154	NA
Putamen	-0.113631469297468	22.29845931182521	NA	21.584183825885873	NA
Putamen	-0.113631469297468	22.47403773160336	NA	21.478322140144904	NA
Putamen	-0.113631469297468	22.613631469297466	21.1607292311474	21.394774914820147	1.3019202544847868
Putamen	-0.113631469297468	22.64961615138151	NA	21.373324018632815	NA
Putamen	-0.113631469297468	22.825194571159663	NA	21.2691556518448	NA
Putamen	-0.113631469297468	23.000772990937815	NA	21.165784436647087	NA
Putamen	-0.113631469297468	23.176351410715966	NA	21.06317893403339	NA
Putamen	-0.113631469297468	23.351929830494118	NA	20.96130882835465	NA
Putamen	-0.113631469297468	23.527508250272266	NA	20.860144887970534	NA
Putamen	-0.113631469297468	23.703086670050418	NA	20.759658927273456	NA
Putamen	-0.113631469297468	23.87866508982857	NA	20.659823770036994	NA
Putamen	-0.113631469297468	24.05424350960672	NA	20.56061329714058	NA
Putamen	-0.113631469297468	24.229821929384872	NA	20.462002164367895	NA
Putamen	-0.113631469297468	24.405400349163024	NA	20.363966008029678	NA
Putamen	-0.113631469297468	24.580978768941176	NA	20.26648134819869	NA
Putamen	-0.113631469297468	24.756557188719327	NA	20.169525549361193	NA
Putamen	-0.113631469297468	24.93213560849748	NA	20.073076790798787	NA
Putamen	-0.113631469297468	25.10771402827563	NA	19.9771140380032	NA
Putamen	-0.113631469297468	25.28329244805378	NA	19.88161701508859	NA
Putamen	-0.113631469297468	25.45887086783193	NA	19.786566178166304	NA
Putamen	-0.113631469297468	25.63444928761008	NA	19.691942689648705	NA
Putamen	-0.113631469297468	25.810027707388233	NA	19.597728393449582	NA
Putamen	-0.113631469297468	25.985606127166385	NA	19.50390579104998	NA
Putamen	-0.113631469297468	26.161184546944536	NA	19.41045801839925	NA
Putamen	-0.113631469297468	26.336762966722688	NA	19.317368823622203	NA
Putamen	-0.113631469297468	26.51234138650084	NA	19.224622545504335	NA
Putamen	-0.113631469297468	26.68791980627899	NA	19.13220409272795	NA
Putamen	-0.113631469297468	26.863498226057143	NA	19.04009892383302	NA
Putamen	-0.113631469297468	27.039076645835294	NA	18.94829302787749	NA
Putamen	-0.113631469297468	27.214655065613442	NA	18.856772905773067	NA
Putamen	-0.113631469297468	27.390233485391594	NA	18.7655255522718	NA
Putamen	-0.113631469297468	27.565811905169745	NA	18.674538438582367	NA
Putamen	-0.113631469297468	27.613631469297466	18.522741758483235	18.649801143327917	1.1868744691262425
Putamen	-0.113631469297468	27.741390324947897	NA	18.583799495592874	NA
Putamen	-0.113631469297468	27.91696874472605	NA	18.493297097679577	NA
Putamen	-0.113631469297468	28.0925471645042	NA	18.403020047080986	NA
Putamen	-0.113631469297468	28.268125584282352	NA	18.31295755881763	NA
Putamen	-0.113631469297468	28.443704004060503	NA	18.22309924613853	NA
Putamen	-0.113631469297468	28.619282423838655	NA	18.13343510647595	NA
Putamen	-0.113631469297468	28.794860843616807	NA	18.04395550789069	NA
Putamen	-0.113631469297468	28.970439263394958	NA	17.95465117599103	NA
Putamen	-0.113631469297468	29.146017683173106	NA	17.86551318130846	NA
Putamen	-0.113631469297468	29.321596102951258	NA	17.776532927114605	NA
Putamen	-0.113631469297468	29.49717452272941	NA	17.687702137663763	NA
Putamen	-0.113631469297468	29.67275294250756	NA	17.599012846846378	NA
Putamen	-0.113631469297468	29.848331362285712	NA	17.5104573872389	NA
Putamen	-0.113631469297468	30.023909782063864	NA	17.422028379536492	NA
Putamen	-0.113631469297468	30.199488201842016	NA	17.334618104512753	NA
Putamen	-0.113631469297468	30.375066621620167	NA	17.248845956606182	NA
Putamen	-0.113631469297468	30.55064504139832	NA	17.16422879154416	NA
Putamen	-0.113631469297468	30.72622346117647	NA	17.080729147962572	NA
Putamen	-0.113631469297468	30.901801880954622	NA	16.998310848177788	NA
Putamen	-0.113631469297468	31.07738030073277	NA	16.916938953633178	NA
Putamen	-0.113631469297468	31.25295872051092	NA	16.836579721896353	NA
Putamen	-0.113631469297468	31.428537140289073	NA	16.757200565153255	NA
Putamen	-0.113631469297468	31.604115560067225	NA	16.67877001014678	NA
Putamen	-0.113631469297468	31.779693979845376	NA	16.601257659509717	NA
Putamen	-0.113631469297468	31.955272399623528	NA	16.52463422602692	NA
Putamen	-0.113631469297468	32.13085081940168	NA	16.448871335071466	NA
Putamen	-0.113631469297468	32.30642923917983	NA	16.373941536981615	NA
Putamen	-0.113631469297468	32.48200765895798	NA	16.299818377909357	NA
Putamen	-0.113631469297468	32.61363146929747	15.777006217022803	16.24476495166724	1.0899810586698542
Putamen	-0.113631469297468	32.65758607873613	NA	16.226476305815414	NA
Putamen	-0.113631469297468	32.833164498514286	NA	16.153890639206214	NA
Putamen	-0.113631469297468	33.008742918292434	NA	16.082037536958783	NA
Putamen	-0.113631469297468	33.18432133807059	NA	16.010893969195592	NA
Putamen	-0.113631469297468	33.35989975784874	NA	15.940437689172903	NA
Putamen	-0.113631469297468	33.53547817762689	NA	15.870647206147067	NA
Putamen	-0.113631469297468	33.71105659740504	NA	15.80150175918514	NA
Putamen	-0.113631469297468	33.88663501718319	NA	15.732981291886428	NA
Putamen	-0.113631469297468	34.06221343696134	NA	15.665066427983701	NA
Putamen	-0.113631469297468	34.23779185673949	NA	15.597738447793075	NA
Putamen	-0.113631469297468	34.41337027651765	NA	15.530979265483237	NA
Putamen	-0.113631469297468	34.588948696295795	NA	15.464771407135443	NA
Putamen	-0.113631469297468	34.76452711607395	NA	15.399097989566565	NA
Putamen	-0.113631469297468	34.9401055358521	NA	15.333942699888963	NA
Putamen	-0.113631469297468	35.11568395563025	NA	15.269289775781166	NA
Putamen	-0.113631469297468	35.2912623754084	NA	15.205123986444848	NA
Putamen	-0.113631469297468	35.466840795186556	NA	15.141430614224097	NA
Putamen	-0.113631469297468	35.642419214964704	NA	15.078195436863936	NA
Putamen	-0.113631469297468	35.81799763474285	NA	15.01540471038582	NA
Putamen	-0.113631469297468	35.99357605452101	NA	14.953045152558689	NA
Putamen	-0.113631469297468	36.169154474299155	NA	14.89110392694475	NA
Putamen	-0.113631469297468	36.34473289407731	NA	14.829568627500008	NA
Putamen	-0.113631469297468	36.52031131385546	NA	14.768427263710299	NA
Putamen	-0.113631469297468	36.695889733633614	NA	14.707668246244046	NA
Putamen	-0.113631469297468	36.87146815341176	NA	14.647280373103854	NA
Putamen	-0.113631469297468	37.04704657318992	NA	14.58725281625954	NA
Putamen	-0.113631469297468	37.222624992968065	NA	14.527575108745834	NA
Putamen	-0.113631469297468	37.39820341274622	NA	14.468237132208515	NA
Putamen	-0.113631469297468	37.57378183252437	NA	14.40922910488354	NA
Putamen	-0.113631469297468	37.61363146929747	14.10672753467924	14.395881530980104	1.008429311913547
Putamen	-0.113631469297468	37.749360252302516	NA	14.350541569993839	NA
Putamen	-0.113631469297468	37.92493867208067	NA	14.292165384549476	NA
Putamen	-0.113631469297468	38.10051709185882	NA	14.234091708536969	NA
Putamen	-0.113631469297468	38.276095511636974	NA	14.176311994484273	NA
Putamen	-0.113631469297468	38.45167393141512	NA	14.118817977388417	NA
Putamen	-0.113631469297468	38.62725235119328	NA	14.061601664992978	NA
Putamen	-0.113631469297468	38.802830770971426	NA	14.004655328403462	NA
Putamen	-0.113631469297468	38.97840919074958	NA	13.947971493028653	NA
Putamen	-0.113631469297468	39.15398761052773	NA	13.891542929836618	NA
Putamen	-0.113631469297468	39.329566030305884	NA	13.835362646914378	NA
Putamen	-0.113631469297468	39.50514445008403	NA	13.779423881320891	NA
Putamen	-0.113631469297468	39.68072286986218	NA	13.723720091222813	NA
Putamen	-0.113631469297468	39.856301289640335	NA	13.668244954473883	NA
Putamen	-0.113631469297468	40.03187970941848	NA	13.61299236947764	NA
Putamen	-0.113631469297468	40.20745812919664	NA	13.557956384780907	NA
Putamen	-0.113631469297468	40.383036548974786	NA	13.503131269744788	NA
Putamen	-0.113631469297468	40.55861496875294	NA	13.448511479424328	NA
Putamen	-0.113631469297468	40.73419338853109	NA	13.394091648207015	NA
Putamen	-0.113631469297468	40.909771808309245	NA	13.33986658367167	NA
Putamen	-0.113631469297468	41.08535022808739	NA	13.285831260660899	NA
Putamen	-0.113631469297468	41.26092864786554	NA	13.231980815558943	NA
Putamen	-0.113631469297468	41.436507067643696	NA	13.178310540768111	NA
Putamen	-0.113631469297468	41.612085487421844	NA	13.124815879376873	NA
Putamen	-0.113631469297468	41.7876639072	NA	13.071492420012884	NA
Putamen	-0.113631469297468	41.96324232697815	NA	13.018335891874466	NA
Putamen	-0.113631469297468	42.1388207467563	NA	12.96534215993445	NA
Putamen	-0.113631469297468	42.31439916653445	NA	12.912507220310276	NA
Putamen	-0.113631469297468	42.489977586312605	NA	12.85982719579465	NA
Putamen	-0.113631469297468	42.61363146929747	12.706307849874309	12.822817351960124	0.94091476359211
Putamen	-0.113631469297468	42.66555600609075	NA	12.807298331541109	NA
Putamen	-0.113631469297468	42.84113442586891	NA	12.754916990899067	NA
Putamen	-0.113631469297468	43.016712845647056	NA	12.702679651393336	NA
Putamen	-0.113631469297468	43.192291265425204	NA	12.65058290084279	NA
Putamen	-0.113631469297468	43.36786968520336	NA	12.598623433613637	NA
Putamen	-0.113631469297468	43.54344810498151	NA	12.546798047002365	NA
Putamen	-0.113631469297468	43.71902652475966	NA	12.495103637744059	NA
Putamen	-0.113631469297468	43.89460494453781	NA	12.443537198641566	NA
Putamen	-0.113631469297468	44.070183364315966	NA	12.392095815311368	NA
Putamen	-0.113631469297468	44.245761784094114	NA	12.340776663042146	NA
Putamen	-0.113631469297468	44.42134020387227	NA	12.289577003762036	NA
Putamen	-0.113631469297468	44.59691862365042	NA	12.238494183110795	NA
Putamen	-0.113631469297468	44.77249704342857	NA	12.18752562761341	NA
Putamen	-0.113631469297468	44.94807546320672	NA	12.13666884195126	NA
Putamen	-0.113631469297468	45.12365388298487	NA	12.085930763595995	NA
Putamen	-0.113631469297468	45.29923230276302	NA	12.035727781169912	NA
Putamen	-0.113631469297468	45.47481072254117	NA	11.986037932117274	NA
Putamen	-0.113631469297468	45.65038914231933	NA	11.9368435427103	NA
Putamen	-0.113631469297468	45.825967562097475	NA	11.88813082875606	NA
Putamen	-0.113631469297468	46.00154598187563	NA	11.8398864595526	NA
Putamen	-0.113631469297468	46.17712440165378	NA	11.792097542296418	NA
Putamen	-0.113631469297468	46.35270282143193	NA	11.744751607031688	NA
Putamen	-0.113631469297468	46.52828124121008	NA	11.697836592122027	NA
Putamen	-0.113631469297468	46.703859660988236	NA	11.65134083022695	NA
Putamen	-0.113631469297468	46.879438080766384	NA	11.605253034765216	NA
Putamen	-0.113631469297468	47.05501650054453	NA	11.559562286848209	NA
Putamen	-0.113631469297468	47.23059492032269	NA	11.514258022667015	NA
Putamen	-0.113631469297468	47.406173340100835	NA	11.469330021317301	NA
Putamen	-0.113631469297468	47.58175175987899	NA	11.424768393046898	NA
Putamen	-0.113631469297468	47.61363146929747	11.316575865072998	11.416716039148959	0.8834903698615684
Putamen	-0.113631469297468	47.75733017965714	NA	11.380563567911247	NA
Putamen	-0.113631469297468	47.932908599435294	NA	11.336706327073037	NA
Putamen	-0.113631469297468	48.10848701921344	NA	11.293187672467813	NA
Putamen	-0.113631469297468	48.2840654389916	NA	11.249998919865721	NA
Putamen	-0.113631469297468	48.459643858769745	NA	11.20713167290025	NA
Putamen	-0.113631469297468	48.6352222785479	NA	11.164577803922917	NA
Putamen	-0.113631469297468	48.81080069832605	NA	11.1223294448252	NA
Putamen	-0.113631469297468	48.986379118104196	NA	11.080378978178482	NA
Putamen	-0.113631469297468	49.16195753788235	NA	11.0387190286814	NA
Putamen	-0.113631469297468	49.3375359576605	NA	10.997342454903714	NA
Putamen	-0.113631469297468	49.513114377438654	NA	10.956242341316418	NA
Putamen	-0.113631469297468	49.6886927972168	NA	10.915411990598038	NA
Putamen	-0.113631469297468	49.86427121699496	NA	10.874844916207728	NA
Putamen	-0.113631469297468	50.039849636773106	NA	10.834534835215633	NA
Putamen	-0.113631469297468	50.21542805655126	NA	10.794475661381714	NA
Putamen	-0.113631469297468	50.39100647632941	NA	10.754661498474354	NA
Putamen	-0.113631469297468	50.56658489610756	NA	10.715086633820384	NA
Putamen	-0.113631469297468	50.74216331588571	NA	10.675745532078562	NA
Putamen	-0.113631469297468	50.91774173566386	NA	10.636632829228528	NA
Putamen	-0.113631469297468	51.093320155442015	NA	10.597743326768029	NA
Putamen	-0.113631469297468	51.26889857522016	NA	10.559071986110922	NA
Putamen	-0.113631469297468	51.44447699499832	NA	10.520613923179063	NA
Putamen	-0.113631469297468	51.620055414776466	NA	10.482364403181373	NA
Putamen	-0.113631469297468	51.79563383455462	NA	10.444318835573553	NA
Putamen	-0.113631469297468	51.97121225433277	NA	10.406472769192064	NA
Putamen	-0.113631469297468	52.146790674110925	NA	10.36882188755647	NA
Putamen	-0.113631469297468	52.32236909388907	NA	10.331362004334213	NA
Putamen	-0.113631469297468	52.49794751366722	NA	10.2940890589621	NA
Putamen	-0.113631469297468	52.61363146929747	10.076935261398669	10.269631160081843	0.8327447638909478
Putamen	-0.113631469297468	52.673525933445376	NA	10.2569991124192	NA
Putamen	-0.113631469297468	52.849104353223524	NA	10.22008834314576	NA
Putamen	-0.113631469297468	53.02468277300168	NA	10.183353043103144	NA
Putamen	-0.113631469297468	53.20026119277983	NA	10.146789613969847	NA
Putamen	-0.113631469297468	53.37583961255798	NA	10.110394563468818	NA
Putamen	-0.113631469297468	53.55141803233613	NA	10.074164501821679	NA
Putamen	-0.113631469297468	53.726996452114285	NA	10.038096138325209	NA
Putamen	-0.113631469297468	53.90257487189243	NA	10.002186278046032	NA
Putamen	-0.113631469297468	54.07815329167059	NA	9.966431818629278	NA
Putamen	-0.113631469297468	54.25373171144874	NA	9.930829747217375	NA
Putamen	-0.113631469297468	54.429310131226885	NA	9.89537713747495	NA
Putamen	-0.113631469297468	54.60488855100504	NA	9.860071146716368	NA
Putamen	-0.113631469297468	54.78046697078319	NA	9.824909013132238	NA
Putamen	-0.113631469297468	54.95604539056134	NA	9.789888053111412	NA
Putamen	-0.113631469297468	55.13162381033949	NA	9.755005658655246	NA
Putamen	-0.113631469297468	55.307202230117646	NA	9.72025929488083	NA
Putamen	-0.113631469297468	55.482780649895794	NA	9.685646497610183	NA
Putamen	-0.113631469297468	55.65835906967395	NA	9.65116487104235	NA
Putamen	-0.113631469297468	55.8339374894521	NA	9.61681209428065	NA
Putamen	-0.113631469297468	56.00951590923025	NA	9.58258590287895	NA
Putamen	-0.113631469297468	56.1850943290084	NA	9.548484082295992	NA
Putamen	-0.113631469297468	56.36067274878655	NA	9.514504488546253	NA
Putamen	-0.113631469297468	56.536251168564704	NA	9.480645035527257	NA
Putamen	-0.113631469297468	56.71182958834285	NA	9.446903693132272	NA
Putamen	-0.113631469297468	56.88740800812101	NA	9.413278485427687	NA
Putamen	-0.113631469297468	57.062986427899155	NA	9.379767488892993	NA
Putamen	-0.113631469297468	57.23856484767731	NA	9.346368830720964	NA
Putamen	-0.113631469297468	57.41414326745546	NA	9.313080687176207	NA
Putamen	-0.113631469297468	57.58972168723361	NA	9.27990128200985	NA
Putamen	-0.113631469297468	57.61363146929747	9.199876833741357	9.275391295260873	0.7903419439814352
Putamen	-0.113631469297468	57.76530010701176	NA	9.246828884928576	NA
Putamen	-0.113631469297468	57.940878526789916	NA	9.21386181011595	NA
Putamen	-0.113631469297468	58.116456946568064	NA	9.180998414804398	NA
Putamen	-0.113631469297468	58.29203536634621	NA	9.14823709789596	NA
Putamen	-0.113631469297468	58.46761378612437	NA	9.115576298630154	NA
Putamen	-0.113631469297468	58.643192205902515	NA	9.083014495297366	NA
Putamen	-0.113631469297468	58.81877062568067	NA	9.050550203996107	NA
Putamen	-0.113631469297468	58.99434904545882	NA	9.018181977432704	NA
Putamen	-0.113631469297468	59.169927465236974	NA	8.985908403761853	NA
Putamen	-0.113631469297468	59.34550588501512	NA	8.953728105466723	NA
Putamen	-0.113631469297468	59.52108430479328	NA	8.921639738277172	NA
Putamen	-0.113631469297468	59.696662724571425	NA	8.88964199012472	NA
Putamen	-0.113631469297468	59.87224114434958	NA	8.857733580133154	NA
Putamen	-0.113631469297468	60.04781956412773	NA	8.82591325764336	NA
Putamen	-0.113631469297468	60.223397983905876	NA	8.794299191615934	NA
Putamen	-0.113631469297468	60.39897640368403	NA	8.763165218860298	NA
Putamen	-0.113631469297468	60.57455482346218	NA	8.732432816163595	NA
Putamen	-0.113631469297468	60.750133243240334	NA	8.70209142861185	NA
Putamen	-0.113631469297468	60.92571166301848	NA	8.672130842607576	NA
Putamen	-0.113631469297468	61.10129008279664	NA	8.642541174182465	NA
Putamen	-0.113631469297468	61.276868502574786	NA	8.613312857715668	NA
Putamen	-0.113631469297468	61.45244692235294	NA	8.584436635043456	NA
Putamen	-0.113631469297468	61.62802534213109	NA	8.555903544946867	NA
Putamen	-0.113631469297468	61.803603761909244	NA	8.527704913003825	NA
Putamen	-0.113631469297468	61.97918218168739	NA	8.499832341793462	NA
Putamen	-0.113631469297468	62.15476060146554	NA	8.47227770143999	NA
Putamen	-0.113631469297468	62.330339021243695	NA	8.445033120484633	NA
Putamen	-0.113631469297468	62.50591744102184	NA	8.418090977073977	NA
Putamen	-0.113631469297468	62.61363146929747	8.749057664778421	8.401709027676882	0.752898792037626
Putamen	-0.113631469297468	62.6814958608	NA	8.391443890453818	NA
Putamen	-0.113631469297468	62.857074280578146	NA	8.365084712757973	NA
Putamen	-0.113631469297468	63.0326527003563	NA	8.339006521081462	NA
Putamen	-0.113631469297468	63.20823112013445	NA	8.313202609828668	NA
Putamen	-0.113631469297468	63.383809539912605	NA	8.287666483326426	NA
Putamen	-0.113631469297468	63.55938795969075	NA	8.26239184869312	NA
Putamen	-0.113631469297468	63.7349663794689	NA	8.23737261241386	NA
Putamen	-0.113631469297468	63.910544799247056	NA	8.212602896958163	NA
Putamen	-0.113631469297468	64.08612321902521	NA	8.18807694213347	NA
Putamen	-0.113631469297468	64.26170163880336	NA	8.163789199805857	NA
Putamen	-0.113631469297468	64.437280058581507	NA	8.139734292512523	NA
Putamen	-0.113631469297468	64.61285847835966	NA	8.11590700768995	NA
Putamen	-0.113631469297468	64.78843689813782	NA	8.092302292101882	NA
Putamen	-0.113631469297468	64.96401531791597	NA	8.068915246460014	NA
Putamen	-0.113631469297468	65.13959373769411	NA	8.045741120230792	NA
Putamen	-0.113631469297468	65.31517215747226	NA	8.022775306621773	NA
Putamen	-0.113631469297468	65.49075057725042	NA	8.000013337741413	NA
Putamen	-0.113631469297468	65.66632899702857	NA	7.977450879926098	NA
Putamen	-0.113631469297468	65.84190741680672	NA	7.955083729228742	NA
Putamen	-0.113631469297468	66.01748583658487	NA	7.932907807063261	NA
Putamen	-0.113631469297468	66.19306425636302	NA	7.910919155999503	NA
Putamen	-0.113631469297468	66.36864267614118	NA	7.889113935703461	NA
Putamen	-0.113631469297468	66.54422109591933	NA	7.867488419017607	NA
Putamen	-0.113631469297468	66.71979951569747	NA	7.846038988176582	NA
Putamen	-0.113631469297468	66.89537793547562	NA	7.824762131153525	NA
Putamen	-0.113631469297468	67.07095635525378	NA	7.80365443813241	NA
Putamen	-0.113631469297468	67.24653477503193	NA	7.78271259810212	NA
Putamen	-0.113631469297468	67.42211319481008	NA	7.761933395567943	NA
Putamen	-0.113631469297468	67.59769161458823	NA	7.741313707376508	NA
Putamen	-0.113631469297468	67.61363146929747	8.051871066401205	7.739449542227638	0.7208454116044913
Putamen	-0.113631469297468	67.77327003436638	NA	7.720850499650046	NA
Putamen	-0.113631469297468	67.94884845414454	NA	7.700540824826398	NA
Putamen	-0.113631469297468	68.12442687392269	NA	7.680381818800915	NA
Putamen	-0.113631469297468	68.30000529370083	NA	7.660370698166814	NA
Putamen	-0.113631469297468	68.47558371347898	NA	7.640504757550487	NA
Putamen	-0.113631469297468	68.65116213325715	NA	7.620781367038584	NA
Putamen	-0.113631469297468	68.8267405530353	NA	7.60119796969352	NA
Putamen	-0.113631469297468	69.00231897281344	NA	7.581752079154476	NA
Putamen	-0.113631469297468	69.17789739259159	NA	7.562441277320862	NA
Putamen	-0.113631469297468	69.35347581236974	NA	7.543263212115401	NA
Putamen	-0.113631469297468	69.5290542321479	NA	7.524215595323971	NA
Putamen	-0.113631469297468	69.70463265192605	NA	7.505296200509777	NA
Putamen	-0.113631469297468	69.8802110717042	NA	7.486502860998946	NA
Putamen	-0.113631469297468	70.05578949148234	NA	7.467833467935353	NA
Putamen	-0.113631469297468	70.2313679112605	NA	7.4492859684021315	NA
Putamen	-0.113631469297468	70.40694633103865	NA	7.430858363607507	NA
Putamen	-0.113631469297468	70.5825247508168	NA	7.4125487071329514	NA
Putamen	-0.113631469297468	70.75810317059495	NA	7.3943551032411605	NA
Putamen	-0.113631469297468	70.93368159037311	NA	7.376275705242063	NA
Putamen	-0.113631469297468	71.10926001015126	NA	7.358308713914749	NA
Putamen	-0.113631469297468	71.28483842992941	NA	7.340452375983274	NA
Putamen	-0.113631469297468	71.46041684970756	NA	7.322704982644663	NA
Putamen	-0.113631469297468	71.6359952694857	NA	7.305064868147156	NA
Putamen	-0.113631469297468	71.81157368926387	NA	7.287530419961054	NA
Putamen	-0.113631469297468	71.98715210904201	NA	7.270100046743092	NA
Putamen	-0.113631469297468	72.16273052882016	NA	7.252772199464332	NA
Putamen	-0.113631469297468	72.33830894859831	NA	7.23554537132303	NA
Putamen	-0.113631469297468	72.51388736837647	NA	7.218418092154697	NA
Putamen	-0.113631469297468	72.61363146929747	7.627727094333297	7.208732057340214	0.6932929600517144
Putamen	-0.113631469297468	72.68946578815462	NA	7.201388927277451	NA
Putamen	-0.113631469297468	72.86504420793277	NA	7.184456476376848	NA
Putamen	-0.113631469297468	73.04062262771092	NA	7.167619372428518	NA
Putamen	-0.113631469297468	73.216201047489065	NA	7.150876280657409	NA
Putamen	-0.113631469297468	73.39177946726723	NA	7.13422589753245	NA
Putamen	-0.113631469297468	73.56735788704538	NA	7.117666949795244	NA
Putamen	-0.113631469297468	73.74293630682352	NA	7.101198193521723	NA
Putamen	-0.113631469297468	73.91851472660167	NA	7.084818413215652	NA
Putamen	-0.113631469297468	74.09409314637983	NA	7.0685264209327325	NA
Putamen	-0.113631469297468	74.26967156615798	NA	7.052321055434445	NA
Putamen	-0.113631469297468	74.44524998593613	NA	7.036201181370359	NA
Putamen	-0.113631469297468	74.62082840571428	NA	7.020165688488206	NA
Putamen	-0.113631469297468	74.79640682549244	NA	7.004213490870529	NA
Putamen	-0.113631469297468	74.97198524527059	NA	6.988343526197046	NA
Putamen	-0.113631469297468	75.14756366504874	NA	6.972554755031967	NA
Putamen	-0.113631469297468	75.32314208482688	NA	6.956846160135199	NA
Putamen	-0.113631469297468	75.49872050460503	NA	6.941216745796756	NA
Putamen	-0.113631469297468	75.6742989243832	NA	6.925665537193526	NA
Putamen	-0.113631469297468	75.84987734416134	NA	6.910191579767628	NA
Putamen	-0.113631469297468	76.02545576393949	NA	6.894793938625575	NA
Putamen	-0.113631469297468	76.20103418371764	NA	6.879471697957634	NA
Putamen	-0.113631469297468	76.3766126034958	NA	6.8642239604765125	NA
Putamen	-0.113631469297468	76.55219102327395	NA	6.849049846874907	NA
Putamen	-0.113631469297468	76.7277694430521	NA	6.833948495301084	NA
Putamen	-0.113631469297468	76.90334786283024	NA	6.818919060851984	NA
Putamen	-0.113631469297468	77.07892628260839	NA	6.80396071508315	NA
Putamen	-0.113631469297468	77.25450470238655	NA	6.789072645535083	NA
Putamen	-0.113631469297468	77.4300831221647	NA	6.774254055275165	NA
Putamen	-0.113631469297468	77.60566154194285	NA	6.759504162454924	NA
Putamen	-0.113631469297468	77.61363146929747	6.9043070119166625	6.758836250363225	0.6673326006999584
Putamen	-0.113631469297468	77.781239961721	NA	6.744822199881875	NA
Putamen	-0.113631469297468	77.95681838149916	NA	6.730207414605589	NA
Putamen	-0.113631469297468	78.13239680127731	NA	6.715659067517406	NA
Putamen	-0.113631469297468	78.30797522105546	NA	6.7011764329633445	NA
Putamen	-0.113631469297468	78.4835536408336	NA	6.686758798369788	NA
Putamen	-0.113631469297468	78.65913206061177	NA	6.672405463881529	NA
Putamen	-0.113631469297468	78.83471048038992	NA	6.658115742011574	NA
Putamen	-0.113631469297468	79.01028890016806	NA	6.643888957302622	NA
Putamen	-0.113631469297468	79.18586731994621	NA	6.629724445999408	NA
Putamen	-0.113631469297468	79.36144573972436	NA	6.615621555731942	NA
Putamen	-0.113631469297468	79.53702415950252	NA	6.601579645209016	NA
Putamen	-0.113631469297468	79.71260257928067	NA	6.587598087234375	NA
Putamen	-0.113631469297468	79.88818099905882	NA	6.573676264152411	NA
Putamen	-0.113631469297468	80.06375941883697	NA	6.559813560314557	NA
Putamen	-0.113631469297468	80.23933783861513	NA	6.546009375878752	NA
Putamen	-0.113631469297468	80.41491625839328	NA	6.532263120692136	NA
Putamen	-0.113631469297468	80.59049467817142	NA	6.518574214039632	NA
Putamen	-0.113631469297468	80.76607309794957	NA	6.5049420844005095	NA
Putamen	-0.113631469297468	80.94165151772772	NA	6.4913661692128715	NA
Putamen	-0.113631469297468	81.11722993750588	NA	6.477845914645573	NA
Putamen	-0.113631469297468	81.29280835728403	NA	6.464380775377603	NA
Putamen	-0.113631469297468	81.46838677706218	NA	6.45097021438436	NA
Putamen	-0.113631469297468	81.64396519684033	NA	6.437613702730804	NA
Putamen	-0.113631469297468	81.81954361661849	NA	6.42431071937122	NA
Putamen	-0.113631469297468	81.99512203639664	NA	6.411060750955208	NA
Putamen	-0.113631469297468	82.17070045617479	NA	6.397863291639976	NA
Putamen	-0.113631469297468	82.34627887595293	NA	6.384717842908404	NA
Putamen	-0.113631469297468	82.52185729573108	NA	6.371623913392947	NA
Putamen	-0.113631469297468	82.61363146929747	6.680306990455386	6.364800105233076	0.644933026438736
Putamen	-0.113631469297468	82.69743571550924	NA	6.358581018704986	NA
Putamen	-0.113631469297468	82.87301413528739	NA	6.345588681269561	NA
Putamen	-0.113631469297468	83.04859255506554	NA	6.332646430165269	NA
Putamen	-0.113631469297468	83.22417097484369	NA	6.319753800969112	NA
Putamen	-0.113631469297468	83.39974939462185	NA	6.306910335606197	NA
Putamen	-0.113631469297468	83.5753278144	NA	6.294115582204074	NA
Putamen	-0.113631469297468	83.75090623417815	NA	6.281369094951542	NA
Putamen	-0.113631469297468	83.9264846539563	NA	6.268670433961873	NA
Putamen	-0.113631469297468	84.10206307373446	NA	6.256019165140131	NA
Putamen	-0.113631469297468	84.2776414935126	NA	6.243414860054623	NA
Putamen	-0.113631469297468	84.45321991329075	NA	6.230857095812217	NA
Putamen	-0.113631469297468	84.6287983330689	NA	6.218345454937511	NA
Putamen	-0.113631469297468	84.80437675284705	NA	6.205879525255579	NA
Putamen	-0.113631469297468	84.97995517262521	NA	6.19345889977829	NA
Putamen	-0.113631469297468	85.15553359240336	NA	6.181083176594067	NA
Putamen	-0.113631469297468	85.3311120121815	NA	6.168751958760878	NA
Putamen	-0.113631469297468	85.50669043195965	NA	6.15646485420251	NA
Putamen	-0.113631469297468	85.68226885173782	NA	6.144221475607824	NA
Putamen	-0.113631469297468	85.85784727151596	NA	6.132021440333088	NA
Putamen	-0.113631469297468	86.03342569129411	NA	6.119864370307105	NA
Putamen	-0.113631469297468	86.20900411107226	NA	6.107749891939161	NA
Putamen	-0.113631469297468	86.38458253085041	NA	6.0956776360297065	NA
Putamen	-0.113631469297468	86.56016095062857	NA	6.083647237683543	NA
Putamen	-0.113631469297468	86.73573937040672	NA	6.071658336225599	NA
Putamen	-0.113631469297468	86.91131779018487	NA	6.0597105751191185	NA
Putamen	-0.113631469297468	87.08689620996302	NA	6.04780360188619	NA
Putamen	-0.113631469297468	87.26247462974118	NA	6.035937068030557	NA
Putamen	-0.113631469297468	87.43805304951933	NA	6.024110628962592	NA
Putamen	-0.113631469297468	87.61363146929747	6.3844310684175145	6.012289487745203	0.6267952640834258
Temporal	-0.113631469297468	0	0	-3.149904393186384e-14	0
Temporal	-0.113631469297468	0.17557841977815125	NA	0.017290301405344898	NA
Temporal	-0.113631469297468	0.3511568395563025	NA	0.04354875280261302	NA
Temporal	-0.113631469297468	0.363631469297468	0.9972842132598742	0.04575005671562868	0.5406318946080035
Temporal	-0.113631469297468	0.5267352593344538	NA	5.792057693696527	NA
Temporal	-0.113631469297468	0.702313679112605	NA	9.378434150886184	NA
Temporal	-0.113631469297468	0.863631469297468	11.045186026140382	12.712485386095869	0.7614321513692394
Temporal	-0.113631469297468	0.8778920988907563	NA	13.00898783276768	NA
Temporal	-0.113631469297468	1.0534705186689075	NA	16.6829006422768	NA
Temporal	-0.113631469297468	1.2290489384470589	NA	20.487270943476926	NA
Temporal	-0.113631469297468	1.363631469297468	23.910949816627173	23.549335313817323	0.906689764733088
Temporal	-0.113631469297468	1.40462735822521	NA	24.54221457335094	NA
Temporal	-0.113631469297468	1.5802057780033612	NA	28.90348778863989	NA
Temporal	-0.113631469297468	1.7557841977815125	NA	33.110765178985915	NA
Temporal	-0.113631469297468	1.863631469297468	37.01523613410868	35.71063159753906	1.01687563871536
Temporal	-0.113631469297468	1.9313626175596639	NA	37.35679315691408	NA
Temporal	-0.113631469297468	2.106941037337815	NA	41.17700074082171	NA
Temporal	-0.113631469297468	2.282519457115966	NA	43.23948618026564	NA
Temporal	-0.113631469297468	2.363631469297468	43.97143460139668	43.57530428296232	1.063249747548116
Temporal	-0.113631469297468	2.4580978768941177	NA	43.59008344018293	NA
Temporal	-0.113631469297468	2.633676296672269	NA	43.59893309981227	NA
Temporal	-0.113631469297468	2.80925471645042	NA	43.8255869940973	NA
Temporal	-0.113631469297468	2.863631469297468	43.62176811420887	43.845257149875124	1.0563290442417974
Temporal	-0.113631469297468	2.984833136228571	NA	43.804156876146934	NA
Temporal	-0.113631469297468	3.1604115560067223	NA	43.62445118798334	NA
Temporal	-0.113631469297468	3.335989975784874	NA	43.34523638027402	NA
Temporal	-0.113631469297468	3.511568395563025	NA	43.09088154831986	NA
Temporal	-0.113631469297468	3.613631469297468	42.41336625531993	42.92202704511041	1.2801733520325422
Temporal	-0.113631469297468	3.687146815341176	NA	42.79101378482626	NA
Temporal	-0.113631469297468	3.8627252351193277	NA	42.44689077656769	NA
Temporal	-0.113631469297468	4.0383036548974784	NA	42.059727472906644	NA
Temporal	-0.113631469297468	4.21388207467563	NA	41.630697590059995	NA
Temporal	-0.113631469297468	4.389460494453782	NA	41.16093506214285	NA
Temporal	-0.113631469297468	4.565038914231932	NA	40.65153544087446	NA
Temporal	-0.113631469297468	4.613631469297468	40.03952907503685	40.50371582265831	1.2355345831774884
Temporal	-0.113631469297468	4.740617334010084	NA	40.103557245763966	NA
Temporal	-0.113631469297468	4.9161957537882355	NA	39.518023266529354	NA
Temporal	-0.113631469297468	5.091774173566386	NA	38.96895861923627	NA
Temporal	-0.113631469297468	5.267352593344538	NA	38.44743355831123	NA
Temporal	-0.113631469297468	5.4429310131226885	NA	37.94054655038017	NA
Temporal	-0.113631469297468	5.613631469297468	37.313143981728885	37.46125053444757	1.1929764114826216
Temporal	-0.113631469297468	5.61850943290084	NA	37.44774359548128	NA
Temporal	-0.113631469297468	5.794087852678992	NA	36.96849049315403	NA
Temporal	-0.113631469297468	5.969666272457142	NA	36.502272140377194	NA
Temporal	-0.113631469297468	6.145244692235294	NA	36.04859185437297	NA
Temporal	-0.113631469297468	6.320823112013445	NA	35.606970719396614	NA
Temporal	-0.113631469297468	6.496401531791596	NA	35.17694695666202	NA
Temporal	-0.113631469297468	6.671979951569748	NA	34.75807531658428	NA
Temporal	-0.113631469297468	6.8475583713478985	NA	34.34992649254852	NA
Temporal	-0.113631469297468	7.02313679112605	NA	33.952086555442996	NA
Temporal	-0.113631469297468	7.113631469297468	33.564323656947955	33.75093016987358	1.4084829977458366
Temporal	-0.113631469297468	7.198715210904202	NA	33.564156408220974	NA
Temporal	-0.113631469297468	7.374293630682352	NA	33.18575125978223	NA
Temporal	-0.113631469297468	7.549872050460504	NA	32.816500117489824	NA
Temporal	-0.113631469297468	7.7254504702386555	NA	32.45604529766245	NA
Temporal	-0.113631469297468	7.901028890016806	NA	32.104041953405606	NA
Temporal	-0.113631469297468	8.076607309794957	NA	31.760158376030628	NA
Temporal	-0.113631469297468	8.252185729573108	NA	31.42407364066875	NA
Temporal	-0.113631469297468	8.42776414935126	NA	31.095478296932395	NA
Temporal	-0.113631469297468	8.603342569129412	NA	30.774074453971412	NA
Temporal	-0.113631469297468	8.778920988907563	NA	30.459574935986307	NA
Temporal	-0.113631469297468	8.954499408685713	NA	30.151702901943093	NA
Temporal	-0.113631469297468	9.113631469297468	29.895330171487146	29.878168750806637	1.3149422378403732
Temporal	-0.113631469297468	9.130077828463865	NA	29.850191478758916	NA
Temporal	-0.113631469297468	9.305656248242016	NA	29.55478340748153	NA
Temporal	-0.113631469297468	9.481234668020168	NA	29.265230702002487	NA
Temporal	-0.113631469297468	9.65681308779832	NA	28.98129431986011	NA
Temporal	-0.113631469297468	9.832391507576471	NA	28.702743844704152	NA
Temporal	-0.113631469297468	10.00796992735462	NA	28.4293571800092	NA
Temporal	-0.113631469297468	10.183548347132772	NA	28.160920253638306	NA
Temporal	-0.113631469297468	10.359126766910924	NA	27.897226732872827	NA
Temporal	-0.113631469297468	10.534705186689076	NA	27.64325252462308	NA
Temporal	-0.113631469297468	10.710283606467227	NA	27.397825654650994	NA
Temporal	-0.113631469297468	10.885862026245377	NA	27.1594678782936	NA
Temporal	-0.113631469297468	11.061440446023528	NA	26.92791611088911	NA
Temporal	-0.113631469297468	11.23701886580168	NA	26.702916648991785	NA
Temporal	-0.113631469297468	11.412597285579832	NA	26.484224837834713	NA
Temporal	-0.113631469297468	11.588175705357983	NA	26.271604750570198	NA
Temporal	-0.113631469297468	11.763754125136133	NA	26.06482887887039	NA
Temporal	-0.113631469297468	11.939332544914285	NA	25.86367783448604	NA
Temporal	-0.113631469297468	12.114910964692436	NA	25.6679400613753	NA
Temporal	-0.113631469297468	12.290489384470588	NA	25.477411558028113	NA
Temporal	-0.113631469297468	12.46606780424874	NA	25.291895609625435	NA
Temporal	-0.113631469297468	12.613631469297468	25.695541687440883	25.139717249465058	1.6340283656754413
Temporal	-0.113631469297468	12.64164622402689	NA	25.11120252968466	NA
Temporal	-0.113631469297468	12.81722464380504	NA	24.935149410855594	NA
Temporal	-0.113631469297468	12.992803063583192	NA	24.763559884542794	NA
Temporal	-0.113631469297468	13.168381483361344	NA	24.59626388904176	NA
Temporal	-0.113631469297468	13.343959903139496	NA	24.43309744588742	NA
Temporal	-0.113631469297468	13.519538322917647	NA	24.27390244412411	NA
Temporal	-0.113631469297468	13.695116742695797	NA	24.118526432216814	NA
Temporal	-0.113631469297468	13.870695162473949	NA	23.966822417332235	NA
Temporal	-0.113631469297468	14.0462735822521	NA	23.818648671729832	NA
Temporal	-0.113631469297468	14.221852002030252	NA	23.673868546010198	NA
Temporal	-0.113631469297468	14.397430421808403	NA	23.532350288978286	NA
Temporal	-0.113631469297468	14.573008841586553	NA	23.39396687388714	NA
Temporal	-0.113631469297468	14.748587261364705	NA	23.258595830836256	NA
Temporal	-0.113631469297468	14.924165681142856	NA	23.126119085106435	NA
Temporal	-0.113631469297468	15.099744100921008	NA	22.995880579136795	NA
Temporal	-0.113631469297468	15.27532252069916	NA	22.86719673675934	NA
Temporal	-0.113631469297468	15.450900940477311	NA	22.741471954772038	NA
Temporal	-0.113631469297468	15.62647936025546	NA	22.61859264888586	NA
Temporal	-0.113631469297468	15.802057780033612	NA	22.498449301808353	NA
Temporal	-0.113631469297468	15.977636199811764	NA	22.380936424165323	NA
Temporal	-0.113631469297468	16.153214619589914	NA	22.265952361286136	NA
Temporal	-0.113631469297468	16.328793039368065	NA	22.15339866152897	NA
Temporal	-0.113631469297468	16.504371459146217	NA	22.043180684842245	NA
Temporal	-0.113631469297468	16.67994987892437	NA	21.935207186171894	NA
Temporal	-0.113631469297468	16.85552829870252	NA	21.829390195016313	NA
Temporal	-0.113631469297468	17.03110671848067	NA	21.725644899247623	NA
Temporal	-0.113631469297468	17.206685138258823	NA	21.623889533048114	NA
Temporal	-0.113631469297468	17.382263558036975	NA	21.524045268816092	NA
Temporal	-0.113631469297468	17.557841977815126	NA	21.426036112900892	NA
Temporal	-0.113631469297468	17.613631469297466	21.960256021034095	21.39526541804764	1.4478588203936495
Temporal	-0.113631469297468	17.733420397593278	NA	21.329788805030944	NA
Temporal	-0.113631469297468	17.908998817371426	NA	21.235232721304534	NA
Temporal	-0.113631469297468	18.084577237149578	NA	21.142299780616867	NA
Temporal	-0.113631469297468	18.26015565692773	NA	21.050924354401896	NA
Temporal	-0.113631469297468	18.43573407670588	NA	20.961043179571263	NA
Temporal	-0.113631469297468	18.611312496484032	NA	20.872595274537513	NA
Temporal	-0.113631469297468	18.786890916262184	NA	20.785521858212018	NA
Temporal	-0.113631469297468	18.962469336040336	NA	20.699766271872473	NA
Temporal	-0.113631469297468	19.138047755818487	NA	20.61527390379821	NA
Temporal	-0.113631469297468	19.31362617559664	NA	20.531992116575417	NA
Temporal	-0.113631469297468	19.48920459537479	NA	20.449870176977658	NA
Temporal	-0.113631469297468	19.664783015152942	NA	20.368859188330465	NA
Temporal	-0.113631469297468	19.84036143493109	NA	20.28891202527214	NA
Temporal	-0.113631469297468	20.01593985470924	NA	20.209983270825713	NA
Temporal	-0.113631469297468	20.191518274487393	NA	20.13202915570048	NA
Temporal	-0.113631469297468	20.367096694265545	NA	20.055007499743876	NA
Temporal	-0.113631469297468	20.542675114043696	NA	19.97887765546775	NA
Temporal	-0.113631469297468	20.718253533821848	NA	19.90360045357545	NA
Temporal	-0.113631469297468	20.8938319536	NA	19.82913815041896	NA
Temporal	-0.113631469297468	21.06941037337815	NA	19.75545437731758	NA
Temporal	-0.113631469297468	21.244988793156303	NA	19.682514091672445	NA
Temporal	-0.113631469297468	21.420567212934454	NA	19.610283529813096	NA
Temporal	-0.113631469297468	21.596145632712602	NA	19.53873016151486	NA
Temporal	-0.113631469297468	21.771724052490754	NA	19.46782264612777	NA
Temporal	-0.113631469297468	21.947302472268905	NA	19.397530790260166	NA
Temporal	-0.113631469297468	22.122880892047057	NA	19.327825506961606	NA
Temporal	-0.113631469297468	22.29845931182521	NA	19.25867877635226	NA
Temporal	-0.113631469297468	22.47403773160336	NA	19.19006360764745	NA
Temporal	-0.113631469297468	22.613631469297466	19.17325923518429	19.13587323500313	1.3019202544847868
Temporal	-0.113631469297468	22.64961615138151	NA	19.121954002527907	NA
Temporal	-0.113631469297468	22.825194571159663	NA	19.0543249198081	NA
Temporal	-0.113631469297468	23.000772990937815	NA	18.98715224135671	NA
Temporal	-0.113631469297468	23.176351410715966	NA	18.920412739224872	NA
Temporal	-0.113631469297468	23.351929830494118	NA	18.854084043939324	NA
Temporal	-0.113631469297468	23.527508250272266	NA	18.78814461391944	NA
Temporal	-0.113631469297468	23.703086670050418	NA	18.722573705978057	NA
Temporal	-0.113631469297468	23.87866508982857	NA	18.65735134686793	NA
Temporal	-0.113631469297468	24.05424350960672	NA	18.59245834892787	NA
Temporal	-0.113631469297468	24.229821929384872	NA	18.527876153465527	NA
Temporal	-0.113631469297468	24.405400349163024	NA	18.463586931978384	NA
Temporal	-0.113631469297468	24.580978768941176	NA	18.399573526374702	NA
Temporal	-0.113631469297468	24.756557188719327	NA	18.335819420653113	NA
Temporal	-0.113631469297468	24.93213560849748	NA	18.27230871798964	NA
Temporal	-0.113631469297468	25.10771402827563	NA	18.209026118636924	NA
Temporal	-0.113631469297468	25.28329244805378	NA	18.14595689860704	NA
Temporal	-0.113631469297468	25.45887086783193	NA	18.08308688911011	NA
Temporal	-0.113631469297468	25.63444928761008	NA	18.020402456721772	NA
Temporal	-0.113631469297468	25.810027707388233	NA	17.957890484254005	NA
Temporal	-0.113631469297468	25.985606127166385	NA	17.895538352304055	NA
Temporal	-0.113631469297468	26.161184546944536	NA	17.83333392145776	NA
Temporal	-0.113631469297468	26.336762966722688	NA	17.77126551512382	NA
Temporal	-0.113631469297468	26.51234138650084	NA	17.70932190297689	NA
Temporal	-0.113631469297468	26.68791980627899	NA	17.64749228498777	NA
Temporal	-0.113631469297468	26.863498226057143	NA	17.585766276020014	NA
Temporal	-0.113631469297468	27.039076645835294	NA	17.524133890972735	NA
Temporal	-0.113631469297468	27.214655065613442	NA	17.46258553045074	NA
Temporal	-0.113631469297468	27.390233485391594	NA	17.401111966942235	NA
Temporal	-0.113631469297468	27.565811905169745	NA	17.33970433148755	NA
Temporal	-0.113631469297468	27.613631469297466	17.092258065891386	17.322989974810543	1.1868744691262425
Temporal	-0.113631469297468	27.741390324947897	NA	17.278354100820426	NA
Temporal	-0.113631469297468	27.91696874472605	NA	17.217053084965492	NA
Temporal	-0.113631469297468	28.0925471645042	NA	17.15579341527583	NA
Temporal	-0.113631469297468	28.268125584282352	NA	17.09456753289494	NA
Temporal	-0.113631469297468	28.443704004060503	NA	17.03336817762807	NA
Temporal	-0.113631469297468	28.619282423838655	NA	16.972188377208496	NA
Temporal	-0.113631469297468	28.794860843616807	NA	16.911021436944605	NA
Temporal	-0.113631469297468	28.970439263394958	NA	16.84986092973452	NA
Temporal	-0.113631469297468	29.146017683173106	NA	16.78870068643503	NA
Temporal	-0.113631469297468	29.321596102951258	NA	16.72753478657237	NA
Temporal	-0.113631469297468	29.49717452272941	NA	16.666357549382784	NA
Temporal	-0.113631469297468	29.67275294250756	NA	16.605163525171083	NA
Temporal	-0.113631469297468	29.848331362285712	NA	16.543947486976037	NA
Temporal	-0.113631469297468	30.023909782063864	NA	16.482704422531636	NA
Temporal	-0.113631469297468	30.199488201842016	NA	16.42228190893849	NA
Temporal	-0.113631469297468	30.375066621620167	NA	16.36312022369422	NA
Temporal	-0.113631469297468	30.55064504139832	NA	16.30472601620096	NA
Temporal	-0.113631469297468	30.72622346117647	NA	16.247071333290982	NA
Temporal	-0.113631469297468	30.901801880954622	NA	16.19012921561971	NA
Temporal	-0.113631469297468	31.07738030073277	NA	16.133873662452395	NA
Temporal	-0.113631469297468	31.25295872051092	NA	16.07827959769777	NA
Temporal	-0.113631469297468	31.428537140289073	NA	16.02332283714469	NA
Temporal	-0.113631469297468	31.604115560067225	NA	15.968980056859047	NA
Temporal	-0.113631469297468	31.779693979845376	NA	15.915228762699972	NA
Temporal	-0.113631469297468	31.955272399623528	NA	15.862047306574965	NA
Temporal	-0.113631469297468	32.13085081940168	NA	15.80941475440112	NA
Temporal	-0.113631469297468	32.30642923917983	NA	15.757310889952354	NA
Temporal	-0.113631469297468	32.48200765895798	NA	15.705716254762484	NA
Temporal	-0.113631469297468	32.61363146929747	15.38462663498646	15.66736056435663	1.0899810586698542
Temporal	-0.113631469297468	32.65758607873613	NA	15.654612083173804	NA
Temporal	-0.113631469297468	32.833164498514286	NA	15.603980277784379	NA
Temporal	-0.113631469297468	33.008742918292434	NA	15.553803385764871	NA
Temporal	-0.113631469297468	33.18432133807059	NA	15.504064576014125	NA
Temporal	-0.113631469297468	33.35989975784874	NA	15.454747617123854	NA
Temporal	-0.113631469297468	33.53547817762689	NA	15.405836856123615	NA
Temporal	-0.113631469297468	33.71105659740504	NA	15.35731719797874	NA
Temporal	-0.113631469297468	33.88663501718319	NA	15.30917408581418	NA
Temporal	-0.113631469297468	34.06221343696134	NA	15.26139348183891	NA
Temporal	-0.113631469297468	34.23779185673949	NA	15.21396184894588	NA
Temporal	-0.113631469297468	34.41337027651765	NA	15.166866132963566	NA
Temporal	-0.113631469297468	34.588948696295795	NA	15.120093745536229	NA
Temporal	-0.113631469297468	34.76452711607395	NA	15.073632547610446	NA
Temporal	-0.113631469297468	34.9401055358521	NA	15.027470833506506	NA
Temporal	-0.113631469297468	35.11568395563025	NA	14.981597315553985	NA
Temporal	-0.113631469297468	35.2912623754084	NA	14.936001109271489	NA
Temporal	-0.113631469297468	35.466840795186556	NA	14.890671719071257	NA
Temporal	-0.113631469297468	35.642419214964704	NA	14.845599024470163	NA
Temporal	-0.113631469297468	35.81799763474285	NA	14.800773266789014	NA
Temporal	-0.113631469297468	35.99357605452101	NA	14.756185036322986	NA
Temporal	-0.113631469297468	36.169154474299155	NA	14.711825259966483	NA
Temporal	-0.113631469297468	36.34473289407731	NA	14.667685189276261	NA
Temporal	-0.113631469297468	36.52031131385546	NA	14.623756388957394	NA
Temporal	-0.113631469297468	36.695889733633614	NA	14.580030725757043	NA
Temporal	-0.113631469297468	36.87146815341176	NA	14.536500357751583	NA
Temporal	-0.113631469297468	37.04704657318992	NA	14.493157724013205	NA
Temporal	-0.113631469297468	37.222624992968065	NA	14.44999553464256	NA
Temporal	-0.113631469297468	37.39820341274622	NA	14.407006761154342	NA
Temporal	-0.113631469297468	37.57378183252437	NA	14.364184627203562	NA
Temporal	-0.113631469297468	37.61363146929747	13.910680179956431	14.354488176071634	1.008429311913547
Temporal	-0.113631469297468	37.749360252302516	NA	14.321522599640206	NA
Temporal	-0.113631469297468	37.92493867208067	NA	14.279014379880794	NA
Temporal	-0.113631469297468	38.10051709185882	NA	14.23665389558553	NA
Temporal	-0.113631469297468	38.276095511636974	NA	14.194435292630335	NA
Temporal	-0.113631469297468	38.45167393141512	NA	14.15235292736318	NA
Temporal	-0.113631469297468	38.62725235119328	NA	14.11040135913476	NA
Temporal	-0.113631469297468	38.802830770971426	NA	14.068575343093713	NA
Temporal	-0.113631469297468	38.97840919074958	NA	14.026869823237096	NA
Temporal	-0.113631469297468	39.15398761052773	NA	13.985279925707069	NA
Temporal	-0.113631469297468	39.329566030305884	NA	13.943800952324898	NA
Temporal	-0.113631469297468	39.50514445008403	NA	13.902428374354189	NA
Temporal	-0.113631469297468	39.68072286986218	NA	13.86115782648494	NA
Temporal	-0.113631469297468	39.856301289640335	NA	13.819985103630724	NA
Temporal	-0.113631469297468	40.03187970941848	NA	13.778906158528168	NA
Temporal	-0.113631469297468	40.20745812919664	NA	13.737917070004716	NA
Temporal	-0.113631469297468	40.383036548974786	NA	13.697014070509594	NA
Temporal	-0.113631469297468	40.55861496875294	NA	13.65619352888555	NA
Temporal	-0.113631469297468	40.73419338853109	NA	13.615451945524047	NA
Temporal	-0.113631469297468	40.909771808309245	NA	13.574785947691467	NA
Temporal	-0.113631469297468	41.08535022808739	NA	13.534192285021476	NA
Temporal	-0.113631469297468	41.26092864786554	NA	13.493667825166773	NA
Temporal	-0.113631469297468	41.436507067643696	NA	13.453209549604988	NA
Temporal	-0.113631469297468	41.612085487421844	NA	13.412814549593195	NA
Temporal	-0.113631469297468	41.7876639072	NA	13.372480022265654	NA
Temporal	-0.113631469297468	41.96324232697815	NA	13.332203266869987	NA
Temporal	-0.113631469297468	42.1388207467563	NA	13.291981681136518	NA
Temporal	-0.113631469297468	42.31439916653445	NA	13.251812757776419	NA
Temporal	-0.113631469297468	42.489977586312605	NA	13.211694081103824	NA
Temporal	-0.113631469297468	42.61363146929747	12.761007980715842	13.183468748713162	0.94091476359211
Temporal	-0.113631469297468	42.66555600609075	NA	13.171623323777714	NA
Temporal	-0.113631469297468	42.84113442586891	NA	13.131598243659184	NA
Temporal	-0.113631469297468	43.016712845647056	NA	13.091616680780112	NA
Temporal	-0.113631469297468	43.192291265425204	NA	13.051676554419243	NA
Temporal	-0.113631469297468	43.36786968520336	NA	13.011775860281865	NA
Temporal	-0.113631469297468	43.54344810498151	NA	12.97191266777946	NA
Temporal	-0.113631469297468	43.71902652475966	NA	12.93208511740572	NA
Temporal	-0.113631469297468	43.89460494453781	NA	12.8922914182056	NA
Temporal	-0.113631469297468	44.070183364315966	NA	12.852529845334017	NA
Temporal	-0.113631469297468	44.245761784094114	NA	12.812798737701112	NA
Temporal	-0.113631469297468	44.42134020387227	NA	12.773096495700937	NA
Temporal	-0.113631469297468	44.59691862365042	NA	12.733421579020678	NA
Temporal	-0.113631469297468	44.77249704342857	NA	12.693772504527473	NA
Temporal	-0.113631469297468	44.94807546320672	NA	12.65414784423019	NA
Temporal	-0.113631469297468	45.12365388298487	NA	12.614555214299775	NA
Temporal	-0.113631469297468	45.29923230276302	NA	12.575359307555853	NA
Temporal	-0.113631469297468	45.47481072254117	NA	12.536499270322189	NA
Temporal	-0.113631469297468	45.65038914231933	NA	12.497961271008391	NA
Temporal	-0.113631469297468	45.825967562097475	NA	12.459735261949909	NA
Temporal	-0.113631469297468	46.00154598187563	NA	12.421811544395442	NA
Temporal	-0.113631469297468	46.17712440165378	NA	12.384180756186263	NA
Temporal	-0.113631469297468	46.35270282143193	NA	12.346833859871648	NA
Temporal	-0.113631469297468	46.52828124121008	NA	12.309762131245032	NA
Temporal	-0.113631469297468	46.703859660988236	NA	12.272957148285899	NA
Temporal	-0.113631469297468	46.879438080766384	NA	12.236410780493092	NA
Temporal	-0.113631469297468	47.05501650054453	NA	12.200115178595714	NA
Temporal	-0.113631469297468	47.23059492032269	NA	12.164062764628152	NA
Temporal	-0.113631469297468	47.406173340100835	NA	12.128246222356468	NA
Temporal	-0.113631469297468	47.58175175987899	NA	12.092658488043547	NA
Temporal	-0.113631469297468	47.61363146929747	11.746463708733652	12.086220928677687	0.8834903698615684
Temporal	-0.113631469297468	47.75733017965714	NA	12.057292741541195	NA
Temporal	-0.113631469297468	47.932908599435294	NA	12.02214242378324	NA
Temporal	-0.113631469297468	48.10848701921344	NA	11.987201154336892	NA
Temporal	-0.113631469297468	48.2840654389916	NA	11.952462787593836	NA
Temporal	-0.113631469297468	48.459643858769745	NA	11.917921394914268	NA
Temporal	-0.113631469297468	48.6352222785479	NA	11.883571251214951	NA
Temporal	-0.113631469297468	48.81080069832605	NA	11.849406827793334	NA
Temporal	-0.113631469297468	48.986379118104196	NA	11.81542278540569	NA
Temporal	-0.113631469297468	49.16195753788235	NA	11.781613967590127	NA
Temporal	-0.113631469297468	49.3375359576605	NA	11.747975394225932	NA
Temporal	-0.113631469297468	49.513114377438654	NA	11.714502255320813	NA
Temporal	-0.113631469297468	49.6886927972168	NA	11.681189905017987	NA
Temporal	-0.113631469297468	49.86427121699496	NA	11.648033855815317	NA
Temporal	-0.113631469297468	50.039849636773106	NA	11.615029772989006	NA
Temporal	-0.113631469297468	50.21542805655126	NA	11.582173469214595	NA
Temporal	-0.113631469297468	50.39100647632941	NA	11.549460899378296	NA
Temporal	-0.113631469297468	50.56658489610756	NA	11.51688815557191	NA
Temporal	-0.113631469297468	50.74216331588571	NA	11.484451462264799	NA
Temporal	-0.113631469297468	50.91774173566386	NA	11.452147171646683	NA
Temporal	-0.113631469297468	51.093320155442015	NA	11.41997175913521	NA
Temporal	-0.113631469297468	51.26889857522016	NA	11.387921819042486	NA
Temporal	-0.113631469297468	51.44447699499832	NA	11.355994060394828	NA
Temporal	-0.113631469297468	51.620055414776466	NA	11.324185302900489	NA
Temporal	-0.113631469297468	51.79563383455462	NA	11.292492473059923	NA
Temporal	-0.113631469297468	51.97121225433277	NA	11.260912600413741	NA
Temporal	-0.113631469297468	52.146790674110925	NA	11.229442813923303	NA
Temporal	-0.113631469297468	52.32236909388907	NA	11.198080338479386	NA
Temporal	-0.113631469297468	52.49794751366722	NA	11.16682249153429	NA
Temporal	-0.113631469297468	52.61363146929747	10.83106835828492	11.14628344972184	0.8327447638909478
Temporal	-0.113631469297468	52.673525933445376	NA	11.1356666798531	NA
Temporal	-0.113631469297468	52.849104353223524	NA	11.104610396379822	NA
Temporal	-0.113631469297468	53.02468277300168	NA	11.073651217214355	NA
Temporal	-0.113631469297468	53.20026119277983	NA	11.042786798696373	NA
Temporal	-0.113631469297468	53.37583961255798	NA	11.012014874592303	NA
Temporal	-0.113631469297468	53.55141803233613	NA	10.981333253381806	NA
Temporal	-0.113631469297468	53.726996452114285	NA	10.950739815640178	NA
Temporal	-0.113631469297468	53.90257487189243	NA	10.920232511513342	NA
Temporal	-0.113631469297468	54.07815329167059	NA	10.889809358282017	NA
Temporal	-0.113631469297468	54.25373171144874	NA	10.859468438012195	NA
Temporal	-0.113631469297468	54.429310131226885	NA	10.829207895288425	NA
Temporal	-0.113631469297468	54.60488855100504	NA	10.799025935027398	NA
Temporal	-0.113631469297468	54.78046697078319	NA	10.768920820368791	NA
Temporal	-0.113631469297468	54.95604539056134	NA	10.738890870640654	NA
Temporal	-0.113631469297468	55.13162381033949	NA	10.708934459396646	NA
Temporal	-0.113631469297468	55.307202230117646	NA	10.67905001252276	NA
Temporal	-0.113631469297468	55.482780649895794	NA	10.649236006410833	NA
Temporal	-0.113631469297468	55.65835906967395	NA	10.619490966196665	NA
Temporal	-0.113631469297468	55.8339374894521	NA	10.589813468646728	NA
Temporal	-0.113631469297468	56.00951590923025	NA	10.56020213196676	NA
Temporal	-0.113631469297468	56.1850943290084	NA	10.530655611965825	NA
Temporal	-0.113631469297468	56.36067274878655	NA	10.501172612367736	NA
Temporal	-0.113631469297468	56.536251168564704	NA	10.471751877720882	NA
Temporal	-0.113631469297468	56.71182958834285	NA	10.442392191978408	NA
Temporal	-0.113631469297468	56.88740800812101	NA	10.413092377128462	NA
Temporal	-0.113631469297468	57.062986427899155	NA	10.38385129187287	NA
Temporal	-0.113631469297468	57.23856484767731	NA	10.354667830352476	NA
Temporal	-0.113631469297468	57.41414326745546	NA	10.325540920917474	NA
Temporal	-0.113631469297468	57.58972168723361	NA	10.296469524941177	NA
Temporal	-0.113631469297468	57.61363146929747	10.287005767267718	10.292514889593404	0.7903419439814352
Temporal	-0.113631469297468	57.76530010701176	NA	10.26745263567564	NA
Temporal	-0.113631469297468	57.940878526789916	NA	10.238489277147664	NA
Temporal	-0.113631469297468	58.116456946568064	NA	10.209578503093844	NA
Temporal	-0.113631469297468	58.29203536634621	NA	10.180719395933108	NA
Temporal	-0.113631469297468	58.46761378612437	NA	10.151911065775586	NA
Temporal	-0.113631469297468	58.643192205902515	NA	10.12315264946641	NA
Temporal	-0.113631469297468	58.81877062568067	NA	10.09444330966328	NA
Temporal	-0.113631469297468	58.99434904545882	NA	10.065782233946539	NA
Temporal	-0.113631469297468	59.169927465236974	NA	10.037168633960684	NA
Temporal	-0.113631469297468	59.34550588501512	NA	10.008601744586114	NA
Temporal	-0.113631469297468	59.52108430479328	NA	9.980080823140081	NA
Temporal	-0.113631469297468	59.696662724571425	NA	9.951605148605871	NA
Temporal	-0.113631469297468	59.87224114434958	NA	9.923174020889107	NA
Temporal	-0.113631469297468	60.04781956412773	NA	9.894786760100308	NA
Temporal	-0.113631469297468	60.223397983905876	NA	9.866553954098155	NA
Temporal	-0.113631469297468	60.39897640368403	NA	9.838694381919609	NA
Temporal	-0.113631469297468	60.57455482346218	NA	9.811121049529486	NA
Temporal	-0.113631469297468	60.750133243240334	NA	9.783826175472305	NA
Temporal	-0.113631469297468	60.92571166301848	NA	9.75680224187765	NA
Temporal	-0.113631469297468	61.10129008279664	NA	9.730041985186972	NA
Temporal	-0.113631469297468	61.276868502574786	NA	9.703538387208464	NA
Temporal	-0.113631469297468	61.45244692235294	NA	9.677284666488353	NA
Temporal	-0.113631469297468	61.62802534213109	NA	9.651274269987498	NA
Temporal	-0.113631469297468	61.803603761909244	NA	9.625500865052388	NA
Temporal	-0.113631469297468	61.97918218168739	NA	9.599958331670173	NA
Temporal	-0.113631469297468	62.15476060146554	NA	9.574640754997665	NA
Temporal	-0.113631469297468	62.330339021243695	NA	9.549542418154616	NA
Temporal	-0.113631469297468	62.50591744102184	NA	9.52465779527184	NA
Temporal	-0.113631469297468	62.61363146929747	9.491197328155057	9.509495050258911	0.752898792037626
Temporal	-0.113631469297468	62.6814958608	NA	9.49998154478529	NA
Temporal	-0.113631469297468	62.857074280578146	NA	9.475508502967275	NA
Temporal	-0.113631469297468	63.0326527003563	NA	9.451233677686457	NA
Temporal	-0.113631469297468	63.20823112013445	NA	9.4271522423885	NA
Temporal	-0.113631469297468	63.383809539912605	NA	9.403259530289672	NA
Temporal	-0.113631469297468	63.55938795969075	NA	9.379551028775653	NA
Temporal	-0.113631469297468	63.7349663794689	NA	9.356022376433557	NA
Temporal	-0.113631469297468	63.910544799247056	NA	9.332669374207242	NA
Temporal	-0.113631469297468	64.08612321902521	NA	9.30948791545691	NA
Temporal	-0.113631469297468	64.26170163880336	NA	9.286474052150945	NA
Temporal	-0.113631469297468	64.437280058581507	NA	9.263623965253073	NA
Temporal	-0.113631469297468	64.61285847835966	NA	9.240933960209398	NA
Temporal	-0.113631469297468	64.78843689813782	NA	9.218400462594936	NA
Temporal	-0.113631469297468	64.96401531791597	NA	9.196020013913994	NA
Temporal	-0.113631469297468	65.13959373769411	NA	9.173789267549068	NA
Temporal	-0.113631469297468	65.31517215747226	NA	9.151704984852845	NA
Temporal	-0.113631469297468	65.49075057725042	NA	9.129764031378402	NA
Temporal	-0.113631469297468	65.66632899702857	NA	9.107963373242526	NA
Temporal	-0.113631469297468	65.84190741680672	NA	9.086300073617679	NA
Temporal	-0.113631469297468	66.01748583658487	NA	9.064771289347759	NA
Temporal	-0.113631469297468	66.19306425636302	NA	9.043374267683577	NA
Temporal	-0.113631469297468	66.36864267614118	NA	9.022106343133588	NA
Temporal	-0.113631469297468	66.54422109591933	NA	9.000964934425898	NA
Temporal	-0.113631469297468	66.71979951569747	NA	8.979947541577605	NA
Temporal	-0.113631469297468	66.89537793547562	NA	8.95905174306763	NA
Temporal	-0.113631469297468	67.07095635525378	NA	8.93827519310942	NA
Temporal	-0.113631469297468	67.24653477503193	NA	8.917615619019958	NA
Temporal	-0.113631469297468	67.42211319481008	NA	8.897070818681696	NA
Temporal	-0.113631469297468	67.59769161458823	NA	8.87663865809412	NA
Temporal	-0.113631469297468	67.61363146929747	9.036120968975393	8.874789231139728	0.7208454116044913
Temporal	-0.113631469297468	67.77327003436638	NA	8.856317069011682	NA
Temporal	-0.113631469297468	67.94884845414454	NA	8.836104046665248	NA
Temporal	-0.113631469297468	68.12442687392269	NA	8.815997647563877	NA
Temporal	-0.113631469297468	68.30000529370083	NA	8.79599598737425	NA
Temporal	-0.113631469297468	68.47558371347898	NA	8.776097238874911	NA
Temporal	-0.113631469297468	68.65116213325715	NA	8.756299629982701	NA
Temporal	-0.113631469297468	68.8267405530353	NA	8.73660144184887	NA
Temporal	-0.113631469297468	69.00231897281344	NA	8.71700100702231	NA
Temporal	-0.113631469297468	69.17789739259159	NA	8.697496707677605	NA
Temporal	-0.113631469297468	69.35347581236974	NA	8.678086973905632	NA
Temporal	-0.113631469297468	69.5290542321479	NA	8.65877028206435	NA
Temporal	-0.113631469297468	69.70463265192605	NA	8.639545153187836	NA
Temporal	-0.113631469297468	69.8802110717042	NA	8.620410151451404	NA
Temporal	-0.113631469297468	70.05578949148234	NA	8.601363882690785	NA
Temporal	-0.113631469297468	70.2313679112605	NA	8.582404992973593	NA
Temporal	-0.113631469297468	70.40694633103865	NA	8.563532167221044	NA
Temporal	-0.113631469297468	70.5825247508168	NA	8.544744127878321	NA
Temporal	-0.113631469297468	70.75810317059495	NA	8.526039633631768	NA
Temporal	-0.113631469297468	70.93368159037311	NA	8.507417478171265	NA
Temporal	-0.113631469297468	71.10926001015126	NA	8.488876488996198	NA
Temporal	-0.113631469297468	71.28483842992941	NA	8.470415526263483	NA
Temporal	-0.113631469297468	71.46041684970756	NA	8.452033481676182	NA
Temporal	-0.113631469297468	71.6359952694857	NA	8.433729277411196	NA
Temporal	-0.113631469297468	71.81157368926387	NA	8.415501873489733	NA
Temporal	-0.113631469297468	71.98715210904201	NA	8.3973502444550725	NA
Temporal	-0.113631469297468	72.16273052882016	NA	8.37927339466074	NA
Temporal	-0.113631469297468	72.33830894859831	NA	8.361270358202916	NA
Temporal	-0.113631469297468	72.51388736837647	NA	8.343340194829896	NA
Temporal	-0.113631469297468	72.61363146929747	8.719242591960661	8.333186371111069	0.6932929600517144
Temporal	-0.113631469297468	72.68946578815462	NA	8.325481989077097	NA
Temporal	-0.113631469297468	72.86504420793277	NA	8.307694849432615	NA
Temporal	-0.113631469297468	73.04062262771092	NA	8.289977907532052	NA
Temporal	-0.113631469297468	73.216201047489065	NA	8.272330317381607	NA
Temporal	-0.113631469297468	73.39177946726723	NA	8.254751254608516	NA
Temporal	-0.113631469297468	73.56735788704538	NA	8.237239915737813	NA
Temporal	-0.113631469297468	73.74293630682352	NA	8.219795517494433	NA
Temporal	-0.113631469297468	73.91851472660167	NA	8.20241729612988	NA
Temporal	-0.113631469297468	74.09409314637983	NA	8.1851045067725	NA
Temporal	-0.113631469297468	74.26967156615798	NA	8.167856422800543	NA
Temporal	-0.113631469297468	74.44524998593613	NA	8.150672335237198	NA
Temporal	-0.113631469297468	74.62082840571428	NA	8.133551552166887	NA
Temporal	-0.113631469297468	74.79640682549244	NA	8.11649339817201	NA
Temporal	-0.113631469297468	74.97198524527059	NA	8.099497213789364	NA
Temporal	-0.113631469297468	75.14756366504874	NA	8.082562354985694	NA
Temporal	-0.113631469297468	75.32314208482688	NA	8.065688192651573	NA
Temporal	-0.113631469297468	75.49872050460503	NA	8.048874112112962	NA
Temporal	-0.113631469297468	75.6742989243832	NA	8.032119512659934	NA
Temporal	-0.113631469297468	75.84987734416134	NA	8.01542380709183	NA
Temporal	-0.113631469297468	76.02545576393949	NA	7.99878642127833	NA
Temporal	-0.113631469297468	76.20103418371764	NA	7.982206793735897	NA
Temporal	-0.113631469297468	76.3766126034958	NA	7.965684375218967	NA
Temporal	-0.113631469297468	76.55219102327395	NA	7.949218628325494	NA
Temporal	-0.113631469297468	76.7277694430521	NA	7.932809027116172	NA
Temporal	-0.113631469297468	76.90334786283024	NA	7.91645505674701	NA
Temporal	-0.113631469297468	77.07892628260839	NA	7.900156213114708	NA
Temporal	-0.113631469297468	77.25450470238655	NA	7.883912002514407	NA
Temporal	-0.113631469297468	77.4300831221647	NA	7.867721941309318	NA
Temporal	-0.113631469297468	77.60566154194285	NA	7.851585555611903	NA
Temporal	-0.113631469297468	77.61363146929747	8.241674301779904	7.850854354994432	0.6673326006999584
Temporal	-0.113631469297468	77.781239961721	NA	7.835502380976166	NA
Temporal	-0.113631469297468	77.95681838149916	NA	7.819471962100587	NA
Temporal	-0.113631469297468	78.13239680127731	NA	7.803493852541468	NA
Temporal	-0.113631469297468	78.30797522105546	NA	7.787567614436143	NA
Temporal	-0.113631469297468	78.4835536408336	NA	7.771692818235917	NA
Temporal	-0.113631469297468	78.65913206061177	NA	7.755869042448163	NA
Temporal	-0.113631469297468	78.83471048038992	NA	7.7400958733874585	NA
Temporal	-0.113631469297468	79.01028890016806	NA	7.724372904935273	NA
Temporal	-0.113631469297468	79.18586731994621	NA	7.708699738308043	NA
Temporal	-0.113631469297468	79.36144573972436	NA	7.693075981833258	NA
Temporal	-0.113631469297468	79.53702415950252	NA	7.677501250733254	NA
Temporal	-0.113631469297468	79.71260257928067	NA	7.661975169594049	NA
Temporal	-0.113631469297468	79.88818099905882	NA	7.64649736874111	NA
Temporal	-0.113631469297468	80.06375941883697	NA	7.631067478138951	NA
Temporal	-0.113631469297468	80.23933783861513	NA	7.615685138575923	NA
Temporal	-0.113631469297468	80.41491625839328	NA	7.600349996761248	NA
Temporal	-0.113631469297468	80.59049467817142	NA	7.585061705149901	NA
Temporal	-0.113631469297468	80.76607309794957	NA	7.569819921773554	NA
Temporal	-0.113631469297468	80.94165151772772	NA	7.554624310077336	NA
Temporal	-0.113631469297468	81.11722993750588	NA	7.539474538762128	NA
Temporal	-0.113631469297468	81.29280835728403	NA	7.52437028163235	NA
Temporal	-0.113631469297468	81.46838677706218	NA	7.509311217448925	NA
Temporal	-0.113631469297468	81.64396519684033	NA	7.4942970297873055	NA
Temporal	-0.113631469297468	81.81954361661849	NA	7.479327406900304	NA
Temporal	-0.113631469297468	81.99512203639664	NA	7.464402041585696	NA
Temporal	-0.113631469297468	82.17070045617479	NA	7.449520631058235	NA
Temporal	-0.113631469297468	82.34627887595293	NA	7.434682876826151	NA
Temporal	-0.113631469297468	82.52185729573108	NA	7.419888484571759	NA
Temporal	-0.113631469297468	82.61363146929747	7.877930993192123	7.41217266998993	0.644933026438736
Temporal	-0.113631469297468	82.69743571550924	NA	7.405137164036166	NA
Temporal	-0.113631469297468	82.87301413528739	NA	7.39042862890792	NA
Temporal	-0.113631469297468	83.04859255506554	NA	7.375762596715364	NA
Temporal	-0.113631469297468	83.22417097484369	NA	7.361138788722751	NA
Temporal	-0.113631469297468	83.39974939462185	NA	7.346556929829759	NA
Temporal	-0.113631469297468	83.5753278144	NA	7.332016748474482	NA
Temporal	-0.113631469297468	83.75090623417815	NA	7.317517976539641	NA
Temporal	-0.113631469297468	83.9264846539563	NA	7.30306034926201	NA
Temporal	-0.113631469297468	84.10206307373446	NA	7.288643605144857	NA
Temporal	-0.113631469297468	84.2776414935126	NA	7.274267485873309	NA
Temporal	-0.113631469297468	84.45321991329075	NA	7.259931736232604	NA
Temporal	-0.113631469297468	84.6287983330689	NA	7.2456361040290425	NA
Temporal	-0.113631469297468	84.80437675284705	NA	7.231380340013603	NA
Temporal	-0.113631469297468	84.97995517262521	NA	7.217164197808092	NA
Temporal	-0.113631469297468	85.15553359240336	NA	7.202987433833765	NA
Temporal	-0.113631469297468	85.3311120121815	NA	7.18884980724232	NA
Temporal	-0.113631469297468	85.50669043195965	NA	7.174751079849177	NA
Temporal	-0.113631469297468	85.68226885173782	NA	7.160691016068971	NA
Temporal	-0.113631469297468	85.85784727151596	NA	7.146669382853162	NA
Temporal	-0.113631469297468	86.03342569129411	NA	7.132685949629734	NA
Temporal	-0.113631469297468	86.20900411107226	NA	7.118740488244884	NA
Temporal	-0.113631469297468	86.38458253085041	NA	7.104832772906559	NA
Temporal	-0.113631469297468	86.56016095062857	NA	7.090962580129936	NA
Temporal	-0.113631469297468	86.73573937040672	NA	7.077129688684573	NA
Temporal	-0.113631469297468	86.91131779018487	NA	7.063333879543456	NA
Temporal	-0.113631469297468	87.08689620996302	NA	7.049574935833512	NA
Temporal	-0.113631469297468	87.26247462974118	NA	7.035852642787841	NA
Temporal	-0.113631469297468	87.43805304951933	NA	7.022166787699471	NA
Temporal	-0.113631469297468	87.61363146929747	7.566696682992594	7.008482967979823	0.6267952640834258
Thalamus	-0.113631469297468	0	0	-2.9076040552489704e-14	0
Thalamus	-0.113631469297468	0.17557841977815125	NA	0.018051034965998813	NA
Thalamus	-0.113631469297468	0.3511568395563025	NA	0.04641427677492893	NA
Thalamus	-0.113631469297468	0.363631469297468	0.906755596029421	0.04881430385873565	0.5406318946080035
Thalamus	-0.113631469297468	0.5267352593344538	NA	6.015271067387429	NA
Thalamus	-0.113631469297468	0.702313679112605	NA	10.111416866364385	NA
Thalamus	-0.113631469297468	0.863631469297468	11.76012609508323	13.906057953973882	0.7614321513692394
Thalamus	-0.113631469297468	0.8778920988907563	NA	14.242961151486558	NA
Thalamus	-0.113631469297468	1.0534705186689075	NA	18.410600252835867	NA
Thalamus	-0.113631469297468	1.2290489384470589	NA	22.709188570957053	NA
Thalamus	-0.113631469297468	1.363631469297468	25.82207069865509	26.160363261863857	0.906689764733088
Thalamus	-0.113631469297468	1.40462735822521	NA	27.27384145076165	NA
Thalamus	-0.113631469297468	1.5802057780033612	NA	32.163930716906755	NA
Thalamus	-0.113631469297468	1.7557841977815125	NA	36.905390821121046	NA
Thalamus	-0.113631469297468	1.863631469297468	40.9093862559077	39.83202897821923	1.01687563871536
Thalamus	-0.113631469297468	1.9313626175596639	NA	41.68410741190873	NA
Thalamus	-0.113631469297468	2.106941037337815	NA	46.02876394478715	NA
Thalamus	-0.113631469297468	2.282519457115966	NA	48.477378403826165	NA
Thalamus	-0.113631469297468	2.363631469297468	49.2521288920377	48.92938529574737	1.063249747548116
Thalamus	-0.113631469297468	2.4580978768941177	NA	49.0244843601644	NA
Thalamus	-0.113631469297468	2.633676296672269	NA	49.06491195195385	NA
Thalamus	-0.113631469297468	2.80925471645042	NA	49.28380465563467	NA
Thalamus	-0.113631469297468	2.863631469297468	49.31595400874281	49.29565410818867	1.0563290442417974
Thalamus	-0.113631469297468	2.984833136228571	NA	49.22816215326622	NA
Thalamus	-0.113631469297468	3.1604115560067223	NA	48.99195163940265	NA
Thalamus	-0.113631469297468	3.335989975784874	NA	48.64162423549829	NA
Thalamus	-0.113631469297468	3.511568395563025	NA	48.31700511339466	NA
Thalamus	-0.113631469297468	3.613631469297468	47.44960321969721	48.10906246290582	1.2801733520325422
Thalamus	-0.113631469297468	3.687146815341176	NA	47.95060136687655	NA
Thalamus	-0.113631469297468	3.8627252351193277	NA	47.543018806803296	NA
Thalamus	-0.113631469297468	4.0383036548974784	NA	47.094859405862294	NA
Thalamus	-0.113631469297468	4.21388207467563	NA	46.60672095800619	NA
Thalamus	-0.113631469297468	4.389460494453782	NA	46.07919676928245	NA
Thalamus	-0.113631469297468	4.565038914231932	NA	45.51287537790432	NA
Thalamus	-0.113631469297468	4.613631469297468	44.62963315359496	45.34938608481264	1.2355345831774884
Thalamus	-0.113631469297468	4.740617334010084	NA	44.90834030155148	NA
Thalamus	-0.113631469297468	4.9161957537882355	NA	44.26616981001754	NA
Thalamus	-0.113631469297468	5.091774173566386	NA	43.662843215021454	NA
Thalamus	-0.113631469297468	5.267352593344538	NA	43.093740464888	NA
Thalamus	-0.113631469297468	5.4429310131226885	NA	42.54523394509891	NA
Thalamus	-0.113631469297468	5.613631469297468	42.8932309441554	42.030467890254336	1.1929764114826216
Thalamus	-0.113631469297468	5.61850943290084	NA	42.0160127287946	NA
Thalamus	-0.113631469297468	5.794087852678992	NA	41.50484888977229	NA
Thalamus	-0.113631469297468	5.969666272457142	NA	41.010592254722205	NA
Thalamus	-0.113631469297468	6.145244692235294	NA	40.532165487130975	NA
Thalamus	-0.113631469297468	6.320823112013445	NA	40.068559481892905	NA
Thalamus	-0.113631469297468	6.496401531791596	NA	39.61882905099351	NA
Thalamus	-0.113631469297468	6.671979951569748	NA	39.182088881871174	NA
Thalamus	-0.113631469297468	6.8475583713478985	NA	38.75750975122451	NA
Thalamus	-0.113631469297468	7.02313679112605	NA	38.34431497812293	NA
Thalamus	-0.113631469297468	7.113631469297468	38.49868278006515	38.13555571077029	1.4084829977458366
Thalamus	-0.113631469297468	7.198715210904202	NA	37.94177710129683	NA
Thalamus	-0.113631469297468	7.374293630682352	NA	37.54921476644064	NA
Thalamus	-0.113631469297468	7.549872050460504	NA	37.165989810256434	NA
Thalamus	-0.113631469297468	7.7254504702386555	NA	36.79150452880496	NA
Thalamus	-0.113631469297468	7.901028890016806	NA	36.425199118516446	NA
Thalamus	-0.113631469297468	8.076607309794957	NA	36.066549974138695	NA
Thalamus	-0.113631469297468	8.252185729573108	NA	35.71506564016184	NA
Thalamus	-0.113631469297468	8.42776414935126	NA	35.37028581619295	NA
Thalamus	-0.113631469297468	8.603342569129412	NA	35.031779808002966	NA
Thalamus	-0.113631469297468	8.778920988907563	NA	34.69914425697979	NA
Thalamus	-0.113631469297468	8.954499408685713	NA	34.37200141070333	NA
Thalamus	-0.113631469297468	9.113631469297468	33.755684313288164	34.07994870509695	1.3149422378403732
Thalamus	-0.113631469297468	9.130077828463865	NA	34.0499975028413	NA
Thalamus	-0.113631469297468	9.305656248242016	NA	33.73280123545751	NA
Thalamus	-0.113631469297468	9.481234668020168	NA	33.420102357259566	NA
Thalamus	-0.113631469297468	9.65681308779832	NA	33.111610331723675	NA
Thalamus	-0.113631469297468	9.832391507576471	NA	32.807053089415504	NA
Thalamus	-0.113631469297468	10.00796992735462	NA	32.50617585918691	NA
Thalamus	-0.113631469297468	10.183548347132772	NA	32.20874007326295	NA
Thalamus	-0.113631469297468	10.359126766910924	NA	31.914522341549773	NA
Thalamus	-0.113631469297468	10.534705186689076	NA	31.628641864867316	NA
Thalamus	-0.113631469297468	10.710283606467227	NA	31.3502107496975	NA
Thalamus	-0.113631469297468	10.885862026245377	NA	31.07773435782224	NA
Thalamus	-0.113631469297468	11.061440446023528	NA	30.81093114294182	NA
Thalamus	-0.113631469297468	11.23701886580168	NA	30.5495357465207	NA
Thalamus	-0.113631469297468	11.412597285579832	NA	30.293298001988475	NA
Thalamus	-0.113631469297468	11.588175705357983	NA	30.0419820014085	NA
Thalamus	-0.113631469297468	11.763754125136133	NA	29.79536522067448	NA
Thalamus	-0.113631469297468	11.939332544914285	NA	29.55323769954407	NA
Thalamus	-0.113631469297468	12.114910964692436	NA	29.315401273051815	NA
Thalamus	-0.113631469297468	12.290489384470588	NA	29.081668851061853	NA
Thalamus	-0.113631469297468	12.46606780424874	NA	28.851863742925797	NA
Thalamus	-0.113631469297468	12.613631469297468	28.769873323301542	28.661640220278617	1.6340283656754413
Thalamus	-0.113631469297468	12.64164622402689	NA	28.625819024402418	NA
Thalamus	-0.113631469297468	12.81722464380504	NA	28.403376944175672	NA
Thalamus	-0.113631469297468	12.992803063583192	NA	28.184388367475542	NA
Thalamus	-0.113631469297468	13.168381483361344	NA	27.968712254463902	NA
Thalamus	-0.113631469297468	13.343959903139496	NA	27.756215171195173	NA
Thalamus	-0.113631469297468	13.519538322917647	NA	27.546770831099806	NA
Thalamus	-0.113631469297468	13.695116742695797	NA	27.340259665068505	NA
Thalamus	-0.113631469297468	13.870695162473949	NA	27.136568418335376	NA
Thalamus	-0.113631469297468	14.0462735822521	NA	26.935589772473847	NA
Thalamus	-0.113631469297468	14.221852002030252	NA	26.737221990923697	NA
Thalamus	-0.113631469297468	14.397430421808403	NA	26.541368586568513	NA
Thalamus	-0.113631469297468	14.573008841586553	NA	26.34793800997613	NA
Thalamus	-0.113631469297468	14.748587261364705	NA	26.156843357001957	NA
Thalamus	-0.113631469297468	14.924165681142856	NA	25.96800209453746	NA
Thalamus	-0.113631469297468	15.099744100921008	NA	25.78079699788846	NA
Thalamus	-0.113631469297468	15.27532252069916	NA	25.59462382140372	NA
Thalamus	-0.113631469297468	15.450900940477311	NA	25.410932842583932	NA
Thalamus	-0.113631469297468	15.62647936025546	NA	25.229641528567598	NA
Thalamus	-0.113631469297468	15.802057780033612	NA	25.050671303781197	NA
Thalamus	-0.113631469297468	15.977636199811764	NA	24.87394741162572	NA
Thalamus	-0.113631469297468	16.153214619589914	NA	24.69939865646803	NA
Thalamus	-0.113631469297468	16.328793039368065	NA	24.526956769779204	NA
Thalamus	-0.113631469297468	16.504371459146217	NA	24.356556855332908	NA
Thalamus	-0.113631469297468	16.67994987892437	NA	24.18813696261405	NA
Thalamus	-0.113631469297468	16.85552829870252	NA	24.021637920228333	NA
Thalamus	-0.113631469297468	17.03110671848067	NA	23.857003179507963	NA
Thalamus	-0.113631469297468	17.206685138258823	NA	23.694178667674883	NA
Thalamus	-0.113631469297468	17.382263558036975	NA	23.533112649963034	NA
Thalamus	-0.113631469297468	17.557841977815126	NA	23.37375560013889	NA
Thalamus	-0.113631469297468	17.613631469297466	23.41242423019388	23.323469636498917	1.4478588203936495
Thalamus	-0.113631469297468	17.733420397593278	NA	23.216060078895058	NA
Thalamus	-0.113631469297468	17.908998817371426	NA	23.05998061962432	NA
Thalamus	-0.113631469297468	18.084577237149578	NA	22.90547362111325	NA
Thalamus	-0.113631469297468	18.26015565692773	NA	22.752497246722974	NA
Thalamus	-0.113631469297468	18.43573407670588	NA	22.601011329652135	NA
Thalamus	-0.113631469297468	18.611312496484032	NA	22.450977283902663	NA
Thalamus	-0.113631469297468	18.786890916262184	NA	22.302358020592724	NA
Thalamus	-0.113631469297468	18.962469336040336	NA	22.155117869283735	NA
Thalamus	-0.113631469297468	19.138047755818487	NA	22.009222504009152	NA
Thalamus	-0.113631469297468	19.31362617559664	NA	21.864638873712565	NA
Thalamus	-0.113631469297468	19.48920459537479	NA	21.721335136820894	NA
Thalamus	-0.113631469297468	19.664783015152942	NA	21.579280599695785	NA
Thalamus	-0.113631469297468	19.84036143493109	NA	21.438445658722603	NA
Thalamus	-0.113631469297468	20.01593985470924	NA	21.298801745811183	NA
Thalamus	-0.113631469297468	20.191518274487393	NA	21.160321277097136	NA
Thalamus	-0.113631469297468	20.367096694265545	NA	21.022977604645522	NA
Thalamus	-0.113631469297468	20.542675114043696	NA	20.88674497097114	NA
Thalamus	-0.113631469297468	20.718253533821848	NA	20.75159846620155	NA
Thalamus	-0.113631469297468	20.8938319536	NA	20.617513987719633	NA
Thalamus	-0.113631469297468	21.06941037337815	NA	20.484468202132923	NA
Thalamus	-0.113631469297468	21.244988793156303	NA	20.352438509426474	NA
Thalamus	-0.113631469297468	21.420567212934454	NA	20.22140300916487	NA
Thalamus	-0.113631469297468	21.596145632712602	NA	20.091340468617673	NA
Thalamus	-0.113631469297468	21.771724052490754	NA	19.9622302926904	NA
Thalamus	-0.113631469297468	21.947302472268905	NA	19.834052495550235	NA
Thalamus	-0.113631469297468	22.122880892047057	NA	19.706787673843152	NA
Thalamus	-0.113631469297468	22.29845931182521	NA	19.580416981405033	NA
Thalamus	-0.113631469297468	22.47403773160336	NA	19.45492210537597	NA
Thalamus	-0.113631469297468	22.613631469297466	18.759945350079295	19.35576072665671	1.3019202544847868
Thalamus	-0.113631469297468	22.64961615138151	NA	19.33028524363215	NA
Thalamus	-0.113631469297468	22.825194571159663	NA	19.2064890834555	NA
Thalamus	-0.113631469297468	23.000772990937815	NA	19.08351678136593	NA
Thalamus	-0.113631469297468	23.176351410715966	NA	18.96135194404594	NA
Thalamus	-0.113631469297468	23.351929830494118	NA	18.839978610291567	NA
Thalamus	-0.113631469297468	23.527508250272266	NA	18.719381233927898	NA
Thalamus	-0.113631469297468	23.703086670050418	NA	18.599544667631143	NA
Thalamus	-0.113631469297468	23.87866508982857	NA	18.48045414760293	NA
Thalamus	-0.113631469297468	24.05424350960672	NA	18.36209537854735	NA
Thalamus	-0.113631469297468	24.229821929384872	NA	18.24445422736456	NA
Thalamus	-0.113631469297468	24.405400349163024	NA	18.12751698666067	NA
Thalamus	-0.113631469297468	24.580978768941176	NA	18.01127028895081	NA
Thalamus	-0.113631469297468	24.756557188719327	NA	17.89570108474637	NA
Thalamus	-0.113631469297468	24.93213560849748	NA	17.780796631376813	NA
Thalamus	-0.113631469297468	25.10771402827563	NA	17.66654448236706	NA
Thalamus	-0.113631469297468	25.28329244805378	NA	17.55293247733756	NA
Thalamus	-0.113631469297468	25.45887086783193	NA	17.439948732396815	NA
Thalamus	-0.113631469297468	25.63444928761008	NA	17.32758163099762	NA
Thalamus	-0.113631469297468	25.810027707388233	NA	17.215819815230127	NA
Thalamus	-0.113631469297468	25.985606127166385	NA	17.10465217752646	NA
Thalamus	-0.113631469297468	26.161184546944536	NA	16.994067852753403	NA
Thalamus	-0.113631469297468	26.336762966722688	NA	16.884056210670693	NA
Thalamus	-0.113631469297468	26.51234138650084	NA	16.77460684873434	NA
Thalamus	-0.113631469297468	26.68791980627899	NA	16.665709585225166	NA
Thalamus	-0.113631469297468	26.863498226057143	NA	16.557354452684393	NA
Thalamus	-0.113631469297468	27.039076645835294	NA	16.44953169163882	NA
Thalamus	-0.113631469297468	27.214655065613442	NA	16.342231744599964	NA
Thalamus	-0.113631469297468	27.390233485391594	NA	16.23544525032066	NA
Thalamus	-0.113631469297468	27.565811905169745	NA	16.12916303829666	NA
Thalamus	-0.113631469297468	27.613631469297466	15.737103793662646	16.100302703709957	1.1868744691262425
Thalamus	-0.113631469297468	27.741390324947897	NA	16.023376123498284	NA
Thalamus	-0.113631469297468	27.91696874472605	NA	15.918075701320346	NA
Thalamus	-0.113631469297468	28.0925471645042	NA	15.813253142738162	NA
Thalamus	-0.113631469297468	28.268125584282352	NA	15.708899989658784	NA
Thalamus	-0.113631469297468	28.443704004060503	NA	15.605007950456763	NA
Thalamus	-0.113631469297468	28.619282423838655	NA	15.501568895684779	NA
Thalamus	-0.113631469297468	28.794860843616807	NA	15.398574853949851	NA
Thalamus	-0.113631469297468	28.970439263394958	NA	15.296018007946492	NA
Thalamus	-0.113631469297468	29.146017683173106	NA	15.193890690638497	NA
Thalamus	-0.113631469297468	29.321596102951258	NA	15.09218538158202	NA
Thalamus	-0.113631469297468	29.49717452272941	NA	14.990894703382258	NA
Thalamus	-0.113631469297468	29.67275294250756	NA	14.890011418277386	NA
Thalamus	-0.113631469297468	29.848331362285712	NA	14.789528424843096	NA
Thalamus	-0.113631469297468	30.023909782063864	NA	14.689438754811821	NA
Thalamus	-0.113631469297468	30.199488201842016	NA	14.590612229839397	NA
Thalamus	-0.113631469297468	30.375066621620167	NA	14.493578938536622	NA
Thalamus	-0.113631469297468	30.55064504139832	NA	14.397846099581221	NA
Thalamus	-0.113631469297468	30.72622346117647	NA	14.303376520170506	NA
Thalamus	-0.113631469297468	30.901801880954622	NA	14.210134596260618	NA
Thalamus	-0.113631469297468	31.07738030073277	NA	14.11808622506025	NA
Thalamus	-0.113631469297468	31.25295872051092	NA	14.027198722835948	NA
Thalamus	-0.113631469297468	31.428537140289073	NA	13.93744074769696	NA
Thalamus	-0.113631469297468	31.604115560067225	NA	13.84878222704863	NA
Thalamus	-0.113631469297468	31.779693979845376	NA	13.76119428942287	NA
Thalamus	-0.113631469297468	31.955272399623528	NA	13.674649284949169	NA
Thalamus	-0.113631469297468	32.13085081940168	NA	13.589120535943248	NA
Thalamus	-0.113631469297468	32.30642923917983	NA	13.504582333229257	NA
Thalamus	-0.113631469297468	32.48200765895798	NA	13.421010006901405	NA
Thalamus	-0.113631469297468	32.61363146929747	13.309749248754796	13.358978445428223	1.0899810586698542
Thalamus	-0.113631469297468	32.65758607873613	NA	13.33837980398235	NA
Thalamus	-0.113631469297468	32.833164498514286	NA	13.256668841348738	NA
Thalamus	-0.113631469297468	33.008742918292434	NA	13.17585506144754	NA
Thalamus	-0.113631469297468	33.18432133807059	NA	13.095917190629844	NA
Thalamus	-0.113631469297468	33.35989975784874	NA	13.016834699939919	NA
Thalamus	-0.113631469297468	33.53547817762689	NA	12.938587768207233	NA
Thalamus	-0.113631469297468	33.71105659740504	NA	12.861157247298964	NA
Thalamus	-0.113631469297468	33.88663501718319	NA	12.784524629399385	NA
Thalamus	-0.113631469297468	34.06221343696134	NA	12.708672016190835	NA
Thalamus	-0.113631469297468	34.23779185673949	NA	12.633582089818988	NA
Thalamus	-0.113631469297468	34.41337027651765	NA	12.55923808553238	NA
Thalamus	-0.113631469297468	34.588948696295795	NA	12.48562376589317	NA
Thalamus	-0.113631469297468	34.76452711607395	NA	12.412723396462386	NA
Thalamus	-0.113631469297468	34.9401055358521	NA	12.340521722869365	NA
Thalamus	-0.113631469297468	35.11568395563025	NA	12.269003949180124	NA
Thalamus	-0.113631469297468	35.2912623754084	NA	12.1981557174855	NA
Thalamus	-0.113631469297468	35.466840795186556	NA	12.127963088634171	NA
Thalamus	-0.113631469297468	35.642419214964704	NA	12.0584125240409	NA
Thalamus	-0.113631469297468	35.81799763474285	NA	11.989490868504236	NA
Thalamus	-0.113631469297468	35.99357605452101	NA	11.921185333972467	NA
Thalamus	-0.113631469297468	36.169154474299155	NA	11.853483484200087	NA
Thalamus	-0.113631469297468	36.34473289407731	NA	11.786373220240847	NA
Thalamus	-0.113631469297468	36.52031131385546	NA	11.719842766726817	NA
Thalamus	-0.113631469297468	36.695889733633614	NA	11.653880658885866	NA
Thalamus	-0.113631469297468	36.87146815341176	NA	11.588475730253277	NA
Thalamus	-0.113631469297468	37.04704657318992	NA	11.523617101035558	NA
Thalamus	-0.113631469297468	37.222624992968065	NA	11.459294167087506	NA
Thalamus	-0.113631469297468	37.39820341274622	NA	11.395496589465782	NA
Thalamus	-0.113631469297468	37.57378183252437	NA	11.3322142845245	NA
Thalamus	-0.113631469297468	37.61363146929747	11.579446152657445	11.317922407654342	1.008429311913547
Thalamus	-0.113631469297468	37.749360252302516	NA	11.269437414520773	NA
Thalamus	-0.113631469297468	37.92493867208067	NA	11.207156378699786	NA
Thalamus	-0.113631469297468	38.10051709185882	NA	11.14536180483111	NA
Thalamus	-0.113631469297468	38.276095511636974	NA	11.08404454116961	NA
Thalamus	-0.113631469297468	38.45167393141512	NA	11.023195648815962	NA
Thalamus	-0.113631469297468	38.62725235119328	NA	10.962806394453454	NA
Thalamus	-0.113631469297468	38.802830770971426	NA	10.902868243438974	NA
Thalamus	-0.113631469297468	38.97840919074958	NA	10.84337285322762	NA
Thalamus	-0.113631469297468	39.15398761052773	NA	10.784312067111683	NA
Thalamus	-0.113631469297468	39.329566030305884	NA	10.72567790825568	NA
Thalamus	-0.113631469297468	39.50514445008403	NA	10.667462574010573	NA
Thalamus	-0.113631469297468	39.68072286986218	NA	10.609658430491079	NA
Thalamus	-0.113631469297468	39.856301289640335	NA	10.552258018393859	NA
Thalamus	-0.113631469297468	40.03187970941848	NA	10.495254063258278	NA
Thalamus	-0.113631469297468	40.20745812919664	NA	10.438639357056827	NA
Thalamus	-0.113631469297468	40.383036548974786	NA	10.382406891555187	NA
Thalamus	-0.113631469297468	40.55861496875294	NA	10.32654980361989	NA
Thalamus	-0.113631469297468	40.73419338853109	NA	10.271061371090008	NA
Thalamus	-0.113631469297468	40.909771808309245	NA	10.215935008824044	NA
Thalamus	-0.113631469297468	41.08535022808739	NA	10.161164264913054	NA
Thalamus	-0.113631469297468	41.26092864786554	NA	10.106742817050392	NA
Thalamus	-0.113631469297468	41.436507067643696	NA	10.052664469049915	NA
Thalamus	-0.113631469297468	41.612085487421844	NA	9.998923147504462	NA
Thalamus	-0.113631469297468	41.7876639072	NA	9.945512898577059	NA
Thalamus	-0.113631469297468	41.96324232697815	NA	9.892427884918078	NA
Thalamus	-0.113631469297468	42.1388207467563	NA	9.839662382701238	NA
Thalamus	-0.113631469297468	42.31439916653445	NA	9.78721077877266	NA
Thalamus	-0.113631469297468	42.489977586312605	NA	9.735067567906798	NA
Thalamus	-0.113631469297468	42.61363146929747	9.65661775862955	9.698526965090572	0.94091476359211
Thalamus	-0.113631469297468	42.66555600609075	NA	9.683227350163891	NA
Thalamus	-0.113631469297468	42.84113442586891	NA	9.631684828343644	NA
Thalamus	-0.113631469297468	43.016712845647056	NA	9.580434805530297	NA
Thalamus	-0.113631469297468	43.192291265425204	NA	9.529472182724497	NA
Thalamus	-0.113631469297468	43.36786968520336	NA	9.478791956557615	NA
Thalamus	-0.113631469297468	43.54344810498151	NA	9.428389217084446	NA
Thalamus	-0.113631469297468	43.71902652475966	NA	9.378259145650459	NA
Thalamus	-0.113631469297468	43.89460494453781	NA	9.328397012829992	NA
Thalamus	-0.113631469297468	44.070183364315966	NA	9.278798176431966	NA
Thalamus	-0.113631469297468	44.245761784094114	NA	9.229458079569943	NA
Thalamus	-0.113631469297468	44.42134020387227	NA	9.180372248793494	NA
Thalamus	-0.113631469297468	44.59691862365042	NA	9.131536292278003	NA
Thalamus	-0.113631469297468	44.77249704342857	NA	9.082945898070301	NA
Thalamus	-0.113631469297468	44.94807546320672	NA	9.034596832387479	NA
Thalamus	-0.113631469297468	45.12365388298487	NA	8.986494119109725	NA
Thalamus	-0.113631469297468	45.29923230276302	NA	8.939026786622888	NA
Thalamus	-0.113631469297468	45.47481072254117	NA	8.892150689665348	NA
Thalamus	-0.113631469297468	45.65038914231933	NA	8.84584648268277	NA
Thalamus	-0.113631469297468	45.825967562097475	NA	8.800098888207621	NA
Thalamus	-0.113631469297468	46.00154598187563	NA	8.754893241034448	NA
Thalamus	-0.113631469297468	46.17712440165378	NA	8.710215455507804	NA
Thalamus	-0.113631469297468	46.35270282143193	NA	8.6660519947762	NA
Thalamus	-0.113631469297468	46.52828124121008	NA	8.622389841889444	NA
Thalamus	-0.113631469297468	46.703859660988236	NA	8.579216472624607	NA
Thalamus	-0.113631469297468	46.879438080766384	NA	8.536519829933104	NA
Thalamus	-0.113631469297468	47.05501650054453	NA	8.494288299907923	NA
Thalamus	-0.113631469297468	47.23059492032269	NA	8.45251068917668	NA
Thalamus	-0.113631469297468	47.406173340100835	NA	8.411176203631966	NA
Thalamus	-0.113631469297468	47.58175175987899	NA	8.370274428415835	NA
Thalamus	-0.113631469297468	47.61363146929747	8.711222575255174	8.362893695397513	0.8834903698615684
Thalamus	-0.113631469297468	47.75733017965714	NA	8.329795309080993	NA
Thalamus	-0.113631469297468	47.932908599435294	NA	8.289729184214835	NA
Thalamus	-0.113631469297468	48.10848701921344	NA	8.250066626340901	NA
Thalamus	-0.113631469297468	48.2840654389916	NA	8.210798548594786	NA
Thalamus	-0.113631469297468	48.459643858769745	NA	8.171916170984781	NA
Thalamus	-0.113631469297468	48.6352222785479	NA	8.133410994980139	NA
Thalamus	-0.113631469297468	48.81080069832605	NA	8.095274790352622	NA
Thalamus	-0.113631469297468	48.986379118104196	NA	8.057499582771236	NA
Thalamus	-0.113631469297468	49.16195753788235	NA	8.020077642103779	NA
Thalamus	-0.113631469297468	49.3375359576605	NA	7.9830014713820665	NA
Thalamus	-0.113631469297468	49.513114377438654	NA	7.946263796389911	NA
Thalamus	-0.113631469297468	49.6886927972168	NA	7.909857555836019	NA
Thalamus	-0.113631469297468	49.86427121699496	NA	7.873775892075828	NA
Thalamus	-0.113631469297468	50.039849636773106	NA	7.838012142349059	NA
Thalamus	-0.113631469297468	50.21542805655126	NA	7.802559830501363	NA
Thalamus	-0.113631469297468	50.39100647632941	NA	7.767412659160905	NA
Thalamus	-0.113631469297468	50.56658489610756	NA	7.732564502341958	NA
Thalamus	-0.113631469297468	50.74216331588571	NA	7.698009398450002	NA
Thalamus	-0.113631469297468	50.91774173566386	NA	7.663741543663866	NA
Thalamus	-0.113631469297468	51.093320155442015	NA	7.629755285672238	NA
Thalamus	-0.113631469297468	51.26889857522016	NA	7.596045117743237	NA
Thalamus	-0.113631469297468	51.44447699499832	NA	7.562605673107048	NA
Thalamus	-0.113631469297468	51.620055414776466	NA	7.52943171963294	NA
Thalamus	-0.113631469297468	51.79563383455462	NA	7.496518154782962	NA
Thalamus	-0.113631469297468	51.97121225433277	NA	7.463860000825997	NA
Thalamus	-0.113631469297468	52.146790674110925	NA	7.431452400296611	NA
Thalamus	-0.113631469297468	52.32236909388907	NA	7.3992906116842	NA
Thalamus	-0.113631469297468	52.49794751366722	NA	7.367370005338925	NA
Thalamus	-0.113631469297468	52.61363146929747	7.969577980486846	7.346467985035372	0.8327447638909478
Thalamus	-0.113631469297468	52.673525933445376	NA	7.335686059581584	NA
Thalamus	-0.113631469297468	52.849104353223524	NA	7.3042343570055435	NA
Thalamus	-0.113631469297468	53.02468277300168	NA	7.2730105809594034	NA
Thalamus	-0.113631469297468	53.20026119277983	NA	7.242010512199978	NA
Thalamus	-0.113631469297468	53.37583961255798	NA	7.2112300257056425	NA
Thalamus	-0.113631469297468	53.55141803233613	NA	7.180665087640769	NA
Thalamus	-0.113631469297468	53.726996452114285	NA	7.150311752462652	NA
Thalamus	-0.113631469297468	53.90257487189243	NA	7.120166160162602	NA
Thalamus	-0.113631469297468	54.07815329167059	NA	7.090224533633654	NA
Thalamus	-0.113631469297468	54.25373171144874	NA	7.06048317615776	NA
Thalamus	-0.113631469297468	54.429310131226885	NA	7.03093846900548	NA
Thalamus	-0.113631469297468	54.60488855100504	NA	7.001586869142117	NA
Thalamus	-0.113631469297468	54.78046697078319	NA	6.972424907034131	NA
Thalamus	-0.113631469297468	54.95604539056134	NA	6.943449184550399	NA
Thalamus	-0.113631469297468	55.13162381033949	NA	6.914656372952935	NA
Thalamus	-0.113631469297468	55.307202230117646	NA	6.886043210972234	NA
Thalamus	-0.113631469297468	55.482780649895794	NA	6.857606502962632	NA
Thalamus	-0.113631469297468	55.65835906967395	NA	6.8293431171332	NA
Thalamus	-0.113631469297468	55.8339374894521	NA	6.801249995444857	NA
Thalamus	-0.113631469297468	56.00951590923025	NA	6.773324130456961	NA
Thalamus	-0.113631469297468	56.1850943290084	NA	6.745562557887873	NA
Thalamus	-0.113631469297468	56.36067274878655	NA	6.717962385075083	NA
Thalamus	-0.113631469297468	56.536251168564704	NA	6.690520775364369	NA
Thalamus	-0.113631469297468	56.71182958834285	NA	6.663234946716846	NA
Thalamus	-0.113631469297468	56.88740800812101	NA	6.636102170367657	NA
Thalamus	-0.113631469297468	57.062986427899155	NA	6.609119769533703	NA
Thalamus	-0.113631469297468	57.23856484767731	NA	6.582285118168024	NA
Thalamus	-0.113631469297468	57.41414326745546	NA	6.555595639758215	NA
Thalamus	-0.113631469297468	57.58972168723361	NA	6.5290488061669745	NA
Thalamus	-0.113631469297468	57.61363146929747	6.767949600598329	6.5254445989605445	0.7903419439814352
Thalamus	-0.113631469297468	57.76530010701176	NA	6.502642136512499	NA
Thalamus	-0.113631469297468	57.940878526789916	NA	6.476373196086815	NA
Thalamus	-0.113631469297468	58.116456946568064	NA	6.450239595310252	NA
Thalamus	-0.113631469297468	58.29203536634621	NA	6.4242389887203055	NA
Thalamus	-0.113631469297468	58.46761378612437	NA	6.398369073993188	NA
Thalamus	-0.113631469297468	58.643192205902515	NA	6.372627590996632	NA
Thalamus	-0.113631469297468	58.81877062568067	NA	6.347012320872367	NA
Thalamus	-0.113631469297468	58.99434904545882	NA	6.3215210851470776	NA
Thalamus	-0.113631469297468	59.169927465236974	NA	6.296151744870316	NA
Thalamus	-0.113631469297468	59.34550588501512	NA	6.270902199778395	NA
Thalamus	-0.113631469297468	59.52108430479328	NA	6.245770387482915	NA
Thalamus	-0.113631469297468	59.696662724571425	NA	6.220754282682937	NA
Thalamus	-0.113631469297468	59.87224114434958	NA	6.19585189639982	NA
Thalamus	-0.113631469297468	60.04781956412773	NA	6.171061275233585	NA
Thalamus	-0.113631469297468	60.223397983905876	NA	6.146495961337921	NA
Thalamus	-0.113631469297468	60.39897640368403	NA	6.122401823144457	NA
Thalamus	-0.113631469297468	60.57455482346218	NA	6.09869421161163	NA
Thalamus	-0.113631469297468	60.750133243240334	NA	6.075361995143557	NA
Thalamus	-0.113631469297468	60.92571166301848	NA	6.052394520529617	NA
Thalamus	-0.113631469297468	61.10129008279664	NA	6.029781586523717	NA
Thalamus	-0.113631469297468	61.276868502574786	NA	6.0075134190286406	NA
Thalamus	-0.113631469297468	61.45244692235294	NA	5.9855806477852225	NA
Thalamus	-0.113631469297468	61.62802534213109	NA	5.963974284472204	NA
Thalamus	-0.113631469297468	61.803603761909244	NA	5.942685702128759	NA
Thalamus	-0.113631469297468	61.97918218168739	NA	5.9217066158172145	NA
Thalamus	-0.113631469297468	62.15476060146554	NA	5.901029064448413	NA
Thalamus	-0.113631469297468	62.330339021243695	NA	5.88064539369745	NA
Thalamus	-0.113631469297468	62.50591744102184	NA	5.86054823994176	NA
Thalamus	-0.113631469297468	62.61363146929747	6.34903414643229	5.848357804485459	0.752898792037626
Thalamus	-0.113631469297468	62.6814958608	NA	5.840730515157947	NA
Thalamus	-0.113631469297468	62.857074280578146	NA	5.821185392717681	NA
Thalamus	-0.113631469297468	63.0326527003563	NA	5.8019062940269315	NA
Thalamus	-0.113631469297468	63.20823112013445	NA	5.782886875955898	NA
Thalamus	-0.113631469297468	63.383809539912605	NA	5.764121019010861	NA
Thalamus	-0.113631469297468	63.55938795969075	NA	5.745602816201802	NA
Thalamus	-0.113631469297468	63.7349663794689	NA	5.727326565840847	NA
Thalamus	-0.113631469297468	63.910544799247056	NA	5.709286783736932	NA
Thalamus	-0.113631469297468	64.08612321902521	NA	5.691478106480428	NA
Thalamus	-0.113631469297468	64.26170163880336	NA	5.6738953783109745	NA
Thalamus	-0.113631469297468	64.437280058581507	NA	5.656533609325168	NA
Thalamus	-0.113631469297468	64.61285847835966	NA	5.639387967703403	NA
Thalamus	-0.113631469297468	64.78843689813782	NA	5.622453772381983	NA
Thalamus	-0.113631469297468	64.96401531791597	NA	5.6057264861433005	NA
Thalamus	-0.113631469297468	65.13959373769411	NA	5.589201709098347	NA
Thalamus	-0.113631469297468	65.31517215747226	NA	5.572875172537556	NA
Thalamus	-0.113631469297468	65.49075057725042	NA	5.556742733127372	NA
Thalamus	-0.113631469297468	65.66632899702857	NA	5.54080036743151	NA
Thalamus	-0.113631469297468	65.84190741680672	NA	5.525044166737001	NA
Thalamus	-0.113631469297468	66.01748583658487	NA	5.509470332166583	NA
Thalamus	-0.113631469297468	66.19306425636302	NA	5.49407517005994	NA
Thalamus	-0.113631469297468	66.36864267614118	NA	5.478855087607451	NA
Thalamus	-0.113631469297468	66.54422109591933	NA	5.463806588721325	NA
Thalamus	-0.113631469297468	66.71979951569747	NA	5.448926270129558	NA
Thalamus	-0.113631469297468	66.89537793547562	NA	5.434210817679406	NA
Thalamus	-0.113631469297468	67.07095635525378	NA	5.419657002837768	NA
Thalamus	-0.113631469297468	67.24653477503193	NA	5.405261679376581	NA
Thalamus	-0.113631469297468	67.42211319481008	NA	5.391021780232239	NA
Thalamus	-0.113631469297468	67.59769161458823	NA	5.376934314528545	NA
Thalamus	-0.113631469297468	67.61363146929747	5.695618142015474	5.37566282968708	0.7208454116044913
Thalamus	-0.113631469297468	67.77327003436638	NA	5.362996364753537	NA
Thalamus	-0.113631469297468	67.94884845414454	NA	5.349205084080979	NA
Thalamus	-0.113631469297468	68.12442687392269	NA	5.335557693828016	NA
Thalamus	-0.113631469297468	68.30000529370083	NA	5.322051481040854	NA
Thalamus	-0.113631469297468	68.47558371347898	NA	5.308683796201032	NA
Thalamus	-0.113631469297468	68.65116213325715	NA	5.295452051045116	NA
Thalamus	-0.113631469297468	68.8267405530353	NA	5.282353716491243	NA
Thalamus	-0.113631469297468	69.00231897281344	NA	5.269386320666271	NA
Thalamus	-0.113631469297468	69.17789739259159	NA	5.256547447027651	NA
Thalamus	-0.113631469297468	69.35347581236974	NA	5.243834732574631	NA
Thalamus	-0.113631469297468	69.5290542321479	NA	5.231245866143531	NA
Thalamus	-0.113631469297468	69.70463265192605	NA	5.218778586782374	NA
Thalamus	-0.113631469297468	69.8802110717042	NA	5.206430682200249	NA
Thalamus	-0.113631469297468	70.05578949148234	NA	5.1941999872872655	NA
Thalamus	-0.113631469297468	70.2313679112605	NA	5.182084382700925	NA
Thalamus	-0.113631469297468	70.40694633103865	NA	5.1700817935153855	NA
Thalamus	-0.113631469297468	70.5825247508168	NA	5.158190187929971	NA
Thalamus	-0.113631469297468	70.75810317059495	NA	5.146407576033562	NA
Thalamus	-0.113631469297468	70.93368159037311	NA	5.134732008621953	NA
Thalamus	-0.113631469297468	71.10926001015126	NA	5.123161576065096	NA
Thalamus	-0.113631469297468	71.28483842992941	NA	5.111694407221556	NA
Thalamus	-0.113631469297468	71.46041684970756	NA	5.100328668397639	NA
Thalamus	-0.113631469297468	71.6359952694857	NA	5.08906256234871	NA
Thalamus	-0.113631469297468	71.81157368926387	NA	5.077894337985258	NA
Thalamus	-0.113631469297468	71.98715210904201	NA	5.066822261011627	NA
Thalamus	-0.113631469297468	72.16273052882016	NA	5.055844633871325	NA
Thalamus	-0.113631469297468	72.33830894859831	NA	5.0449597959116526	NA
Thalamus	-0.113631469297468	72.51388736837647	NA	5.0341661184936335	NA
Thalamus	-0.113631469297468	72.61363146929747	5.185888322274185	5.028074333803179	0.6932929600517144
Thalamus	-0.113631469297468	72.68946578815462	NA	5.023462004203631	NA
Thalamus	-0.113631469297468	72.86504420793277	NA	5.012845886093729	NA
Thalamus	-0.113631469297468	73.04062262771092	NA	5.002316226949718	NA
Thalamus	-0.113631469297468	73.216201047489065	NA	4.991871518585029	NA
Thalamus	-0.113631469297468	73.39177946726723	NA	4.981510281159458	NA
Thalamus	-0.113631469297468	73.56735788704538	NA	4.971231062521455	NA
Thalamus	-0.113631469297468	73.74293630682352	NA	4.96103243757274	NA
Thalamus	-0.113631469297468	73.91851472660167	NA	4.95091300765426	NA
Thalamus	-0.113631469297468	74.09409314637983	NA	4.940871399952333	NA
Thalamus	-0.113631469297468	74.26967156615798	NA	4.930906266924164	NA
Thalamus	-0.113631469297468	74.44524998593613	NA	4.9210162857416755	NA
Thalamus	-0.113631469297468	74.62082840571428	NA	4.911200157752906	NA
Thalamus	-0.113631469297468	74.79640682549244	NA	4.901456607960131	NA
Thalamus	-0.113631469297468	74.97198524527059	NA	4.891784384513874	NA
Thalamus	-0.113631469297468	75.14756366504874	NA	4.882182258222224	NA
Thalamus	-0.113631469297468	75.32314208482688	NA	4.872649022074666	NA
Thalamus	-0.113631469297468	75.49872050460503	NA	4.863183490779839	NA
Thalamus	-0.113631469297468	75.6742989243832	NA	4.853784500316576	NA
Thalamus	-0.113631469297468	75.84987734416134	NA	4.844450907497707	NA
Thalamus	-0.113631469297468	76.02545576393949	NA	4.835181589546073	NA
Thalamus	-0.113631469297468	76.20103418371764	NA	4.82597544368215	NA
Thalamus	-0.113631469297468	76.3766126034958	NA	4.816831386722984	NA
Thalamus	-0.113631469297468	76.55219102327395	NA	4.8077483546917446	NA
Thalamus	-0.113631469297468	76.7277694430521	NA	4.798725302437727	NA
Thalamus	-0.113631469297468	76.90334786283024	NA	4.789761203266152	NA
Thalamus	-0.113631469297468	77.07892628260839	NA	4.780855048577532	NA
Thalamus	-0.113631469297468	77.25450470238655	NA	4.772005847516196	NA
Thalamus	-0.113631469297468	77.4300831221647	NA	4.763212626627577	NA
Thalamus	-0.113631469297468	77.60566154194285	NA	4.754474429524036	NA
Thalamus	-0.113631469297468	77.61363146929747	4.848752014868022	4.754079074816962	0.6673326006999584
Thalamus	-0.113631469297468	77.781239961721	NA	4.745790316558772	NA
Thalamus	-0.113631469297468	77.95681838149916	NA	4.7371593645076855	NA
Thalamus	-0.113631469297468	78.13239680127731	NA	4.728580666258728	NA
Thalamus	-0.113631469297468	78.30797522105546	NA	4.720053330508691	NA
Thalamus	-0.113631469297468	78.4835536408336	NA	4.711576481466884	NA
Thalamus	-0.113631469297468	78.65913206061177	NA	4.703149258565839	NA
Thalamus	-0.113631469297468	78.83471048038992	NA	4.694770816178472	NA
Thalamus	-0.113631469297468	79.01028890016806	NA	4.686440323341614	NA
Thalamus	-0.113631469297468	79.18586731994621	NA	4.6781569634858	NA
Thalamus	-0.113631469297468	79.36144573972436	NA	4.669919934170922	NA
Thalamus	-0.113631469297468	79.53702415950252	NA	4.66172844682776	NA
Thalamus	-0.113631469297468	79.71260257928067	NA	4.653581728945639	NA
Thalamus	-0.113631469297468	79.88818099905882	NA	4.6454790206188035	NA
Thalamus	-0.113631469297468	80.06375941883697	NA	4.637419569055594	NA
Thalamus	-0.113631469297468	80.23933783861513	NA	4.629402638700186	NA
Thalamus	-0.113631469297468	80.41491625839328	NA	4.6214275066555075	NA
Thalamus	-0.113631469297468	80.59049467817142	NA	4.613493462455891	NA
Thalamus	-0.113631469297468	80.76607309794957	NA	4.605599807844404	NA
Thalamus	-0.113631469297468	80.94165151772772	NA	4.597745856554654	NA
Thalamus	-0.113631469297468	81.11722993750588	NA	4.589930934097091	NA
Thalamus	-0.113631469297468	81.29280835728403	NA	4.582154377549604	NA
Thalamus	-0.113631469297468	81.46838677706218	NA	4.574415535352257	NA
Thalamus	-0.113631469297468	81.64396519684033	NA	4.566713767106079	NA
Thalamus	-0.113631469297468	81.81954361661849	NA	4.559048443375906	NA
Thalamus	-0.113631469297468	81.99512203639664	NA	4.551418945496985	NA
Thalamus	-0.113631469297468	82.17070045617479	NA	4.543824665385404	NA
Thalamus	-0.113631469297468	82.34627887595293	NA	4.536265005352177	NA
Thalamus	-0.113631469297468	82.52185729573108	NA	4.528739377920885	NA
Thalamus	-0.113631469297468	82.61363146929747	4.354329386823307	4.524819110280211	0.644933026438736
Thalamus	-0.113631469297468	82.69743571550924	NA	4.52124720564883	NA
Thalamus	-0.113631469297468	82.87301413528739	NA	4.5137879209515885	NA
Thalamus	-0.113631469297468	83.04859255506554	NA	4.506360965930871	NA
Thalamus	-0.113631469297468	83.22417097484369	NA	4.498965792205655	NA
Thalamus	-0.113631469297468	83.39974939462185	NA	4.491601860746498	NA
Thalamus	-0.113631469297468	83.5753278144	NA	4.48426864171285	NA
Thalamus	-0.113631469297468	83.75090623417815	NA	4.476965614293524	NA
Thalamus	-0.113631469297468	83.9264846539563	NA	4.469692266550049	NA
Thalamus	-0.113631469297468	84.10206307373446	NA	4.462448095262911	NA
Thalamus	-0.113631469297468	84.2776414935126	NA	4.455232605780652	NA
Thalamus	-0.113631469297468	84.45321991329075	NA	4.448045311871695	NA
Thalamus	-0.113631469297468	84.6287983330689	NA	4.440885735578928	NA
Thalamus	-0.113631469297468	84.80437675284705	NA	4.433753407076876	NA
Thalamus	-0.113631469297468	84.97995517262521	NA	4.4266478645314855	NA
Thalamus	-0.113631469297468	85.15553359240336	NA	4.419568653962459	NA
Thalamus	-0.113631469297468	85.3311120121815	NA	4.412515329108073	NA
Thalamus	-0.113631469297468	85.50669043195965	NA	4.405487451292376	NA
Thalamus	-0.113631469297468	85.68226885173782	NA	4.398484589294836	NA
Thalamus	-0.113631469297468	85.85784727151596	NA	4.391506319222256	NA
Thalamus	-0.113631469297468	86.03342569129411	NA	4.384552224383056	NA
Thalamus	-0.113631469297468	86.20900411107226	NA	4.377621895163661	NA
Thalamus	-0.113631469297468	86.38458253085041	NA	4.370714928907263	NA
Thalamus	-0.113631469297468	86.56016095062857	NA	4.36383092979454	NA
Thalamus	-0.113631469297468	86.73573937040672	NA	4.356969508726631	NA
Thalamus	-0.113631469297468	86.91131779018487	NA	4.350130283210115	NA
Thalamus	-0.113631469297468	87.08689620996302	NA	4.343312877244004	NA
Thalamus	-0.113631469297468	87.26247462974118	NA	4.3365169212087435	NA
Thalamus	-0.113631469297468	87.43805304951933	NA	4.329742051757202	NA
Thalamus	-0.113631469297468	87.61363146929747	4.5395602384737614	4.322953582534241	0.6267952640834258
