fwhm_x	fwhm_y	fwhm_z
9.492085	7.726825	5.4004
