fwhm_x	fwhm_y	fwhm_z
8.532254	6.902095	5.411808
