fwhm_x	fwhm_y	fwhm_z
8.811941	6.151912	7.775452
