fwhm_x	fwhm_y	fwhm_z
8.782586	7.73279	6.76666
