fwhm_x	fwhm_y	fwhm_z
9.103145	7.060494	5.940044
