time	whole_blood_radioactivity	plasma_radioactivity	metabolite_parent_fraction	AIF
0	0	0	0.9568070578407776	0
1.1986997832972162	1.0472974981077212	1.5540792453499528	0.9568070578407776	1.503475175010013
2.3973995665944323	2.0945949962154424	3.1081584906999056	0.9568070578407776	3.006950350020026
3.5960993498916487	3.141892494323164	4.662237736049859	0.9568070578407776	4.51042552503004
4.794799133188865	4.189189992430885	6.216316981399811	0.9568070578407776	6.013900700040052
5.993498916486081	5.236487490538606	7.770396226749763	0.9568070578407776	7.517375875050065
7.192198699783297	6.283784988646328	9.324475472099717	0.9568070578407776	9.02085105006008
8.390898483080512	7.331082486754049	10.878554717449667	0.9584204443437919	10.524326225070089
9.58959826637773	8.37837998486177	12.432633962799622	0.9601416194271472	12.027801400080104
10.788298049674946	9.425677482969492	13.986713208149576	0.9618627945105025	13.531276575090118
11.986997832972161	10.472974981077211	15.540792453499526	0.9635839695938577	15.03475175010013
13.185697616269378	11.520272479184934	17.09487169884948	0.9653051446772131	16.538226925110145
14.384397399566595	12.567569977292656	18.648950944199434	0.9670263197605683	18.04170210012016
15.583097182863808	12.66470494599359	18.793089013018072	0.9676834561795391	18.181054735023192
16.781796966161025	11.758709491281355	17.448687126167716	0.9681882395494856	16.88024026283216
17.980496749458243	10.852714036569118	16.104285239317356	0.9686930229194322	15.579425790641121
19.17919653275546	9.946718581856883	14.759883352467003	0.9691978062893788	14.278611318450086
20.377896316052674	9.04072312714465	13.415481465616647	0.9697025896593253	12.977796846259052
21.576596099349892	8.134727672432414	12.071079578766291	0.970207373029272	11.676982374068015
22.775295882647107	7.228732217720179	10.726677691915935	0.9704198253799093	10.376167901876979
23.973995665944322	6.322736763007945	9.38227580506558	0.9705646505987057	9.075353429685945
25.17269544924154	5.416741308295708	8.037873918215224	0.9707094758175019	7.774538957494907
26.371395232538756	4.510745853583473	6.693472031364866	0.9708543010362981	6.473724485303873
27.57009501583597	3.6047503988712384	5.349070144514512	0.9709991262550943	5.172910013112838
28.76879479913319	2.698754944159002	4.004668257664155	0.9711439514738905	3.872095540921801
29.967494582430405	1.7927594894467676	2.660266370813799	0.9712010387290195	2.571281068730766
31.166194365727616	0.8867640347345329	1.3158644839634435	0.97122880195829	1.2704665965397322
32.364894149024835	-0.019231419977701683	-0.02853740288691165	0.9712565651875603	-0.03034787565130148
33.56359393232205	110.90241145203112	164.56750465676663	0.9712843284168308	159.847507671901
34.76229371561927	347.84100257154563	516.159432973798	0.9713120916461011	501.3552753091416
35.96099349891649	584.7795936910588	867.751361290827	0.9713398548753714	842.8630429463801
37.1596932822137	821.7181848105719	1219.3432896078561	0.9713457765155092	1184.3708105836185
38.35839306551092	1058.656775930085	1570.9352179248851	0.9713417412541113	1525.8785782208572
39.55709284880813	1295.595367049598	1922.5271462419146	0.9713377059927134	1867.3863458580956
40.75579263210535	1532.533958169111	2274.119074558944	0.9713336707313156	2208.894113495334
41.95449241540256	1769.4725492886244	2625.7110028759726	0.9713296354699177	2550.4018811325727
43.153192198699784	2006.4111404081389	2977.302931193004	0.9713256002085198	2891.9096487698134
44.351891981997	2243.3497315276522	3328.8948595100333	0.9713211323907606	3233.4174164070523
45.550591765294214	3644.6020716210282	5388.259789442933	0.9713164042077145	5083.680390469566
46.74929154859143	6416.381767454759	9410.558460912012	0.9713116760246683	8709.916795528596
47.947991331888645	9188.16146328849	13369.28457318842	0.9713069478416221	12336.153200587623
49.14669111518586	11959.941159122222	17265.933458880285	0.971302219658576	15962.389605646653
50.34539089848308	14731.720854955967	21101.95391847794	0.9712974914755298	19588.626010705702
51.5440906817803	17503.5005507897	24878.750016378533	0.9712975894722494	23214.862415764735
52.74279046507751	20275.28024662343	28597.682794361528	0.9713014545310326	26841.09882082376
53.94149024837473	23047.05994245716	32260.071906907575	0.9713053195898156	30467.335225882784
55.14019003167194	25818.83963829089	35867.197182488795	0.9713091846485987	34093.57163094182
56.33888981496916	28590.619334124625	39420.30011471066	0.9713130497073817	37719.80803600084
57.53758959826638	31362.399029958367	42920.58528695539	0.9713169147661649	41346.044441059894
58.736289381563594	34134.178725792095	46369.22173396095	0.9713252660874648	44972.28084611892
59.93498916486081	37082.740117828944	50309.234685475436	0.9713381216515189	48884.24910217774
61.13368894815802	40081.16220578187	54399.58536555711	0.971350977215573	52876.80708693716
62.33238873145523	43079.584293734784	58493.31727241548	0.9713638327796269	56869.36507169657
63.531088514752454	46078.00638168771	62590.43460034446	0.971376688343681	60861.923056455984
64.72978829804967	49076.42846964063	66690.94155057789	0.971389543907735	64854.48104121541
65.92848808134688	52074.85055759355	70794.84233130408	0.9714049153228334	68847.03902597482
67.1271878646441	55073.27264554647	74902.14115768009	0.9714235362280854	72839.59701073424
68.32588764794131	58071.6947334994	79012.84225184623	0.9714421571333376	76832.15499549365
69.52458743123854	61070.11682145236	83126.94984294055	0.9714607780385897	80824.71298025311
70.72328721453576	64068.53890940527	87244.46816711308	0.9714793989438417	84817.27096501255
71.92198699783297	67066.9609973582	91365.40146754085	0.9714980198490939	88809.82894977194
73.12068678113019	70065.38308531113	95489.75399444207	0.9715173571065236	92802.38693453137
74.3193865644274	73063.80517326405	99617.53000509088	0.9715378946728451	96794.94491929078
75.51808634772462	75479.48259900084	102983.70846580285	0.9715584322391666	100068.0206641851
76.71678613102183	77129.60453701938	105349.519479532	0.9715789698054881	102395.90786809832
77.91548591431905	78779.7264750379	107720.47958582653	0.9715995073718096	104723.79507201155
79.11418569761626	80429.84841305642	110096.60561318923	0.971620044938131	107051.68227592477
80.31288548091348	82079.97035107494	112477.91446353566	0.9716400677732776	109379.569479838
81.5115852642107	83730.09228909346	114864.42311259522	0.9716589509207092	111707.45668375122
82.71028504750791	85380.214227112	117256.1486103142	0.9716778340681409	114035.34388766445
83.90898483080512	87030.3361651305	119653.108081262	0.9716967172155725	116363.23109157768
85.10768461410235	88680.45810314905	122055.31872503989	0.9717156003630042	118691.11829549092
86.30638439739957	90330.58004116756	124462.79781669223	0.9717344835104358	121019.00549940414
87.50508418069678	91980.7019791861	126875.56270712068	0.9717522321107926	123346.89270331737
88.703783963994	93630.82391720462	129293.63082350102	0.9717665496776198	125674.77990723061
89.90248374729121	95280.94585522314	131717.01966970274	0.9717808672444468	128002.66711114383
91.10118353058843	96420.56022784929	133301.8070310844	0.9717951848112739	129541.04439629293
92.29988331388564	97514.96616484805	134812.01553681813	0.9718095023781009	131009.50595294114
93.49858309718286	98609.3721018468	136322.1610423012	0.9718238199449281	132477.96750958936
94.69728288048007	99703.77803884556	137832.2435514757	0.9718368733459947	133946.42906623756
95.89598266377729	100798.18397584432	139342.26306828344	0.9718443897545967	135414.89062288578
97.0946824470745	101892.58991284308	140852.21959666585	0.9718519061631988	136883.352179534
98.29338223037172	102986.99584984183	142362.11314056406	0.9718594225718009	138351.8137361822
99.49208201366893	104081.4017868406	143871.94370391895	0.971866938980403	139820.27529283043
100.69078179696616	105175.80772383937	145381.71129067094	0.9718744553890051	141288.73684947862
101.88948158026338	106270.21366083813	146891.4159047602	0.9718809360502472	142757.19840612684
103.0881813635606	107364.61959783688	148401.05755012645	0.9718800488342864	144225.65996277504
104.28688114685781	108459.02553483563	149910.6362307093	0.9718791616183255	145694.12151942324
105.48558093015502	109653.87411042601	151482.10553136803	0.9718782744023647	147212.2968320748
106.68428071345224	110996.23164856186	153141.5707557433	0.9718773871864038	148803.48122408864
107.88298049674945	112338.5891866977	154796.82182557805	0.971876499970443	150394.66561610246
109.08168028004667	113680.94672483354	156447.87477306524	0.9718750366338086	151985.85000811628
110.28038006334388	115023.30426296941	158094.74554917766	0.9718646464090691	153577.03440013013
111.4790798466411	116365.66180110525	159737.45002418166	0.9718542561843296	155168.21879214392
112.67777962993831	117708.01933924109	161376.0039881469	0.9718438659595903	156759.40318415774
113.87647941323553	119050.37687737694	163010.42315145227	0.9718334757348508	158350.5875761716
115.07517919653276	120392.73441551281	164640.72314528818	0.9718230855101113	159941.77196818544
116.27387897982997	121735.09195364865	166266.91952215447	0.9718126952853718	161532.95636019926
117.47257876312719	123077.44949178449	167889.0277563554	0.9717921182740847	163124.14075221308
118.6712785464244	124419.80702992034	169507.06324449024	0.9717715208492756	164715.3251442269
119.86997832972162	125165.4674216894	171274.1004958215	0.9717509234244665	166549.78420363012
121.06867811301885	125685.66569952181	173119.16046217683	0.9717303259996574	168476.1646357277
122.26737789631603	126205.86397735422	174988.69622403098	0.9717097285748482	170402.54506782533
123.46607767961325	126726.06225518664	176883.19806184448	0.9716891311500391	172328.92549992292
124.66477746291046	127246.26053301906	178803.16943866457	0.9716586118036163	174255.3059320205
125.86347724620768	127766.45881085147	180749.1274461878	0.9716274069532892	176181.68636411813
127.06217702950491	128286.65708868387	182721.60326905825	0.9715962021029619	178108.06679621572
128.26087681280214	128806.85536651632	184721.14266827743	0.9715649972526348	180034.44722831334
129.45957659609934	129327.05364434872	186748.30648464907	0.9715337924023075	181960.8276604109
130.65827637939657	129847.25192218112	188803.6711632358	0.9715025875519804	183887.20809250852
131.85697616269377	130367.45020001354	190887.82929985606	0.9714619765487101	185813.5885246061
133.055675945991	130887.64847784597	193001.39021071137	0.9714199940966644	187739.9689567037
134.2543757292882	131407.8467556784	195144.98052629267	0.9713780116446185	189666.34938880132
135.45307551258543	131227.61340459416	195370.79069368486	0.9713360291925726	189833.15475734937
136.65177529588263	129894.68296883587	192420.14414505204	0.9712940467405268	187104.2356007845
137.85047507917986	128561.75253307754	189498.83481521416	0.9712520642884809	184375.31644421956
139.0491748624771	127228.8220973192	186606.42733439058	0.97120135453075	181646.3972876546
140.2478746457743	125895.89166156089	183742.49490502098	0.971148599291067	178917.4781310897
141.44657442907152	124562.96122580257	180906.6190918197	0.9710958440513839	176188.55897452476
142.64527421236872	123230.03079004427	178098.3896179716	0.971043088811701	173459.63981795986
143.84397399566595	121897.10035428594	175317.40416725766	0.9709903335720179	170730.7206613949
145.04267377896315	120564.16991852764	172563.2681919137	0.970937578332335	168001.80150483004
146.24137356226038	119231.2394827693	169835.5947260261	0.9708768729496479	165272.8823482651
147.44007334555758	117898.30904701102	167134.0042042814	0.9708134820686801	162543.9631917002
148.6387731288548	116565.37861125267	164458.12428589052	0.9707500911877124	159815.04403513524
149.837472912152	115232.44817549437	161807.5896835161	0.9706867003067446	157086.12487857035
151.03617269544924	113702.15905914635	158819.09285028366	0.9706233094257769	154456.3800618901
152.23487247874644	112140.91358604562	155805.5231390577	0.970559918544809	151842.19106589642
153.43357226204367	110579.66811294484	152823.8293667383	0.9704894108491607	149228.00206990272
154.6322720453409	109018.42263984408	149873.50844391872	0.9704156285631813	146613.813073909
155.8309718286381	107457.17716674333	146954.06781262124	0.9703418462772019	143999.62407791533
157.02967161193533	105895.93169364256	144065.0251721568	0.9702680639912226	141385.43508192163
158.22837139523253	104334.68622054184	141205.90821350412	0.9701942817052431	138771.24608592794
159.42707117852976	102773.44074744107	138376.25436189998	0.9701204994192637	136157.0570899342
160.62577096182696	101212.19527434034	135575.61052734684	0.9700404336077512	133542.86809394057
161.8244707451242	99650.94980123956	132803.53286275445	0.9699565532513199	130928.67909794685
163.0231705284214	98089.70432813883	130059.58652944537	0.9698726728948887	128314.4901019532
164.22187031171862	96528.45885503807	127343.34546976227	0.9697887925384573	125700.30110595949
165.42057009501582	94967.21338193734	124654.39218653005	0.969704912182026	123086.11210996582
166.61926987831305	93405.96790883657	121992.31752912984	0.9696210318255948	120471.9231139721
167.81796966161025	91844.72243573584	119356.72048595764	0.9695316553754781	117857.73411797844
169.01666944490748	90283.47696263506	116747.207983044	0.9694379539916252	115243.54512198472
170.2153692282047	88722.2314895343	114163.39468862422	0.9693442526077723	112629.35612599099
171.4140690115019	87160.98601643357	111604.90282345381	0.9692505512239195	110015.16712999734
172.61276879479914	85599.7405433328	109071.36197667332	0.9691568498400664	107400.97813400363
173.81146857809634	84038.49507023206	106562.40892703497	0.9690631484562136	104786.78913800995
175.01016836139357	82477.24959713129	104077.68746930808	0.9689647009275248	102172.60014201622
176.20886814469077	80916.00412403056	101616.84824569109	0.9688614499589565	99558.41114602258
177.407567927988	79354.7586509298	99179.54858206048	0.9687581989903882	96944.22215002884
178.6062677112852	77793.51317782905	96765.45232889766	0.9686549480218198	94330.03315403519
179.80496749458243	76232.26770472829	94374.22970673644	0.9685516970532515	91715.84415804148
181.00366727787963	74674.30569589797	92011.15965340582	0.9684484460846832	89107.9379933899
182.20236706117686	74186.30529409662	91484.4437699051	0.9683411963460786	88547.37809653988
183.40106684447406	73698.30489229529	90956.8676845354	0.9682287395788369	87986.81819968985
184.5997666277713	73210.30449049393	90428.42928832676	0.9681162828115952	87426.25830283982
185.79846641106852	72722.30408869259	89899.12646540956	0.9680038260443535	86865.6984059898
186.99716619436572	72234.30368689123	89368.95709298606	0.9678913692771118	86305.13850913977
188.19586597766295	71746.30328508989	88837.91904130223	0.9677789125098701	85744.57861228974
189.39456576096015	71258.30288328855	88306.01017361907	0.9676631856770013	85184.01871543971
190.59326554425738	70770.3024814872	87773.22834618409	0.9675419325025033	84623.45881858969
191.79196532755458	70282.30207968586	87239.57140820238	0.9674206793280054	84062.89892173967
192.9906651108518	69794.30167788452	86705.03720180778	0.9672994261535073	83502.33902488963
194.189364894149	69306.30127608318	86169.62356203368	0.9671781729790093	82941.77912803963
195.38806467744624	68818.30087428183	85633.32831678393	0.9670569198045114	82381.21923118959
196.58676446074344	68330.30047248049	85096.14928680337	0.9669330692614196	81820.65933433957
197.78546424404067	67842.30007067915	84558.08428564828	0.9668034137662621	81260.09943748954
198.98416402733787	67354.29966887781	84019.13111965683	0.9666737582711046	80699.53954063953
200.1828638106351	66866.29926707645	83479.28758791921	0.9665441027759469	80138.9796437895
201.38156359393233	66378.2988652751	82938.55148224761	0.9664144472807894	79578.41974693946
202.58026337722953	65890.29846347375	82396.92058714625	0.9662847917856318	79017.85985008943
203.77896316052676	65402.29806167241	81854.39267978097	0.966153147616191	78457.29995323942
204.97766294382396	64914.29765987108	81310.96552994895	0.9660154244818093	77896.74005638939
206.1763627271212	64426.297258069724	80766.63690004806	0.9658777013474277	77336.18015953936
207.3750625104184	63938.29685626839	80221.40454504621	0.965739978213046	76775.62026268935
208.57376229371562	63450.29645446704	79675.26621245043	0.9656022550786644	76215.06036583931
209.77246207701282	62962.2960526657	79128.21964227589	0.9654645319442827	75654.5004689893
210.97116186031005	62474.29565086435	78580.26256701472	0.9653253755156638	75093.94057213925
212.16986164360725	61986.29524906301	78031.39271160471	0.965179857449824	74533.38067528924
213.36856142690448	61498.29484726166	77481.60779339772	0.9650343393839842	73972.82077843921
214.56726121020168	61010.29444546033	76930.90552212815	0.9648888213181444	73412.26088158919
215.7659609934989	60522.29404365897	76379.28359988109	0.9647433032523046	72851.70098473916
216.96466077679614	60034.29364185762	75826.73972106037	0.9645977851864648	72291.14108788913
218.16336056009334	59546.293240056286	75273.2715723564	0.9644513494684105	71730.5811910391
219.36206034339057	59058.292838254936	74718.87683271397	0.9642982631469523	71170.02129418906
220.56076012668777	58570.2924364536	74163.55317329972	0.9641451768254942	70609.46139733907
221.759459909985	58082.29203465225	73607.29825746952	0.963992090504036	70048.90150048902
222.9581596932822	57594.29163285091	73050.10974073583	0.9638390041825778	69488.34160363901
224.15685947657943	57106.29123104957	72491.98527073457	0.9636859178611197	68927.78170678897
225.35555925987663	56618.290829248224	71932.92248719222	0.9635323990194226	68367.22180993897
226.55425904317386	56130.29042744688	71372.91902189235	0.9633719349749923	67806.66191308893
227.75295882647106	55642.29002564554	70811.97249864232	0.963211470930562	67246.10201623892
228.9516586097683	55154.28962384418	70250.08053323963	0.9630510068861318	66685.54211938889
230.15035839306552	54666.28922204283	69687.24073343813	0.9628905428417016	66124.98222253885
231.34905817636272	54178.2888202415	69123.45069891408	0.9627300787972713	65564.42232568884
232.54775795965995	53690.28841844015	68558.70802123203	0.9625696147528411	65003.8624288388
233.74645774295715	53202.28801663881	67993.0102838105	0.9624019552529121	64443.302531988775
234.94515752625438	52714.287614837456	67426.3550618875	0.9622342668568193	63882.742635138755
236.14385730955158	52226.28721303612	66858.73992248606	0.9620665784607267	63322.18273828873
237.3425570928488	51738.28681123477	66290.16242437904	0.961898890064634	62761.6228414387
238.541256876146	51250.286409433436	65720.62011805459	0.9617312016685413	62201.06294458869
239.73995665944324	50762.28600763209	65150.110545680574	0.9615635132724486	61640.503047738646
240.93865644274044	50274.28560583075	64578.63124106946	0.9613891958264513	61079.943150888634
242.1373562260377	49786.285204029395	64006.17972964267	0.9612144051953037	60519.3832540386
243.33605600933487	49298.28480222806	63432.75352839494	0.9610396145641561	59958.82335718859
244.53475579263207	48810.28440042671	62858.350145858334	0.9608648239330084	59398.263460338545
245.73345557592933	48322.28399862536	62282.967082066214	0.9606900333018608	58837.70356348852
246.9321553592265	47834.283596824025	61706.60182851701	0.9605152426707131	58277.1436666385
248.13085514252376	47346.283195022675	61129.25186813764	0.9603343514113896	57716.58376978847
249.32955492582093	46858.28279322133	60550.91467524698	0.9601525546052262	57156.02387293846
250.5282547091182	46370.28239141998	59971.58771551904	0.9599707577990627	56595.46397608842
251.72695449241536	45882.28198961865	59391.26844594584	0.9597889609928992	56034.904079238404
252.92565427571262	45394.281587817306	58809.95431480029	0.9596071641867358	55474.34418238837
254.12435405900982	44906.281186015956	58227.64276159878	0.9594253673805723	54913.78428553836
255.32305384230705	44418.28078421461	57644.33121706355	0.959237968705218	54353.224388688315
256.5217536256043	43930.28038241326	57060.01710308493	0.9590492399666354	53792.66449183829
257.72045340890145	43442.27998061193	56474.69783268339	0.9588605112280527	53232.10459498828
258.9191531921987	42954.27957881059	55888.37080997124	0.95867178248947	52671.544698138256
260.1178529754959	42466.27917700924	55301.03343011439	0.9584830537508874	52110.98480128823
261.31655275879314	41978.27877520788	54712.68307929372	0.9582943250123047	51550.42490443819
262.51525254209037	41490.27837340653	54123.31713466631	0.9581004701958106	50989.86500758816
263.71395232538754	41002.27797160521	53532.932964326494	0.9579048654323042	50429.30511073815
264.91265210868477	40514.27756980386	52941.527927266536	0.9577092606687979	49868.74521388813
266.111351891982	40026.27716800251	52349.09937333748	0.9575136559052917	49308.18531703809
267.3100516752792	39538.276766201154	51755.64464320942	0.9573180511417854	48747.62542018806
268.5087514585764	39050.27636439983	51161.161068331756	0.957122446378279	48187.065523338046
269.7074512418736	38562.27596259848	50565.64597089308	0.9569221737723087	47626.50562648802
270.90615102517086	38074.275560797134	49969.09666378118	0.9567197334369859	47065.94572963799
272.1048508084681	37586.275158995784	49371.51045054246	0.9565172931016631	46505.38583278796
273.30355059176526	37098.27475719446	48772.8846253414	0.9563148527663402	45944.82593593795
274.5022503750625	36610.27435539311	48173.21647291961	0.9561124124310174	45384.26603908792
275.7009501583597	36122.27395359176	47572.50326855487	0.9559099720956946	44823.70614223789
276.89964994165695	35634.27355179041	46970.7422780199	0.9557033089890573	44263.146245387856
278.0983497249542	35146.27314998906	46367.93075754074	0.9554940604797345	43702.58634853783
279.29704950825135	34658.27274818773	45764.06595375517	0.9552848119704117	43142.026451687816
280.4957492915486	34170.27234638638	45159.145103670686	0.9550755634610889	42581.46655483779
281.6944490748458	33682.27194458503	44553.16543462246	0.9548663149517662	42020.90665798776
282.89314885814304	33194.27154278369	43946.12416423094	0.9546570664424434	41460.34676113773
284.0918486414402	32706.27114098236	43338.01850035923	0.9544440306428212	40899.78686428773
285.29054842473744	32218.270739181007	42728.84564107029	0.9542279903130542	40339.22696743769
286.48924820803467	31730.270337379658	42118.60277458398	0.9540119499832871	39778.66707058766
287.6879479913319	31242.269935578308	41507.287079233705	0.95379590965352	39218.107173737626
288.88664777462907	30754.269533776984	40894.89572342298	0.9535798693237529	38657.54727688763
290.0853475579263	30266.269131975634	40281.42586558163	0.953363828993986	38096.98738003759
291.2840473412235	29778.26873017428	39666.87465412196	0.9531444310727445	37536.42748318756
292.48274712452076	29290.26832837293	39051.23922739449	0.9529216077328448	36975.86758633753
293.681446907818	28802.26792657159	38434.516713643585	0.9526987843929452	36415.3076894875
294.88014669111516	28314.267524770257	37816.70423096273	0.95247596105304555	35854.7477926375
296.0788464744124	27826.267122968908	37197.79888724967	0.9522531377131459	35294.18789578746
297.2775462577096	27338.266721167558	36577.797780161345	0.9520303143732463	34733.62799893743
298.47624604100685	26850.266319366205	35956.69799706848	0.9518045715072564	34173.068102087396
299.674945824304	26362.265917564884	35334.49661500995	0.9515749958699257	33612.5082052374
300.87364560760125	26175.222323982573	35129.54795496572	0.951345420232595	33402.48058193425
302.0723453908985	26100.15464645201	35079.981153543544	0.9511158445952644	33322.87423957301
303.2710451741957	26025.08696892145	35030.26929515449	0.9508862689579338	33243.267897211765
304.4697449574929	25950.01929139089	34980.41174210285	0.9506566933206032	33163.66155485053
305.6684447407901	25874.95161386033	34930.40785294954	0.9504246522266265	33084.05521248929
306.86714452408734	25799.883936329767	34880.25698248456	0.9501884086916886	33004.44887012805
308.06584430738457	25724.816258799205	34829.958481699316	0.9499521651567507	32924.84252776681
309.2645440906818	25649.748581268643	34779.511697758535	0.9497159216218128	32845.23618540557
310.46324387397897	25574.680903738084	34728.91597397209	0.9494796780868751	32765.62984304433
311.6619436572762	25499.613226207523	34678.17064976646	0.9492434345519372	32686.02350068309
312.8606434405734	25424.54554867696	34627.275060656015	0.9490051783712855	32606.41715832185
314.05934322387066	25349.4778711464	34576.22853821399	0.9487623816602836	32526.81081596061
315.2580430071678	25274.41019361584	34525.03041004321	0.9485195849492817	32447.20447359937
316.45674279046506	25199.34251608528	34473.67999974663	0.9482767882382798	32367.598131238134
317.6554425737623	25124.274838554713	34422.176626897446	0.9480339915272779	32287.991788876887
318.8541423570595	25049.20716102415	34370.51960700915	0.9477911948162758	32208.385446515647
320.0528421403567	24974.139483493593	34318.70825150513	0.9475468256504513	32128.77910415441
321.2515419236539	24899.071805963027	34266.7418676881	0.9472975976376042	32049.172761793172
322.45024170695115	24824.004128432465	34214.619758709225	0.9470483696247571	31969.56641943193
323.6489414902484	24748.936450901903	34162.34122353699	0.94679914161191	31889.960077070686
324.8476412735456	24673.86877337134	34109.90555692575	0.9465499135990629	31810.35373470945
326.0463410568428	24598.801095840783	34057.31204938402	0.9463006855862158	31730.74739234821
327.24504084014	24523.73341831022	34004.55998714248	0.9460503101467999	31651.141049986967
328.44374062343724	24448.66574077966	33951.64865212169	0.94579477326774	31571.534707625728
329.64244040673447	24373.598063249097	33898.57732189949	0.9455392363886801	31491.928365264484
330.84114019003164	24298.53038571854	33845.34526967814	0.9452836995096202	31412.322022903252
332.03983997332887	24223.462708187977	33791.951764251135	0.9450281626305602	31332.71568054201
333.2385397566261	24148.395030657415	33738.39606996973	0.9447726257515003	31253.109338180766
334.4372395399233	24073.32735312685	33684.677446709116	0.9445163505618385	31173.502995819526
335.6359393232205	23998.259675596295	33630.79514983442	0.9442546224117452	31093.89665345829
336.8346391065177	23923.19199806573	33576.74843016615	0.9439928942616519	31014.29031109705
338.03333888981496	23848.124320535167	33522.53653394565	0.9437311661115586	30934.683968735808
339.2320386731122	23773.056643004606	33468.15870279988	0.9434694379614654	30855.077626374565
340.4307384564094	23697.988965474044	33413.61417370621	0.9432077098113721	30775.47128401333
341.6294382397066	23622.921287943485	33358.90217895663	0.9429456374668467	30695.86494165209
342.8281380230038	23547.853610412923	33304.02194612175	0.942677830855011	30616.25859929085
344.02683780630105	23472.78593288236	33248.972698014484	0.9424100242431754	30536.652256929607
345.2255375895983	23397.718255351796	33193.75365265334	0.9421422176313398	30457.045914568364
346.42423737289545	23322.650577821238	33138.36402322536	0.9418744110195042	30377.43957220713
347.6229371561927	23247.582900290676	33082.80301804882	0.9416066044076685	30297.833229845888
348.8216369394899	23172.515222760114	33027.06984053545	0.941338797795833	30218.22688748465
350.02033672278714	23097.447545229552	32971.16368915239	0.9410650575046601	30138.620545123405
351.2190365060843	23022.379867698994	32915.08375738378	0.9407912813980592	30059.01420276217
352.41773628938154	22947.31219016843	32858.82923369192	0.9405175052914584	29979.40786040093
353.61643607267877	22872.24451263787	32802.3993014782	0.9402437291848575	29899.801518039687
354.815135855976	22797.176835107304	32745.793139043522	0.9399699530782567	29820.195175678447
356.0138356392732	22722.109157576742	32689.00991954846	0.93969617697165575	29740.588833317208
357.2125354225704	22647.041480046184	32632.048810972974	0.9394169396740739	29660.98249095597
358.4112352058676	22571.973802515622	32574.90897607578	0.9391372999900353	29581.37614859473
359.60993498916486	22496.90612498506	32517.58957235333	0.9388576603059965	29501.769806233486
360.8086347724621	22421.8384474545	32460.08975199841	0.9385780206219578	29422.163463872246
362.00733455575926	22346.77076992394	32402.40866185834	0.9382983809379191	29342.55712151101
363.2060343390565	22271.703092393378	32344.545443392755	0.9380187412538804	29262.950779149767
364.4047341223537	22196.635414862816	32286.49923263103	0.9377340975302754	29183.344436788528
365.60343390565095	22121.567737332254	32228.269160129294	0.9374486978024751	29103.738094427285
366.8021336889481	22046.500059801696	32169.854350926977	0.9371632980746748	29024.13175206605
368.00083347224535	21971.43238227113	32111.253924503024	0.9368778983468745	28944.52540970481
369.1995332555426	21896.36470474057	32052.46699473164	0.9365924986190742	28864.919067343566
370.3982330388398	21821.297027210006	31993.492669837608	0.936307098891274	28785.312724982326
371.59693282213703	21746.22934967944	31934.330052351223	0.9360171378370227	28705.706382621087
372.7956326054342	21671.161672148883	31874.978239062755	0.9357260797747216	28626.10004025985
373.99433238873144	21596.09399461832	31815.436320976474	0.9354350217124204	28546.493697898608
375.19303217202867	21521.02631708776	31755.703383264256	0.9351439636501193	28466.887355537365
376.3917319553259	21445.958639557197	31695.778505218743	0.9348529055878183	28387.28101317613
377.59043173862307	21370.89096202664	31635.660760206	0.9345618475255172	28307.67467081489
378.7891315219203	21295.823284496077	31575.349215617785	0.9342666571029635	28228.06832845365
379.9878313052175	21220.755606965515	31514.842932823307	0.9339700410598976	28148.461986092407
381.18653108851476	21145.687929434953	31454.14096712055	0.9336734250168317	28068.855643731164
382.3852308718119	21070.620251904395	31393.242367687086	0.9333768089737657	27989.24930136993
383.58393065510916	20995.552574373833	31332.146177530434	0.9330801929306999	27909.64295900869
384.7826304384064	20920.48489684327	31270.85143343793	0.932783576887634	27830.03661664745
385.9813302217036	20845.41721931271	31209.357165926125	0.9324832442252771	27750.430274286206
387.18003000500084	20770.349541782143	31147.662399189645	0.9321811695918157	27670.823931924966
388.378729788298	20695.281864251585	31085.766151049607	0.9318790949583544	27591.21758956373
389.57742957159525	20620.214186721023	31023.667432901464	0.9315770203248931	27511.611247202487
390.7761293548925	20545.14650919046	30961.36524966239	0.9312749456914318	27432.004904841247
391.9748291381897	20470.0788316599	30898.85859971812	0.9309728710579704	27352.398562480004
393.1735289214869	20395.011154129337	30836.1464748693	0.9306674827039555	27272.79222011877
394.3722287047841	20319.943476598775	30773.22786027722	0.9303600482338628	27193.18587775753
395.57092848808134	20244.875799068213	30710.101734409145	0.9300526137637699	27113.579535396286
396.76962827137856	20169.80812153765	30646.767068982987	0.9297451792936772	27033.973193035046
397.96832805467574	20094.740444007093	30583.222828911472	0.9294377448235843	26954.366850673807
399.16702783797297	20019.67276647653	30519.467972245762	0.9291303103534916	26874.76050831257
400.3657276212702	19944.60508894597	30455.501450118507	0.9288199524894519	26795.154165951328
401.5644274045674	19869.537411415407	30391.32220668631	0.9285072565707366	26715.547823590085
402.76312718786465	19794.469733884845	30326.929179071645	0.9281945606520213	26635.94148122885
403.9618269711618	19719.402056354284	30262.321297304185	0.927881864733306	26556.33513886761
405.16052675445906	19644.33437882372	30197.49748426152	0.9275691688145906	26476.72879650637
406.3592265377563	19569.26670129316	30132.456655609323	0.9272564728958753	26397.122454145127
407.5579263210535	19494.199023762598	30067.197719740878	0.9269412315163009	26317.516111783883
408.7566261043507	19419.13134623204	30001.719577715998	0.9266233723941283	26237.90976942265
409.9553258876479	19344.063668701478	29936.021123199353	0.9263055132719556	26158.303427061408
411.15402567094515	19268.995991170916	29870.101242398163	0.925987654149783	26078.69708470017
412.3527254542424	19193.928313640354	29803.95881399923	0.9256697950276104	25999.090742338925
413.55142523753955	19118.860636109795	29737.592709105407	0.9253519359054377	25919.48439997769
414.7501250208368	19043.792958579234	29671.001791171304	0.925031896967011	25839.87805761645
415.948824804134	18968.725281048668	29604.184915938473	0.9247089729254033	25760.271715255207
417.14752458743123	18893.657603518106	29537.14093136983	0.9243860488837957	25680.665372893967
418.34622437072846	18818.589925987544	29469.868677583458	0.9240631248421881	25601.059030532724
419.54492415402564	18743.522248456982	29402.366986785702	0.9237402008005805	25521.452688171485
420.74362393732287	18668.45457092642	29334.634683203614	0.9234172767589728	25441.84634581025
421.9423237206201	18593.38689339586	29266.670583016687	0.9230925263036962	25362.240003449006
423.1410235039173	18518.319215865296	29198.47349428785	0.922764635811728	25282.633661087766
424.3397232872145	18443.25153833474	29130.042216893853	0.9224367453197596	25203.027318726527
425.5384230705117	18368.183860804176	29061.37554245477	0.9221088548277913	25123.420976365287
426.73712285380896	18293.116183273614	28992.472254262982	0.921780964335823	25043.814634004048
427.9358226371062	18218.048505743052	28923.331127211237	0.9214530738438547	24964.208291642804
429.13452242040336	18142.980828212494	28853.950927720074	0.9211236980992712	24884.60194928157
430.3332222037006	18067.913150681932	28784.330413664436	0.9207909399266114	24804.99560692033
431.5319219869978	17992.84547315137	28714.46833429956	0.9204581817539516	24725.389264559086
432.73062177029504	17917.77779562081	28644.363430186084	0.9201254235812918	24645.782922197846
433.9293215535923	17842.710118090246	28574.01443311434	0.9197926654086319	24566.176579836607
435.12802133688945	17767.642440559684	28503.420066027888	0.9194599072359722	24486.57023747537
436.3267211201867	17692.574763029123	28432.579042946276	0.9191259926953377	24406.963895114124
437.5254209034839	17617.50708549856	28361.49006888688	0.9187884660012914	24327.357552752885
438.72412068678113	17542.439407968	28290.151839786056	0.9184509393072451	24247.75121039165
439.9228204700783	17467.37173043744	28218.563042419388	0.9181134126131988	24168.14486803041
441.12152025337554	17392.30405290688	28146.722354321053	0.9177758859191524	24088.53852566917
442.32022003667277	17317.236375376317	28074.628443702477	0.9174383592251061	24008.932183307927
443.51891981997	17242.16869784575	28002.279969369964	0.9170999927099991	23929.325840946683
444.71761960326717	17167.101020315193	27929.67558064157	0.9167577971096044	23849.71949858545
445.9163193865644	17092.03334278463	27856.813917263025	0.9164156015092095	23770.113156224208
447.1150191698616	17016.96566525407	27783.693609322774	0.9160734059088148	23690.50681386297
448.31371895315885	16941.897987723507	27710.313277166162	0.9157312103084201	23610.900471501725
449.5124187364561	16866.830310192945	27636.67153130861	0.9153890147080254	23531.294129140482
450.71111851975326	16791.762632662387	27562.76697234796	0.9150462834155556	23451.687786779246
451.9098183030505	16716.694955131825	27488.598190875786	0.9146995190258044	23372.081444418007
453.1085180863477	16641.62727760126	27414.16376738783	0.9143527546360533	23292.475102056767
454.30721786964494	16566.559600070697	27339.46227219345	0.914005990246302	23212.868759695524
455.5059176529421	16491.491922540143	27264.492265324057	0.9136592258565509	23133.262417334285
456.70461743623935	16416.42424500958	27189.252296440587	0.9133124614667997	23053.65607497305
457.9033172195366	16341.356567479013	27113.74090473999	0.9129654530033101	22974.049732611806
459.1020170028338	16266.288889948455	27037.956618860706	0.9126142204721416	22894.443390250566
460.30071678613103	16191.22121241789	26961.89795678705	0.912262987940973	22814.837047889323
461.4994165694282	16116.153534887331	26885.56342575266	0.9119117554098045	22735.230705528087
462.69811635272544	16041.08585735677	26808.951522142783	0.9115605228786361	22655.624363166844
463.89681613602266	15966.018179826207	26732.06073139559	0.9112092903474676	22576.018020805604
465.0955159193199	15890.950502295645	26654.889527902345	0.910858057816299	22496.41167844437
466.29421570261707	15815.882824765087	26577.436374906505	0.91050249327075	22416.80533608313
467.4929154859143	15740.815147234523	26499.699724401733	0.9101468937911159	22337.198993721886
468.6916152692115	15665.747469703962	26421.678017028724	0.9097912943114818	22257.592651360646
469.89031505250875	15590.6797921734	26343.369681971006	0.9094356948318476	22177.986308999407
471.0890148358059	15515.61211464284	26264.77313684942	0.9090800953522136	22098.37996663817
472.28771461910316	15440.54443711228	26185.886787615644	0.9087244958725794	22018.773624276928
473.4864144024004	15365.476759581716	26106.70902844434	0.9083649324125038	21939.16728191569
474.6851141856976	15290.409082051154	26027.23824162425	0.9080050677235076	21859.56093955445
475.88381396899484	15215.34140452059	25947.472797447976	0.9076452030345116	21779.954597193202
477.082513752292	15140.273726990034	25867.411054100623	0.9072853383455154	21700.34825483197
478.28121353558925	15065.20604945947	25787.051357547094	0.9069254736565192	21620.741912470727
479.4799133188865	14990.138371928908	25706.39204141824	0.906565608967523	21541.135570109487
480.67861310218365	14915.070694398344	25625.431426895655	0.9062021360538797	21461.529227748244
481.8773128854809	14840.003016867786	25544.167822595187	0.9058381084307388	21381.922885387004
483.07601266877816	14764.935339337222	25462.599524449157	0.9054740808075977	21302.31654302577
484.2747124520754	14689.867661806662	25380.72481558727	0.9051100531844568	21222.710200664525
485.4734122353725	14614.799984276098	25298.54196621611	0.9047460255613158	21143.103858303286
486.67211201866974	14539.732306745542	25216.049233497382	0.9043819979381749	21063.497515942046
487.870811801967	14464.664629214978	25133.24486142463	0.9040147054514854	20983.891173580807
489.06951158526414	14389.596951684416	25050.127080698723	0.903646617685847	20904.284831219567
490.26821136856137	14314.529274153854	24966.69410860175	0.9032785299202084	20824.678488858324
491.46691115185865	14239.46159662329	24882.944148869647	0.90291044215457	20745.072146497085
492.6656109351559	14164.39391909273	24798.875391563226	0.9025423543889314	20665.46580413585
493.864310718453	14089.326241562168	24714.48601293781	0.9021742666232929	20585.859461774602
495.0630105017502	14014.258564031608	24629.774175311373	0.9018032448427362	20506.253119413366
496.2617102850475	13939.190886501045	24544.738026931092	0.9014312002146952	20426.646777052123
497.46041006834463	13864.123208970488	24459.375701838508	0.9010591555866543	20347.04043469089
498.65910985164186	13789.055531439924	24373.68531973292	0.9006871109586133	20267.434092329644
499.85780963493914	13713.987853909362	24287.664985833435	0.9003150663305723	20187.827749968405
501.0565094182364	13638.920176378799	24201.312790739245	0.8999430217025313	20108.221407607165
502.2552092015335	13563.852498848242	24114.62681028838	0.8995683612801436	20028.61506524593
503.4539089848307	13488.784821317679	24027.605105414747	0.8991924635231505	19949.008722884686
504.652608768128	13413.717143787115	23940.245722003587	0.8988165657661575	19869.402380523446
505.85130855142523	13338.649466256551	23852.54669074518	0.8984406680091646	19789.7960381622
507.05000833472246	13263.581788725991	23764.506026986895	0.8980647702521716	19710.189695800964
508.24870811801964	13188.51411119543	23676.121730583418	0.8976888724951786	19630.583353439724
509.44740790131686	13113.44643366487	23587.391785745345	0.8973106644258158	19550.97701107849
510.6461076846141	13038.378756134309	23498.314160885897	0.8969310176855223	19471.370668717245
511.8448074679113	12963.311078603745	23408.886808465868	0.896551370945229	19391.764326356002
513.0435072512086	12888.243401073183	23319.107664836767	0.8961717242049355	19312.157983994766
514.2422070345058	12813.175723542621	23228.974650082037	0.8957920774646422	19232.55164163352
515.4409068178029	12738.108046012067	23138.48566785647	0.8954124307243487	19152.94529927229
516.6396066011001	12663.040368481503	23047.638605223634	0.8950307663120013	19073.338956911048
517.8383063843974	12587.97269095094	22956.43133249148	0.8946474750999757	18993.732614549805
519.0370061676946	12512.905013420377	22864.86170304585	0.89426418388795	18914.12627218857
520.2357059509918	12437.837335889817	22772.927553182133	0.8938808926759244	18834.519929827326
521.434405734289	12362.769658359253	22680.626701934776	0.8934976014638988	18754.913587466086
522.6331055175863	12287.701980828691	22587.956950904878	0.8931143102518732	18675.307245104843
523.8318053008835	12212.63430329813	22494.91608408561	0.8927292810728624	18595.7009027436
525.0305050841807	12137.566625767568	22401.501867685583	0.8923424502160001	18516.094560382364
526.2292048674778	12062.498948237013	22307.712049950096	0.8919556193591377	18436.488218021128
527.4279046507751	11987.431270706451	22213.544360980173	0.8915687885022754	18356.88187565989
528.6266044340723	11912.363593175885	22118.996512549464	0.891181957645413	18277.275533298645
529.8253042173695	11837.295915645323	22024.066197918903	0.8907951267885506	18197.669190937406
531.0240040006668	11762.228238114763	21928.751091649086	0.8904068246520829	18118.062848576166
532.222703783964	11687.1605605842	21833.048849410392	0.8900165592384485	18038.456506214923
533.4214035672612	11612.092883053638	21736.957107790808	0.889626293824814	17958.850163853684
534.6201033505585	11537.025205523074	21640.473484101323	0.8892360284111795	17879.243821492444
535.8188031338556	11461.95752799252	21543.595576179054	0.888845762997545	17799.637479131205
537.0175029171528	11386.889850461957	21446.3209621878	0.8884554975839106	17720.03113676997
538.21620270045	11311.822172931397	21348.647200416315	0.8880640144904206	17640.42479440873
539.4149024837473	11236.754495400834	21250.571829073942	0.8876704198121766	17560.818452047486
540.6136022670445	11161.68681787027	21152.092366083827	0.8872768251339326	17481.212109686247
541.8123020503417	11086.619140339706	21053.206308873498	0.8868832304556886	17401.605767325007
543.0110018336389	11011.551462809146	20953.911134162907	0.8864896357774447	17321.999424963764
544.2097016169362	10936.483785278584	20854.204297749762	0.8860960410992007	17242.393082602524
545.4084014002334	10861.41610774802	20754.08323429226	0.8857014691968709	17162.78674024128
546.6071011835305	10786.348430217466	20653.54535708907	0.8853046506908798	17083.18039788005
547.8058009668277	10711.280752686904	20552.588057856537	0.8849078321848888	17003.57405551881
549.004500750125	10636.213075156342	20451.20870650316	0.8845110136788977	16923.967713157566
550.2032005334222	10561.14539762578	20349.404650901164	0.8841141951729067	16844.361370796327
551.4019003167194	10486.077720095216	20247.173216655232	0.8837173766669155	16764.755028435084
552.6006001000167	10411.010042564652	20144.51170686834	0.883319808206724	16685.148686073844
553.7992998833139	10335.942365034092	20041.417401904564	0.8829198713933468	16605.542343712605
554.9979996666111	10260.874687503529	19937.88755914893	0.8825199345799698	16525.93600135136
556.1966994499084	10185.807009972968	19833.91941276423	0.8821199977665927	16446.329658990122
557.3953992332055	10110.739332442414	19729.510173444694	0.8817200609532156	16366.723316628888
558.5940990165027	10035.671654911848	19624.657028166523	0.8813201241398386	16287.116974267647
559.7927987997999	9960.603977381286	19519.357139935302	0.8809196514294511	16207.510631906405
560.9914985830972	9885.536299850724	19413.607647530105	0.8805167018500126	16127.904289545168
562.1901983663944	9810.468622320162	19307.40566524433	0.8801137522705742	16048.297947183926
563.3888981496916	9735.4009447896	19200.748282623208	0.8797108026911358	15968.691604822685
564.5875979329888	9660.333267259037	19093.632564197942	0.8793078531116973	15889.085262461442
565.7862977162861	9585.265589728475	18986.05554921641	0.8789049035322589	15809.4789201002
566.9849974995832	9510.19791219792	18878.014251370336	0.878501618889054	15729.87257773897
568.1836972828804	9435.130234667358	18769.505658518952	0.8780957620423936	15650.266235377729
569.3823970661776	9360.062557136796	18660.526732409136	0.8776899051957332	15570.659893016487
570.5810968494749	9284.994879606234	18551.074408391745	0.8772840483490727	15491.053550655244
571.7797966327721	9209.927202075669	18441.145595134407	0.8768781915024123	15411.447208294003
572.9784964160693	9134.85952454511	18330.73717433044	0.8764723346557519	15331.840865932765
574.1771961993666	9059.791847014549	18219.846000404	0.8760663303592373	15252.234523571524
575.3758959826638	8984.724169483983	18108.468900211337	0.8756576716377237	15172.628181210282
576.574595765961	8909.65649195342	17996.602672738187	0.8752490129162102	15093.021838849043
577.7732955492581	8834.588814422865	17884.244088793024	0.8748403541946966	15013.415496487809
578.9719953325554	8759.521136892303	17771.389890696362	0.8744316954731831	14933.809154126568
580.1706951158526	8684.45345936174	17658.036791965926	0.8740230367516696	14854.202811765326
581.3693948991498	8609.385781831179	17544.181476997626	0.873614378030156	14774.596469404089
582.568094682447	8534.318104300617	17429.82060074224	0.8732030496208742	14694.990127042842
583.7667944657443	8459.250426770055	17314.950788377868	0.872791694246221	14615.383784681604
584.9654942490415	8384.182749239493	17199.5686349779	0.8723803388715679	14535.777442320363
586.1641940323387	8309.115071708931	17083.670705174613	0.8719689834969147	14456.171099959121
587.362893815636	8234.04739417837	16967.25353281823	0.8715576281222613	14376.564757597884
588.5615935989331	8158.979716647814	16850.313620631357	0.8711462727476083	14296.958415236648
589.7602933822303	8083.912039117248	16732.847439858735	0.8707325139255028	14217.352072875407
590.9589931655275	8008.844361586689	16614.851429912374	0.8703185668847776	14137.745730514165
592.1576929488248	7933.7766840561235	16496.321998011703	0.8699046198440523	14058.139388152924
593.356392732122	7858.709006525562	16377.255518818987	0.8694906728033271	13978.533045791686
594.5550925154192	7783.641328995003	16257.648334069658	0.8690767257626019	13898.926703430445
595.7537922987165	7708.573651464438	16137.49675219763	0.8686627787218767	13819.320361069202
596.9524920820137	7633.505973933875	16016.797047955577	0.8682466813566565	13739.71401870796
598.1511918653108	7558.43829640332	15895.545462029868	0.8678302476742445	13660.10767634673
599.349891648608	7483.370618872758	15773.738200650238	0.8674138139918326	13580.501333985489
600.5485914319053	7408.302941342196	15651.371435194193	0.8669973803094206	13500.894991624247
601.7472912152025	7333.2352638116345	15528.441301785811	0.8665809466270087	13421.288649263008
602.9459909984997	7258.167586281072	15404.943900889062	0.8661645129445967	13341.682306901763
604.144690781797	7264.171439665492	15388.723907215353	0.8657461704904456	13326.352114587251
605.3433905650942	7274.000424259533	15377.624678051947	0.865327357165612	13314.054610872585
606.5420903483914	7283.829408853576	15366.571338632546	0.8649085438407786	13301.757107157919
607.7407901316886	7293.658393447618	15355.56360494767	0.8644897305159452	13289.459603443252
608.9394899149858	7303.487378041659	15344.601195326635	0.8640709171911118	13277.162099728586
610.138189698283	7313.316362635702	15333.683830413545	0.8636521038662783	13264.86459601392
611.3368894815802	7323.145347229743	15322.81123314354	0.8632316121685988	13252.567092299256
612.5355892648774	7332.974331823785	15311.98312871938	0.862810529240221	13240.269588584588
613.7342890481747	7342.803316417828	15301.199244588275	0.862389446311843	13227.972084869922
614.9329888314719	7352.6323010118695	15290.459310419033	0.8619683633834652	13215.674581155256
616.1316886147691	7362.461285605912	15279.763058079463	0.8615472804550873	13203.37707744059
617.3303883980664	7372.290270199954	15269.110221614048	0.8611261975267095	13191.079573725921
618.5290881813636	7382.119254793996	15258.500537221928	0.8607036543398386	13178.782070011257
619.7277879646607	7391.948239388038	15247.933743235106	0.86028041405965	13166.48456629659
620.9264877479579	7401.777223982079	15237.409580096935	0.8598571737794611	13154.187062581927
622.1251875312552	7411.606208576121	15226.927790340882	0.8594339334992723	13141.889558867259
623.3238873145524	7421.435193170163	15216.48811856951	0.8590106932190835	13129.592055152592
624.5225870978496	7431.264177764206	15206.090311433753	0.8585874529388947	13117.294551437926
625.7212868811469	7441.093162358248	15195.734117612412	0.8581629569206362	13104.99704772326
626.9199866644441	7450.92214695229	15185.419287791901	0.8577376722983644	13092.699544008592
628.1186864477413	7460.7511315463325	15175.14557464626	0.8573123876760926	13080.402040293928
629.3173862310385	7470.580116140373	15164.912732817362	0.8568871030538209	13068.104536579262
630.5160860143357	7480.409100734415	15154.720518895403	0.8564618184315491	13055.807032864595
631.7147857976329	7490.238085328458	15144.568691399581	0.8560365338092774	13043.50952914993
632.9134855809301	7500.067069922499	15134.457010759037	0.8556101836713093	13031.212025435263
634.1121853642273	7509.896054516542	15124.385239294017	0.8551829674563926	13018.914521720597
635.3108851475246	7519.7250391105845	15114.353141197227	0.8547557512414757	13006.617018005929
636.5095849308218	7529.554023704626	15104.360482515449	0.854328535026559	12994.319514291263
637.708284714119	7539.383008298669	15094.407031131346	0.8539013188116423	12982.022010576598
638.9069844974163	7549.2119928927095	15084.49255674549	0.8534741025967255	12969.724506861932
640.1056842807134	7559.040977486751	15074.6168308586	0.8530459966904009	12957.427003147266
641.3043840640106	7568.869962080793	15064.779626753983	0.8526169610674125	12945.1294994326
642.5030838473078	7578.6989466748355	15054.980719480205	0.852187925444424	12932.831995717934
643.7017836306051	7588.527931268878	15045.219885833914	0.8517588898214355	12920.534492003266
644.9004834139023	7598.35691586292	15035.496904342908	0.8513298541984471	12908.2369882886
646.0991831971995	7608.185900456962	15025.811555249391	0.8509008185754586	12895.939484573933
647.2978829804968	7618.014885051004	15016.163620493398	0.8504710546908684	12883.64198085927
648.496582763794	7627.843869645046	15006.552883696451	0.8500403110390683	12871.344477144601
649.6952825470912	7637.672854239088	14996.979130145364	0.8496095673872683	12859.046973429935
650.8939823303883	7647.501838833129	14987.442146776262	0.8491788237354683	12846.74946971527
652.0926821136856	7657.330823427172	14977.941722158777	0.8487480800836683	12834.451966000604
653.2913818969828	7667.159808021214	14968.477646480414	0.8483173364318682	12822.154462285936
654.49008168028	7676.988792615256	14959.049711531117	0.8478860116644023	12809.85695857127
655.6887814635772	7686.817777209299	14949.657710687992	0.8474536704458866	12797.559454856604
656.8874812468745	7696.64676180334	14940.30143890022	0.8470213292273708	12785.261951141938
658.0861810301717	7706.475746397382	14930.980692674124	0.8465889880088552	12772.964447427272
659.2848808134689	7716.304730991425	14921.695270058422	0.8461566467903394	12760.666943712606
660.4835805967662	7726.133715585466	14912.444970629636	0.8457243055718237	12748.36943999794
661.6822803800633	7735.962700179508	14903.229595477686	0.8452915162666922	12736.071936283273
662.8809801633605	7745.79168477355	14894.048947191612	0.8448576870086987	12723.774432568607
664.0796799466577	7755.620669367592	14884.902829845494	0.8444238577507053	12711.476928853941
665.278379729955	7765.449653961634	14875.791048984504	0.8439900284927118	12699.179425139275
666.4770795132522	7775.278638555676	14866.713411611132	0.8435561992347184	12686.881921424609
667.6757792965494	7785.107623149718	14857.669726171554	0.8431223699767249	12674.584417709942
668.8744790798467	7794.93660774376	14848.659802542157	0.8426882117119778	12662.286913995276
670.0731788631439	7804.765592337802	14839.683452016232	0.8422530029736022	12649.989410280608
671.271878646441	7814.594576931844	14830.740487290772	0.8418177942352266	12637.691906565944
672.4705784297382	7824.423561525886	14821.830722453458	0.841382585496851	12625.394402851278
673.6692782130355	7834.252546119928	14812.953972969792	0.8409473767584753	12613.096899136612
674.8679779963327	7844.08153071397	14804.110055670322	0.8405121680200996	12600.799395421944
676.0666777796299	7853.910515308012	14795.29878873808	0.840076735572157	12588.50189170728
677.2653775629271	7863.739499902054	14786.519991696088	0.8396402548569172	12576.204387992613
678.4640773462244	7873.568484496096	14777.773485395062	0.83920377414167735	12563.906884277947
679.6627771295216	7883.397469090139	14769.059092001216	0.8387672934264376	12551.609380563279
680.8614769128188	7893.22645368418	14760.376634984204	0.8383308127111978	12539.311876848613
682.060176696116	7903.055438278222	14751.725939105208	0.8378943319959581	12527.014373133949
683.2588764794132	7912.884422872264	14743.106830405146	0.8374577192750581	12514.71686941928
684.4575762627104	7922.713407466306	14734.51913619301	0.8370200729521271	12502.419365704614
685.6562760460076	7932.542392060348	14725.962685034328	0.836582426629196	12490.12186198995
686.8549758293049	7942.37137665439	14717.43730673977	0.8361447803062649	12477.824358275284
688.0536756126021	7952.200361248432	14708.942832353847	0.835707133983334	12465.526854560616
689.2523753958993	7962.029345842474	14700.47909414376	0.8352694876604029	12453.22935084595
690.4510751791966	7971.858330436517	14692.045925588365	0.8348317876520687	12440.931847131284
691.6497749624938	7981.687315030559	14683.643161367232	0.8343930808874278	12428.634343416617
692.8484747457909	7991.5162996246	14675.270637349862	0.833954374122787	12416.336839701951
694.0471745290881	8001.3452842186425	14666.928190584995	0.8335156673581461	12404.039335987285
695.2458743123854	8011.174268812684	14658.615659290028	0.8330769605935052	12391.74183227262
696.4445740956826	8021.003253406727	14650.332882840568	0.8326382538288644	12379.444328557953
697.6432738789798	8030.832238000768	14642.079701760093	0.8321995470642235	12367.146824843287
698.841973662277	8040.66122259481	14633.855957709695	0.8317598952488269	12354.84932112862
700.0406734455743	8050.490207188853	14625.661493477968	0.8313202319555808	12342.551817413954
701.2393732288715	8060.319191782895	14617.49615297099	0.8308805686623346	12330.254313699288
702.4380730121686	8070.148176376936	14609.359781202409	0.8304409053690885	12317.956809984622
703.6367727954658	8079.977160970979	14601.252224283635	0.8300012420758424	12305.659306269956
704.8354725787631	8089.80614556502	14593.173329414141	0.8295615787825963	12293.361802555291
706.0341723620603	8099.635130159061	14585.122944871859	0.8291211252969065	12281.064298840623
707.2328721453575	8109.464114753104	14577.100920003697	0.8286806080882225	12268.766795125957
708.4315719286548	8119.293099347146	14569.10710521612	0.8282400908795385	12256.469291411291
709.630271711952	8129.122083941189	14561.141351965862	0.8277995736708545	12244.171787696625
710.8289714952492	8138.951068535232	14553.203512750726	0.8273590564621707	12231.874283981959
712.0276712785464	8148.780053129272	14545.293441100474	0.8269185392534867	12219.576780267293
713.2263710618436	8158.609037723314	14537.410991567836	0.8264773726984485	12207.279276552626
714.4250708451408	8168.438022317357	14529.556019719563	0.8260361028430444	12194.98177283796
715.623770628438	8178.267006911397	14521.728382127621	0.8255948329876404	12182.684269123294
716.8224704117353	8188.09599150544	14513.927936360486	0.8251535631322362	12170.386765408628
718.0211701950325	8197.924976099483	14506.15454097446	0.8247122932768322	12158.089261693962
719.2198699783297	8207.753960693524	14498.408055505151	0.8242710234214281	12145.791757979294
720.4185697616269	8217.582945287568	14490.68834045901	0.8238292312725634	12133.49425426463
721.6172695449242	8227.411929881608	14482.99525730494	0.8233873086527621	12121.196750549963
722.8159693282214	8237.240914475651	14475.328668466036	0.8229453860329609	12108.899246835297
724.0146691115185	8247.069899069693	14467.68843731137	0.8225034634131596	12096.601743120631
725.2133688948157	8256.898883663735	14460.074428147855	0.8220615407933584	12084.304239405965
726.412068678113	8266.727868257776	14452.486506212259	0.8216196181735571	12072.006735691299
727.6107684614102	8276.556852851818	14444.924537663204	0.8211772867514255	12059.70923197663
728.8094682447074	8286.385837445861	14437.38838957333	0.8207348098237839	12047.411728261965
730.0081680280047	8296.214822039903	14429.877929921493	0.8202923328961422	12035.1142245473
731.2068678113019	8306.043806633945	14422.39302758505	0.8198498559685006	12022.816720832634
732.4055675945991	8315.872791227986	14414.933552332252	0.8194073790408589	12010.519217117966
733.6042673778962	8325.701775822028	14407.499374814659	0.8189649021132173	11998.221713403302
734.8029671611935	8335.53076041607	14400.090366559689	0.8185221165556442	11985.924209688636
736.0016669444907	8345.359745010113	14392.706399963197	0.8180791823141547	11973.62670597397
737.2003667277879	8355.188729604155	14385.347348282172	0.8176362480726651	11961.329202259301
738.3990665110852	8365.017714198197	14378.013085627463	0.8171933138311757	11949.031698544635
739.5977662943824	8374.846698792238	14370.703486956612	0.8167503795896861	11936.73419482997
740.7964660776796	8384.67568338628	14363.418428066752	0.8163074453481965	11924.436691115303
741.9951658609768	8394.504667980324	14356.15778558756	0.8158642895842623	11912.139187400637
743.1938656442741	8404.333652574365	14348.921436974302	0.815420993526119	11899.84168368597
744.3925654275712	8414.162637168407	14341.709260500933	0.8149776974679755	11887.544179971306
745.5912652108684	8423.991621762449	14334.521135253268	0.8145344014098321	11875.246676256638
746.7899649941656	8433.82060635649	14327.356941122252	0.8140911053516888	11862.949172541972
747.9886647774629	8443.649590950532	14320.216558797221	0.8136478092935454	11850.651668827306
749.1873645607601	8453.478575544574	14313.099869759333	0.8132043660193259	11838.354165112642
750.3860643440573	8463.307560138617	14306.006756274963	0.8127608021132358	11826.056661397974
751.5847641273546	8473.136544732659	14298.937101389243	0.8123172382071455	11813.759157683307
752.7834639106518	8482.965529326702	14291.89078891962	0.8118736743010554	11801.461653968641
753.982163693949	8492.794513920742	14284.867703449489	0.8114301103949652	11789.164150253973
755.1808634772461	8502.623498514784	14277.867730321908	0.810986546488875	11776.866646539309
756.3795632605434	8512.452483108827	14270.890755633332	0.8105428971449202	11764.569142824643
757.5782630438406	8522.281467702867	14263.936666227464	0.810099157801938	11752.271639109977
758.7769628271378	8532.11045229691	14257.005349689114	0.8096554184589556	11739.97413539531
759.975662610435	8541.939436890952	14250.096694338154	0.8092116791159732	11727.676631680644
761.1743623937323	8551.768421484996	14243.210589223512	0.808767939772991	11715.379127965978
762.3730621770295	8561.597406079038	14236.34692411724	0.8083242004300086	11703.081624251312
763.5717619603267	8571.42639067308	14229.50558950863	0.8078804251805404	11690.784120536644
764.7704617436239	8581.255375267121	14222.686476598392	0.8074366012273944	11678.48661682198
765.9691615269211	8591.084359861163	14215.889477292872	0.8069927772742483	11666.189113107313
767.1678613102183	8600.913344455204	14209.11448419836	0.8065489533211022	11653.891609392645
768.3665610935155	8610.742329049246	14202.361390615433	0.8061051293679562	11641.594105677981
769.5652608768128	8620.57131364329	14195.630090533332	0.8056613054148102	11629.296601963315
770.76396066011	8630.400298237331	14188.920478624432	0.8052174831286185	11616.999098248649
771.9626604434072	8640.229282831375	14182.232450238756	0.8047736637834936	11604.70159453398
773.1613602267045	8650.058267425415	14175.565901398506	0.8043298444383687	11592.404090819315
774.3600600100017	8659.887252019456	14168.920728792711	0.8038860250932439	11580.106587104648
775.5587597932988	8669.7162366135	14162.29682977186	0.8034422057481191	11567.809083389984
776.757459576596	8679.54522120754	14155.69410234262	0.8029983864029943	11555.511579675316
777.9561593598933	8689.374205801583	14149.112445162626	0.8025545946360092	11543.214075960652
779.1548591431905	8699.203190395625	14142.551757535268	0.8021108674867446	11530.916572245986
780.3535589264877	8709.032174989668	14136.011939404569	0.8016671403374802	11518.619068531318
781.552258709785	8718.86115958371	14129.492891350093	0.8012234131882157	11506.321564816652
782.7509584930822	8728.690144177752	14122.994514581913	0.8007796860389511	11494.024061101985
783.9496582763794	8738.519128771793	14116.51671093562	0.8003359588896866	11481.72655738732
785.1483580596766	8748.348113365835	14110.059382867368	0.7998922738691977	11469.429053672651
786.3470578429738	8758.177097959877	14103.622433448998	0.7994487248538539	11457.131549957987
787.545757626271	8768.006082553919	14097.205766363171	0.7990051758385099	11444.834046243323
788.7444574095682	8777.835067147962	14090.809285898571	0.798561626823166	11432.536542528656
789.9431571928654	8787.664051742004	14084.432896945145	0.7981180778078221	11420.239038813988
791.1418569761627	8797.493036336045	14078.07650498939	0.7976745287924781	11407.941535099322
792.3405567594599	8807.322020930087	14071.740016109687	0.7972310254029727	11395.644031384656
793.5392565427571	8817.151005524129	14065.423336971664	0.7967877387927174	11383.34652766999
794.7379563260544	8826.979990118172	14059.126374823623	0.7963444521824621	11371.049023955322
795.9366561093515	8836.808974712212	14052.849037491997	0.7959011655722067	11358.751520240658
797.1353558926487	8846.637959306256	14046.591233376854	0.7954578789619513	11346.454016525993
798.3340556759459	8856.466943900297	14040.352871447436	0.795014592351696	11334.156512811325
799.5327554592432	8866.295928494339	14034.13386123775	0.7945713441222847	11321.859009096659
800.7314552425404	8876.12491308838	14027.934112842204	0.7941284025065467	11309.561505381993
801.9301550258376	8885.953897682422	14021.753536911254	0.7936854608908086	11297.264001667327
803.1288548091349	8895.782882276466	14015.592044647121	0.7932425192750706	11284.966497952659
804.3275545924321	8905.611866870508	14009.44954779955	0.7927995776593326	11272.668994237993
805.5262543757293	8915.44085146455	14003.325958661573	0.7923566360435945	11260.371490523328
806.7249541590264	8925.269836058591	13997.221190065364	0.791913715136991	11248.073986808664
807.9236539423237	8935.098820652634	13991.135155378071	0.7914711994108223	11235.776483093996
809.1223537256209	8944.927805246674	13985.06776849774	0.7910286836846537	11223.47897937933
810.3210535089181	8954.756789840718	13979.018943849253	0.7905861679584851	11211.181475664664
811.5197532922153	8964.58577443476	13972.988596380294	0.7901436522323164	11198.883971949996
812.7184530755126	8974.414759028801	13966.97664155737	0.7897011365061478	11186.58646823533
813.9171528588098	8984.243743622845	13960.982995361857	0.7892586207799791	11174.288964520663
815.115852642107	8994.072728216885	13955.007574286094	0.7888166030627546	11161.991460805999
816.3145524254043	9003.901712810928	13949.0502953295	0.7883745924163426	11149.693957091331
817.5132522087014	9013.73069740497	13943.111075994726	0.7879325817699305	11137.396453376667
818.7119519919986	9023.559681999011	13937.189834283841	0.7874905711235185	11125.098949662
819.9106517752958	9033.388666593053	13931.286488694594	0.7870485604771065	11112.801445947334
821.1093515585931	9043.217651187095	13925.400958216625	0.7866065498306944	11100.503942232666
822.3080513418903	9053.046635781138	13919.533162327796	0.7861650771029108	11088.206438518
823.5067511251875	9062.87562037518	13913.683020990502	0.7857236490131789	11075.908934803334
824.7054509084847	9072.704604969222	13907.850454648033	0.7852822209234471	11063.611431088668
825.904150691782	9082.533589563263	13902.035384220979	0.7848407928337152	11051.313927374002
827.1028504750791	9092.362574157305	13896.237731103638	0.7843993647439833	11039.016423659337
828.3015502583763	9102.191558751347	13890.457417160493	0.7839579366542515	11026.718919944671
829.5002500416736	9112.02054334539	13884.694364722685	0.7835170752086683	11014.421416230003
830.6989498249708	9121.849527939432	13878.948496584548	0.7830763054329013	11002.123912515337
831.897649608268	9131.678512533474	13873.219736000146	0.7826355356571343	10989.82640880067
833.0963493915652	9141.507497127515	13867.508006679873	0.7821947658813673	10977.528905086005
834.2950491748625	9151.336481721557	13861.81323278706	0.7817539961056003	10965.231401371339
835.4937489581597	9161.1654663156	13856.135338934613	0.7813132263298332	10952.933897656672
836.6924487414569	9170.994450909642	13850.474250181689	0.7808730410591238	10940.636393942006
837.891148524754	9180.823435503684	13844.829892030402	0.7804330036305513	10928.33889022734
839.0898483080513	9190.652420097726	13839.20219042256	0.779992966201979	10916.041386512674
840.2885480913485	9200.481404691767	13833.59107173641	0.7795529287734065	10903.743882798008
841.4872478746457	9210.310389285809	13827.996462783442	0.7791128913448342	10891.446379083342
842.685947657943	9220.13937387985	13822.418290805203	0.7786728539162617	10879.148875368674
843.8846474412402	9229.968358473894	13816.85648347014	0.7782334083110943	10866.85137165401
845.0833472245374	9239.797343067936	13811.310968870475	0.7777941755363672	10854.553867939343
846.2820470078346	9249.62632766198	13805.78167551911	0.7773549427616401	10842.256364224677
847.4807467911319	9259.45531225602	13800.268532346545	0.776915709986913	10829.958860510009
848.679446574429	9269.28429685006	13794.771468697847	0.7764764772121858	10817.661356795345
849.8781463577262	9279.113281444104	13789.290414329622	0.7760372444374587	10805.363853080678
851.0768461410235	9288.942266038144	13783.825299407023	0.775598600585832	10793.06634936601
852.2755459243207	9298.771250632188	13778.37605450079	0.7751602430443202	10780.768845651344
853.4742457076179	9308.60023522623	13772.942610584301	0.7747218855028084	10768.47134193668
854.6729454909151	9318.429219820273	13767.524899030672	0.7742835279612966	10756.173838222014
855.8716452742124	9328.258204414315	13762.122851609847	0.7738451704197848	10743.876334507346
857.0703450575096	9338.087189008356	13756.736400485752	0.7734068128782731	10731.57883079268
858.2690448408067	9347.916173602398	13751.365478213453	0.7729690314660612	10719.281327078015
859.467744624104	9357.74515819644	13746.010017736324	0.7725316180109091	10706.983823363349
860.6664444074012	9367.574142790481	13740.669952383276	0.7720942045557568	10694.686319648681
861.8651441906984	9377.403127384523	13735.34521586599	0.7716567911006046	10682.388815934015
863.0638439739956	9387.232111978567	13730.035742276154	0.7712193776454523	10670.09131221935
864.2625437572929	9397.061096572608	13724.741466082765	0.7707819641903001	10657.793808504683
865.4612435405901	9406.890081166652	13719.462322129426	0.7703451045029663	10645.496304790016
866.6599433238873	9416.719065760692	13714.19824563166	0.7699087022638315	10633.19880107535
867.8586431071845	9426.548050354733	13708.949172174292	0.7694723000246966	10620.901297360686
869.0573428904817	9436.377034948777	13703.715037708787	0.7690358977855618	10608.603793646018
870.2560426737789	9446.206019542817	13698.495778550658	0.7685994955464269	10596.306289931352
871.4547424570761	9456.03500413686	13693.291331376895	0.768163093307292	10584.008786216686
872.6534422403734	9465.863988730902	13688.101633223383	0.7677272132327254	10571.711282502021
873.8521420236706	9475.692973324944	13682.926621482378	0.7672918876201342	10559.413778787353
875.0508418069678	9485.521957918987	13677.766233899993	0.7668565620075429	10547.116275072687
876.249541590265	9495.350942513029	13672.620408573672	0.7664212363949517	10534.818771358021
877.4482413735623	9505.17992710707	13667.48908394976	0.7659859107823604	10522.521267643355
878.6469411568595	9515.008911701112	13662.37219882101	0.7655505851697693	10510.223763928689
879.8456409401566	9524.837896295154	13657.26969232417	0.7651157412022016	10497.926260214022
881.0443407234538	9534.666880889195	13652.181503937558	0.7646815559134497	10485.628756499356
882.2430405067511	9544.495865483239	13647.10757347868	0.7642473706246978	10473.33125278469
883.4417402900483	9554.324850077279	13642.047841101852	0.7638131853359459	10461.033749070024
884.6404400733455	9564.153834671322	13637.00224729585	0.7633790000471941	10448.736245355358
885.8391398566428	9573.982819265364	13631.97073288157	0.7629448147584422	10436.438741640692
887.03783963994	9583.811803859406	13626.953239009717	0.7625110620030785	10424.141237926025
888.2365394232372	9593.64078845345	13621.949707158516	0.7620780790287104	10411.84373421136
889.4352392065343	9603.469773047489	13616.960079131428	0.7616450960543423	10399.546230496693
890.6339389898316	9613.298757641533	13611.984297054909	0.7612121130799742	10387.248726782027
891.8326387731288	9623.127742235574	13607.02230337615	0.760779130105606	10374.95122306736
893.031338556426	9632.956726829616	13602.074040860874	0.7603461471312379	10362.653719352695
894.2300383397233	9642.785711423658	13597.139452591136	0.7599135392317113	10350.356215638029
895.4287381230205	9652.6146960177	13592.218481963133	0.7594818186014969	10338.05871192336
896.6274379063177	9662.443680611743	13587.311072685037	0.7590500979712824	10325.761208208696
897.8261376896149	9672.272665205785	13582.417168774868	0.758618377341068	10313.46370449403
899.0248374729122	9682.101649799826	13577.536714558331	0.7581866567108536	10301.166200779364
900.2235372562093	9691.930634393868	13572.669654666748	0.7577549360806392	10288.868697064696
901.4222370395065	9701.759618987911	13567.815934034927	0.757323524743774	10276.571193350032
902.6209368228037	9706.007104711494	13564.58162010682	0.7568931230579939	10268.048793698234
903.819636606101	9705.061174304874	13562.845029982102	0.7564627213722139	10263.039014363721
905.0183363893982	9704.115243898252	13561.108546024388	0.7560323196864339	10258.029235029211
906.2170361726954	9703.169313491633	13559.372168223945	0.7556019180006539	10253.019455694699
907.4157359559927	9702.223383085013	13557.635896571031	0.7551715163148739	10248.009676360189
908.6144357392899	9701.277452678392	13555.899731055919	0.7547413502827846	10242.999897025678
909.8131355225871	9700.331522271772	13554.163671668875	0.7543123196676619	10237.990117691166
911.0118353058842	9699.385591865152	13552.427718400168	0.7538832890525392	10232.980338356656
912.2105350891815	9698.439661458531	13550.69187124007	0.7534542584374165	10227.970559022146
913.4092348724787	9697.49373105191	13548.956130178847	0.7530252278222938	10222.960779687635
914.6079346557759	9696.54780064529	13547.220495206782	0.7525961972071711	10217.951000353125
915.8066344390732	9695.60187023867	13545.48496631414	0.7521673217033921	10212.941221018615
917.0053342223704	9694.65593983205	13543.749543491198	0.7517397108629319	10207.931441684103
918.2040340056676	9693.710009425431	13542.014226728237	0.7513121000224716	10202.921662349592
919.4027337889648	9692.764079018809	13540.279016015531	0.7508844891820114	10197.91188301508
920.6014335722621	9691.818148612188	13538.543911343355	0.7504568783415512	10192.90210368057
921.8001333555592	9690.872218205568	13536.808912701994	0.750029267501091	10187.89232434606
922.9988331388564	9689.92628779895	13535.07402008173	0.749601725015362	10182.882545011547
924.1975329221536	9688.980357392327	13533.339233472845	0.7491755802066484	10177.872765677039
925.3962327054509	9688.034426985707	13531.604552865616	0.7487494353979347	10172.862986342529
926.5949324887481	9687.088496579088	13529.869978250337	0.7483232905892211	10167.853207008016
927.7936322720453	9686.142566172468	13528.135509617288	0.7478971457805075	10162.843427673506
928.9923320553426	9685.196635765846	13526.401146956754	0.7474710009717939	10157.833648338996
930.1910318386398	9684.250705359225	13524.666890259028	0.7470448561630801	10152.823869004484
931.3897316219369	9683.304774952607	13522.932739514403	0.7466201965641229	10147.814089669973
932.5884314052341	9682.358844545986	13521.198694713159	0.7461955611138622	10142.804310335463
933.7871311885314	9681.412914139364	13519.464755845594	0.7457709256636014	10137.794531000953
934.9858309718286	9680.466983732746	13517.730922902005	0.7453462902133405	10132.784751666442
936.1845307551258	9679.521053326125	13515.997195872676	0.7449216547630798	10127.77497233193
937.383230538423	9678.575122919505	13514.26357474791	0.744497019312819	10122.76519299742
938.5819303217203	9677.629192512883	13512.530059518002	0.7440738123833569	10117.75541366291
939.7806301050175	9676.683262106264	13510.796650173252	0.7436507273547196	10112.745634328398
940.9793298883147	9675.737331699644	13509.06334670395	0.7432276423260823	10107.735854993887
942.1780296716119	9674.791401293023	13507.330149100406	0.7428045572974451	10102.726075659377
943.3767294549091	9673.845470886403	13505.59705735292	0.7423814722688078	10097.716296324865
944.5754292382063	9672.899540479782	13503.864071451786	0.7419583872401705	10092.706516990356
945.7741290215035	9671.953610073162	13502.131191387316	0.7415366674802697	10087.696737655846
946.9728288048008	9671.007679666543	13500.398417149814	0.7411151722829281	10082.686958321334
948.171528588098	9670.061749259921	13498.665748729582	0.7406936770855865	10077.677178986823
949.3702283713952	9669.1158188533	13496.93318611693	0.740272181888245	10072.667399652311
950.5689281546925	9668.16988844668	13495.200729302167	0.7398506866909034	10067.657620317801
951.7676279379897	9667.223958040062	13493.468378275604	0.7394291914935619	10062.64784098329
952.9663277212868	9666.27802763344	13491.736133027545	0.7390089922646155	10057.638061648779
954.165027504584	9665.33209722682	13490.00399354831	0.7385891249112037	10052.62828231427
955.3637272878813	9664.3861668202	13488.271959828207	0.7381692575577918	10047.61850297976
956.5624270711785	9663.44023641358	13486.54003185755	0.73774939020438	10042.608723645248
957.7611268544757	9662.494306006958	13484.808209626659	0.7373295228509682	10037.598944310737
958.959826637773	9661.548375600338	13483.076493125845	0.7369096554975564	10032.589164976227
960.1585264210703	9660.60244519372	13481.344882345433	0.7364910087722837	10027.579385641715
961.3572262043673	9659.656514787099	13479.613377275733	0.7360728055319707	10022.569606307205
962.5559259876645	9658.710584380477	13477.88197790707	0.7356546022916578	10017.559826972692
963.7546257709618	9657.764653973858	13476.15068422977	0.7352363990513449	10012.550047638182
964.953325554259	9656.818723567238	13474.419496234148	0.7348181958110319	10007.540268303674
966.1520253375563	9655.872793160617	13472.688413910531	0.734399992570719	10002.530488969162
967.3507251208536	9654.926862753997	13470.957437249243	0.7339829288815103	9997.520709634651
968.5494249041508	9653.980932347376	13469.226566240612	0.733566424243604	9992.51093030014
969.7481246874478	9653.035001940756	13467.495800874964	0.7331499196056976	9987.501150965629
970.946824470745	9652.089071534136	13465.765141142625	0.7327334149677913	9982.491371631118
972.1455242540422	9651.143141127515	13464.034587033932	0.732316910329885	9977.481592296608
973.3442240373395	9650.197210720895	13462.304138539208	0.7319004056919788	9972.471812962096
974.5429238206368	9649.251280314274	13460.573795648788	0.731484954406736	9967.462033627588
975.741623603934	9648.305349907654	13458.843558353004	0.7310701815426331	9962.452254293075
976.9403233872313	9647.359419501034	13457.113426642196	0.7306554086785302	9957.442474958565
978.1390231705283	9646.413489094413	13455.383400506693	0.7302406358144272	9952.432695624055
979.3377229538255	9645.467558687793	13453.653479936833	0.7298258629503243	9947.422916289543
980.5364227371227	9644.521628281174	13451.923664922957	0.7294110900862213	9942.413136955032
981.73512252042	9643.575697874552	13450.193955455401	0.7289972795313866	9937.403357620522
982.9338223037173	9642.629767467932	13448.464351524502	0.728584270347445	9932.39357828601
984.1325220870145	9641.683837061311	13446.734853120612	0.7281712611635034	9927.3837989515
985.3312218703118	9640.737906654693	13445.005460234066	0.7277582519795618	9922.374019616991
986.5299216536088	9639.791976248072	13443.276172855207	0.7273452427956202	9917.364240282479
987.728621436906	9638.84604584145	13441.546990974382	0.7269322336116786	9912.354460947969
988.9273212202032	9637.900115434832	13439.817914581943	0.7265200910969348	9907.344681613456
990.1260210035005	9636.954185028211	13438.088943668225	0.726108876256442	9902.334902278946
991.3247207867978	9636.00825462159	13436.360078223586	0.7256976614159494	9897.325122944436
992.523420570095	9635.062324214969	13434.631318238373	0.7252864465754566	9892.315343609924
993.7221203533923	9634.11639380835	13432.902663702936	0.7248752317349639	9887.305564275413
994.9208201366893	9633.17046340173	13431.17411460763	0.7244640168944712	9882.295784940903
996.1195199199865	9632.22453299511	13429.445670942803	0.72405356872928	9877.286005606393
997.3182197032837	9631.278602588489	13427.717332698816	0.7236441776745929	9872.276226271882
998.516919486581	9630.332672181868	13425.989099866018	0.7232347866199058	9867.266446937372
999.7156192698783	9629.386741775248	13424.26097243477	0.7228253955652187	9862.25666760286
1000.9143190531755	9628.440811368628	13422.532950395427	0.7224160045105317	9857.24688826835
1002.1130188364727	9627.494880962007	13420.805033738354	0.7220066134558446	9852.23710893384
1003.31171861977	9626.548950555387	13419.077222453903	0.7215978849660892	9847.227329599327
1004.510418403067	9625.603020148767	13417.349516532444	0.7211903459409131	9842.217550264817
1005.7091181863642	9624.657089742148	13415.621915964333	0.7207828069157369	9837.207770930307
1006.9078179696614	9623.711159335526	13413.894420739936	0.7203752678905607	9832.197991595796
1008.1065177529588	9622.765228928905	13412.167030849618	0.7199677288653845	9827.188212261286
1009.305217536256	9621.819298522287	13410.439746283748	0.7195601898402084	9822.178432926774
1010.5039173195532	9620.873368115666	13408.712567032688	0.7191532053849243	9817.168653592264
1011.7026171028505	9619.927437709044	13406.98549308681	0.7187475454566997	9812.158874257753
1012.9013168861477	9618.981507302424	13405.25852443648	0.718341885528475	9807.149094923241
1014.1000166694449	9618.035576895805	13403.531661072077	0.7179362256002504	9802.13931558873
1015.2987164527419	9617.089646489185	13401.804902983964	0.7175305656720258	9797.12953625422
1016.4974162360393	9616.143716082563	13400.078250162518	0.7171249057438012	9792.11975691971
1017.6961160193365	9615.197785675944	13398.351702598116	0.716719688731973	9787.1099775852
1018.8948158026337	9614.251855269324	13396.625260281131	0.7163159338143398	9782.100198250688
1020.093515585931	9613.305924862703	13394.898923201938	0.7159121788967067	9777.090418916177
1021.2922153692282	9612.359994456081	13393.172691350914	0.7155084239790735	9772.080639581667
1022.4909151525254	9611.414064049462	13391.446564718446	0.7151046690614403	9767.070860247155
1023.6896149358226	9610.468133642842	13389.720543294907	0.7147009141438072	9762.061080912645
1024.8883147191198	9609.522203236222	13387.994627070679	0.7142974870512134	9757.051301578134
1026.087014502417	9608.576272829601	13386.268816036149	0.7138956619265246	9752.041522243622
1027.2857142857142	9607.63034242298	13384.543110181694	0.7134938368018359	9747.031742909114
1028.4844140690116	9606.68441201636	13382.817509497703	0.713092011677147	9742.021963574602
1029.6831138523087	9605.73848160974	13381.092013974565	0.7126901865524582	9737.012184240091
1030.8818136356058	9604.79255120312	13379.366623602664	0.7122883614277694	9732.002404905581
1032.0805134189031	9603.8466207965	13377.641338372385	0.7118867458138589	9726.992625571069
1033.2792132022003	9602.900690389879	13375.916158274124	0.7114868741557142	9721.982846236559
1034.4779129854976	9601.95475998326	13374.191083298268	0.7110870024975694	9716.973066902048
1035.6766127687947	9601.008829576638	13372.46611343521	0.7106871308394246	9711.963287567538
1036.875312552092	9600.062899170018	13370.741248675344	0.7102872591812798	9706.953508233026
1038.0740123353892	9599.116968763397	13369.016489009062	0.7098873875231351	9701.943728898517
1039.2727121186865	9598.171038356779	13367.291834426764	0.7094876040479159	9696.933949564003
1040.4714119019836	9597.225107950157	13365.56728491884	0.7090897084436929	9691.924170229495
1041.6701116852807	9596.279177543536	13363.842840475692	0.7086918128394699	9686.914390894985
1042.868811468578	9595.333247136918	13362.118501087722	0.7082939172352469	9681.904611560472
1044.0675112518752	9594.387316730297	13360.394266745323	0.7078960216310239	9676.894832225962
1045.2662110351725	9593.441386323675	13358.6701374389	0.707498126026801	9671.88505289145
1046.4649108184697	9592.495455917055	13356.946113158854	0.707100230422578	9666.87527355694
1047.663610601767	9591.549525510436	13355.222193895594	0.706704296441084	9661.86549422243
1048.8623103850641	9590.603595103816	13353.498379639517	0.7063083984144399	9656.855714887919
1050.0610101683615	9589.657664697193	13351.774670381037	0.7059125003877957	9651.845935553407
1051.2597099516586	9588.711734290575	13350.051066110556	0.7055166023611517	9646.836156218898
1052.4584097349557	9587.765803883955	13348.327566818482	0.7051207043345076	9641.826376884386
1053.657109518253	9586.819873477334	13346.604172495227	0.7047248063078635	9636.816597549876
1054.8558093015502	9585.873943070714	13344.8808831312	0.7043307636366744	9631.806818215366
1056.0545090848475	9584.928012664093	13343.157698716814	0.7039368836699966	9626.797038880854
1057.2532088681446	9583.982082257473	13341.43461924248	0.703543003703319	9621.787259546345
1058.451908651442	9583.036151850853	13339.711644698617	0.7031491237366413	9616.777480211833
1059.650608434739	9582.090221444232	13337.988775075635	0.7027552437699637	9611.767700877323
1060.8493082180364	9581.144291037612	13336.266010363954	0.702361363803286	9606.757921542812
1062.0480080013335	9580.198360630991	13334.543350553988	0.7019692294864321	9601.7481422083
1063.2467077846306	9579.252430224373	13332.82079563616	0.7015773870432146	9596.73836287379
1064.445407567928	9578.30649981775	13331.098345600887	0.7011855445999969	9591.72858353928
1065.644107351225	9577.36056941113	13329.376000438591	0.7007937021567793	9586.718804204767
1066.8428071345224	9576.41463900451	13327.653760139696	0.7004018597135616	9581.709024870257
1068.0415069178196	9575.468708597891	13325.931624694625	0.700010017270344	9576.699245535749
1069.240206701117	9574.522778191269	13324.209594093802	0.6996198075420825	9571.689466201235
1070.438906484414	9573.576847784649	13322.48766832765	0.699230021089208	9566.679686866726
1071.6376062677111	9572.63091737803	13320.765847386601	0.6988402346363334	9561.669907532216
1072.8363060510085	9571.68498697141	13319.044131261082	0.6984504481834587	9556.660128197704
1074.0350058343056	9570.739056564787	13317.322519941517	0.6980606617305842	9551.650348863193
1075.233705617603	9569.793126158167	13315.601013418345	0.6976708752777095	9546.640569528681
1076.4324054009	9568.847195751548	13313.879611681994	0.697282605579142	9541.630790194171
1077.6311051841974	9567.901265344928	13312.158314722896	0.6968948926090521	9536.62101085966
1078.8298049674945	9566.955334938306	13310.437122531483	0.6965071796389624	9531.61123152515
1080.0285047507919	9566.009404531687	13308.716035098196	0.6961194666688725	9526.601452190638
1081.227204534089	9565.063474125067	13306.995052413464	0.6957317536987827	9521.59167285613
1082.425904317386	9564.117543718447	13305.27417446773	0.6953440407286929	9516.581893521618
1083.6246041006834	9563.171613311824	13303.55340125143	0.6949577257242927	9511.572114187107
1084.8233038839805	9562.225682905206	13301.83273275501	0.6945721027770253	9506.562334852597
1086.0220036672779	9561.279752498585	13300.1121689689	0.6941864798297578	9501.552555518085
1087.220703450575	9560.333822091965	13298.391709883552	0.6938008568824903	9496.542776183574
1088.4194032338723	9559.387891685345	13296.671355489405	0.6934152339352228	9491.532996849062
1089.6181030171695	9558.441961278724	13294.951105776903	0.6930296109879553	9486.523217514554
1090.8168028004668	9557.496030872104	13293.230960736493	0.6926452645819954	9481.513438180042
1092.015502583764	9556.550100465483	13291.51092035862	0.6922617472670735	9476.503658845531
1093.214202367061	9555.604170058863	13289.790984633737	0.6918782299521514	9471.493879511021
1094.4129021503584	9554.658239652243	13288.071153552284	0.6914947126372294	9466.48410017651
1095.6116019336555	9553.712309245622	13286.351427104719	0.6911111953223074	9461.474320841999
1096.8103017169528	9552.766378839004	13284.631805281493	0.6907276780073853	9456.464541507488
1098.00900150025	9551.820448432381	13282.912288073057	0.6903453133602547	9451.45476217298
1099.2077012835473	9550.874518025761	13281.192875469862	0.6899639163784116	9446.444982838466
1100.4064010668444	9549.92858761914	13279.473567462368	0.6895825193965686	9441.435203503957
1101.6051008501418	9548.982657212522	13277.754364041028	0.6892011224147254	9436.425424169445
1102.8038006334389	9548.0367268059	13276.0352651963	0.6888197254328824	9431.415644834935
1104.002500416736	9547.09079639928	13274.316270918642	0.6884383284510392	9426.405865500425
1105.2012002000333	9546.144865992661	13272.597381198515	0.6880579579954391	9421.396086165912
1106.3998999833304	9545.19893558604	13270.878596026378	0.6876786951601633	9416.386306831402
1107.5985997666278	9544.253005179418	13269.159915392693	0.6872994323248875	9411.376527496892
1108.797299549925	9543.307074772798	13267.441339287923	0.6869201694896117	9406.366748162382
1109.9959993332222	9542.36114436618	13265.722867702538	0.6865409066543359	9401.35696882787
1111.1946991165194	9541.415213959559	13264.004500626992	0.6861616438190601	9396.347189493361
1112.3933988998167	9540.469283552937	13262.286238051762	0.6857832792760711	9391.337410158847
1113.5920986831138	9539.523353146318	13260.56807996731	0.685406163534959	9386.327630824338
1114.790798466411	9538.577422739698	13258.850026364105	0.6850290477938468	9381.317851489826
1115.9894982497083	9537.631492333077	13257.132077232622	0.6846519320527346	9376.308072155316
1117.1881980330054	9536.685561926457	13255.41423256333	0.6842748163116223	9371.298292820806
1118.3868978163027	9535.739631519837	13253.696492346695	0.6838977005705101	9366.288513486294
1119.5855975995999	9534.793701113216	13251.978856573196	0.6835213529655235	9361.278734151785
1120.7842973828972	9533.847770706596	13250.261325233309	0.6831463964214255	9356.268954817273
1121.9829971661943	9532.901840299975	13248.543898317508	0.6827714398773276	9351.259175482763
1123.1816969494917	9531.955909893355	13246.82657581627	0.6823964833332296	9346.249396148252
1124.3803967327888	9531.009979486735	13245.109357720072	0.6820215267891316	9341.239616813742
1125.5790965160859	9530.064049080116	13243.392244019396	0.6816465702450336	9336.22983747923
1126.7777962993832	9529.118118673494	13241.67523470472	0.6812722499235359	9331.22005814472
1127.9764960826803	9528.172188266873	13239.958329766527	0.6808994638554853	9326.21027881021
1129.1751958659777	9527.226257860253	13238.241529195298	0.6805266777874346	9321.200499475697
1130.3738956492748	9526.280327453635	13236.52483298152	0.680153891719384	9316.190720141189
1131.5725954325721	9525.334397047012	13234.808241115676	0.6797811056513333	9311.180940806675
1132.7712952158693	9524.388466640392	13233.09175358825	0.6794083195832827	9306.171161472166
1133.9699949991664	9523.442536233773	13231.375370389736	0.6790360362264889	9301.161382137656
1135.1686947824637	9522.496605827153	13229.659091510615	0.6786654311104011	9296.151602803144
1136.3673945657608	9521.55067542053	13227.942916941382	0.6782948259943133	9291.141823468633
1137.5660943490582	9520.60474501391	13226.226846672525	0.6779242208782255	9286.132044134123
1138.7647941323553	9519.658814607292	13224.510880694539	0.6775536157621377	9281.122264799613
1139.9634939156526	9518.712884200671	13222.795018997915	0.6771830106460499	9276.1124854651
1141.1621936989497	9517.76695379405	13221.079261573143	0.676812773286378	9271.10270613059
1142.360893482247	9516.821023387429	13219.363608410726	0.6764443588155122	9266.09292679608
1143.5595932655442	9515.87509298081	13217.64805950116	0.6760759443446467	9261.08314746157
1144.7582930488413	9514.92916257419	13215.932614834937	0.675707529873781	9256.073368127058
1145.9569928321387	9513.983232167568	13214.217274402561	0.6753391154029154	9251.063588792547
1147.1556926154358	9513.037301760949	13212.502038194532	0.6749707009320497	9246.053809458037
1148.3543923987331	9512.091371354329	13210.786906201347	0.6746025179684305	9241.044030123525
1149.5530921820302	9511.145440947708	13209.071878413512	0.6742363030736029	9236.034250789015
1150.7517919653276	9510.199510541088	13207.356954821533	0.6738700881787753	9231.024471454504
1151.9504917486247	9509.253580134467	13205.642135415907	0.6735038732839476	9226.014692119994
1153.149191531922	9508.307649727847	13203.927420187145	0.6731376583891199	9221.004912785482
1154.3478913152192	9507.361719321227	13202.212809125755	0.6727714434942923	9215.995133450973
1155.5465910985163	9506.415788914606	13200.498302222244	0.6724053227073082	9210.985354116461
1156.7452908818136	9505.469858507986	13198.783899467118	0.6720413155768478	9205.97557478195
1157.9439906651107	9504.523928101366	13197.069600850891	0.6716773084463874	9200.965795447439
1159.142690448408	9503.577997694747	13195.355406364077	0.671313301315927	9195.956016112928
1160.3413902317052	9502.632067288125	13193.641315997183	0.6709492941854667	9190.94623677842
1161.5400900150025	9501.686136881504	13191.927329740725	0.6705852870550062	9185.936457443906
1162.7387897982996	9500.740206474884	13190.21344758522	0.6702212799245458	9180.926678109397
1163.937489581597	9499.794276068265	13188.499669521185	0.6698594437212952	9175.916898774887
1165.136189364894	9498.848345661643	13186.785995539134	0.6694976518207371	9170.907119440375
1166.3348891481912	9497.902415255023	13185.072425629587	0.6691358599201789	9165.897340105865
1167.5335889314886	9496.956484848404	13183.358959783063	0.6687740680196206	9160.887560771354
1168.7322887147857	9496.010554441784	13181.645597990086	0.6684122761190624	9155.877781436842
1169.930988498083	9495.064624035162	13179.932340241174	0.6680504842185042	9150.868002102332
1171.1296882813801	9494.118693628541	13178.219186526849	0.6676907307198402	9145.85822276782
1172.3283880646775	9493.172763221923	13176.506136837643	0.667331160811347	9140.84844343331
1173.5270878479746	9492.226832815302	13174.793191164074	0.666971590902854	9135.838664098801
1174.725787631272	9491.28090240868	13173.080349496671	0.6666120209943608	9130.828884764289
1175.924487414569	9490.334972002061	13171.367611825965	0.6662524510858677	9125.819105429779
1177.1231871978662	9489.389041595441	13169.654978142476	0.6658928811773746	9120.809326095268
1178.3218869811635	9488.44311118882	13167.942448436745	0.6655352157136545	9115.799546760756
1179.5205867644606	9487.4971807822	13166.230022699297	0.6651778738751613	9110.789767426246
1180.719286547758	9486.55125037558	13164.517700920664	0.6648205320366679	9105.779988091736
1181.917986331055	9485.60531996896	13162.80548309138	0.6644631901981747	9100.770208757225
1183.1166861143524	9484.65938956234	13161.093369201983	0.6641058483596813	9095.760429422715
1184.3153858976495	9483.713459155719	13159.381359243007	0.6637485065211881	9090.750650088203
1185.514085680947	9482.767528749098	13157.669453204984	0.6633929338820322	9085.740870753692
1186.712785464244	9481.821598342478	13155.957651078461	0.6630378255261082	9080.731091419182
1187.9114852475411	9480.87566793586	13154.245952853973	0.6626827171701841	9075.72131208467
1189.1101850308385	9479.929737529237	13152.534358522058	0.6623276088142599	9070.71153275016
1190.3088848141356	9478.983807122617	13150.822868073259	0.6619725004583358	9065.70175341565
1191.507584597433	9478.037876715996	13149.11148149812	0.6616173921024117	9060.691974081137
1192.70628438073	9477.091946309378	13147.400198787187	0.6612639165506305	9055.682194746629
1193.9049841640274	9476.146015902756	13145.689019930998	0.6609110464430537	9050.672415412117
1195.1036839473245	9475.200085496135	13143.977944920105	0.6605581763354769	9045.662636077606
1196.3023837306216	9474.254155089517	13142.266973745056	0.6602053062279001	9040.652856743096
1197.501083513919	9473.308224682896	13140.556106396394	0.6598524361203233	9035.643077408584
1198.699783297216	9472.362294276274	13138.845342864674	0.6594995660127465	9030.633298074074
1199.8984830805134	9471.416363869654	13137.13468314044	0.6591481912980676	9025.623518739563
1201.0971828638105	9470.470433463035	13135.424127214255	0.6587975635761081	9020.613739405053
1202.2958826471079	9469.524503056415	13133.713675076662	0.6584469358541486	9015.60396007054
1203.494582430405	9468.578572649792	13132.003326718215	0.6580963081321891	9010.594180736032
1204.6932822137023	9467.632642243174	13130.29308212948	0.6577456804102296	9005.58440140152
1205.8919819969994	9466.686711836554	13128.582941301001	0.6573950526882703	9000.57462206701
1207.0906817802966	9465.740781429933	13126.872904223343	0.6570457820608631	8995.5648427325
1208.289381563594	9464.794851023311	13125.16297088706	0.6566974002512705	8990.555063397987
1209.488081346891	9463.848920616692	13123.45314128272	0.6563490184416781	8985.545284063477
1210.6867811301884	9462.902990210072	13121.743415400875	0.6560006366320856	8980.535504728967
1211.8854809134855	9461.957059803452	13120.033793232089	0.6556522548224931	8975.525725394456
1213.0841806967828	9461.011129396831	13118.324274766932	0.6553038730129006	8970.515946059944
1214.28288048008	9460.06519899021	13116.61485999596	0.6549567092366967	8965.506166725434
1215.4815802633773	9459.11926858359	13114.905548909743	0.6546105762733894	8960.496387390922
1216.6802800466744	9458.17333817697	13113.196341498846	0.6542644433100822	8955.486608056413
1217.8789798299715	9457.22740777035	13111.48723775384	0.6539183103467748	8950.476828721901
1219.0776796132689	9456.28147736373	13109.77823766529	0.6535721773834675	8945.467049387391
1220.276379396566	9455.335546957109	13108.069341223769	0.6532260444201603	8940.457270052882
1221.4750791798633	9454.38961655049	13106.360548419849	0.6528809897859669	8935.4474907183685
1222.6737789631604	9453.443686143868	13104.651859244099	0.6525371080274205	8930.43771138386
1223.8724787464578	9452.497755737248	13102.943273687095	0.652193226268874	8925.427932049348
1225.071178529755	9451.551825330627	13101.23479173941	0.6518493445103275	8920.418152714838
1226.2698783130522	9450.605894924009	13099.526413391626	0.651505462751781	8915.408373380327
1227.4685780963493	9449.659964517386	13097.818138634311	0.6511615809932345	8910.398594045815
1228.6672778796465	9448.714034110766	13096.109967458047	0.6508186373316418	8905.388814711305
1229.8659776629438	9447.768103704148	13094.40189985342	0.6504770085779742	8900.379035376794
1231.064677446241	9446.822173297527	13092.693935811	0.6501353798243067	8895.369256042282
1232.2633772295383	9445.876242890905	13090.98607532137	0.6497937510706391	8890.359476707772
1233.4620770128354	9444.930312484285	13089.27831837512	0.6494521223169716	8885.349697373264
1234.6607767961327	9443.984382077666	13087.57066496283	0.6491104935633041	8880.33991803875
1235.8594765794298	9443.038451671046	13085.863115075084	0.6487696622573818	8875.330138704241
1237.0581763627272	9442.092521264423	13084.155668702468	0.6484302877671341	8870.320359369729
1238.2568761460243	9441.146590857805	13082.448325835572	0.6480909132768864	8865.310580035219
1239.4555759293214	9440.200660451184	13080.741086464983	0.6477515387866388	8860.300800700708
1240.6542757126188	9439.254730044564	13079.03395058129	0.6474121642963911	8855.291021366196
1241.8529754959159	9438.308799637944	13077.326918175086	0.6470727898061435	8850.281242031688
1243.0516752792132	9437.362869231323	13075.619989236957	0.6467340718039298	8845.271462697176
1244.2503750625103	9436.416938824703	13073.913163757501	0.6463969523105418	8840.261683362665
1245.4490748458077	9435.471008418082	13072.206441727312	0.6460598328171538	8835.251904028153
1246.6477746291048	9434.525078011462	13070.499823136988	0.645722713323766	8830.242124693645
1247.8464744124021	9433.579147604842	13068.793307977117	0.645385593830378	8825.232345359133
1249.0451741956992	9432.633217198221	13067.086896238305	0.6450484743369901	8820.222566024622
1250.2438739789964	9431.687286791603	13065.380587911146	0.6447118701637699	8815.212786690112
1251.4425737622937	9430.74135638498	13063.674382986243	0.6443770058917476	8810.2030073556
1252.6412735455908	9429.79542597836	13061.968281454194	0.6440421416197255	8805.19322802109
1253.8399733288882	9428.84949557174	13060.262283305601	0.6437072773477033	8800.183448686577
1255.0386731121853	9427.903565165121	13058.556388531073	0.6433724130756812	8795.173669352069
1256.2373728954826	9426.957634758499	13056.850597121207	0.6430375488036589	8790.163890017557
1257.4360726787797	9426.011704351879	13055.144909066612	0.6427030585740302	8785.154110683046
1258.634772462077	9425.06577394526	13053.439324357898	0.6423704492548088	8780.144331348536
1259.8334722453742	9424.11984353864	13051.733842985666	0.6420378399355875	8775.134552014026
1261.0321720286713	9423.173913132017	13050.028464940528	0.6417052306163662	8770.124772679514
1262.2308718119687	9422.227982725397	13048.323190213096	0.6413726212971448	8765.114993345003
1263.4295715952658	9421.282052318778	13046.61801879398	0.6410400119779235	8760.105214010495
1264.628271378563	9420.336121912158	13044.912950673792	0.6407076354076549	8755.09543467598
1265.8269711618602	9419.390191505538	13043.207985843144	0.6403772802951534	8750.085655341472
1267.0256709451576	9418.444261098917	13041.503124292656	0.6400469251826519	8745.07587600696
1268.2243707284547	9417.498330692297	13039.798366012938	0.6397165700701505	8740.06609667245
1269.4230705117518	9416.552400285676	13038.09371099461	0.639386214957649	8735.05631733794
1270.6217702950491	9415.606469879056	13036.389159228289	0.6390558598451476	8730.046538003427
1271.8204700783463	9414.660539472436	13034.684710704596	0.6387255962628249	8725.036758668917
1273.0191698616436	9413.714609065815	13032.980365414149	0.6383974941486951	8720.026979334407
1274.2178696449407	9412.768678659195	13031.276123347569	0.6380693920345653	8715.017199999897
1275.416569428238	9411.822748252576	13029.571984495484	0.6377412899204354	8710.007420665384
1276.6152692115352	9410.876817845954	13027.867948848509	0.6374131878063057	8704.997641330876
1277.8139689948325	9409.930887439334	13026.164016397273	0.6370850856921759	8699.987861996364
1279.0126687781296	9408.984957032713	13024.460187132407	0.6367569835780462	8694.978082661853
1280.2113685614268	9408.039026626095	13022.756461044533	0.6364310832792074	8689.968303327343
1281.410068344724	9407.0930962194725	13021.052838124278	0.6361052325077776	8684.958523992831
1282.6087681280212	9406.147165812852	13019.349318362276	0.6357793817363478	8679.948744658323
1283.8074679113186	9405.201235406234	13017.645901749158	0.635453530964918	8674.938965323809
1285.0061676946157	9404.255304999613	13015.942588275548	0.6351276801934882	8669.9291859893
1286.204867477913	9403.309374592991	13014.239377932085	0.6348018294220583	8664.91940665479
1287.4035672612101	9402.36344418637	13012.536270709401	0.6344780375639637	8659.909627320278
1288.6022670445075	9401.417513779752	13010.833266598136	0.6341544360468774	8654.899847985767
1289.8009668278046	9400.471583373132	13009.130365588919	0.633830834529791	8649.890068651257
1290.9996666111017	9399.52565296651	13007.427567672388	0.6335072330127047	8644.880289316745
1292.198366394399	9398.57972255989	13005.72487283919	0.6331836314956183	8639.870509982235
1293.3970661776962	9397.63379215327	13004.022281079957	0.632860029978532	8634.860730647724
1294.5957659609935	9396.68786174665	13002.31979238533	0.6325383443776442	8629.850951313212
1295.7944657442906	9395.74193134003	13000.617406745954	0.632216989608196	8624.841171978704
1296.993165527588	9394.79600093341	12998.91512415247	0.6318956348387477	8619.83139264419
1298.191865310885	9393.850070526789	12997.212944595522	0.6315742800692994	8614.821613309681
1299.3905650941824	9392.904140120168	12995.510868065756	0.631252925299851	8609.81183397517
1300.5892648774795	9391.958209713548	12993.80889455382	0.6309315705304027	8604.802054640659
1301.7879646607767	9391.012279306928	12992.10702405036	0.6306119886745226	8599.792275306148
1302.986664444074	9390.066348900307	12990.405256546022	0.6302928777416934	8594.782495971638
1304.185364227371	9389.120418493689	12988.703592031463	0.6299737668088643	8589.772716637128
1305.3840640106685	9388.174488087066	12987.002030497326	0.6296546558760351	8584.762937302616
1306.5827637939656	9387.228557680446	12985.300571934267	0.6293355449432059	8579.753157968107
1307.781463577263	9386.282627273826	12983.599216332941	0.6290164340103767	8574.743378633595
1308.98016336056	9385.336696867207	12981.897963684	0.6286989530689436	8569.733599299085
1310.1788631438574	9384.390766460585	12980.1968139781	0.6283820826711353	8564.723819964573
1311.3775629271545	9383.444836053965	12978.495767205895	0.628065212273327	8559.714040630062
1312.5762627104516	9382.498905647346	12976.79482335805	0.6277483418755186	8554.704261295552
1313.774962493749	9381.552975240726	12975.093982425216	0.6274314714777103	8549.69448196104
1314.973662277046	9380.607044834103	12973.393244398056	0.627114601079902	8544.68470262653
1316.1723620603434	9379.661114427483	12971.692609267231	0.6267992179140901	8539.67492329202
1317.3710618436405	9378.715184020864	12969.992077023406	0.6264845843725625	8534.665143957509
1318.5697616269379	9377.769253614244	12968.29164765724	0.6261699508310349	8529.655364622997
1319.768461410235	9376.823323207622	12966.591321159398	0.6258553172895073	8524.645585288488
1320.9671611935323	9375.877392801001	12964.891097520549	0.6255406837479796	8519.635805953976
1322.1658609768294	9374.931462394383	12963.190976731361	0.6252260502064519	8514.626026619466
1323.3645607601266	9373.985531987762	12961.490958782497	0.6249127613790649	8509.616247284954
1324.563260543424	9373.03960158114	12959.791043664627	0.6246003606510793	8504.606467950443
1325.761960326721	9372.093671174522	12958.091231368424	0.6242879599230937	8499.596688615935
1326.9606601100184	9371.147740767901	12956.391521884558	0.623975559195108	8494.586909281423
1328.1593598933155	9370.20181036128	12954.691915203699	0.6236631584671224	8489.577129946912
1329.3580596766128	9369.25587995466	12952.992411316523	0.6233507577391367	8484.567350612402
1330.55675945991	9368.30994954804	12951.293010213705	0.6230395595242996	8479.55757127789
1331.755459243207	9367.36401914142	12949.59371188592	0.6227293872159682	8474.54779194338
1332.9541590265044	9366.4180887348	12947.894516323842	0.6224192149076366	8469.53801260887
1334.1528588098015	9365.472158328179	12946.195423518157	0.6221090425993051	8464.528233274357
1335.3515585930988	9364.526227921559	12944.496433459537	0.6217988702909736	8459.518453939847
1336.550258376396	9363.580297514938	12942.797546138665	0.6214886979826421	8454.508674605337
1337.7489581596933	9362.63436710832	12941.098761546225	0.621179586375294	8449.498895270825
1338.9476579429904	9361.688436701697	12939.400079672892	0.6208716377541398	8444.489115936316
1340.1463577262878	9360.742506295077	12937.701500509358	0.6205636891329855	8439.479336601804
1341.3450575095849	9359.796575888457	12936.003024046302	0.6202557405118313	8434.469557267294
1342.543757292882	9358.850645481838	12934.304650274416	0.6199477918906772	8429.459777932783
1343.7424570761793	9357.904715075216	12932.60637918438	0.6196398432695228	8424.449998598271
1344.9411568594765	9356.958784668595	12930.908210766887	0.6193328139947125	8419.440219263763
1346.1398566427738	9356.012854261977	12929.210145012627	0.6190270840019433	8414.43043992925
1347.338556426071	9355.066923855356	12927.512181912287	0.618721354009174	8409.42066059474
1348.5372562093683	9354.120993448734	12925.814321456559	0.6184156240164047	8404.41088126023
1349.7359559926654	9353.175063042116	12924.11656363614	0.6181098940236355	8399.40110192572
1350.9346557759627	9352.229132635495	12922.418908441718	0.6178041640308662	8394.391322591207
1352.1333555592598	9351.283202228875	12920.721355863989	0.6174992125528505	8389.381543256697
1353.332055342557	9350.337271822253	12919.023905893653	0.61719569581534794	8384.371763922185
1354.5307551258543	9349.391341415634	12917.326558521409	0.6168921790778453	8379.361984587675
1355.7294549091514	9348.445411009014	12915.629313737945	0.6165886623403428	8374.352205253166
1356.9281546924487	9347.499480602393	12913.93217153397	0.6162851456028403	8369.342425918652
1358.1268544757459	9346.553550195771	12912.235131900181	0.6159816288653378	8364.332646584144
1359.3255542590432	9345.607619789153	12910.538194827282	0.6156787503964866	8359.322867249632
1360.5242540423403	9344.661689382532	12908.84136030597	0.6153774412385148	8354.313087915121
1361.7229538256377	9343.715758975912	12907.144628326956	0.6150761320805429	8349.303308580611
1362.9216536089348	9342.769828569291	12905.447998880945	0.6147748229225711	8344.2935292461
1364.120353392232	9341.823898162671	12903.751471958636	0.6144735137645994	8339.28374991159
1365.3190531755292	9340.87796775605	12902.05504755074	0.6141722046066275	8334.273970577078
1366.5177529588263	9339.932037349432	12900.358725647971	0.6138713941161371	8329.264191242568
1367.7164527421237	9338.98610694281	12898.662506241031	0.6135722865707746	8324.254411908056
1368.9151525254208	9338.04017653619	12896.966389320633	0.6132731790254121	8319.244632573547
1370.1138523087182	9337.094246129569	12895.27037487749	0.6129740714800496	8314.234853239035
1371.3125520920153	9336.14831572295	12893.574462902316	0.6126749639346871	8309.225073904525
1372.5112518753126	9335.202385316328	12891.87865338582	0.6123758563893246	8304.215294570015
1373.7099516586097	9334.256454909708	12890.182946318722	0.6120771086117406	8299.205515235502
1374.9086514419068	9333.31052450309	12888.48734169174	0.6117801964320387	8294.195735900992
1376.1073512252042	9332.364594096469	12886.791839495583	0.6114832842523368	8289.185956566482
1377.3060510085013	9331.418663689847	12885.09643972098	0.6111863720726348	8284.17617723197
1378.5047507917986	9330.472733283226	12883.40114235864	0.6108894598929329	8279.16639789746
1379.7034505750958	9329.526802876608	12881.705947399296	0.6105925477132309	8274.156618562949
1380.902150358393	9328.580872469987	12880.01085483366	0.610295857156784	8269.146839228439
1382.1008501416902	9327.634942063365	12878.315864652457	0.6100011338266528	8264.137059893928
1383.2995499249876	9326.689011656747	12876.620976846416	0.6097064104965213	8259.127280559416
1384.4982497082847	9325.743081250126	12874.926191406257	0.60941168716639	8254.117501224906
1385.6969494915818	9324.797150843506	12873.231508322708	0.6091169638362587	8249.107721890397
1386.8956492748791	9323.851220436884	12871.536927586496	0.6088222405061273	8244.097942555883
1388.0943490581762	9322.905290030265	12869.842449188354	0.6085276014608824	8239.088163221375
1389.2930488414736	9321.959359623645	12868.148073119006	0.608235060205713	8234.078383886865
1390.4917486247707	9321.013429217024	12866.453799369185	0.6079425189505439	8229.068604552353
1391.690448408068	9320.067498810404	12864.759627929625	0.6076499776953747	8224.058825217842
1392.8891481913652	9319.121568403783	12863.065558791055	0.6073574364402055	8219.04904588333
1394.0878479746623	9318.175637997163	12861.371591944211	0.6070648951850363	8214.03926654882
1395.2865477579596	9317.229707590543	12859.67772737983	0.606772353929867	8209.02948721431
1396.4852475412567	9316.283777183922	12857.98396508865	0.6064819355278824	8204.019707879797
1397.683947324554	9315.337846777302	12856.290305061404	0.6061915693249051	8199.009928545287
1398.8826471078512	9314.391916370681	12854.596747288833	0.6059012031219279	8194.000149210779
1400.0813468911485	9313.445985964063	12852.903291761677	0.6056108369189505	8188.9903698762655
1401.2800466744457	9312.50005555744	12851.209938470676	0.6053204707159732	8183.980590541756
1402.478746457743	9311.55412515082	12849.516687406573	0.6050301045129959	8178.970811207245
1403.6774462410401	9310.6081947442	12847.82353856011	0.6047417183187018	8173.961031872734
1404.8761460243372	9309.662264337581	12846.130491922033	0.6044535199070848	8168.951252538225
1406.0748458076346	9308.716333930959	12844.437547483085	0.6041653214954678	8163.941473203712
1407.2735455909317	9307.770403524339	12842.744705234016	0.6038771230838508	8158.931693869203
1408.472245374229	9306.82447311772	12841.051965165572	0.6035889246722337	8153.921914534692
1409.6709451575261	9305.8785427111	12839.359327268501	0.6033007262606167	8148.912135200181
1410.8696449408235	9304.932612304478	12837.666791533555	0.603014365728444	8143.90235586567
1412.0683447241206	9303.986681897857	12835.97435795148	0.602728327619138	8138.892576531159
1413.267044507418	9303.040751491239	12834.282026513036	0.6024422895098318	8133.882797196648
1414.465744290715	9302.094821084618	12832.58979720897	0.6021562514005258	8128.873017862137
1415.6644440740122	9301.148890677996	12830.897670030037	0.6018702132912197	8123.863238527626
1416.8631438573095	9300.202960271377	12829.205644966996	0.6015841751819135	8118.853459193115
1418.0618436406066	9299.257029864757	12827.5137220106	0.6012998335885124	8113.843679858604
1419.260543423904	9298.311099458137	12825.821901151608	0.6010159480738428	8108.833900524093
1420.459243207201	9297.365169051516	12824.13018238078	0.6007320625591733	8103.824121189584
1421.6579429904984	9296.419238644896	12822.438565688873	0.6004481770445038	8098.814341855072
1422.8566427737956	9295.473308238275	12820.747051066652	0.6001642915298343	8093.804562520562
1424.055342557093	9294.527377831655	12819.055638504877	0.5998804060151648	8088.794783186051
1425.25404234039	9293.581447425035	12817.36432799431	0.5995980764664153	8083.78500385154
1426.4527421236871	9292.635517018414	12815.673119525718	0.59931633562943	8078.775224517031
1427.6514419069845	9291.689586611794	12813.982013089864	0.5990345947924446	8073.765445182518
1428.8501416902816	9290.743656205175	12812.291008677517	0.5987528539554593	8068.755665848009
1430.048841473579	9289.797725798553	12810.600106279444	0.598471113118474	8063.745886513498
1431.247541256876	9288.851795391933	12808.909305886413	0.5981893722814886	8058.736107178987
1432.4462410401734	9287.905864985312	12807.218607489194	0.5979090477193444	8053.726327844476
1433.6449408234705	9286.959934578694	12805.52801107856	0.5976294434429144	8048.716548509965
1434.8436406067678	9286.014004172072	12803.83751664528	0.5973498391664842	8043.706769175455
1436.042340390065	9285.068073765451	12802.14712418013	0.5970702348900541	8038.696989840943
1437.241040173362	9284.122143358833	12800.456833673887	0.596790630613624	8033.687210506432
1438.4397399566594	9283.176212952212	12798.766645117319	0.5965110263371939	8028.677431171921
1439.6384397399565	9282.23028254559	12797.076558501205	0.5962326995463616	8023.667651837411
1440.8371395232539	9281.28435213897	12795.386573816326	0.5959552235220467	8018.657872502899
1442.035839306551	9280.338421732351	12793.696691053465	0.5956777474977316	8013.64809316839
1443.2345390898483	9279.39249132573	12792.006910203389	0.5954002714734167	8008.63831383388
1444.4332388731455	9278.446560919108	12790.31723125689	0.5951227954491017	8003.6285344993685
1445.6319386564428	9277.500630512488	12788.627654204745	0.5948453194247867	7998.618755164857
1446.83063843974	9276.55470010587	12786.938179037743	0.5945689830392431	7993.608975830346
1448.029338223037	9275.608769699249	12785.24880574666	0.59429362677592	7988.599196495837
1449.2280380063344	9274.662839292627	12783.559534322287	0.5940182705125969	7983.589417161325
1450.4267377896315	9273.716908886008	12781.870364755412	0.5937429142492738	7978.579637826814
1451.6254375729288	9272.770978479388	12780.181297036817	0.5934675579859507	7973.569858492303
1452.824137356226	9271.825048072767	12778.492331157297	0.5931922017226278	7968.560079157794
1454.0228371395233	9270.879117666147	12776.803467107638	0.5929178482319775	7963.550299823282
1455.2215369228204	9269.933187259527	12775.114704878633	0.5926446030642389	7958.540520488771
1456.4202367061175	9268.987256852906	12773.426044461074	0.5923713578965004	7953.530741154261
1457.6189364894149	9268.041326446286	12771.737485845753	0.5920981127287619	7948.52096181975
1458.817636272712	9267.095396039666	12770.049029023468	0.5918248675610235	7943.511182485239
1460.0163360560093	9266.149465633045	12768.36067398501	0.5915516223932848	7938.501403150728
1461.2150358393064	9265.203535226425	12766.672420721176	0.5912792441489619	7933.491623816219
1462.4137356226038	9264.257604819806	12764.984269222768	0.5910081012452879	7928.4818444817065
1463.612435405901	9263.311674413184	12763.29621948058	0.590736958341614	7923.472065147196
1464.8111351891982	9262.365744006564	12761.608271485416	0.59046581543794	7918.462285812685
1466.0098349724954	9261.419813599943	12759.920425228072	0.5901946725342659	7913.452506478175
1467.2085347557925	9260.473883193325	12758.232680699359	0.589923529630592	7908.442727143664
1468.4072345390898	9259.527952786702	12756.545037890071	0.5896531188519063	7903.432947809152
1469.605934322387	9258.582022380082	12754.857496791017	0.5893840692226134	7898.423168474643
1470.8046341056843	9257.636091973463	12753.170057393003	0.5891150195933206	7893.413389140132
1472.0033338889814	9256.690161566843	12751.482719686834	0.5888459699640278	7888.403609805621
1473.2020336722787	9255.74423116022	12749.795483663316	0.588576920334735	7883.393830471109
1474.4007334555758	9254.7983007536	12748.108349313261	0.5883078707054422	7878.3840511366
1475.5994332388732	9253.852370346982	12746.42131662748	0.5880394194854752	7873.3742718020885
1476.7981330221703	9252.906439940361	12744.734385596781	0.5877724539904485	7868.364492467577
1477.9968328054674	9251.96050953374	12743.047556211975	0.587505488495422	7863.354713133068
1479.1955325887648	9251.01457912712	12741.360828463881	0.5872385230003951	7858.344933798556
1480.3942323720619	9250.0686487205	12739.674202343307	0.5869715575053684	7853.335154464045
1481.5929321553592	9249.12271831388	12737.987677841073	0.5867045920103418	7848.325375129534
1482.7916319386563	9248.17678790726	12736.301254947994	0.5864380923216933	7843.315595795025
1483.9903317219537	9247.23085750064	12734.614933654886	0.5861732016779022	7838.305816460513
1485.1890315052508	9246.284927094019	12732.92871395257	0.5859083110341112	7833.296037126002
1486.3877312885481	9245.338996687398	12731.242595831864	0.5856434203903201	7828.286257791491
1487.5864310718453	9244.393066280778	12729.556579283593	0.5853785297465292	7823.276478456981
1488.7851308551424	9243.447135874158	12727.870664298576	0.5851136391027381	7818.2666991224705
1489.9838306384397	9242.501205467537	12726.184850867636	0.5848490828031252	7813.256919787958
1491.1825304217368	9241.555275060919	12724.499138981599	0.5845862575919315	7808.247140453449
1492.3812302050342	9240.609344654296	12722.813528631288	0.5843234323807376	7803.237361118938
1493.5799299883313	9239.663414247676	12721.128019807531	0.5840606071695439	7798.2275817844275
1494.7786297716286	9238.717483841056	12719.442612501158	0.58379778195835	7793.217802449915
1495.9773295549257	9237.771553434437	12717.757306702995	0.5835349567471562	7788.208023115406
1497.176029338223	9236.825623027815	12716.07210240387	0.5832723355848706	7783.198243780895
1498.3747291215202	9235.879692621194	12714.386999594619	0.5830115662591286	7778.1884644463835
1499.5734289048173	9234.933762214576	12712.701998266071	0.5827507969333867	7773.178685111873
1500.7721286881147	9233.987831807955	12711.01709840906	0.5824900276076448	7768.168905777362
1501.9708284714118	9233.041901401333	12709.33230001442	0.5822292582819029	7763.159126442852
1503.1695282547091	9232.095970994713	12707.647603072983	0.5819684889561608	7758.14934710834
1504.3682280380062	9231.150040588094	12705.963007575592	0.5817077945753829	7753.139567773831
1505.5669278213036	9230.204110181474	12704.27851351308	0.5814490714663401	7748.12978843932
1506.7656276046007	9229.258179774852	12702.594120876287	0.5811903483572973	7743.120009104809
1507.964327387898	9228.312249368233	12700.909829656055	0.5809316252482545	7738.110229770297
1509.1630271711952	9227.366318961613	12699.22563984322	0.5806729021392116	7733.100450435787
1510.3617269544923	9226.420388554992	12697.541551428629	0.5804141790301689	7728.090671101277
1511.5604267377896	9225.47445814837	12695.85756440312	0.580155455921126	7723.0808917667655
1512.7591265210867	9224.528527741752	12694.173678757543	0.5798987163001423	7718.071112432255
1513.957826304384	9223.582597335131	12692.489894482738	0.57964202962414	7713.061333097744
1515.1565260876812	9222.63666692851	12690.806211569557	0.5793853429481379	7708.051553763234
1516.3552258709785	9221.69073652189	12689.122630008842	0.5791286562721357	7703.041774428722
1517.5539256542756	9220.74480611527	12687.439149791444	0.5788719695961335	7698.031995094212
1518.7526254375728	9219.79887570865	12685.755770908214	0.5786152829201313	7693.022215759701
1519.95132522087	9218.85294530203	12684.072493349999	0.5783604431851967	7688.01243642519
1521.1500250041672	9217.907014895409	12682.389317107658	0.5781057830501798	7683.002657090679
1522.3487247874646	9216.961084488788	12680.706242172037	0.5778511229151627	7677.992877756169
1523.5474245707617	9216.015154082168	12679.02326853399	0.5775964627801458	7672.983098421659
1524.746124354059	9215.06922367555	12677.340396184378	0.5773418026451287	7667.973319087147
1525.9448241373561	9214.123293268927	12675.657625114054	0.5770871425101117	7662.963539752637
1527.1435239206535	9213.177362862307	12673.974955313874	0.5768341939215109	7657.953760418126
1528.3422237039506	9212.231432455686	12672.292386774698	0.5765815503333444	7652.943981083615
1529.5409234872477	9211.285502049068	12670.609919487388	0.5763289067451778	7647.9342017491035
1530.739623270545	9210.339571642446	12668.927553442802	0.5760762631570111	7642.924422414593
1531.9383230538422	9209.393641235825	12667.2452886318	0.5758236195688445	7637.914643080084
1533.1370228371395	9208.447710829207	12665.563125045252	0.575570975980678	7632.904863745572
1534.3357226204366	9207.501780422586	12663.881062674012	0.5753199097206168	7627.895084411061
1535.534422403734	9206.555850015964	12662.199101508952	0.575069272589221	7622.88530507655
1536.733122187031	9205.609919609344	12660.517241540936	0.5748186354578254	7617.87552574204
1537.9318219703284	9204.663989202725	12658.835482760835	0.5745679983264298	7612.865746407529
1539.1305217536255	9203.718058796105	12657.153825159512	0.5743173611950342	7607.855967073018
1540.3292215369227	9202.772128389483	12655.472268727837	0.5740667240636386	7602.846187738508
1541.52792132022	9201.826197982864	12653.790813456688	0.5738175312407091	7597.836408403996
1542.7266211035171	9200.880267576244	12652.109459336927	0.5735688903860112	7592.826629069486
1543.9253208868145	9199.934337169623	12650.428206359431	0.5733202495313133	7587.816849734975
1545.1240206701116	9198.988406763003	12648.747054515077	0.5730716086766154	7582.807070400465
1546.322720453409	9198.042476356382	12647.066003794735	0.5728229678219176	7577.797291065953
1547.521420236706	9197.096545949762	12645.38505418928	0.5725743269672197	7572.787511731443
1548.7201200200034	9196.150615543142	12643.704205689597	0.5723269986207441	7567.777732396932
1549.9188198033005	9195.204685136521	12642.023458286561	0.572080343778451	7562.767953062421
1551.1175195865976	9194.2587547299	12640.342811971046	0.5718336889361578	7557.758173727911
1552.316219369895	9193.31282432328	12638.662266733936	0.5715870340938646	7552.748394393399
1553.514919153192	9192.366893916662	12636.981822566117	0.5713403792515714	7547.73861505889
1554.7136189364894	9191.420963510041	12635.301479458465	0.5710937244092782	7542.728835724378
1555.9123187197865	9190.47503310342	12633.621237401869	0.5708482515135324	7537.719056389868
1557.1110185030839	9189.529102696799	12631.941096387209	0.570603572340732	7532.709277055356
1558.309718286381	9188.58317229018	12630.261056405376	0.5703588931679318	7527.699497720846
1559.5084180696783	9187.63724188356	12628.581117447253	0.5701142139951314	7522.689718386335
1560.7071178529754	9186.691311476938	12626.901279503729	0.5698695348223312	7517.6799390518245
1561.9058176362726	9185.74538107032	12625.221542565696	0.5696248556495308	7512.670159717315
1563.10451741957	9184.799450663699	12623.541906624041	0.5693812291178507	7507.660380382802
1564.303217202867	9183.853520257078	12621.862371669657	0.569138515198443	7502.650601048293
1565.5019169861644	9182.907589850456	12620.182937693435	0.5688958012790354	7497.640821713781
1566.7006167694615	9181.961659443838	12618.503604686273	0.5686530873596277	7492.631042379271
1567.8993165527588	9181.015729037217	12616.824372639063	0.56841037344022	7487.621263044759
1569.098016336056	9180.069798630597	12615.145241542697	0.5681676595208124	7482.611483710249
1570.2967161193533	9179.123868223975	12613.466211388077	0.5679258702095861	7477.601704375738
1571.4954159026504	9178.177937817356	12611.787282166104	0.5676851110595466	7472.591925041227
1572.6941156859475	9177.232007410736	12610.108453867668	0.5674443519095071	7467.582145706718
1573.8928154692449	9176.286077004115	12608.429726483675	0.5672035927594676	7462.572366372206
1575.091515252542	9175.340146597495	12606.751100005027	0.5669628336094281	7457.562587037696
1576.2902150358393	9174.394216190874	12605.072574422624	0.5667220744593886	7452.552807703184
1577.4889148191364	9173.448285784254	12603.394149727368	0.5664821131719354	7447.543028368674
1578.6876146024338	9172.502355377635	12601.71582591017	0.5662432982444188	7442.533249034163
1579.8863143857309	9171.556424971013	12600.037602961927	0.5660044833169022	7437.523469699652
1581.0850141690282	9170.610494564393	12598.359480873552	0.5657656683893857	7432.513690365141
1582.2837139523253	9169.664564157772	12596.681459635953	0.565526853461869	7427.503911030631
1583.4824137356225	9168.718633751154	12595.003539240037	0.5652880385343525	7422.494131696121
1584.6811135189198	9167.772703344532	12593.325719676714	0.565049896024692	7417.484352361609
1585.879813302217	9166.826772937911	12591.648000936893	0.5648130147149748	7412.474573027099
1587.0785130855143	9165.880842531293	12589.970383011492	0.5645761334052576	7407.464793692588
1588.2772128688114	9164.934912124672	12588.292865891419	0.5643392520955404	7402.455014358077
1589.4759126521087	9163.98898171805	12586.61544956759	0.564102370785823	7397.445235023566
1590.6746124354058	9163.04305131143	12584.93813403092	0.5638654894761058	7392.435455689055
1591.873312218703	9162.097120904811	12583.260919272328	0.5636291564526194	7387.425676354545
1593.0720120020003	9161.15119049819	12581.583805282731	0.5633941981028898	7382.415897020033
1594.2707117852974	9160.205260091569	12579.906792053045	0.5631592397531603	7377.406117685524
1595.4694115685948	9159.25932968495	12578.229879574195	0.5629242814034308	7372.396338351013
1596.6681113518919	9158.31339927833	12576.553067837096	0.5626893230537012	7367.386559016502
1597.8668111351892	9157.36746887171	12574.876356832674	0.5624543647039717	7362.376779681991
1599.0655109184863	9156.421538465089	12573.199746551853	0.562219831832958	7357.36700034748
1600.2642107017837	9155.475608058468	12571.523236985551	0.5619867857369535	7352.35722101297
1601.4629104850808	9154.529677651848	12569.8468281247	0.561753739640949	7347.347441678458
1602.661610268378	9153.583747245228	12568.170519960224	0.5615206935449445	7342.337662343948
1603.8603100516752	9152.637816838607	12566.494312483053	0.56128764744894	7337.327883009437
1605.0590098349724	9151.691886431987	12564.818205684112	0.5610546013529355	7332.318103674927
1606.2577096182697	9150.745956025366	12563.142199554331	0.5608218592620628	7327.308324340415
1607.4564094015668	9149.800025618748	12561.466294084645	0.5605907146695603	7322.298545005905
1608.6551091848642	9148.854095212126	12559.790489265979	0.5603595700770578	7317.288765671395
1609.8538089681613	9147.908164805505	12558.114785089268	0.5601284254845553	7312.2789863368835
1611.0525087514586	9146.962234398885	12556.43918154545	0.5598972808920528	7307.269207002372
1612.2512085347557	9146.016303992266	12554.763678625459	0.5596661362995503	7302.259427667861
1613.4499083180528	9145.070373585644	12553.08827632023	0.5594351755812085	7297.2496483333525
1614.6486081013502	9144.124443179024	12551.412974620698	0.5592059217023705	7292.2398689988395
1615.8473078846473	9143.178512772405	12549.737773517807	0.5589766678235325	7287.23008966433
1617.0460076679447	9142.232582365785	12548.06267300249	0.5587474139446944	7282.220310329819
1618.2447074512418	9141.286651959163	12546.387673065694	0.5585181600658565	7277.2105309953085
1619.443407234539	9140.340721552542	12544.712773698355	0.5582889061870184	7272.200751660797
1620.6421070178362	9139.394791145924	12543.03797489142	0.5580597174015709	7267.190972326286
1621.8408068011336	9138.448860739303	12541.363276635831	0.5578323434111504	7262.181192991776
1623.0395065844307	9137.502930332681	12539.688678922532	0.55760496942073	7257.171413657265
1624.2382063677278	9136.556999926062	12538.014181742472	0.5573775954303095	7252.161634322755
1625.4369061510251	9135.611069519442	12536.339785086595	0.5571502214398891	7247.151854988242
1626.6356059343223	9134.665139112822	12534.66548894585	0.5569228474494686	7242.142075653734
1627.8343057176196	9133.7192087062	12532.991293311186	0.5566954734590482	7237.132296319222
1629.0330055009167	9132.77327829958	12531.31719817356	0.5564699161698178	7232.122516984711
1630.231705284214	9131.82734789296	12529.64320352391	0.5562444112112276	7227.112737650201
1631.4304050675112	9130.88141748634	12527.9693093532	0.5560189062526374	7222.10295831569
1632.6291048508085	9129.93548707972	12526.29551565238	0.5557934012940472	7217.093178981178
1633.8278046341056	9128.9895566731	12524.621822412402	0.555567896335457	7212.083399646667
1635.0265044174027	9128.043626266479	12522.948229624226	0.5553423913768669	7207.073620312159
1636.2252042007	9127.097695859859	12521.274737278807	0.5551185761737132	7202.063840977646
1637.4239039839972	9126.151765453238	12519.601345367106	0.5548949293629594	7197.054061643136
1638.6226037672945	9125.205835046618	12517.928053880076	0.5546712825522054	7192.044282308625
1639.8213035505917	9124.259904639997	12516.254862808677	0.5544476357414516	7187.034502974115
1641.020003333889	9123.313974233377	12514.58177214388	0.5542239889306977	7182.0247236396035
1642.2187031171861	9122.368043826757	12512.90878187664	0.5540003421199439	7177.014944305092
1643.4174029004835	9121.422113420136	12511.235891997918	0.5537782594621075	7172.005164970582
1644.6161026837806	9120.476183013516	12509.563102498683	0.5535564598915932	7166.995385636071
1645.8148024670777	9119.530252606897	12507.890413369902	0.553334660321079	7161.985606301561
1647.013502250375	9118.584322200275	12506.217824602534	0.55311286075056465	7156.975826967049
1648.2122020336722	9117.638391793655	12504.545336187555	0.5528910611800505	7151.96604763254
1649.4109018169695	9116.692461387036	12502.872948115932	0.5526692616095361	7146.956268298029
1650.6096016002666	9115.746530980416	12501.20066037863	0.5524489019399723	7141.946488963517
1651.808301383564	9114.800600573793	12499.528472966625	0.5522289386821749	7136.936709629007
1653.007001166861	9113.854670167173	12497.856385870888	0.5520089754243775	7131.926930294496
1654.2057009501582	9112.908739760554	12496.184399082393	0.5517890121665803	7126.9171509599855
1655.4044007334555	9111.962809353934	12494.512512592111	0.5515690489087829	7121.907371625473
1656.6031005167526	9111.016878947312	12492.84072639102	0.5513490856509856	7116.897592290965
1657.80180030005	9110.070948540693	12491.169040470097	0.5511304393990296	7111.887812956454
1659.000500083347	9109.125018134073	12489.497454820315	0.5509123015100524	7106.878033621942
1660.1991998666444	9108.179087727452	12487.825969432655	0.5506941636210753	7101.868254287431
1661.3978996499416	9107.23315732083	12486.154584298101	0.5504760257320981	7096.858474952921
1662.596599433239	9106.287226914212	12484.48329940763	0.5502578878431208	7091.84869561841
1663.795299216536	9105.341296507591	12482.812114752222	0.5500397499541436	7086.8389162838985
1664.9939989998331	9104.395366100971	12481.141030322862	0.549822807538095	7081.829136949389
1666.1926987831305	9103.44943569435	12479.470046110535	0.5496064840610996	7076.819357614878
1667.3913985664276	9102.50350528773	12477.799162106223	0.5493901605841042	7071.8095782803675
1668.590098349725	9101.55757488111	12476.128378300915	0.5491738371071087	7066.799798945856
1669.788798133022	9100.611644474491	12474.4576946856	0.5489575136301132	7061.790019611346
1670.9874979163194	9099.665714067869	12472.787111251257	0.5487411901531178	7056.780240276835
1672.1861976996165	9098.719783661249	12471.116627988886	0.5485259419827401	7051.770460942324
1673.3848974829139	9097.773853254628	12469.446244889472	0.5483114219512584	7046.760681607812
1674.583597266211	9096.82792284801	12467.77596194401	0.5480969019197766	7041.750902273302
1675.782297049508	9095.881992441387	12466.10577914349	0.5478823818882949	7036.741122938792
1676.9809968328054	9094.936062034767	12464.435696478904	0.547667861856813	7031.7313436042805
1678.1796966161025	9093.990131628148	12462.765713941251	0.5474533418253313	7026.721564269771
1679.3783963994	9093.044201221528	12461.095831521525	0.547239778304276	7021.71178493526
1680.577096182697	9092.098270814906	12459.42604921072	0.5470270507454108	7016.702005600749
1681.7757959659943	9091.152340408285	12457.75636699984	0.5468143231865458	7011.692226266237
1682.9744957492915	9090.206410001667	12456.08678487988	0.5466015956276806	7006.682446931727
1684.1731955325888	9089.260479595046	12454.41730284184	0.5463888680688156	7001.672667597216
1685.371895315886	9088.314549188424	12452.747920876725	0.5461761405099504	6996.662888262706
1686.570595099183	9087.368618781806	12451.078638975534	0.5459642520381005	6991.653108928195
1687.7692948824804	9086.422688375185	12449.40945712927	0.5457533059756109	6986.643329593684
1688.9679946657775	9085.476757968565	12447.740375328938	0.5455423599131214	6981.633550259174
1690.1666944490748	9084.530827561943	12446.071393565544	0.5453314138506318	6976.6237709246625
1691.365394232372	9083.584897155324	12444.402511830098	0.5451204677881423	6971.613991590152
1692.5640940156693	9082.638966748704	12442.733730113601	0.5449095217256527	6966.604212255641
1693.7627937989664	9081.693036342083	12441.065048407068	0.5446992987013919	6961.59443292113
1694.9614935822638	9080.747105935461	12439.396466701504	0.5444901231586715	6956.5846535866185
1696.1601933655609	9079.801175528843	12437.727984987925	0.5442809476159512	6951.574874252109
1697.358893148858	9078.855245122222	12436.05960325734	0.544071772073231	6946.565094917599
1698.5575929321553	9077.909314715602	12434.391321500758	0.5438625965305106	6941.555315583087
1699.7562927154524	9076.963384308981	12432.723139709204	0.5436534209877903	6936.545536248577
1700.9549924987498	9076.017453902361	12431.055057873682	0.5434448538101992	6931.535756914066
1702.153692282047	9075.07152349574	12429.387075985214	0.5432374378131494	6926.525977579555
1703.3523920653442	9074.125593089122	12427.71919403482	0.5430300218160994	6921.516198245044
1704.5510918486414	9073.1796626825	12426.05141201351	0.5428226058190494	6916.506418910533
1705.7497916319387	9072.23373227588	12424.383729912313	0.5426151898219994	6911.496639576022
1706.9484914152358	9071.287801869259	12422.716147722242	0.5424077738249495	6906.486860241512
1708.147191198533	9070.34187146264	12421.048665434326	0.5422008528959282	6901.477080907001
1709.3458909818303	9069.395941056018	12419.38128303958	0.5419951854757231	6896.46730157249
1710.5445907651274	9068.450010649398	12417.714000529033	0.5417895180555182	6891.45752223798
1711.7432905484247	9067.50408024278	12416.04681789371	0.5415838506353132	6886.447742903469
1712.9419903317219	9066.558149836159	12414.379735124636	0.5413781832151082	6881.437963568958
1714.1406901150192	9065.612219429537	12412.712752212836	0.5411725157949032	6876.428184234447
1715.3393898983163	9064.666289022916	12411.045869149339	0.540967231521223	6871.418404899936
1716.5380896816134	9063.720358616298	12409.379085925177	0.5407633017169812	6866.408625565426
1717.7367894649108	9062.774428209677	12407.712402531379	0.5405593719127393	6861.398846230915
1718.935489248208	9061.828497803055	12406.045818958975	0.5403554421084975	6856.389066896405
1720.1341890315052	9060.882567396437	12404.379335199	0.5401515123042556	6851.379287561893
1721.3328888148023	9059.936636989816	12402.712951242485	0.5399475825000138	6846.3695082273825
1722.5315885980997	9058.990706583196	12401.046667080467	0.539743925295303	6841.359728892872
1723.7302883813968	9058.044776176575	12399.38048270398	0.5395417221566557	6836.349949558361
1724.9289881646941	9057.098845769955	12397.71439810406	0.5393395190180084	6831.34017022385
1726.1276879479913	9056.152915363335	12396.048413271747	0.5391373158793611	6826.3303908893395
1727.3263877312884	9055.206984956714	12394.382528198077	0.5389351127407138	6821.320611554829
1728.5250875145857	9054.261054550094	12392.716742874094	0.5387329096020664	6816.310832220318
1729.7237872978828	9053.315124143473	12391.051057290837	0.5385308698887269	6811.301052885808
1730.9224870811802	9052.369193736853	12389.385471439347	0.5383303824782925	6806.291273551297
1732.1211868644773	9051.423263330233	12387.719985310667	0.5381298950678581	6801.281494216786
1733.3198866477746	9050.477332923612	12386.054598895846	0.5379294076574237	6796.271714882275
1734.5185864310718	9049.531402516992	12384.389312185926	0.5377289202469893	6791.261935547765
1735.717286214369	9048.585472110371	12382.724125171952	0.5375284328365548	6786.252156213253
1736.9159859976662	9047.639541703753	12381.059037844972	0.5373280010476135	6781.242376878743
1738.1146857809633	9046.69361129713	12379.394050196037	0.5371292184433808	6776.232597544232
1739.3133855642607	9045.74768089051	12377.729162216194	0.5369304358391481	6771.2228182097215
1740.5120853475578	9044.801750483892	12376.064373896495	0.5367316532349155	6766.213038875211
1741.7107851308551	9043.855820077271	12374.399685227992	0.5365328706306828	6761.2032595407
1742.9094849141522	9042.90988967065	12372.735096201737	0.5363340880264501	6756.193480206189
1744.1081846974496	9041.963959264029	12371.070606808784	0.5361353054222174	6751.183700871678
1745.3068844807467	9041.01802885741	12369.406217040192	0.5359381659049672	6746.173921537167
1746.505584264044	9040.07209845079	12367.74192688701	0.5357410772025867	6741.164142202656
1747.7042840473412	9039.126168044168	12366.0777363403	0.5355439885002061	6736.154362868147
1748.9029838306383	9038.180237637549	12364.41364539112	0.5353468997978257	6731.144583533635
1750.1016836139356	9037.234307230929	12362.749654030526	0.5351498110954451	6726.134804199124
1751.3003833972327	9036.288376824308	12361.08576224958	0.5349527223930646	6721.125024864614
1752.49908318053	9035.342446417686	12359.421970039344	0.5347571608207502	6716.1152455301035
1753.6977829638272	9034.396516011067	12357.758277390883	0.5345617551357387	6711.105466195592
1754.8964827471245	9033.450585604447	12356.094684295256	0.5343663494507273	6706.095686861081
1756.0951825304217	9032.504655197827	12354.43119074353	0.5341709437657158	6701.085907526571
1757.293882313719	9031.558724791206	12352.767796726772	0.5339755380807043	6696.0761281920595
1758.492582097016	9030.612794384586	12351.104502236045	0.5337801323956929	6691.066348857549
1759.6912818803132	9029.666863977965	12349.44130726242	0.5335861392656852	6686.056569523039
1760.8899816636106	9028.720933571345	12347.778211796962	0.5333924057355457	6681.046790188528
1762.0886814469077	9027.775003164725	12346.115215830747	0.5331986722054062	6676.037010854017
1763.287381230205	9026.829072758104	12344.452319354841	0.5330049386752665	6671.027231519506
1764.4860810135021	9025.883142351484	12342.78952236032	0.532811205145127	6666.017452184995
1765.6847807967995	9024.937211944865	12341.126824838253	0.5326174716149875	6661.007672850485
1766.8834805800966	9023.991281538243	12339.464226779719	0.532425037444105	6655.997893515973
1768.082180363394	9023.045351131623	12337.801728175788	0.5322329652303616	6650.988114181462
1769.280880146691	9022.099420725002	12336.13932901754	0.5320408930166184	6645.978334846953
1770.4795799299882	9021.153490318384	12334.477029296053	0.5318488208028751	6640.968555512442
1771.6782797132855	9020.207559911762	12332.814829002402	0.5316567485891318	6635.95877617793
1772.8769794965826	9019.261629505141	12331.152728127669	0.5314646763753885	6630.94899684342
1774.07567927988	9018.315699098523	12329.490726662936	0.5312737917013656	6625.93921750891
1775.274379063177	9017.369768691902	12327.82882459928	0.5310833699915211	6620.9294381743985
1776.4730788464744	9016.42383828528	12326.16702192779	0.5308929482816763	6615.919658839887
1777.6717786297716	9015.47790787866	12324.505318639543	0.5307025265718318	6610.909879505376
1778.8704784130687	9014.531977472041	12322.843714725632	0.5305121048619872	6605.900100170867
1780.069178196366	9013.58604706542	12321.182210177136	0.5303216831521426	6600.890320836355
1781.2678779796631	9012.640116658798	12319.520804985146	0.5301323385350445	6595.880541501845
1782.4665777629605	9011.69418625218	12317.859499140748	0.5299435565444564	6590.870762167334
1783.6652775462576	9010.74825584556	12316.198292635032	0.5297547745538682	6585.8609828328235
1784.863977329555	9009.802325438939	12314.537185459089	0.5295659925632801	6580.851203498312
1786.062677112852	9008.856395032317	12312.876177604006	0.5293772105726919	6575.841424163801
1787.2613768961494	9007.910464625698	12311.215269060884	0.5291884285821038	6570.831644829291
1788.4600766794465	9006.964534219078	12309.554459820807	0.5290006146029651	6565.82186549478
1789.6587764627436	9006.018603812458	12307.893749874876	0.5288134615720655	6560.812086160269
1790.857476246041	9005.072673405837	12306.233139214186	0.528626308541166	6555.802306825759
1792.056176029338	9004.126742999217	12304.57262782983	0.5284391555102664	6550.792527491249
1793.2548758126354	9003.180812592596	12302.912215712908	0.5282520024793669	6545.7827481567365
1794.4535755959325	9002.234882185978	12301.251902854521	0.5280648494484673	6540.772968822226
1795.6522753792299	9001.288951779356	12299.591689245763	0.5278785566032976	6535.763189487716
1796.850975162527	9000.343021372735	12297.931574877739	0.5276930215993554	6530.753410153205
1798.0496749458243	8999.397090966115	12296.271559741548	0.5275074865954131	6525.743630818693
1799.2483747291215	8998.451160559496	12294.6116438283	0.5273219515914709	6520.733851484182
1800.4470745124186	8997.505230152874	12292.951827129093	0.5271364165875286	6515.724072149673
1801.645774295716	8996.559299746254	12291.292109635031	0.5269508815835863	6510.714292815162
1802.844474079013	8995.613369339635	12289.632491337226	0.5267660999671419	6505.704513480651
1804.0431738623104	8994.667438933015	12287.97297222678	0.526582171328564	6500.694734146141
1805.2418736456075	8993.721508526392	12286.313552294803	0.5263982426899861	6495.68495481163
1806.4405734289048	8992.775578119772	12284.654231532406	0.5262143140514083	6490.6751754771185
1807.639273212202	8991.829647713153	12282.995009930699	0.5260303854128303	6485.665396142607
1808.8379729954993	8990.883717306533	12281.335887480791	0.5258464567742525	6480.655616808097
1810.0366727787964	8989.93778689991	12279.676864173796	0.5256631758158047	6475.645837473587
1811.2353725620935	8988.991856493292	12278.017940000831	0.5254808409711271	6470.636058139076
1812.4340723453909	8988.045926086672	12276.359114953004	0.5252985061264497	6465.626278804564
1813.632772128688	8987.099995680052	12274.700389021436	0.5251161712817721	6460.616499470055
1814.8314719119853	8986.15406527343	12273.041762197241	0.5249338364370947	6455.606720135544
1816.0301716952824	8985.20813486681	12271.383234471543	0.5247515015924172	6450.596940801032
1817.2288714785798	8984.26220446019	12269.724805835453	0.5245697100232337	6445.587161466522
1818.427571261877	8983.31627405357	12268.066476280092	0.5243889556101771	6440.577382132011
1819.6262710451742	8982.37034364695	12266.408245796587	0.5242082011971204	6435.5676027975
1820.8249708284714	8981.42441324033	12264.750114376055	0.5240274467840638	6430.557823462989
1822.0236706117685	8980.478482833709	12263.092082009622	0.5238466923710071	6425.54804412848
1823.2223703950658	8979.401021516269	12261.254067943215	0.5236659379579504	6421.002702866303
1824.421070178363	8977.746066537158	12258.625533572262	0.523485624005095	6418.496502375987
1825.6197699616603	8976.091111558046	12255.99715731398	0.5233064363615779	6415.990301885672
1826.8184697449574	8974.436156578933	12253.368939154105	0.5231272487180608	6413.484101395357
1828.0171695282547	8972.78120159982	12250.740879078368	0.5229480610745438	6410.977900905042
1829.2158693115518	8971.12624662071	12248.112977072513	0.5227688734310267	6408.471700414728
1830.4145690948492	8969.471291641597	12245.485233122272	0.5225896857875096	6405.965499924412
1831.6132688781463	8967.816336662485	12242.857647213397	0.5224108374985154	6403.4592994340965
1832.8119686614434	8966.161381683372	12240.230219331617	0.5222332029553116	6400.953098943783
1834.0106684447408	8964.506426704262	12237.60294946269	0.5220555684121079	6398.446898453467
1835.2093682280379	8962.851471725151	12234.975837592352	0.5218779338689041	6395.940697963152
1836.4080680113352	8961.196516746037	12232.348883706352	0.5217002993257003	6393.434497472837
1837.6067677946323	8959.541561766926	12229.722087790447	0.5215226647824965	6390.928296982522
1838.8054675779297	8957.886606787813	12227.09544983038	0.5213452702035272	6388.422096492206
1840.0041673612268	8956.231651808703	12224.468969811907	0.521169175112707	6385.915896001892
1841.2028671445241	8954.576696829588	12221.842647720783	0.5209930800218867	6383.4096955115765
1842.4015669278212	8952.921741850478	12219.216483542767	0.5208169849310665	6380.903495021263
1843.6002667111184	8951.266786871365	12216.590477263611	0.5206408898402464	6378.397294530947
1844.7989664944157	8949.611831892254	12213.964628869082	0.5204647947494261	6375.891094040631
1845.9976662777128	8947.95687691314	12211.338938344934	0.520288841946459	6373.384893550317
1847.1963660610102	8946.30192193403	12208.713405676937	0.5201142727083924	6370.878693060002
1848.3950658443073	8944.646966954917	12206.088030850851	0.5199397034703259	6368.372492569687
1849.5937656276046	8942.992011975806	12203.46281385245	0.5197651342322593	6365.866292079372
1850.7924654109017	8941.337056996694	12200.837754667495	0.5195905649941928	6363.3600915890565
1851.9911651941989	8939.682102017581	12198.212853281755	0.5194159957561263	6360.853891098742
1853.1898649774962	8938.02714703847	12195.588109681008	0.5192414728339726	6358.347690608427
1854.3885647607933	8936.372192059358	12192.963523851024	0.5190684158845428	6355.841490118112
1855.5872645440907	8934.717237080245	12190.339095777581	0.518895358935113	6353.335289627797
1856.7859643273878	8933.062282101133	12187.714825446452	0.518722301985683	6350.829089137482
1857.9846641106851	8931.407327122022	12185.09071284342	0.5185492450362532	6348.322888647167
1859.1833638939822	8929.75237214291	12182.466757954258	0.5183761880868234	6345.816688156851
1860.3820636772796	8928.097417163797	12179.84296076476	0.5182031311373935	6343.310487666537
1861.5807634605767	8926.442462184685	12177.219321260698	0.5180315250565211	6340.804287176222
1862.7794632438738	8924.787507205574	12174.595839427866	0.5178599669361144	6338.298086685906
1863.9781630271711	8923.132552226461	12171.972515252046	0.5176884088157075	6335.791886195592
1865.1768628104683	8921.477597247349	12169.34934871903	0.5175168506953008	6333.285685705277
1866.3755625937656	8919.822642268238	12166.726339814608	0.517345292574894	6330.779485214961
1867.5742623770627	8918.167687289126	12164.10348852457	0.5171737344544873	6328.273284724647
1868.77296216036	8916.512732310015	12161.480794834713	0.5170035212597038	6325.767084234331
1869.9716619436572	8914.8577773309	12158.858258730828	0.5168334486271565	6323.260883744017
1871.1703617269545	8913.20282235179	12156.23588019872	0.5166633759946091	6320.754683253702
1872.3690615102516	8911.5478673726775	12153.613659224182	0.5164933033620617	6318.248482763386
1873.5677612935488	8909.892912393567	12150.991595793019	0.5163232307295142	6315.742282273071
1874.766461076846	8908.237957414452	12148.369689891031	0.5161531580969669	6313.236081782757
1875.9651608601432	8906.583002435342	12145.747941504022	0.5159843262176234	6310.729881292442
1877.1638606434406	8904.92804745623	12143.126350617798	0.5158157258498774	6308.223680802126
1878.3625604267377	8903.273092477119	12140.50491721817	0.5156471254821317	6305.717480311811
1879.561260210035	8901.618137498004	12137.883641290944	0.5154785251143859	6303.211279821496
1880.7599599933321	8899.963182518894	12135.262522821933	0.5153099247466401	6300.705079331181
1881.9586597766295	8898.308227539783	12132.64156179695	0.5151413243788941	6298.198878840866
1883.1573595599266	8896.65327256067	12130.020758201803	0.5149738623399605	6295.692678350551
1884.3560593432237	8894.998317581558	12127.40011202232	0.5148067211316829	6293.186477860237
1885.554759126521	8893.343362602445	12124.779623244309	0.5146395799234053	6290.680277369921
1886.7534589098182	8891.688407623335	12122.159291853597	0.5144724387151276	6288.174076879606
1887.9521586931155	8890.033452644222	12119.539117835997	0.51430529750685	6285.667876389291
1889.1508584764126	8888.37849766511	12116.91910117734	0.5141381562985724	6283.161675898977
1890.34955825971	8886.723542685997	12114.299241863444	0.5139720527203314	6280.655475408661
1891.548258043007	8885.068587706886	12111.679539880144	0.5138063576835034	6278.149274918346
1892.7469578263044	8883.413632727774	12109.05999521326	0.5136406626466752	6275.643074428031
1893.9456576096015	8881.758677748661	12106.440607848626	0.5134749676098471	6273.136873937716
1895.1443573928987	8880.10372276955	12103.821377772072	0.513309272573019	6270.630673447402
1896.343057176196	8878.448767790438	12101.202304969429	0.5131435775361909	6268.124472957086
1897.5417569594931	8876.793812811327	12098.583389426538	0.5129788211339091	6265.618272466771
1898.7404567427905	8875.138857832213	12095.96463112923	0.5128145593973825	6263.112071976457
1899.9391565260876	8873.483902853102	12093.346030063347	0.5126502976608561	6260.605871486141
1901.137856309385	8871.82894787399	12090.727586214727	0.5124860359243295	6258.099670995825
1902.336556092682	8870.17399289488	12088.109299569212	0.512321774187803	6255.5934705055115
1903.5352558759794	8868.519037915765	12085.491170112648	0.5121575124512765	6253.087270015196
1904.7339556592765	8866.864082936654	12082.873197830879	0.5119940920348557	6250.581069524881
1905.9326554425736	8865.209127957542	12080.255382709747	0.5118312508438835	6248.074869034566
1907.131355225871	8863.55417297843	12077.637724735107	0.5116684096529113	6245.568668544251
1908.330055009168	8861.899217999318	12075.020223892807	0.5115055684619391	6243.062468053936
1909.5287547924654	8860.244263020206	12072.402880168696	0.5113427272709669	6240.556267563621
1910.7274545757625	8858.589308041095	12069.785693548634	0.5111798860799946	6238.050067073306
1911.9261543590599	8856.934353061983	12067.16866401847	0.5110177905536043	6235.543866582991
1913.124854142357	8855.279398082872	12064.551791564065	0.5108563572693415	6233.037666092676
1914.323553925654	8853.624443103758	12061.935076171276	0.5106949239850789	6230.531465602361
1915.5222537089514	8851.969488124647	12059.318517825965	0.5105334907008161	6228.025265112045
1916.7209534922486	8850.314533145534	12056.70211651399	0.5103720574165533	6225.519064621732
1917.919653275546	8848.659578166424	12054.085872221222	0.5102106241322906	6223.012864131416
1919.118353058843	8847.00462318731	12051.469784933519	0.5100498424939827	6220.5066636411
1920.3170528421406	8845.349668208199	12048.853854636754	0.5098898045929622	6218.000463150785
1921.5157526254375	8843.694713229086	12046.238081316791	0.5097297666919418	6215.494262660471
1922.7144524087346	8842.039758249975	12043.622464959508	0.5095697287909213	6212.988062170155
1923.9131521920322	8840.384803270863	12041.00700555077	0.5094096908899008	6210.481861679841
1925.111851975329	8838.72984829175	12038.391703076451	0.5092496529888805	6207.9756611895255
1926.3105517586266	8837.07489331264	12035.776557522431	0.5090901743301864	6205.469460699211
1927.5092515419235	8835.419938333527	12033.161568874586	0.5089315194037711	6202.963260208896
1928.707951325221	8833.764983354415	12030.546737118797	0.5087728644773557	6200.45705971858
1929.906651108518	8832.110028375302	12027.93206224094	0.5086142095509404	6197.950859228266
1931.105350891815	8830.455073396191	12025.3175442269	0.5084555546245251	6195.444658737951
1932.3040506751126	8828.800118417079	12022.70318306256	0.5082968996981096	6192.938458247635
1933.5027504584095	8827.145163437966	12020.08897873381	0.508138713203622	6190.43225775732
1934.701450241707	8825.490208458854	12017.474931226534	0.507981428957433	6187.9260572670055
1935.900150025004	8823.835253479743	12014.861040526623	0.507824144711244	6185.419856776691
1937.0988498083016	8822.18029850063	12012.247306619962	0.5076668604650549	6182.913656286376
1938.2975495915985	8820.525343521518	12009.633729492452	0.5075095762188659	6180.40745579606
1939.4962493748956	8818.870388542407	12007.020309129986	0.507352291972677	6177.901255305745
1940.6949491581931	8817.215433563295	12004.407045518456	0.5071953869196146	6175.395054815431
1941.89364894149	8815.560478584184	12001.793938643761	0.5070394611729384	6172.888854325115
1943.0923487247876	8813.90552360507	11999.1809884918	0.5068835354262621	6170.3826538348
1944.2910485080845	8812.25056862596	11996.568195048478	0.5067276096795857	6167.8764533444855
1945.489748291382	8810.595613646847	11993.95555829969	0.5065716839329095	6165.37025285417
1946.688448074679	8808.940658667736	11991.343078231352	0.5064157581862332	6162.864052363855
1947.887147857976	8807.285703688622	11988.73075482936	0.5062601239439931	6160.35785187354
1949.0858476412736	8805.630748709511	11986.118588079626	0.5061055446291691	6157.8516513832255
1950.2845474245705	8803.975793730398	11983.506577968055	0.5059509653143452	6155.34545089291
1951.483247207868	8802.320838751288	11980.89472448057	0.5057963859995214	6152.839250402595
1952.681946991165	8800.665883772173	11978.28302760307	0.5056418066846974	6150.33304991228
1953.8806467744625	8799.010928793063	11975.671487321479	0.5054872273698735	6147.826849421965
1955.0793465577594	8797.355973813952	11973.06010362171	0.5053328533995683	6145.32064893165
1956.2780463410566	8795.70101883484	11970.44887648968	0.5051796085613567	6142.814448441335
1957.4767461243541	8794.046063855727	11967.837805911311	0.505026363723145	6140.30824795102
1958.675445907651	8792.391108876614	11965.226891872522	0.5048731188849332	6137.802047460706
1959.8741456909486	8790.736153897504	11962.61613435924	0.5047198740467216	6135.29584697039
1961.0728454742455	8789.081198918391	11960.005533357382	0.5045666292085098	6132.789646480074
1962.271545257543	8787.426243939279	11957.395088852883	0.5044135050624925	6130.28344598976
1963.47024504084	8785.771288960166	11954.784800831665	0.5042615828574237	6127.777245499445
1964.668944824137	8784.116333981056	11952.174669279666	0.504109660652355	6125.27104500913
1965.8676446074346	8782.461379001943	11949.564694182807	0.5039577384472862	6122.764844518815
1967.0663443907315	8780.80642402283	11946.954875527028	0.5038058162422174	6120.2586440284995
1968.265044174029	8779.15146904372	11944.345213298262	0.5036538940371487	6117.752443538185
1969.463743957326	8777.496514064607	11941.735707482445	0.5035020093585247	6115.24624304787
1970.6624437406235	8775.841559085497	11939.126358065518	0.5033513980542333	6112.740042557555
1971.8611435239204	8774.186604106382	11936.517165033416	0.503200786749942	6110.23384206724
1973.0598433072175	8772.531649127272	11933.908128372084	0.5030501754456506	6107.727641576925
1974.258543090515	8770.876694148159	11931.299248067464	0.5028995641413592	6105.221441086609
1975.457242873812	8769.221739169048	11928.690524105503	0.5027489528370679	6102.715240596295
1976.6559426571096	8767.566784189934	11926.081956472148	0.5025983415327765	6100.20904010598
1977.8546424404065	8765.911829210823	11923.473545153343	0.5024489853337392	6097.702839615665
1979.053342223704	8764.25687423171	11920.865290135042	0.5022996733082821	6095.19663912535
1980.252042007001	8762.6019192526	11918.257191403196	0.502150361282825	6092.690438635034
1981.450741790298	8760.946964273488	11915.649248943759	0.502001049257368	6090.1842381447195
1982.6494415735956	8759.292009294375	11913.041462742682	0.5018517372319109	6087.678037654405
1983.8481413568925	8757.637054315264	11910.433832785926	0.5017024252064538	6085.17183716409
1985.04684114019	8755.982099336152	11907.826359059447	0.5015542765190538	6082.665636673774
1986.245540923487	8754.32714435704	11905.21904154921	0.5014062522602128	6080.15943618346
1987.4442407067845	8752.672189377927	11902.611880241167	0.501258228001372	6077.653235693145
1988.6429404900814	8751.017234398816	11900.004875121296	0.501110203742531	6075.147035202829
1989.8416402733785	8749.362279419704	11897.398026175546	0.50096217948369	6072.640834712515
1991.040340056676	8747.707324440591	11894.791333389896	0.5008141552248492	6070.1346342222
1992.239039839973	8746.052369461479	11892.184796750309	0.5006672040704284	6067.628433731884
1993.4377396232705	8744.397414482368	11889.578416242757	0.500520456175001	6065.122233241569
1994.6364394065674	8742.742459503255	11886.972191853212	0.5003737082795735	6062.616032751254
1995.835139189865	8741.087504524143	11884.366123567648	0.500226960384146	6060.109832260939
1997.033838973162	8739.432549545032	11881.76021137204	0.5000802124887186	6057.603631770625
1998.232538756459	8737.77759456592	11879.15445525236	0.49993346459329113	6055.097431280309
1999.4312385397566	8736.122639586809	11876.548855194595	0.4997877010811626	6052.591230789994
2000.6299383230535	8734.467684607695	11873.943411184719	0.49964221825423766	6050.08503029968
2001.828638106351	8732.812729628584	11871.338123208718	0.4994967354273126	6047.578829809364
2003.027337889648	8731.157774649471	11868.732991252571	0.49935125260038765	6045.072629319049
2004.2260376729455	8729.50281967036	11866.128015302267	0.4992057697734626	6042.566428828734
2005.4247374562424	8727.847864691246	11863.523195343794	0.49906028694653765	6040.060228338419
2006.62343723954	8726.192909712136	11860.91853136314	0.49891570127343604	6037.554027848104
2007.822137022837	8724.537954733023	11858.314023346291	0.4987714723276609	6035.047827357789
2009.020836806134	8722.882999753912	11855.709671279245	0.49862724338188574	6032.541626867474
2010.2195365894315	8721.2280447748	11853.105475147991	0.49848301443611054	6030.035426377159
2011.4182363727284	8719.573089795687	11850.50143493853	0.4983387854903354	6027.529225886845
2012.616936156026	8717.918134816577	11847.897550636855	0.4981945565445602	6025.023025396529
2013.8156359393229	8716.263179837464	11845.293822228961	0.49805113899408393	6022.516824906214
2015.0143357226204	8714.608224858352	11842.690249700858	0.49790815284891826	6020.010624415899
2016.2130355059176	8712.953269879239	11840.086833038538	0.4977651667037526	6017.504423925584
2017.411735289215	8711.298314900128	11837.483572228015	0.4976221805585869	6014.998223435269
2018.610435072512	8709.643359921016	11834.880467255287	0.4974791944134213	6012.492022944954
2019.809134855809	8707.988404941905	11832.277518106364	0.49733620826825564	6009.985822454639
2021.0078346391065	8706.33344996279	11829.674724767254	0.4971939492103027	6007.479621964324
2022.2065344224034	8704.67849498368	11827.072087223967	0.49705219489126407	6004.973421474009
2023.405234205701	8703.023540004568	11824.469605462516	0.4969104405722254	6002.467220983694
2024.603933988998	8701.368585025457	11821.867279468916	0.49676868625318676	5999.96102049338
2025.8026337722954	8699.713630046343	11819.26510922918	0.4966269319341481	5997.454820003064
2027.0013335555925	8698.058675067232	11816.663094729329	0.49648517761510946	5994.948619512748
2028.2000333388899	8696.403720088121	11814.061235955378	0.4963440675053065	5992.442419022434
2029.398733122187	8694.748765109009	11811.459532893346	0.49620353414320545	5989.936218532119
2030.5974329054839	8693.093810129896	11808.857985529265	0.4960630007811044	5987.430018041804
2031.7961326887814	8691.438855150784	11806.256593849146	0.49592246741900325	5984.923817551489
2032.9948324720785	8689.783900171673	11803.655357839023	0.4957819340569022	5982.417617061174
2034.1935322553759	8688.12894519256	11801.05427748492	0.49564140069480106	5979.911416570858
2035.392232038673	8686.473990213448	11798.453352772867	0.495501430073927	5977.405216080544
2036.5909318219703	8684.819035234335	11795.852583688893	0.4953621069040948	5974.899015590228
2037.7896316052675	8683.164080255225	11793.251970219035	0.49522278373426276	5972.392815099914
2038.9883313885643	8681.509125276114	11790.651512349323	0.49508346056443064	5969.886614609599
2040.187031171862	8679.854170297	11788.05121006579	0.49494413739459847	5967.380414119283
2041.385730955159	8678.199215317889	11785.451063354478	0.49480481422476635	5964.874213628968
2042.5844307384564	8676.544260338776	11782.851072201423	0.49466597371817	5962.368013138654
2043.7831305217535	8674.889305359666	11780.25123659267	0.49452785007967914	5959.861812648339
2044.9818303050508	8673.234350380551	11777.651556514256	0.4943897264411883	5957.355612158023
2046.180530088348	8671.57939540144	11775.052031952227	0.4942516028026974	5954.849411667709
2047.3792298716453	8669.924440422328	11772.452662892627	0.49411347916420656	5952.343211177394
2048.5779296549426	8668.269485443217	11769.853449321508	0.4939753555257157	5949.837010687078
2049.7766294382395	8666.614530464103	11767.254391224917	0.493837635842729	5947.330810196764
2050.975329221537	8664.959575484992	11764.655488588902	0.4937007011776049	5944.824609706448
2052.174029004834	8663.30462050588	11762.056741399516	0.4935637665124808	5942.318409216133
2053.372728788131	8661.64966552677	11759.458149642815	0.49342683184735675	5939.812208725819
2054.5714285714284	8659.994710547657	11756.859713304853	0.49328989718223265	5937.306008235503
2055.770128354726	8658.339755568544	11754.261432371688	0.49315296251710855	5934.799807745188
2056.968828138023	8656.684800589432	11751.663306829378	0.4930163544504547	5932.293607254873
2058.16752792132	8655.029845610321	11749.065336663985	0.4928805983028842	5929.787406764559
2059.3662277046174	8653.374890631208	11746.467521861572	0.4927448421553137	5927.281206274244
2060.5649274879147	8651.719935652096	11743.869862408199	0.4926090860077432	5924.7750057839285
2061.7636272712116	8650.064980672985	11741.272358289938	0.4924733298601728	5922.268805293614
2062.962327054509	8648.410025693873	11738.67500949285	0.4923375737126023	5919.762604803299
2064.1610268378063	8646.75507071476	11736.077816003008	0.49220206813780076	5917.256404312983
2065.3597266211036	8645.100115735648	11733.480777806477	0.4920674801533315	5914.750203822668
2066.5584264044005	8643.445160756537	11730.883894889339	0.4919328921688624	5912.244003332354
2067.757126187698	8641.790205777426	11728.287167237662	0.49179830418439313	5909.737802842038
2068.955825970995	8640.135250798312	11725.690594837519	0.49166371619992394	5907.231602351722
2070.154525754292	8638.480295819201	11723.094177674991	0.49152912821545475	5904.725401861409
2071.3532255375894	8636.825340840089	11720.497915736156	0.4913947160902208	5902.219201371094
2072.5519253208868	8635.170385860978	11717.901809007095	0.49126128601495944	5899.713000880778
2073.750625104184	8633.515430881864	11715.305857473892	0.49112785593969815	5897.206800390463
2074.949324887481	8631.860475902753	11712.710061122629	0.49099442586443687	5894.7005999001485
2076.1480246707783	8630.20552092364	11710.11441993939	0.4908609957891755	5892.194399409833
2077.3467244540757	8628.55056594453	11707.518933910265	0.4907275657139142	5889.688198919518
2078.545424237373	8626.895610965415	11704.92360302134	0.4905942380775573	5887.181998429202
2079.74412402067	8625.240655986305	11702.328427258712	0.49046195575736057	5884.675797938888
2080.9428238039673	8623.585701007192	11699.733406608464	0.49032967343716377	5882.169597448573
2082.1415235872646	8621.930746028082	11697.138541056698	0.490197391116967	5879.663396958257
2083.3402233705615	8620.275791048969	11694.543830589508	0.49006510879677023	5877.157196467943
2084.538923153859	8618.620836069857	11691.949275192985	0.48993282647657344	5874.650995977629
2085.737622937156	8616.965881090746	11689.354874853238	0.489800574449391	5872.144795487313
2086.9363227204535	8615.310926111633	11686.760629556356	0.4896694298290542	5869.638594996997
2088.1350225037504	8613.65597113252	11684.166539288452	0.4895382852087175	5867.132394506683
2089.3337222870477	8612.001016153408	11681.572604035622	0.48940714058838075	5864.626194016368
2090.532422070345	8610.346061174298	11678.978823783977	0.489275995968044	5862.119993526052
2091.731121853642	8608.691106195185	11676.385198519622	0.4891448513477073	5859.613793035738
2092.9298216369393	8607.036151216073	11673.791728228667	0.48901370672737055	5857.107592545422
2094.1285214202367	8605.38119623696	11671.198412897218	0.48888364925281863	5854.601392055107
2095.327221203534	8603.72624125785	11668.605252511392	0.48875363237526054	5852.095191564793
2096.525920986831	8602.071286278739	11666.012247057304	0.48862361549770245	5849.588991074478
2097.7246207701282	8600.416331299624	11663.419396521065	0.4884935986201443	5847.0827905841625
2098.9233205534256	8598.761376320512	11660.826700888794	0.48836358174258615	5844.576590093848
2100.122020336723	8597.106421341401	11658.23416014661	0.488233564865028	5842.070389603532
2101.32072012002	8595.45146636229	11655.641774280635	0.48810455562099975	5839.564189113218
2102.519419903317	8593.796511383176	11653.049543276988	0.4879756566264457	5837.0579886229025
2103.7181196866145	8592.141556404065	11650.457467121798	0.48784675763189167	5834.551788132587
2104.9168194699114	8590.486601424953	11647.865545801184	0.4877178586373377	5832.045587642273
2106.1155192532087	8588.831646445842	11645.273779301275	0.48758895964278365	5829.539387151957
2107.314219036506	8587.176691466728	11642.682167608202	0.4874600606482296	5827.0331866616425
2108.5129188198034	8585.521736487617	11640.090710708097	0.48733209109081466	5824.526986171328
2109.7116186031003	8583.866781508506	11637.499408587088	0.487204300215976	5822.020785681013
2110.9103183863976	8582.211826529394	11634.908261231309	0.48707650934113733	5819.514585190697
2112.109018169695	8580.556871550281	11632.317268626894	0.48694871846629867	5817.0083847003825
2113.307717952992	8578.901916571169	11629.726430759985	0.48682092759146	5814.502184210068
2114.506417736289	8577.246961592058	11627.135747616721	0.48669313671662134	5811.995983719752
2115.7051175195866	8575.592006612946	11624.545219183237	0.48656619837963117	5809.489783229437
2116.903817302884	8573.937051633835	11621.95484544568	0.4864395059568844	5806.983582739122
2118.102517086181	8572.28209665472	11619.364626390188	0.48631281353413774	5804.477382248807
2119.301216869478	8570.62714167561	11616.774562002913	0.486186121111391	5801.971181758493
2120.4999166527755	8568.972186696497	11614.184652269996	0.48605942868864427	5799.464981268177
2121.698616436073	8567.317231717387	11611.59489717759	0.4859327362658975	5796.958780777862
2122.8973162193697	8565.662276738272	11609.005296711846	0.48580682076024856	5794.452580287548
2124.096016002667	8564.007321759162	11606.415850858912	0.48568121721681246	5791.946379797232
2125.2947157859644	8562.35236678005	11603.826559604942	0.4855556136733764	5789.440179306916
2126.4934155692613	8560.697411800938	11601.237422936094	0.4854300101299404	5786.933978816603
2127.6921153525586	8559.042456821826	11598.648440838526	0.48530440658650437	5784.427778326287
2128.890815135856	8557.387501842713	11596.059613298388	0.4851788030430683	5781.921577835971
2130.0895149191533	8555.7325468636	11593.47094030185	0.48505390205616417	5779.415377345657
2131.28821470245	8554.07759188449	11590.882421835071	0.4849293779132757	5776.909176855343
2132.4869144857475	8552.422636905378	11588.294057884212	0.4848048537703873	5774.402976365027
2133.685614269045	8550.767681926265	11585.705848435438	0.48468032962749885	5771.896775874712
2134.884314052342	8549.112726947154	11583.117793474925	0.48455580548461047	5769.390575384397
2136.083013835639	8547.457771968042	11580.529892988827	0.48443128134172203	5766.884374894082
2137.2817136189365	8545.80281698893	11577.942146963323	0.4843073866368367	5764.378174403767
2138.480413402234	8544.147862009817	11575.354555384583	0.4841839325089278	5761.871973913451
2139.6791131855307	8542.492907030706	11572.767118238784	0.4840604783810189	5759.3657734231365
2140.877812968828	8540.837952051594	11570.179835512095	0.48393702425310997	5756.859572932822
2142.0765127521254	8539.182997072481	11567.592707190697	0.48381357012520104	5754.353372442507
2143.2752125354223	8537.52804209337	11565.005733260765	0.48369011599729217	5751.847171952193
2144.4739123187196	8535.873087114258	11562.418913708481	0.4835672194129522	5749.340971461877
2145.672612102017	8534.218132135147	11559.832248520026	0.4834448260068252	5746.834770971562
2146.8713118853143	8532.563177156033	11557.245737681586	0.4833224326006981	5744.328570481247
2148.070011668611	8530.908222176922	11554.659381179341	0.4832000391945711	5741.822369990932
2149.2687114519085	8529.25326719781	11552.073178999482	0.4830776457884441	5739.3161695006165
2150.467411235206	8527.598312218699	11549.487131128195	0.482955252382317	5736.809969010302
2151.666111018503	8525.943357239585	11546.90123755167	0.4828333458316838	5734.303768519986
2152.8648108018	8524.288402260474	11544.315498256105	0.48271200394568714	5731.797568029671
2154.0635105850974	8522.633447281361	11541.72991322768	0.4825906620596905	5729.291367539357
2155.262210368395	8520.97849230225	11539.1444824526	0.48246932017369376	5726.785167049042
2156.4609101516917	8519.323537323138	11536.559205917061	0.48234797828769715	5724.278966558727
2157.659609934989	8517.668582344026	11533.974083607256	0.48222663640170044	5721.772766068412
2158.8583097182864	8516.013627364915	11531.389115509392	0.4821057118719533	5719.266565578097
2160.0570095015837	8514.358672385802	11528.804301609664	0.4819854123951602	5716.760365087781
2161.2557092848806	8512.70371740669	11526.219641894275	0.48186511291836714	5714.254164597467
2162.454409068178	8511.048762427577	11523.635136349434	0.48174481344157405	5711.747964107151
2163.6531088514753	8509.393807448467	11521.050784961344	0.48162451396478095	5709.241763616836
2164.851808634772	8507.738852469354	11518.466587716217	0.4815042144879879	5706.735563126522
2166.0505084180695	8506.083897490242	11515.882544600261	0.4813842640397076	5704.229362636207
2167.249208201367	8504.42894251113	11513.298655599683	0.481264997951092	5701.723162145891
2168.447907984664	8502.773987532019	11510.714920700702	0.4811457318624765	5699.216961655577
2169.646607767961	8501.119032552908	11508.13133988953	0.48102646577386104	5696.710761165262
2170.8453075512584	8499.464077573793	11505.547913152384	0.48090719968524553	5694.204560674946
2172.0440073345558	8497.809122594681	11502.964640475479	0.48078793359663	5691.698360184631
2173.242707117853	8496.15416761557	11500.38152184504	0.48066894936318266	5689.192159694316
2174.44140690115	8494.49921263646	11497.798557247284	0.4805507077308007	5686.685959204001
2175.6401066844473	8492.844257657345	11495.215746668433	0.4804324660984187	5684.179758713686
2176.8388064677447	8491.189302678235	11492.633090094718	0.4803142244660368	5681.673558223371
2178.0375062510416	8489.534347699122	11490.050587512354	0.48019598283365483	5679.167357733057
2179.236206034339	8487.879392720011	11487.468238907582	0.48007774120127283	5676.661157242742
2180.4349058176363	8486.224437740897	11484.886044266621	0.47995971538819593	5674.154956752426
2181.6336056009336	8484.569482761786	11482.304003575706	0.47984248936836427	5671.6487562621105
2182.8323053842305	8482.914527782676	11479.722116821073	0.4797252633485326	5669.142555771797
2184.031005167528	8481.259572803563	11477.140383988948	0.47960803732870094	5666.636355281481
2185.229704950825	8479.604617824449	11474.558805065572	0.4794908113088693	5664.130154791166
2186.428404734122	8477.949662845338	11471.977380037184	0.4793735852890376	5661.623954300851
2187.6271045174194	8476.294707866227	11469.396108890023	0.4792565101734253	5659.117753810536
2188.8258043007168	8474.639752887115	11466.814991610327	0.4791402910099064	5656.611553320222
2190.024504084014	8472.984797908	11464.234028184339	0.47902407184638757	5654.105352829906
2191.223203867311	8471.32984292889	11461.653218598307	0.47890785268286873	5651.5991523395915
2192.4219036506083	8469.674887949779	11459.072562838473	0.4787916335193499	5649.092951849277
2193.6206034339057	8468.019932970667	11456.492060891085	0.478675414355831	5646.586751358961
2194.819303217203	8466.364977991554	11453.911712742394	0.478559282285723	5644.080550868645
2196.0180030005	8464.710023012442	11451.331518378649	0.47844406130890893	5641.5743503783315
2197.2167027837972	8463.05506803333	11448.751477786102	0.4783288403320949	5639.068149888016
2198.4154025670946	8461.400113054218	11446.171590951008	0.4782136193552808	5636.5619493977
2199.6141023503915	8459.745158075106	11443.591857859623	0.4780983983784668	5634.055748907386
2200.812802133689	8458.090203095995	11441.012278498205	0.4779831774016527	5631.5495484170715
2202.011501916986	8456.435248116883	11438.432852853008	0.4778679807954226	5629.043347926756
2203.2102017002835	8454.78029313777	11435.853580910298	0.477753749421523	5626.537147436441
2204.4089014835804	8453.125338158658	11433.274462656336	0.47763951804762345	5624.030946946126
2205.6076012668777	8451.470383179547	11430.695498077386	0.4775252866737238	5621.524746455811
2206.806301050175	8449.815428200434	11428.11668715971	0.4774110552998242	5619.018545965496
2208.005000833472	8448.160473221324	11425.538029889582	0.47729682392592465	5616.512345475181
2209.2037006167693	8446.50551824221	11422.959526253262	0.477182592552025	5614.006144984865
2210.4024004000667	8444.850563263099	11420.381176237028	0.47706930500190387	5611.499944494551
2211.601100183364	8443.195608283986	11417.802979827147	0.4769560547321361	5608.993744004235
2212.799799966661	8441.540653304875	11415.224937009898	0.4768428044623684	5606.487543513921
2213.9984997499582	8439.885698325763	11412.647047771552	0.47672955419260066	5603.981343023606
2215.1971995332556	8438.23074334665	11410.069312098385	0.4766163039228329	5601.475142533291
2216.3958993165525	8436.57578836754	11407.491729976678	0.47650305365306517	5598.968942042976
2217.59459909985	8434.920833388427	11404.91430139271	0.4763906781975566	5596.462741552661
2218.793298883147	8433.265878409315	11402.337026332767	0.4762784006173389	5593.956541062345
2219.9919986664445	8431.610923430202	11399.759904783125	0.4761661230371212	5591.45034057203
2221.1906984497414	8429.955968451091	11397.182936730074	0.47605384545690355	5588.944140081716
2222.3893982330387	8428.301013471979	11394.6061221599	0.47594156787668584	5586.4379395914
2223.588098016336	8426.646058492868	11392.029461058892	0.47582929029646814	5583.9317391010845
2224.7867977996334	8424.991103513754	11389.452953413338	0.47571781964469917	5581.42553861077
2225.9854975829303	8423.336148534643	11386.876599209532	0.4756065064228468	5578.919338120456
2227.1841973662276	8421.68119355553	11384.300398433765	0.4754951932009943	5576.413137630141
2228.382897149525	8420.02623857642	11381.724351072335	0.4753838799791419	5573.9069371398255
2229.581596932822	8418.371283597307	11379.148457111534	0.47527256675728946	5571.400736649511
2230.780296716119	8416.716328618195	11376.572716537665	0.47516125353543703	5568.894536159196
2231.9789964994166	8415.061373639084	11373.997129337024	0.47505068046364457	5566.38833566888
2233.177696282714	8413.406418659972	11371.421695495914	0.47494032335157	5563.882135178565
2234.376396066011	8411.75146368086	11368.846415000638	0.47482996623949547	5561.375934688251
2235.575095849308	8410.096508701747	11366.271287837499	0.4747196091274209	5558.869734197935
2236.7737956326055	8408.441553722636	11363.696313992808	0.4746092520153464	5556.363533707619
2237.9724954159024	8406.786598743523	11361.121493452867	0.47449889490327185	5553.857333217306
2239.1711951991997	8405.1316437644109	11358.54682620399	0.4743892122542049	5551.351132726991
2240.369894982497	8403.476688785298	11355.972312232487	0.47427980308512097	5548.844932236675
2241.5685947657944	8401.821733806188	11353.39795152467	0.47417039391603705	5546.33873174636
2242.7672945490913	8400.166778827077	11350.823744066856	0.47406098474695313	5543.8325312560455
2243.9659943323886	8398.511823847963	11348.249689845357	0.4739515755778692	5541.32633076573
2245.164694115686	8396.85686886885	11345.67578884649	0.47384216640878524	5538.820130275415
2246.3633938989833	8395.20191388974	11343.102041056582	0.4737333670911102	5536.313929785099
2247.56209368228	8393.546958910629	11340.528446461949	0.4736248977792368	5533.807729294785
2248.7607934655775	8391.892003931514	11337.95500504891	0.4735164284673633	5531.30152880447
2249.959493248875	8390.237048952404	11335.381716803799	0.4734079591554898	5528.795328314155
2251.1581930321718	8388.582093973291	11332.80858171293	0.47329948984361636	5526.28912782384
2252.356892815469	8386.92713899418	11330.23559976264	0.47319102053174283	5523.782927333526
2253.5555925987665	8385.272184015066	11327.66277093925	0.4730830975194516	5521.27672684321
2254.754292382064	8383.617229035955	11325.090095229101	0.47297556005922686	5518.770526352894
2255.9529921653607	8381.962274056843	11322.517572618515	0.4728680225990021	5516.26432586258
2257.151691948658	8380.307319077732	11319.945203093836	0.4727604851387774	5513.758125372265
2258.3503917319554	8378.652364098618	11317.372986641389	0.47265294767855265	5511.251924881949
2259.5490915152523	8376.997409119507	11314.80092324752	0.4725454102183279	5508.745724391635
2260.7477912985496	8375.342454140397	11312.229012898562	0.4724383565501485	5506.239523901319
2261.946491081847	8373.687499161284	11309.657255580862	0.47233174301544373	5503.733323411005
2263.1451908651443	8372.032544182171	11307.085651280755	0.47222512948073897	5501.22712292069
2264.343890648441	8370.377589203059	11304.514199984586	0.4721185159460342	5498.720922430375
2265.5425904317385	8368.722634223948	11301.942901678705	0.47201190241132945	5496.2147219400595
2266.741290215036	8367.067679244836	11299.371756349454	0.47190528887662464	5493.708521449745
2267.9399899983327	8365.412724265723	11296.800763983187	0.47179909765543493	5491.20232095943
2269.13868978163	8363.75776928661	11294.229924566249	0.47169340019877404	5488.696120469114
2270.3373895649274	8362.1028143075	11291.659238084994	0.4715877027421132	5486.1899199787995
2271.536089348225	8360.447859328387	11289.088704525777	0.4714820052854523	5483.683719488484
2272.7347891315217	8358.792904349275	11286.51832387495	0.4713763078287915	5481.17751899817
2273.933488914819	8357.137949370162	11283.948096118873	0.47127061037213064	5478.671318507855
2275.1321886981164	8355.482994391052	11281.378021243903	0.4711652747643748	5476.1651180175395
2276.3308884814137	8353.82803941194	11278.808099236396	0.47106048561615815	5473.658917527225
2277.5295882647106	8352.173084432827	11276.23833008272	0.4709556964679415	5471.15271703691
2278.728288048008	8350.518129453716	11273.668713769239	0.47085090731972484	5468.646516546594
2279.9269878313053	8348.863174474604	11271.099250282312	0.47074611817150813	5466.1403160562795
2281.125687614602	8347.208219495493	11268.529939608306	0.47064132902329153	5463.634115565965
2282.3243873978995	8345.553264516378	11265.960781733593	0.4705368422583999	5461.127915075649
2283.523087181197	8343.898309537268	11263.391776644541	0.4704329537261315	5458.621714585334
2284.721786964494	8342.243354558155	11260.822924327518	0.47032906519386297	5456.1155140950195
2285.920486747791	8340.588399579045	11258.254224768907	0.4702251766615945	5453.609313604705
2287.1191865310884	8338.93344459993	11255.685677955069	0.4701212881293261	5451.10311311439
2288.3178863143858	8337.27848962082	11253.117283872392	0.4700173995970576	5448.596912624074
2289.5165860976826	8335.623534641709	11250.549042507248	0.46991375496686927	5446.09071213376
2290.71528588098	8333.968579662596	11247.980953846012	0.4698107594343908	5443.584511643445
2291.9139856642773	8332.313624683484	11245.413017875077	0.46970776390191243	5441.078311153129
2293.1126854475747	8330.658669704371	11242.845234580815	0.46960476836943404	5438.572110662813
2294.3113852308716	8329.00371472526	11240.277603949617	0.46950177283695566	5436.0659101725
2295.510085014169	8327.348759746148	11237.710125967864	0.46939877730447727	5433.559709682184
2296.7087847974663	8325.693804767036	11235.142800621947	0.4692959681626662	5431.053509191869
2297.9074845807636	8324.038849787923	11232.575627898254	0.4691938580893941	5428.547308701554
2299.1061843640605	8322.383894808812	11230.008607783177	0.4690917480161221	5426.04110821124
2300.304884147358	8320.7289398297	11227.441740263102	0.46898963794285	5423.534907720924
2301.503583930655	8319.073984850587	11224.875025324432	0.4688875278695779	5421.028707230609
2302.702283713952	8317.419029871477	11222.308462953562	0.46878541779630584	5418.522506740294
2303.9009834972494	8315.764074892364	11219.742053136884	0.4686834375578101	5416.016306249979
2305.0996832805467	8314.109119913252	11217.175795860796	0.46858220547797785	5413.510105759664
2306.298383063844	8312.454164934139	11214.609691111704	0.4684809733981456	5411.003905269348
2307.497082847141	8310.799209955028	11212.043738876007	0.4683797413183134	5408.4977047790335
2308.6957826304383	8309.144254975916	11209.47793914011	0.46827850923848113	5405.99150428872
2309.8944824137357	8307.489299996805	11206.912291890418	0.4681772771586488	5403.485303798404
2311.0931821970325	8305.834345017693	11204.346797113338	0.4680761192991033	5400.979103308089
2312.29188198033	8304.17939003858	11201.781454795275	0.46797575782100903	5398.472902817774
2313.4905817636272	8302.524435059468	11199.216264922643	0.4678753963429148	5395.966702327459
2314.6892815469246	8300.869480080357	11196.651227481856	0.4677750348648205	5393.460501837144
2315.8879813302215	8299.214525101244	11194.086342459324	0.4676746733867263	5390.954301346829
2317.086681113519	8297.559570122132	11191.521609841462	0.467574311908632	5388.4481008565135
2318.285380896816	8295.90461514302	11188.957029614687	0.4674739699638043	5385.941900366199
2319.4840806801135	8294.249660163909	11186.392601765418	0.46737447176906316	5383.435699875884
2320.6827804634104	8292.594705184798	11183.828326280074	0.46727497357432213	5380.929499385569
2321.8814802467077	8290.939750205684	11181.264203145078	0.467175475379581	5378.423298895254
2323.080180030005	8289.284795226573	11178.700232346851	0.4670759771848399	5375.917098404939
2324.278879813302	8287.62984024746	11176.136413871818	0.4669764789900988	5373.410897914624
2325.4775795965993	8285.97488526835	11173.572747706408	0.46687698079535767	5370.904697424309
2326.6762793798966	8284.319930289235	11171.009233837043	0.46677830439813134	5368.398496933994
2327.874979163194	8282.664975310125	11168.445872250164	0.46667966224093393	5365.892296443678
2329.073678946491	8281.010020331014	11165.88266293219	0.46658102008373653	5363.386095953364
2330.272378729788	8279.355065351901	11163.319605869558	0.46648237792653907	5360.879895463048
2331.4710785130856	8277.700110372787	11160.756701048702	0.46638373576934167	5358.373694972734
2332.6697782963824	8276.045155393676	11158.19394845606	0.46628509361214426	5355.86749448242
2333.86847807968	8274.390200414566	11155.631348078072	0.4661872132053595	5353.361293992104
2335.067177862977	8272.735245435453	11153.068899901169	0.46608941991173364	5350.855093501788
2336.2658776462745	8271.080290456339	11150.506603911797	0.46599162661810783	5348.348893011474
2337.4645774295714	8269.425335477228	11147.944460096402	0.4658938333244821	5345.842692521159
2338.6632772128687	8267.770380498117	11145.382468441421	0.46579604003085623	5343.336492030843
2339.861976996166	8266.115425519005	11142.820628933303	0.4656982467372304	5340.830291540528
2341.060676779463	8264.460470539892	11140.258941558495	0.46560115610481106	5338.324091050214
2342.2593765627603	8262.80551556078	11137.697406303445	0.46550420457189096	5335.817890559898
2343.4580763460576	8261.15056058167	11135.136023154606	0.4654072530389708	5333.311690069584
2344.656776129355	8259.495605602557	11132.574792098427	0.4653103015060507	5330.805489579268
2345.855475912652	8257.840650623444	11130.013713121365	0.46521334997313063	5328.299289088954
2347.054175695949	8256.185695644333	11127.452786209875	0.46511639844021047	5325.793088598639
2348.2528754792465	8254.530740665221	11124.892011350406	0.4650200914232664	5323.286888108323
2349.451575262544	8252.875785686108	11122.331388529426	0.46492397461856566	5320.7806876180075
2350.6502750458408	8251.220830706996	11119.770917733395	0.464827857813865	5318.274487127694
2351.848974829138	8249.565875727885	11117.21059894877	0.46473174100916426	5315.768286637378
2353.0476746124355	8247.910920748773	11114.650432162016	0.46463562420446347	5313.262086147062
2354.2463743957323	8246.255965769662	11112.090417359597	0.4645395073997628	5310.755885656748
2355.4450741790297	8244.601010790548	11109.53055452798	0.46444397789604996	5308.249685166434
2356.643773962327	8242.946055811437	11106.970843653638	0.4643486888567416	5305.743484676119
2357.8424737456244	8241.291100832324	11104.411284723035	0.4642533998174332	5303.237284185803
2359.0411735289213	8239.636145853214	11101.851877722644	0.46415811077812485	5300.731083695488
2360.2398733122186	8237.9811908741	11099.292622638935	0.46406282173881647	5298.224883205174
2361.438573095516	8236.326235894989	11096.73351945839	0.4639675326995081	5295.718682714858
2362.637272878813	8234.671280915878	11094.17456816748	0.46387277466289123	5293.212482224543
2363.83597266211	8233.016325936765	11091.615768752683	0.46377830649509133	5290.7062817342285
2365.0346724454075	8231.361370957653	11089.057121200482	0.4636838383272915	5288.200081243913
2366.233372228705	8229.70641597854	11086.49862549735	0.4635893701594916	5285.693880753598
2367.4320720120018	8228.05146099943	11083.940281629777	0.46349490199169174	5283.187680263284
2368.630771795299	8226.396506020317	11081.382089584245	0.4634004338238919	5280.6814797729685
2369.8294715785964	8224.741551041205	11078.82404934724	0.46330644126381143	5278.175279282653
2371.028171361894	8223.086596062092	11076.26616090525	0.4632127871418696	5275.669078792338
2372.2268711451907	8221.431641082982	11073.708424244764	0.4631191330199278	5273.162878302023
2373.425570928488	8219.776686103869	11071.15083935227	0.46302547889798595	5270.656677811708
2374.6242707117854	8218.121731124756	11068.593406214264	0.4629318247760441	5268.150477321393
2375.8229704950822	8216.466776145646	11066.03612481724	0.4628381706541023	5265.644276831078
2377.0216702783796	8214.811821166533	11063.478995147687	0.462744937635046	5263.138076340762
2378.220370061677	8213.156866187423	11060.92201719211	0.4626520908008418	5260.6318758504485
2379.4190698449743	8211.501911208308	11058.365190937002	0.46255924396663756	5258.125675360132
2380.617769628271	8209.846956229198	11055.808516368867	0.4624663971324334	5255.619474869818
2381.8164694115685	8208.192001250085	11053.251993474203	0.4623735502982292	5253.113274379503
2383.015169194866	8206.537046270974	11050.695622239522	0.462280703464025	5250.607073889188
2384.2138689781627	8204.88209129186	11048.139402651315	0.46218822410500215	5248.100873398873
2385.41256876146	8203.22713631275	11045.583334696103	0.4620961778672456	5245.594672908558
2386.6112685447574	8201.572181333637	11043.027418360383	0.46200413162948906	5243.088472418242
2387.8099683280548	8199.917226354526	11040.471653630673	0.46191208539173245	5240.582271927927
2389.0086681113517	8198.262271375414	11037.916040493483	0.46182003915397596	5238.076071437613
2390.207367894649	8196.607316396301	11035.360578935322	0.46172799291621935	5235.569870947298
2391.4060676779463	8194.952361417189	11032.805268942704	0.46163626139024	5233.0636704569815
2392.6047674612432	8193.297406438078	11030.250110502153	0.4615450091237801	5230.557469966669
2393.8034672445406	8191.642451458966	11027.695103600181	0.4614537568573202	5228.051269476353
2395.002167027838	8189.987496479853	11025.14024822331	0.4613625045908603	5225.545068986037
2396.2008668111353	8188.332541500742	11022.585544358057	0.46127125232440036	5223.0388684957225
2397.399566594432	8186.677586521629	11020.030991990947	0.4611800000579405	5220.532668005408
2398.5982663777295	8185.022631542518	11017.476591108507	0.46108901059149776	5218.026467515093
2399.796966161027	8183.3676765634045	11014.922341697258	0.46099854573663357	5215.520267024777
2400.995665944324	8181.712721584294	11012.368243743733	0.4609080808817693	5213.0140665344625
2402.194365727621	8180.05776660518	11009.814297234454	0.46081761602690513	5210.507866044149
2403.3930655109184	8178.40281162607	11007.26050215596	0.46072715117204094	5208.001665553832
2404.5917652942157	8176.747856646956	11004.706858494774	0.46063668631717675	5205.495465063517
2405.7904650775126	8175.092901667846	11002.153366237439	0.4605464331897332	5202.989264573203
2406.98916486081	8173.437946688734	10999.600025370488	0.46045674925153424	5200.483064082888
2408.1878646441073	8171.7829917096215	10997.04683588045	0.46036706531333527	5197.976863592572
2409.3865644274047	8170.12803673051	10994.493797753874	0.46027738137513635	5195.470663102257
2410.5852642107016	8168.473081751397	10991.940910977295	0.4601876974369374	5192.9644626119425
2411.783963993999	8166.818126772286	10989.388175537255	0.46009801349873847	5190.458262121627
2412.9826637772962	8165.163171793173	10986.8355914203	0.4600084910422173	5187.952061631313
2414.181363560593	8163.508216814062	10984.283158612974	0.4599195815898471	5185.445861140998
2415.3800633438905	8161.853261834949	10981.730877101822	0.45983067213747686	5182.939660650682
2416.578763127188	8160.1983068558375	10979.178746873393	0.45974176268510664	5180.433460160368
2417.777462910485	8158.543351876725	10976.626767914237	0.4596528532327364	5177.927259670052
2418.976162693782	8156.888396897613	10974.074940210909	0.45956394378036625	5175.421059179737
2420.1748624770794	8155.233441918503	10971.523263749954	0.45947514637864534	5172.9148586894225
2421.3735622603767	8153.57848693939	10968.971738517932	0.45938700504469165	5170.408658199107
2422.572262043674	8151.923531960277	10966.420364501397	0.45929886371073797	5167.902457708791
2423.770961826971	8150.268576981166	10963.86914168691	0.45921072237678434	5165.396257218477
2424.9696616102683	8148.613622002054	10961.318070061032	0.45912258104283066	5162.890056728163
2426.1683613935656	8146.958667022942	10958.767149610314	0.45903443970887703	5160.383856237846
2427.3670611768625	8145.30371204383	10956.216380321328	0.45894636179728743	5157.877655747532
2428.56576096016	8143.648757064718	10953.665762180632	0.4588589822770989	5155.371455257217
2429.764460743457	8141.993802085606	10951.115295174797	0.4587716027569105	5152.865254766902
2430.9631605267546	8140.338847106494	10948.56497929039	0.458684223236722	5150.359054276587
2432.1618603100515	8138.683892127382	10946.014814513977	0.4585968437165336	5147.852853786272
2433.360560093349	8137.0289371482695	10943.464800832127	0.4585094641963451	5145.3466532959565
2434.559259876646	8135.373982169158	10940.914938231419	0.4584221002611739	5142.840452805642
2435.757959659943	8133.719027190047	10938.36522669842	0.4583354763122017	5140.334252315327
2436.9566594432404	8132.064072210934	10935.815666219709	0.4582488523632294	5137.828051825012
2438.1553592265377	8130.409117231823	10933.266256781859	0.4581622284142571	5135.3218513346965
2439.354059009835	8128.75416225271	10930.716998371452	0.45807560446528484	5132.815650844382
2440.552758793132	8127.099207273599	10928.167890975068	0.4579889805163126	5130.309450354067
2441.7514585764293	8125.4442522944855	10925.618934579285	0.4579023565673403	5127.803249863752
2442.9501583597266	8123.789297315375	10923.070129170696	0.4578164505354545	5125.2970493734365
2444.148858143024	8122.134342336261	10920.521474735871	0.4577305759765998	5122.790848883122
2445.347557926321	8120.479387357151	10917.972971261408	0.4576447014177451	5120.284648392807
2446.546257709618	8118.824432378037	10915.424618733889	0.45755882685889043	5117.778447902491
2447.7449574929155	8117.169477398927	10912.876417139907	0.4574729523000357	5115.2722474121765
2448.9436572762124	8115.514522419815	10910.328366466056	0.45738707774118104	5112.766046921863
2450.14235705951	8113.859567440702	10907.78046669892	0.45730186868889067	5110.259846431546
2451.341056842807	8112.204612461591	10905.232717825098	0.4572167373998587	5107.753645941232
2452.5397566261045	8110.549657482478	10902.685119831187	0.45713160611082676	5105.2474454509165
2453.7384564094014	8108.894702503367	10900.137672703786	0.45704647482179483	5102.741244960602
2454.9371561926987	8107.239747524254	10897.590376429489	0.4569613435327629	5100.235044470287
2456.135855975996	8105.584792545143	10895.043230994901	0.45687621224373093	5097.728843979971
2457.334555759293	8103.92983756603	10892.49623638662	0.4567916948674092	5095.222643489657
2458.5332555425903	8102.2748825869185	10889.949392591257	0.4567073007880686	5092.716442999342
2459.7319553258876	8100.619927607806	10887.402699595408	0.456622906708728	5090.210242509026
2460.930655109185	8098.964972628694	10884.856157385691	0.4565385126293874	5087.70404201871
2462.129354892482	8097.310017649584	10882.309765948707	0.4564541185500468	5085.197841528397
2463.328054675779	8095.65506267047	10879.763525271064	0.4563697244707062	5082.691641038082
2464.5267544590765	8094.000107691358	10877.21743533938	0.4562858935150981	5080.185440547766
2465.7254542423734	8092.345152712246	10874.671496140269	0.45620223064484655	5077.679240057452
2466.9241540256708	8090.690197733135	10872.125707660343	0.4561185677745951	5075.173039567137
2468.122853808968	8089.035242754022	10869.580069886215	0.45603490490434356	5072.666839076821
2469.3215535922654	8087.380287774911	10867.03458280451	0.45595124203409204	5070.160638586506
2470.5202533755623	8085.725332795798	10864.489246401843	0.4558675791638406	5067.654438096191
2471.7189531588597	8084.070377816687	10861.94406066484	0.45578442942159103	5065.148237605876
2472.917652942157	8082.415422837574	10859.399025580116	0.4557014918187264	5062.642037115561
2474.1163527254544	8080.760467858463	10856.854141134307	0.45561855421586167	5060.135836625246
2475.3150525087513	8079.105512879351	10854.30940731403	0.455535616612997	5057.629636134931
2476.5137522920486	8077.450557900239	10851.764824105912	0.4554526790101323	5055.123435644617
2477.712452075346	8075.7956029211255	10849.220391496585	0.4553697414072676	5052.617235154301
2478.911151858643	8074.140647942015	10846.676109472686	0.45528726771845385	5050.111034663986
2480.10985164194	8072.485692962903	10844.131978020838	0.4552050494995503	5047.604834173671
2481.3085514252375	8070.830737983791	10841.587997127677	0.45512283128064684	5045.098633683356
2482.507251208535	8069.175783004677	10839.04416677984	0.4550406130617433	5042.592433193041
2483.7059509918317	8067.5208280255665	10836.500486963969	0.45495839484283984	5040.086232702727
2484.904650775129	8065.865873046455	10833.956957666696	0.4548761766239363	5037.5800322124105
2486.1033505584264	8064.210918067342	10831.413578874663	0.4547943738756047	5035.073831722097
2487.3020503417233	8062.555963088231	10828.870350574514	0.45471286921489745	5032.567631231782
2488.5007501250207	8060.901008109118	10826.327272752886	0.4546313645541902	5030.061430741466
2489.699449908318	8059.246053130007	10823.784345396432	0.4545498598934829	5027.555230251151
2490.8981496916153	8057.591098150894	10821.241568491794	0.4544683552327757	5025.049029760836
2492.0968494749122	8055.9361431717825	10818.698942025627	0.45438685057206846	5022.542829270521
2493.2955492582096	8054.281188192672	10816.156465984572	0.454305713697775	5020.036628780206
2494.494249041507	8052.626233213558	10813.614140355281	0.45422491682654764	5017.530428289891
2495.6929488248043	8050.971278234446	10811.07196512441	0.45414411995532034	5015.024227799575
2496.891648608101	8049.316323255334	10808.529940278619	0.45406332308409303	5012.518027309261
2498.0903483913985	8047.661368276224	10805.988065804553	0.4539825262128657	5010.011826818946
2499.289048174696	8046.00641329711	10803.446341688876	0.45390172934163836	5007.505626328631
2500.4877479579927	8044.3514583179995	10800.904767918248	0.4538212533209933	5004.999425838317
2501.68644774129	8042.696503338886	10798.363344479325	0.45374115852697317	5002.493225348001
2502.8851475245874	8041.041548359775	10795.822071358776	0.45366106373295306	4999.987024857685
2504.0838473078848	8039.386593380662	10793.28094854326	0.4535809689389329	4997.480824367371
2505.2825470911816	8037.731638401551	10790.739976019448	0.4535008741449128	4994.974623877056
2506.481246874479	8036.07668342244	10788.199153774	0.4534207793508927	4992.46842338674
2507.6799466577763	8034.421728443327	10785.658481793587	0.4533409592091089	4989.962222896425
2508.878646441073	8032.7667734642155	10783.117960064883	0.4532615608358673	4987.456022406111
2510.0773462243706	8031.111818485103	10780.577588574555	0.4531821624626257	4984.949821915796
2511.276046007668	8029.456863505991	10778.037367309282	0.4531027640893841	4982.443621425481
2512.4747457909652	8027.801908526879	10775.497296255733	0.4530233657161425	4979.937420935165
2513.673445574262	8026.146953547767	10772.957375400589	0.4529439673429009	4977.431220444851
2514.8721453575595	8024.491998568655	10770.417604730523	0.45286479815034675	4974.925019954536
2516.070845140857	8022.837043589543	10767.877984232226	0.45278609059670516	4972.41881946422
2517.269544924154	8021.182088610431	10765.338513892364	0.45270738304306357	4969.9126189739045
2518.468244707451	8019.527133631319	10762.799193697632	0.452628675489422	4967.406418483591
2519.6669444907484	8017.8721786522065	10760.260023634706	0.4525499679357804	4964.900217993275
2520.8656442740457	8016.217223673095	10757.72100369028	0.4524712603821388	4962.39401750296
2522.0643440573426	8014.562268693984	10755.18213385104	0.4523927372538944	4959.887817012646
2523.26304384064	8012.907313714872	10752.643414103668	0.4523147149733365	4957.381616522331
2524.4617436239373	8011.25235873576	10750.104844434862	0.4522366926927785	4954.875416032015
2525.6604434072347	8009.5974037566475	10747.56642483131	0.4521586704122206	4952.3692155417
2526.8591431905315	8007.942448777536	10745.028155279711	0.45208064813166265	4949.863015051385
2528.057842973829	8006.287493798423	10742.49003576676	0.45200262585110473	4947.356814561071
2529.256542757126	8004.632538819312	10739.952066279147	0.4519247439465225	4944.850614070755
2530.455242540423	8002.977583840199	10737.414246803575	0.45184740144661234	4942.34441358044
2531.6539423237205	8001.322628861088	10734.876577326748	0.4517700589467022	4939.8382130901255
2532.852642107018	7999.667673881976	10732.339057835363	0.451692716446792	4937.332012599811
2534.051341890315	7998.0127189028635	10729.801688316125	0.45161537394688184	4934.825812109494
2535.250041673612	7996.357763923752	10727.26446875574	0.4515380314469717	4932.319611619181
2536.4487414569094	7994.702808944639	10724.727399140913	0.45146078596924116	4929.8134111288655
2537.6474412402067	7993.047853965528	10722.19047945835	0.4513841178110462	4927.30721063855
2538.8461410235036	7991.392898986416	10719.653709694765	0.45130744965285124	4924.801010148236
2540.044840806801	7989.737944007305	10717.117089836867	0.45123078149465623	4922.29480965792
2541.2435405900983	7988.082989028191	10714.580619871367	0.45115411333646127	4919.788609167605
2542.4422403733956	7986.4280340490795	10712.044299784982	0.45107744517826626	4917.28240867729
2543.6409401566925	7984.773079069968	10709.508129564429	0.45100083137398206	4914.776208186975
2544.83963993999	7983.118124090856	10706.972109196424	0.4509248321715026	4912.27000769666
2546.038339723287	7981.463169111743	10704.436238667684	0.45084883296902306	4909.763807206345
2547.2370395065846	7979.808214132631	10701.900517964932	0.4507728337665436	4907.25760671603
2548.4357392898814	7978.15325915352	10699.364947074891	0.4506968345640641	4904.751406225715
2549.634439073179	7976.498304174408	10696.829525984282	0.45062083536158465	4902.2452057354
2550.833138856476	7974.843349195296	10694.294254679831	0.45054484852031884	4899.739005245085
2552.031838639773	7973.188394216184	10691.759133148269	0.4504695129399233	4897.23280475477
2553.2305384230704	7971.533439237071	10689.22416137632	0.45039417735952775	4894.726604264455
2554.4292382063677	7969.87848425796	10686.689339350714	0.4503188417791322	4892.220403774139
2555.627937989665	7968.223529278847	10684.154667058185	0.4502435061987366	4889.714203283825
2556.826637772962	7966.568574299736	10681.620144485463	0.4501681706183411	4887.208002793511
2558.0253375562593	7964.913619320624	10679.085771619291	0.4500928350379455	4884.701802303194
2559.2240373395566	7963.258664341512	10676.551548446394	0.4500181288320852	4882.195601812879
2560.4227371228535	7961.6037093624	10674.017474953518	0.4499434515919505	4879.689401322566
2561.621436906151	7959.948754383288	10671.483551127396	0.44986877435181566	4877.18320083225
2562.820136689448	7958.293799404176	10668.949776954776	0.4497940971116809	4874.677000341934
2564.0188364727455	7956.638844425063	10666.416152422395	0.4497194198715461	4872.170799851619
2565.2175362560424	7954.983889445952	10663.882677517002	0.44964474263141135	4869.664599361305
2566.4162360393398	7953.32893446684	10661.349352225337	0.44957064886438763	4867.158398870989
2567.614935822637	7951.673979487728	10658.816176534152	0.44949662473394525	4864.652198380675
2568.8136356059345	7950.019024508616	10656.283150430194	0.44942260060350286	4862.145997890359
2570.0123353892313	7948.3640695295035	10653.750273900216	0.44934857647306053	4859.639797400045
2571.2110351725287	7946.709114550392	10651.217546930964	0.44927455234261815	4857.13359690973
2572.409734955826	7945.054159571279	10648.684969509195	0.4492005282121758	4854.627396419414
2573.608434739123	7943.399204592169	10646.152541621668	0.449127042350674	4852.1211959291
2574.8071345224203	7941.744249613056	10643.620263255134	0.4490536661500629	4849.614995438785
2576.0058343057176	7940.0892946339445	10641.088134396354	0.4489802899494519	4847.108794948469
2577.204534089015	7938.434339654831	10638.556155032084	0.4489069137488408	4844.602594458154
2578.403233872312	7936.77938467572	10636.024325149092	0.4488335375482297	4842.0963939678395
2579.601933655609	7935.124429696608	10633.492644734135	0.44876016134761865	4839.590193477525
2580.8006334389065	7933.469474717496	10630.961113773981	0.44868727889908744	4837.083992987209
2581.9993332222034	7931.814519738385	10628.429732255396	0.44861454549861046	4834.577792496895
2583.1980330055007	7930.159564759272	10625.898500165144	0.44854181209813343	4832.0715920065795
2584.396732788798	7928.50460978016	10623.367417489999	0.44846907869765645	4829.565391516265
2585.5954325720954	7926.849654801048	10620.836484216728	0.4483963452971794	4827.059191025949
2586.7941323553923	7925.194699821936	10618.305700332105	0.44832361189670245	4824.552990535634
2587.9928321386897	7923.539744842824	10615.775065822903	0.44825132840895116	4822.0467900453195
2589.191531921987	7921.884789863712	10613.2445806759	0.448179232728538	4819.540589555004
2590.390231705284	7920.229834884601	10610.714244877869	0.44810713704812494	4817.034389064689
2591.5889314885812	7918.574879905488	10608.18405841559	0.4480350413677118	4814.528188574375
2592.7876312718786	7916.919924926377	10605.654021275845	0.44796294568729866	4812.021988084059
2593.986331055176	7915.264969947264	10603.124133445413	0.44789085000688555	4809.515787593744
2595.185030838473	7913.610014968152	10600.59439491108	0.44781916106768627	4807.00958710343
2596.38373062177	7911.95505998904	10598.064805659631	0.44774769807636416	4804.503386613114
2597.5824304050675	7910.300105009928	10595.535365677846	0.44767623508504206	4801.997186122799
2598.781130188365	7908.645150030816	10593.006074952522	0.44760477209371996	4799.490985632484
2599.9798299716617	7906.990195051705	10590.476933470445	0.4475333091023979	4796.984785142169
2601.178529754959	7905.335240072592	10587.947941218401	0.4474618461110758	4794.4785846518535
2602.3772295382564	7903.68028509348	10585.419098183187	0.44739074734776685	4791.972384161539
2603.5759293215533	7902.025330114368	10582.890404351598	0.4473199120631314	4789.466183671225
2604.7746291048506	7900.370375135257	10580.361859710429	0.44724907677849585	4786.959983180908
2605.973328888148	7898.715420156144	10577.833464246476	0.4471782414938603	4784.453782690594
2607.1720286714453	7897.060465177033	10575.30521794654	0.4471074062092248	4781.947582200279
2608.370728454742	7895.40551019792	10572.777120797418	0.4470365709245893	4779.441381709964
2609.5694282380396	7893.750555218809	10570.249172785914	0.4469660580036847	4776.935181219649
2610.768128021337	7892.095600239696	10567.721373898832	0.44689584549138206	4774.4289807293335
2611.966827804634	7890.4406452605845	10565.193724122979	0.44682563297907946	4771.922780239019
2613.165527587931	7888.785690281472	10562.666223445156	0.44675542046677685	4769.416579748704
2614.3642273712285	7887.13073530236	10560.138871852174	0.4466852079544742	4766.910379258388
2615.562927154526	7885.475780323248	10557.611669330845	0.4466149954421716	4764.4041787680735
2616.7616269378227	7883.820825344137	10555.084615867978	0.44654506406897376	4761.897978277759
2617.96032672112	7882.165870365025	10552.557711450383	0.4464754694421849	4759.391777787444
2619.1590265044174	7880.510915385912	10550.03095606488	0.4464058748153961	4756.885577297129
2620.3577262877147	7878.8559604068005	10547.504349698283	0.44633628018860727	4754.3793768068135
2621.5564260710116	7877.201005427689	10544.977892337407	0.4462666855618185	4751.873176316499
2622.755125854309	7875.546050448576	10542.451583969074	0.44619709093502963	4749.366975826184
2623.9538256376063	7873.891095469465	10539.925424580102	0.4461277368532448	4746.860775335868
2625.152525420903	7872.236140490353	10537.399414157317	0.44605875527217526	4744.3545748455535
2626.3512252042005	7870.581185511241	10534.873552687539	0.44598977369110565	4741.84837435524
2627.549924987498	7868.926230532129	10532.347840157594	0.4459207921100361	4739.342173864923
2628.7486247707952	7867.2712755530165	10529.82227655431	0.4458518105289665	4736.835973374608
2629.947324554092	7865.616320573905	10527.296861864515	0.44578282894789695	4734.3297728842945
2631.1460243373895	7863.961365594793	10524.771596075041	0.4457140479392553	4731.823572393979
2632.344724120687	7862.306410615681	10522.246479172714	0.4456456746106317	4729.317371903663
2633.5434239039837	7860.651455636569	10519.721511144371	0.4455773012820081	4726.811171413349
2634.742123687281	7858.9965006574575	10517.196691976847	0.44550892795338454	4724.304970923034
2635.9408234705784	7857.341545678345	10514.672021656976	0.44544055462476095	4721.798770432718
2637.1395232538757	7855.686590699233	10512.147500171597	0.4453721812961373	4719.292569942403
2638.3382230371726	7854.031635720121	10509.62312750755	0.44530396918001663	4716.786369452089
2639.53692282047	7852.376680741009	10507.098903651671	0.4452361993565871	4714.280168961773
2640.7356226037673	7850.721725761897	10504.57482859081	0.44516842953315755	4711.773968471459
2641.9343223870646	7849.066770782785	10502.050902311805	0.445100659709728	4709.267767981143
2643.1330221703615	7847.411815803673	10499.527124801505	0.4450328898862985	4706.761567490828
2644.331721953659	7845.756860824561	10497.003496046753	0.444965120062869	4704.255367000514
2645.530421736956	7844.1019058454485	10494.480016034402	0.4448974726959211	4701.749166510198
2646.729121520253	7842.446950866338	10491.9566847513	0.4448303016759623	4699.242966019883
2647.9278213035504	7840.791995887225	10489.433502184296	0.44476313065600354	4696.736765529568
2649.126521086848	7839.137040908114	10486.91046832025	0.4446959596360447	4694.230565039253
2650.325220870145	7837.482085929	10484.387583146008	0.4446287886160859	4691.724364548937
2651.523920653442	7835.82713094989	10481.864846648436	0.4445616175961271	4689.218164058623
2652.7226204367394	7834.172175970777	10479.342258814382	0.4444945308719097	4686.711963568308
2653.9213202200367	7832.5172209916655	10476.819819630713	0.44442795399873763	4684.205763077993
2655.1200200033336	7830.862266012553	10474.297529084286	0.44436137712556567	4681.699562587679
2656.318719786631	7829.207311033441	10471.775387161964	0.44429480025239365	4679.193362097363
2657.5174195699283	7827.552356054329	10469.253393850613	0.44422822337922163	4676.687161607048
2658.7161193532256	7825.897401075217	10466.731549137095	0.44416164650604956	4674.180961116733
2659.9148191365225	7824.242446096106	10464.209853008282	0.44409511635465954	4671.674760626418
2661.11351891982	7822.587491116993	10461.68830545104	0.4440291290161476	4669.168560136103
2662.312218703117	7820.9325361378815	10459.16690645224	0.4439631416776357	4666.662359645788
2663.510918486414	7819.27758115877	10456.64565599875	0.4438971543391238	4664.156159155473
2664.7096182697114	7817.622626179657	10454.124554077447	0.44383116700061187	4661.649958665159
2665.9083180530088	7815.967671200546	10451.603600675206	0.4437651796621	4659.143758174843
2667.107017836306	7814.312716221433	10449.082795778902	0.4436992020498123	4656.637557684528
2668.305717619603	7812.657761242322	10446.562139375414	0.44363379967791117	4654.131357194214
2669.5044174029003	7811.002806263209	10444.041631451622	0.44356839730601	4651.625156703898
2670.7031171861977	7809.3478512840975	10441.521271994403	0.4435029949341089	4649.118956213582
2671.901816969495	7807.692896304985	10439.001060990646	0.44343759256220777	4646.612755723268
2673.100516752792	7806.037941325874	10436.480998427234	0.44337219019030666	4644.106555232953
2674.2992165360893	7804.382986346761	10433.961084291046	0.4433067878184055	4641.600354742637
2675.4979163193866	7802.728031367649	10431.441318568975	0.4432419391894811	4639.094154252323
2676.6966161026835	7801.073076388538	10428.921701247911	0.44317711725974795	4636.5879537620085
2677.895315885981	7799.418121409426	10426.402232314738	0.44311229533001484	4634.081753271693
2679.094015669278	7797.7631664303135	10423.882911756355	0.44304747340028167	4631.575552781378
2680.2927154525755	7796.108211451202	10421.36373955965	0.4429826514705485	4629.069352291062
2681.4914152358724	7794.453256472089	10418.844715711522	0.4429178295408154	4626.563151800748
2682.6901150191698	7792.798301492978	10416.325840198864	0.4428535210093388	4624.056951310433
2683.888814802467	7791.143346513865	10413.807113008575	0.4427892750404682	4621.550750820117
2685.087514585764	7789.488391534754	10411.28853412756	0.44272502907159766	4619.044550329802
2686.2862143690613	7787.833436555641	10408.77010354271	0.44266078310272705	4616.538349839488
2687.4849141523587	7786.1784815765295	10406.251821240936	0.44259653713385644	4614.032149349173
2688.683613935656	7784.523526597417	10403.733687209138	0.4425322911649858	4611.525948858856
2689.882313718953	7782.868571618306	10401.215701434225	0.4424685188457844	4609.019748368543
2691.0810135022502	7781.213616639194	10398.697863903102	0.44240484439852124	4606.513547878228
2692.2797132855476	7779.558661660081	10396.180174602674	0.44234116995125805	4604.007347387912
2693.478413068845	7777.90370668097	10393.662633519862	0.4422774955039949	4601.501146897597
2694.677112852142	7776.248751701858	10391.145240641566	0.4422138210567318	4598.994946407282
2695.875812635439	7774.5937967227455	10388.627995954706	0.4421501466094686	4596.488745916967
2697.0745124187365	7772.938841743634	10386.1108994462	0.4420869066191801	4593.982545426652
2698.2732122020334	7771.283886764521	10383.593951102956	0.4420237992541078	4591.476344936337
2699.4719119853307	7769.62893178541	10381.077150911897	0.4419606918890354	4588.9701444460225
2700.670611768628	7767.973976806297	10378.560498859944	0.4418975845239631	4586.463943955707
2701.8693115519254	7765.586323150465	10375.280555954676	0.4418344771588908	4584.419814933717
2703.0680113352223	7762.921044837837	10371.71136590858	0.4417713697938185	4582.550768025135
2704.2667111185197	7760.255766525208	10368.142181520818	0.4417086581549859	4580.681721116551
2705.465410901817	7757.590488212579	10364.573002791376	0.44164611329896075	4578.812674207967
2706.664110685114	7754.92520989995	10361.003829720245	0.44158356844293556	4576.9436272993835
2707.862810468411	7752.259931587319	10357.434662307405	0.4415210235869104	4575.074580390799
2709.0615102517086	7749.59465327469	10353.865500552845	0.44145847873088523	4573.205533482215
2710.260210035006	7746.929374962061	10350.296344456556	0.4413959338748601	4571.336486573632
2711.458909818303	7744.264096649433	10346.72719401852	0.44133374646105306	4569.467439665049
2712.6576096016	7741.598818336804	10343.158049238724	0.4412717593442119	4567.598392756465
2713.8563093848975	7738.9335400241735	10339.588910117154	0.4412097722273708	4565.729345847881
2715.0550091681944	7736.268261711545	10336.0197766538	0.4411477851105297	4563.8602989392975
2716.2537089514917	7733.602983398915	10332.450648848646	0.4410857979936886	4561.991252030713
2717.452408734789	7730.937705086286	10328.881526701678	0.4410238108768475	4560.122205122129
2718.6511085180864	7728.272426773657	10325.312410212882	0.4409621434465957	4558.253158213546
2719.8498083013833	7725.607148461028	10321.743299382248	0.44090070917969426	4556.384111304963
2721.0485080846806	7722.941870148398	10318.174194209758	0.4408392749127928	4554.515064396379
2722.247207867978	7720.276591835769	10314.605094695404	0.4407778406458913	4552.646017487796
2723.4459076512753	7717.61131352314	10311.036000839167	0.4407164063789899	4550.776970579211
2724.644607434572	7714.946035210512	10307.466912641037	0.44065497211208843	4548.9079236706275
2725.8433072178696	7712.280756897882	10303.897830101	0.4405938203549347	4547.038876762044
2727.042007001167	7709.615478585251	10300.328753219039	0.4405329339835833	4545.16982985346
2728.240706784464	7706.950200272623	10296.759681995149	0.44047204761223197	4543.300782944877
2729.439406567761	7704.284921959994	10293.190616429307	0.4404111612408806	4541.431736036294
2730.6381063510585	7701.619643647365	10289.621556521502	0.4403502748695292	4539.56268912771
2731.836806134356	7698.9543653347355	10286.052502271727	0.4402893884981778	4537.693642219125
2733.0355059176527	7696.289087022106	10282.483453679963	0.4402287480661189	4535.8245953105425
2734.23420570095	7693.623808709477	10278.914410746196	0.44016840460469	4533.955548401958
2735.4329054842474	7690.958530396848	10275.345373470414	0.44010806114326106	4532.086501493374
2736.6316052675443	7688.293252084219	10271.776341852606	0.4400477176818322	4530.217454584791
2737.8303050508416	7685.6279737715895	10268.207315892752	0.4399873742204033	4528.348407676208
2739.029004834139	7682.962695458959	10264.638295590845	0.4399270307589744	4526.479360767623
2740.2277046174363	7680.29741714633	10261.069280946867	0.439866897291576	4524.610313859039
2741.426404400733	7677.632138833702	10257.50027196081	0.4398070917563467	4522.7412669504565
2742.6251041840305	7674.966860521073	10253.931268632656	0.4397472862211173	4520.872220041872
2743.823803967328	7672.3015822084435	10250.362270962389	0.4396874806858879	4519.003173133288
2745.022503750625	7669.636303895813	10246.793278950001	0.4396276751506586	4517.134126224705
2746.221203533922	7666.971025583185	10243.22429259548	0.43956786961542926	4515.265079316122
2747.4199033172195	7664.305747270555	10239.655311898809	0.4395082387686109	4513.396032407537
2748.618603100517	7661.640468957926	10236.086336859973	0.43944896622294	4511.526985498954
2749.8173028838137	7658.9751906452975	10232.517367478962	0.43938969367726916	4509.657938590371
2751.016002667111	7656.309912332668	10228.948403755758	0.4393304211315982	4507.7888916817865
2752.2147024504084	7653.644634020038	10225.379445690352	0.4392711485859273	4505.919844773203
2753.4134022337057	7650.979355707409	10221.81049328273	0.4392118760402564	4504.050797864619
2754.6121020170026	7648.314077394781	10218.241546532878	0.43915274350961403	4502.181750956036
2755.8108018003	7645.6487990821515	10214.672605440783	0.4390939990693739	4500.312704047452
2757.0095015835973	7642.983520769521	10211.103670006427	0.43903525462913373	4498.443657138868
2758.208201366894	7640.318242456892	10207.534740229803	0.43897651018889366	4496.574610230285
2759.4069011501915	7637.652964144263	10203.965816110895	0.4389177657486535	4494.705563321701
2760.605600933489	7634.987685831634	10200.396897649687	0.43885902130841337	4492.836516413117
2761.804300716786	7632.322407519005	10196.827984846172	0.4388003828312618	4490.967469504533
2763.003000500083	7629.657129206376	10193.25907770033	0.43874216166025387	4489.098422595949
2764.2017002833804	7626.991850893746	10189.690176212147	0.4386839404892458	4487.229375687366
2765.400400066678	7624.326572581117	10186.121280381616	0.4386257193182378	4485.360328778782
2766.599099849975	7621.661294268487	10182.552390208722	0.4385674981472298	4483.491281870198
2767.797799633272	7618.996015955859	10178.983505693448	0.43850927697622183	4481.6222349616155
2768.9964994165693	7616.330737643229	10175.414626835782	0.43845112832684585	4479.753188053031
2770.1951991998667	7613.665459330599	10171.845753635707	0.43839342562282596	4477.884141144447
2771.3938989831636	7611.000181017971	10168.27688609322	0.43833572291880607	4476.015094235864
2772.592598766461	7608.334902705342	10164.708024208298	0.4382780202147862	4474.14604732728
2773.7912985497583	7605.669624392713	10161.13916798093	0.4382203175107663	4472.277000418696
2774.9899983330556	7603.004346080083	10157.570317411102	0.4381626148067464	4470.407953510113
2776.1886981163525	7600.339067767455	10154.001472498801	0.438104951787953	4468.53890660153
2777.38739789965	7597.673789454824	10150.432633244016	0.4380477627948891	4466.6698596929455
2778.586097682947	7595.008511142195	10146.863799646731	0.4379905738018252	4464.800812784362
2779.784797466244	7592.343232829567	10143.294971706935	0.4379333848087613	4462.931765875778
2780.9834972495414	7589.6779545169375	10139.72614942461	0.4378761958156974	4461.062718967194
2782.1821970328388	7587.012676204308	10136.157332799747	0.4378190068226335	4459.193672058611
2783.380896816136	7584.347397891678	10132.58852183233	0.43776182527482127	4457.324625150027
2784.579596599433	7581.68211957905	10129.019716522345	0.43770514528712395	4455.455578241444
2785.7782963827303	7579.016841266421	10125.450916869782	0.4376484652994266	4453.5865313328595
2786.9769961660277	7576.351562953791	10121.882122874626	0.43759178531172926	4451.717484424276
2788.1756959493246	7573.686284641162	10118.31333453686	0.4375351053240319	4449.848437515692
2789.374395732622	7571.021006328532	10114.744551856473	0.4374784253363346	4447.979390607108
2790.5730955159192	7568.355728015903	10111.175774833455	0.4374217453486372	4446.110343698525
2791.7717952992166	7565.690449703274	10107.607003467789	0.43736554550281065	4444.241296789941
2792.9704950825135	7563.0251713906455	10104.038237759463	0.43730936986472413	4442.372249881358
2794.169194865811	7560.359893078016	10100.469477708462	0.43725319422663755	4440.5032029727745
2795.367894649108	7557.694614765387	10096.900723314771	0.43719701858855103	4438.63415606419
2796.5665944324055	7555.029336452757	10093.33197457838	0.4371408429504645	4436.765109155606
2797.7652942157024	7552.364058140128	10089.763231499277	0.437084667312378	4434.896062247023
2798.9639939989997	7549.698779827499	10086.194494077443	0.43702893613433386	4433.027015338439
2800.162693782297	7547.033501514869	10082.62576231287	0.43697326023933425	4431.157968429855
2801.361393565594	7544.368223202241	10079.057036205539	0.43691758434433464	4429.288921521273
2802.5600933488913	7541.702944889611	10075.48831575544	0.43686190844933503	4427.4198746126885
2803.7587931321887	7539.037666576982	10071.919600962561	0.4368062325543354	4425.550827704104
2804.957492915486	7536.372388264353	10068.350891826885	0.4367505566593358	4423.681780795521
2806.156192698783	7533.707109951724	10064.782188348403	0.43669529015972924	4421.812733886937
2807.3548924820802	7531.041831639094	10061.213490527096	0.4366401094499311	4419.943686978353
2808.5535922653776	7528.376553326464	10057.644798362951	0.43658492874013294	4418.07464006977
2809.7522920486745	7525.711275013836	10054.07611185596	0.43652974803033484	4416.205593161187
2810.950991831972	7523.045996701207	10050.507431006106	0.4364745673205367	4414.336546252603
2812.149691615269	7520.380718388577	10046.938755813377	0.43641938661073854	4412.4674993440185
2813.3483913985665	7517.715440075948	10043.370086277757	0.43636458083927654	4410.598452435434
2814.5470911818634	7515.05016176332	10039.801422399234	0.43630989080484595	4408.729405526851
2815.7457909651607	7512.38488345069	10036.232764177796	0.4362552007704153	4406.860358618267
2816.944490748458	7509.71960513806	10032.664111613427	0.4362005107359847	4404.991311709684
2818.1431905317554	7507.0543268254305	10029.095464706113	0.43614582070155405	4403.1222648011
2819.3418903150523	7504.389048512802	10025.526823455846	0.43609113066712346	4401.253217892517
2820.5405900983496	7501.723770200172	10021.958187862605	0.4360367817121318	4399.384170983933
2821.739289881647	7499.058491887543	10018.38955792638	0.43598257789070843	4397.5151240753485
2822.937989664944	7496.393213574915	10014.820933647163	0.43592837406928514	4395.646077166765
2824.136689448241	7493.727935262285	10011.252315024933	0.43587417024786185	4393.777030258182
2825.3353892315386	7491.062656949656	10007.683702059678	0.4358199664264385	4391.907983349598
2826.534089014836	7488.397378637027	10004.115094751385	0.4357657626050152	4390.038936441014
2827.732788798133	7485.732100324397	10000.546493100042	0.4357118665930089	4388.169889532432
2828.93148858143	7483.066822011768	9996.977897105635	0.43565814456913493	4386.300842623847
2830.1301883647275	7480.4015436991385	9993.40930676815	0.43560442254526094	4384.4317957152625
2831.3288881480244	7477.73626538651	9989.840722087574	0.43555070052138695	4382.56274880668
2832.5275879313217	7475.070987073881	9986.272143063892	0.43549697849751295	4380.693701898096
2833.726287714619	7472.405708761251	9982.70356969709	0.43544325647363896	4378.824654989512
2834.9249874979164	7469.740430448622	9979.13500198716	0.435389809568899	4376.955608080929
2836.1236872812133	7467.075152135993	9975.566439934084	0.43533656497345524	4375.086561172346
2837.3223870645106	7464.409873823363	9971.99788353785	0.43528332037801143	4373.217514263761
2838.521086847808	7461.744595510734	9968.429332798443	0.43523007578256767	4371.348467355177
2839.7197866311053	7459.079317198104	9964.86078771585	0.43517683118712386	4369.479420446593
2840.918486414402	7456.414038885476	9961.29224829006	0.4351235865916801	4367.61037353801
2842.1171861976995	7453.748760572847	9957.723714521055	0.43507058499583406	4365.741326629426
2843.315885980997	7451.083482260217	9954.155186408827	0.43501781350548274	4363.872279720843
2844.5145857642938	7448.418203947589	9950.586663953358	0.4349650420151315	4362.00323281226
2845.713285547591	7445.75292563496	9947.018147154637	0.43491227052478015	4360.134185903675
2846.9119853308885	7443.087647322329	9943.449636012647	0.43485949903442883	4358.265138995092
2848.110685114186	7440.4223690097	9939.881130527381	0.43480672754407756	4356.396092086507
2849.3093848974827	7437.757090697071	9936.312630698822	0.434754167495686	4354.527045177924
2850.50808468078	7435.091812384442	9932.744136526955	0.4347018648323228	4352.657998269341
2851.7067844640774	7432.426534071812	9929.175648011767	0.43464956216895956	4350.788951360757
2852.9054842473743	7429.761255759184	9925.607165153247	0.43459725950559636	4348.919904452173
2854.1041840306716	7427.095977446555	9922.03868795138	0.43454495684223315	4347.05085754359
2855.302883813969	7424.430699133925	9918.470216406153	0.43449265417886995	4345.181810635006
2856.5015835972663	7421.765420821296	9914.9017505175525	0.43444053195301824	4343.3127637264215
2857.700283380563	7419.100142508667	9911.333290285565	0.4343886938832303	4341.443716817839
2858.8989831638605	7416.434864196037	9907.764835710175	0.43433685581344245	4339.574669909255
2860.097682947158	7413.769585883408	9904.196386791371	0.4342850177436545	4337.705623000671
2861.2963827304548	7411.104307570779	9900.627943529144	0.4342331796738666	4335.836576092087
2862.495082513752	7408.43902925815	9897.059505923471	0.4341813416040787	4333.967529183504
2863.6937822970494	7405.773750945521	9893.491073974346	0.43412965351197214	4332.09848227492
2864.892482080347	7403.108472632891	9889.922647681751	0.43407827584650044	4330.229435366336
2866.0911818636437	7400.443194320263	9886.354227045675	0.43402689818102885	4328.360388457753
2867.289881646941	7397.7779160076325	9882.785812066106	0.43397552051555716	4326.491341549169
2868.4885814302384	7395.112637695003	9879.217402743026	0.4339241428500855	4324.622294640585
2869.6872812135357	7392.447359382374	9875.648999076428	0.4338727651846139	4322.753247732002
2870.8859809968326	7389.782081069746	9872.080601066295	0.43382150757317817	4320.884200823418
2872.08468078013	7387.116802757116	9868.512208712607	0.4337705861663933	4319.015153914834
2873.2833805634273	7384.4515244444865	9864.94382201536	0.43371966475960844	4317.1461070062505
2874.482080346724	7381.786246131858	9861.375440974542	0.43366874335282357	4315.277060097667
2875.6807801300215	7379.120967819229	9857.807065590132	0.4336178219460387	4313.408013189083
2876.879479913319	7376.4556895066	9854.23869586212	0.4335669005392538	4311.5389662805
2878.078179696616	7373.790411193969	9850.670331790488	0.4335160697907421	4309.669919371916
2879.276879479913	7371.1251328813405	9847.101973375231	0.433465600540119	4307.800872463332
2880.4755792632104	7368.459854568711	9843.53362061633	0.43341513128949594	4305.931825554749
2881.6742790465078	7365.794576256082	9839.965273513775	0.43336466203887286	4304.062778646165
2882.8729788298047	7363.129297943454	9836.39693206755	0.4333141927882498	4302.193731737581
2884.071678613102	7360.464019630824	9832.828596277639	0.4332637235376267	4300.324684828998
2885.2703783963993	7357.7987413181945	9829.260266144032	0.4332133160692278	4298.455637920414
2886.4690781796967	7355.133463005565	9825.691941666717	0.43316329491483446	4296.586591011829
2887.6677779629936	7352.468184692936	9822.123622845678	0.4331132737604412	4294.717544103246
2888.866477746291	7349.802906380307	9818.555309680902	0.43306325260604783	4292.848497194663
2890.0651775295883	7347.137628067677	9814.987002172375	0.4330132314516545	4290.979450286079
2891.2638773128856	7344.472349755048	9811.418700320082	0.43296321029726115	4289.110403377495
2892.4625770961825	7341.807071442419	9807.850404124016	0.43291322256071624	4287.241356468912
2893.66127687948	7339.14179312979	9804.282113584159	0.43286364548470324	4285.372309560328
2894.859976662777	7336.476514817161	9800.713828700495	0.4328140684086903	4283.503262651743
2896.058676446074	7333.811236504533	9797.145549473016	0.43276449133267736	4281.634215743161
2897.2573762293714	7331.145958191902	9793.577275901704	0.4327149142566644	4279.765168834577
2898.4560760126687	7328.480679879272	9790.009007986548	0.4326653371806514	4277.896121925993
2899.654775795966	7325.815401566643	9786.440745727534	0.4326157656618718	4276.0270750174095
2900.853475579263	7323.150123254015	9782.872489124651	0.43256662868797235	4274.158028108826
2902.0521753625603	7320.484844941386	9779.304238177881	0.43251749171407283	4272.288981200242
2903.2508751458577	7317.819566628756	9775.735992887212	0.4324683547401733	4270.419934291658
2904.4495749291546	7315.154288316127	9772.167753252632	0.43241921776627384	4268.550887383075
2905.648274712452	7312.489010003498	9768.599519274128	0.4323700807923744	4266.681840474491
2906.8469744957492	7309.823731690869	9765.031290951685	0.43232094381847486	4264.812793565908
2908.0456742790466	7307.158453378239	9761.463068285288	0.43227222120410125	4262.943746657324
2909.2443740623435	7304.49317506561	9757.894851274927	0.43222352039713635	4261.07469974874
2910.443073845641	7301.82789675298	9754.326639920586	0.4321748195901714	4259.205652840156
2911.641773628938	7299.162618440351	9750.758434222254	0.43212611878320645	4257.336605931572
2912.840473412235	7296.497340127723	9747.190234179916	0.43207741797624155	4255.467559022989
2914.0391731955324	7293.832061815094	9743.62203979356	0.4320287171692766	4253.598512114405
2915.2378729788297	7291.166783502464	9740.053851063169	0.4319803999509243	4251.729465205822
2916.436572762127	7288.5015051898345	9736.48566798873	0.4319321314163139	4249.860418297238
2917.635272545424	7285.836226877205	9732.917490570233	0.43188386288170355	4247.991371388654
2918.8339723287213	7283.170948564576	9729.349318807666	0.4318355943470932	4246.122324480071
2920.0326721120186	7280.505670251947	9725.781152701009	0.43178732581248286	4244.253277571486
2921.231371895316	7277.840391939318	9722.212992250254	0.4317390572778725	4242.384230662902
2922.430071678613	7275.1751136266885	9718.644837455384	0.4316911420818437	4240.51518375432
2923.62877146191	7272.509835314059	9715.076688316387	0.43164330196512435	4238.646136845736
2924.8274712452076	7269.84455700143	9711.50854483325	0.43159546184840497	4236.777089937152
2926.0261710285045	7267.179278688802	9707.94040700596	0.43154762173168565	4234.9080430285685
2927.224870811802	7264.514000376172	9704.372274834503	0.43149978161496627	4233.038996119984
2928.423570595099	7261.848722063542	9700.804148318864	0.4314519414982469	4231.1699492114
2929.6222703783965	7259.183443750912	9697.236027459032	0.4314044249830618	4229.300902302817
2930.8209701616934	7256.518165438284	9693.66791225499	0.4313570094694118	4227.431855394234
2932.0196699449907	7253.852887125655	9690.09980270673	0.4313095939557618	4225.56280848565
2933.218369728288	7251.187608813026	9686.531698814235	0.4312621784421118	4223.693761577067
2934.417069511585	7248.5223305003965	9682.963600577492	0.4312147629284618	4221.824714668483
2935.6157692948823	7245.857052187767	9679.395507996487	0.4311673474148118	4219.9556677598985
2936.8144690781796	7243.191773875138	9675.827421071206	0.43112022627085494	4218.086620851314
2938.013168861477	7240.526495562508	9672.259339801638	0.4310732315846232	4216.217573942731
2939.211868644774	7237.86121724988	9668.691264187772	0.4310262368983914	4214.348527034148
2940.410568428071	7235.1959389372505	9665.123194229587	0.43097924221215966	4212.479480125564
2941.6092682113685	7232.53066062462	9661.555129927072	0.4309322475259279	4210.610433216981
2942.807967994666	7229.865382311991	9657.987071280215	0.43088525283969614	4208.741386308397
2944.006667777963	7227.200103999363	9654.419018289005	0.4308385237888695	4206.8723393998125
2945.20536756126	7224.534825686734	9650.850970953425	0.4307919461931137	4205.003292491229
2946.4040673445575	7221.869547374104	9647.282929273462	0.43074536859735785	4203.134245582645
2947.6027671278543	7219.204269061474	9643.714893249105	0.430698791001602	4201.265198674062
2948.8014669111517	7216.538990748845	9640.146862880338	0.4306522134058462	4199.396151765479
2950.000166694449	7213.873712436216	9636.578838167146	0.43060563581009037	4197.527104856895
2951.1988664777464	7211.208434123587	9633.01081910952	0.4305592956054686	4195.658057948311
2952.3975662610433	7208.543155810958	9629.442805707446	0.43051313140149616	4193.7890110397275
2953.5962660443406	7205.877877498328	9625.874797960905	0.43046696719752375	4191.919964131143
2954.794965827638	7203.212599185699	9622.30679586989	0.4304208029935513	4190.050917222559
2955.993665610935	7200.547320873071	9618.738799434384	0.4303746387895789	4188.181870313977
2957.192365394232	7197.882042560442	9615.170808654377	0.43032847458560647	4186.312823405393
2958.3910651775295	7195.216764247812	9611.60282352985	0.430282520011097	4184.443776496809
2959.589764960827	7192.5514859351815	9608.034844060792	0.4302367655380141	4182.574729588225
2960.7884647441238	7189.886207622553	9604.466870247195	0.4301910110649312	4180.7056826796415
2961.987164527421	7187.220929309924	9600.898902089037	0.4301452565918483	4178.836635771057
2963.1858643107184	7184.555650997295	9597.330939586309	0.4300995021187654	4176.967588862473
2964.384564094016	7181.890372684665	9593.762982738996	0.4300537476456825	4175.09854195389
2965.5832638773127	7179.225094372036	9590.195031547088	0.43000817551568993	4173.229495045307
2966.78196366061	7176.559816059407	9586.627086010569	0.42996282714995543	4171.360448136723
2967.9806634439074	7173.894537746777	9583.059146129424	0.42991747878422093	4169.49140122814
2969.1793632272042	7171.229259434149	9579.491211903642	0.4298721304184865	4167.622354319556
2970.3780630105016	7168.56398112152	9575.923283333206	0.429826782052752	4165.7533074109715
2971.576762793799	7165.89870280889	9572.355360418109	0.4297814336870175	4163.884260502388
2972.7754625770963	7163.23342449626	9568.787443158331	0.4297362408461113	4162.015213593804
2973.974162360393	7160.568146183632	9565.219531553865	0.4296912950010967	4160.146166685221
2975.1728621436905	7157.902867871003	9561.651625604689	0.4296463491560821	4158.277119776638
2976.371561926988	7155.237589558374	9558.083725310798	0.4296014033110674	4156.408072868054
2977.5702617102847	7152.5723112457445	9554.515830672175	0.4295564574660528	4154.53902595947
2978.768961493582	7149.907032933114	9550.947941688804	0.4295115116210382	4152.6699790508865
2979.9676612768794	7147.241754620485	9547.380058360675	0.4294666949436252	4150.800932142302
2981.1663610601768	7144.576476307856	9543.812180687773	0.429422148069181	4148.931885233718
2982.3650608434737	7141.911197995228	9540.244308670088	0.4293776011947368	4147.062838325136
2983.563760626771	7139.2459196825985	9536.676442307602	0.42933305432029256	4145.193791416552
2984.7624604100683	7136.580641369968	9533.108581600303	0.4292885074458483	4143.324744507968
2985.9611601933652	7133.91536305734	9529.54072654818	0.4292439605714041	4141.455697599384
2987.1598599766626	7131.250084744711	9525.972877151215	0.4291995169614045	4139.5866506908005
2988.35855975996	7128.584806432081	9522.405033409397	0.4291553655434303	4137.717603782216
2989.5572595432573	7125.919528119452	9518.837195322714	0.4291112141254561	4135.848556873632
2990.755959326554	7123.254249806823	9515.269362891151	0.4290670627074819	4133.97950996505
2991.9546591098515	7120.588971494193	9511.701536114695	0.42902291128950776	4132.110463056465
2993.153358893149	7117.923693181564	9508.133714993332	0.42897875987153355	4130.241416147881
2994.352058676446	7115.258414868935	9504.565899527046	0.4289346862620599	4128.372369239298
2995.550758459743	7112.5931365563065	9500.99808971583	0.4288909268220819	4126.503322330715
2996.7494582430404	7109.927858243676	9497.430285559663	0.42884716738210393	4124.6342754221305
2997.9481580263378	7107.262579931046	9493.862487058537	0.42880340794212596	4122.765228513547
2999.1468578096346	7104.597301618418	9490.294694212442	0.428759648502148	4120.896181604964
3000.345557592932	7101.932023305789	9486.726907021353	0.42871588906217	4119.027134696379
3001.5442573762293	7099.26674499316	9483.159125485265	0.4286721824152114	4117.158087787796
3002.7429571595267	7096.60146668053	9479.591349604163	0.42862881150996485	4115.289040879212
3003.9416569428236	7093.936188367901	9476.023579378034	0.4285854406047183	4113.419993970629
3005.140356726121	7091.270910055272	9472.455814806863	0.4285420696994718	4111.550947062045
3006.3390565094182	7088.605631742643	9468.888055890638	0.42849869879422525	4109.681900153461
3007.537756292715	7085.940353430014	9465.320302629343	0.4284553278889787	4107.812853244878
3008.7364560760125	7083.275075117384	9461.75255502297	0.4284119851950882	4105.943806336294
3009.93515585931	7080.609796804754	9458.184813071497	0.42836899941610496	4104.07475942771
3011.133855642607	7077.944518492125	9454.617076774917	0.42832601363712164	4102.205712519126
3012.332555425904	7075.279240179497	9451.049346133219	0.4282830278581384	4100.336665610543
3013.5312552092014	7072.613961866868	9447.481621146382	0.42824004207915506	4098.4676187019595
3014.7299549924987	7069.948683554238	9443.913901814398	0.42819705630017174	4096.598571793375
3015.928654775796	7067.283405241608	9440.34618813725	0.42815407457815724	4094.7295248847918
3017.127354559093	7064.61812692898	9436.778480114928	0.42811147055135795	4092.8604779762077
3018.3260543423903	7061.95284861635	9433.210777747416	0.4280688665245587	4090.991431067624
3019.5247541256877	7059.287570303721	9429.643081034701	0.42802626249775944	4089.1223841590404
3020.7234539089845	7056.622291991092	9426.07538997677	0.4279836584709602	4087.253337250457
3021.922153692282	7053.957013678463	9422.50770457361	0.427941054444161	4085.3842903418736
3023.120853475579	7051.291735365833	9418.940024825208	0.4278984504173617	4083.51524343329
3024.3195532588766	7048.626457053204	9415.372350731548	0.4278562051260731	4081.646196524706
3025.5182530421735	7045.961178740576	9411.80468229262	0.42781397951136696	4079.777149616122
3026.716952825471	7043.295900427946	9408.237019508408	0.42777175389666083	4077.9081027075385
3027.915652608768	7040.630622115315	9404.669362378896	0.4277295282819547	4076.0390557989545
3029.114352392065	7037.965343802687	9401.101710904079	0.4276873026672486	4074.1700088903717
3030.3130521753624	7035.300065490058	9397.534065083937	0.4276450770525424	4072.3009619817876
3031.5117519586597	7032.634787177429	9393.966424918457	0.4276031835477924	4070.431915073204
3032.710451741957	7029.9695088647995	9390.398790407628	0.4275613330386801	4068.5628681646203
3033.909151525254	7027.304230552171	9386.831161551432	0.4275194825295678	4066.6938212560362
3035.1078513085513	7024.638952239542	9383.263538349862	0.42747763202045547	4064.8247743474526
3036.3065510918486	7021.973673926912	9379.695920802898	0.42743578151134315	4062.955727438869
3037.5052508751455	7019.308395614284	9376.128308910535	0.42739393100223083	4061.086680530286
3038.703950658443	7016.643117301654	9372.56070267275	0.4273523864189736	4059.217633621702
3039.90265044174	7013.977838989024	9368.993102089535	0.42731090774215474	4057.3485867131185
3041.1013502250375	7011.312560676394	9365.425507160873	0.42726942906533594	4055.4795398045344
3042.3000500083344	7008.647282363766	9361.857917886757	0.4272279503885171	4053.6104928959508
3043.498749791632	7005.982004051137	9358.290334267169	0.4271864717116982	4051.7414459873667
3044.697449574929	7003.316725738508	9354.722756302093	0.42714499303487935	4049.872399078783
3045.8961493582265	7000.651447425878	9351.155183991521	0.42710379453473846	4048.0033521701994
3047.0948491415234	6997.986169113249	9347.587617335437	0.427062684449727	4046.134305261616
3048.2935489248207	6995.320890800619	9344.020056333828	0.42702157436471555	4044.2652583530326
3049.492248708118	6992.65561248799	9340.45250098668	0.4269804642797041	4042.396211444449
3050.690948491415	6989.990334175362	9336.88495129398	0.42693935419469264	4040.527164535865
3051.8896482747123	6987.325055862732	9333.317407255714	0.4268982441096812	4038.658117627281
3053.0883480580096	6984.659777550103	9329.74986887187	0.4268573888806625	4036.789070718697
3054.287047841307	6981.994499237473	9326.18233614243	0.426816644179404	4034.9200238101134
3055.485747624604	6979.329220924845	9322.61480906739	0.4267758994781455	4033.0509769015307
3056.684447407901	6976.663942612216	9319.047287646727	0.426735154776887	4031.1819299929466
3057.8831471911985	6973.998664299586	9315.479771880433	0.42669441007562847	4029.312883084362
3059.0818469744954	6971.333385986957	9311.912261768492	0.42665366537437	4027.4438361757793
3060.2805467577928	6968.668107674327	9308.34475731089	0.42661315063057953	4025.5747892671952
3061.47924654109	6966.002829361698	9304.777258507615	0.4265727681370756	4023.7057423586116
3062.6779463243874	6963.337551049069	9301.209765358655	0.4265323856435717	4021.836695450028
3063.8766461076843	6960.67227273644	9297.642277863997	0.4264920031500678	4019.9676485414448
3065.0753458909817	6958.006994423811	9294.07479602362	0.4264516206565639	4018.098601632861
3066.274045674279	6955.341716111181	9290.50731983752	0.42641123816306	4016.2295547242766
3067.4727454575764	6952.676437798552	9286.939849305678	0.4263710611444245	4014.3605078156925
3068.6714452408733	6950.011159485923	9283.372384428085	0.426331037714361	4012.4914609071097
3069.8701450241706	6947.3458811732935	9279.804925204722	0.4262910142842974	4010.6224139985256
3071.068844807468	6944.680602860664	9276.237471635579	0.4262509908542338	4008.753367089942
3072.267544590765	6942.015324548036	9272.670023720642	0.42621096742417025	4006.8843201813593
3073.466244374062	6939.350046235406	9269.102581459898	0.42617094399410665	4005.015273272775
3074.6649441573595	6936.684767922777	9265.535144853333	0.42613110196609694	4003.1462263641906
3075.863643940657	6934.0194896101475	9261.967713900933	0.4260914344864759	4001.277179455607
3077.0623437239537	6931.354211297519	9258.400288602686	0.4260517670068549	3999.408132547024
3078.261043507251	6928.688932984888	9254.832868958576	0.42601209952723385	3997.53908563844
3079.4597432905484	6926.023654672259	9251.265454968592	0.4259724320476128	3995.670038729856
3080.6584430738453	6923.358376359631	9247.698046632722	0.4259327645679918	3993.800991821273
3081.8571428571427	6920.6930980470015	9244.13064395095	0.42589325482135026	3991.9319449126892
3083.05584264044	6918.027819734372	9240.56324692326	0.4258539402101298	3990.062898004105
3084.2545424237373	6915.362541421743	9236.995855549641	0.4258146255989093	3988.193851095521
3085.4532422070342	6912.697263109114	9233.428469830083	0.42577531098768884	3986.3248041869383
3086.6519419903316	6910.031984796485	9229.86108976457	0.42573599637646836	3984.455757278354
3087.850641773629	6907.3667064838555	9226.293715353087	0.4256966817652479	3982.5867103697706
3089.0493415569263	6904.701428171225	9222.726346595624	0.42565750161571925	3980.717663461187
3090.248041340223	6902.036149858597	9219.158983492163	0.4256185368214548	3978.8486165526033
3091.4467411235205	6899.370871545967	9215.59162604269	0.4255795720271904	3976.9795696440196
3092.645440906818	6896.705593233338	9212.024274247196	0.42554060723292597	3975.1105227354356
3093.8441406901147	6894.0403149207095	9208.45692810567	0.4255016424386615	3973.2414758268524
3095.042840473412	6891.37503660808	9204.889587618092	0.4254626776443971	3971.3724289182687
3096.2415402567094	6888.709758295451	9201.32225278445	0.4254238244324615	3969.5033820096846
3097.4402400400068	6886.044479982822	9197.754923604733	0.4253852064339532	3967.634335101101
3098.6389398233036	6883.379201670192	9194.187600078925	0.42534658843544493	3965.765288192518
3099.837639606601	6880.713923357563	9190.620282207014	0.42530797043693663	3963.8962412839337
3101.0363393898983	6878.048645044933	9187.052969988988	0.42526935243842834	3962.0271943753496
3102.235039173195	6875.383366732305	9183.485663424832	0.4252307344399201	3960.1581474667664
3103.4337389564926	6872.718088419676	9179.918362514529	0.42519220553052994	3958.289100558183
3104.63243873979	6870.052810107046	9176.351067258072	0.42515393133647456	3956.420053649599
3105.8311385230872	6867.387531794417	9172.783777655442	0.42511565714241917	3954.551006741015
3107.029838306384	6864.722253481788	9169.216493706632	0.4250773829483638	3952.681959832432
3108.2285380896815	6862.056975169158	9165.649215411622	0.42503910875430834	3950.812912923848
3109.427237872979	6859.391696856529	9162.081942770403	0.42500083456025295	3948.9438660152637
3110.6259376562757	6856.7264185439	9158.514675782957	0.42496262734257284	3947.074819106681
3111.824637439573	6854.061140231271	9154.947414449274	0.42492469399121935	3945.2057721980973
3113.0233372228704	6851.3958619186415	9151.38015876934	0.4248867606398659	3943.336725289513
3114.2220370061677	6848.730583606012	9147.812908743143	0.4248488272885124	3941.467678380929
3115.4207367894646	6846.065305293384	9144.245664370668	0.424810893937159	3939.598631472346
3116.619436572762	6843.400026980755	9140.6784256519	0.4247729605858055	3937.729584563762
3117.8181363560593	6840.734748668125	9137.111192586828	0.4247350724729547	3935.860537655178
3119.0168361393567	6838.069470355495	9133.543965175439	0.42469747703176575	3933.991490746594
3120.2155359226535	6835.404192042866	9129.976743417716	0.42465988159057677	3932.1224438380113
3121.414235705951	6832.738913730237	9126.40952731365	0.4246222861493878	3930.2533969294277
3122.6129354892482	6830.073635417607	9122.84231686322	0.4245846907081988	3928.384350020843
3123.811635272545	6827.408357104979	9119.275112066423	0.42454709526700984	3926.5153031122604
3125.0103350558425	6824.7430787923495	9115.70791292324	0.42450952369580885	3924.6462562036763
3126.20903483914	6822.07780047972	9112.140719433659	0.42447226326112447	3922.7772092950922
3127.407734622437	6819.412522167091	9108.573531597664	0.42443500282644014	3920.9081623865086
3128.606434405734	6816.747243854462	9105.006349415245	0.42439774239175576	3919.0391154779254
3129.8051341890314	6814.081965541832	9101.439172886381	0.4243604819570714	3917.1700685693413
3131.0038339723287	6811.416687229203	9097.872002011069	0.42432322152238705	3915.3010216607577
3132.2025337556256	6808.751408916574	9094.304836789293	0.4242859639531056	3913.431974752174
3133.401233538923	6806.086130603945	9090.737677221034	0.4242490356498134	3911.5629278435904
3134.5999333222203	6803.420852291316	9087.170523306284	0.42421210734652126	3909.6938809350067
3135.7986331055176	6800.755573978686	9083.603375045022	0.4241751790432291	3907.8248340264226
3136.9973328888145	6798.0902956660575	9080.036232437245	0.42413825073993694	3905.95578711784
3138.196032672112	6795.425017353428	9076.469095482937	0.4241013224366447	3904.086740209256
3139.394732455409	6792.759739040798	9072.901964182078	0.42406439413335256	3902.2176933006717
3140.5934322387066	6790.094460728168	9069.33483853466	0.4240277773339626	3900.348646392088
3141.7921320220034	6787.42918241554	9065.767718540668	0.4239911783151708	3898.4795994835044
3142.990831805301	6784.763904102911	9062.200604200088	0.42395457929637903	3896.610552574921
3144.189531588598	6782.098625790281	9058.63349551291	0.4239179802775872	3894.741505666337
3145.388231371895	6779.433347477653	9055.066392479117	0.42388138125879543	3892.8724587577535
3146.5869311551924	6776.768069165024	9051.499295098698	0.42384478224000366	3891.00341184917
3147.7856309384897	6774.102790852394	9047.932203371634	0.42380847161343876	3889.1343649405862
3148.984330721787	6771.437512539764	9044.365117297917	0.4237721990601535	3887.265318032002
3150.183030505084	6768.772234227135	9040.798036877535	0.42373592650686825	3885.396271123419
3151.3817302883813	6766.106955914506	9037.23096211047	0.423699653953583	3883.5272242148353
3152.5804300716786	6763.441677601877	9033.66389299671	0.4236633814002978	3881.658177306251
3153.7791298549755	6760.776399289249	9030.096829536244	0.42362710884701255	3879.789130397668
3154.977829638273	6758.111120976619	9026.529771729052	0.42359110194999455	3877.920083489084
3156.17652942157	6755.445842663989	9022.962719575129	0.4235551530708025	3876.0510365805003
3157.3752292048675	6752.78056435136	9019.395673074458	0.42351920419161043	3874.1819896719167
3158.5739289881644	6750.115286038731	9015.828632227023	0.42348325531241837	3872.312942763333
3159.7726287714618	6747.450007726102	9012.261597032815	0.42344730643322626	3870.4438958547494
3160.971328554759	6744.784729413473	9008.694567491815	0.4234113575540342	3868.5748489461657
3162.1700283380565	6742.1194511008425	9005.127543604014	0.42337565196544447	3866.7058020375816
3163.3687281213533	6739.454172788214	9001.5605253694	0.423340023996197	3864.8367551289984
3164.5674279046507	6736.788894475585	8997.993512787956	0.4233043960269496	3862.9677082204144
3165.766127687948	6734.123616162956	8994.426505859668	0.42326876805770214	3861.0986613118303
3166.964827471245	6731.458337850328	8990.859504584525	0.4232331400884547	3859.2296144032475
3168.1635272545423	6728.793059537697	8987.292508962511	0.42319751211920725	3857.3605674946634
3169.3622270378396	6726.127781225067	8983.725518993615	0.42316210543985516	3855.49152058608
3170.560926821137	6723.462502912438	8980.158534677825	0.4231267956433603	3853.622473677496
3171.759626604434	6720.79722459981	8976.591556015124	0.4230914858468655	3851.7534267689125
3172.958326387731	6718.13194628718	8973.0245830055	0.42305617605037066	3849.884379860329
3174.1570261710285	6715.466667974551	8969.457615648937	0.4230208662538758	3848.0153329517448
3175.3557259543254	6712.801389661922	8965.890653945427	0.422985556457381	3846.1462860431616
3176.5544257376228	6710.136111349293	8962.323697894954	0.4229504463097729	3844.277239134578
3177.75312552092	6707.470833036664	8958.756747497504	0.42291545197548713	3842.408192225994
3178.9518253042174	6704.805554724034	8955.18980275306	0.42288045764120136	3840.53914531741
3180.1505250875143	6702.140276411405	8951.622863661618	0.4228454633069156	3838.670098408827
3181.3492248708117	6699.474998098775	8948.055930223154	0.4228104689726298	3836.8010515002425
3182.547924654109	6696.809719786146	8944.489002437662	0.422775474638344	3834.932004591659
3183.746624437406	6694.144441473518	8940.922080305127	0.4227406586664565	3833.062957683076
3184.9453242207032	6691.479163160889	8937.35516382553	0.4227059771101833	3831.193910774492
3186.1440240040006	6688.813884848259	8933.788252998866	0.42267129555391014	3829.3248638659084
3187.342723787298	6686.148606535629	8930.221347825114	0.422636613997637	3827.4558169573247
3188.541423570595	6683.483328223	8926.654448304269	0.42260193244136385	3825.586770048741
3189.740123353892	6680.818049910371	8923.087554436312	0.4225672508850907	3823.7177231401574
3190.9388231371895	6678.152771597742	8919.520666221228	0.42253272675414566	3821.8486762315733
3192.137522920487	6675.487493285113	8915.953783659006	0.4224983553177369	3819.9796293229892
3193.3362227037837	6672.822214972483	8912.38690674963	0.42246398388132805	3818.1105824144065
3194.534922487081	6670.156936659854	8908.820035493096	0.4224296124449193	3816.2415355058224
3195.7336222703784	6667.491658347225	8905.25316988938	0.4223952410085105	3814.3724885972383
3196.9323220536753	6664.826380034597	8901.686309938472	0.4223608695721017	3812.5034416886556
3198.1310218369726	6662.1611017219675	8898.119455640359	0.4223266349683446	3810.6343947800715
3199.32972162027	6659.4958234093365	8894.552606995027	0.4222925710194061	3808.7653478714874
3200.5284214035673	6656.830545096707	8890.98576400246	0.4222585070704675	3806.8963009629038
3201.727121186864	6654.165266784079	8887.41892666265	0.422224443121529	3805.0272540543206
3202.9258209701616	6651.49998847145	8883.852094975582	0.42219037917259045	3803.158207145737
3204.124520753459	6648.83471015882	8880.28526894124	0.42215631522365193	3801.2891602371524
3205.323220536756	6646.169431846191	8876.718448559615	0.42212236785413215	3799.4201133285696
3206.521920320053	6643.504153533562	8873.151633830686	0.4220886087857319	3797.5510664199855
3207.7206201033505	6640.838875220933	8869.584824754447	0.4220548497173317	3795.6820195114014
3208.919319886648	6638.173596908303	8866.018021330881	0.4220210906489315	3793.812972602818
3210.1180196699447	6635.508318595674	8862.451223559976	0.42198733158053126	3791.943925694235
3211.316719453242	6632.8430402830445	8858.884431441718	0.42195357251213106	3790.0748787856505
3212.5154192365394	6630.177761970415	8855.317644976092	0.4219199101044848	3788.205831877067
3213.7141190198367	6627.512483657786	8851.750864163087	0.42188645333486674	3786.3367849684832
3214.9128188031336	6624.847205345158	8848.184089002689	0.4218529965652487	3784.4677380598996
3216.111518586431	6622.181927032529	8844.617319494886	0.42181953979563064	3782.598691151316
3217.3102183697283	6619.5166487198985	8841.050555639658	0.42178608302601256	3780.729644242732
3218.508918153025	6616.85137040727	8837.483797437	0.4217526262563945	3778.860597334149
3219.7076179363225	6614.18609209464	8833.917044886892	0.4217192465586308	3776.991550425565
3220.90631771962	6611.520813782011	8830.350297989326	0.42168608953093	3775.122503516981
3222.1050175029172	6608.855535469381	8826.783556744283	0.42165293250322916	3773.2534566083973
3223.303717286214	6606.1902571567525	8823.216821151755	0.42161977547552837	3771.384409699814
3224.5024170695115	6603.524978844123	8819.650091211728	0.4215866184478276	3769.51536279123
3225.701116852809	6600.859700531494	8816.08336692418	0.42155346142012673	3767.6463158826464
3226.8998166361057	6598.194422218866	8812.51664828911	0.4215203622004152	3765.7772689740627
3228.098516419403	6595.529143906237	8808.949935306498	0.4214875023823789	3763.908222065479
3229.2972162027004	6592.8638655936065	8805.38322797633	0.4214546425643427	3762.0391751568955
3230.4959159859977	6590.198587280976	8801.816526298595	0.4214217827463064	3760.1701282483114
3231.6946157692946	6587.533308968348	8798.249830273277	0.4213889229282701	3758.301081339728
3232.893315552592	6584.868030655719	8794.683139900364	0.4213560631102338	3756.4320344311445
3234.0920153358893	6582.20275234309	8791.116455179845	0.4213232421566956	3754.5629875225604
3235.290715119186	6579.5374740304615	8787.549776111704	0.42129067704040624	3752.6939406139772
3236.4894149024835	6576.872195717831	8783.983102695924	0.4212581119241169	3750.8248937053936
3237.688114685781	6574.206917405202	8780.416434932498	0.4212255468078276	3748.9558467968095
3238.886814469078	6571.541639092573	8776.84977282141	0.42119298169153824	3747.086799888226
3240.085514252375	6568.876360779944	8773.283116362645	0.4211604165752489	3745.2177529796422
3241.2842140356724	6566.211082467315	8769.716465556194	0.42112787169574933	3743.3487060710586
3242.48291381897	6563.545804154685	8766.149820402037	0.42109559879735153	3741.479659162475
3243.681613602267	6560.880525842055	8762.583180900163	0.4210633258989538	3739.610612253891
3244.880313385564	6558.215247529427	8759.016547050564	0.42103105300055604	3737.7415653453077
3246.0790131688614	6555.549969216798	8755.449918853219	0.42099878010215824	3735.872518436724
3247.2777129521587	6552.884690904169	8751.88329630812	0.4209665072037605	3734.0034715281395
3248.4764127354556	6550.21941259154	8748.316679415251	0.42093423622570475	3732.1344246195567
3249.675112518753	6547.554134278909	8744.750068174599	0.42090225308513585	3730.265377710973
3250.8738123020503	6544.88885596628	8741.183462586148	0.42087026994456694	3728.396330802389
3252.0725120853476	6542.223577653651	8737.61686264989	0.42083828680399804	3726.5272838938054
3253.2712118686445	6539.558299341023	8734.050268365807	0.42080630366342914	3724.6582369852217
3254.469911651942	6536.893021028393	8730.483679733888	0.42077432052286023	3722.789190076638
3255.668611435239	6534.227742715764	8726.91709675412	0.42074233738229133	3720.9201431680544
3256.867311218536	6531.562464403135	8723.350519426485	0.42071062547371446	3719.051096259471
3258.0660110018334	6528.897186090506	8719.783947750973	0.42067892965443787	3717.182049350887
3259.264710785131	6526.231907777876	8716.2173817275725	0.4206472338351613	3715.3130024423035
3260.463410568428	6523.5666294652465	8712.650821356268	0.4206155380158847	3713.4439555337194
3261.662110351725	6520.901351152618	8709.084266637048	0.4205838421966081	3711.5749086251362
3262.8608101350223	6518.236072839988	8705.517717569894	0.4205521463773315	3709.7058617165526
3264.0595099183197	6515.570794527359	8701.951174154794	0.42052070166954897	3707.8368148079685
3265.258209701617	6512.90551621473	8698.384636391738	0.42048929075829256	3705.9677678993844
3266.456909484914	6510.240237902101	8694.818104280714	0.42045787984703614	3704.098720990801
3267.6556092682113	6507.574959589471	8691.2515778217	0.42042646893577973	3702.2296740822176
3268.8543090515086	6504.909681276842	8687.685057014693	0.42039505802452326	3700.360627173634
3270.0530088348055	6502.244402964213	8684.118541859674	0.42036364711326685	3698.4915802650503
3271.251708618103	6499.579124651584	8680.552032356627	0.42033246751410325	3696.6225333564666
3272.4504084014	6496.9138463389545	8676.985528505542	0.42030133912059864	3694.7534864478826
3273.6491081846975	6494.248568026325	8673.419030306408	0.42027021072709403	3692.8844395392985
3274.8478079679944	6491.583289713696	8669.852537759205	0.4202390823335894	3691.0153926307157
3276.0465077512918	6488.918011401067	8666.286050863926	0.42020795394008476	3689.1463457221316
3277.245207534589	6486.252733088438	8662.719569620553	0.42017682554658015	3687.2772988135475
3278.443907317886	6483.587454775809	8659.153094029076	0.42014590898234894	3685.408251904965
3279.6426071011833	6480.922176463179	8655.58662408948	0.4201150607390761	3683.5392049963807
3280.8413068844807	6478.256898150549	8652.02015980175	0.42008421249580336	3681.6701580877966
3282.040006667778	6475.59161983792	8648.453701165876	0.42005336425253054	3679.801111179213
3283.238706451075	6472.926341525292	8644.887248181842	0.4200225160092578	3677.93206427063
3284.4374062343722	6470.2610632126625	8641.320800849637	0.419991667765985	3676.063017362046
3285.6361060176696	6467.595784900032	8637.754359169243	0.41996101218129817	3674.193970453462
3286.834805800967	6464.930506587403	8634.18792314065	0.4199304417432321	3672.324923544878
3288.033505584264	6462.265228274775	8630.621492763845	0.41989987130516604	3670.4558766362948
3289.232205367561	6459.599949962145	8627.055068038813	0.41986930086709995	3668.5868297277107
3290.4309051508585	6456.934671649516	8623.48864896554	0.41983873042903386	3666.717782819127
3291.6296049341554	6454.269393336886	8619.922235544018	0.41980815999096777	3664.8487359105443
3292.8283047174527	6451.604115024257	8616.355827774225	0.41977776334854844	3662.9796890019597
3294.02700450075	6448.938836711628	8612.789425656154	0.41974746839290883	3661.110642093376
3295.2257042840474	6446.273558398999	8609.223029189789	0.4197171734372693	3659.2415951847925
3296.4244040673443	6443.6082800863705	8605.656638375114	0.41968687848162967	3657.372548276209
3297.6231038506417	6440.943001773741	8602.090253212122	0.41965658352599006	3655.503501367625
3298.821803633939	6438.277723461111	8598.523873700793	0.4196262885703505	3653.6344544590415
3300.020503417236	6435.612445148482	8594.95749984112	0.4195961488508478	3651.765407550458
3301.2192032005332	6432.947166835853	8591.391131633087	0.41956612707685376	3649.8963606418743
3302.4179029838306	6430.281888523224	8587.824769076675	0.4195361053028597	3648.02731373329
3303.616602767128	6427.6166102105935	8584.258412171877	0.4195060835288656	3646.1582668247065
3304.815302550425	6424.951331897965	8580.69206091868	0.41947606175487157	3644.2892199161233
3306.014002333722	6422.286053585336	8577.125715317068	0.4194460399808775	3642.4201730075392
3307.2127021170195	6419.620775272707	8573.559375367027	0.41941615518268294	3640.5511260989556
3308.4114019003164	6416.955496960079	8569.993041068547	0.4193864043113079	3638.682079190373
3309.6101016836137	6414.2902186474485	8566.426712421608	0.4193566534399329	3636.8130322817888
3310.808801466911	6411.624940334819	8562.860389426203	0.41932690256855787	3634.9439853732047
3312.0075012502084	6408.959662022189	8559.294072082315	0.4192971516971828	3633.074938464621
3313.2062010335053	6406.294383709561	8555.727760389935	0.4192674008258078	3631.2058915560374
3314.4049008168026	6403.629105396932	8552.161454349043	0.41923776896487386	3629.3368446474537
3315.6036006001	6400.9638270843025	8548.59515395963	0.41920828673860594	3627.4677977388696
3316.8023003833973	6398.298548771672	8545.02885922168	0.419178804512338	3625.598750830286
3318.001000166694	6395.633270459044	8541.462570135187	0.4191493222860701	3623.729703921703
3319.1996999499916	6392.967992146415	8537.896286700126	0.41911984005980213	3621.8606570131187
3320.398399733289	6390.302713833785	8534.330008916491	0.4190903578335342	3619.991610104535
3321.597099516586	6387.6374355211565	8530.763736784267	0.4190609769431956	3618.122563195952
3322.795799299883	6384.972157208527	8527.197470303441	0.4190317611257998	3616.253516287368
3323.9944990831805	6382.306878895898	8523.631209473999	0.41900254530840403	3614.384469378784
3325.193198866478	6379.641600583268	8520.064954295925	0.41897332949100824	3612.5154224702005
3326.3918986497747	6376.97632227064	8516.49870476921	0.41894411367361245	3610.646375561617
3327.590598433072	6374.3110439580105	8512.93246089384	0.41891489785621666	3608.7773286530332
3328.7892982163694	6371.645765645381	8509.366222669798	0.4188857659870131	3606.908281744449
3329.9879979996663	6368.980487332752	8505.799990097074	0.41885681436329675	3605.039234835866
3331.1866977829636	6366.315209020122	8502.23376317565	0.4188278627395804	3603.1701879272823
3332.385397566261	6363.649930707493	8498.667541905521	0.41879891111586404	3601.301141018698
3333.5840973495583	6360.984652394864	8495.101326286667	0.4187699594921477	3599.4320941101146
3334.782797132855	6358.319374082235	8491.535116319073	0.4187410078684314	3597.5630472015314
3335.9814969161525	6355.654095769606	8487.968912002732	0.4187121230879323	3595.6940002929473
3337.18019669945	6352.988817456977	8484.402713337626	0.4186834334635133	3593.8249533843637
3338.378896482747	6350.323539144347	8480.836520323743	0.4186547438390942	3591.9559064757796
3339.577596266044	6347.658260831718	8477.27033296107	0.41862605421467514	3590.0868595671964
3340.7762960493415	6344.992982519088	8473.704151249593	0.4185973645902561	3588.2178126586127
3341.974995832639	6342.327704206459	8470.137975189296	0.41856867496583705	3586.3487657500286
3343.1736956159357	6339.662425893831	8466.571804780171	0.41854003535846884	3584.4797188414454
3344.372395399233	6336.997147581201	8463.0056400222	0.4185116055595472	3582.610671932862
3345.5710951825304	6334.331869268572	8459.439480915371	0.4184831757606255	3580.7416250242773
3346.7697949658277	6331.666590955942	8455.87332745967	0.41845474596170384	3578.8725781156936
3347.9684947491246	6329.001312643314	8452.307179655087	0.41842631616278214	3577.003531207111
3349.167194532422	6326.336034330684	8448.741037501604	0.4183978863638605	3575.134484298527
3350.3658943157193	6323.670756018054	8445.174900999209	0.4183694900307354	3573.265437389943
3351.564594099016	6321.005477705426	8441.60877014789	0.4183413179038672	3571.3963904813595
3352.7632938823135	6318.340199392796	8438.042644947634	0.4183131457769989	3569.527343572776
3353.961993665611	6315.674921080167	8434.476525398424	0.4182849736501307	3567.6582966641918
3355.160693448908	6313.009642767538	8430.910411500248	0.4182568015232624	3565.7892497556077
3356.359393232205	6310.344364454909	8427.344303253096	0.41822862939639416	3563.920202847025
3357.5580930155024	6307.67908614228	8423.778200656949	0.41820047445514114	3562.0511559384413
3358.7567927988	6305.01380782965	8420.212103711798	0.41817255786701546	3560.182109029857
3359.9554925820967	6302.348529517021	8416.64601241763	0.41814464127888984	3558.313062121274
3361.154192365394	6299.683251204392	8413.079926774426	0.4181167246907642	3556.44401521269
3362.3528921486914	6297.017972891762	8409.513846782176	0.41808880810263854	3554.574968304106
3363.5515919319887	6294.352694579133	8405.947772440868	0.4180608915145129	3552.705921395522
3364.7502917152856	6291.687416266504	8402.381703750487	0.4180329760991104	3550.836874486939
3365.948991498583	6289.022137953875	8398.815640711022	0.4180053129363287	3548.9678275783554
3367.1476912818803	6286.356859641245	8395.249583322453	0.417977649773547	3547.0987806697713
3368.3463910651776	6283.691581328616	8391.683531584773	0.4179499866107653	3545.229733761187
3369.5450908484745	6281.026303015987	8388.117485497969	0.41792232344798363	3543.360686852604
3370.743790631772	6278.3610247033575	8384.551445062023	0.41789466028520195	3541.4916399440203
3371.942490415069	6275.695746390728	8380.985410276922	0.41786699712242026	3539.6225930354362
3373.141190198366	6273.0304680781	8377.419381142658	0.4178395707146713	3537.7535461268535
3374.3398899816634	6270.365189765471	8373.85335765921	0.41781215888353046	3535.8844992182694
3375.5385897649608	6267.699911452841	8370.28733982657	0.41778474705238966	3534.0154523096858
3376.737289548258	6265.034633140212	8366.721327644724	0.4177573352212488	3532.146405401102
3377.935989331555	6262.369354827583	8363.155321113658	0.417729923390108	3530.277358492518
3379.1346891148523	6259.704076514954	8359.589320233355	0.4177025115589672	3528.4083115839344
3380.3333888981497	6257.038798202323	8356.023325003804	0.4176753189191914	3526.5392646753508
3381.5320886814466	6254.373519889695	8352.457335424995	0.4176481563454685	3524.6702177667676
3382.730788464744	6251.708241577066	8348.891351496912	0.41762099377174555	3522.801170858184
3383.9294882480413	6249.042963264436	8345.32537321954	0.4175938311980226	3520.9321239496003
3385.1281880313386	6246.377684951807	8341.75940059287	0.4175666686242997	3519.0630770410157
3386.3268878146355	6243.712406639178	8338.19343361688	0.41753950605057677	3517.1940301324325
3387.525587597933	6241.047128326549	8334.627472291566	0.41751254538008464	3515.324983223849
3388.72428738123	6238.38185001392	8331.06151661691	0.41748563000882444	3513.455936315265
3389.9229871645275	6235.7165717012895	8327.495566592897	0.41745871463756423	3511.586889406681
3391.1216869478244	6233.051293388661	8323.92962221952	0.417431799266304	3509.717842498098
3392.3203867311217	6230.386015076032	8320.363683496758	0.4174048838950438	3507.848795589514
3393.519086514419	6227.720736763402	8316.7977504246	0.41737796852378356	3505.9797486809302
3394.717786297716	6225.055458450774	8313.231823003036	0.4173512380393758	3504.1107017723466
3395.9164860810133	6222.390180138144	8309.66590123205	0.4173245678346819	3502.241654863763
3397.1151858643107	6219.724901825515	8306.099985111627	0.41729789762998803	3500.3726079551793
3398.313885647608	6217.059623512885	8302.534074641755	0.41727122742529416	3498.503561046595
3399.512585430905	6214.394345200257	8298.968169822423	0.4172445572206003	3496.6345141380125
3400.7112852142022	6211.729066887627	8295.402270653614	0.4172178870159064	3494.765467229428
3401.9099849974996	6209.0637885749975	8291.836377135316	0.41719138494971814	3492.8964203208443
3403.1086847807965	6206.398510262369	8288.270489267516	0.4171649578945452	3491.027373412261
3404.307384564094	6203.73323194974	8284.7046070502	0.4171385308393723	3489.158326503677
3405.506084347391	6201.067953637111	8281.138730483352	0.4171121037841994	3487.2892795950934
3406.7047841306885	6198.402675324481	8277.572859566963	0.41708567672902647	3485.4202326865097
3407.9034839139854	6195.737397011852	8274.006994301018	0.41705924967385355	3483.551185777926
3409.1021836972827	6193.072118699223	8270.441134685503	0.4170329742732011	3481.6821388693425
3410.30088348058	6190.406840386593	8266.8752807204055	0.41700678836915084	3479.813091960759
3411.4995832638774	6187.741562073963	8263.30943240571	0.41698060246510066	3477.9440450521743
3412.6982830471743	6185.076283761335	8259.743589741407	0.4169544165610505	3476.0749981435915
3413.8969828304716	6182.4110054487055	8256.177752727477	0.4169282306570003	3474.2059512350074
3415.095682613769	6179.745727136076	8252.611921363912	0.4169020447529501	3472.336904326424
3416.294382397066	6177.080448823448	8249.0460956507	0.4168759942801789	3470.4678574178406
3417.493082180363	6174.415170510819	8245.48027558782	0.41685004754729793	3468.5988105092565
3418.6917819636606	6171.74989219819	8241.914461175265	0.41682410081441695	3466.729763600673
3419.890481746958	6169.0846138855595	8238.348652413017	0.41679815408153603	3464.8607166920888
3421.089181530255	6166.41933557293	8234.782849301067	0.41677220734865505	3462.9916697835056
3422.287881313552	6163.754057260301	8231.2170518394	0.4167462606157741	3461.122622874922
3423.4865810968495	6161.088778947672	8227.651260028	0.4167204333481091	3459.2535759663383
3424.6852808801464	6158.423500635044	8224.085473866857	0.4166947238246901	3457.3845290577547
3425.8839806634437	6155.7582223224135	8220.519693355955	0.41666901430127107	3455.515482149171
3427.082680446741	6153.092944009784	8216.953918495283	0.41664330477785205	3453.6464352405865
3428.2813802300384	6150.427665697155	8213.388149284827	0.41661759525443304	3451.777388332003
3429.4800800133353	6147.762387384527	8209.822385724574	0.4165918857310141	3449.90834142342
3430.6787797966326	6145.097109071896	8206.256627814504	0.41656627996041107	3448.039294514836
3431.87747957993	6142.431830759267	8202.690875554614	0.41654080570279467	3446.1702476062524
3433.076179363227	6139.766552446638	8199.125128944885	0.41651533144517827	3444.301200697669
3434.274879146524	6137.101274134009	8195.559387985306	0.4164898571875619	3442.432153789085
3435.4735789298215	6134.43599582138	8191.993652675858	0.41646438292994553	3440.563106880501
3436.672278713119	6131.770717508751	8188.427923016533	0.41643890867232913	3438.6940599719173
3437.870978496416	6129.1054391961225	8184.862199007318	0.41641352270532783	3436.825013063334
3439.069678279713	6126.440160883492	8181.296480648193	0.4163882817877092	3434.9559661547505
3440.2683780630105	6123.774882570862	8177.730767939152	0.4163630408700906	3433.0869192461664
3441.467077846308	6121.109604258233	8174.165060880179	0.41633779995247194	3431.217872337583
3442.6657776296047	6118.444325945605	8170.599359471261	0.41631255903485337	3429.348825428999
3443.864477412902	6115.779047632975	8167.033663712381	0.41628731811723474	3427.479778520415
3445.0631771961994	6113.1137693203455	8163.46797360353	0.416262150274814	3425.6107316118314
3446.2618769794963	6110.448491007717	8159.902289144695	0.41623714078904994	3423.7416847032487
3447.4605767627936	6107.783212695088	8156.336610335858	0.41621213130328594	3421.8726377946646
3448.659276546091	6105.117934382459	8152.770937177008	0.4161871218175219	3420.003590886081
3449.8579763293883	6102.452656069829	8149.205269668133	0.4161621123317578	3418.134543977497
3451.056676112685	6099.7873777571995	8145.639607809216	0.4161371028459938	3416.265497068913
3452.2553758959825	6097.12209944457	8142.073951600248	0.416112151463428	3414.3964501603296
3453.45407567928	6094.456821131941	8138.508301041213	0.4160873715188474	3412.5274032517455
3454.6527754625768	6091.791542819313	8134.942656132099	0.4160625915742667	3410.6583563431627
3455.851475245874	6089.126264506684	8131.37701687289	0.41603781162968606	3408.789309434579
3457.0501750291714	6086.4609861940535	8127.811383263572	0.4160130316851054	3406.920262525995
3458.248874812469	6083.795707881424	8124.245755304136	0.41598825174052473	3405.0512156174113
3459.4475745957657	6081.130429568796	8120.680132994568	0.4159635151672421	3403.1821687088277
3460.646274379063	6078.465151256166	8117.114516334851	0.4159389628904585	3401.3131218002436
3461.8449741623604	6075.799872943536	8113.548905324972	0.41591441061367485	3399.44407489166
3463.0436739456577	6073.134594630907	8109.98329996492	0.41588985833689124	3397.575027983076
3464.2423737289546	6070.469316318278	8106.417700254683	0.41586530606010763	3395.705981074493
3465.441073512252	6067.804038005649	8102.852106194243	0.415840753783324	3393.8369341659095
3466.6397732955493	6065.13875969302	8099.286517783587	0.4158162303827663	3391.967887257325
3467.838473078846	6062.473481380391	8095.720935022707	0.41579190391749254	3390.0988403487418
3469.0371728621435	6059.8082030677615	8092.155357911583	0.4157675774522187	3388.229793440158
3470.235872645441	6057.142924755131	8088.589786450205	0.41574325098694487	3386.360746531574
3471.434572428738	6054.477646442502	8085.024220638559	0.41571892452167103	3384.4916996229904
3472.633272212035	6051.812368129874	8081.458660476633	0.4156945980563972	3382.6226527144076
3473.8319719953324	6049.147089817245	8077.893105964412	0.4156702862058811	3380.753605805823
3475.0306717786298	6046.481811504615	8074.327557101879	0.4156461837127461	3378.8845588972395
3476.2293715619267	6043.816533191986	8070.762013889029	0.4156220812196111	3377.015511988656
3477.428071345224	6041.151254879357	8067.19647632584	0.41559797872647614	3375.146465080072
3478.6267711285213	6038.485976566728	8063.630944412304	0.41557387623334113	3373.2774181714885
3479.8254709118187	6035.820698254098	8060.065418148406	0.4155497737402062	3371.4083712629044
3481.0241706951156	6033.155419941469	8056.499897534135	0.41552567183078576	3369.5393243543217
3482.222870478413	6030.490141628839	8052.93438256947	0.4155017914871545	3367.6702774457376
3483.4215702617103	6027.82486331621	8049.368873254407	0.4154779111435232	3365.8012305371535
3484.6202700450076	6025.159585003581	8045.803369588926	0.41545403079989196	3363.93218362857
3485.8189698283045	6022.494306690953	8042.237871573018	0.41543015045626075	3362.0631367199867
3487.017669611602	6019.8290283783235	8038.672379206666	0.4154062701126295	3360.1940898114026
3488.216369394899	6017.163750065693	8035.106892489857	0.4153823897689982	3358.325042902819
3489.415069178196	6014.498471753065	8031.541411422579	0.415358716548756	3356.4559959942353
3490.6137689614934	6011.833193440435	8027.975936004818	0.41533505654855063	3354.5869490856517
3491.8124687447907	6009.167915127806	8024.410466236562	0.41531139654834526	3352.717902177068
3493.011168528088	6006.502636815176	8020.845002117795	0.4152877365481399	3350.8488552684835
3494.209868311385	6003.837358502547	8017.279543648506	0.41526407654793457	3348.9798083599007
3495.4085680946823	6001.172080189918	8013.71409082868	0.4152404165477292	3347.110761451317
3496.6072678779797	5998.506801877289	8010.148643658303	0.4152169483016669	3345.241714542733
3497.8059676612766	5995.841523564661	8006.5832021373635	0.4151935068551904	3343.37266763415
3499.004667444574	5993.176245252032	8003.017766265849	0.41517006540871393	3341.5036207255657
3500.2033672278712	5990.510966939401	7999.452336043741	0.41514662396223745	3339.634573816982
3501.4020670111686	5987.845688626771	7995.886911471029	0.4151231825157609	3337.765526908398
3502.6007667944655	5985.180410314143	7992.321492547701	0.41509974106928443	3335.896479999815
3503.799466577763	5982.515132001514	7988.756079273744	0.415076476245069	3334.027433091231
3504.99816636106	5979.849853688885	7985.190671649142	0.41505325157883094	3332.1583861826475
3506.196866144357	5977.184575376256	7981.625269673884	0.41503002691259294	3330.289339274064
3507.3955659276544	5974.519297063626	7978.059873347952	0.4150068022463549	3328.4202923654802
3508.5942657109517	5971.854018750997	7974.494482671335	0.41498357758011684	3326.551245456896
3509.792965494249	5969.188740438368	7970.929097644023	0.4149603529138788	3324.682198548312
3510.991665277546	5966.523462125739	7967.363718266001	0.4149372899722096	3322.8131516397293
3512.1903650608433	5963.8581838131095	7963.798344537253	0.4149142803287542	3320.944104731145
3513.3890648441406	5961.19290550048	7960.232976457766	0.41489127068529885	3319.0750578225616
3514.587764627438	5958.52762718785	7956.667614027527	0.41486826104184354	3317.206010913978
3515.786464410735	5955.862348875222	7953.102257246525	0.4148452513983882	3315.3369640053943
3516.985164194032	5953.197070562593	7949.536906114744	0.4148222417549329	3313.46791709681
3518.1838639773296	5950.5317922499635	7945.9715606321715	0.41479937916941395	3311.5988701882266
3519.3825637606265	5947.866513937335	7942.406220798796	0.4147765828071499	3309.7298232796434
3520.581263543924	5945.201235624704	7938.840886614598	0.41475378644488586	3307.8607763710597
3521.779963327221	5942.535957312075	7935.275558079569	0.4147309900826219	3305.991729462476
3522.9786631105185	5939.870678999446	7931.7102351936965	0.41470819372035783	3304.122682553892
3524.1773628938154	5937.2054006868175	7928.144917956965	0.4146853973580938	3302.2536356453083
3525.3760626771127	5934.540122374187	7924.579606369359	0.41466273361510814	3300.3845887367243
3526.57476246041	5931.874844061558	7921.014300430869	0.4146401488081409	3298.5155418281406
3527.773462243707	5929.20956574893	7917.449000141479	0.4146175640011736	3296.646494919558
3528.9721620270043	5926.544287436301	7913.883705501177	0.4145949791942064	3294.777448010974
3530.1708618103016	5923.8790091236715	7910.31841650995	0.41457239438723914	3292.90840110239
3531.369561593599	5921.213730811041	7906.753133167783	0.4145498095802719	3291.0393541938065
3532.568261376896	5918.548452498412	7903.187855474663	0.41452734317885653	3289.1703072852224
3533.766961160193	5915.883174185783	7899.622583430575	0.4145049682168224	3287.3012603766388
3534.9656609434905	5913.217895873154	7896.057317035509	0.4144825932547883	3285.432213468055
3536.164360726788	5910.552617560525	7892.49205628945	0.4144602182927542	3283.563166559471
3537.363060510085	5907.887339247896	7888.926801192386	0.4144378433307201	3281.6941196508883
3538.561760293382	5905.222060935266	7885.361551744299	0.414415468368686	3279.825072742304
3539.7604600766795	5902.556782622637	7881.79630794518	0.4143931978204087	3277.95602583372
3540.9591598599764	5899.891504310008	7878.231069795014	0.41437103100831085	3276.086978925137
3542.1578596432737	5897.226225997379	7874.665837293788	0.414348864196213	3274.217932016553
3543.356559426571	5894.5609476847485	7871.100610441488	0.41432669738411515	3272.348885107969
3544.5552592098684	5891.895669372119	7867.535389238102	0.41430453057201727	3270.4798381993855
3545.7539589931653	5889.230391059491	7863.970173683615	0.4142823637599194	3268.6107912908024
3546.9526587764626	5886.565112746862	7860.404963778013	0.4142602875887566	3266.7417443822187
3548.15135855976	5883.899834434233	7856.839759521285	0.41423832724680304	3264.8726974736346
3549.350058343057	5881.234556121603	7853.274560913415	0.4142163669048494	3263.003650565051
3550.548758126354	5878.569277808973	7849.709367954392	0.4141944065628958	3261.1346036564673
3551.7474579096515	5875.903999496344	7846.144180644202	0.4141724462209422	3259.2655567478832
3552.946157692949	5873.238721183715	7842.578998982827	0.4141504858789886	3257.3965098392996
3554.1448574762458	5870.573442871087	7839.013822970263	0.4141286026212048	3255.527462930717
3555.343557259543	5867.908164558457	7835.448652606488	0.41410684708464834	3253.6584160221323
3556.5422570428404	5865.242886245827	7831.883487891491	0.4140850915480919	3251.7893691135487
3557.7409568261373	5862.577607933199	7828.318328825261	0.41406333601153544	3249.9203222049655
3558.9396566094347	5859.91232962057	7824.753175407784	0.41404158047497897	3248.0512752963814
3560.138356392732	5857.247051307941	7821.188027639041	0.41401982493842254	3246.1822283877977
3561.3370561760294	5854.58177299531	7817.622885519026	0.4139981331424511	3244.313181479214
3562.5357559593263	5851.916494682681	7814.057749047723	0.41397658076143196	3242.444134570631
3563.7344557426236	5849.251216370052	7810.492618225117	0.41395502838041276	3240.575087662047
3564.933155525921	5846.585938057423	7806.9274930511965	0.4139334759993936	3238.7060407534627
3566.1318553092183	5843.920659744794	7803.362373525945	0.4139119236183744	3236.836993844879
3567.330555092515	5841.255381432165	7799.797259649355	0.4138903712373553	3234.967946936296
3568.5292548758125	5838.590103119536	7796.232151421407	0.4138688694636805	3233.098900027712
3569.72795465911	5835.924824806906	7792.6670488420905	0.4138475186030692	3231.229853119128
3570.9266544424067	5833.259546494277	7789.101951911392	0.4138261677424579	3229.360806210545
3572.125354225704	5830.594268181648	7785.536860629296	0.41380481688184656	3227.491759301961
3573.3240540090014	5827.928989869019	7781.971774995793	0.4137834660212352	3225.6227123933772
3574.5227537922988	5825.263711556388	7778.4066950108645	0.4137621151606239	3223.7536654847927
3575.7214535755957	5822.59843324376	7774.841620674503	0.4137408019816641	3221.88461857621
3576.920153358893	5819.933154931131	7771.276551986691	0.413719651020908	3220.0155716676263
3578.1188531421903	5817.267876618502	7767.711488947415	0.41369850006015196	3218.146524759042
3579.3175529254872	5814.6025983058735	7764.146431556664	0.4136773490993959	3216.277477850459
3580.5162527087846	5811.937319993243	7760.581379814422	0.41365619813863985	3214.4084309418754
3581.714952492082	5809.272041680614	7757.016333720677	0.4136350471778838	3212.5393840332913
3582.9136522753793	5806.606763367984	7753.451293275415	0.41361392117785944	3210.670337124707
3584.112352058676	5803.941485055356	7749.886258478625	0.413592968510697	3208.8012902161245
3585.3110518419735	5801.276206742727	7746.321229330288	0.4135720158435345	3206.9322433075404
3586.509751625271	5798.610928430097	7742.7562058303965	0.413551063176372	3205.0631963989567
3587.708451408568	5795.945650117467	7739.191187978933	0.4135301105092095	3203.1941494903726
3588.907151191865	5793.280371804839	7735.6261757758875	0.41350915784204706	3201.3251025817895
3590.1058509751624	5790.61509349221	7732.061169221244	0.4134882176165985	3199.4560556732054
3591.3045507584598	5787.94981517958	7728.4961683149895	0.4134674616481158	3197.5870087646213
3592.5032505417566	5785.284536866951	7724.931173057113	0.4134467056796331	3195.7179618560385
3593.701950325054	5782.619258554322	7721.366183447596	0.41342594971115043	3193.848914947455
3594.9006501083513	5779.953980241693	7717.801199486431	0.4134051937426677	3191.979868038871
3596.0993498916487	5777.288701929063	7714.236221173598	0.41338443777418504	3190.110821130287
3597.2980496749456	5774.623423616435	7710.671248509091	0.41336368192816425	3188.2417742217035
3598.496749458243	5771.958145303805	7707.10628149289	0.4133431210679274	3186.3727273131194
3599.6954492415402	5769.292866991176	7703.541320124986	0.41332256020769065	3184.5036804045358
3600.894149024837	5766.627588678547	7699.976364405364	0.4133019993474538	3182.6346334959526
3602.0928488081345	5764.119261929037	7696.644876859376	0.41328143848721705	3180.8876633910418
3603.291548591432	5763.480264927708	7696.093961767254	0.4132608776269802	3180.5946565097734
3604.490248374729	5762.841267926378	7695.54300338974	0.41324031676674344	3180.301649628505
3605.688948158026	5762.20227092505	7694.99200172173	0.4132199374124084	3180.0086427472365
3606.8876479413234	5761.563273923721	7694.440956758125	0.4131995700547151	3179.715635865968
3608.0863477246207	5760.924276922392	7693.889868493822	0.4131792026970217	3179.4226289846997
3609.285047507918	5760.285279921063	7693.338736923713	0.41315883533932835	3179.1296221034318
3610.483747291215	5759.646282919734	7692.787562042699	0.413138467981635	3178.836615222163
3611.6824470745123	5759.007285918406	7692.236343845669	0.4131181006239416	3178.5436083408945
3612.8811468578097	5758.368288917077	7691.685082327519	0.4130979012268453	3178.2506014596265
3614.0798466411065	5757.729291915748	7691.133777483141	0.413077725741303	3177.9575945783577
3615.278546424404	5757.090294914419	7690.582429307426	0.4130575502557608	3177.6645876970892
3616.4772462077012	5756.45129791309	7690.031037795268	0.41303737477021857	3177.3715808158213
3617.6759459909986	5755.812300911761	7689.479602941557	0.41301719928467634	3177.0785739345524
3618.8746457742955	5755.173303910432	7688.92812474118	0.4129970237991341	3176.785567053284
3620.073345557593	5754.534306909103	7688.376603189027	0.4129770029265898	3176.4925601720156
3621.27204534089	5753.895309907774	7687.825038279988	0.41295701767480775	3176.1995532907476
3622.470745124187	5753.256312906445	7687.273430008947	0.4129370324230257	3175.906546409479
3623.6694449074844	5752.617315905116	7686.721778370791	0.41291704717124367	3175.6135395282104
3624.8681446907817	5751.978318903787	7686.170083360408	0.4128970619194616	3175.3205326469424
3626.066844474079	5751.339321902458	7685.6183449726805	0.4128770766676796	3175.0275257656735
3627.265544257376	5750.7003249011295	7685.066563202494	0.4128572328881687	3174.734518884405
3628.4642440406733	5750.061327899801	7684.514738044729	0.412837436233974	3174.441512003137
3629.6629438239706	5749.422330898471	7683.96286949427	0.41281763957977924	3174.1485051218683
3630.8616436072675	5748.783333897142	7683.410957545997	0.4127978429255845	3173.8554982406
3632.060343390565	5748.1443368958135	7682.859002194793	0.4127780462713898	3173.562491359332
3633.259043173862	5747.505339894485	7682.307003435537	0.41275824961719504	3173.2694844780635
3634.4577429571596	5746.866342893156	7681.754961263107	0.4127385815035372	3172.9764775967947
3635.6564427404564	5746.227345891827	7681.202875672384	0.41271897181666506	3172.6834707155267
3636.855142523754	5745.588348890498	7680.650746658242	0.4126993621297929	3172.3904638342583
3638.053842307051	5744.9493518891695	7680.09857421556	0.41267975244292077	3172.0974569529894
3639.2525420903485	5744.310354887841	7679.546358339212	0.41266014275604856	3171.804450071721
3640.4512418736454	5743.671357886512	7678.994099024076	0.4126405330691764	3171.511443190453
3641.6499416569427	5743.032360885182	7678.441796265022	0.4126210391985454	3171.2184363091847
3642.84864144024	5742.3933638838535	7677.889450056928	0.41260161485392877	3170.925429427916
3644.047341223537	5741.754366882525	7677.337060394664	0.41258219050931205	3170.632422546648
3645.2460410068343	5741.115369881196	7676.784627273102	0.4125627661646954	3170.3394156653794
3646.4447407901316	5740.476372879867	7676.232150687115	0.4125433418200787	3170.0464087841106
3647.643440573429	5739.837375878537	7675.679630631571	0.412523917475462	3169.753401902842
3648.842140356726	5739.198378877209	7675.12706710134	0.41250459643197623	3169.460395021574
3650.040840140023	5738.55938187588	7674.574460091292	0.41248535581458945	3169.1673881403053
3651.2395399233205	5737.920384874551	7674.021809596293	0.4124661151972026	3168.874381259037
3652.4382397066174	5737.281387873222	7673.46911561121	0.4124468745798158	3168.581374377769
3653.6369394899148	5736.6423908718925	7672.916378130912	0.41242763396242904	3168.2883674965005
3654.835639273212	5736.003393870564	7672.363597150261	0.41240839334504226	3167.9953606152317
3656.0343390565095	5735.364396869235	7671.810772664123	0.4123892437216632	3167.7023537339637
3657.2330388398063	5734.725399867906	7671.257904667362	0.4123701852278995	3167.4093468526953
3658.4317386231037	5734.086402866577	7670.70499315484	0.4123511267341358	3167.1163399714264
3659.630438406401	5733.447405865248	7670.152038121421	0.4123320682403721	3166.8233330901585
3660.8291381896984	5732.808408863919	7669.599039561965	0.4123130097466084	3166.53032620889
3662.0278379729953	5732.169411862591	7669.045997471333	0.41229395125284474	3166.237319327621
3663.2265377562926	5731.530414861262	7668.492911844384	0.4122749716528441	3165.9443124463533
3664.42523753959	5730.891417859933	7667.939782675978	0.41225609369288785	3165.651305565085
3665.623937322887	5730.252420858604	7667.386609960973	0.41223721573293165	3165.3582986838164
3666.822637106184	5729.613423857275	7666.8333936942245	0.4122183377729754	3165.065291802548
3668.0213368894815	5728.974426855946	7666.280133870591	0.41219945981301914	3164.7722849212796
3669.220036672779	5728.335429854617	7665.726830484928	0.41218058185306294	3164.479278040011
3670.4187364560757	5727.696432853289	7665.1734835320885	0.41216177089113043	3164.186271158743
3671.617436239373	5727.057435851959	7664.62009300693	0.4121430718895389	3163.8932642774744
3672.8161360226704	5726.41843885063	7664.066658904302	0.41212437288794745	3163.600257396206
3674.0148358059673	5725.779441849301	7663.51318121906	0.41210567388635594	3163.3072505149376
3675.2135355892647	5725.1404448479725	7662.959659946054	0.4120869748847645	3163.014243633669
3676.412235372562	5724.501447846644	7662.406095080136	0.41206827588317296	3162.7212367524007
3677.6109351558594	5723.862450845314	7661.852486616154	0.41204963218562374	3162.4282298711323
3678.8096349391562	5723.223453843985	7661.298834548959	0.4120311105811762	3162.135222989864
3680.0083347224536	5722.584456842656	7660.745138873399	0.41201258897672866	3161.8422161085955
3681.207034505751	5721.945459841328	7660.191399584321	0.4119940673722811	3161.549209227327
3682.4057342890483	5721.306462839999	7659.637616676572	0.4119755457678336	3161.256202346058
3683.604434072345	5720.667465838669	7659.083790144999	0.41195702416338603	3160.9631954647903
3684.8031338556425	5720.02846883734	7658.529919984446	0.41193854636804805	3160.670188583522
3686.00183363894	5719.389471836012	7657.976006189757	0.41192020061359635	3160.3771817022534
3687.2005334222367	5718.750474834684	7657.422048755778	0.41190185485914466	3160.084174820985
3688.399233205534	5718.111477833355	7656.868047677348	0.41188350910469296	3159.7911679397166
3689.5979329888314	5717.472480832025	7656.314002949311	0.41186516335024126	3159.498161058448
3690.7966327721288	5716.833483830696	7655.759914566508	0.41184681759578956	3159.20515417718
3691.9953325554256	5716.194486829368	7655.205782523779	0.41182850435189244	3158.9121472959114
3693.194032338723	5715.555489828039	7654.651606815964	0.4118103329142152	3158.619140414643
3694.3927321220203	5714.91649282671	7654.097387437901	0.411792161476538	3158.3261335333746
3695.591431905317	5714.27749582538	7653.543124384428	0.4117739900388608	3158.033126652106
3696.7901316886146	5713.638498824052	7652.988817650382	0.41175581860118354	3157.7401197708377
3697.988831471912	5712.999501822723	7652.4344672306	0.41173764716350636	3157.44711288957
3699.1875312552093	5712.360504821394	7651.880073119914	0.4117194971315717	3157.154106008301
3700.386231038506	5711.721507820065	7651.325635313164	0.4117014984912281	3156.8610991270325
3701.5849308218035	5711.082510818736	7650.77115380518	0.4116834998508845	3156.5680922457645
3702.783630605101	5710.443513817407	7650.216628590796	0.4116655012105408	3156.2750853644957
3703.9823303883977	5709.804516816078	7649.6620596648445	0.4116475025701972	3155.9820784832273
3705.181030171695	5709.165519814749	7649.107447022156	0.41162950392985354	3155.689071601959
3706.3797299549924	5708.52652281342	7648.552790657562	0.4116115157815802	3155.3960647206904
3707.5784297382897	5707.887525812092	7647.99809056589	0.41159368843267363	3155.103057839422
3708.7771295215866	5707.248528810763	7647.443346741972	0.4115758610837671	3154.8100509581536
3709.975829304884	5706.609531809433	7646.888559180634	0.41155803373486055	3154.5170440768857
3711.1745290881813	5705.970534808104	7646.333727876703	0.411540206385954	3154.224037195617
3712.3732288714787	5705.3315378067755	7645.778852825008	0.4115223790370475	3153.9310303143484
3713.5719286547755	5704.692540805448	7645.223934020371	0.411504551688141	3153.6380234330804
3714.770628438073	5704.053543804118	7644.668971457621	0.41148689390330523	3153.3450165518116
3715.9693282213702	5703.414546802789	7644.113965131577	0.411469236351474	3153.052009670543
3717.168028004667	5702.77554980146	7643.558915037065	0.4114515787996427	3152.759002789275
3718.3667277879645	5702.1365528001315	7643.003821168908	0.4114339212478115	3152.465995908007
3719.565427571262	5701.497555798803	7642.448683521926	0.41141626369598017	3152.172989026738
3720.764127354559	5700.858558797473	7641.893502090942	0.4113986061441489	3151.8799821454695
3721.962827137856	5700.219561796144	7641.338276870772	0.4113811061349041	3151.5869752642016
3723.1615269211534	5699.5805647948155	7640.783007856238	0.4113636168973069	3151.2939683829327
3724.3602267044507	5698.941567793487	7640.227695042157	0.4113461276597096	3151.0009615016643
3725.5589264877476	5698.302570792158	7639.672338423348	0.4113286384221124	3150.7079546203963
3726.757626271045	5697.663573790828	7639.116937994626	0.4113111491845152	3150.4149477391275
3727.9563260543423	5697.024576789499	7638.561493750806	0.411293659946918	3150.121940857859
3729.1550258376396	5696.385579788171	7638.006005686707	0.41127631642766815	3149.828933976591
3730.3537256209365	5695.746582786842	7637.450473797139	0.4112589940346534	3149.5359270953227
3731.552425404234	5695.107585785513	7636.894898076918	0.4112416716416386	3149.242920214054
3732.751125187531	5694.468588784183	7636.339278520855	0.41122434924862383	3148.9499133327854
3733.9498249708286	5693.829591782855	7635.783615123762	0.41120702685560906	3148.6569064515174
3735.1485247541254	5693.190594781527	7635.22790788045	0.4111897044625943	3148.3638995702486
3736.347224537423	5692.551597780197	7634.672156785729	0.41117251615840544	3148.07089268898
3737.54592432072	5691.912600778868	7634.116361834408	0.4111553591534498	3147.777885807712
3738.744624104017	5691.273603777539	7633.560523021298	0.4111382021484941	3147.484878926444
3739.9433238873144	5690.634606776211	7633.0046403412025	0.4111210451435384	3147.191872045175
3741.1420236706117	5689.995609774882	7632.44871378893	0.4111038881385828	3146.898865163907
3742.340723453909	5689.356612773553	7631.892743359288	0.4110867311336271	3146.6058582826386
3743.539423237206	5688.717615772224	7631.33672904708	0.411069696780125	3146.3128514013697
3744.7381230205033	5688.0786187708945	7630.780670847111	0.4110527037196969	3146.0198445201017
3745.9368228038006	5687.439621769566	7630.224568754184	0.4110357106592687	3145.7268376388333
3747.1355225870975	5686.800624768237	7629.668422763099	0.4110187175988405	3145.4338307575645
3748.334222370395	5686.161627766908	7629.112232868665	0.4110017245384123	3145.1408238762965
3749.532922153692	5685.522630765579	7628.555999065677	0.4109847314779842	3144.847816995028
3750.7316219369895	5684.88363376425	7627.999721348938	0.41096784982125373	3144.5548101137597
3751.9303217202864	5684.244636762921	7627.443399713246	0.4109510192746795	3144.2618032324913
3753.1290215035838	5683.605639761592	7626.887034153401	0.41093418872810517	3143.968796351223
3754.327721286881	5682.966642760263	7626.330624664198	0.4109173581815309	3143.6757894699545
3755.526421070178	5682.3276457589345	7625.774171240437	0.4109005276349566	3143.382782588686
3756.7251208534753	5681.688648757605	7625.217673876913	0.41088369708838235	3143.0897757074176
3757.9238206367727	5681.049651756276	7624.661132568421	0.41086696688486796	3142.796768826149
3759.12252042007	5680.410654754947	7624.1045473097565	0.4108502974341991	3142.5037619448804
3760.321220203367	5679.771657753619	7623.547918095713	0.41083362798353024	3142.2107550636124
3761.5199199866643	5679.132660752291	7622.991244921082	0.4108169585328614	3141.917748182344
3762.7186197699616	5678.493663750961	7622.434527780656	0.4108002890821925	3141.6247413010756
3763.917319553259	5677.854666749631	7621.877766669226	0.4107836196315236	3141.3317344198067
3765.116019336556	5677.215669748303	7621.320961581584	0.41076703964793104	3141.0387275385388
3766.314719119853	5676.5766727469745	7620.764112512517	0.4107505298878138	3140.7457206572703
3767.5134189031505	5675.937675745646	7620.207219456817	0.4107340201276965	3140.4527137760015
3768.7121186864474	5675.298678744317	7619.650282409269	0.41071751036757925	3140.1597068947335
3769.9108184697448	5674.659681742987	7619.093301364662	0.410701000607462	3139.866700013465
3771.109518253042	5674.020684741658	7618.53627631778	0.4106844908473447	3139.5736931321967
3772.3082180363394	5673.38168774033	7617.979207263411	0.41066805986054356	3139.2806862509283
3773.5069178196363	5672.742690739001	7617.422094196338	0.41065170839808895	3138.98767936966
3774.7056176029337	5672.103693737672	7616.864937111343	0.41063535693563435	3138.6946724883915
3775.904317386231	5671.464696736342	7616.307736003215	0.41061900547317975	3138.401665607123
3777.103017169528	5670.825699735014	7615.750490866731	0.4106026540107251	3138.1086587258546
3778.3017169528252	5670.186702733685	7615.193201696673	0.4105863025482705	3137.8156518445862
3779.5004167361226	5669.547705732356	7614.635868487822	0.41057001934519793	3137.522644963318
3780.69911651942	5668.908708731027	7614.078491234958	0.4105538247998544	3137.2296380820494
3781.897816302717	5668.2697117296975	7613.52106993286	0.41053763025451084	3136.936631200781
3783.096516086014	5667.630714728369	7612.963604576307	0.4105214357091673	3136.643624319513
3784.2952158693115	5666.99171772704	7612.406095160073	0.4105052411638238	3136.350617438244
3785.493915652609	5666.352720725711	7611.848541678935	0.4104890466184803	3136.0576105569758
3786.6926154359057	5665.713723724383	7611.290944127673	0.4104729099960458	3135.764603675708
3787.891315219203	5665.074726723054	7610.733302501057	0.4104568709994724	3135.471596794439
3789.0900150025004	5664.435729721725	7610.175616793862	0.4104408320028991	3135.1785899131705
3790.2887147857973	5663.796732720396	7609.617887000862	0.4104247930063258	3134.8855830319026
3791.4874145690947	5663.157735719067	7609.060113116828	0.41040875400975246	3134.5925761506337
3792.686114352392	5662.518738717738	7608.502295136531	0.41039271501317914	3134.2995692693653
3793.8848141356893	5661.879741716409	7607.944433054744	0.4103767237781703	3134.006562388097
3795.0835139189862	5661.24074471508	7607.386526866234	0.4103608389741127	3133.713555506829
3796.2822137022836	5660.601747713751	7606.828576565772	0.41034495417005507	3133.42054862556
3797.480913485581	5659.962750712422	7606.270582148126	0.4103290693659974	3133.1275417442916
3798.679613268878	5659.323753711094	7605.712543608061	0.41031318456193977	3132.8345348630237
3799.878313052175	5658.684756709764	7605.154460940347	0.41029729975788215	3132.541527981755
3801.0770128354725	5658.045759708435	7604.596334139746	0.41028145272687155	3132.2485211004864
3802.27571261877	5657.406762707106	7604.038163201026	0.41026572077103735	3131.955514219218
3803.4744124020667	5656.7677657057775	7603.4799481189475	0.41024998881520314	3131.66250733795
3804.673112185364	5656.128768704449	7602.9216888882775	0.41023425685936893	3131.369500456681
3805.8718119686614	5655.489771703119	7602.363385503775	0.4102185249035348	3131.0764935754128
3807.0705117519587	5654.85077470179	7601.805037960204	0.41020279294770057	3130.783486694145
3808.2692115352556	5654.211777700461	7601.246646252323	0.4101870889469532	3130.490479812876
3809.467911318553	5653.572780699133	7600.688210374892	0.41017150850689116	3130.1974729316075
3810.6666111018503	5652.933783697804	7600.129730322673	0.4101559280668291	3129.9044660503396
3811.865310885147	5652.294786696475	7599.571206090422	0.41014034762676704	3129.6114591690707
3813.0640106684446	5651.655789695146	7599.012637672893	0.41012476718670493	3129.3184522878023
3814.262710451742	5651.0167926938175	7598.454025064849	0.4101091867466429	3129.0254454065343
3815.4614102350392	5650.377795692489	7597.895368261041	0.4100936246120254	3128.732438525266
3816.660110018336	5649.73879869116	7597.336667256225	0.4100781943670045	3128.439431643997
3817.8588098016335	5649.09980168983	7596.777922045155	0.4100627641219835	3128.146424762729
3819.057509584931	5648.460804688501	7596.219132622586	0.41004733387696257	3127.8534178814607
3820.2562093682277	5647.821807687173	7595.660298983266	0.4100319036319416	3127.560411000192
3821.454909151525	5647.182810685844	7595.101421121951	0.41001647338692065	3127.2674041189234
3822.6536089348224	5646.543813684515	7594.54249903339	0.410001051963811	3126.9743972376555
3823.8523087181197	5645.904816683185	7593.983532712333	0.40998577060470104	3126.6813903563866
3825.0510085014166	5645.265819681857	7593.424522153529	0.4099704892455911	3126.388383475118
3826.249708284714	5644.626822680528	7592.865467351725	0.4099552078864812	3126.0953765938502
3827.4484080680113	5643.987825679199	7592.306368301671	0.40993992652737127	3125.802369712582
3828.647107851308	5643.34882867787	7591.74722499811	0.4099246451682613	3125.509362831313
3829.8458076346055	5642.7098316765405	7591.188037435792	0.40990936380915144	3125.216355950045
3831.044507417903	5642.070834675212	7590.628805609456	0.40989422954061316	3124.9233490687766
3832.2432072012	5641.431837673883	7590.069529513851	0.4098790957697671	3124.6303421875077
3833.441906984497	5640.792840672554	7589.51020914372	0.40986396199892106	3124.3373353062398
3834.6406067677945	5640.153843671225	7588.950844493803	0.40984882822807495	3124.0443284249714
3835.839306551092	5639.5148466698965	7588.391435558844	0.4098336944572289	3123.751321543703
3837.038006334389	5638.875849668567	7587.8319823335805	0.40981856068638284	3123.458314662434
3838.236706117686	5638.236852667239	7587.272484812756	0.40980356356200554	3123.165307781166
3839.4354059009834	5637.59785566591	7586.7129429911065	0.40978857609314384	3122.8723008998977
3840.634105684281	5636.958858664581	7586.153356863372	0.4097735886242822	3122.579294018629
3841.8328054675776	5636.319861663253	7585.593726424289	0.4097586011554205	3122.286287137361
3843.031505250875	5635.680864661923	7585.034051668594	0.40974361368655887	3121.9932802560925
3844.2302050341727	5635.041867660594	7584.474332591024	0.4097286262176972	3121.7002733748236
3845.428904817469	5634.402870659265	7583.914569186311	0.40971376512211266	3121.4072664935557
3846.6276046007665	5633.7638736579365	7583.354761449194	0.409698922680208	3121.1142596122872
3847.8263043840643	5633.124876656608	7582.7949093744	0.4096840802383034	3120.821252731019
3849.0250041673617	5632.485879655278	7582.235012956668	0.40966923779639874	3120.52824584975
3850.223703950658	5631.846882653949	7581.675072190724	0.4096543953544941	3120.235238968482
3851.4224037339554	5631.2078856526205	7581.115087071299	0.4096395529125894	3119.9422320872136
3852.6211035172532	5630.568888651292	7580.5550575931275	0.40962482673947503	3119.6492252059447
3853.8198033005497	5629.929891649963	7579.994983750934	0.4096101280606375	3119.356218324677
3855.018503083847	5629.290894648633	7579.43486553945	0.40959542938180005	3119.0632114434084
3856.217202867145	5628.651897647304	7578.8747029534	0.4095807307029625	3118.7702045621395
3857.415902650442	5628.012900645976	7578.314495987513	0.409566032024125	3118.4771976808715
3858.6146024337386	5627.373903644647	7577.754244636511	0.40955133334528754	3118.184190799603
3859.813302217036	5626.734906643318	7577.193948895123	0.40953674099728327	3117.8911839183347
3861.0120020003337	5626.095909641988	7576.633608758072	0.4095221848286504	3117.5981770370663
3862.21070178363	5625.4569126406595	7576.073224220078	0.40950762866001744	3117.305170155798
3863.4094015669275	5624.817915639332	7575.51279527587	0.40949307249138456	3117.0121632745295
3864.6081013502253	5624.178918638003	7574.952321920162	0.4094785163227516	3116.719156393261
3865.8068011335226	5623.539921636674	7574.391804147679	0.40946396015411873	3116.4261495119927
3867.005500916819	5622.900924635344	7573.831241953139	0.4094495005427427	3116.1331426307243
3868.2042007001164	5622.261927634016	7573.270635331262	0.4094350856423655	3115.840135749456
3869.402900483414	5621.622930632687	7572.7099842767675	0.40942067074198835	3115.5471288681874
3870.6016002667106	5620.983933631358	7572.149288784371	0.40940625584161117	3115.254121986919
3871.800300050008	5620.344936630029	7571.588548848788	0.40939184094123404	3114.961115105651
3872.998999833306	5619.7059396286995	7571.027764464736	0.40937742604085686	3114.668108224382
3874.197699616603	5619.066942627371	7570.46693562693	0.4093630980864238	3114.375101343114
3875.3963993998996	5618.427945626042	7569.906062330082	0.4093488232231601	3114.0820944618454
3876.595099183197	5617.788948624713	7569.345144568907	0.4093345483598963	3113.789087580577
3877.7937989664947	5617.149951623384	7568.784182338117	0.4093202734966326	3113.4960806993085
3878.992498749791	5616.510954622055	7568.223175632422	0.40930599863336886	3113.20307381804
3880.1911985330885	5615.871957620726	7567.662124446535	0.4092917237701051	3112.910066936772
3881.3898983163863	5615.232960619397	7567.101028775163	0.4092775264016444	3112.6170600555033
3882.5885980996836	5614.593963618068	7566.539888613019	0.40926339035504783	3112.324053174235
3883.78729788298	5613.9549666167395	7565.9787039548055	0.40924925430845127	3112.0310462929665
3884.9859976662774	5613.315969615411	7565.417474795237	0.4092351182618547	3111.738039411698
3886.184697449575	5612.676972614082	7564.856201129013	0.40922098221525816	3111.4450325304297
3887.3833972328716	5612.037975612752	7564.2948829508405	0.4092068461686616	3111.1520256491613
3888.582097016169	5611.398978611423	7563.733520255427	0.4091927783238365	3110.859018767893
3889.7807967994668	5610.759981610096	7563.172113037476	0.4091787798840507	3110.5660118866244
3890.979496582764	5610.120984608766	7562.610661291689	0.40916478144426494	3110.273005005356
3892.1781963660605	5609.481987607437	7562.049165012768	0.4091507830044792	3109.979998124088
3893.376896149358	5608.842990606108	7561.487624195416	0.40913678456469343	3109.686991242819
3894.5755959326557	5608.2039936047795	7560.926038834332	0.40912278612490766	3109.393984361551
3895.774295715952	5607.564996603451	7560.364408924217	0.40910884674993553	3109.100977480283
3896.9729954992495	5606.925999602121	7559.8027344597685	0.40909498471758754	3108.807970599014
3898.1716952825473	5606.287002600792	7559.241015435685	0.4090811226852395	3108.5149637177456
3899.3703950658446	5605.648005599463	7558.679251846665	0.40906726065289145	3108.2219568364776
3900.569094849141	5605.009008598135	7558.1174436874035	0.4090533986205434	3107.9289499552087
3901.7677946324384	5604.370011596806	7557.5555909525965	0.4090395365881954	3107.6359430739403
3902.966494415736	5603.731014595477	7556.993693636938	0.40902572463776915	3107.342936192672
3904.1651941990326	5603.092017594147	7556.431751735123	0.40901199782386566	3107.049929311404
3905.36389398233	5602.453020592819	7555.869765241842	0.4089982710099621	3106.756922430135
3906.5625937656278	5601.81402359149	7555.30773415179	0.40898454419605856	3106.4639155488667
3907.761293548925	5601.175026590161	7554.7456584596575	0.408970817382155	3106.1709086675987
3908.9599933322215	5600.536029588832	7554.183538160133	0.4089570905682515	3105.87790178633
3910.158693115519	5599.8970325875025	7553.621373247911	0.4089434050054612	3105.5848949050614
3911.3573928988167	5599.258035586175	7553.059163717674	0.4089298122312832	3105.2918880237935
3912.556092682113	5598.619038584846	7552.496909564115	0.4089162194571052	3104.998881142525
3913.7547924654104	5597.980041583516	7551.934610781916	0.40890262668292715	3104.705874261256
3914.9534922487082	5597.341044582188	7551.372267365769	0.40888903390874914	3104.4128673799883
3916.1521920320056	5596.702047580859	7550.8098793103545	0.40887544113457114	3104.11986049872
3917.350891815302	5596.06305057953	7550.2474466103595	0.4088618809308262	3103.826853617451
3918.5495915985994	5595.424053578201	7549.684969260468	0.40884842102782815	3103.5338467361826
3919.748291381897	5594.785056576872	7549.122447255361	0.40883496112483014	3103.2408398549146
3920.9469911651936	5594.146059575543	7548.5598805897225	0.4088215012218321	3102.9478329736457
3922.145690948491	5593.507062574214	7547.997269258232	0.4088080413188341	3102.6548260923773
3923.3443907317887	5592.868065572885	7547.434613255572	0.4087945814158361	3102.3618192111094
3924.543090515086	5592.229068571556	7546.871912576419	0.4087811455507893	3102.068812329841
3925.7417902983825	5591.590071570227	7546.309167215453	0.4087678173604974	3101.775805448572
3926.94049008168	5590.951074568899	7545.746377167354	0.4087544891702055	3101.482798567304
3928.1391898649777	5590.312077567569	7545.183542426795	0.4087411609799136	3101.1897916860357
3929.337889648274	5589.67308056624	7544.6206629884555	0.40872783278962166	3100.896784804767
3930.5365894315714	5589.034083564911	7544.057738847008	0.40871450459932973	3100.603777923499
3931.735289214869	5588.3950865635825	7543.494769997129	0.4087011920608016	3100.3107710422305
3932.9339889981666	5587.756089562254	7542.931756433491	0.4086879944347136	3100.017764160962
3934.132688781463	5587.117092560924	7542.368698150766	0.4086747968086256	3099.724757279693
3935.3313885647603	5586.478095559595	7541.805595143627	0.40866159918253764	3099.4317503984253
3936.530088348058	5585.839098558267	7541.242447406746	0.40864840155644966	3099.138743517157
3937.7287881313546	5585.2001015569385	7540.679254934792	0.4086352039303617	3098.845736635888
3938.927487914652	5584.56110455561	7540.116017722433	0.408622013714265	3098.55272975462
3940.1261876979497	5583.922107554279	7539.552735764339	0.40860894551375204	3098.2597228733516
3941.324887481247	5583.283110552951	7538.989409055178	0.40859587731323904	3097.9667159920828
3942.5235872645435	5582.6441135516225	7538.4260375896165	0.4085828091127261	3097.673709110815
3943.722287047841	5582.005116550294	7537.862621362318	0.4085697409122131	3097.3807022295464
3944.9209868311386	5581.366119548965	7537.299160367951	0.40855667271170015	3097.087695348278
3946.119686614435	5580.727122547635	7536.735654601179	0.40854360451118715	3096.7946884670096
3947.3183863977324	5580.088125546306	7536.172104056664	0.40853066391817466	3096.501681585741
3948.51708618103	5579.449128544978	7535.608508729069	0.4085177240143825	3096.2086747044727
3949.7157859643276	5578.810131543649	7535.044868613057	0.4085047841105903	3095.9156678232043
3950.914485747624	5578.17113454232	7534.481183703288	0.4084918442067981	3095.622660941936
3952.1131855309213	5577.53213754099	7533.917453994421	0.408478904303006	3095.3296540606675
3953.311885314219	5576.8931405396615	7533.353679481116	0.4084659643992138	3095.036647179399
3954.5105850975156	5576.254143538333	7532.789860158032	0.40845314302526553	3094.7436402981307
3955.709284880813	5575.615146537004	7532.225996019825	0.4084403302990184	3094.4506334168623
3956.9079846641107	5574.976149535675	7531.662087061154	0.4084275175727712	3094.157626535594
3958.106684447408	5574.3371525343455	7531.0981332766705	0.40841470484652403	3093.8646196543255
3959.3053842307045	5573.698155533017	7530.534134661035	0.40840189212027683	3093.571612773057
3960.504084014002	5573.059158531688	7529.970091208896	0.4083890793940297	3093.2786058917886
3961.7027837972996	5572.420161530359	7529.4060029149105	0.408376376268478	3092.9855990105198
3962.901483580596	5571.781164529031	7528.841869773731	0.4083636896101832	3092.692592129252
3964.1001833638934	5571.1421675277015	7528.277691780005	0.40835100295188836	3092.3995852479834
3965.298883147191	5570.503170526373	7527.713468928388	0.4083383162935936	3092.106578366715
3966.4975829304885	5569.864173525044	7527.149201213526	0.4083256296352987	3091.8135714854466
3967.696282713785	5569.225176523715	7526.58488863007	0.40831294297700393	3091.520564604178
3968.8949824970823	5568.586179522386	7526.020531172667	0.4083003571368875	3091.2275577229098
3970.09368228038	5567.947182521058	7525.456128835966	0.40828779544644095	3090.9345508416413
3971.2923820636765	5567.308185519728	7524.891681614611	0.40827523375599434	3090.641543960373
3972.491081846974	5566.669188518399	7524.327189503249	0.4082626720655478	3090.3485370791045
3973.6897816302717	5566.03019151707	7523.762652496524	0.40825011037510117	3090.055530197836
3974.888481413569	5565.3911945157415	7523.198070589082	0.40823754868465456	3089.7625233165677
3976.0871811968655	5564.752197514413	7522.633443775564	0.40822507917464806	3089.4695164352993
3977.285880980163	5564.113200513083	7522.068772050612	0.40821264136134006	3089.1765095540313
3978.4845807634606	5563.474203511754	7521.504055408868	0.40820020354803205	3088.8835026727625
3979.683280546757	5562.835206510425	7520.939293844971	0.40818776573472404	3088.590495791494
3980.8819803300544	5562.196209509097	7520.374487353563	0.4081753279214161	3088.297488910226
3982.080680113352	5561.557212507768	7519.809635929281	0.4081628901081081	3088.0044820289572
3983.2793798966495	5560.918215506438	7519.244739566763	0.4081505359804538	3087.711475147689
3984.478079679946	5560.279218505109	7518.679798260648	0.4081382209628787	3087.418468266421
3985.6767794632433	5559.640221503781	7518.114812005569	0.4081259059453036	3087.125461385152
3986.875479246541	5559.001224502452	7517.549780796163	0.4081135909277285	3086.8324545038836
3988.0741790298375	5558.362227501124	7516.984704627065	0.4081012759101534	3086.5394476226156
3989.272878813135	5557.723230499794	7516.419583492907	0.4080889608925783	3086.246440741347
3990.4715785964327	5557.084233498465	7515.854417388323	0.40807672120701655	3085.9534338600783
3991.67027837973	5556.445236497137	7515.289206307945	0.40806452791297865	3085.66042697881
3992.8689781630264	5555.806239495808	7514.723950246403	0.4080523346189407	3085.367420097542
3994.067677946324	5555.167242494479	7514.158649198327	0.4080401413249028	3085.074413216273
3995.2663777296216	5554.528245493149	7513.593303158348	0.40802794803086484	3084.7814063350047
3996.465077512918	5553.889248491821	7513.027912121093	0.40801575473682694	3084.4883994537367
3997.6637772962154	5553.250251490492	7512.462476081191	0.40800362856052885	3084.1953925724683
3998.862477079513	5552.611254489163	7511.896995033268	0.40799155592695474	3083.9023856911995
4000.0611768628105	5551.972257487834	7511.331468971949	0.4079794832933807	3083.609378809931
4001.259876646107	5551.3332604865045	7510.765897891861	0.4079674106598066	3083.316371928663
4002.4585764294043	5550.694263485176	7510.2002817876255	0.4079553380262325	3083.0233650473942
4003.657276212702	5550.055266483847	7509.634620653869	0.4079432653926584	3082.730358166126
4004.8559759959994	5549.416269482518	7509.068914485211	0.4079312518001589	3082.437351284858
4006.054675779296	5548.777272481189	7508.503163276277	0.40791929877300703	3082.144344403589
4007.2533755625936	5548.13827547986	7507.937367021683	0.4079073457458552	3081.8513375223206
4008.452075345891	5547.499278478531	7507.371525716052	0.4078953927187033	3081.5583306410526
4009.6507751291874	5546.860281477202	7506.805639354002	0.40788343969155144	3081.265323759784
4010.8494749124848	5546.221284475873	7506.239707930151	0.4078714866643996	3080.9723168785154
4012.0481746957826	5545.5822874745445	7505.6737314391185	0.4078595847375303	3080.6793099972474
4013.24687447908	5544.943290473215	7505.107709875518	0.4078477502717025	3080.386303115979
4014.4455742623763	5544.304293471887	7504.541643233969	0.4078359158058747	3080.09329623471
4015.644274045674	5543.665296470558	7503.9755315090815	0.4078240813400469	3079.800289353442
4016.8429738289715	5543.026299469229	7503.409374695473	0.4078122468742191	3079.5072824721738
4018.041673612268	5542.387302467901	7502.843172787753	0.40780041240839127	3079.214275590905
4019.2403733955653	5541.748305466571	7502.2769257805385	0.40778862123621523	3078.9212687096365
4020.439073178863	5541.109308465242	7501.710633668437	0.4077769042954701	3078.6282618283685
4021.6377729621604	5540.470311463913	7501.144296446059	0.40776518735472495	3078.3352549471
4022.836472745457	5539.8313144625845	7500.577914108018	0.4077534704139798	3078.0422480658312
4024.0351725287546	5539.192317461256	7500.011486648918	0.40774175347323466	3077.7492411845633
4025.233872312052	5538.553320459926	7499.445014063372	0.4077300365324895	3077.456234303295
4026.4325720953484	5537.914323458597	7498.87849634598	0.4077183552112363	3077.163227422026
4027.6312718786457	5537.275326457268	7498.311933491355	0.4077067547681033	3076.870220540758
4028.8299716619435	5536.63632945594	7497.745325494099	0.4076951543249703	3076.5772136594896
4030.028671445241	5535.997332454611	7497.178672348818	0.4076835538818373	3076.2842067782212
4031.2273712285373	5535.358335453282	7496.611974050114	0.4076719534387043	3075.991199896953
4032.426071011835	5534.719338451952	7496.04523059259	0.4076603529955713	3075.6981930156844
4033.6247707951325	5534.080341450624	7495.4784419708485	0.40764878062857235	3075.405186134416
4034.82347057843	5533.441344449295	7494.911608179491	0.4076372956642649	3075.112179253147
4036.0221703617262	5532.802347447966	7494.344729213118	0.40762581069995746	3074.819172371879
4037.220870145024	5532.163350446637	7493.7778050663255	0.40761432573565	3074.5261654906108
4038.4195699283214	5531.5243534453075	7493.210835733716	0.4076028407713425	3074.233158609342
4039.618269711618	5530.88535644398	7492.643821209886	0.40759135580703504	3073.940151728074
4040.8169694949156	5530.246359442651	7492.0767614894285	0.40757989150465934	3073.6471448468055
4042.015669278213	5529.607362441322	7491.5096565669455	0.4075685210089921	3073.354137965537
4043.2143690615103	5528.968365439993	7490.942506437027	0.4075571505133249	3073.0611310842687
4044.4130688448067	5528.329368438664	7490.375311094271	0.4075457800176577	3072.7681242030003
4045.6117686281045	5527.690371437335	7489.808070533267	0.40753440952199044	3072.475117321732
4046.810468411402	5527.051374436006	7489.240784748611	0.40752303902632325	3072.1821104404635
4048.0091681946983	5526.412377434677	7488.673453734891	0.4075116819059153	3071.889103559195
4049.207867977996	5525.773380433348	7488.1060774867	0.40750042487722105	3071.5960966779267
4050.4065677612934	5525.134383432019	7487.538655998628	0.40748916784852685	3071.303089796658
4051.605267544591	5524.49538643069	7486.971189265263	0.4074779108198326	3071.01008291539
4052.803967327887	5523.856389429361	7486.403677281195	0.4074666537911384	3070.7170760341214
4054.002667111185	5523.217392428032	7485.836120041008	0.4074553967624442	3070.424069152853
4055.2013668944824	5522.5783954267035	7485.268517539291	0.4074441459482615	3070.1310622715846
4056.4000666777797	5521.939398425374	7484.700869770627	0.4074330013933068	3069.838055390316
4057.5987664610766	5521.300401424045	7484.133176729603	0.4074218568383521	3069.545048509048
4058.797466244374	5520.661404422716	7483.565438410803	0.40741071228339737	3069.2520416277794
4059.9961660276713	5520.0224074213875	7482.997654808808	0.40739956772844266	3068.959034746511
4061.1948658109677	5519.38341042006	7482.429825918203	0.407388423173488	3068.6660278652425
4062.3935655942655	5518.74441341873	7481.861951733565	0.4073772786185333	3068.373020983974
4063.592265377563	5518.1054164174	7481.294032249476	0.4073662447305432	3068.0800141027057
4064.79096516086	5517.466419416071	7480.726067460516	0.4073552116644484	3067.7870072214373
4065.989664944157	5516.8274224147435	7480.158057361266	0.4073441785983536	3067.4940003401694
4067.1883647274544	5516.188425413415	7479.5900019463	0.40733314553225874	3067.2009934589005
4068.3870645107518	5515.549428412085	7479.021901210195	0.4073221124661639	3066.907986577632
4069.585764294048	5514.910431410756	7478.45375514753	0.4073110794000691	3066.614979696364
4070.784464077346	5514.2714344094275	7477.885563752877	0.4073001491107025	3066.3219728150953
4071.9831638606433	5513.632437408099	7477.317327020813	0.4072892265568609	3066.028965933827
4073.1818636439407	5512.99344040677	7476.749044945907	0.40727830400301934	3065.7359590525584
4074.3805634272376	5512.35444340544	7476.180717522738	0.40726738144917773	3065.4429521712905
4075.579263210535	5511.715446404111	7475.612344745872	0.4072564588953361	3065.1499452900216
4076.7779629938323	5511.076449402783	7475.043926609882	0.4072455363414945	3064.856938408753
4077.9766627771287	5510.437452401454	7474.475463109339	0.40723470880357077	3064.5639315274852
4079.1753625604265	5509.798455400125	7473.90695423881	0.4072238957935682	3064.2709246462164
4080.374062343724	5509.159458398795	7473.338399992866	0.4072130827835657	3063.977917764948
4081.572762127021	5508.5204613974665	7472.769800366071	0.4072022697735632	3063.6849108836795
4082.771461910318	5507.881464396138	7472.201155352994	0.4071914567635607	3063.391904002411
4083.9701616936154	5507.242467394809	7471.632464948198	0.40718064375355817	3063.0988971211427
4085.1688614769128	5506.60347039348	7471.063729146251	0.4071699181264874	3062.8058902398743
4086.36756126021	5505.9644733921505	7470.494947941714	0.4071592137000246	3062.5128833586064
4087.566261043507	5505.325476390823	7469.926121329153	0.40714850927356183	3062.2198764773375
4088.7649608268043	5504.686479389493	7469.357249303126	0.40713780484709905	3061.926869596069
4089.9636606101017	5504.047482388165	7468.788331858199	0.40712710042063627	3061.633862714801
4091.1623603933986	5503.408485386836	7468.21936898893	0.4071163959941735	3061.3408558335323
4092.361060176696	5502.7694883855065	7467.650360689876	0.4071057714438974	3061.047848952264
4093.5597599599932	5502.130491384178	7467.081306955601	0.4070951746487109	3060.754842070996
4094.7584597432906	5501.491494382849	7466.512207780658	0.4070845778535244	3060.461835189727
4095.9571595265875	5500.85249738152	7465.943063159606	0.40707398105833786	3060.1688283084586
4097.155859309885	5500.213500380191	7465.373873087003	0.40706338426315136	3059.87582142719
4098.354559093182	5499.574503378862	7464.8046375573995	0.40705278746796486	3059.5828145459222
4099.553258876479	5498.935506377533	7464.235356565355	0.40704226316689923	3059.2898076646534
4100.751958659776	5498.296509376204	7463.666030105419	0.40703177305868465	3058.9968007833854
4101.950658443074	5497.657512374875	7463.096658172145	0.40702128295047	3058.703793902117
4103.149358226371	5497.0185153735465	7462.527240760085	0.4070107928422554	3058.410787020848
4104.348058009668	5496.379518372218	7461.957777863792	0.40700030273404075	3058.1177801395797
4105.546757792966	5495.740521370888	7461.388269477813	0.4069898126258261	3057.824773258312
4106.745457576262	5495.101524369559	7460.818715596697	0.406979387752804	3057.5317663770434
4107.9441573595595	5494.46252736823	7460.249116214995	0.4069690033951406	3057.2387594957745
4109.142857142857	5493.823530366902	7459.679471327251	0.40695861903747715	3056.9457526145065
4110.341556926154	5493.184533365573	7459.1097809280145	0.4069482346798137	3056.652745733238
4111.540256709452	5492.545536364243	7458.5400450118295	0.4069378503221503	3056.3597388519693
4112.738956492749	5491.906539362914	7457.970263573241	0.40692746596448687	3056.066731970701
4113.937656276046	5491.267542361586	7457.400436606791	0.4069171397047011	3055.773725089433
4115.136356059343	5490.628545360258	7456.830564107027	0.40690686016897487	3055.480718208164
4116.33505584264	5489.989548358929	7456.260646068488	0.4068965806332486	3055.187711326896
4117.533755625937	5489.350551357599	7455.690682485714	0.4068863010975223	3054.8947044456277
4118.732455409235	5488.71155435627	7455.120673353249	0.40687602156179603	3054.6016975643593
4119.931155192532	5488.072557354942	7454.5506186656285	0.40686574202606973	3054.3086906830904
4121.129854975829	5487.433560353613	7453.980518417395	0.4068555135710171	3054.0156838018224
4122.328554759127	5486.794563352284	7453.410372603083	0.4068453379363473	3053.722676920554
4123.527254542423	5486.155566350954	7452.840181217231	0.4068351623016775	3053.4296700392856
4124.7259543257205	5485.516569349626	7452.269944254375	0.4068249866670077	3053.136663158017
4125.924654109018	5484.877572348297	7451.69966170905	0.4068148110323379	3052.843656276749
4127.123353892315	5484.238575346968	7451.129333575791	0.4068046353976681	3052.5506493954804
4128.322053675613	5483.599578345639	7450.558959849129	0.406794503945094	3052.2576425142115
4129.52075345891	5482.9605813443095	7449.988540523599	0.40678443129825903	3051.9646356329436
4130.719453242207	5482.321584342981	7449.418075593731	0.4067743586514241	3051.671628751675
4131.918153025504	5481.682587341652	7448.847565054058	0.4067642860045892	3051.3786218704067
4133.116852808801	5481.043590340324	7448.277008899109	0.40675421335775425	3051.0856149891383
4134.315552592098	5480.404593338994	7447.706407123409	0.4067441407109193	3050.79260810787
4135.514252375396	5479.765596337665	7447.135759721492	0.40673410546476263	3050.499601226601
4136.712952158693	5479.126599336336	7446.565066687882	0.4067241349001274	3050.206594345333
4137.91165194199	5478.487602335007	7445.9943280171065	0.4067141643354922	3049.9135874640647
4139.110351725288	5477.848605333678	7445.4235437036905	0.4067041937708569	3049.6205805827963
4140.309051508584	5477.20960833235	7444.8527137421615	0.40669422320622173	3049.327573701528
4141.5077512918815	5476.570611331021	7444.281838127037	0.40668425264158653	3049.0345668202594
4142.706451075179	5475.931614329692	7443.710916852845	0.40667431281192534	3048.741559938991
4143.905150858476	5475.292617328363	7443.139949914106	0.4066644434313689	3048.4485530577226
4145.1038506417735	5474.653620327034	7442.56893730534	0.4066545740508125	3048.155546176454
4146.302550425071	5474.0146233257055	7441.99787902107	0.4066447046702561	3047.862539295186
4147.501250208368	5473.375626324376	7441.426775055812	0.4066348352896996	3047.569532413917
4148.699949991666	5472.736629323047	7440.855625404089	0.4066249659091432	3047.276525532649
4149.898649774962	5472.097632321718	7440.284430060413	0.406615120712141	3046.9835186513806
4151.097349558259	5471.4586353203895	7439.713189019304	0.40660535162498546	3046.6905117701126
4152.296049341557	5470.819638319061	7439.14190227528	0.40659558253782985	3046.3975048888437
4153.494749124854	5470.180641317731	7438.57056982285	0.4065858134506743	3046.1044980075753
4154.693448908151	5469.541644316402	7437.999191656536	0.40657604436351874	3045.811491126307
4155.892148691449	5468.902647315073	7437.427767770843	0.4065662752763632	3045.5184842450385
4157.090848474746	5468.263650313745	7436.856298160289	0.40655652393421515	3045.22547736377
4158.2895482580425	5467.624653312417	7436.284782819384	0.40654685425715376	3044.932470482502
4159.48824804134	5466.985656311086	7435.713221742637	0.40653718458009236	3044.6394636012333
4160.686947824637	5466.346659309757	7435.14161492456	0.406527514903031	3044.346456719965
4161.8856476079345	5465.707662308429	7434.56996235966	0.4065178452259696	3044.0534498386965
4163.084347391232	5465.0686653071	7433.998264042448	0.4065081755489082	3043.760442957428
4164.283047174529	5464.429668305771	7433.426519967426	0.40649851728978825	3043.4674360761596
4165.4817469578265	5463.790671304442	7432.8547301291055	0.4064889461468186	3043.174429194891
4166.680446741123	5463.151674303113	7432.28289452199	0.4064793750038489	3042.8814223136233
4167.87914652442	5462.512677301785	7431.711013140582	0.4064698038608792	3042.5884154323544
4169.077846307718	5461.873680300456	7431.139085979386	0.40646023271790954	3042.295408551086
4170.276546091015	5461.234683299127	7430.5671130329065	0.40645066157493986	3042.0024016698176
4171.475245874312	5460.595686297798	7429.995094295643	0.40644109563294994	3041.7093947885496
4172.67394565761	5459.9566892964685	7429.423029762098	0.4064316221553016	3041.4163879072808
4173.872645440907	5459.31769229514	7428.850919426771	0.40642214867765325	3041.1233810260123
4175.0713452242035	5458.678695293811	7428.27876328416	0.4064126752000049	3040.8303741447444
4176.270045007501	5458.039698292482	7427.706561328766	0.40640320172235656	3040.5373672634755
4177.468744790798	5457.400701291153	7427.134313555084	0.4063937282447082	3040.244360382207
4178.6674445740955	5456.761704289824	7426.562019957612	0.40638425476705986	3039.951353500939
4179.866144357393	5456.122707288495	7425.9896805308445	0.4063748771858925	3039.6583466196703
4181.06484414069	5455.483710287166	7425.417295269276	0.4063655005119607	3039.365339738402
4182.2635439239875	5454.844713285837	7424.844864167403	0.4063561238380289	3039.0723328571335
4183.462243707284	5454.205716284509	7424.272387219716	0.4063467471640971	3038.7793259758655
4184.660943490581	5453.566719283179	7423.699864420708	0.4063373704901653	3038.4863190945966
4185.859643273879	5452.927722281851	7423.12729576487	0.40632799381623347	3038.1933122133287
4187.058343057176	5452.288725280521	7422.554681246691	0.4063187061834657	3037.9003053320603
4188.257042840473	5451.6497282791925	7421.9820208606625	0.40630942545874393	3037.6072984507914
4189.455742623771	5451.010731277864	7421.409314601273	0.40630014473402215	3037.314291569523
4190.654442407068	5450.371734276534	7420.836562463009	0.40629086400930037	3037.0212846882546
4191.853142190365	5449.732737275205	7420.263764440358	0.4062815832845786	3036.7282778069866
4193.051841973662	5449.093740273877	7419.690920527807	0.40627230255985686	3036.435270925718
4194.250541756959	5448.4547432725485	7419.118030719838	0.4062631041340928	3036.14226404445
4195.4492415402565	5447.81574627122	7418.54509501094	0.40625391851110454	3035.8492571631814
4196.647941323554	5447.17674926989	7417.972113395591	0.4062447328881163	3035.5562502819125
4197.846641106851	5446.537752268561	7417.399085868276	0.40623554726512806	3035.263243400644
4199.0453408901485	5445.898755267232	7416.826012423476	0.4062263616421399	3034.970236519376
4200.244040673446	5445.259758265904	7416.252893055673	0.40621717601915164	3034.6772296381073
4201.442740456742	5444.620761264575	7415.679727759345	0.40620806606465293	3034.3842227568393
4202.64144024004	5443.981764263245	7415.106516528971	0.40619897470288746	3034.091215875571
4203.840140023337	5443.342767261916	7414.533259359031	0.406189883341122	3033.7982089943025
4205.038839806634	5442.703770260588	7413.959956243999	0.4061807919793565	3033.5052021130336
4206.237539589932	5442.064773259259	7413.386607178355	0.40617170061759106	3033.2121952317657
4207.436239373229	5441.42577625793	7412.8132121565695	0.4061626092558256	3032.9191883504973
4208.634939156526	5440.7867792566	7412.239771173121	0.40615358704246096	3032.6261814692284
4209.833638939823	5440.147782255272	7411.666284222483	0.40614458910830575	3032.3331745879605
4211.03233872312	5439.508785253944	7411.092751299124	0.40613559117415055	3032.040167706692
4212.2310385064175	5438.869788252614	7410.51917239752	0.4061265932399953	3031.747160825423
4213.429738289715	5438.230791251286	7409.945547512141	0.4061175953058401	3031.454153944155
4214.628438073012	5437.5917942499555	7409.371876637455	0.40610859737168487	3031.161147062887
4215.8271378563095	5436.952797248627	7408.798159767933	0.4060996621748836	3030.8681401816184
4217.025837639607	5436.313800247298	7408.224396898044	0.40609075684156254	3030.5751333003495
4218.224537422903	5435.67480324597	7407.650588022253	0.40608185150824155	3030.2821264190816
4219.423237206201	5435.035806244641	7407.076733135028	0.4060729461749205	3029.989119537813
4220.621936989498	5434.3968092433115	7406.502832230834	0.40606404084159947	3029.6961126565448
4221.820636772795	5433.757812241983	7405.928885304136	0.40605513550827843	3029.4031057752763
4223.019336556093	5433.118815240654	7405.354892349398	0.4060462866089807	3029.110098894008
4224.21803633939	5432.479818239325	7404.780853361082	0.40603747305648746	3028.8170920127395
4225.416736122687	5431.840821237996	7404.206768333651	0.40602865950399425	3028.5240851314707
4226.615435905984	5431.201824236667	7403.632637261565	0.4060198459515011	3028.2310782502027
4227.814135689281	5430.562827235338	7403.058460139285	0.4060110323990079	3027.9380713689343
4229.012835472578	5429.923830234009	7402.484236961272	0.40600221884651466	3027.645064487666
4230.211535255876	5429.28483323268	7401.90996772198	0.40599345553112454	3027.3520576063975
4231.410235039173	5428.6458362313515	7401.335652415871	0.4059847329461612	3027.059050725129
4232.6089348224705	5428.006839230022	7400.7612910374	0.4059760103611979	3026.76604384386
4233.807634605768	5427.367842228693	7400.186883581023	0.4059672877762346	3026.4730369625922
4235.006334389064	5426.728845227365	7399.612430041195	0.40595856519127127	3026.180030081324
4236.205034172362	5426.089848226036	7399.037930412368	0.40594984260630795	3025.887023200056
4237.403733955659	5425.450851224708	7398.463384688999	0.4059411641666464	3025.594016318787
4238.602433738956	5424.811854223379	7397.888792865537	0.4059325317425595	3025.3010094375186
4239.801133522254	5424.172857222048	7397.314154936434	0.4059238993184726	3025.00800255625
4240.999833305551	5423.533860220719	7396.739470896141	0.4059152668943858	3024.7149956749818
4242.198533088848	5422.894863219391	7396.164740739108	0.4059066344702989	3024.4219887937134
4243.397232872146	5422.255866218062	7395.589964459782	0.405898002046212	3024.128981912445
4244.595932655442	5421.616869216734	7395.0151420526145	0.40588940777947013	3023.8359750311765
4245.794632438739	5420.977872215404	7394.440273512049	0.40588086471618984	3023.542968149908
4246.993332222037	5420.338875214075	7393.865358832531	0.40587232165290954	3023.2499612686397
4248.192032005334	5419.699878212747	7393.2903980085075	0.4058637785896292	3022.9569543873718
4249.3907317886315	5419.060881211418	7392.715391034421	0.4058552355263489	3022.663947506103
4250.589431571929	5418.421884210089	7392.140337904719	0.40584669246306854	3022.3709406248345
4251.788131355226	5417.782887208759	7391.565238613838	0.4058381816717617	3022.077933743566
4252.986831138523	5417.143890207431	7390.990093156224	0.4058297271757403	3021.7849268622977
4254.18553092182	5416.504893206102	7390.414901526315	0.4058212726797188	3021.4919199810292
4255.384230705117	5415.865896204773	7389.839663718553	0.4058128181836973	3021.198913099761
4256.582930488415	5415.226899203444	7389.264379727375	0.40580436368767586	3020.9059062184924
4257.781630271712	5414.5879022021145	7388.689049547219	0.40579590919165437	3020.612899337224
4258.980330055009	5413.948905200786	7388.113673172524	0.4057874811835765	3020.3198924559556
4260.179029838307	5413.309908199457	7387.538250597724	0.40577911446772735	3020.026885574687
4261.377729621603	5412.670911198129	7386.962781817258	0.40577074775187827	3019.733878693419
4262.5764294049	5412.0319141968	7386.387266825554	0.4057623810360292	3019.4408718121504
4263.775129188198	5411.3929171954705	7385.811705617051	0.4057540143201801	3019.1478649308824
4264.973828971495	5410.753920194141	7385.2360981861775	0.405745647604331	3018.8548580496135
4266.172528754792	5410.114923192813	7384.660444527371	0.4057373016925088	3018.561851168345
4267.37122853809	5409.475926191483	7384.084744635055	0.4057290219761468	3018.2688442870767
4268.569928321387	5408.8369291901545	7383.508998503665	0.4057207422597847	3017.9758374058088
4269.768628104684	5408.197932188826	7382.93320612763	0.4057124625434227	3017.68283052454
4270.967327887981	5407.558935187497	7382.357367501374	0.40570418282706067	3017.3898236432715
4272.166027671278	5406.919938186168	7381.781482619328	0.40569590311069864	3017.0968167620035
4273.364727454576	5406.280941184839	7381.205551475915	0.4056876386133472	3016.8038098807347
4274.563427237873	5405.6419441835105	7380.629574065565	0.4056794451221299	3016.5108029994663
4275.76212702117	5405.002947182181	7380.053550382697	0.4056712516309126	3016.2177961181983
4276.960826804468	5404.363950180852	7379.477480421739	0.4056630581396953	3015.9247892369294
4278.159526587764	5403.724953179523	7378.9013641771135	0.40565486464847794	3015.631782355661
4279.358226371061	5403.0859561781945	7378.325201643239	0.40564667115726066	3015.338775474393
4280.556926154359	5402.446959176866	7377.7489928145405	0.40563848739773956	3015.0457685931246
4281.755625937656	5401.807962175536	7377.172737685435	0.40563037936360763	3014.752761711856
4282.954325720953	5401.168965174207	7376.596436250344	0.4056222713294757	3014.4597548305874
4284.153025504251	5400.529968172878	7376.020088503684	0.40561416329534383	3014.1667479493194
4285.351725287548	5399.89097117155	7375.443694439872	0.4056060552612119	3013.8737410680505
4286.5504250708445	5399.251974170222	7374.86725405333	0.40559794722708	3013.5807341867826
4287.749124854142	5398.612977168892	7374.290767338465	0.4055898435338484	3013.287727305514
4288.947824637439	5397.973980167563	7373.714234289698	0.4055818201949684	3012.9947204242453
4290.146524420737	5397.334983166234	7373.137654901438	0.4055737968560884	3012.701713542977
4291.345224204034	5396.695986164906	7372.561029168102	0.4055657735172084	3012.408706661709
4292.543923987331	5396.056989163577	7371.984357084101	0.40555775017832846	3012.1156997804405
4293.742623770629	5395.417992162247	7371.4076386438455	0.40554972683944845	3011.8226928991717
4294.941323553926	5394.7789951609175	7370.8308738417445	0.40554170350056845	3011.5296860179033
4296.140023337222	5394.13999815959	7370.254062672209	0.40553376314672895	3011.2366791366353
4297.33872312052	5393.501001158261	7369.677205129649	0.40552582374743557	3010.9436722553664
4298.537422903817	5392.862004156932	7369.100301208468	0.4055178843481421	3010.6506653740985
4299.736122687114	5392.223007155602	7368.523350903077	0.40550994494884873	3010.35765849283
4300.934822470412	5391.5840101542735	7367.946354207877	0.4055020055495553	3010.0646516115617
4302.133522253709	5390.945013152945	7367.369311117276	0.4054940661502619	3009.771644730293
4303.332222037006	5390.306016151616	7366.792221625677	0.40548620378520345	3009.478637849025
4304.530921820303	5389.667019150287	7366.215085727482	0.4054783475759426	3009.1856309677564
4305.7296216036	5389.028022148958	7365.637903417095	0.4054704913666818	3008.8926240864876
4306.928321386898	5388.389025147629	7365.060674688916	0.4054626351574209	3008.5996172052196
4308.127021170195	5387.7500281463	7364.483399537347	0.4054547789481601	3008.306610323951
4309.325720953492	5387.111031144971	7363.906077956784	0.4054469227388993	3008.0136034426823
4310.52442073679	5386.472034143642	7363.328709941629	0.40543913771217743	3007.720596561414
4311.723120520087	5385.8330371423135	7362.751295486278	0.4054313639494504	3007.427589680146
4312.921820303383	5385.194040140985	7362.173834585128	0.40542359018672336	3007.1345827988775
4314.120520086681	5384.555043139656	7361.596327232575	0.4054158164239963	3006.841575917609
4315.319219869978	5383.916046138327	7361.018773423012	0.4054080426612693	3006.5485690363407
4316.517919653275	5383.277049136998	7360.441173150835	0.40540026889854225	3006.2555621550723
4317.716619436573	5382.63805213567	7359.863526410437	0.4053925605645858	3005.9625552738034
4318.91531921987	5381.99905513434	7359.285833196211	0.4053848685108935	3005.6695483925355
4320.114019003167	5381.36005813301	7358.708093502543	0.4053771764572013	3005.376541511267
4321.312718786464	5380.721061131682	7358.130307323831	0.405369484403509	3005.0835346299987
4322.511418569761	5380.0820641303535	7357.552474654461	0.4053617923498168	3004.7905277487303
4323.7101183530585	5379.443067129025	7356.97459548882	0.4053541002961245	3004.497520867462
4324.908818136356	5378.804070127695	7356.396669821298	0.4053464680141939	3004.2045139861934
4326.107517919653	5378.165073126366	7355.81869764628	0.4053388569379819	3003.911507104925
4327.306217702951	5377.526076125037	7355.240678958155	0.40533124586176983	3003.6185002236566
4328.504917486248	5376.887079123709	7354.662613751304	0.4053236347855578	3003.325493342388
4329.703617269544	5376.24808212238	7354.084502020113	0.4053160237093458	3003.03248646112
4330.902317052842	5375.60908512105	7353.506343758965	0.4053084126331337	3002.7394795798514
4332.101016836139	5374.970088119721	7352.928138962243	0.4053008557672806	3002.446472698583
4333.299716619436	5374.331091118393	7352.3498876243275	0.4052933249428846	3002.1534658173146
4334.498416402734	5373.692094117064	7351.771589739599	0.4052857941184887	3001.860458936046
4335.697116186031	5373.053097115735	7351.1932453024365	0.4052782632940927	3001.5674520547777
4336.895815969328	5372.414100114405	7350.6148543072195	0.40527073246969675	3001.2744451735093
4338.094515752625	5371.775103113077	7350.036416748328	0.4052632016453008	3000.981438292241
4339.293215535922	5371.136106111749	7349.457932620132	0.40525571956432743	3000.6884314109725
4340.4919153192195	5370.49710911042	7348.879401917014	0.4052482682719198	3000.395424529704
4341.690615102517	5369.858112109091	7348.300824633347	0.4052408169795121	3000.1024176484357
4342.889314885814	5369.219115107761	7347.722200763503	0.40523336568710444	2999.8094107671673
4344.0880146691115	5368.580118106433	7347.143530301859	0.40522591439469674	2999.516403885899
4345.286714452409	5367.941121105103	7346.564813242782	0.40521846310228904	2999.2233970046304
4346.485414235706	5367.302124103775	7345.9860495806515	0.4052110551797082	2998.930390123362
4347.684114019003	5366.663127102446	7345.40723930983	0.40520368270524393	2998.6373832420936
4348.8828138023	5366.0241301011165	7344.828382424692	0.4051963102307797	2998.3443763608257
4350.081513585597	5365.385133099788	7344.249478919603	0.4051889377563154	2998.051369479557
4351.280213368895	5364.746136098459	7343.670528788932	0.4051815652818511	2997.7583625982884
4352.478913152192	5364.10713909713	7343.091532027047	0.40517419280738687	2997.46535571702
4353.677612935489	5363.468142095801	7342.512488628312	0.4051668584213821	2997.1723488357516
4354.876312718787	5362.829145094472	7341.933398587094	0.405159564056547	2996.879341954483
4356.075012502083	5362.190148093143	7341.354261897756	0.4051522696917119	2996.586335073215
4357.2737122853805	5361.551151091814	7340.775078554661	0.4051449753268768	2996.293328191947
4358.472412068678	5360.912154090485	7340.195848552172	0.4051376809620418	2996.000321310678
4359.671111851975	5360.2731570891565	7339.6165718846505	0.4051303865972067	2995.7073144294095
4360.8698116352725	5359.634160087827	7339.037248546456	0.4051231251305934	2995.414307548141
4362.06851141857	5358.995163086498	7338.457878531947	0.40511590817275156	2995.1213006668727
4363.267211201867	5358.356166085169	7337.878461835487	0.4051086912149097	2994.8282937856043
4364.465910985164	5357.717169083841	7337.29899845143	0.4051014742570679	2994.5352869043363
4365.664610768461	5357.0781720825125	7336.719488374133	0.405094257299226	2994.242280023068
4366.863310551758	5356.439175081183	7336.139931597951	0.40508704034138415	2993.949273141799
4368.062010335056	5355.800178079854	7335.5603281172425	0.4050798511815704	2993.6562662605306
4369.260710118353	5355.161181078525	7334.980677926358	0.40507271093371194	2993.3632593792627
4370.45940990165	5354.5221840771965	7334.400981019654	0.40506557068585347	2993.070252497994
4371.658109684948	5353.883187075868	7333.821237391479	0.40505843043799505	2992.7772456167254
4372.856809468244	5353.244190074539	7333.241447036187	0.4050512901901366	2992.4842387354574
4374.0555092515415	5352.605193073209	7332.66160994813	0.4050441499422781	2992.1912318541886
4375.254209034839	5351.96619607188	7332.081726121654	0.40503703248122613	2991.89822497292
4376.452908818136	5351.327199070552	7331.501795551109	0.4050299682519178	2991.605218091652
4377.6516086014335	5350.688202069223	7330.921818230844	0.4050229040226095	2991.312211210384
4378.850308384731	5350.049205067894	7330.341794155205	0.4050158397933012	2991.019204329115
4380.049008168028	5349.410208066564	7329.761723318537	0.40500877556399284	2990.7261974478465
4381.247707951325	5348.771211065236	7329.1816057151855	0.40500171133468454	2990.4331905665786
4382.446407734622	5348.132214063907	7328.601441339496	0.404994664968873	2990.1401836853097
4383.645107517919	5347.493217062578	7328.02123018581	0.40498767607220576	2989.8471768040417
4384.843807301217	5346.854220061249	7327.440972248472	0.4049806871755385	2989.5541699227733
4386.042507084514	5346.2152230599195	7326.860667521819	0.40497369827887125	2989.261163041505
4387.241206867811	5345.576226058591	7326.280316000197	0.404966709382204	2988.968156160236
4388.439906651109	5344.937229057262	7325.699917677941	0.4049597204855368	2988.6751492789676
4389.638606434406	5344.298232055933	7325.119472549392	0.40495274461592223	2988.3821423976997
4390.8373062177025	5343.659235054605	7324.538980608888	0.4049458303714626	2988.0891355164313
4392.036006001	5343.0202380532755	7323.958441850764	0.4049389161270029	2987.796128635163
4393.234705784297	5342.381241051947	7323.377856269358	0.40493200188254325	2987.5031217538944
4394.4334055675945	5341.742244050618	7322.797223859002	0.40492508763808355	2987.2101148726256
4395.632105350892	5341.103247049289	7322.216544614034	0.40491817339362385	2986.917107991357
4396.830805134189	5340.46425004796	7321.635818528783	0.404911267425604	2986.624101110089
4398.0295049174865	5339.825253046631	7321.0550455975845	0.40490442715834396	2986.331094228821
4399.228204700783	5339.186256045302	7320.474225814769	0.4048975868910839	2986.0380873475524
4400.42690448408	5338.547259043973	7319.8933591746645	0.4048907466238238	2985.745080466284
4401.625604267378	5337.908262042644	7319.312445671605	0.40488390635656374	2985.4520735850156
4402.824304050675	5337.2692650413155	7318.731485299915	0.4048770660893037	2985.1590667037467
4404.023003833972	5336.630268039986	7318.150478053925	0.40487022943268014	2984.8660598224787
4405.22170361727	5335.991271038657	7317.56942392796	0.4048634624729876	2984.5730529412103
4406.420403400567	5335.352274037328	7316.988322916347	0.40485669551329506	2984.2800460599415
4407.619103183863	5334.7132770359995	7316.40717501341	0.4048499285536025	2983.9870391786735
4408.817802967161	5334.074280034671	7315.825980213473	0.40484316159390993	2983.694032297405
4410.016502750458	5333.435283033341	7315.24473851086	0.4048363946342174	2983.4010254161367
4411.2152025337555	5332.796286032012	7314.663449899891	0.40482962767452485	2983.1080185348683
4412.413902317053	5332.157289030683	7314.082114374891	0.40482293238673067	2982.8150116536
4413.61260210035	5331.518292029355	7313.500731930177	0.4048162380703031	2982.5220047723315
4414.8113018836475	5330.879295028026	7312.91930256007	0.4048095437538755	2982.2289978910626
4416.010001666944	5330.240298026697	7312.3378262588885	0.40480284943744793	2981.9359910097946
4417.208701450241	5329.601301025368	7311.756303020948	0.4047961551210203	2981.642984128526
4418.407401233539	5328.962304024039	7311.174732840568	0.4047894608045927	2981.349977247258
4419.606101016836	5328.323307022711	7310.593115712063	0.40478283300183965	2981.0569703659894
4420.804800800133	5327.684310021382	7310.011451629748	0.40477621066965364	2980.763963484721
4422.003500583431	5327.045313020052	7309.429740587936	0.4047695883374676	2980.4709566034526
4423.202200366728	5326.406316018723	7308.847982580943	0.40476296600528155	2980.1779497221837
4424.400900150024	5325.767319017395	7308.266177603077	0.40475634367309554	2979.8849428409158
4425.599599933322	5325.128322016066	7307.68432564865	0.40474972134090953	2979.5919359596473
4426.798299716619	5324.489325014737	7307.1024267119765	0.40474316045129205	2979.298929078379
4427.9969994999165	5323.850328013407	7306.52048078736	0.4047366094496357	2979.0059221971105
4429.195699283214	5323.2113310120785	7305.9384878691135	0.4047300584479794	2978.712915315842
4430.394399066511	5322.57233401075	7305.356447951541	0.404723507446323	2978.4199084345737
4431.5930988498085	5321.933337009421	7304.774361028952	0.40471695644466665	2978.1269015533053
4432.791798633105	5321.294340008092	7304.192227095649	0.4047104054430103	2977.833894672037
4433.990498416402	5320.655343006763	7303.610046145939	0.4047039108992182	2977.540887790769
4435.1891981997	5320.016346005434	7303.027818174127	0.40469743058004376	2977.2478809095
4436.387897982997	5319.377349004105	7302.445543174512	0.4046909502608693	2976.9548740282316
4437.586597766294	5318.738352002776	7301.8632211414	0.4046844699416948	2976.6618671469632
4438.785297549592	5318.099355001447	7301.280852069089	0.4046779896225204	2976.368860265695
4439.983997332889	5317.4603580001185	7300.69843595188	0.40467150930334594	2976.0758533844264
4441.182697116186	5316.821360998789	7300.115972784073	0.4046650805424128	2975.782846503158
4442.381396899483	5316.182363997461	7299.533462559967	0.40465867026298874	2975.48983962189
4443.58009668278	5315.543366996132	7298.950905273858	0.40465225998356463	2975.196832740621
4444.778796466077	5314.904369994803	7298.368300920041	0.4046458497041406	2974.9038258593528
4445.977496249375	5314.265372993475	7297.785649492814	0.4046394394247165	2974.610818978085
4447.176196032672	5313.626375992145	7297.20295098647	0.40463302914529237	2974.317812096816
4448.3748958159695	5312.987378990816	7296.620205395304	0.40462666560841476	2974.0248052155475
4449.573595599267	5312.348381989487	7296.037412713607	0.4046203247310962	2973.731798334279
4450.772295382563	5311.7093849881585	7295.454572935674	0.40461398385377767	2973.4387914530107
4451.970995165861	5311.07038798683	7294.871686055792	0.4046076429764591	2973.1457845717423
4453.169694949158	5310.4313909855	7294.288752068254	0.4046013020991406	2972.852777690474
4454.368394732455	5309.792393984171	7293.705770967347	0.40459496122182204	2972.559770809206
4455.567094515753	5309.153396982842	7293.1227427473605	0.40458866235429897	2972.266763927937
4456.76579429905	5308.514399981514	7292.5396674025815	0.40458239024648124	2971.9737570466687
4457.964494082347	5307.875402980185	7291.956544927296	0.4045761181386635	2971.6807501654002
4459.163193865644	5307.236405978855	7291.373375315789	0.4045698460308457	2971.387743284132
4460.361893648941	5306.597408977526	7290.790158562346	0.404563573923028	2971.0947364028634
4461.560593432238	5305.958411976198	7290.20689466125	0.40455730181521027	2970.8017295215955
4462.759293215536	5305.319414974869	7289.623583606783	0.4045510670664098	2970.508722640327
4463.957992998833	5304.68041797354	7289.040225393228	0.40454486310048415	2970.215715759058
4465.15669278213	5304.04142097221	7288.456820014863	0.4045386591345585	2969.92270887779
4466.355392565428	5303.4024239708815	7287.87336746597	0.40453245516863284	2969.629701996522
4467.554092348724	5302.763426969554	7287.28986774083	0.4045262512027072	2969.336695115253
4468.752792132022	5302.124429968225	7286.706320833717	0.40452004723678153	2969.043688233985
4469.951491915319	5301.485432966896	7286.1227267389095	0.40451387606010747	2968.7506813527166
4471.150191698616	5300.846435965566	7285.539085450684	0.40450773961341646	2968.4576744714477
4472.348891481914	5300.207438964238	7284.955396963315	0.40450160316672545	2968.1646675901793
4473.547591265211	5299.568441962909	7284.371661271077	0.40449546672003445	2967.8716607089113
4474.746291048508	5298.92944496158	7283.787878368245	0.40448933027334344	2967.578653827643
4475.944990831805	5298.290447960251	7283.204048249088	0.40448319382665243	2967.285646946374
4477.143690615102	5297.6514509589215	7282.6201709078805	0.4044770856795107	2966.992640065106
4478.342390398399	5297.012453957593	7282.036246338892	0.40447101613430364	2966.6996331838377
4479.541090181697	5296.373456956264	7281.452274536393	0.40446494658909654	2966.406626302569
4480.739789964994	5295.734459954935	7280.86825549465	0.4044588770438895	2966.1136194213004
4481.938489748291	5295.095462953606	7280.284189207932	0.4044528074986824	2965.8206125400325
4483.137189531589	5294.456465952277	7279.700075670507	0.4044467379534753	2965.5276056587636
4484.335889314885	5293.817468950949	7279.11591487664	0.4044406922972414	2965.2345987774956
4485.534589098183	5293.17847194962	7278.531706820596	0.4044346890406316	2964.9415918962272
4486.73328888148	5292.53947494829	7277.947451496638	0.40442868578402186	2964.648585014959
4487.931988664777	5291.9004779469615	7277.3631488990295	0.4044226825274121	2964.35557813369
4489.130688448075	5291.261480945632	7276.778799022035	0.4044166792708023	2964.062571252422
4490.329388231372	5290.622483944303	7276.194401859912	0.40441067601419256	2963.7695643711536
4491.528088014669	5289.983486942974	7275.609957406926	0.4044046923141901	2963.4765574898847
4492.726787797967	5289.344489941645	7275.025465657331	0.40439875473814824	2963.1835506086163
4493.925487581263	5288.7054929403175	7274.440926605389	0.40439281716210634	2962.8905437273484
4495.12418736456	5288.066495938988	7273.856340245357	0.40438687958606445	2962.59753684608
4496.322887147858	5287.427498937659	7273.2717065714905	0.40438094201002256	2962.3045299648115
4497.521586931155	5286.78850193633	7272.687025578046	0.40437500443398067	2962.011523083543
4498.720286714452	5286.1495049350015	7272.102297259277	0.40436908215969575	2961.7185162022747
4499.91898649775	5285.510507933673	7271.517521609439	0.4043632096619753	2961.425509321006
4501.117686281047	5284.871510932343	7270.932698622784	0.4043573371642549	2961.132502439738
4502.3163860643435	5284.232513931014	7270.347828293566	0.40435146466653454	2960.8394955584695
4503.515085847641	5283.593516929685	7269.762910616033	0.40434559216881416	2960.5464886772006
4504.713785630938	5282.954519928357	7269.177945584436	0.4043397196710938	2960.2534817959327
4505.912485414236	5282.315522927028	7268.5929331930265	0.404333858297197	2959.9604749146642
4507.111185197533	5281.676525925699	7268.0078734360495	0.4043280502841643	2959.667468033396
4508.30988498083	5281.037528924369	7267.4227663077545	0.40432224227113167	2959.3744611521274
4509.508584764128	5280.3985319230405	7266.837611802387	0.40431643425809904	2959.081454270859
4510.707284547424	5279.759534921713	7266.252409914194	0.4043106262450664	2958.7884473895906
4511.905984330721	5279.120537920383	7265.667160637417	0.40430481823203374	2958.495440508322
4513.104684114019	5278.481540919055	7265.081863966302	0.4042990172402469	2958.202433627054
4514.303383897316	5277.8425439177245	7264.49651989509	0.40429327312739555	2957.9094267457854
4515.502083680613	5277.203546916396	7263.911128418025	0.4042875290145442	2957.616419864517
4516.700783463911	5276.564549915067	7263.325689529346	0.40428178490169286	2957.3234129832485
4517.899483247208	5275.925552913738	7262.740203223294	0.4042760407888415	2957.03040610198
4519.0981830305045	5275.28655591241	7262.154669494108	0.4042702966759901	2956.737399220712
4520.296882813802	5274.6475589110805	7261.569088336025	0.4042645555553808	2956.4443923394433
4521.495582597099	5274.008561909752	7260.983459743281	0.40425887476592115	2956.151385458175
4522.6942823803965	5273.369564908423	7260.397783710115	0.4042531939764615	2955.8583785769065
4523.892982163694	5272.730567907094	7259.81206023076	0.40424751318700186	2955.565371695638
4525.091681946991	5272.091570905765	7259.226289299452	0.4042418323975422	2955.2723648143697
4526.290381730289	5271.452573904436	7258.640470910423	0.4042361516080825	2954.9793579331013
4527.489081513585	5270.813576903107	7258.054605057905	0.40423047081862284	2954.6863510518333
4528.687781296882	5270.174579901778	7257.4686917361305	0.4042248518178591	2954.3933441705644
4529.88648108018	5269.535582900449	7256.88273093933	0.4042192337817175	2954.100337289296
4531.085180863477	5268.8965858991205	7256.296722661734	0.40421361574557585	2953.807330408028
4532.283880646774	5268.257588897791	7255.710666897568	0.40420799770943416	2953.514323526759
4533.482580430072	5267.618591896462	7255.124563641065	0.40420237967329253	2953.221316645491
4534.681280213369	5266.979594895133	7254.538412886446	0.4041967616371509	2952.9283097642224
4535.8799799966655	5266.340597893805	7253.952214627942	0.4041912009387648	2952.635302882954
4537.078679779963	5265.701600892476	7253.365968859772	0.4041856450908519	2952.3422960016856
4538.27737956326	5265.062603891147	7252.779675576166	0.4041800892429391	2952.049289120417
4539.4760793465575	5264.423606889817	7252.193334771342	0.4041745333950262	2951.756282239149
4540.674779129855	5263.784609888489	7251.606946439528	0.4041689775471133	2951.4632753578803
4541.873478913152	5263.14561288716	7251.020510574938	0.4041634216992004	2951.170268476612
4543.07217869645	5262.506615885831	7250.434027171797	0.40415791881323165	2950.8772615953435
4544.270878479747	5261.867618884501	7249.847496224325	0.40415242459352185	2950.584254714075
4545.469578263043	5261.228621883173	7249.260917726739	0.40414693037381205	2950.2912478328067
4546.668278046341	5260.589624881844	7248.674291673255	0.40414143615410225	2949.9982409515387
4547.866977829638	5259.950627880516	7248.08761805809	0.40413594193439245	2949.70523407027
4549.065677612935	5259.311630879187	7247.50089687546	0.40413044771468265	2949.4122271890014
4550.264377396233	5258.672633877857	7246.91412811958	0.4041250021556451	2949.119220307733
4551.46307717953	5258.033636876528	7246.327311784663	0.4041195690096306	2948.826213426465
4552.661776962827	5257.3946398752	7245.740447864923	0.40411413586361605	2948.533206545196
4553.860476746124	5256.755642873871	7245.153536354571	0.4041087027176015	2948.2401996639283
4555.059176529421	5256.116645872542	7244.566577247818	0.404103269571587	2947.94719278266
4556.2578763127185	5255.477648871212	7243.979570538872	0.40409783642557245	2947.654185901391
4557.456576096016	5254.8386518698835	7243.392516221946	0.40409244771182856	2947.3611790201226
4558.655275879313	5254.199654868555	7242.805414291243	0.40408707508965763	2947.0681721388546
4559.8539756626105	5253.560657867226	7242.2182647409745	0.40408170246748665	2946.775165257586
4561.052675445908	5252.921660865897	7241.631067565345	0.40407632984531566	2946.4821583763173
4562.251375229204	5252.282663864568	7241.04382275856	0.4040709572231447	2946.1891514950494
4563.450075012502	5251.64366686324	7240.456530314824	0.4040655846009737	2945.896144613781
4564.648774795799	5251.00466986191	7239.869190228338	0.4040602522543964	2945.603137732512
4565.847474579096	5250.365672860582	7239.2818024933085	0.4040549396104699	2945.3101308512437
4567.046174362394	5249.726675859252	7238.694367103932	0.40404962696654334	2945.0171239699757
4568.244874145691	5249.0876788579235	7238.106884054414	0.40404431432261684	2944.724117088707
4569.443573928988	5248.448681856594	7237.51935333895	0.40403900167869033	2944.4311102074385
4570.642273712285	5247.809684855266	7236.931774951742	0.4040336890347638	2944.1381033261705
4571.840973495582	5247.170687853937	7236.344148886986	0.40402841258065514	2943.845096444902
4573.0396732788795	5246.531690852608	7235.756475138879	0.40402315937358657	2943.552089563633
4574.238373062177	5245.8926938512795	7235.168753701617	0.40401790616651795	2943.2590826823653
4575.437072845474	5245.25369684995	7234.580984569392	0.4040126529594494	2942.966075801097
4576.6357726287715	5244.614699848621	7233.993167736403	0.40400739975238076	2942.673068919828
4577.834472412069	5243.975702847292	7233.40530319684	0.4040021465453122	2942.3800620385596
4579.033172195365	5243.3367058459635	7232.817390944895	0.4039969255123758	2942.0870551572916
4580.231871978663	5242.697708844635	7232.22943097476	0.40399173120495524	2941.794048276023
4581.43057176196	5242.058711843305	7231.641423280625	0.40398653689753466	2941.501041394755
4582.629271545257	5241.419714841976	7231.05336785668	0.4039813425901141	2941.2080345134864
4583.827971328555	5240.780717840647	7230.46526469711	0.4039761482826935	2940.915027632218
4585.026671111852	5240.141720839319	7229.877113796107	0.40397095397527294	2940.622020750949
4586.225370895149	5239.50272383799	7229.288915147853	0.40396578789558657	2940.3290138696807
4587.424070678446	5238.863726836661	7228.700668746537	0.4039606519547437	2940.0360069884127
4588.622770461743	5238.224729835332	7228.1123745863415	0.4039555160139008	2939.7430001071443
4589.8214702450405	5237.585732834003	7227.524032661449	0.4039503800730579	2939.449993225876
4591.020170028338	5236.946735832675	7226.9356429660465	0.403945244132215	2939.1569863446075
4592.218869811635	5236.307738831346	7226.347205494311	0.4039401081913721	2938.863979463339
4593.4175695949325	5235.668741830016	7225.758720240426	0.4039349966003603	2938.57097258207
4594.61626937823	5235.0297448286865	7225.170187198567	0.4039299184971291	2938.2779657008023
4595.814969161527	5234.390747827358	7224.58160636292	0.4039248403938979	2937.984958819534
4597.013668944824	5233.75175082603	7223.9929777276575	0.40391976229066673	2937.6919519382654
4598.212368728121	5233.112753824701	7223.404301286958	0.40391468418743554	2937.398945056997
4599.411068511418	5232.473756823371	7222.815577034998	0.4039096060842044	2937.1059381757286
4600.609768294716	5231.8347598220425	7222.22680496595	0.40390454852061203	2936.8129312944598
4601.808468078013	5231.195762820714	7221.637985073991	0.4038995277300946	2936.519924413192
4603.00716786131	5230.556765819385	7221.049117353294	0.40389450693957707	2936.2269175319234
4604.205867644608	5229.917768818056	7220.46020179803	0.4038894861490596	2935.933910650655
4605.404567427904	5229.2787718167265	7219.87123840237	0.40388446535854217	2935.6409037693866
4606.6032672112015	5228.639774815398	7219.282227160485	0.40387944456802466	2935.347896888118
4607.801966994499	5228.000777814069	7218.693168066546	0.40387444057389044	2935.0548900068497
4609.000666777796	5227.36178081274	7218.104061114718	0.40386947657522293	2934.7618831255813
4610.1993665610935	5226.722783811411	7217.514906299171	0.4038645125765555	2934.468876244313
4611.398066344391	5226.083786810082	7216.92570361407	0.403859548577888	2934.1758693630445
4612.596766127688	5225.444789808753	7216.336453053582	0.40385458457922047	2933.882862481776
4613.795465910985	5224.805792807425	7215.747154611872	0.403849620580553	2933.5898556005077
4614.994165694282	5224.166795806095	7215.157808283099	0.40384466970118327	2933.2968487192393
4616.192865477579	5223.527798804767	7214.568414061434	0.4038397619774996	2933.0038418379713
4617.391565260877	5222.888801803438	7213.978971941031	0.40383485425381593	2932.7108349567025
4618.590265044174	5222.249804802109	7213.389481916056	0.4038299465301323	2932.417828075434
4619.788964827471	5221.610807800779	7212.799943980663	0.40382503880644866	2932.1248211941656
4620.987664610769	5220.97181079945	7212.2103581290185	0.403820131082765	2931.8318143128968
4622.186364394065	5220.3328137981225	7211.620724355276	0.40381523286670706	2931.538807431629
4623.385064177362	5219.693816796793	7211.031042653592	0.4038103809051056	2931.2458005503604
4624.58376396066	5219.054819795464	7210.441313018126	0.4038055289435042	2930.9527936690924
4625.782463743957	5218.415822794135	7209.851535443029	0.40380067698190275	2930.6597867878236
4626.9811635272545	5217.776825792806	7209.261709922458	0.4037958250203013	2930.366779906555
4628.179863310552	5217.137828791478	7208.671836450565	0.40379097305869993	2930.0737730252868
4629.378563093849	5216.498831790148	7208.081915021504	0.403786127057717	2929.7807661440183
4630.577262877146	5215.859834788819	7207.491945629423	0.40378133034922553	2929.48775926275
4631.775962660443	5215.22083778749	7206.901928268475	0.4037765336407341	2929.194752381482
4632.97466244374	5214.581840786162	7206.311862932809	0.4037717369322427	2928.901745500213
4634.173362227038	5213.942843784833	7205.721749616573	0.4037669402237513	2928.6087386189447
4635.372062010335	5213.303846783503	7205.131588313917	0.4037621435152599	2928.3157317376763
4636.570761793632	5212.664849782174	7204.541379018982	0.4037573492843049	2928.0227248564083
4637.76946157693	5212.0258527808455	7203.951121725919	0.4037526073238484	2927.7297179751395
4638.968161360227	5211.386855779517	7203.36081642887	0.40374786536339186	2927.436711093871
4640.166861143523	5210.747858778189	7202.770463121982	0.40374312340293533	2927.143704212603
4641.365560926821	5210.10886177686	7202.180061799392	0.4037383814424788	2926.8506973313342
4642.564260710118	5209.46986477553	7201.5896124552455	0.4037336394820223	2926.557690450066
4643.762960493415	5208.830867774202	7200.999115083683	0.40372889752156577	2926.264683568798
4644.961660276713	5208.191870772872	7200.408569678843	0.40372420886557797	2925.971676687529
4646.16036006001	5207.552873771544	7199.817976234869	0.4037195211519424	2925.6786698062606
4647.3590598433075	5206.913876770214	7199.227334745892	0.4037148334383067	2925.385662924992
4648.557759626604	5206.2748797688855	7198.6366452060565	0.40371014572467107	2925.092656043724
4649.756459409901	5205.635882767557	7198.045907609492	0.4037054580110354	2924.7996491624554
4650.955159193199	5204.996885766228	7197.455121950338	0.4037007702973998	2924.506642281187
4652.153858976496	5204.357888764899	7196.864288222726	0.403696132033432	2924.213635399919
4653.352558759793	5203.71889176357	7196.27340642079	0.4036914980692344	2923.92062851865
4654.551258543091	5203.079894762241	7195.682476538665	0.4036868641050367	2923.6276216373817
4655.749958326388	5202.440897760912	7195.091498570477	0.40368223014083904	2923.3346147561133
4656.948658109684	5201.801900759583	7194.500472510361	0.4036775961766414	2923.0416078748453
4658.147357892982	5201.162903758254	7193.909398352444	0.4036729622124437	2922.7486009935765
4659.346057676279	5200.5239067569255	7193.318276090856	0.4036683739086648	2922.4555941123085
4660.544757459576	5199.884909755596	7192.727105719722	0.4036637932003181	2922.16258723104
4661.743457242874	5199.245912754267	7192.135887233172	0.40365921249197134	2921.8695803497712
4662.942157026171	5198.606915752938	7191.544620625328	0.40365463178362465	2921.576573468503
4664.1408568094685	5197.967918751609	7190.953305890318	0.4036500510752779	2921.283566587235
4665.339556592765	5197.328921750282	7190.361943022265	0.4036454703669312	2920.990559705966
4666.538256376062	5196.689924748952	7189.770532015289	0.40364093159456726	2920.697552824698
4667.73695615936	5196.050927747623	7189.179072863513	0.4036364036522484	2920.4045459434296
4668.935655942657	5195.411930746294	7188.58756556106	0.40363187570992953	2920.1115390621612
4670.134355725954	5194.7729337449655	7187.996010102047	0.40362734776761067	2919.8185321808924
4671.333055509252	5194.133936743637	7187.404406480594	0.40362281982529175	2919.5255252996244
4672.531755292549	5193.494939742306	7186.812754690819	0.4036182918829729	2919.232518418356
4673.730455075845	5192.855942740978	7186.2210547268405	0.4036138022162843	2918.939511537087
4674.929154859143	5192.216945739649	7185.629306582771	0.40360932655390325	2918.646504655819
4676.12785464244	5191.577948738321	7185.03751025273	0.4036048508915222	2918.3534977745508
4677.326554425737	5190.938951736992	7184.4456657308265	0.4036003752291412	2918.060490893282
4678.525254209035	5190.299954735662	7183.853773011177	0.4035958995667602	2917.767484012014
4679.723953992332	5189.660957734333	7183.261832087893	0.40359142390437913	2917.4744771307455
4680.922653775629	5189.021960733005	7182.669842955086	0.4035869829206351	2917.181470249477
4682.121353558926	5188.382963731676	7182.077805606866	0.403582559055801	2916.8884633682087
4683.320053342223	5187.743966730347	7181.48572003734	0.40357813519096686	2916.5954564869403
4684.518753125521	5187.104969729017	7180.8935862406215	0.40357371132613273	2916.302449605672
4685.717452908818	5186.4659727276885	7180.301404210813	0.4035692874612986	2916.0094427244035
4686.916152692115	5185.82697572636	7179.709173942025	0.4035648635964645	2915.716435843135
4688.114852475413	5185.187978725031	7179.1168954283585	0.4035604708759567	2915.4234289618666
4689.31355225871	5184.548981723702	7178.524568663923	0.40355609833000755	2915.1304220805982
4690.512252042007	5183.909984722372	7177.932193642817	0.4035517257840584	2914.8374151993294
4691.710951825304	5183.270987721045	7177.339770359146	0.40354735323810925	2914.5444083180614
4692.909651608601	5182.631990719716	7176.747298807012	0.4035429806921601	2914.251401436793
4694.108351391898	5181.992993718387	7176.154778980514	0.40353860814621095	2913.958394555524
4695.307051175196	5181.353996717058	7175.562210873752	0.4035342632726693	2913.665387674256
4696.505750958493	5180.7149997157285	7174.9695944808245	0.40352994157142547	2913.3723807929878
4697.70445074179	5180.076002714399	7174.376929795831	0.4035256198701817	2913.079373911719
4698.903150525088	5179.437005713071	7173.784216812866	0.4035212981689379	2912.786367030451
4700.101850308384	5178.798008711742	7173.191455526027	0.4035169764676941	2912.4933601491825
4701.3005500916815	5178.159011710413	7172.598645929409	0.40351265476645026	2912.200353267914
4702.499249874979	5177.520014709084	7172.005788017105	0.403508357327121	2911.9073463866457
4703.697949658276	5176.881017707755	7171.412881783209	0.40350408600062776	2911.6143395053773
4704.896649441574	5176.242020706426	7170.819927221811	0.4034998146741346	2911.321332624109
4706.095349224871	5175.603023705097	7170.226924327005	0.40349554334764137	2911.0283257428405
4707.294049008168	5174.9640267037685	7169.633873092878	0.40349127202114815	2910.735318861572
4708.492748791465	5174.32502970244	7169.04077351352	0.403487000694655	2910.4423119803037
4709.691448574762	5173.68603270111	7168.447625583021	0.4034827502799438	2910.1493050990352
4710.890148358059	5173.047035699781	7167.854429295466	0.4034785288618233	2909.856298217767
4712.088848141357	5172.408038698452	7167.261184644944	0.4034743074437028	2909.5632913364984
4713.287547924654	5171.769041697124	7166.667891625536	0.4034700860255822	2909.2702844552305
4714.486247707951	5171.130044695795	7166.07455023133	0.4034658646074617	2908.9772775739616
4715.684947491249	5170.491047694465	7165.4811604564065	0.4034616431893412	2908.684270692693
4716.883647274545	5169.852050693137	7164.887722294851	0.4034574393925426	2908.3912638114252
4718.0823470578425	5169.2130536918085	7164.294235740742	0.4034532674199482	2908.0982569301564
4719.28104684114	5168.57405669048	7163.70070078816	0.4034490954473538	2907.805250048888
4720.479746624437	5167.935059689151	7163.107117431187	0.40344492347475946	2907.5122431676195
4721.678446407735	5167.296062687821	7162.5134856639	0.4034407515021651	2907.2192362863516
4722.877146191032	5166.657065686492	7161.9198054803765	0.4034365795295707	2906.9262294050827
4724.075845974329	5166.018068685164	7161.326076874692	0.4034324219468383	2906.6332225238143
4725.274545757626	5165.379071683835	7160.7322998409245	0.4034282989604254	2906.3402156425464
4726.473245540923	5164.740074682506	7160.138474373147	0.40342417597401253	2906.0472087612775
4727.67194532422	5164.101077681176	7159.544600465432	0.40342005298759964	2905.754201880009
4728.870645107518	5163.4620806798475	7158.950678111856	0.4034159300011868	2905.461194998741
4730.069344890815	5162.823083678519	7158.356707306487	0.4034118070147739	2905.1681881174723
4731.268044674112	5162.18408667719	7157.762688043398	0.40340769524509845	2904.875181236204
4732.46674445741	5161.545089675861	7157.168620316657	0.4034036207889941	2904.5821743549354
4733.665444240706	5160.9060926745315	7156.5745041203345	0.40339954633288977	2904.2891674736675
4734.8641440240035	5160.267095673203	7155.980339448497	0.4033954718767855	2903.9961605923986
4736.062843807301	5159.628098671874	7155.386126295211	0.40339139742068114	2903.70315371113
4737.261543590598	5158.989101670545	7154.791864654547	0.4033873229645768	2903.4101468298622
4738.4602433738955	5158.350104669216	7154.197554520563	0.4033832566097635	2903.1171399485934
4739.658943157193	5157.711107667887	7153.603195887329	0.4033792302315373	2902.824133067325
4740.85764294049	5157.072110666558	7153.0087887489035	0.4033752038533112	2902.5311261860566
4742.056342723788	5156.433113665229	7152.414333099351	0.40337117747508505	2902.238119304788
4743.255042507084	5155.794116663901	7151.819828932733	0.40336715109685894	2901.9451124235197
4744.453742290381	5155.155119662572	7151.225276243109	0.4033631247186328	2901.652105542252
4745.652442073679	5154.516122661243	7150.630675024536	0.4033591033832796	2901.3590986609834
4746.851141856976	5153.877125659914	7150.036025271073	0.4033551246339152	2901.0660917797145
4748.049841640273	5153.238128658585	7149.44132697678	0.40335114588455084	2900.773084898446
4749.248541423571	5152.599131657256	7148.846580135711	0.4033471671351865	2900.480078017178
4750.447241206868	5151.960134655927	7148.251784741921	0.4033431883858221	2900.1870711359093
4751.6459409901645	5151.321137654598	7147.656940789467	0.40333920963645775	2899.8940642546413
4752.844640773462	5150.682140653269	7147.062048272399	0.403335232927934	2899.601057373373
4754.043340556759	5150.04314365194	7146.46710718477	0.4033313013618	2899.3080504921045
4755.2420403400565	5149.404146650611	7145.872117520632	0.403327369795666	2899.0150436108356
4756.440740123354	5148.765149649283	7145.277079274036	0.40332343822953204	2898.7220367295677
4757.639439906651	5148.126152647953	7144.681992439029	0.40331950666339805	2898.4290298482993
4758.838139689949	5147.487155646624	7144.086857009664	0.40331557509726407	2898.1360229670304
4760.036839473245	5146.848158645295	7143.4916729799825	0.40331164353113	2897.8430160857624
4761.235539256542	5146.209161643967	7142.896440344037	0.40330775780050976	2897.550009204494
4762.43423903984	5145.570164642638	7142.3011590958695	0.4033038729753308	2897.257002323225
4763.632938823137	5144.931167641308	7141.705829229526	0.4032999881501519	2896.9639954419567
4764.831638606434	5144.292170639979	7141.110450739047	0.403296103324973	2896.670988560689
4766.030338389732	5143.6531736386505	7140.51502361848	0.4032922184997941	2896.3779816794204
4767.229038173029	5143.014176637322	7139.919547861863	0.4032883336746152	2896.0849747981515
4768.4277379563255	5142.375179635994	7139.324023463239	0.4032844913548435	2895.7919679168836
4769.626437739623	5141.736182634664	7138.728450416646	0.40328065283167325	2895.498961035615
4770.82513752292	5141.097185633335	7138.132828716124	0.403276814308503	2895.2059541543463
4772.0238373062175	5140.458188632007	7137.53715835571	0.4032729757853327	2894.9129472730783
4773.222537089515	5139.819191630678	7136.94143932944	0.40326913726216246	2894.61994039181
4774.421236872812	5139.180194629349	7136.345671631351	0.4032652987389922	2894.3269335105415
4775.6199366561095	5138.54119762802	7135.749855255477	0.40326149944892337	2894.0339266292726
4776.818636439406	5137.9022006266905	7135.153990195852	0.4032577067921152	2893.7409197480047
4778.017336222703	5137.263203625362	7134.55807644651	0.403253914135307	2893.4479128667363
4779.216036006001	5136.624206624033	7133.962114001482	0.40325012147849876	2893.154905985468
4780.414735789298	5135.985209622704	7133.3661028547995	0.4032463288216906	2892.8618991041994
4781.613435572595	5135.346212621375	7132.770043000492	0.40324253616488237	2892.568892222931
4782.812135355893	5134.707215620046	7132.173934432588	0.40323877952602927	2892.275885341662
4784.01083513919	5134.068218618717	7131.577777145117	0.4032350323032095	2891.9828784603937
4785.2095349224865	5133.429221617389	7130.9815711321035	0.40323128508038975	2891.689871579126
4786.408234705784	5132.790224616059	7130.3853163875765	0.40322753785757	2891.396864697858
4787.606934489081	5132.1512276147305	7129.789012905558	0.4032237906347502	2891.103857816589
4788.8056342723785	5131.512230613401	7129.192660680075	0.4032200434119305	2890.8108509353206
4790.004334055676	5130.873233612072	7128.596259705148	0.4032163290484439	2890.517844054052
4791.203033838973	5130.234236610743	7127.999809974804	0.4032126268304846	2890.2248371727833
4792.4017336222705	5129.595239609414	7127.403311483057	0.4032089246125253	2889.9318302915153
4793.600433405568	5128.956242608086	7126.806764223933	0.4032052223945659	2889.638823410247
4794.799133188864	5128.317245606757	7126.210168191449	0.4032015201766066	2889.3458165289785
4795.997832972162	5127.678248605428	7125.613523379623	0.40319781795864723	2889.05280964771
4797.196532755459	5127.039251604099	7125.016829782472	0.4031941454972959	2888.7598027664417
4798.395232538756	5126.4002546027705	7124.4200873940135	0.4031904878582875	2888.4667958851733
4799.593932322054	5125.761257601442	7123.823296208262	0.4031868302192791	2888.173789003905
4800.792632105351	5125.122260600112	7123.226456219232	0.4031831725802707	2887.8807821226364
4801.991331888648	5124.483263598783	7122.629567420937	0.4031795149412623	2887.587775241368
4803.190031671945	5123.844266597454	7122.032629807389	0.4031758573022539	2887.2947683600996
4804.388731455242	5123.205269596126	7121.435643372598	0.40317222637240324	2887.001761478831
4805.5874312385395	5122.566272594797	7120.838608110578	0.4031686128896268	2886.708754597563
4806.786131021837	5121.927275593467	7120.241524015335	0.4031649994068503	2886.4157477162944
4807.984830805134	5121.288278592138	7119.64439108088	0.40316138592407386	2886.122740835026
4809.1835305884315	5120.64928159081	7119.0472093012195	0.40315777244129736	2885.8297339537576
4810.382230371729	5120.010284589481	7118.449978670359	0.4031541589585209	2885.536727072489
4811.580930155025	5119.371287588152	7117.852699182305	0.4031505691921144	2885.2437201912207
4812.779629938323	5118.732290586822	7117.255370831061	0.4031469994460171	2884.9507133099523
4813.97832972162	5118.0932935854935	7116.657993610633	0.40314342969991984	2884.6577064286844
4815.177029504917	5117.454296584166	7116.060567515021	0.40313985995382257	2884.3646995474155
4816.375729288215	5116.815299582836	7115.463092538227	0.4031362902077253	2884.071692666147
4817.574429071512	5116.176302581507	7114.865568674251	0.403132720461628	2883.7786857848787
4818.773128854809	5115.537305580177	7114.267995917096	0.40312917149316674	2883.4856789036103
4819.971828638106	5114.8983085788495	7113.670374260759	0.4031256450673335	2883.192672022342
4821.170528421403	5114.259311577521	7113.072703699236	0.4031221186415002	2882.899665141074
4822.3692282047	5113.620314576192	7112.474984226523	0.4031185922156669	2882.6066582598055
4823.567927987998	5112.981317574863	7111.877215836617	0.40311506578983364	2882.3136513785366
4824.766627771295	5112.3423205735335	7111.279398523515	0.4031115393640004	2882.020644497268
4825.9653275545925	5111.703323572205	7110.681532281208	0.40310803083052327	2881.727637616
4827.16402733789	5111.064326570876	7110.08361710369	0.40310454731165146	2881.4346307347314
4828.362727121186	5110.425329569547	7109.485652984951	0.4031010637927797	2881.141623853463
4829.561426904484	5109.786332568218	7108.887639918985	0.40309758027390796	2880.848616972195
4830.760126687781	5109.147335566889	7108.289577899777	0.4030940967550362	2880.5556100909266
4831.958826471078	5108.50833856556	7107.691466921319	0.40309061323616446	2880.2626032096578
4833.157526254376	5107.869341564231	7107.0933069776	0.40308714477722907	2879.9695963283893
4834.356226037673	5107.230344562902	7106.4950980626045	0.40308370375510355	2879.6765894471214
4835.55492582097	5106.5913475615735	7105.89684017032	0.403080262732978	2879.3835825658525
4836.753625604268	5105.952350560245	7105.298533294728	0.40307682171085246	2879.090575684584
4837.952325387564	5105.313353558916	7104.700177429818	0.4030733806887269	2878.797568803316
4839.151025170861	5104.674356557586	7104.101772569566	0.4030699396666014	2878.5045619220473
4840.349724954159	5104.035359556258	7103.503318707961	0.4030665109242648	2878.211555040779
4841.548424737456	5103.396362554929	7102.904815838978	0.4030631119917306	2877.918548159511
4842.7471245207535	5102.7573655536	7102.3062639566	0.4030597130591964	2877.6255412782425
4843.945824304051	5102.11836855227	7101.707663054805	0.4030563141266622	2877.3325343969736
4845.144524087348	5101.479371550941	7101.109013127572	0.403052915194128	2877.0395275157052
4846.343223870645	5100.840374549613	7100.51031416888	0.4030495162615938	2876.7465206344373
4847.541923653942	5100.201377548285	7099.911566172698	0.403046126880393	2876.4535137531684
4848.740623437239	5099.562380546956	7099.312769133007	0.4030427696333314	2876.1605068719005
4849.939323220537	5098.923383545626	7098.71392304378	0.4030394123862698	2875.867499990632
4851.138023003834	5098.284386544297	7098.115027898989	0.4030360551392082	2875.5744931093636
4852.336722787131	5097.645389542969	7097.516083692604	0.4030326978921466	2875.2814862280948
4853.535422570429	5097.00639254164	7096.917090418601	0.403029340645085	2874.9884793468264
4854.734122353725	5096.367395540311	7096.318048070947	0.40302599027201835	2874.6954724655584
4855.932822137022	5095.728398538981	7095.718956643611	0.40302267430932137	2874.4024655842895
4857.13152192032	5095.0894015376525	7095.119816130563	0.4030193583466244	2874.1094587030216
4858.330221703617	5094.450404536324	7094.5206265257675	0.4030160423839274	2873.816451821753
4859.528921486914	5093.811407534995	7093.921387823193	0.4030127264212304	2873.5234449404843
4860.727621270212	5093.172410533666	7093.322100016801	0.40300941045853345	2873.230438059216
4861.926321053509	5092.5334135323365	7092.722763100561	0.4030060987430419	2872.937431177948
4863.125020836806	5091.894416531009	7092.123377068433	0.4030028236665868	2872.6444242966795
4864.323720620103	5091.255419529679	7091.523941914377	0.4029995485901317	2872.351417415411
4865.5224204034	5090.616422528351	7090.92445763236	0.40299627351367656	2872.0584105341427
4866.721120186698	5089.977425527021	7090.324924216336	0.4029929984372215	2871.7654036528743
4867.919819969995	5089.3384285256925	7089.72534166027	0.4029897233607664	2871.4723967716054
4869.118519753292	5088.699431524363	7089.125709958112	0.4029864499547142	2871.1793898903375
4870.31721953659	5088.060434523034	7088.5260291038285	0.4029832153693402	2870.886383009069
4871.515919319886	5087.421437521706	7087.92629909137	0.40297998078396613	2870.5933761278
4872.714619103183	5086.782440520377	7087.3265199146945	0.4029767461985921	2870.3003692465322
4873.913318886481	5086.143443519048	7086.726691567755	0.40297351161321804	2870.007362365264
4875.112018669778	5085.504446517719	7086.126814044503	0.40297027702784405	2869.7143554839954
4876.310718453075	5084.86544951639	7085.526887338895	0.40296704244247	2869.421348602727
4877.509418236373	5084.226452515061	7084.926911444877	0.4029638470989841	2869.1283417214586
4878.70811801967	5083.5874555137325	7084.326886356404	0.40296065261246655	2868.83533484019
4879.9068178029665	5082.948458512403	7083.726812067422	0.402957458125949	2868.5423279589218
4881.105517586264	5082.309461511074	7083.126688571881	0.4029542636394315	2868.2493210776533
4882.304217369561	5081.670464509745	7082.5265158637285	0.40295106915291395	2867.956314196385
4883.502917152859	5081.031467508416	7081.926293936909	0.4029478746663964	2867.663307315117
4884.701616936156	5080.392470507088	7081.32602278537	0.4029447165539655	2867.370300433848
4885.900316719453	5079.753473505758	7080.725702403054	0.40294156177699286	2867.0772935525797
4887.099016502751	5079.114476504429	7080.125332783906	0.40293840700002026	2866.7842866713113
4888.297716286048	5078.4754795031	7079.524913921867	0.40293525222304766	2866.4912797900424
4889.496416069344	5077.836482501772	7078.924445810878	0.402932097446075	2866.1982729087745
4890.695115852642	5077.197485500444	7078.323928444882	0.4029289426691024	2865.905266027506
4891.893815635939	5076.558488499113	7077.723361817813	0.40292582144964134	2865.6122591462376
4893.092515419236	5075.919491497785	7077.122745923617	0.4029227059957908	2865.3192522649692
4894.291215202534	5075.2804944964555	7076.522080756223	0.40291959054194026	2865.026245383701
4895.489914985831	5074.641497495127	7075.921366309574	0.4029164750880897	2864.7332385024324
4896.688614769128	5074.002500493798	7075.320602577602	0.40291335963423913	2864.440231621164
4897.887314552425	5073.363503492469	7074.719789554243	0.40291024418038857	2864.1472247398956
4899.086014335722	5072.72450649114	7074.1189272334295	0.40290715951813966	2863.854217858627
4900.28471411902	5072.085509489812	7073.518015609093	0.4029040830038535	2863.5612109773588
4901.483413902317	5071.446512488483	7072.917054675167	0.40290100648956734	2863.2682040960904
4902.682113685614	5070.807515487154	7072.316044425579	0.4028979299752812	2862.975197214822
4903.880813468912	5070.168518485824	7071.714984854261	0.402894853460995	2862.6821903335535
4905.079513252209	5069.5295214844955	7071.11387595514	0.40289177694670886	2862.389183452285
4906.278213035505	5068.890524483167	7070.512717722145	0.40288872850822344	2862.0961765710167
4907.476912818803	5068.251527481838	7069.911510149201	0.4028856905527847	2861.8031696897488
4908.6756126021	5067.612530480509	7069.310253230232	0.402882652597346	2861.51016280848
4909.874312385397	5066.97353347918	7068.7089469591665	0.40287961464190725	2861.2171559272115
4911.073012168695	5066.334536477851	7068.107591329924	0.40287657668646853	2860.9241490459435
4912.271711951992	5065.695539476522	7067.506186336429	0.4028735387310298	2860.6311421646747
4913.470411735289	5065.056542475193	7066.904731972601	0.4028705261851523	2860.3381352834062
4914.669111518586	5064.417545473865	7066.303228232365	0.40286752641066376	2860.0451284021383
4915.867811301883	5063.778548472536	7065.7016751096335	0.4028645266361753	2859.75212152087
4917.0665110851805	5063.139551471206	7065.100072598329	0.40286152686168675	2859.459114639601
4918.265210868478	5062.500554469878	7064.498420692371	0.40285852708719827	2859.1661077583326
4919.463910651775	5061.861557468548	7063.89671938567	0.40285552731270974	2858.8731008770646
4920.662610435073	5061.22256046722	7063.294968672148	0.40285255033055906	2858.580093995796
4921.86131021837	5060.583563465891	7062.693168545713	0.4028495883619178	2858.2870871145274
4923.060010001666	5059.944566464562	7062.091319000285	0.40284662639327656	2857.9940802332594
4924.258709784964	5059.305569463233	7061.489420029771	0.4028436644246354	2857.7010733519905
4925.457409568261	5058.666572461904	7060.887471628085	0.4028407024559941	2857.408066470722
4926.656109351558	5058.0275754605755	7060.285473789137	0.4028377404873529	2857.115059589454
4927.854809134856	5057.388578459247	7059.683426506835	0.4028347987423055	2856.8220527081858
4929.053508918153	5056.749581457917	7059.08132977509	0.4028318742071809	2856.529045826917
4930.25220870145	5056.110584456588	7058.479183587808	0.40282894967205635	2856.2360389456485
4931.450908484747	5055.471587455259	7057.876987938896	0.40282602513693183	2855.9430320643805
4932.649608268044	5054.832590453931	7057.2747428222565	0.40282310060180726	2855.6500251831117
4933.8483080513415	5054.193593452602	7056.672448231799	0.4028201760666827	2855.3570183018433
4935.047007834639	5053.554596451272	7056.070104161424	0.4028172692343564	2855.0640114205753
4936.245707617936	5052.915599449943	7055.467710605034	0.4028143817631689	2854.7710045393064
4937.444407401234	5052.2766024486145	7054.86526755653	0.40281149429198143	2854.477997658038
4938.643107184531	5051.637605447286	7054.262775009813	0.402808606820794	2854.18499077677
4939.841806967828	5050.998608445957	7053.660232958784	0.4028057193496065	2853.8919838955017
4941.040506751125	5050.359611444628	7053.057641397339	0.4028028318784191	2853.598977014233
4942.239206534422	5049.7206144432985	7052.455000319374	0.4027999596366555	2853.305970132965
4943.437906317719	5049.081617441971	7051.852309718792	0.4027971088625516	2853.0129632516964
4944.636606101017	5048.442620440642	7051.24956958948	0.4027942580884477	2852.7199563704276
4945.835305884314	5047.803623439313	7050.646779925339	0.4027914073143439	2852.426949489159
4947.034005667611	5047.164626437982	7050.0439407202575	0.40278855654024	2852.133942607891
4948.232705450909	5046.525629436654	7049.441051968131	0.40278570576613615	2851.840935726623
4949.431405234205	5045.886632435326	7048.838113662852	0.40278286779498385	2851.5479288453544
4950.6301050175025	5045.247635433997	7048.235125798309	0.40278005335381656	2851.254921964086
4951.8288048008	5044.608638432668	7047.632088368389	0.40277723891264927	2850.9619150828175
4953.027504584097	5043.9696414313385	7047.029001366985	0.402774424471482	2850.6689082015487
4954.2262043673945	5043.33064443001	7046.42586478798	0.4027716100303147	2850.3759013202807
4955.424904150692	5042.691647428681	7045.8226786252635	0.4027687955891474	2850.0828944390123
4956.623603933989	5042.052650427352	7045.219442872719	0.402765991570846	2849.7898875577434
4957.822303717286	5041.413653426023	7044.616157524231	0.40276321310115065	2849.4968806764755
4959.021003500583	5040.774656424694	7044.012822573686	0.4027604346314553	2849.203873795207
4960.21970328388	5040.135659423365	7043.409438014962	0.4027576561617599	2848.9108669139387
4961.418403067178	5039.496662422036	7042.806003841943	0.40275487769206453	2848.61786003267
4962.617102850475	5038.857665420707	7042.202520048507	0.40275209922236915	2848.324853151402
4963.815802633772	5038.218668419378	7041.598986628535	0.40274932884133224	2848.0318462701334
4965.01450241707	5037.579671418049	7040.995403575906	0.4027465859843069	2847.7388393888646
4966.213202200366	5036.940674416721	7040.3917708844965	0.4027438431272815	2847.4458325075966
4967.4119019836635	5036.301677415392	7039.788088548183	0.40274110027025617	2847.152825626328
4968.610601766961	5035.662680414063	7039.184356560839	0.4027383574132308	2846.85981874506
4969.809301550258	5035.0236834127345	7038.580574916341	0.4027356145562054	2846.5668118637914
4971.0080013335555	5034.384686411405	7037.976743608561	0.40273287749900505	2846.273804982523
4972.206701116853	5033.745689410075	7037.372862631371	0.4027301698984864	2845.9807981012545
4973.40540090015	5033.106692408747	7036.768931978645	0.4027274622979678	2845.6877912199857
4974.604100683447	5032.467695407418	7036.16495164425	0.40272475469744917	2845.3947843387177
4975.802800466744	5031.82869840609	7035.560921622057	0.40272204709693055	2845.1017774574493
4977.001500250041	5031.189701404761	7034.956841905932	0.4027193394964119	2844.808770576181
4978.200200033339	5030.550704403431	7034.352712489747	0.4027166354517612	2844.5157636949125
4979.398899816636	5029.911707402102	7033.748533367363	0.4027139627542057	2844.222756813644
4980.597599599933	5029.272710400774	7033.144304532649	0.40271129005665013	2843.9297499323757
4981.796299383231	5028.633713399445	7032.540025979466	0.40270861735909463	2843.6367430511073
4982.994999166527	5027.994716398116	7031.935697701679	0.4027059446615391	2843.343736169839
4984.1936989498245	5027.355719396786	7031.33131969315	0.4027032719639836	2843.050729288571
4985.392398733122	5026.7167223954575	7030.72689194774	0.40270060062272217	2842.757722407302
4986.591098516419	5026.077725394129	7030.12241445931	0.40269796247718354	2842.4647155260336
4987.7897982997165	5025.4387283928	7029.5178872217175	0.4026953243316449	2842.171708644765
4988.988498083014	5024.799731391471	7028.913310228822	0.40269268618610626	2841.8787017634963
4990.187197866311	5024.160734390141	7028.30868347448	0.4026900480405676	2841.5856948822284
4991.3858976496085	5023.521737388813	7027.704006952548	0.402687409895029	2841.29268800096
4992.584597432905	5022.882740387485	7027.099280656881	0.40268477174949036	2840.999681119692
4993.783297216202	5022.243743386156	7026.494504581333	0.4026821670082145	2840.706674238423
4994.9819969995	5021.604746384827	7025.889678719756	0.4026795630663225	2840.4136673571547
4996.180696782797	5020.9657493834975	7025.284803066004	0.4026769591244306	2840.1206604758863
4997.379396566094	5020.326752382169	7024.679877613928	0.40267435518253863	2839.827653594618
4998.578096349392	5019.68775538084	7024.074902357374	0.40267175124064664	2839.5346467133495
4999.776796132689	5019.04875837951	7023.469877290196	0.4026691472987547	2839.241639832081
5000.975495915985	5018.409761378182	7022.86480240624	0.40266657430304703	2838.9486329508127
5002.174195699283	5017.770764376853	7022.259677699352	0.40266400421898774	2838.6556260695443
5003.37289548258	5017.131767375524	7021.654503163382	0.40266143413492844	2838.362619188276
5004.5715952658775	5016.492770374195	7021.049278792169	0.4026588640508691	2838.069612307008
5005.770295049175	5015.853773372866	7020.444004579563	0.4026562939668098	2837.776605425739
5006.968994832472	5015.2147763715375	7019.838680519402	0.4026537238827505	2837.4835985444706
5008.1676946157695	5014.575779370208	7019.233306605531	0.40265118233226854	2837.190591663202
5009.366394399066	5013.936782368879	7018.627882831789	0.40264864576276294	2836.897584781934
5010.565094182363	5013.29778536755	7018.022409192017	0.4026461091932574	2836.6045779006654
5011.763793965661	5012.658788366221	7017.416885680054	0.4026435726237518	2836.3115710193974
5012.962493748958	5012.019791364893	7016.8113122897375	0.4026410360542462	2836.018564138129
5014.161193532255	5011.380794363563	7016.205689014905	0.4026384994847406	2835.72555725686
5015.359893315553	5010.741797362234	7015.600015849391	0.4026359890811846	2835.4325503755917
5016.55859309885	5010.102800360905	7014.994292787032	0.4026334856854685	2835.1395434943233
5017.757292882146	5009.4638033595775	7014.388519821659	0.40263098228975236	2834.846536613055
5018.955992665444	5008.824806358249	7013.782696947109	0.40262847889403625	2834.553529731787
5020.154692448741	5008.185809356919	7013.17682415721	0.40262597549832013	2834.2605228505186
5021.3533922320385	5007.54681235559	7012.570901445793	0.402623472102604	2833.9675159692497
5022.552092015336	5006.907815354261	7011.964928806691	0.40262099254970185	2833.6745090879813
5023.750791798633	5006.268818352933	7011.35890623373	0.40261852198950576	2833.381502206713
5024.9494915819305	5005.629821351603	7010.752833720737	0.40261605142930973	2833.088495325445
5026.148191365227	5004.990824350274	7010.146711261542	0.40261358086911364	2832.795488444176
5027.346891148524	5004.351827348945	7009.5405388499685	0.40261111030891755	2832.502481562908
5028.545590931822	5003.7128303476165	7008.93431647984	0.40260863974872146	2832.2094746816397
5029.744290715119	5003.073833346288	7008.328044144983	0.4026061907522137	2831.916467800371
5030.942990498416	5002.434836344959	7007.721721839218	0.4026037526917425	2831.6234609191024
5032.141690281714	5001.795839343629	7007.115349556367	0.40260131463127125	2831.3304540378344
5033.340390065011	5001.1568423423005	7006.508927290251	0.4025988765708	2831.0374471565656
5034.539089848308	5000.517845340972	7005.902455034689	0.40259643851032884	2830.744440275297
5035.737789631605	4999.878848339643	7005.2959327835015	0.4025940004498576	2830.451433394029
5036.936489414902	4999.239851338314	7004.689360530503	0.4025915817174826	2830.158426512761
5038.135189198199	4998.600854336984	7004.082738269512	0.4025891758233961	2829.865419631492
5039.333888981497	4997.961857335656	7003.476065994343	0.40258676992930953	2829.572412750224
5040.532588764794	4997.322860334327	7002.869343698812	0.402584364035223	2829.2794058689556
5041.7312885480915	4996.683863332998	7002.262571376731	0.4025819581411365	2828.9863989876867
5042.929988331389	4996.044866331669	7001.655749021912	0.40257955224704994	2828.6933921064183
5044.128688114685	4995.405869330341	7001.048876628169	0.40257716348852923	2828.4003852251503
5045.327387897983	4994.766872329012	7000.441954189309	0.40257478942992253	2828.107378343882
5046.52608768128	4994.127875327683	6999.834981699144	0.40257241537131583	2827.8143714626135
5047.724787464577	4993.488878326354	6999.22795915148	0.4025700413127091	2827.521364581345
5048.923487247875	4992.849881325025	6998.620886540127	0.4025676672541024	2827.2283577000767
5050.122187031172	4992.2108843236965	6998.0137638588885	0.4025652931954957	2826.935350818808
5051.320886814469	4991.571887322367	6997.406591101571	0.4025629341225187	2826.6423439375394
5052.519586597766	4990.932890321038	6996.79936826198	0.4025605915709016	2826.3493370562715
5053.718286381063	4990.293893319709	6996.192095333918	0.4025582490192845	2826.0563301750026
5054.91698616436	4989.65489631838	6995.5847723111865	0.4025559064676674	2825.7633232937346
5056.115685947658	4989.015899317052	6994.977399187586	0.40255356391605035	2825.470316412466
5057.314385730955	4988.376902315722	6994.369975956921	0.4025512213644333	2825.177309531198
5058.513085514252	4987.737905314393	6993.762502612984	0.40254889169064345	2824.884302649929
5059.71178529755	4987.098908313064	6993.154979149578	0.40254658031992363	2824.591295768661
5060.910485080846	4986.459911311736	6992.547405560498	0.40254426894920387	2824.2982888873926
5062.109184864144	4985.820914310407	6991.939781839541	0.4025419575784841	2824.005282006124
5063.307884647441	4985.181917309077	6991.332107980503	0.4025396462077643	2823.7122751248558
5064.506584430738	4984.542920307748	6990.7243839771745	0.4025373348370445	2823.4192682435873
5065.705284214036	4983.9039233064195	6990.116609823353	0.4025350342780251	2823.1262613623185
5066.903983997333	4983.264926305091	6989.508785512827	0.40253275376448633	2822.8332544810505
5068.10268378063	4982.625929303762	6988.90091103939	0.4025304732509475	2822.540247599782
5069.301383563927	4981.986932302433	6988.292986396829	0.4025281927374087	2822.2472407185137
5070.500083347224	4981.347935301104	6987.685011578936	0.40252591222386985	2821.9542338372453
5071.698783130521	4980.708938299776	6987.076986579497	0.40252363171033106	2821.661226955977
5072.897482913819	4980.069941298447	6986.468911392299	0.40252135998359	2821.3682200747085
5074.096182697116	4979.430944297118	6985.860786011128	0.4025191100058746	2821.07521319344
5075.294882480413	4978.791947295788	6985.2526104297685	0.4025168600281592	2820.7822063121716
5076.493582263711	4978.1529502944595	6984.644384642006	0.40251461005044376	2820.4891994309032
5077.692282047007	4977.513953293131	6984.036108641621	0.4025123600727284	2820.1961925496353
5078.890981830305	4976.874956291802	6983.427782422396	0.402510110095013	2819.9031856683664
5080.089681613602	4976.235959290473	6982.819405978113	0.4025078669199695	2819.610178787098
5081.288381396899	4975.596962289143	6982.210979302548	0.40250564715905973	2819.31717190583
5082.487081180197	4974.957965287815	6981.602502389485	0.4025034273981499	2819.024165024561
5083.685780963494	4974.318968286486	6980.993975232698	0.4025012076372402	2818.7311581432928
5084.884480746791	4973.679971285157	6980.385397825964	0.4024989878763304	2818.4381512620243
5086.083180530089	4973.040974283828	6979.776770163059	0.4024967681154207	2818.1451443807555
5087.281880313385	4972.401977282499	6979.168092237756	0.40249455321339106	2817.8521374994875
5088.480580096682	4971.76298028117	6978.559364043833	0.40249236335258953	2817.5591306182196
5089.67927987998	4971.123983279841	6977.950585575057	0.40249017349178806	2817.266123736951
5090.877979663277	4970.484986278512	6977.341756825203	0.4024879836309866	2816.9731168556823
5092.076679446574	4969.845989277183	6976.732877788039	0.4024857937701851	2816.680109974414
5093.275379229872	4969.206992275854	6976.123948457338	0.4024836039093836	2816.3871030931455
5094.474079013169	4968.567995274525	6975.514968826865	0.4024814170035668	2816.094096211877
5095.6727787964655	4967.928998273197	6974.905938890388	0.40247925672847923	2815.8010893306086
5096.871478579763	4967.290001271868	6974.296858641675	0.4024770964533916	2815.5080824493402
5098.07017836306	4966.6510042705395	6973.6877280744875	0.402474936178304	2815.215075568072
5099.268878146358	4966.01200726921	6973.078547182595	0.4024727759032164	2814.9220686868034
5100.467577929655	4965.373010267881	6972.469315959755	0.4024706156281288	2814.629061805535
5101.666277712952	4964.734013266552	6971.860034399734	0.4024684564435934	2814.336054924267
5102.86497749625	4964.095016265223	6971.2507024962915	0.4024663254421098	2814.043048042998
5104.063677279546	4963.456019263895	6970.641320243187	0.40246419444062614	2813.7500411617298
5105.262377062843	4962.817022262565	6970.031887634182	0.40246206343914254	2813.457034280462
5106.461076846141	4962.178025261236	6969.422404663032	0.4024599324376589	2813.164027399193
5107.659776629438	4961.539028259907	6968.812871323495	0.40245780143617527	2812.8710205179245
5108.858476412735	4960.900031258579	6968.203287609326	0.4024556704346916	2812.5780136366566
5110.057176196033	4960.26103425725	6967.593653514284	0.4024535676621217	2812.285006755388
5111.25587597933	4959.622037255921	6966.983969032117	0.40245146562439765	2811.9919998741193
5112.4545757626265	4958.983040254592	6966.374234156583	0.40244936358667366	2811.6989929928513
5113.653275545924	4958.3440432532625	6965.7644488814285	0.40244726154894966	2811.405986111583
5114.851975329221	4957.705046251934	6965.154613200408	0.4024451595112256	2811.112979230314
5116.050675112519	4957.066049250605	6964.544727107273	0.4024430574735016	2810.8199723490457
5117.249374895816	4956.427052249276	6963.9347905957675	0.4024409815703077	2810.5269654677777
5118.448074679113	4955.788055247946	6963.324803659643	0.4024389081887478	2810.233958586509
5119.646774462411	4955.149058246618	6962.7147662926445	0.4024368348071878	2809.9409517052404
5120.845474245707	4954.51006124529	6962.104678488519	0.40243476142562784	2809.6479448239725
5122.044174029004	4953.871064243961	6961.494540241009	0.4024326880440679	2809.354937942704
5123.242873812302	4953.232067242632	6960.884351543861	0.40243061466250796	2809.061931061435
5124.441573595599	4952.5930702413025	6960.2741123908145	0.40242856536151544	2808.7689241801672
5125.640273378896	4951.954073239974	6959.663822775611	0.4024265203307546	2808.475917298899
5126.838973162194	4951.315076238645	6959.053482691994	0.40242447529999376	2808.18291041763
5128.037672945491	4950.676079237316	6958.443092133701	0.4024224302692329	2807.8899035363615
5129.2363727287875	4950.037082235987	6957.832651094471	0.40242038523847207	2807.5968966550936
5130.435072512085	4949.398085234658	6957.222159568039	0.4024183402077112	2807.3038897738247
5131.633772295382	4948.759088233329	6956.611617548146	0.4024163172435428	2807.0108828925568
5132.8324720786795	4948.120091232	6956.001025028523	0.40241430026042857	2806.7178760112884
5134.031171861977	4947.481094230671	6955.390382002907	0.4024122832773143	2806.42486913002
5135.229871645274	4946.8420972293425	6954.779688465029	0.40241026629420007	2806.131862248751
5136.428571428572	4946.203100228013	6954.168944408622	0.4024082493110858	2805.838855367483
5137.627271211869	4945.564103226684	6953.55814982742	0.4024062323279716	2805.5458484862147
5138.825970995165	4944.925106225355	6952.947304715148	0.4024042354370347	2805.252841604946
5140.024670778463	4944.286109224026	6952.3364090655405	0.4024022462006104	2804.959834723678
5141.22337056176	4943.647112222698	6951.72546287232	0.4024002569641861	2804.6668278424095
5142.422070345057	4943.008115221368	6951.114466129218	0.40239826772776177	2804.373820961141
5143.620770128355	4942.369118220039	6950.503418829959	0.40239627849133747	2804.080814079872
5144.819469911652	4941.73012121871	6949.892320968267	0.40239428925491316	2803.7878071986042
5146.018169694949	4941.091124217382	6949.281172537867	0.4023923181753872	2803.494800317336
5147.216869478246	4940.452127216054	6948.669973532481	0.40239035638687504	2803.2017934360674
5148.415569261543	4939.813130214724	6948.058723945832	0.40238839459836284	2802.908786554799
5149.6142690448405	4939.174133213395	6947.4474237716395	0.4023864328098507	2802.6157796735306
5150.812968828138	4938.535136212066	6946.836073003624	0.4023844710213385	2802.3227727922617
5152.011668611435	4937.896139210738	6946.224671635504	0.40238250923282637	2802.029765910994
5153.2103683947325	4937.257142209409	6945.613219660997	0.40238056370464875	2801.7367590297254
5154.40906817803	4936.618145208079	6945.001717073818	0.40237862906743044	2801.443752148457
5155.607767961326	4935.97914820675	6944.390163867686	0.40237669443021207	2801.1507452671885
5156.806467744624	4935.3401512054215	6943.778560036314	0.4023747597929937	2800.85773838592
5158.005167527921	4934.701154204093	6943.1669055734155	0.4023728251557753	2800.5647315046517
5159.203867311218	4934.062157202764	6942.555200472703	0.402370890518557	2800.271724623383
5160.402567094516	4933.423160201434	6941.943444727886	0.4023689702834114	2799.978717742115
5161.601266877813	4932.7841632001055	6941.331638332679	0.40236706250301396	2799.6857108608465
5162.79996666111	4932.145166198777	6940.719781280787	0.4023651547226165	2799.392703979578
5163.998666444407	4931.506169197448	6940.10787356592	0.4023632469422191	2799.0996970983097
5165.197366227704	4930.86717219612	6939.495915181789	0.40236133916182165	2798.8066902170413
5166.3960660110015	4930.228175194789	6938.883906122092	0.4023594313814242	2798.513683335773
5167.594765794299	4929.5891781934615	6938.271846380544	0.4023575361827278	2798.2206764545044
5168.793465577596	4928.950181192132	6937.659735950839	0.40235565496680525	2797.927669573236
5169.9921653608935	4928.311184190803	6937.047574826687	0.40235377375088277	2797.6346626919676
5171.190865144191	4927.672187189474	6936.435363001788	0.40235189253496023	2797.3416558106987
5172.389564927487	4927.0331901881455	6935.823100469843	0.40235001131903775	2797.048648929431
5173.588264710785	4926.394193186817	6935.210787224553	0.4023481301031152	2796.7556420481624
5174.786964494082	4925.755196185488	6934.598423259615	0.402346259686006	2796.4626351668944
5175.985664277379	4925.116199184159	6933.986008568729	0.40234440474432365	2796.1696282856255
5177.184364060677	4924.47720218283	6933.373543145589	0.4023425498026413	2795.876621404357
5178.383063843974	4923.8382051815015	6932.761026983892	0.4023406948609589	2795.5836145230887
5179.581763627271	4923.199208180172	6932.148460077334	0.40233883991927655	2795.2906076418203
5180.780463410568	4922.560211178843	6931.535842419607	0.4023369849775942	2794.997600760552
5181.979163193865	4921.921214177514	6930.923174004406	0.4023351390889184	2794.704593879284
5183.1778629771625	4921.282217176185	6930.31045482542	0.40233331013333423	2794.411586998015
5184.37656276046	4920.643220174857	6929.697684876342	0.4023314811777501	2794.1185801167467
5185.575262543757	4920.004223173527	6929.084864150857	0.4023296522221659	2793.8255732354783
5186.7739623270545	4919.365226172198	6928.471992642659	0.40232782326658173	2793.53256635421
5187.972662110352	4918.726229170869	6927.859070345431	0.4023259943109976	2793.2395594729414
5189.171361893649	4918.087232169541	6927.246097252863	0.4023241726992971	2792.946552591673
5190.370061676946	4917.448235168213	6926.63307335864	0.40232236944374816	2792.653545710405
5191.568761460243	4916.809238166882	6926.019998656441	0.40232056618819917	2792.360538829136
5192.76746124354	4916.170241165554	6925.406873139957	0.4023187629326502	2792.067531947868
5193.966161026838	4915.5312441642245	6924.793696802862	0.4023169596771012	2791.7745250665994
5195.164860810135	4914.892247162897	6924.180469638846	0.40231515642155224	2791.481518185331
5196.363560593432	4914.253250161567	6923.56719164158	0.4023133588370535	2791.1885113040626
5197.56226037673	4913.614253160237	6922.95386280475	0.40231158099753833	2790.895504422794
5198.760960160026	4912.975256158909	6922.340483122032	0.4023098031580231	2790.602497541526
5199.9596599433235	4912.336259157581	6921.727052587102	0.40230802531850796	2790.3094906602573
5201.158359726621	4911.697262156252	6921.113571193636	0.40230624747899274	2790.016483778989
5202.357059509918	4911.058265154923	6920.500038935308	0.4023044696394776	2789.723476897721
5203.5557592932155	4910.419268153593	6919.886455805795	0.40230269583407846	2789.430470016452
5204.754459076513	4909.7802711522645	6919.272821798766	0.40230094312864007	2789.1374631351837
5205.95315885981	4909.141274150936	6918.659136907896	0.40229919042320167	2788.8444562539153
5207.151858643107	4908.502277149607	6918.045401126852	0.4022974377177633	2788.5514493726473
5208.350558426404	4907.863280148278	6917.431614449306	0.4022956850123249	2788.2584424913784
5209.549258209701	4907.224283146948	6916.8177768689275	0.40229393230688654	2787.9654356101105
5210.747957992999	4906.58528614562	6916.203888379382	0.4022921820341439	2787.672428728842
5211.946657776296	4905.946289144291	6915.589948974337	0.4022904541828558	2787.379421847573
5213.145357559593	4905.307292142962	6914.9759586474565	0.40228872633156776	2787.086414966305
5214.344057342891	4904.668295141633	6914.361917392407	0.40228699848027966	2786.7934080850364
5215.542757126187	4904.0292981403045	6913.7478252028495	0.4022852706289916	2786.500401203768
5216.741456909484	4903.390301138975	6913.133682072447	0.4022835427777035	2786.2073943225
5217.940156692782	4902.751304137647	6912.519487994864	0.4022818157928227	2785.9143874412316
5219.138856476079	4902.112307136317	6911.905242963753	0.4022801125177718	2785.621380559963
5220.3375562593765	4901.473310134989	6911.290946972782	0.40227840924272085	2785.3283736786943
5221.536256042674	4900.834313133659	6910.676600015601	0.4022767059676699	2785.035366797426
5222.734955825971	4900.19531613233	6910.062202085875	0.402275002692619	2784.742359916158
5223.933655609268	4899.556319131002	6909.447753177253	0.40227329941756806	2784.4493530348896
5225.132355392565	4898.917322129673	6908.833253283394	0.4022715961425172	2784.156346153621
5226.331055175862	4898.2783251283445	6908.218702397949	0.4022699165026613	2783.8633392723527
5227.52975495916	4897.639328127015	6907.604100514573	0.40226823752793284	2783.570332391084
5228.728454742457	4897.000331125686	6906.9894476269155	0.4022665585532043	2783.2773255098155
5229.927154525754	4896.361334124357	6906.374743728629	0.40226487957847584	2782.9843186285475
5231.125854309052	4895.722337123028	6905.759988813364	0.4022632006037474	2782.691311747279
5232.324554092349	4895.0833401217	6905.145182874766	0.4022615216290189	2782.39830486601
5233.523253875645	4894.44434312037	6904.530325906485	0.4022598645183981	2782.1052979847423
5234.721953658943	4893.805346119041	6903.915417902167	0.4022582095700595	2781.812291103474
5235.92065344224	4893.166349117712	6903.300458855457	0.40225655462172083	2781.519284222205
5237.119353225537	4892.527352116384	6902.685448759998	0.4022548996733821	2781.226277340937
5238.318053008835	4891.888355115055	6902.070387609437	0.4022532447250435	2780.9332704596686
5239.516752792132	4891.249358113726	6901.455275397411	0.4022515897767048	2780.6402635784
5240.7154525754295	4890.610361112396	6900.840112117565	0.4022499549573638	2780.3472566971313
5241.914152358726	4889.971364111068	6900.22489776354	0.40224832376344977	2780.0542498158634
5243.112852142023	4889.33236710974	6899.60963232897	0.40224669256953577	2779.761242934595
5244.311551925321	4888.69337010841	6898.9943158074975	0.40224506137562177	2779.4682360533266
5245.510251708618	4888.054373107081	6898.378948192759	0.4022434301817077	2779.175229172058
5246.708951491915	4887.415376105751	6897.763529478389	0.4022417989877937	2778.8822222907897
5247.907651275213	4886.7763791044235	6897.148059658022	0.4022401862233631	2778.589215409521
5249.10635105851	4886.137382103094	6896.532538725292	0.40223857851386097	2778.2962085282525
5250.305050841806	4885.498385101766	6895.916966673835	0.4022369708043589	2778.0032016469845
5251.503750625104	4884.859388100437	6895.301343497277	0.40223536309485675	2777.7101947657166
5252.702450408401	4884.2203910991075	6894.685669189254	0.4022337553853546	2777.4171878844477
5253.901150191698	4883.581394097779	6894.069943743392	0.40223214767585247	2777.1241810031793
5255.099849974996	4882.94239709645	6893.454167153321	0.4022305567315368	2776.831174121911
5256.298549758293	4882.303400095121	6892.838339412667	0.40222897223837006	2776.538167240642
5257.4972495415905	4881.664403093792	6892.222460515059	0.4022273877452033	2776.245160359374
5258.695949324887	4881.025406092463	6891.606530454118	0.40222580325203655	2775.9521534781056
5259.894649108184	4880.386409091134	6890.990549223472	0.4022242187588698	2775.659146596837
5261.093348891482	4879.747412089805	6890.374516816744	0.40222263426570304	2775.366139715569
5262.292048674779	4879.108415088476	6889.758433227555	0.40222106490827025	2775.0731328343004
5263.490748458076	4878.4694180871475	6889.142298449527	0.4022195033652849	2774.780125953032
5264.689448241374	4877.830421085818	6888.526112476277	0.4022179418222995	2774.4871190717636
5265.888148024671	4877.191424084489	6887.90987530143	0.4022163802793141	2774.194112190495
5267.086847807967	4876.552427083161	6887.293586918597	0.40221481873632875	2773.901105309227
5268.285547591265	4875.913430081832	6886.677247321399	0.40221325719334333	2773.6080984279583
5269.484247374562	4875.274433080503	6886.060856503449	0.4022117091911131	2773.31509154669
5270.682947157859	4874.635436079174	6885.444414458365	0.4022101703340614	2773.0220846654215
5271.881646941157	4873.996439077844	6884.827921179759	0.40220863147700975	2772.7290777841536
5273.080346724454	4873.357442076516	6884.211376661244	0.40220709261995813	2772.4360709028847
5274.279046507751	4872.7184450751865	6883.59478089643	0.40220555376290645	2772.1430640216163
5275.477746291048	4872.079448073859	6882.97813387893	0.40220401490585483	2771.8500571403483
5276.676446074345	4871.440451072529	6882.36143560235	0.4022024880286879	2771.5570502590795
5277.875145857643	4870.8014540712	6881.744686060302	0.40220097159521556	2771.264043377811
5279.07384564094	4870.162457069871	6881.127885246391	0.40219945516174316	2770.971036496543
5280.272545424237	4869.523460068543	6880.511033154225	0.4021979387282708	2770.6780296152742
5281.471245207535	4868.884463067214	6879.894129777406	0.40219642229479846	2770.385022734006
5282.669944990832	4868.245466065884	6879.2771751095415	0.40219490586132606	2770.0920158527374
5283.868644774129	4867.606469064555	6878.660169144232	0.4021933998806134	2769.799008971469
5285.067344557426	4866.9674720632265	6878.04311187508	0.4021919056102432	2769.5060020902006
5286.266044340723	4866.328475061898	6877.426003295689	0.40219041133987304	2769.2129952089326
5287.46474412402	4865.689478060569	6876.8088433996545	0.4021889170695029	2768.919988327664
5288.663443907318	4865.050481059239	6876.191632180579	0.40218742279913267	2768.6269814463953
5289.862143690615	4864.4114840579105	6875.574369632059	0.4021859285287625	2768.333974565127
5291.060843473912	4863.772487056582	6874.95705574769	0.40218444321741387	2768.0409676838585
5292.25954325721	4863.133490055253	6874.3396905210675	0.40218297085153226	2767.74796080259
5293.458243040506	4862.494493053925	6873.722273945789	0.40218149848565066	2767.4549539213217
5294.656942823804	4861.855496052595	6873.104806015444	0.40218002611976905	2767.1619470400537
5295.855642607101	4861.2164990512665	6872.487286723627	0.40217855375388745	2766.8689401587853
5297.054342390398	4860.577502049937	6871.8697160639285	0.40217708138800584	2766.5759332775165
5298.253042173696	4859.938505048609	6871.25209402994	0.40217561652043965	2766.282926396248
5299.451741956993	4859.299508047279	6870.634420615249	0.4021741658022825	2765.98991951498
5300.65044174029	4858.66051104595	6870.016695813447	0.40217271508412533	2765.6969126337112
5301.849141523587	4858.021514044622	6869.398919618116	0.4021712643659682	2765.403905752443
5303.047841306884	4857.382517043293	6868.781092022845	0.402169813647811	2765.110898871175
5304.246541090181	4856.743520041964	6868.163213021217	0.40216836292965386	2764.8178919899065
5305.445240873479	4856.104523040635	6867.54528260682	0.40216691828178597	2764.5248851086376
5306.643940656776	4855.465526039306	6866.927300773233	0.4021654889564229	2764.2318782273696
5307.842640440073	4854.826529037977	6866.309267514038	0.40216405963105983	2763.938871346101
5309.041340223371	4854.187532036648	6865.691182822816	0.4021626303056967	2763.6458644648324
5310.240040006667	4853.548535035319	6865.073046693148	0.40216120098033364	2763.3528575835644
5311.4387397899645	4852.90953803399	6864.45485911861	0.4021597716549706	2763.059850702296
5312.637439573262	4852.270541032662	6863.83662009278	0.4021583470042036	2762.766843821027
5313.836139356559	4851.631544031332	6863.218329609238	0.4021569388185263	2762.473836939759
5315.034839139857	4850.992547030003	6862.599987661554	0.40215553063284903	2762.1808300584908
5316.233538923154	4850.353550028674	6861.981594243307	0.40215412244717175	2761.8878231772223
5317.432238706451	4849.714553027346	6861.363149348065	0.40215271426149446	2761.5948162959535
5318.630938489748	4849.075556026018	6860.744652969407	0.40215130607581717	2761.3018094146855
5319.829638273045	4848.436559024688	6860.126105100896	0.4021499012010309	2761.008802533417
5321.028338056342	4847.797562023359	6859.507505736108	0.402148513903737	2760.7157956521482
5322.22703783964	4847.15856502203	6858.888854868607	0.40214712660644314	2760.4227887708803
5323.425737622937	4846.519568020702	6858.270152491965	0.4021457393091493	2760.129781889612
5324.624437406234	4845.880571019373	6857.651398599747	0.40214435201185544	2759.836775008343
5325.823137189532	4845.241574018043	6857.032593185519	0.40214296471456157	2759.5437681270746
5327.021836972828	4844.602577016714	6856.413736242846	0.4021415793961012	2759.2507612458066
5328.2205367561255	4843.963580015386	6855.7948277652895	0.40214021273768213	2758.9577543645382
5329.419236539423	4843.324583014057	6855.175867746414	0.40213884607926315	2758.66474748327
5330.61793632272	4842.685586012728	6854.55685617978	0.4021374794208441	2758.3717406020014
5331.8166361060175	4842.046589011398	6853.937793058948	0.4021361127624251	2758.078733720733
5333.015335889315	4841.4075920100695	6853.318678377477	0.40213474610400607	2757.785726839464
5334.214035672612	4840.768595008741	6852.699512128926	0.4021333801236731	2757.492719958196
5335.41273545591	4840.129598007412	6852.080294306851	0.4021320338563993	2757.1997130769278
5336.611435239206	4839.490601006083	6851.461024904808	0.4021306875891255	2756.9067061956594
5337.810135022503	4838.851604004753	6850.841703916353	0.4021293413218517	2756.613699314391
5339.008834805801	4838.212607003425	6850.222331335039	0.4021279950545779	2756.3206924331225
5340.207534589098	4837.573610002096	6849.602907154419	0.4021266487873041	2756.027685551854
5341.406234372395	4836.934613000767	6848.983431368044	0.4021253025200303	2755.7346786705853
5342.604934155693	4836.295615999438	6848.363903969467	0.4021239758062526	2755.4416717893173
5343.80363393899	4835.656618998109	6847.744324952234	0.40212264968416	2755.148664908049
5345.0023337222865	4835.017621996781	6847.124694309897	0.40212132356206737	2754.8556580267805
5346.201033505584	4834.378624995452	6846.505012036001	0.4021199974399748	2754.562651145512
5347.399733288881	4833.739627994123	6845.885278124093	0.40211867131788215	2754.2696442642437
5348.5984330721785	4833.100630992794	6845.265492567718	0.40211734519578957	2753.9766373829752
5349.797132855476	4832.461633991465	6844.64565536042	0.4021160371438564	2753.683630501707
5350.995832638773	4831.822636990136	6844.0257664957435	0.4021147309227338	2753.3906236204384
5352.194532422071	4831.183639988806	6843.405825967227	0.4021134247016112	2753.09761673917
5353.393232205367	4830.544642987478	6842.785833768418	0.40211211848048856	2752.8046098579016
5354.591931988664	4829.9056459861495	6842.1657898928515	0.40211081225936596	2752.511602976633
5355.790631771962	4829.26664898482	6841.545694334066	0.4021095060382433	2752.218596095365
5356.989331555259	4828.627651983491	6840.9255470856015	0.4021082164360009	2751.9255892140964
5358.188031338556	4827.988654982162	6840.305348140992	0.40210692987337576	2751.632582332828
5359.386731121854	4827.349657980833	6839.685097493776	0.40210564331075066	2751.3395754515595
5360.585430905151	4826.710660979505	6839.064795137485	0.4021043567481255	2751.046568570291
5361.7841306884475	4826.071663978175	6838.444441065655	0.40210307018550034	2750.7535616890227
5362.982830471745	4825.432666976846	6837.824035271818	0.40210178362287524	2750.4605548077543
5364.181530255042	4824.793669975517	6837.203577749504	0.4021005122595712	2750.167547926486
5365.3802300383395	4824.1546729741885	6836.583068492244	0.4020992451146964	2749.8745410452175
5366.578929821637	4823.51567597286	6835.962507493566	0.4020979779698216	2749.581534163949
5367.777629604934	4822.87667897153	6835.341894747001	0.4020967108249468	2749.2885272826807
5368.9763293882315	4822.237681970201	6834.721230246071	0.402095443680072	2748.9955204014123
5370.175029171528	4821.598684968873	6834.100513984307	0.4020941765351972	2748.702513520144
5371.373728954825	4820.959687967545	6833.47974595523	0.40209292320147155	2748.4095066388754
5372.572428738123	4820.320690966216	6832.858926152366	0.4020916752353129	2748.1164997576075
5373.77112852142	4819.681693964886	6832.238054569237	0.4020904272691542	2747.8234928763386
5374.969828304717	4819.042696963557	6831.617131199362	0.4020891793029956	2747.53048599507
5376.168528088015	4818.4036999622285	6830.996156036266	0.4020879313368369	2747.237479113802
5377.367227871312	4817.7647029609	6830.375129073464	0.40208668337067827	2746.9444722325334
5378.5659276546085	4817.125705959571	6829.754050304478	0.4020854478585535	2746.651465351265
5379.764627437906	4816.486708958242	6829.132919722823	0.40208421883377665	2746.358458469997
5380.963327221203	4815.8477119569125	6828.511737322016	0.4020829898089998	2746.0654515887286
5382.1620270045005	4815.208714955584	6827.890503095572	0.402081760784223	2745.7724447074597
5383.360726787798	4814.569717954255	6827.269217037004	0.4020805317594462	2745.4794378261913
5384.559426571095	4813.930720952926	6826.647879139827	0.40207930273466935	2745.186430944923
5385.7581263543925	4813.291723951597	6826.02648939755	0.40207808483754065	2744.8934240636545
5386.95682613769	4812.652726950268	6825.405047803685	0.40207687451849794	2744.600417182386
5388.155525920986	4812.013729948939	6824.783554351742	0.4020756641994553	2744.307410301118
5389.354225704284	4811.37473294761	6824.162009035229	0.4020744538804126	2744.0144034198493
5390.552925487581	4810.735735946281	6823.5404118476545	0.4020732435613699	2743.721396538581
5391.751625270878	4810.096738944952	6822.918762782523	0.4020720332423272	2743.4283896573124
5392.950325054176	4809.457741943623	6822.297061833342	0.40207083275517674	2743.1353827760445
5394.149024837473	4808.818744942294	6821.675308993614	0.4020696409083153	2742.8423758947756
5395.34772462077	4808.179747940965	6821.053504256844	0.40206844906145395	2742.549369013507
5396.546424404067	4807.641545529563	6820.465465905517	0.4020672572145926	2742.2885229291905
5397.745124187364	4807.223663200645	6819.917777574758	0.40206606536773115	2742.0660676924854
5398.9438239706615	4806.805780871727	6819.370081992241	0.4020648735208698	2741.8436124557797
5400.142523753959	4806.387898542809	6818.8223791578175	0.40206369024417243	2741.6211572190746
5401.341223537256	4805.970016213891	6818.274669071347	0.40206251664610776	2741.398701982369
5402.5399233205535	4805.552133884972	6817.726951732681	0.40206134304804314	2741.176246745664
5403.738623103851	4805.134251556054	6817.17922714168	0.40206016944997847	2740.9537915089586
5404.937322887147	4804.716369227136	6816.631495298199	0.4020589958519138	2740.7313362722534
5406.136022670445	4804.298486898218	6816.0837562020915	0.4020578222538492	2740.508881035548
5407.334722453742	4803.8806045693	6815.536009853217	0.40205665600032686	2740.2864257988426
5408.533422237039	4803.4627222403815	6814.98825625143	0.4020555004476435	2740.063970562137
5409.732122020337	4803.044839911464	6814.440495396584	0.4020543448949601	2739.841515325432
5410.930821803634	4802.6269575825445	6813.892727288538	0.4020531893422767	2739.6190600887267
5412.129521586931	4802.209075253627	6813.344951927146	0.4020520337895933	2739.396604852021
5413.328221370228	4801.791192924708	6812.797169312266	0.40205087823690994	2739.174149615316
5414.526921153525	4801.373310595791	6812.249379443751	0.40204972883495455	2738.9516943786107
5415.725620936822	4800.955428266872	6811.7015823214615	0.4020485911426165	2738.729239141905
5416.92432072012	4800.537545937955	6811.153777945249	0.4020474534502784	2738.5067839052
5418.123020503417	4800.119663609036	6810.605966314971	0.40204631575794036	2738.2843286684943
5419.3217202867145	4799.701781280119	6810.0581474304845	0.40204517806560236	2738.061873431789
5420.520420070012	4799.283898951199	6809.510321291642	0.4020440403732643	2737.839418195084
5421.719119853308	4798.866016622282	6808.962487898303	0.40204290766546447	2737.6169629583787
5422.917819636606	4798.448134293363	6808.414647250323	0.4020417876642258	2737.394507721673
5424.116519419903	4798.030251964446	6807.866799347556	0.4020406676629872	2737.172052484968
5425.3152192032	4797.612369635527	6807.31894418986	0.40203954766174854	2736.9495972482623
5426.513918986498	4797.1944873066095	6806.7710817770885	0.4020384276605099	2736.727142011557
5427.712618769795	4796.776604977691	6806.2232121091	0.40203730765927126	2736.504686774852
5428.911318553092	4796.3587226487725	6805.675335185747	0.40203619149976383	2736.2822315381463
5430.110018336389	4795.940840319855	6805.127451006891	0.40203508903034835	2736.059776301441
5431.308718119686	4795.522957990936	6804.57955957238	0.40203398656093287	2735.837321064736
5432.507417902983	4795.105075662018	6804.031660882077	0.4020328840915174	2735.614865828031
5433.706117686281	4794.6871933331	6803.483754935834	0.4020317816221019	2735.3924105913256
5434.904817469578	4794.269311004182	6802.935841733509	0.4020306791526864	2735.16995535462
5436.1035172528755	4793.851428675264	6802.387921274955	0.402029579402566	2734.947500117915
5437.302217036173	4793.433546346345	6801.83999356003	0.40202849430839105	2734.7250448812097
5438.50091681947	4793.015664017427	6801.29205858859	0.40202740921421615	2734.502589644504
5439.699616602767	4792.597781688509	6800.74411636049	0.40202632412004125	2734.280134407799
5440.898316386064	4792.179899359591	6800.196166875588	0.4020252390258663	2734.0576791710937
5442.097016169361	4791.762017030673	6799.648210133737	0.4020241539316914	2733.835223934388
5443.295715952659	4791.344134701755	6799.1002461347925	0.40202307045415536	2733.612768697683
5444.494415735956	4790.926252372837	6798.552274878614	0.4020220025804279	2733.3903134609777
5445.693115519253	4790.508370043919	6798.004296365053	0.4020209347067005	2733.167858224272
5446.891815302551	4790.090487715001	6797.456310593967	0.4020198668329731	2732.945402987567
5448.090515085847	4789.672605386083	6796.908317565214	0.40201879895924564	2732.7229477508617
5449.289214869144	4789.2547230571645	6796.360317278647	0.40201773108551825	2732.500492514156
5450.487914652442	4788.836840728246	6795.812309734122	0.4020166637452945	2732.278037277451
5451.686614435739	4788.418958399328	6795.264294931497	0.40201561294148225	2732.0555820407453
5452.885314219036	4788.00107607041	6794.716272870626	0.40201456213767	2731.83312680404
5454.084014002334	4787.583193741492	6794.168243551365	0.40201351133385776	2731.610671567335
5455.282713785631	4787.165311412573	6793.620206973569	0.4020124605300455	2731.3882163306293
5456.481413568928	4786.747429083656	6793.072163137096	0.4020114097262333	2731.165761093924
5457.680113352225	4786.329546754737	6792.5241120418	0.40201035892242104	2730.943305857219
5458.878813135522	4785.911664425819	6791.976053687538	0.40200932451276084	2730.7208506205134
5460.07751291882	4785.493782096901	6791.427988074164	0.40200829063405763	2730.498395383808
5461.276212702117	4785.075899767983	6790.879915201537	0.4020072567553544	2730.2759401471026
5462.474912485414	4784.658017439065	6790.331835069509	0.4020062228766512	2730.0534849103974
5463.673612268712	4784.240135110147	6789.783747677938	0.402005188997948	2729.8310296736922
5464.872312052008	4783.822252781229	6789.235653026679	0.4020041551192448	2729.608574436987
5466.071011835305	4783.40437045231	6788.687551115587	0.4020031364474265	2729.3861192002814
5467.269711618603	4782.986488123392	6788.1394419445205	0.4020021193532896	2729.1636639635763
5468.4684114019	4782.568605794474	6787.591325513332	0.4020011022591527	2728.9412087268706
5469.667111185197	4782.1507234655555	6787.04320182188	0.4020000851650158	2728.7187534901655
5470.865810968495	4781.732841136638	6786.495070870018	0.4019990680708789	2728.4962982534603
5472.064510751792	4781.314958807719	6785.946932657603	0.40199805097674196	2728.2738430167547
5473.263210535089	4780.897076478802	6785.39878718449	0.4019970479213991	2728.0513877800495
5474.461910318386	4780.479194149883	6784.850634450536	0.40199604747315126	2727.8289325433443
5475.660610101683	4780.061311820965	6784.302474455595	0.4019950470249034	2727.6064773066387
5476.859309884981	4779.643429492046	6783.754307199524	0.40199404657665555	2727.3840220699335
5478.058009668278	4779.225547163129	6783.2061326821795	0.4019930461284077	2727.161566833228
5479.256709451575	4778.80766483421	6782.657950903415	0.40199204568015984	2726.9391115965227
5480.455409234873	4778.389782505293	6782.109761863087	0.4019910581207	2726.7166563598175
5481.65410901817	4777.971900176373	6781.561565561051	0.4019900741805804	2726.4942011231124
5482.852808801466	4777.554017847457	6781.013361997167	0.4019890902404608	2726.271745886407
5484.051508584764	4777.136135518537	6780.465151171283	0.40198810630034115	2726.049290649702
5485.250208368061	4776.71825318962	6779.916933083259	0.40198712236022155	2725.8268354129964
5486.448908151358	4776.300370860701	6779.368707732952	0.4019861384201019	2725.604380176291
5487.647607934656	4775.882488531784	6778.820475120215	0.4019851662366629	2725.381924939586
5488.846307717953	4775.464606202865	6778.2722352449055	0.4019841986678076	2725.1594697028804
5490.04500750125	4775.0467238739475	6777.723988106877	0.40198323109895234	2724.9370144661752
5491.243707284547	4774.628841545029	6777.175733705988	0.40198226353009703	2724.71455922947
5492.442407067844	4774.210959216111	6776.627472042093	0.4019812959612417	2724.4921039927644
5493.641106851142	4773.793076887192	6776.079203115045	0.4019803283923864	2724.2696487560593
5494.839806634439	4773.375194558274	6775.5309269247045	0.40197937146582985	2724.0471935193536
5496.038506417736	4772.957312229356	6774.982643470923	0.40197842013226487	2723.8247382826485
5497.237206201034	4772.539429900438	6774.43435275356	0.40197746879869983	2723.6022830459433
5498.435905984331	4772.12154757152	6773.886054772467	0.4019765174651348	2723.3798278092377
5499.634605767627	4771.703665242602	6773.3377495275045	0.4019755661315698	2723.1573725725325
5500.833305550925	4771.285782913684	6772.789437018524	0.4019746147980048	2722.9349173358273
5502.032005334222	4770.867900584765	6772.24111724538	0.4019736730099113	2722.7124620991217
5503.230705117519	4770.450018255847	6771.692790207934	0.40197273777654624	2722.4900068624165
5504.429404900817	4770.032135926929	6771.144455906037	0.40197180254318116	2722.2675516257113
5505.628104684114	4769.614253598011	6770.596114339547	0.401970867309816	2722.0450963890057
5506.826804467411	4769.196371269093	6770.047765508317	0.40196993207645093	2721.8226411523005
5508.025504250708	4768.778488940175	6769.499409412206	0.40196899684308585	2721.6001859155954
5509.224204034005	4768.360606611257	6768.951046051066	0.4019680700757504	2721.3777306788897
5510.4229038173025	4767.942724282338	6768.402675424755	0.40196715080837225	2721.1552754421846
5511.6216036006	4767.52484195342	6767.854297533128	0.4019662315409941	2720.932820205479
5512.820303383897	4767.1069596245015	6767.305912376041	0.4019653122736159	2720.710364968774
5514.019003167195	4766.689077295584	6766.75751995335	0.40196439300623776	2720.4879097320686
5515.217702950492	4766.2711949666655	6766.20912026491	0.4019634737388596	2720.265454495363
5516.416402733788	4765.853312637748	6765.660713310576	0.40196256187528684	2720.042999258658
5517.615102517086	4765.435430308829	6765.112299090203	0.401961658440554	2719.8205440219526
5518.813802300383	4765.017547979912	6764.56387760365	0.4019607550058211	2719.598088785247
5520.01250208368	4764.599665650992	6764.015448850769	0.40195985157108827	2719.375633548542
5521.211201866978	4764.181783322075	6763.467012831416	0.4019589481363554	2719.1531783118367
5522.409901650275	4763.763900993156	6762.918569545449	0.40195804470162255	2718.930723075131
5523.608601433572	4763.346018664239	6762.370118992721	0.4019571476255218	2718.708267838426
5524.807301216869	4762.92813633532	6761.821661173089	0.40195625989095685	2718.4858126017207
5526.006001000166	4762.510254006403	6761.273196086408	0.4019553721563919	2718.263357365015
5527.2047007834635	4762.092371677484	6760.724723732534	0.40195448442182685	2718.04090212831
5528.403400566761	4761.674489348566	6760.1762441113215	0.4019535966872619	2717.8184468916043
5529.602100350058	4761.256607019647	6759.627757222628	0.40195270895269686	2717.595991654899
5530.800800133356	4760.83872469073	6759.079263066308	0.40195182654847783	2717.373536418194
5531.999499916653	4760.420842361811	6758.530761642215	0.4019509543824626	2717.1510811814887
5533.19819969995	4760.0029600328935	6757.982252950209	0.40195008221644735	2716.9286259447836
5534.396899483247	4759.585077703975	6757.433736990142	0.4019492100504321	2716.7061707080784
5535.595599266544	4759.167195375057	6756.8852137618715	0.40194833788441686	2716.4837154713728
5536.794299049841	4758.749313046139	6756.336683265252	0.4019474657184016	2716.2612602346676
5537.992998833139	4758.33143071722	6755.788145500137	0.4019465978711695	2716.0388049979624
5539.191698616436	4757.913548388302	6755.239600466386	0.40194574114293763	2715.816349761257
5540.390398399733	4757.495666059384	6754.6910481638515	0.40194488441470577	2715.5938945245516
5541.589098183031	4757.077783730466	6754.1424885923925	0.4019440276864739	2715.371439287846
5542.787797966327	4756.659901401548	6753.593921751861	0.40194317095824206	2715.148984051141
5543.9864977496245	4756.24201907263	6753.045347642114	0.4019423142300102	2714.9265288144356
5545.185197532922	4755.824136743712	6752.496766263008	0.4019414608255612	2714.70407357773
5546.383897316219	4755.406254414793	6751.948177614393	0.40194061940519354	2714.481618341025
5547.5825970995165	4754.988372085875	6751.399581696133	0.4019397779848259	2714.2591631043197
5548.781296882814	4754.570489756957	6750.850978508077	0.4019389365644583	2714.036707867614
5549.979996666111	4754.152607428039	6750.3023680500855	0.4019380951440906	2713.814252630909
5551.178696449408	4753.734725099121	6749.753750322008	0.401937253723723	2713.5917973942037
5552.377396232705	4753.316842770203	6749.205125323706	0.40193641464853996	2713.369342157498
5553.576096016002	4752.8989604412845	6748.656493055032	0.401935588406957	2713.146886920793
5554.7747957993	4752.481078112366	6748.1078535158385	0.40193476216537405	2712.9244316840877
5555.973495582597	4752.063195783448	6747.559206705987	0.4019339359237911	2712.701976447382
5557.172195365894	4751.64531345453	6747.01055262533	0.40193310968220813	2712.479521210677
5558.370895149192	4751.2274311256115	6746.461891273723	0.4019322834406252	2712.2570659739713
5559.569594932488	4750.809548796694	6745.913222651021	0.40193145858187246	2712.034610737266
5560.7682947157855	4750.391666467775	6745.3645467570805	0.4019306473908291	2711.812155500561
5561.966994499083	4749.973784138858	6744.815863591758	0.40192983619978573	2711.5897002638553
5563.16569428238	4749.555901809939	6744.267173154905	0.40192902500874234	2711.36724502715
5564.3643940656775	4749.138019481021	6743.718475446381	0.40192821381769894	2711.144789790445
5565.563093848975	4748.720137152102	6743.169770466038	0.4019274026266556	2710.9223345537393
5566.761793632272	4748.302254823185	6742.6210582137355	0.40192659187217505	2710.699879317034
5567.960493415569	4747.884372494266	6742.072338689326	0.4019257956042555	2710.477424080329
5569.159193198866	4747.466490165349	6741.523611892665	0.401924999336336	2710.2549688436234
5570.357892982163	4747.04860783643	6740.974877823611	0.4019242030684165	2710.032513606918
5571.556592765461	4746.630725507513	6740.426136482014	0.401923406800497	2709.8100583702126
5572.755292548758	4746.212843178593	6739.877387867733	0.40192261053257744	2709.5876031335074
5573.953992332055	4745.794960849676	6739.328631980623	0.40192181426465795	2709.3651478968022
5575.152692115353	4745.377078520757	6738.779868820541	0.40192103229949444	2709.1426926600966
5576.351391898649	4744.9591961918395	6738.231098387339	0.4019202508281041	2708.9202374233914
5577.5500916819465	4744.541313862921	6737.682320680875	0.40191946935671374	2708.6977821866863
5578.748791465244	4744.123431534003	6737.133535701004	0.4019186878853234	2708.4753269499806
5579.947491248541	4743.705549205085	6736.584743447579	0.40191790641393305	2708.2528717132755
5581.1461910318385	4743.287666876167	6736.035943920459	0.4019171249425427	2708.0304164765703
5582.344890815136	4742.869784547248	6735.487137119495	0.4019163567335732	2707.807961239865
5583.543590598433	4742.45190221833	6734.938323044548	0.4019155899329353	2707.58550600316
5584.7422903817305	4742.034019889412	6734.389501695469	0.4019148231322974	2707.3630507664543
5585.940990165027	4741.616137560494	6733.840673072116	0.4019140563316595	2707.140595529749
5587.139689948324	4741.198255231576	6733.291837174343	0.4019132895310216	2706.918140293044
5588.338389731622	4740.780372902658	6732.742994002005	0.40191252273038375	2706.695685056339
5589.537089514919	4740.36249057374	6732.194143554959	0.40191176816826624	2706.473229819633
5590.735789298216	4739.944608244821	6731.645285833056	0.4019110159134138	2706.250774582928
5591.934489081514	4739.526725915903	6731.096420836157	0.40191026365856136	2706.0283193462224
5593.133188864811	4739.108843586985	6730.5475485641155	0.40190951140370895	2705.805864109517
5594.331888648107	4738.690961258067	6729.998669016786	0.40190875914885654	2705.583408872812
5595.530588431405	4738.273078929149	6729.449782194025	0.4019080068940041	2705.3609536361064
5596.729288214702	4737.855196600231	6728.900888095686	0.40190726587005154	2705.138498399401
5597.9279879979995	4737.437314271313	6728.351986721626	0.40190652803682375	2704.916043162696
5599.126687781297	4737.0194319423945	6727.803078071699	0.401905790203596	2704.6935879259904
5600.325387564594	4736.601549613476	6727.254162145761	0.4019050523703682	2704.4711326892852
5601.5240873478915	4736.1836672845575	6726.705238943668	0.40190431453714043	2704.2486774525796
5602.722787131188	4735.76578495564	6726.156308465275	0.40190357670391264	2704.0262222158744
5603.921486914485	4735.347902626721	6725.607370710438	0.40190284911008745	2703.8037669791693
5605.120186697783	4734.930020297804	6725.058425679009	0.4019021255751222	2703.5813117424636
5606.31888648108	4734.512137968885	6724.509473370847	0.40190140204015706	2703.3588565057585
5607.517586264377	4734.094255639968	6723.960513785806	0.4019006785051919	2703.1364012690533
5608.716286047675	4733.676373311048	6723.41154692374	0.40189995497022674	2702.9139460323477
5609.914985830972	4733.258490982131	6722.8625727845065	0.4018992314352616	2702.6914907956425
5611.113685614268	4732.840608653212	6722.313591367961	0.4018985171641715	2702.4690355589373
5612.312385397566	4732.422726324295	6721.764602673957	0.4018978078049008	2702.2465803222317
5613.511085180863	4732.004843995376	6721.21560670235	0.4018970984456301	2702.0241250855265
5614.7097849641605	4731.586961666459	6720.666603452996	0.4018963890863594	2701.8016698488213
5615.908484747458	4731.16907933754	6720.117592925751	0.4018956797270887	2701.5792146121157
5617.107184530755	4730.751197008622	6719.568575120467	0.40189497036781796	2701.3567593754105
5618.3058843140525	4730.333314679703	6719.019550037003	0.40189426931271244	2701.134304138705
5619.504584097349	4729.9154323507855	6718.470517675214	0.40189357400735637	2700.9118489019997
5620.703283880646	4729.497550021867	6717.921478034952	0.4018928787020003	2700.6893936652946
5621.901983663944	4729.079667692949	6717.372431116076	0.40189218339664423	2700.466938428589
5623.100683447241	4728.661785364031	6716.82337691844	0.4018914880912881	2700.244483191884
5624.299383230538	4728.243903035113	6716.274315441899	0.40189079278593204	2700.0220279551786
5625.498083013836	4727.826020706195	6715.7252466863065	0.40189010484069754	2699.799572718473
5626.696782797133	4727.408138377276	6715.176170651519	0.40188942346825884	2699.577117481768
5627.895482580429	4726.990256048359	6714.627087337396	0.40188874209582015	2699.3546622450626
5629.094182363727	4726.57237371944	6714.077996743785	0.40188806072338146	2699.132207008357
5630.292882147024	4726.154491390522	6713.528898870547	0.4018873793509427	2698.909751771652
5631.491581930321	4725.736609061604	6712.979793717536	0.401886697978504	2698.6872965349467
5632.690281713619	4725.318726732686	6712.430681284605	0.4018860230376599	2698.4648412982415
5633.888981496916	4724.900844403768	6711.881561571611	0.4018853554779182	2698.2423860615363
5635.0876812802135	4724.48296207485	6711.3324345784085	0.40188468791817655	2698.0199308248307
5636.286381063511	4724.065079745931	6710.7833003048545	0.40188402035843485	2697.7974755881255
5637.485080846807	4723.647197417014	6710.2341587508035	0.4018833527986932	2697.5750203514203
5638.683780630105	4723.229315088095	6709.68500991611	0.4018826852389515	2697.3525651147147
5639.882480413402	4722.8114327591775	6709.135853800629	0.401882023197646	2697.1301098780095
5641.081180196699	4722.393550430259	6708.586690404216	0.4018813693311527	2696.9076546413044
5642.279879979997	4721.975668101341	6708.037519726728	0.40188071546465937	2696.6851994045987
5643.478579763294	4721.557785772422	6707.488341768015	0.401880061598166	2696.4627441678936
5644.677279546591	4721.139903443504	6706.9391565279375	0.4018794077316727	2696.240288931188
5645.875979329888	4720.722021114586	6706.389964006349	0.40187875386517935	2696.0178336944828
5647.074679113185	4720.304138785668	6705.840764203105	0.40187810461918566	2695.7953784577776
5648.273378896482	4719.88625645675	6705.291557118061	0.40187746432725846	2695.5729232210724
5649.47207867978	4719.468374127832	6704.742342751069	0.4018768240353313	2695.350467984367
5650.670778463077	4719.050491798914	6704.19312110199	0.40187618374340417	2695.1280127476616
5651.8694782463745	4718.632609469996	6703.643892170673	0.40187554345147697	2694.905557510956
5653.068178029672	4718.214727141077	6703.094655956976	0.4018749031595498	2694.683102274251
5654.266877812968	4717.79684481216	6702.545412460755	0.4018742666052617	2694.4606470375456
5655.465577596266	4717.378962483241	6701.996161681864	0.40187363976997825	2694.23819180084
5656.664277379563	4716.961080154323	6701.446903620159	0.40187301293469474	2694.015736564135
5657.86297716286	4716.543197825405	6700.897638275494	0.4018723860994113	2693.7932813274297
5659.061676946158	4716.125315496487	6700.348365647725	0.4018717592641278	2693.570826090724
5660.260376729455	4715.7074331675685	6699.799085736706	0.40187113242884437	2693.348370854019
5661.459076512752	4715.28955083865	6699.249798542292	0.40187050846327194	2693.1259156173132
5662.657776296049	4714.871668509732	6698.700504064342	0.40186989496746645	2692.903460380608
5663.856476079346	4714.453786180814	6698.151202302706	0.40186928147166096	2692.681005143903
5665.055175862643	4714.0359038518955	6697.601893257244	0.4018686679758554	2692.4585499071977
5666.253875645941	4713.618021522978	6697.0525769278065	0.4018680544800499	2692.236094670492
5667.452575429238	4713.200139194059	6696.503253314251	0.40186744098424443	2692.013639433787
5668.651275212535	4712.782256865142	6695.953922416432	0.40186682950501124	2691.7911841970813
5669.849974995833	4712.364374536223	6695.404584234205	0.4018662292322673	2691.568728960376
5671.048674779129	4711.946492207306	6694.855238767425	0.40186562895952327	2691.346273723671
5672.247374562427	4711.528609878387	6694.305886015947	0.40186502868677926	2691.1238184869653
5673.446074345724	4711.110727549469	6693.756525979626	0.40186442841403525	2690.90136325026
5674.644774129021	4710.69284522055	6693.207158658317	0.4018638281412913	2690.678908013555
5675.843473912319	4710.274962891633	6692.657784051876	0.40186322904662897	2690.4564527768493
5677.042173695616	4709.857080562714	6692.108402160156	0.4018626418812751	2690.233997540144
5678.240873478913	4709.439198233797	6691.559012983015	0.4018620547159211	2690.0115423034385
5679.439573262211	4709.021315904877	6691.009616520305	0.4018614675505672	2689.7890870667334
5680.638273045507	4708.6034335759605	6690.460212771885	0.4018608803852132	2689.566631830028
5681.836972828804	4708.185551247041	6689.910801737607	0.4018602932198593	2689.344176593323
5683.035672612102	4707.7676689181235	6689.361383417326	0.4018597064086045	2689.121721356618
5684.234372395399	4707.349786589205	6688.811957810898	0.40185913223570957	2688.8992661199127
5685.433072178696	4706.931904260287	6688.262524918178	0.4018585580628146	2688.676810883207
5686.631771961994	4706.514021931369	6687.713084739022	0.40185798388991967	2688.454355646502
5687.830471745291	4706.09613960245	6687.163637273281	0.4018574097170247	2688.2319004097963
5689.0291715285875	4705.678257273533	6686.614182520818	0.40185683554412976	2688.009445173091
5690.227871311885	4705.260374944614	6686.064720481479	0.4018562613712348	2687.786989936386
5691.426571095182	4704.842492615696	6685.515251155124	0.40185569962108697	2687.5645346996807
5692.62527087848	4704.424610286778	6684.965774541609	0.4018551383264534	2687.342079462975
5693.823970661777	4704.00672795786	6684.416290640785	0.40185457703181987	2687.11962422627
5695.022670445074	4703.588845628942	6683.86679945251	0.40185401573718627	2686.8971689895643
5696.221370228372	4703.170963300024	6683.317300976639	0.4018534544425527	2686.674713752859
5697.420070011668	4702.753080971106	6682.767795213026	0.40185289314791917	2686.452258516154
5698.618769794965	4702.335198642188	6682.218282161527	0.4018523433671829	2686.229803279449
5699.817469578263	4701.917316313269	6681.668761821994	0.40185179483734257	2686.007348042743
5701.01616936156	4701.499433984351	6681.119234194286	0.40185124630750224	2685.784892806038
5702.214869144857	4701.081551655433	6680.569699278256	0.4018506977776619	2685.5624375693324
5703.413568928155	4700.6636693265145	6680.02015707376	0.4018501492478216	2685.339982332627
5704.612268711452	4700.245786997597	6679.470607580652	0.40184960071798126	2685.1175270959216
5705.8109684947485	4699.8279046686785	6678.921050798787	0.40184906280800914	2684.8950718592164
5707.009668278046	4699.410022339761	6678.371486728021	0.4018485269302192	2684.672616622511
5708.208368061343	4698.9921400108415	6677.821915368207	0.4018479910524293	2684.450161385806
5709.407067844641	4698.574257681924	6677.272336719203	0.4018474551746394	2684.2277061491004
5710.605767627938	4698.156375353005	6676.722750780861	0.40184691929684946	2684.0052509123952
5711.804467411235	4697.738493024088	6676.173157553038	0.40184638341905954	2683.7827956756896
5713.003167194533	4697.320610695169	6675.623557035589	0.4018458572817874	2683.5603404389844
5714.201866977829	4696.902728366252	6675.073949228367	0.4018453339440229	2683.3378852022793
5715.400566761126	4696.484846037333	6674.52433413123	0.40184481060625843	2683.115429965574
5716.599266544424	4696.066963708416	6673.974711744029	0.4018442872684939	2682.8929747288685
5717.797966327721	4695.649081379496	6673.425082066621	0.40184376393072946	2682.6705194921633
5718.996666111018	4695.231199050579	6672.875445098862	0.40184324059296495	2682.4480642554577
5720.195365894316	4694.81331672166	6672.3258008406065	0.4018427261309092	2682.2256090187525
5721.394065677613	4694.395434392743	6671.776149291707	0.4018422152218597	2682.003153782047
5722.5927654609095	4693.977552063824	6671.2264904520225	0.40184170431281024	2681.7806985453417
5723.791465244207	4693.5596697349065	6670.676824321406	0.4018411934037608	2681.5582433086365
5724.990165027504	4693.141787405988	6670.1271508997115	0.40184068249471133	2681.3357880719313
5726.1888648108015	4692.7239050770695	6669.577470186793	0.4018401715856618	2681.1133328352257
5727.387564594099	4692.306022748151	6669.027782182508	0.4018396687019163	2680.8908775985205
5728.586264377396	4691.888140419233	6668.478086886713	0.4018391701109815	2680.668422361815
5729.784964160694	4691.470258090315	6667.928384299257	0.40183867152004676	2680.4459671251097
5730.983663943991	4691.052375761397	6667.378674420001	0.40183817292911195	2680.2235118884046
5732.182363727287	4690.634493432479	6666.828957248796	0.4018376743381772	2680.0010566516994
5733.381063510585	4690.216611103561	6666.279232785499	0.4018371757472424	2679.7786014149942
5734.579763293882	4689.798728774642	6665.729501029962	0.4018366843454735	2679.556146178289
5735.778463077179	4689.380846445724	6665.179761982044	0.40183619796275605	2679.3336909415834
5736.977162860477	4688.962964116806	6664.630015641598	0.40183571158003867	2679.1112357048783
5738.175862643774	4688.545081787888	6664.080262008478	0.4018352251973213	2678.8887804681726
5739.374562427071	4688.12719945897	6663.53050108254	0.4018347388146039	2678.6663252314675
5740.573262210368	4687.709317130052	6662.980732863637	0.40183425243188653	2678.4438699947623
5741.771961993665	4687.291434801134	6662.4309573516275	0.40183377241633	2678.221414758057
5742.9706617769625	4686.873552472216	6661.881174546365	0.40183329813263297	2677.9989595213515
5744.16936156026	4686.455670143297	6661.3313844477	0.401832823848936	2677.7765042846463
5745.368061343557	4686.037787814379	6660.781587055494	0.40183234956523894	2677.5540490479407
5746.5667611268545	4685.619905485461	6660.231782369598	0.4018318752815419	2677.3315938112355
5747.765460910152	4685.202023156543	6659.681970389869	0.40183140099784487	2677.1091385745303
5748.964160693448	4684.7841408276245	6659.13215111616	0.4018309322733026	2676.8866833378247
5750.162860476746	4684.366258498707	6658.582324548326	0.40183046998012306	2676.6642281011195
5751.361560260043	4683.948376169788	6658.032490686222	0.4018300076869436	2676.4417728644144
5752.56026004334	4683.53049384087	6657.482649529703	0.40182954539376414	2676.2193176277087
5753.758959826638	4683.112611511951	6656.932801078625	0.4018290831005847	2675.9968623910036
5754.957659609935	4682.694729183034	6656.38294533284	0.4018286208074052	2675.774407154298
5756.156359393232	4682.276846854115	6655.833082292207	0.40182816327924087	2675.5519519175928
5757.355059176529	4681.858964525198	6655.283211956577	0.4018277128687659	2675.3294966808876
5758.553758959826	4681.441082196279	6654.733334325808	0.40182726245829087	2675.1070414441824
5759.7524587431235	4681.023199867362	6654.183449399753	0.4018268120478159	2674.884586207477
5760.951158526421	4680.605317538443	6653.633557178266	0.4018263616373409	2674.6621309707716
5762.149858309718	4680.187435209525	6653.083657661202	0.40182591122686595	2674.439675734066
5763.3485580930155	4679.769552880606	6652.533750848416	0.4018254648010018	2674.217220497361
5764.547257876313	4679.351670551689	6651.983836739766	0.401825026166103	2673.994765260655
5765.745957659609	4678.93378822277	6651.433915335103	0.40182458753120426	2673.77231002395
5766.944657442907	4678.5159058938525	6650.883986634284	0.4018241488963055	2673.549854787245
5768.143357226204	4678.098023564934	6650.334050637162	0.40182371026140673	2673.3273995505397
5769.342057009501	4677.680141236016	6649.784107343592	0.401823271626508	2673.104944313834
5770.540756792799	4677.262258907097	6649.2341567534295	0.4018228362094212	2672.882489077129
5771.739456576096	4676.844376578179	6648.684198866529	0.401822409243651	2672.6600338404232
5772.938156359393	4676.426494249261	6648.1342336827465	0.40182198227788074	2672.437578603718
5774.13685614269	4676.008611920343	6647.584261201935	0.40182155531211045	2672.215123367013
5775.335555925987	4675.590729591425	6647.03428142395	0.4018211283463402	2671.9926681303077
5776.5342557092845	4675.172847262507	6646.484294348647	0.40182070138056997	2671.770212893602
5777.732955492582	4674.754964933589	6645.934299975879	0.4018202768792894	2671.547757656897
5778.931655275879	4674.33708260467	6645.384298305502	0.4018198614768751	2671.3253024201913
5780.1303550591765	4673.919200275752	6644.83428933737	0.40181944607446085	2671.102847183486
5781.329054842474	4673.501317946834	6644.28427307134	0.4018190306720466	2670.880391946781
5782.527754625771	4673.083435617916	6643.734249507264	0.4018186152696323	2670.657936710076
5783.726454409068	4672.665553288998	6643.1842186449985	0.40181819986721806	2670.4354814733706
5784.925154192365	4672.24767096008	6642.634180484398	0.4018177861893201	2670.2130262366654
5786.123853975662	4671.829788631162	6642.084135025315	0.40181738224516034	2669.99057099996
5787.32255375896	4671.411906302244	6641.534082267607	0.4018169783010005	2669.7681157632546
5788.521253542257	4670.994023973325	6640.984022211126	0.40181657435684065	2669.545660526549
5789.719953325554	4670.576141644407	6640.43395485573	0.4018161704126808	2669.323205289844
5790.918653108852	4670.158259315489	6639.883880201272	0.40181576646852096	2669.1007500531387
5792.117352892148	4669.7403769865705	6639.333798247607	0.40181536352212666	2668.8782948164335
5793.3160526754455	4669.322494657653	6638.7837089945915	0.40181497093178614	2668.655839579728
5794.514752458743	4668.904612328734	6638.233612442075	0.40181457834144557	2668.4333843430227
5795.71345224204	4668.486729999817	6637.683508589917	0.40181418575110506	2668.210929106317
5796.9121520253375	4668.068847670897	6637.1333974379695	0.4018137931607645	2667.988473869612
5798.110851808635	4667.65096534198	6636.58327898609	0.4018134005704239	2667.7660186329063
5799.309551591932	4667.233083013061	6636.033153234131	0.4018130082641953	2667.543563396201
5800.508251375229	4666.815200684144	6635.483020181949	0.40181262692390035	2667.321108159496
5801.706951158526	4666.397318355225	6634.932879829397	0.4018122455836054	2667.0986529227907
5802.905650941823	4665.979436026308	6634.382732176329	0.4018118642433104	2666.876197686085
5804.104350725121	4665.561553697389	6633.832577222602	0.40181148290301544	2666.65374244938
5805.303050508418	4665.143671368471	6633.282414968067	0.40181110156272043	2666.4312872126743
5806.501750291715	4664.725789039552	6632.732245412584	0.4018107202224255	2666.208831975969
5807.700450075013	4664.307906710635	6632.182068556004	0.40181034961249	2665.986376739264
5808.899149858309	4663.890024381716	6631.631884398183	0.40180997941912305	2665.763921502559
5810.097849641606	4663.4721420527985	6631.081692938976	0.40180960922575615	2665.541466265853
5811.296549424904	4663.05425972388	6630.531494178234	0.40180923903238924	2665.319011029148
5812.495249208201	4662.636377394962	6629.981288115818	0.4018088688390223	2665.0965557924424
5813.6939489914985	4662.218495066044	6629.4310747515765	0.4018084986456554	2664.874100555737
5814.892648774796	4661.800612737125	6628.880854085366	0.4018081383923547	2664.6516453190316
5816.091348558093	4661.382730408207	6628.330626117044	0.401807779243453	2664.4291900823264
5817.29004834139	4660.964848079289	6627.780390846463	0.40180742009455134	2664.206734845621
5818.488748124687	4660.546965750371	6627.230148273478	0.40180706094564966	2663.984279608916
5819.687447907984	4660.129083421453	6626.679898397943	0.401806701796748	2663.7618243722104
5820.886147691282	4659.711201092535	6626.1296412197125	0.40180634264784626	2663.5393691355052
5822.084847474579	4659.293318763617	6625.579376738641	0.4018059926620922	2663.3169138987996
5823.283547257876	4658.875436434699	6625.029104954584	0.4018056444558392	2663.0944586620944
5824.482247041174	4658.45755410578	6624.478825867396	0.4018052962495863	2662.8720034253893
5825.68094682447	4658.039671776862	6623.928539476933	0.40180494804333333	2662.649548188684
5826.879646607767	4657.621789447944	6623.378245783046	0.40180459983708033	2662.4270929519785
5828.078346391065	4657.203907119027	6622.827944785593	0.4018042516308274	2662.2046377152733
5829.277046174362	4656.786024790108	6622.277636484427	0.40180391182405467	2661.9821824785677
5830.4757459576595	4656.36814246119	6621.727320879402	0.40180357445927767	2661.7597272418625
5831.674445740957	4655.950260132272	6621.176997970374	0.4018032370945006	2661.5372720051573
5832.873145524254	4655.5323778033535	6620.626667757195	0.4018028997297236	2661.314816768452
5834.0718453075515	4655.114495474435	6620.0763302397245	0.4018025623649466	2661.092361531747
5835.270545090848	4654.696613145517	6619.525985417813	0.40180222500016954	2660.869906295042
5836.469244874145	4654.278730816599	6618.975633291316	0.401801895284333	2660.647451058336
5837.667944657443	4653.860848487681	6618.42527386009	0.40180156866049904	2660.424995821631
5838.86664444074	4653.442966158763	6617.874907123985	0.4018012420366651	2660.2025405849254
5840.065344224037	4653.025083829845	6617.324533082861	0.40180091541283114	2659.98008534822
5841.264044007335	4652.607201500926	6616.774151736568	0.4018005887889972	2659.757630111515
5842.462743790632	4652.189319172008	6616.223763084964	0.40180026216516324	2659.5351748748094
5843.661443573928	4651.77143684309	6615.673367127901	0.4017999424527339	2659.3127196381042
5844.860143357226	4651.353554514172	6615.122963865236	0.4017996264699449	2659.090264401399
5846.058843140523	4650.935672185254	6614.572553296822	0.4017993104871558	2658.8678091646934
5847.25754292382	4650.517789856336	6614.022135422512	0.40179899450436674	2658.6453539279883
5848.456242707118	4650.099907527418	6613.471710242165	0.40179867852157763	2658.4228986912826
5849.654942490415	4649.6820251985	6612.92127775563	0.4017983625387886	2658.2004434545775
5850.8536422737125	4649.264142869581	6612.370837962765	0.40179805274275027	2657.9779882178723
5852.052342057009	4648.846260540664	6611.820390863426	0.40179774730173784	2657.755532981167
5853.251041840306	4648.4283782117445	6611.269936457463	0.40179744186072536	2657.5330777444615
5854.449741623604	4648.010495882827	6610.719474744735	0.4017971364197129	2657.3106225077563
5855.648441406901	4647.592613553908	6610.169005725093	0.40179683097870045	2657.0881672710507
5856.847141190198	4647.174731224991	6609.618529398393	0.40179652553768797	2656.8657120343455
5858.045840973496	4646.756848896072	6609.0680457644885	0.40179622557153427	2656.64325679764
5859.244540756793	4646.338966567154	6608.5175548232355	0.40179593057365676	2656.4208015609347
5860.443240540089	4645.921084238236	6607.967056574489	0.4017956355757793	2656.1983463242295
5861.641940323387	4645.503201909318	6607.416551018102	0.4017953405779018	2655.9758910875244
5862.840640106684	4645.085319580399	6606.86603815393	0.4017950455800243	2655.7534358508187
5864.039339889981	4644.667437251482	6606.315517981825	0.4017947505821468	2655.5309806141136
5865.238039673279	4644.249554922563	6605.764990501646	0.40179446035987804	2655.308525377408
5866.436739456576	4643.831672593646	6605.214455713242	0.4017941757071159	2655.0860701407028
5867.635439239873	4643.413790264727	6604.663913616472	0.4017938910543537	2654.8636149039976
5868.83413902317	4642.99590793581	6604.113364211189	0.4017936064015915	2654.6411596672924
5870.032838806467	4642.57802560689	6603.5628074972465	0.40179332174882937	2654.418704430587
5871.231538589765	4642.160143277973	6603.0122434745	0.4017930370960672	2654.1962491938816
5872.430238373062	4641.742260949054	6602.461672142804	0.40179275653218705	2653.973793957176
5873.628938156359	4641.3243786201365	6601.911093502013	0.4017924821271381	2653.751338720471
5874.827637939657	4640.906496291218	6601.36050755198	0.40179220772208907	2653.5288834837656
5876.026337722954	4640.4886139623	6600.80991429256	0.40179193331704005	2653.30642824706
5877.225037506251	4640.070731633381	6600.259313723608	0.40179165891199103	2653.083973010355
5878.423737289548	4639.652849304464	6599.708705844982	0.401791384506942	2652.8615177736497
5879.622437072845	4639.234966975545	6599.15809065653	0.40179111351645436	2652.639062536944
5880.821136856142	4638.817084646627	6598.6074681581085	0.40179084926232966	2652.416607300239
5882.01983663944	4638.399202317709	6598.056838349575	0.40179058500820497	2652.1941520635337
5883.218536422737	4637.981319988791	6597.50620123078	0.40179032075408033	2651.9716968268285
5884.417236206034	4637.563437659873	6596.95555680158	0.40179005649995564	2651.7492415901233
5885.615935989332	4637.145555330954	6596.404905061828	0.40178979224583095	2651.5267863534177
5886.814635772628	4636.727673002037	6595.854246011382	0.4017895307442364	2651.3043311167125
5888.013335555926	4636.309790673118	6595.303579650092	0.4017892765448563	2651.0818758800074
5889.212035339223	4635.8919083442	6594.752905977814	0.4017890223454762	2650.8594206433017
5890.41073512252	4635.474026015282	6594.202224994404	0.4017887681460961	2650.6369654065966
5891.609434905818	4635.056143686364	6593.651536699714	0.401788513946716	2650.414510169891
5892.808134689115	4634.638261357446	6593.1008410936	0.4017882597473359	2650.1920549331858
5894.006834472412	4634.2203790285275	6592.550138175914	0.4017880076506292	2649.9695996964806
5895.205534255709	4633.80249669961	6591.999427946515	0.40178776341042016	2649.7471444597754
5896.404234039006	4633.3846143706905	6591.448710405251	0.4017875191702111	2649.52468922307
5897.602933822303	4632.966732041773	6590.897985551983	0.40178727493000205	2649.3022339863646
5898.801633605601	4632.5488497128545	6590.3472533865615	0.401787030689793	2649.079778749659
5900.000333388898	4632.130967383937	6589.796513908842	0.40178678644958393	2648.857323512954
5901.199033172195	4631.713085055018	6589.245767118678	0.4017865436742512	2648.6348682762487
5902.397732955493	4631.295202726101	6588.695013015925	0.4017863092982393	2648.412413039543
5903.596432738789	4630.877320397182	6588.144251600436	0.4017860749222273	2648.189957802838
5904.7951325220865	4630.459438068265	6587.593482872067	0.40178584054621536	2647.9675025661327
5905.993832305384	4630.041555739345	6587.04270683067	0.4017856061702034	2647.745047329427
5907.192532088681	4629.623673410428	6586.491923476103	0.40178537179419144	2647.522592092722
5908.391231871979	4629.205791081509	6585.941132808215	0.4017851382572056	2647.3001368560167
5909.589931655276	4628.787908752592	6585.390334826867	0.40178491365101426	2647.077681619311
5910.788631438573	4628.370026423673	6584.839529531908	0.40178468904482295	2646.855226382606
5911.98733122187	4627.952144094756	6584.288716923194	0.40178446443863164	2646.6327711459007
5913.186031005167	4627.534261765837	6583.737897000581	0.4017842398324403	2646.410315909195
5914.384730788464	4627.116379436919	6583.18706976392	0.401784015226249	2646.18786067249
5915.583430571762	4626.698497108	6582.636235213067	0.40178379084506793	2645.9654054357843
5916.782130355059	4626.2806147790825	6582.085393347878	0.4017835759149139	2645.742950199079
5917.980830138356	4625.862732450164	6581.534544168206	0.40178336098476	2645.520494962374
5919.179529921654	4625.444850121246	6580.983687673904	0.40178314605460597	2645.2980397256683
5920.37822970495	4625.026967792328	6580.432823864828	0.401782931124452	2645.075584488963
5921.5769294882475	4624.60908546341	6579.881952740832	0.40178271619429806	2644.853129252258
5922.775629271545	4624.191203134492	6579.331074301769	0.40178250126414405	2644.6306740155524
5923.974329054842	4623.773320805573	6578.780188547494	0.4017822955395506	2644.408218778847
5925.1730288381395	4623.355438476655	6578.229295477862	0.4017820901922396	2644.1857635421416
5926.371728621437	4622.937556147737	6577.678395092728	0.40178188484492855	2643.9633083054364
5927.570428404734	4622.519673818819	6577.127487391944	0.40178167949761756	2643.740853068731
5928.769128188032	4622.101791489901	6576.576572375366	0.4017814741503066	2643.5183978320256
5929.967827971328	4621.683909160983	6576.025650042848	0.40178126880299553	2643.2959425953204
5931.166527754625	4621.266026832065	6575.4747203942425	0.40178107197795493	2643.0734873586157
5932.365227537923	4620.848144503146	6574.923783429406	0.4017808761208764	2642.85103212191
5933.56392732122	4620.430262174228	6574.372839148191	0.4017806802637978	2642.628576885205
5934.762627104517	4620.01237984531	6573.821887550455	0.40178048440671926	2642.4061216484997
5935.961326887815	4619.594497516392	6573.270928636048	0.4017802885496407	2642.183666411794
5937.160026671112	4619.1766151874735	6572.719962404828	0.40178009269256215	2641.961211175089
5938.3587264544085	4618.758732858556	6572.168988856646	0.40177990468654967	2641.7387559383837
5939.557426237706	4618.3408505296375	6571.618007991358	0.4017797182276753	2641.516300701678
5940.756126021003	4617.92296820072	6571.06701980882	0.4017795317688009	2641.293845464973
5941.9548258043005	4617.5050858718005	6570.51602430888	0.4017793453099265	2641.0713902282673
5943.153525587598	4617.087203542883	6569.965021491401	0.4017791588510521	2640.848934991562
5944.352225370895	4616.669321213964	6569.414011356229	0.4017789723921777	2640.626479754857
5945.550925154193	4616.251438885047	6568.8629939032235	0.40177879312513687	2640.4040245181513
5946.749624937489	4615.833556556128	6568.311969132237	0.4017786159730145	2640.181569281446
5947.948324720786	4615.415674227211	6567.760937043125	0.40177843882089215	2639.959114044741
5949.147024504084	4614.997791898292	6567.20989763574	0.4017782616687698	2639.7366588080354
5950.345724287381	4614.579909569374	6566.658850909935	0.4017780845166474	2639.51420357133
5951.544424070678	4614.162027240455	6566.107796865568	0.40177790736452507	2639.291748334625
5952.743123853976	4613.744144911538	6565.556735502489	0.4017777367568652	2639.0692930979194
5953.941823637273	4613.326262582619	6565.005666820556	0.40177756882061594	2638.846837861214
5955.1405234205695	4612.908380253702	6564.454590819621	0.40177740088436664	2638.624382624509
5956.339223203867	4612.490497924783	6563.90350749954	0.4017772329481174	2638.4019273878034
5957.537922987164	4612.0726155958655	6563.352416860165	0.4017770650118681	2638.1794721510983
5958.7366227704615	4611.654733266947	6562.801318901351	0.40177689707561887	2637.9570169143926
5959.935322553759	4611.2368509380285	6562.250213622952	0.4017767350482124	2637.7345616776875
5961.134022337056	4610.81896860911	6561.699101024822	0.4017765762375269	2637.5121064409823
5962.3327221203535	4610.401086280192	6561.1479811068175	0.40177641742684145	2637.2896512042767
5963.53142190365	4609.983203951274	6560.5968538687885	0.40177625861615596	2637.0671959675715
5964.730121686947	4609.565321622356	6560.045719310593	0.4017760998054705	2636.8447407308663
5965.928821470245	4609.147439293438	6559.494577432083	0.40177594099478503	2636.6222854941607
5967.127521253542	4608.72955696452	6558.943428233114	0.4017757874689645	2636.3998302574555
5968.326221036839	4608.311674635601	6558.392271713537	0.4017756376940987	2636.1773750207503
5969.524920820137	4607.893792306683	6557.841107873211	0.40177548791923284	2635.9549197840447
5970.723620603434	4607.475909977765	6557.289936711987	0.40177533814436706	2635.7324645473395
5971.9223203867305	4607.058027648847	6556.73875822972	0.40177518836950127	2635.5100093106344
5973.121020170028	4606.640145319929	6556.1875724262645	0.4017750385946354	2635.2875540739287
5974.319719953325	4606.222262991011	6555.636379301473	0.4017748934921903	2635.0650988372236
5975.5184197366225	4605.804380662093	6555.085178855201	0.40177475266396134	2634.842643600518
5976.71711951992	4605.386498333174	6554.533971087302	0.40177461183573243	2634.6201883638128
5977.915819303217	4604.968616004256	6553.98275599763	0.40177447100750346	2634.3977331271076
5979.1145190865145	4604.550733675338	6553.431533586042	0.40177433017927455	2634.175277890402
5980.313218869812	4604.13285134642	6552.880303852387	0.4017741893510456	2633.952822653697
5981.511918653108	4603.714969017502	6552.329066796524	0.4017740525942198	2633.730367416992
5982.710618436406	4603.2970866885835	6551.777822418305	0.40177392062400324	2633.5079121802864
5983.909318219703	4602.879204359666	6551.226570717581	0.40177378865378666	2633.2854569435813
5985.108018003	4602.461322030747	6550.675311694213	0.40177365668357007	2633.063001706876
5986.306717786298	4602.043439701829	6550.124045348047	0.40177352471335354	2632.8405464701705
5987.505417569595	4601.62555737291	6549.572771678943	0.40177339274313695	2632.6180912334653
5988.704117352892	4601.207675043993	6549.021490686754	0.401773264254626	2632.3956359967597
5989.902817136189	4600.789792715074	6548.470202371334	0.4017731410543509	2632.1731807600545
5991.101516919486	4600.371910386157	6547.918906732536	0.4017730178540758	2631.9507255233493
5992.3002167027835	4599.954028057238	6547.3676037702135	0.4017728946538007	2631.7282702866437
5993.498916486081	4599.536145728321	6546.816293484223	0.4017727714535257	2631.5058150499385
5994.697616269378	4599.118263399401	6546.264975874415	0.4017726482532506	2631.2833598132333
5995.8963160526755	4598.700381070484	6545.713650940648	0.40177252795619856	2631.0609045765277
5997.095015835973	4598.282498741565	6545.162318682773	0.40177241343834463	2630.8384493398225
5998.293715619269	4597.864616412648	6544.610979100646	0.4017722989204907	2630.6159941031174
5999.492415402567	4597.446734083729	6544.059632194119	0.4017721844026368	2630.3935388664117
6000.691115185864	4597.0288517548115	6543.5082779630475	0.40177206988478287	2630.1710836297066
6001.889814969161	4596.610969425893	6542.956916407285	0.40177195536692895	2629.9486283930014
6003.088514752459	4596.1930870969745	6542.405547526683	0.40177184318492604	2629.7261731562958
6004.287214535756	4595.775204768056	6541.854171321101	0.4017717372625196	2629.5037179195906
6005.485914319053	4595.357322439138	6541.302787790389	0.4017716313401132	2629.281262682885
6006.68461410235	4594.93944011022	6540.751396934403	0.4017715254177067	2629.05880744618
6007.883313885647	4594.521557781302	6540.199998752996	0.4017714194953003	2628.8363522094746
6009.0820136689445	4594.103675452384	6539.648593246021	0.40177131357289386	2628.613896972769
6010.280713452242	4593.685793123466	6539.097180413335	0.40177120942997335	2628.391441736064
6011.479413235539	4593.267910794548	6538.545760254789	0.40177111201658344	2628.1689864993587
6012.6781130188365	4592.850028465629	6537.994332770238	0.40177101460319353	2627.946531262653
6013.876812802134	4592.432146136711	6537.442897959536	0.4017709171898037	2627.724076025948
6015.07551258543	4592.014263807793	6536.891455822538	0.40177081977641377	2627.5016207892427
6016.274212368728	4591.596381478875	6536.340006359097	0.40177072236302386	2627.279165552537
6017.472912152025	4591.178499149957	6535.788549569068	0.4017706261836594	2627.056710315832
6018.671611935322	4590.760616821039	6535.237085452303	0.4017705371933951	2626.8342550791263
6019.87031171862	4590.342734492121	6534.6856140086575	0.4017704482031309	2626.611799842421
6021.069011501917	4589.924852163203	6534.134135237984	0.40177035921286663	2626.389344605716
6022.267711285214	4589.506969834284	6533.5826491401385	0.40177027022260237	2626.1668893690103
6023.466411068511	4589.0890875053665	6533.031155714975	0.4017701812323381	2625.944434132305
6024.665110851808	4588.671205176448	6532.479654962347	0.40177009294144145	2625.7219788956
6025.863810635105	4588.25332284753	6531.928146882107	0.4017700122889468	2625.4995236588943
6027.062510418403	4587.835440518612	6531.376631474111	0.4017699316364522	2625.277068422189
6028.2612102017	4587.417558189694	6530.82510873821	0.4017698509839576	2625.054613185484
6029.4599099849975	4586.999675860776	6530.273578674261	0.401769770331463	2624.8321579487783
6030.658609768295	4586.581793531857	6529.722041282115	0.40176968967896837	2624.6097027120736
6031.857309551592	4586.163911202939	6529.170496561631	0.40176960920188565	2624.387247475368
6033.056009334889	4585.746028874021	6528.618944512658	0.40176953680233735	2624.164792238663
6034.254709118186	4585.328146545103	6528.067385135052	0.401769464402789	2623.9423370019576
6035.453408901483	4584.910264216185	6527.515818428667	0.40176939200324063	2623.719881765252
6036.652108684781	4584.492381887267	6526.964244393355	0.4017693196036923	2623.497426528547
6037.850808468078	4584.074499558349	6526.412663028974	0.4017692472041439	2623.2749712918417
6039.049508251375	4583.65661722943	6525.861074335372	0.40176917480459556	2623.052516055136
6040.248208034673	4583.238734900512	6525.309478312409	0.4017691102357573	2622.830060818431
6041.446907817969	4582.820852571594	6524.757874959934	0.40176904600486046	2622.6076055817257
6042.645607601266	4582.402970242676	6524.2062642778055	0.40176898177396364	2622.38515034502
6043.844307384564	4581.9850879137575	6523.654646265874	0.40176891754306676	2622.162695108315
6045.043007167861	4581.56720558484	6523.103020923994	0.40176885331216994	2621.9402398716097
6046.241706951158	4581.149323255921	6522.551388252021	0.4017687890812731	2621.717784634904
6047.440406734456	4580.731440927003	6521.999748249806	0.4017687320944667	2621.495329398199
6048.639106517753	4580.3135585980845	6521.448100917205	0.4017686759484517	2621.2728741614933
6049.83780630105	4579.895676269167	6520.896446254072	0.40176861980243683	2621.050418924788
6051.036506084347	4579.477793940248	6520.344784260261	0.40176856365642194	2620.827963688083
6052.235205867644	4579.059911611331	6519.7931149356245	0.401768507510407	2620.6055084513773
6053.433905650942	4578.642029282412	6519.241438280017	0.4017684513643921	2620.383053214672
6054.632605434239	4578.224146953495	6518.689754293293	0.40176840188677426	2620.160597977967
6055.831305217536	4577.806264624576	6518.138062975306	0.4017683537423927	2619.9381427412613
6057.030005000834	4577.388382295658	6517.586364325908	0.4017683055980112	2619.715687504556
6058.22870478413	4576.97049996674	6517.034658344956	0.40176825745362965	2619.493232267851
6059.427404567427	4576.552617637822	6516.482945032302	0.4017682093092481	2619.2707770311454
6060.626104350725	4576.134735308903	6515.931224387801	0.4017681611648666	2619.04832179444
6061.824804134022	4575.716852979986	6515.379496411305	0.40176811912401567	2618.825866557735
6063.023503917319	4575.298970651067	6514.827761102671	0.40176807889853794	2618.6034113210294
6064.222203700617	4574.8810883221495	6514.276018461748	0.4017680386730602	2618.380956084324
6065.420903483914	4574.46320599323	6513.724268488394	0.4017679984475825	2618.1585008476186
6066.619603267211	4574.045323664313	6513.172511182462	0.40176795822210476	2617.9360456109134
6067.818303050508	4573.627441335394	6512.620746543805	0.40176791799662703	2617.7135903742083
6069.017002833805	4573.209559006476	6512.068974572277	0.4017678833205393	2617.4911351375026
6070.215702617103	4572.791676677558	6511.517195267731	0.4017678509317499	2617.2686799007975
6071.4144024004	4572.37379434864	6510.965408630023	0.4017678185429604	2617.0462246640923
6072.613102183697	4571.955912019722	6510.413614659005	0.4017677861541709	2616.8237694273867
6073.811801966995	4571.538029690803	6509.8618133545315	0.40176775376538143	2616.6013141906815
6075.010501750291	4571.120147361886	6509.310004716457	0.40176772137659195	2616.3788589539763
6076.209201533588	4570.702265032967	6508.758188744632	0.40176769399367956	2616.1564037172707
6077.407901316886	4570.284382704049	6508.206365438916	0.4017676693598742	2615.9339484805655
6078.606601100183	4569.866500375131	6507.654534799159	0.4017676447260688	2615.7114932438603
6079.80530088348	4569.448618046213	6507.1026968252145	0.4017676200922634	2615.4890380071547
6081.004000666778	4569.030735717295	6506.550851516936	0.401767595458458	2615.26658277045
6082.202700450075	4568.612853388377	6505.998998874181	0.40176757082465264	2615.0441275337444
6083.401400233372	4568.194971059458	6505.447138896798	0.401767550663741	2614.821672297039
6084.600100016669	4567.7770887305405	6504.895271584645	0.40176753370372353	2614.599217060334
6085.798799799966	4567.359206401622	6504.343396937574	0.4017675167437061	2614.3767618236284
6086.997499583264	4566.9413240727035	6503.791514955439	0.40176749978368864	2614.154306586923
6088.196199366561	4566.523441743786	6503.239625638094	0.4017674828236712	2613.931851350218
6089.394899149858	4566.1055594148675	6502.687728985392	0.40176746586365375	2613.7093961135124
6090.593598933156	4565.68767708595	6502.135824997189	0.40176745285397897	2613.4869408768072
6091.792298716453	4565.2697947570305	6501.583913673334	0.401767443487058	2613.2644856401016
6092.990998499749	4564.851912428114	6501.031995013686	0.40176743412013705	2613.0420304033964
6094.189698283047	4564.434030099194	6500.480069018096	0.4017674247532161	2612.8195751666913
6095.388398066344	4564.016147770277	6499.9281356864185	0.4017674153862951	2612.597119929986
6096.587097849641	4563.598265441358	6499.376195018507	0.4017674060193741	2612.3746646932805
6097.785797632939	4563.180383112441	6498.824247014214	0.40176740009058054	2612.1522094565753
6098.984497416236	4562.762500783522	6498.2722916733965	0.40176739823656527	2611.9297542198697
6100.183197199533	4562.344618454605	6497.720328995905	0.40176739638254994	2611.7072989831645
6101.38189698283	4561.926736125686	6497.168358981595	0.40176739452853466	2611.4848437464593
6102.580596766127	4561.508853796769	6496.61638163032	0.4017673926745194	2611.2623885097537
6103.7792965494245	4561.090971467849	6496.064396941931	0.4017673908205041	2611.0399332730485
6104.977996332722	4560.673089138932	6495.512404916286	0.4017673919026414	2610.8174780363433
6106.176696116019	4560.255206810013	6494.960405553236	0.4017673974818387	2610.5950227996377
6107.375395899317	4559.8373244810955	6494.408398852636	0.401767403061036	2610.3725675629325
6108.574095682614	4559.419442152177	6493.8563848143385	0.4017674086402333	2610.150112326227
6109.77279546591	4559.001559823259	6493.304363438199	0.4017674142194306	2609.9276570895217
6110.971495249208	4558.583677494341	6492.752334724069	0.4017674197986279	2609.7052018528166
6112.170195032505	4558.165795165422	6492.200298671803	0.4017674278221492	2609.482746616111
6113.368894815802	4557.747912836504	6491.648255281255	0.4017674407553616	2609.2602913794058
6114.5675945991	4557.330030507586	6491.096204552278	0.40176745368857397	2609.0378361427006
6115.766294382397	4556.912148178668	6490.544146484728	0.40176746662178636	2608.815380905995
6116.964994165694	4556.49426584975	6489.992081078456	0.4017674795549987	2608.59292566929
6118.163693948991	4556.076383520832	6489.440008333317	0.4017674924882111	2608.3704704325846
6119.362393732288	4555.658501191914	6488.887928249163	0.4017675073839706	2608.148015195879
6120.5610935155855	4555.240618862996	6488.33584082585	0.4017675275924904	2607.925559959174
6121.759793298883	4554.822736534077	6487.783746063229	0.40176754780101026	2607.7031047224687
6122.95849308218	4554.404854205159	6487.231643961156	0.40176756800953006	2607.480649485763
6124.157192865478	4553.986971876241	6486.679534519485	0.40176758821804986	2607.258194249058
6125.355892648775	4553.569089547323	6486.127417738067	0.40176760842656967	2607.035739012352
6126.554592432072	4553.151207218405	6485.575293616758	0.40176763012581923	2606.813283775647
6127.753292215369	4552.7333248894865	6485.023162155411	0.4017676575314284	2606.590828538942
6128.951991998666	4552.315442560569	6484.471023353878	0.4017676849370375	2606.3683733022367
6130.150691781963	4551.89756023165	6483.918877212014	0.40176771234264663	2606.1459180655315
6131.349391565261	4551.479677902732	6483.366723729674	0.4017677397482558	2605.9234628288264
6132.548091348558	4551.0617955738135	6482.814562906709	0.4017677671538649	2605.7010075921207
6133.746791131855	4550.643913244896	6482.262394742975	0.4017677955882531	2605.4785523554156
6134.945490915153	4550.226030915977	6481.710219238324	0.40176783011321665	2605.25609711871
6136.144190698449	4549.80814858706	6481.1580363926105	0.40176786463818026	2605.0336418820048
6137.3428904817465	4549.390266258141	6480.605846205686	0.40176789916314387	2604.8111866452996
6138.541590265044	4548.972383929223	6480.053648677407	0.4017679336881074	2604.5887314085944
6139.740290048341	4548.554501600304	6479.501443807624	0.40176796821307104	2604.366276171889
6140.9389898316385	4548.136619271387	6478.949231596195	0.40176800331463874	2604.1438209351836
6142.137689614936	4547.718736942468	6478.39701204297	0.4017680448817048	2603.921365698478
6143.336389398233	4547.300854613551	6477.844785147804	0.4017680864487709	2603.698910461773
6144.53508918153	4546.882972284632	6477.292550910551	0.40176812801583695	2603.4764552250676
6145.733788964827	4546.465089955715	6476.740309331061	0.401768169582903	2603.253999988362
6146.932488748124	4546.047207626796	6476.188060409194	0.40176821114996913	2603.031544751657
6148.131188531422	4545.629325297878	6475.635804144796	0.4017682528511494	2602.8090895149517
6149.329888314719	4545.211442968959	6475.083540537727	0.40176830138354364	2602.586634278246
6150.528588098016	4544.7935606400415	6474.5312695878365	0.40176834991593785	2602.364179041541
6151.727287881314	4544.375678311123	6473.978991294981	0.40176839844833206	2602.1417238048352
6152.92598766461	4543.957795982205	6473.426705659012	0.4017684469807263	2601.91926856813
6154.1246874479075	4543.539913653287	6472.874412679784	0.4017684955131205	2601.696813331425
6155.323387231205	4543.122031324369	6472.32211235715	0.40176854404551476	2601.4743580947197
6156.522087014502	4542.70414899545	6471.769804690963	0.4017685991681583	2601.251902858014
6157.7207867977995	4542.286266666532	6471.217489681078	0.4017686545895822	2601.029447621309
6158.919486581097	4541.868384337614	6470.665167327348	0.40176871001100617	2600.8069923846033
6160.118186364394	4541.450502008696	6470.1128376296265	0.40176876543243006	2600.584537147898
6161.316886147691	4541.032619679778	6469.560500587766	0.40176882085385396	2600.362081911193
6162.515585930988	4540.61473735086	6469.008156201622	0.40176887627527785	2600.1396266744878
6163.714285714285	4540.196855021942	6468.455804471047	0.40176893778773637	2599.917171437782
6164.912985497583	4539.778972693023	6467.903445395892	0.4017690000223633	2599.694716201077
6166.11168528088	4539.361090364105	6467.351078976016	0.4017690622569903	2599.4722609643713
6167.310385064177	4538.943208035187	6466.798705211267	0.4017691244916172	2599.249805727666
6168.509084847475	4538.525325706269	6466.246324101503	0.4017691867262442	2599.0273504909605
6169.707784630771	4538.107443377351	6465.693935646575	0.4017692489608712	2598.8048952542554
6170.9064844140685	4537.689561048433	6465.141539846336	0.40176931679720507	2598.58244001755
6172.105184197366	4537.271678719515	6464.589136700642	0.40176938576967736	2598.359984780845
6173.303883980663	4536.8537963905965	6464.036726209343	0.40176945474214965	2598.1375295441394
6174.5025837639605	4536.435914061678	6463.484308372294	0.40176952371462193	2597.915074307434
6175.701283547258	4536.0180317327595	6462.931883189351	0.4017695926870942	2597.6926190707286
6176.899983330555	4535.600149403842	6462.3794506603645	0.4017696616595665	2597.4701638340234
6178.0986831138525	4535.182267074923	6461.827010785189	0.40176973575421526	2597.247708597318
6179.297382897149	4534.764384746006	6461.274563563677	0.4017698113896417	2597.0252533606126
6180.496082680446	4534.346502417087	6460.722108995684	0.4017698870250681	2596.802798123908
6181.694782463744	4533.92862008817	6460.169647081061	0.40176996266049453	2596.5803428872027
6182.893482247041	4533.51073775925	6459.617177819663	0.40177003829592095	2596.357887650497
6184.092182030338	4533.092855430333	6459.064701211342	0.4017701139313474	2596.135432413792
6185.290881813636	4532.674973101414	6458.512217255954	0.4017701942191266	2595.9129771770863
6186.489581596933	4532.257090772497	6457.95972595335	0.40177027644307867	2595.690521940381
6187.6882813802295	4531.839208443578	6457.407227303387	0.4017703586670307	2595.468066703676
6188.886981163527	4531.421326114661	6456.854721305915	0.4017704408909828	2595.245611466971
6190.085680946824	4531.003443785742	6456.302207960785	0.40177052311493483	2595.023156230265
6191.2843807301215	4530.5855614568245	6455.749687267858	0.4017706053388869	2594.80070099356
6192.483080513419	4530.167679127905	6455.197159226979	0.4017706917549859	2594.5782457568544
6193.681780296716	4529.7497967989875	6454.644623838008	0.4017707804934945	2594.355790520149
6194.8804800800135	4529.331914470069	6454.092081100795	0.4017708692320031	2594.133335283444
6196.07917986331	4528.914032141151	6453.539531015196	0.4017709579705117	2593.910880046739
6197.277879646607	4528.496149812233	6452.986973581063	0.4017710467090203	2593.688424810033
6198.476579429905	4528.078267483315	6452.434408798247	0.4017711354475289	2593.465969573328
6199.675279213202	4527.660385154397	6451.8818366666055	0.40177122792750924	2593.2435143366224
6200.873978996499	4527.242502825478	6451.329257185987	0.4017713231070631	2593.0210590999172
6202.072678779797	4526.82462049656	6450.776670356251	0.40177141828661694	2592.7986038632116
6203.271378563094	4526.406738167642	6450.224076177246	0.40177151346617085	2592.5761486265064
6204.47007834639	4525.988855838724	6449.671474648829	0.4017716086457247	2592.3536933898013
6205.668778129688	4525.570973509806	6449.118865770851	0.40177170382527855	2592.131238153096
6206.867477912985	4525.153091180888	6448.566249543165	0.4017718023050711	2591.9087829163905
6208.0661776962825	4524.73520885197	6448.0136259656265	0.4017719038526123	2591.6863276796853
6209.26487747958	4524.317326523052	6447.460995038086	0.4017720054001535	2591.4638724429797
6210.463577262877	4523.899444194133	6446.908356760398	0.4017721069476947	2591.2414172062745
6211.6622770461745	4523.481561865216	6446.355711132418	0.4017722084952359	2591.018961969569
6212.860976829471	4523.063679536297	6445.803058153998	0.4017723100427771	2590.7965067328637
6214.059676612768	4522.6457972073795	6445.2503978249915	0.40177241445867995	2590.5740514961585
6215.258376396066	4522.227914878461	6444.69773014525	0.40177252230160154	2590.3515962594533
6216.457076179363	4521.810032549543	6444.145055114629	0.40177263014452314	2590.1291410227477
6217.65577596266	4521.392150220625	6443.592372732981	0.40177273798744473	2589.9066857860425
6218.854475745958	4520.974267891706	6443.039683000158	0.4017728458303664	2589.684230549337
6220.053175529255	4520.556385562788	6442.486985916016	0.40177295367328797	2589.4617753126317
6221.251875312551	4520.13850323387	6441.934281480408	0.4017730639619643	2589.2393200759266
6222.450575095849	4519.720620904952	6441.381569693186	0.4017731780281075	2589.0168648392214
6223.649274879146	4519.302738576034	6440.828850554203	0.4017732920942508	2588.7944096025158
6224.847974662443	4518.884856247116	6440.2761240633145	0.401773406160394	2588.5719543658106
6226.046674445741	4518.466973918198	6439.723390220371	0.40177352022653723	2588.349499129105
6227.245374229038	4518.049091589279	6439.170649025227	0.4017736342926804	2588.1270438924
6228.4440740123355	4517.631209260361	6438.617900477736	0.4017737503911563	2587.9045886556946
6229.642773795633	4517.213326931443	6438.065144577752	0.40177387060880715	2587.6821334189895
6230.841473578929	4516.795444602525	6437.512381325128	0.40177399082645804	2587.4596781822843
6232.040173362227	4516.377562273607	6436.959610719718	0.4017741110441089	2587.237222945579
6233.238873145524	4515.959679944689	6436.406832761372	0.4017742312617597	2587.0147677088735
6234.437572928821	4515.5417976157705	6435.854047449946	0.40177435147941054	2586.7923124721683
6235.636272712119	4515.123915286852	6435.301254785292	0.40177447332507277	2586.5698572354627
6236.834972495416	4514.7060329579335	6434.748454767265	0.4017745996229601	2586.3474019987575
6238.033672278713	4514.288150629016	6434.195647395717	0.4017747259208474	2586.1249467620523
6239.23237206201	4513.870268300097	6433.642832670503	0.40177485221873477	2585.9024915253467
6240.431071845307	4513.45238597118	6433.090010591473	0.4017749785166221	2585.6800362886415
6241.629771628604	4513.034503642261	6432.537181158484	0.4017751048145094	2585.4575810519364
6242.828471411902	4512.616621313344	6431.984344371385	0.40177523234510343	2585.2351258152307
6244.027171195199	4512.198738984425	6431.4315002300345	0.4017753646523944	2585.0126705785256
6245.2258709784965	4511.780856655507	6430.8786487342795	0.40177549695968534	2584.79021534182
6246.424570761794	4511.362974326588	6430.325789883978	0.4017756292669763	2584.5677601051148
6247.62327054509	4510.945091997671	6429.772923678984	0.40177576157426725	2584.3453048684096
6248.821970328388	4510.527209668752	6429.220050119146	0.4017758938815582	2584.1228496317044
6250.020670111685	4510.109327339835	6428.667169204322	0.4017760270351853	2583.900394394999
6251.219369894982	4509.691445010916	6428.114280934361	0.40177616528148463	2583.6779391582936
6252.41806967828	4509.273562681999	6427.56138530912	0.401776303527784	2583.455483921588
6253.616769461577	4508.855680353079	6427.008482328448	0.4017764417740833	2583.233028684883
6254.815469244874	4508.437798024162	6426.455571992203	0.40177658002038263	2583.0105734481776
6256.014169028171	4508.019915695243	6425.902654300236	0.401776718266682	2582.7881182114725
6257.212868811468	4507.6020333663255	6425.349729252399	0.4017768569817985	2582.565662974767
6258.411568594765	4507.184151037407	6424.796796848548	0.4017770010971437	2582.3432077380617
6259.610268378063	4506.766268708489	6424.243857088532	0.40177714521248886	2582.120752501356
6260.80896816136	4506.348386379571	6423.69090997221	0.4017772893278341	2581.898297264651
6262.007667944657	4505.930504050653	6423.137955499429	0.40177743344317923	2581.6758420279452
6263.206367727955	4505.512621721734	6422.584993670046	0.40177757755852445	2581.45338679124
6264.405067511251	4505.094739392817	6422.032024483915	0.4017777217739381	2581.230931554535
6265.603767294549	4504.676857063898	6421.479047940887	0.4017778716887977	2581.0084763178297
6266.802467077846	4504.25897473498	6420.926064040815	0.4017780216036572	2580.786021081124
6268.001166861143	4503.841092406062	6420.373072783553	0.40177817151851675	2580.563565844419
6269.199866644441	4503.423210077144	6419.820074168954	0.40177832143337633	2580.3411106077133
6270.398566427738	4503.005327748226	6419.267068196872	0.40177847134823585	2580.118655371008
6271.597266211035	4502.587445419307	6418.714054867158	0.4017786212630954	2579.896200134303
6272.795965994332	4502.16956309039	6418.161034179669	0.4017787766483752	2579.6737448975973
6273.994665777629	4501.751680761471	6417.608006134253	0.40177893229364586	2579.451289660892
6275.193365560926	4501.333798432553	6417.054970730767	0.4017790879389165	2579.228834424187
6276.392065344224	4500.915916103635	6416.501927969063	0.4017792435841871	2579.0063791874813
6277.590765127521	4500.4980337747165	6415.948877848996	0.4017793992294577	2578.783923950776
6278.789464910818	4500.080151445799	6415.395820370414	0.4017795548747284	2578.5614687140705
6279.988164694116	4499.66226911688	6414.842755533176	0.4017797155702912	2578.339013477366
6281.186864477413	4499.244386787962	6414.289683337131	0.4017798768772949	2578.1165582406607
6282.3855642607095	4498.826504459044	6413.736603782136	0.4017800381842986	2577.8941030039555
6283.584264044007	4498.408622130126	6413.18351686804	0.4017801994913023	2577.67164776725
6284.782963827304	4497.990739801207	6412.630422594698	0.4017803607983059	2577.4491925305447
6285.981663610602	4497.57285747229	6412.077320961964	0.4017805221053096	2577.226737293839
6287.180363393899	4497.154975143371	6411.524211969689	0.4017806880514295	2577.004282057134
6288.379063177196	4496.737092814454	6410.971095617729	0.4017808549519104	2576.7818268204287
6289.577762960494	4496.319210485534	6410.417971905932	0.4017810218523913	2576.559371583723
6290.77646274379	4495.901328156618	6409.86484083416	0.40178118875287216	2576.336916347018
6291.975162527087	4495.483445827698	6409.311702402256	0.4017813556533531	2576.1144611103127
6293.173862310385	4495.065563498781	6408.75855661008	0.401781522553834	2575.892005873607
6294.372562093682	4494.647681169862	6408.205403457482	0.4017816936911261	2575.669550636902
6295.571261876979	4494.229798840945	6407.652242944316	0.4017818661172483	2575.4470954001963
6296.769961660277	4493.811916512026	6407.099075070435	0.4017820385433705	2575.224640163491
6297.968661443574	4493.3940341831085	6406.545899835692	0.40178221096949274	2575.002184926786
6299.1673612268705	4492.97615185419	6405.99271723994	0.40178238339561495	2574.779729690081
6300.366061010168	4492.558269525272	6405.439527283034	0.40178255582173716	2574.557274453375
6301.564760793465	4492.140387196353	6404.886329964822	0.4017827320911556	2574.33481921667
6302.763460576763	4491.722504867435	6404.333125285163	0.4017829099755002	2574.1123639799644
6303.96216036006	4491.304622538517	6403.779913243907	0.40178308785984473	2573.889908743259
6305.160860143357	4490.886740209599	6403.226693840907	0.4017832657441893	2573.6674535065536
6306.359559926655	4490.468857880681	6402.673467076016	0.4017834436285339	2573.4449982698484
6307.558259709951	4490.050975551763	6402.120232949089	0.4017836215128785	2573.222543033143
6308.756959493248	4489.633093222845	6401.5669914599775	0.4017838028557145	2573.000087796438
6309.955659276546	4489.215210893926	6401.013742608532	0.4017839861312771	2572.7776325597324
6311.154359059843	4488.797328565008	6400.460486394611	0.40178416940683964	2572.5551773230272
6312.35305884314	4488.37944623609	6399.907222818062	0.40178435268240215	2572.3327220863216
6313.551758626438	4487.961563907172	6399.353951878745	0.4017845359579647	2572.1102668496164
6314.750458409735	4487.543681578254	6398.800673576505	0.40178471923352727	2571.8878116129113
6315.9491581930315	4487.125799249336	6398.2473879112	0.4017849055914069	2571.665356376206
6317.147857976329	4486.707916920418	6397.694094882682	0.4017850941915943	2571.4429011395005
6318.346557759626	4486.290034591499	6397.140794490803	0.4017852827917817	2571.2204459027953
6319.5452575429235	4485.872152262581	6396.587486735419	0.40178547139196913	2570.9979906660897
6320.743957326221	4485.4542699336625	6396.034171616378	0.40178565999215654	2570.7755354293845
6321.942657109518	4485.036387604745	6395.480849133538	0.40178584859234395	2570.5530801926793
6323.141356892816	4484.6185052758265	6394.927519286749	0.40178603990722617	2570.3306249559737
6324.340056676113	4484.200622946908	6394.374182075864	0.40178623376585465	2570.1081697192685
6325.538756459409	4483.78274061799	6393.82083750074	0.4017864276244832	2569.8857144825633
6326.737456242707	4483.364858289073	6393.267485561224	0.40178662148311167	2569.6632592458577
6327.936156026004	4482.946975960153	6392.714126257171	0.40178681534174016	2569.4408040091525
6329.134855809301	4482.529093631236	6392.160759588436	0.4017870092003687	2569.2183487724474
6330.333555592599	4482.111211302317	6391.607385554871	0.4017872054145436	2568.995893535742
6331.532255375896	4481.6933289734	6391.054004156328	0.40178740446583594	2568.773438299037
6332.730955159193	4481.275446644481	6390.500615392662	0.4017876035171282	2568.5509830623314
6333.92965494249	4480.857564315564	6389.947219263725	0.40178780256842056	2568.328527825626
6335.128354725787	4480.439681986645	6389.393815769367	0.40178800161971284	2568.106072588921
6336.3270545090845	4480.021799657727	6388.840404909444	0.4017882006710052	2567.8836173522154
6337.525754292382	4479.603917328808	6388.28698668381	0.40178840172709185	2567.6611621155103
6338.724454075679	4479.186034999891	6387.733561092316	0.40178860590567395	2567.4387068788046
6339.923153858977	4478.768152670972	6387.180128134815	0.4017888100842561	2567.2162516420995
6341.121853642274	4478.3502703420545	6386.626687811162	0.4017890142628382	2566.9937964053943
6342.32055342557	4477.932388013136	6386.073240121207	0.4017892184414203	2566.771341168689
6343.519253208868	4477.514505684218	6385.519785064804	0.4017894226200024	2566.5488859319835
6344.717952992165	4477.096623355299	6384.966322641805	0.40178962846094674	2566.3264306952783
6345.916652775462	4476.678741026381	6384.412852852065	0.4017898377018462	2566.1039754585727
6347.11535255876	4476.260858697463	6383.859375695437	0.40179004694274567	2565.8815202218675
6348.314052342057	4475.842976368545	6383.305891171771	0.4017902561836451	2565.6590649851623
6349.512752125354	4475.425094039627	6382.752399280924	0.40179046542454455	2565.4366097484567
6350.711451908651	4475.007211710709	6382.198900022746	0.401790674665444	2565.2141545117515
6351.910151691948	4474.589329381791	6381.645393397089	0.40179088523451734	2564.9916992750464
6353.1088514752455	4474.171447052873	6381.091879403809	0.4017910994731604	2564.7692440383407
6354.307551258543	4473.753564723954	6380.538358042756	0.40179131371180343	2564.5467888016356
6355.50625104184	4473.335682395036	6379.984829313785	0.40179152795044654	2564.32433356493
6356.7049508251375	4472.917800066118	6379.431293216748	0.4017917421890896	2564.1018783282248
6357.903650608435	4472.4999177372	6378.877749751499	0.40179195642773263	2563.8794230915196
6359.102350391731	4472.082035408282	6378.3241989178905	0.4017921716685294	2563.6569678548144
6360.301050175029	4471.664153079364	6377.770640715773	0.40179239084073787	2563.434512618109
6361.499749958326	4471.246270750446	6377.217075145003	0.4017926100129463	2563.2120573814036
6362.698449741623	4470.828388421527	6376.663502205428	0.4017928291851548	2562.989602144698
6363.897149524921	4470.410506092609	6376.1099218969075	0.40179304835736324	2562.767146907993
6365.095849308218	4469.992623763691	6375.55633421929	0.4017932675295717	2562.544691671287
6366.294549091515	4469.5747414347725	6375.002739172431	0.4017934873860073	2562.322236434582
6367.493248874812	4469.156859105855	6374.44913675618	0.40179371142799664	2562.099781197877
6368.691948658109	4468.738976776936	6373.895526970395	0.401793935469986	2561.8773259611717
6369.8906484414065	4468.321094448019	6373.341909814923	0.40179415951197534	2561.654870724466
6371.089348224704	4467.9032121191	6372.78828528962	0.4017943835539647	2561.432415487761
6372.288048008001	4467.485329790182	6372.234653394338	0.401794607595954	2561.2099602510552
6373.4867477912985	4467.067447461263	6371.681014128931	0.40179483201226346	2560.98750501435
6374.685447574596	4466.649565132346	6371.127367493252	0.40179506086064076	2560.765049777645
6375.884147357893	4466.231682803427	6370.5737134871515	0.401795289709018	2560.5425945409393
6377.08284714119	4465.81380047451	6370.020052110483	0.4017955185573953	2560.320139304234
6378.281546924487	4465.395918145591	6369.466383363101	0.40179574740577256	2560.097684067529
6379.480246707784	4464.978035816674	6368.912707244856	0.4017959762541498	2559.8752288308237
6380.678946491082	4464.560153487754	6368.359023755604	0.40179620517488607	2559.6527735941186
6381.877646274379	4464.142271158837	6367.805332895194	0.4017964387666458	2559.4303183574134
6383.076346057676	4463.724388829918	6367.251634663482	0.4017966723584055	2559.2078631207078
6384.275045840974	4463.3065065010005	6366.6979290603185	0.4017969059501652	2558.9854078840026
6385.47374562427	4462.888624172082	6366.144216085559	0.401797139541925	2558.7629526472974
6386.6724454075675	4462.470741843164	6365.590495739053	0.4017973731336847	2558.540497410592
6387.871145190865	4462.052859514246	6365.0367680206555	0.4017976067254444	2558.3180421738866
6389.069844974162	4461.634977185328	6364.483032930219	0.40179784477623876	2558.0955869371815
6390.2685447574595	4461.217094856409	6363.929290467595	0.40179808304876224	2557.873131700476
6391.467244540757	4460.799212527491	6363.375540632638	0.4017983213212857	2557.6506764637707
6392.665944324054	4460.381330198573	6362.821783425199	0.40179855959380917	2557.428221227065
6393.864644107351	4459.963447869655	6362.268018845133	0.4017987978663326	2557.20576599036
6395.063343890648	4459.545565540737	6361.714246892291	0.4017990361388561	2556.9833107536547
6396.262043673945	4459.127683211819	6361.160467566526	0.40179927852189135	2556.760855516949
6397.460743457243	4458.709800882901	6360.6066808676915	0.40179952141294284	2556.538400280244
6398.65944324054	4458.291918553982	6360.052886795638	0.40179976430399433	2556.3159450435387
6399.858143023837	4457.874036225065	6359.499085350221	0.4018000071950458	2556.093489806833
6401.056842807135	4457.456153896146	6358.9452765312935	0.4018002500860973	2555.871034570128
6402.255542590431	4457.038271567228	6358.391460338707	0.4018004929771488	2555.6485793334227
6403.454242373728	4456.62038923831	6357.837636772313	0.40180073963829965	2555.426124096717
6404.652942157026	4456.2025069093925	6357.283805831966	0.4018009870860247	2555.203668860012
6405.851641940323	4455.784624580474	6356.729967517518	0.4018012345337497	2554.9812136233063
6407.0503417236205	4455.3667422515555	6356.17612182882	0.4018014819814747	2554.758758386601
6408.249041506918	4454.948859922637	6355.62226876573	0.40180172942919973	2554.536303149896
6409.447741290215	4454.530977593719	6355.068408328095	0.4018019768769247	2554.3138479131903
6410.646441073512	4454.113095264801	6354.514540515772	0.40180222776237395	2554.091392676485
6411.845140856809	4453.695212935883	6353.960665328611	0.4018024797052972	2553.86893743978
6413.043840640106	4453.277330606965	6353.406782766465	0.4018027316482205	2553.6464822030744
6414.242540423404	4452.859448278047	6352.852892829188	0.4018029835911438	2553.424026966369
6415.441240206701	4452.441565949129	6352.29899551663	0.4018032355340671	2553.201571729664
6416.639939989998	4452.02368362021	6351.745090828646	0.40180348747699035	2552.9791164929584
6417.838639773296	4451.605801291292	6351.191178765089	0.40180374253322576	2552.756661256253
6419.037339556592	4451.187918962374	6350.637259325811	0.40180399891024704	2552.534206019548
6420.236039339889	4450.770036633456	6350.083332510666	0.4018042552872683	2552.3117507828424
6421.434739123187	4450.352154304538	6349.529398319503	0.40180451166428965	2552.0892955461372
6422.633438906484	4449.93427197562	6348.975456752179	0.40180476804131093	2551.8668403094316
6423.8321386897815	4449.516389646702	6348.421507808542	0.4018050244183322	2551.6443850727264
6425.030838473079	4449.098507317783	6347.867551488448	0.40180528359214646	2551.4219298360213
6426.229538256376	4448.680624988865	6347.313587791749	0.40180554434254107	2551.1994745993156
6427.4282380396735	4448.2627426599465	6346.759616718299	0.4018058050929356	2550.9770193626105
6428.62693782297	4447.844860331029	6346.205638267949	0.4018060658433302	2550.7545641259053
6429.825637606267	4447.42697800211	6345.651652440551	0.4018063265937247	2550.5321088892
6431.024337389565	4447.009095673193	6345.097659235959	0.4018065873441193	2550.309653652495
6432.223037172862	4446.591213344274	6344.5436586540245	0.4018068505826066	2550.0871984157898
6433.421736956159	4446.173331015356	6343.989650694601	0.4018071156460191	2549.864743179084
6434.620436739457	4445.755448686437	6343.43563535754	0.4018073807094316	2549.642287942379
6435.819136522754	4445.33756635752	6342.881612642697	0.40180764577284417	2549.4198327056733
6437.01783630605	4444.919684028601	6342.327582549923	0.40180791083625667	2549.197377468968
6438.216536089348	4444.501801699684	6341.773545079069	0.4018081758996692	2548.974922232263
6439.415235872645	4444.083919370765	6341.2195002299895	0.40180844315022435	2548.7524669955574
6440.613935655942	4443.666037041848	6340.665448002536	0.4018087124666701	2548.530011758852
6441.81263543924	4443.248154712929	6340.111388396564	0.4018089817831159	2548.307556522147
6443.011335222537	4442.830272384011	6339.557321411919	0.4018092510995617	2548.0851012854414
6444.2100350058345	4442.412390055092	6339.003247048462	0.40180952041600754	2547.862646048736
6445.408734789131	4441.994507726175	6338.449165306041	0.4018097897324533	2547.640190812031
6446.607434572428	4441.576625397256	6337.89507618451	0.40181006094276994	2547.4177355753254
6447.806134355726	4441.1587430683385	6337.340979683721	0.40181033445263037	2547.1952803386203
6449.004834139023	4440.74086073942	6336.7868758035265	0.40181060796249074	2546.972825101915
6450.20353392232	4440.322978410502	6336.232764543779	0.40181088147235117	2546.7503698652094
6451.402233705618	4439.905096081583	6335.678645904331	0.40181115498221154	2546.5279146285043
6452.600933488915	4439.487213752665	6335.1245198850365	0.40181142849207196	2546.3054593917986
6453.799633272211	4439.069331423747	6334.570386485748	0.4018117036101406	2546.0830041550935
6454.998333055509	4438.651449094829	6334.016245706315	0.40181198125416173	2545.8605489183883
6456.197032838806	4438.233566765911	6333.462097546594	0.40181225889818284	2545.6380936816827
6457.395732622103	4437.815684436993	6332.9079420064345	0.40181253654220395	2545.4156384449775
6458.594432405401	4437.397802108075	6332.353779085691	0.40181281418622505	2545.1931832082723
6459.793132188698	4436.979919779157	6331.799608784214	0.40181309183024616	2544.9707279715667
6460.991831971995	4436.562037450238	6331.245431101857	0.4018133708043526	2544.7482727348615
6462.190531755292	4436.144155121321	6330.6912460384765	0.4018136525236425	2544.5258174981564
6463.389231538589	4435.726272792402	6330.137053593918	0.4018139342429324	2544.3033622614507
6464.587931321887	4435.308390463484	6329.582853768039	0.4018142159622223	2544.0809070247456
6465.786631105184	4434.890508134566	6329.02864656069	0.4018144976815121	2543.85845178804
6466.985330888481	4434.472625805648	6328.474431971724	0.401814779400802	2543.6359965513348
6468.184030671779	4434.0547434767295	6327.920210000994	0.40181506217952534	2543.4135413146296
6469.382730455076	4433.636861147811	6327.365980648351	0.4018153479155515	2543.191086077924
6470.581430238372	4433.218978818893	6326.811743913651	0.4018156336515777	2542.968630841219
6471.78013002167	4432.801096489975	6326.257499796741	0.40181591938760386	2542.7461756045136
6472.978829804967	4432.3832141610565	6325.703248297479	0.40181620512363003	2542.523720367808
6474.177529588264	4431.965331832139	6325.148989415714	0.40181649085965626	2542.301265131103
6475.376229371562	4431.54744950322	6324.594723151301	0.40181677739186716	2542.0788098943976
6476.574929154859	4431.129567174303	6324.040449504089	0.4018170670864552	2541.856354657692
6477.773628938156	4430.711684845384	6323.486168473934	0.40181735678104324	2541.633899420987
6478.972328721454	4430.293802516466	6322.931880060687	0.40181764647563134	2541.4114441842817
6480.17102850475	4429.875920187547	6322.3775842642	0.4018179361702194	2541.1889889475765
6481.369728288048	4429.45803785863	6321.8232810843265	0.4018182258648074	2540.9665337108713
6482.568428071345	4429.040155529711	6321.268970520919	0.40181851609966707	2540.744078474166
6483.767127854642	4428.622273200794	6320.714652573828	0.4018188096949979	2540.5216232374605
6484.96582763794	4428.204390871875	6320.160327242908	0.40181910329032866	2540.2991680007553
6486.164527421237	4427.786508542957	6319.605994528011	0.4018193968856595	2540.0767127640497
6487.363227204534	4427.368626214038	6319.051654428991	0.40181969048099025	2539.8542575273445
6488.561926987831	4426.9507438851215	6318.497306945699	0.4018199840763211	2539.6318022906394
6489.760626771128	4426.532861556202	6317.942952077985	0.40182027796327885	2539.4093470539337
6490.959326554425	4426.1149792272845	6317.388589825704	0.4018205754018855	2539.1868918172286
6492.158026337723	4425.697096898366	6316.83422018871	0.40182087284049206	2538.9644365805234
6493.35672612102	4425.279214569448	6316.279843166852	0.4018211702790987	2538.7419813438178
6494.555425904317	4424.86133224053	6315.7254587599855	0.40182146771770527	2538.5195261071126
6495.754125687615	4424.443449911612	6315.17106696796	0.4018217651563119	2538.297070870407
6496.952825470911	4424.025567582694	6314.616667790631	0.40182206264510334	2538.074615633702
6498.1515252542085	4423.607685253775	6314.062261227848	0.40182236386987064	2537.8521603969966
6499.350225037506	4423.189802924857	6313.507847279464	0.401822665094638	2537.629705160291
6500.548924820803	4422.771920595939	6312.953425945334	0.4018229663194053	2537.407249923586
6501.747624604101	4422.354038267021	6312.3989972253075	0.40182326754417264	2537.1847946868807
6502.946324387398	4421.936155938103	6311.84456111924	0.40182356876893993	2536.962339450175
6504.145024170695	4421.518273609184	6311.290117626979	0.4018238699937073	2536.73988421347
6505.343723953992	4421.100391280267	6310.735666748383	0.4018241747637472	2536.5174289767647
6506.542423737289	4420.682508951348	6310.181208483298	0.401824479717908	2536.294973740059
6507.741123520586	4420.26462662243	6309.626742831581	0.4018247846720688	2536.072518503354
6508.939823303884	4419.846744293512	6309.072269793084	0.4018250896262296	2535.8500632666487
6510.138523087181	4419.428861964594	6308.517789367657	0.40182539458039035	2535.627608029943
6511.337222870478	4419.0109796356755	6307.963301555155	0.40182569953455116	2535.405152793238
6512.535922653776	4418.593097306758	6307.408806355428	0.40182600775032945	2535.1826975565323
6513.734622437072	4418.1752149778395	6306.854303768331	0.401826316377463	2534.960242319827
6514.9333222203695	4417.757332648922	6306.299793793714	0.4018266250045966	2534.737787083122
6516.132022003667	4417.3394503200025	6305.7452764314285	0.40182693363173017	2534.5153318464163
6517.330721786964	4416.921567991085	6305.190751681332	0.40182724225886374	2534.292876609711
6518.529421570262	4416.503685662166	6304.636219543271	0.4018275508859973	2534.070421373006
6519.728121353559	4416.085803333249	6304.0816800171015	0.40182786249844427	2533.8479661363003
6520.926821136856	4415.66792100433	6303.527133102673	0.4018281747424744	2533.625510899595
6522.125520920154	4415.250038675412	6302.972578799841	0.4018284869865045	2533.4030556628895
6523.32422070345	4414.832156346494	6302.418017108458	0.4018287992305346	2533.1806004261844
6524.522920486747	4414.414274017576	6301.863448028372	0.4018291114745647	2532.958145189479
6525.721620270045	4413.996391688657	6301.3088715594395	0.4018294237185948	2532.735689952774
6526.920320053342	4413.57850935974	6300.75428770151	0.40182973867891825	2532.5132347160684
6528.119019836639	4413.160627030821	6300.199696454438	0.4018300544841102	2532.290779479363
6529.317719619937	4412.742744701904	6299.645097818076	0.40183037028930213	2532.068324242658
6530.516419403234	4412.324862372985	6299.090491792274	0.401830686094494	2531.845869005953
6531.7151191865305	4411.9069800440675	6298.535878376887	0.40183100189968596	2531.6234137692477
6532.913818969828	4411.489097715149	6297.981257571764	0.40183131770487784	2531.400958532542
6534.112518753125	4411.0712153862305	6297.4266293767605	0.4018316359645621	2531.178503295837
6535.3112185364225	4410.653333057312	6296.871993791727	0.40183195527552135	2530.9560480591317
6536.50991831972	4410.235450728394	6296.317350816516	0.40183227458648063	2530.733592822426
6537.708618103017	4409.817568399476	6295.762700450981	0.4018325938974399	2530.511137585721
6538.907317886315	4409.399686070558	6295.208042694974	0.4018329132083992	2530.2886823490153
6540.106017669611	4408.98180374164	6294.653377548347	0.4018332325193585	2530.06622711231
6541.304717452908	4408.563921412722	6294.098705010951	0.40183355403016247	2529.843771875605
6542.503417236206	4408.146039083803	6293.544025082638	0.4018338767918323	2529.6213166388998
6543.702117019503	4407.728156754885	6292.989337763263	0.40183419955350214	2529.398861402194
6544.9008168028	4407.310274425967	6292.434643052677	0.40183452231517197	2529.176406165489
6546.099516586098	4406.892392097049	6291.879940950732	0.40183484507684186	2528.9539509287833
6547.298216369395	4406.474509768131	6291.32523145728	0.4018351678385117	2528.731495692078
6548.4969161526915	4406.056627439213	6290.770514572176	0.4018354925524673	2528.509040455373
6549.695615935989	4405.638745110295	6290.215790295267	0.40183581871012636	2528.2865852186674
6550.894315719286	4405.220862781377	6289.66105862641	0.4018361448677854	2528.064129981962
6552.0930155025835	4404.802980452458	6289.1063195654515	0.40183647102544445	2527.841674745257
6553.291715285881	4404.38509812354	6288.551573112252	0.4018367971831035	2527.6192195085514
6554.490415069178	4403.967215794622	6287.996819266657	0.40183712334076255	2527.396764271846
6555.6891148524755	4403.549333465704	6287.442058028523	0.4018374512101732	2527.1743090351406
6556.887814635772	4403.1314511367855	6286.8872893976995	0.4018377807094339	2526.9518537984354
6558.086514419069	4402.713568807868	6286.33251337404	0.40183811020869453	2526.7293985617302
6559.285214202367	4402.295686478949	6285.777729957396	0.4018384397079552	2526.5069433250246
6560.483913985664	4401.877804150031	6285.2229391476185	0.40183876920721584	2526.2844880883194
6561.682613768961	4401.459921821112	6284.668140944563	0.40183909870647644	2526.0620328516143
6562.881313552259	4401.042039492195	6284.113335348079	0.40183942968391556	2525.8395776149086
6564.080013335556	4400.624157163276	6283.55852235802	0.40183976247072134	2525.6171223782035
6565.2787131188525	4400.206274834359	6283.0037019742385	0.4018400952575271	2525.3946671414983
6566.47741290215	4399.78839250544	6282.448874196586	0.4018404280443329	2525.1722119047927
6567.676112685447	4399.370510176523	6281.8940390249145	0.40184076083113873	2524.9497566680875
6568.8748124687445	4398.952627847603	6281.339196459075	0.4018410936179445	2524.7273014313823
6570.073512252042	4398.534745518686	6280.784346498923	0.4018414276562536	2524.5048461946767
6571.272212035339	4398.116863189767	6280.229489144308	0.40184176367687746	2524.2823909579715
6572.4709118186365	4397.69898086085	6279.674624395083	0.40184209969750134	2524.059935721266
6573.669611601934	4397.281098531931	6279.119752251101	0.4018424357181252	2523.8374804845607
6574.86831138523	4396.8632162030135	6278.5648727122125	0.40184277173874905	2523.6150252478556
6576.067011168528	4396.445333874095	6278.009985778272	0.40184310775937293	2523.3925700111504
6577.265710951825	4396.027451545177	6277.455091449127	0.4018434448116605	2523.1701147744448
6578.464410735122	4395.609569216258	6276.900189724634	0.4018437840127029	2522.9476595377396
6579.66311051842	4395.19168688734	6276.345280604645	0.40184412321374524	2522.7252043010344
6580.861810301717	4394.773804558422	6275.790364089011	0.4018444624147876	2522.5027490643292
6582.060510085014	4394.355922229504	6275.235440177586	0.40184480161582997	2522.2802938276236
6583.259209868311	4393.938039900586	6274.680508870217	0.40184514081687234	2522.0578385909184
6584.457909651608	4393.520157571668	6274.125570166762	0.40184548083651217	2521.8353833542133
6585.6566094349055	4393.10227524275	6273.57062406707	0.4018458231648983	2521.612928117508
6586.855309218203	4392.684392913831	6273.015670570993	0.4018461654932844	2521.3904728808025
6588.0540090015	4392.266510584913	6272.460709678384	0.40184650782167053	2521.1680176440973
6589.2527087847975	4391.848628255995	6271.905741389097	0.4018468501500566	2520.9455624073917
6590.451408568095	4391.430745927077	6271.350765702982	0.40184719247844275	2520.7231071706865
6591.650108351391	4391.012863598159	6270.79578261989	0.40184753541907214	2520.5006519339813
6592.848808134689	4390.594981269241	6270.240792139675	0.40184788082205103	2520.2781966972757
6594.047507917986	4390.177098940323	6269.685794262188	0.40184822622502986	2520.0557414605705
6595.246207701283	4389.759216611405	6269.130788987282	0.40184857162800874	2519.8332862238653
6596.444907484581	4389.341334282486	6268.5757763148085	0.40184891703098763	2519.6108309871597
6597.643607267878	4388.9234519535685	6268.02075624462	0.4018492624339665	2519.3883757504545
6598.842307051175	4388.50556962465	6267.46572877657	0.4018496082494853	2519.165920513749
6600.041006834472	4388.087687295732	6266.910693910508	0.4018499566746265	2518.9434652770437
6601.239706617769	4387.669804966814	6266.355651646288	0.40185030509976766	2518.7210100403386
6602.4384064010665	4387.251922637896	6265.800601983759	0.40185065352490884	2518.4985548036334
6603.637106184364	4386.834040308978	6265.245544922777	0.40185100195005	2518.2760995669278
6604.835805967661	4386.416157980059	6264.690480463191	0.4018513503751912	2518.0536443302226
6606.0345057509585	4385.998275651141	6264.135408604856	0.4018516990197594	2517.831189093517
6607.233205534256	4385.580393322223	6263.580329347621	0.4018520504149519	2517.608733856812
6608.431905317552	4385.162510993305	6263.025242691341	0.4018524018101444	2517.3862786201066
6609.63060510085	4384.744628664387	6262.470148635867	0.401852753205337	2517.1638233834014
6610.829304884147	4384.326746335469	6261.915047181049	0.4018531046005295	2516.941368146696
6612.028004667444	4383.908864006551	6261.359938326743	0.401853455995722	2516.7189129099906
6613.226704450742	4383.490981677632	6260.804822072796	0.4018538074237592	2516.496457673285
6614.425404234039	4383.073099348714	6260.249698419065	0.4018541617372091	2516.27400243658
6615.624104017336	4382.655217019796	6259.694567365398	0.401854516050659	2516.051547199874
6616.822803800633	4382.237334690878	6259.139428911651	0.401854870364109	2515.829091963169
6618.02150358393	4381.8194523619595	6258.584283057673	0.4018552246775589	2515.606636726464
6619.220203367227	4381.401570033042	6258.029129803317	0.4018555789910089	2515.3841814897587
6620.418903150525	4380.983687704123	6257.473969148436	0.4018559333044588	2515.161726253053
6621.617602933822	4380.565805375206	6256.918801092879	0.4018562903374208	2514.939271016348
6622.8163027171195	4380.147923046286	6256.363625636501	0.4018566475176496	2514.7168157796423
6624.015002500417	4379.730040717369	6255.808442779152	0.40185700469787833	2514.494360542937
6625.213702283714	4379.31215838845	6255.253252520686	0.4018573618781071	2514.2719053062315
6626.412402067011	4378.894276059533	6254.698054860955	0.4018577190583359	2514.0494500695263
6627.611101850308	4378.476393730614	6254.142849799809	0.4018580762385646	2513.826994832821
6628.809801633605	4378.058511401697	6253.587637337101	0.40185843591344095	2513.6045395961164
6630.008501416903	4377.640629072778	6253.032417472683	0.40185879590928336	2513.382084359411
6631.2072012002	4377.22274674386	6252.477190206406	0.4018591559051258	2513.1596291227056
6632.405900983497	4376.804864414941	6251.921955538124	0.4018595159009682	2512.937173886
6633.604600766795	4376.386982086024	6251.366713467689	0.40185987589681066	2512.714718649295
6634.803300550091	4375.969099757105	6250.811463994952	0.4018602358926531	2512.4922634125896
6636.002000333388	4375.551217428188	6250.2562071197635	0.40186059816494263	2512.2698081758845
6637.200700116686	4375.133335099269	6249.700942841978	0.40186096092554424	2512.047352939179
6638.399399899983	4374.7154527703515	6249.145671161445	0.4018613236861458	2511.8248977024737
6639.59809968328	4374.297570441433	6248.590392078019	0.40186168644674736	2511.602442465768
6640.796799466578	4373.8796881125145	6248.035105591549	0.40186204920734897	2511.379987229063
6641.995499249875	4373.461805783596	6247.47981170189	0.40186241196795053	2511.1575319923577
6643.194199033172	4373.043923454678	6246.924510408894	0.40186277679340393	2510.935076755652
6644.392898816469	4372.62604112576	6246.369201712409	0.40186314226821973	2510.712621518947
6645.591598599766	4372.208158796842	6245.813885612292	0.40186350774303553	2510.4901662822417
6646.790298383064	4371.790276467924	6245.258562108391	0.40186387321785133	2510.267711045536
6647.988998166361	4371.372394139006	6244.70323120056	0.40186423869266713	2510.045255808831
6649.187697949658	4370.954511810087	6244.147892888648	0.40186460416748293	2509.8228005721253
6650.386397732956	4370.536629481169	6243.592547172513	0.4018649715021012	2509.60034533542
6651.585097516252	4370.118747152251	6243.037194052003	0.40186533964089466	2509.377890098715
6652.783797299549	4369.700864823333	6242.481833526967	0.40186570777968805	2509.1554348620093
6653.982497082847	4369.282982494415	6241.926465597262	0.4018660759184815	2508.932979625304
6655.181196866144	4368.865100165497	6241.371090262738	0.40186644405727495	2508.710524388599
6656.379896649441	4368.447217836579	6240.815707523247	0.40186681219606835	2508.4880691518933
6657.578596432739	4368.029335507661	6240.26031737864	0.40186718199610016	2508.265613915188
6658.777296216036	4367.611453178742	6239.704919828769	0.40186755274893843	2508.0431586784825
6659.975995999333	4367.193570849825	6239.149514873489	0.4018679235017767	2507.8207034417774
6661.17469578263	4366.7756885209055	6238.594102512647	0.40186829425461496	2507.598248205072
6662.373395565927	4366.357806191988	6238.038682746098	0.4018686650074532	2507.375792968367
6663.572095349225	4365.9399238630695	6237.483255573693	0.4018690357602915	2507.1533377316614
6664.770795132522	4365.522041534152	6236.9278209952845	0.4018694079822328	2506.930882494956
6665.969494915819	4365.104159205233	6236.372379010723	0.40186978129948814	2506.7084272582506
6667.168194699117	4364.686276876315	6235.816929619862	0.4018701546167434	2506.4859720215454
6668.366894482413	4364.268394547396	6235.261472822553	0.4018705279339987	2506.2635167848402
6669.56559426571	4363.850512218479	6234.7060086186475	0.40187090125125396	2506.041061548135
6670.764294049008	4363.43262988956	6234.150537007997	0.40187127456850924	2505.8186063114294
6671.962993832305	4363.014747560643	6233.595057990454	0.4018716491691019	2505.5961510747243
6673.161693615602	4362.596865231724	6233.03957156587	0.4018720250014477	2505.3736958380186
6674.3603933989	4362.178982902807	6232.484077734097	0.4018724008337935	2505.1512406013135
6675.559093182197	4361.761100573887	6231.9285764949855	0.4018727766661393	2504.928785364608
6676.757792965494	4361.34321824497	6231.373067848391	0.40187315249848504	2504.7063301279027
6677.956492748791	4360.925335916051	6230.817551794161	0.40187352833083084	2504.4838748911975
6679.155192532088	4360.507453587134	6230.262028332149	0.40187390526706074	2504.261419654493
6680.353892315386	4360.089571258215	6229.706497462208	0.4018742835654706	2504.038964417787
6681.552592098683	4359.6716889292975	6229.1509591841905	0.40187466186388043	2503.816509181082
6682.75129188198	4359.253806600379	6228.595413497945	0.40187504016229025	2503.5940539443764
6683.949991665278	4358.835924271461	6228.039860403325	0.40187541846070013	2503.371598707671
6685.148691448575	4358.418041942542	6227.484299900182	0.40187579675910995	2503.149143470966
6686.347391231871	4358.000159613624	6226.928731988369	0.40187617598820563	2502.9266882342604
6687.546091015169	4357.582277284706	6226.373156667736	0.40187655670395034	2502.704232997555
6688.744790798466	4357.164394955788	6225.817573938137	0.401876937419695	2502.48177776085
6689.943490581763	4356.74651262687	6225.2619837994225	0.40187731813543964	2502.2593225241444
6691.142190365061	4356.328630297952	6224.706386251443	0.40187769885118435	2502.0368672874392
6692.340890148358	4355.910747969034	6224.150781294054	0.401878079566929	2501.8144120507336
6693.539589931655	4355.492865640115	6223.595168927102	0.40187846104636044	2501.5919568140284
6694.738289714952	4355.074983311198	6223.039549150444	0.40187884413100794	2501.3695015773233
6695.936989498249	4354.657100982279	6222.483921963928	0.40187922721565544	2501.147046340618
6697.135689281547	4354.239218653361	6221.928287367407	0.40187961030030295	2500.9245911039125
6698.334389064844	4353.821336324443	6221.372645360734	0.40187999338495045	2500.7021358672073
6699.533088848141	4353.403453995525	6220.816995943759	0.40188037646959796	2500.4796806305017
6700.731788631439	4352.985571666607	6220.261339116336	0.4018807601570756	2500.2572253937965
6701.930488414736	4352.567689337688	6219.705674878313	0.4018811455624878	2500.0347701570913
6703.129188198032	4352.149807008771	6219.150003229547	0.4018815309678999	2499.812314920386
6704.32788798133	4351.7319246798515	6218.594324169884	0.40188191637331205	2499.5898596836805
6705.526587764627	4351.314042350934	6218.03863769918	0.4018823017787242	2499.3674044469753
6706.725287547924	4350.8961600220155	6217.482943817286	0.40188268718413633	2499.1449492102697
6707.923987331222	4350.478277693098	6216.927242524051	0.40188307303760884	2498.9224939735645
6709.122687114519	4350.060395364179	6216.37153381933	0.40188346071593967	2498.700038736859
6710.321386897816	4349.642513035262	6215.815817702972	0.40188384839427044	2498.4775835001537
6711.520086681113	4349.224630706343	6215.260094174832	0.40188423607260126	2498.2551282634486
6712.71878646441	4348.806748377426	6214.7043632347595	0.40188462375093204	2498.0326730267434
6713.9174862477075	4348.388866048506	6214.148624882604	0.40188501142926286	2497.8102177900378
6715.116186031005	4347.970983719589	6213.592879118223	0.4018853994069162	2497.5877625533326
6716.314885814302	4347.55310139067	6213.037125941463	0.4018857893106113	2497.365307316627
6717.5135855976	4347.135219061753	6212.48136535218	0.40188617921430636	2497.142852079922
6718.712285380897	4346.717336732834	6211.925597350221	0.40188656911800147	2496.920396843216
6719.910985164193	4346.299454403917	6211.369821935443	0.4018869590216966	2496.697941606511
6721.109684947491	4345.881572074998	6210.814039107693	0.40188734892539163	2496.475486369806
6722.308384730788	4345.46368974608	6210.258248866823	0.40188773898564834	2496.2530311331006
6723.507084514085	4345.045807417161	6209.702451212687	0.40188813106744137	2496.030575896395
6724.705784297383	4344.6279250882435	6209.146646145137	0.40188852314923434	2495.80812065969
6725.90448408068	4344.210042759325	6208.590833664024	0.4018889152310274	2495.585665422984
6727.103183863977	4343.792160430407	6208.035013769198	0.40188930731282035	2495.363210186279
6728.301883647275	4343.374278101489	6207.479186460512	0.4018896993946134	2495.1407549495743
6729.500583430571	4342.956395772571	6206.923351737818	0.40189009149612986	2494.918299712869
6730.6992832138685	4342.538513443653	6206.3675096009665	0.4018904857090423	2494.6958444761635
6731.897982997166	4342.120631114734	6205.81166004981	0.4018908799219547	2494.4733892394584
6733.096682780463	4341.702748785816	6205.255803084199	0.4018912741348672	2494.2509340027527
6734.2953825637605	4341.284866456898	6204.699938703989	0.4018916683477796	2494.0284787660476
6735.494082347058	4340.86698412798	6204.144066909026	0.40189206256069204	2493.8060235293424
6736.692782130355	4340.449101799062	6203.588187699166	0.4018924567736045	2493.5835682926368
6737.891481913652	4340.031219470144	6203.0323010742595	0.4018928529596964	2493.3611130559316
6739.090181696949	4339.613337141226	6202.476407034156	0.4018932492570341	2493.1386578192264
6740.288881480246	4339.195454812307	6201.920505578709	0.40189364555437185	2492.916202582521
6741.487581263544	4338.777572483389	6201.36459670777	0.40189404185170957	2492.6937473458156
6742.686281046841	4338.359690154471	6200.808680421192	0.40189443814904724	2492.47129210911
6743.884980830138	4337.941807825553	6200.2527567188245	0.40189483444638496	2492.248836872405
6745.083680613436	4337.523925496635	6199.69682560052	0.40189523254533877	2492.0263816356996
6746.282380396732	4337.106043167717	6199.14088706613	0.4018956308806922	2491.803926398994
6747.4810801800295	4336.6881608387985	6198.584941115505	0.4018960292160456	2491.581471162289
6748.679779963327	4336.27027850988	6198.0289877484975	0.40189642755139904	2491.3590159255837
6749.878479746624	4335.8523961809615	6197.473026964959	0.40189682588675246	2491.136560688878
6751.0771795299215	4335.434513852044	6196.917058764742	0.4018972242221059	2490.914105452173
6752.275879313219	4335.016631523125	6196.361083147697	0.40189762419355635	2490.6916502154672
6753.474579096516	4334.598749194208	6195.805100113677	0.40189802452079787	2490.469194978762
6754.673278879813	4334.180866865289	6195.249109662533	0.40189842484803934	2490.246739742057
6755.87197866311	4333.762984536372	6194.693111794114	0.40189882517528086	2490.0242845053517
6757.070678446407	4333.345102207453	6194.137106508276	0.4018992255025224	2489.801829268646
6758.269378229705	4332.927219878535	6193.581093804865	0.40189962582976385	2489.579374031941
6759.468078013002	4332.509337549616	6193.025073683739	0.40190002763357274	2489.3569187952353
6760.666777796299	4332.091455220699	6192.469046144744	0.40190042990685404	2489.13446355853
6761.865477579597	4331.67357289178	6191.913011187736	0.4019008321801353	2488.912008321825
6763.064177362893	4331.255690562863	6191.356968812564	0.4019012344534165	2488.6895530851198
6764.2628771461905	4330.837808233944	6190.80091901908	0.40190163672669776	2488.467097848414
6765.461576929488	4330.4199259050265	6190.244861807135	0.401902038999979	2488.244642611709
6766.660276712785	4330.002043576107	6189.68879717658	0.401902442596235	2488.0221873750033
6767.8589764960825	4329.5841612471895	6189.13272512727	0.4019028467699869	2487.799732138298
6769.05767627938	4329.166278918271	6188.576645659053	0.40190325094373885	2487.577276901593
6770.256376062677	4328.748396589353	6188.020558771782	0.40190365511749077	2487.3548216648874
6771.4550758459745	4328.330514260435	6187.464464465308	0.40190405929124273	2487.132366428182
6772.653775629271	4327.912631931517	6186.908362739483	0.40190446346499464	2486.909911191477
6773.852475412568	4327.494749602599	6186.352253594159	0.4019048688140109	2486.6874559547714
6775.051175195866	4327.07686727368	6185.796137029184	0.4019052748429405	2486.465000718066
6776.249874979163	4326.658984944762	6185.240013044416	0.40190568087187006	2486.2425454813606
6777.44857476246	4326.241102615844	6184.683881639699	0.4019060869007996	2486.0200902446554
6778.647274545758	4325.823220286926	6184.127742814892	0.4019064929297292	2485.7976350079507
6779.845974329055	4325.405337958008	6183.571596569842	0.4019068989586587	2485.575179771245
6781.0446741123515	4324.98745562909	6183.0154429044005	0.40190730602097247	2485.35272453454
6782.243373895649	4324.569573300172	6182.45928181842	0.40190771386006197	2485.1302692978347
6783.442073678946	4324.151690971254	6181.903113311751	0.40190812169915147	2484.907814061129
6784.6407734622435	4323.733808642335	6181.346937384246	0.401908529538241	2484.685358824424
6785.839473245541	4323.315926313418	6180.790754035756	0.4019089373773305	2484.4629035877183
6787.038173028838	4322.898043984499	6180.234563266134	0.40190934521642	2484.240448351013
6788.2368728121355	4322.4801616555815	6179.67836507523	0.40190975395279094	2484.017993114308
6789.435572595432	4322.062279326663	6179.122159462895	0.40191016355729614	2483.795537877603
6790.634272378729	4321.644396997745	6178.565946428981	0.4019105731618014	2483.573082640897
6791.832972162027	4321.226514668827	6178.00972597334	0.4019109827663066	2483.350627404192
6793.031671945324	4320.808632339908	6177.453498095822	0.4019113923708118	2483.1281721674864
6794.230371728621	4320.39075001099	6176.89726279628	0.40191180197531706	2482.905716930781
6795.429071511919	4319.972867682072	6176.341020074566	0.40191221234672603	2482.683261694076
6796.627771295216	4319.554985353154	6175.78476993053	0.40191262367217395	2482.4608064573704
6797.826471078512	4319.137103024236	6175.228512364023	0.4019130349976219	2482.238351220665
6799.02517086181	4318.719220695318	6174.672247374898	0.40191344632306986	2482.01589598396
6800.223870645107	4318.3013383664	6174.115974963005	0.4019138576485178	2481.7934407472544
6801.4225704284045	4317.883456037482	6173.559695128197	0.4019142689739657	2481.5709855105492
6802.621270211702	4317.465573708563	6173.003407870322	0.40191468094161353	2481.348530273844
6803.819969994999	4317.047691379645	6172.447113189236	0.4019150939438015	2481.1260750371384
6805.0186697782965	4316.629809050727	6171.890811084788	0.40191550694598943	2480.9036198004333
6806.217369561593	4316.211926721809	6171.334501556829	0.4019159199481774	2480.681164563728
6807.41606934489	4315.794044392891	6170.778184605213	0.40191633295036533	2480.4587093270225
6808.614769128188	4315.3761620639725	6170.221860229788	0.4019167459525533	2480.2362540903173
6809.813468911485	4314.958279735055	6169.665528430408	0.40191715947785966	2480.0137988536117
6811.012168694782	4314.5403974061355	6169.109189206921	0.4019175741128537	2479.7913436169065
6812.21086847808	4314.122515077218	6168.552842559184	0.4019179887478478	2479.568888380201
6813.409568261377	4313.704632748299	6167.996488487042	0.4019184033828418	2479.3464331434957
6814.608268044673	4313.286750419382	6167.440126990352	0.40191881801783585	2479.1239779067905
6815.806967827971	4312.868868090463	6166.883758068962	0.4019192326528299	2478.9015226700853
6817.005667611268	4312.450985761546	6166.327381722725	0.4019196476974323	2478.6790674333797
6818.204367394565	4312.033103432627	6165.77099795149	0.40192006392156443	2478.4566121966745
6819.403067177863	4311.61522110371	6165.214606755111	0.40192048014569653	2478.234156959969
6820.60176696116	4311.19733877479	6164.658208133437	0.4019208963698287	2478.0117017232637
6821.8004667444575	4310.779456445873	6164.101802086321	0.4019213125939608	2477.7892464865586
6822.999166527755	4310.361574116954	6163.545388613616	0.4019217288180929	2477.566791249853
6824.197866311051	4309.943691788037	6162.9889677151705	0.4019221453438444	2477.3443360131478
6825.396566094349	4309.525809459118	6162.432539390836	0.4019225631137116	2477.1218807764426
6826.595265877646	4309.107927130201	6161.876103640467	0.4019229808835788	2476.899425539737
6827.793965660943	4308.690044801282	6161.319660463909	0.401923398653446	2476.6769703030322
6828.992665444241	4308.272162472364	6160.7632098610175	0.4019238164233132	2476.454515066327
6830.191365227538	4307.854280143445	6160.2067518316435	0.4019242341931804	2476.2320598296214
6831.390065010835	4307.4363978145275	6159.650286375639	0.40192465216214923	2476.0096045929163
6832.588764794132	4307.018515485609	6159.093813492854	0.4019250714346129	2475.787149356211
6833.787464577429	4306.600633156691	6158.53733318314	0.4019254907070766	2475.5646941195055
6834.986164360726	4306.182750827773	6157.980845446348	0.4019259099795403	2475.3422388828003
6836.184864144024	4305.764868498855	6157.424350282329	0.40192632925200394	2475.119783646095
6837.383563927321	4305.346986169936	6156.867847690935	0.40192674852446764	2474.8973284093895
6838.5822637106185	4304.929103841018	6156.3113376720175	0.4019271678989366	2474.6748731726843
6839.780963493916	4304.5112215121	6155.754820225429	0.4019275886311194	2474.4524179359787
6840.979663277212	4304.093339183182	6155.19829535102	0.40192800936330214	2474.2299626992735
6842.17836306051	4303.675456854264	6154.6417630486385	0.4019284300954849	2474.0075074625684
6843.377062843807	4303.257574525346	6154.08522331814	0.40192885082766766	2473.7850522258627
6844.575762627104	4302.839692196428	6153.528676159373	0.4019292715598504	2473.5625969891576
6845.774462410402	4302.421809867509	6152.972121572191	0.40192969230231435	2473.340141752452
6846.973162193699	4302.003927538591	6152.415559556443	0.4019301144515988	2473.1176865157468
6848.171861976996	4301.586045209673	6151.858990111984	0.4019305366008833	2472.8952312790416
6849.370561760293	4301.168162880755	6151.302413238663	0.40193095875016777	2472.6727760423364
6850.56926154359	4300.750280551837	6150.745828936329	0.40193138089945224	2472.450320805631
6851.767961326887	4300.3323982229185	6150.189237204836	0.4019318030487367	2472.2278655689256
6852.966661110185	4299.914515894001	6149.632638044035	0.4019322251980212	2472.00541033222
6854.165360893482	4299.496633565082	6149.0760314537765	0.4019326486459298	2471.782955095515
6855.364060676779	4299.078751236164	6148.519417433911	0.40193307216995794	2471.5604998588096
6856.562760460077	4298.6608689072455	6147.962795984293	0.401933495693986	2471.338044622104
6857.761460243373	4298.242986578328	6147.406167104771	0.4019339192180141	2471.115589385399
6858.960160026671	4297.825104249409	6146.849530795196	0.4019343427420422	2470.8931341486937
6860.158859809968	4297.407221920492	6146.292887055421	0.4019347662660703	2470.670678911988
6861.357559593265	4296.989339591573	6145.736235885295	0.4019351909654958	2470.448223675283
6862.556259376563	4296.571457262656	6145.179577284673	0.40193561582216636	2470.2257684385777
6863.75495915986	4296.153574933736	6144.6229112534	0.4019360406788369	2470.003313201872
6864.953658943157	4295.735692604819	6144.066237791334	0.4019364655355075	2469.780857965167
6866.152358726454	4295.3178102759	6143.509556898323	0.401936890392178	2469.5584027284617
6867.351058509751	4294.899927946983	6142.952868574217	0.40193731524884857	2469.335947491756
6868.549758293048	4294.482045618064	6142.396172818869	0.40193774116317216	2469.113492255051
6869.748458076346	4294.064163289147	6141.839469632129	0.40193816731063936	2468.8910370183453
6870.947157859643	4293.646280960228	6141.282759013851	0.4019385934581065	2468.66858178164
6872.14585764294	4293.2283986313105	6140.726040963883	0.40193901960557366	2468.446126544935
6873.344557426238	4292.810516302391	6140.169315482077	0.40193944575304086	2468.2236713082293
6874.543257209535	4292.3926339734735	6139.612582568286	0.401939871900508	2468.001216071524
6875.741956992832	4291.974751644555	6139.055842222358	0.40194029899331707	2467.778760834819
6876.940656776129	4291.556869315637	6138.499094444147	0.4019407263899888	2467.5563055981133
6878.139356559426	4291.138986986719	6137.942339233502	0.40194115378666057	2467.3338503614086
6879.338056342724	4290.721104657801	6137.385576590277	0.4019415811833323	2467.111395124703
6880.536756126021	4290.303222328883	6136.82880651432	0.401942008580004	2466.888939887998
6881.735455909318	4289.885339999964	6136.272029005482	0.4019424359766758	2466.6664846512926
6882.934155692616	4289.467457671046	6135.715244063618	0.40194286421176356	2466.444029414587
6884.132855475912	4289.049575342128	6135.158451688577	0.4019432928163012	2466.221574177882
6885.331555259209	4288.63169301321	6134.601651880209	0.40194372142083884	2465.9991189411767
6886.530255042507	4288.213810684292	6134.044844638367	0.4019441500253764	2465.776663704471
6887.728954825804	4287.795928355374	6133.4880299629	0.40194457862991406	2465.554208467766
6888.927654609101	4287.378046026456	6132.931207853661	0.4019450072344517	2465.3317532310607
6890.126354392399	4286.960163697538	6132.374378310502	0.40194543657581516	2465.109297994355
6891.325054175696	4286.542281368619	6131.81754133327	0.4019458663471301	2464.88684275765
6892.5237539589925	4286.1243990397015	6131.260696921821	0.40194629611844507	2464.6643875209447
6893.72245374229	4285.706516710783	6130.703845076004	0.40194672588976	2464.441932284239
6894.921153525587	4285.2886343818645	6130.146985795668	0.4019471556610749	2464.219477047534
6896.119853308885	4284.870752052947	6129.590119080667	0.4019475854323899	2463.9970218108288
6897.318553092182	4284.4528697240285	6129.033244930853	0.4019480158442285	2463.774566574123
6898.517252875479	4284.034987395111	6128.476363346073	0.4019484467414814	2463.552111337418
6899.715952658777	4283.6171050661915	6127.919474326181	0.4019488776387342	2463.3296561007123
6900.914652442073	4283.199222737275	6127.362577871029	0.4019493085359871	2463.107200864007
6902.11335222537	4282.781340408355	6126.805673980465	0.40194973943323997	2462.884745627302
6903.312052008668	4282.363458079438	6126.248762654342	0.40195017033049285	2462.6622903905964
6904.510751791965	4281.945575750519	6125.691843892512	0.4019506017772085	2462.439835153891
6905.709451575262	4281.527693421602	6125.134917694823	0.40195103375980895	2462.2173799171856
6906.90815135856	4281.109811092683	6124.577984061129	0.4019514657424094	2461.9949246804804
6908.106851141857	4280.691928763766	6124.021042991281	0.4019518977250099	2461.772469443775
6909.3055509251535	4280.274046434847	6123.464094485128	0.40195232970761036	2461.55001420707
6910.504250708451	4279.85616410593	6122.907138542524	0.4019527616902108	2461.3275589703644
6911.702950491748	4279.43828177701	6122.350175163315	0.4019531941364057	2461.1051037336592
6912.9016502750455	4279.020399448093	6121.7932043473575	0.40195362716400834	2460.8826484969536
6914.100350058343	4278.602517119174	6121.236226094499	0.40195406019161095	2460.6601932602484
6915.29904984164	4278.1846347902565	6120.679240404594	0.4019544932192136	2460.4377380235433
6916.497749624938	4277.766752461337	6120.12224727749	0.4019549262468162	2460.2152827868376
6917.696449408234	4277.34887013242	6119.56524671304	0.4019553592744189	2459.9928275501325
6918.895149191531	4276.930987803502	6119.008238711094	0.4019557926848946	2459.7703723134273
6920.093848974829	4276.513105474583	6118.451223271503	0.4019562267174	2459.5479170767217
6921.292548758126	4276.095223145665	6117.894200394119	0.4019566607499054	2459.3254618400165
6922.491248541423	4275.677340816747	6117.337170078793	0.4019570947824108	2459.1030066033113
6923.689948324721	4275.259458487829	6116.780132325376	0.4019575288149162	2458.8805513666057
6924.888648108018	4274.841576158911	6116.223087133718	0.4019579628474216	2458.6580961299005
6926.087347891315	4274.423693829993	6115.666034503671	0.40195839718717863	2458.435640893195
6927.286047674612	4274.005811501075	6115.108974435087	0.4019588321847306	2458.21318565649
6928.484747457909	4273.587929172157	6114.551906927813	0.4019592671822826	2457.990730419785
6929.6834472412065	4273.170046843238	6113.994831981704	0.40195970217983457	2457.76827518308
6930.882147024504	4272.75216451432	6113.437749596609	0.40196013717738655	2457.545819946374
6932.080846807801	4272.334282185402	6112.880659772381	0.40196057217493847	2457.323364709669
6933.279546591099	4271.916399856484	6112.323562508868	0.4019610074091744	2457.1009094729634
6934.478246374396	4271.498517527565	6111.766457805922	0.4019614433321582	2456.878454236258
6935.676946157692	4271.0806351986475	6111.209345663399	0.401961879255142	2456.655998999553
6936.87564594099	4270.662752869729	6110.652226081141	0.4019623151781258	2456.4335437628474
6938.074345724287	4270.244870540811	6110.095099059005	0.40196275110110963	2456.2110885261422
6939.273045507584	4269.826988211893	6109.537964596841	0.40196318702409345	2455.988633289437
6940.471745290882	4269.4091058829745	6108.9808226945	0.4019636231182017	2455.7661780527314
6941.670445074179	4268.991223554057	6108.423673351831	0.4019640599272434	2455.5437228160263
6942.869144857476	4268.573341225138	6107.866516568688	0.4019644967362851	2455.3212675793206
6944.067844640773	4268.155458896221	6107.309352344921	0.40196493354532675	2455.0988123426155
6945.26654442407	4267.737576567302	6106.752180680378	0.4019653703543684	2454.8763571059103
6946.4652442073675	4267.319694238384	6106.195001574912	0.4019658071634101	2454.6539018692047
6947.663943990665	4266.901811909465	6105.6378150283745	0.4019662440829796	2454.4314466324995
6948.862643773962	4266.483929580548	6105.080621040617	0.4019666817389444	2454.2089913957943
6950.0613435572595	4266.066047251629	6104.52341961149	0.4019671193949092	2453.9865361590887
6951.260043340557	4265.648164922712	6103.966210740844	0.401967557050874	2453.7640809223835
6952.458743123853	4265.230282593793	6103.40899442853	0.4019679947068388	2453.5416256856784
6953.657442907151	4264.812400264876	6102.851770674398	0.40196843236280355	2453.3191704489727
6954.856142690448	4264.394517935956	6102.294539478299	0.40196887007361726	2453.0967152122676
6956.054842473745	4263.976635607039	6101.7373008400855	0.40196930853760793	2452.8742599755624
6957.253542257043	4263.55875327812	6101.180054759608	0.4019697470015986	2452.6518047388568
6958.45224204034	4263.1408709492025	6100.622801236716	0.4019701854655892	2452.4293495021516
6959.650941823637	4262.722988620284	6100.065540271263	0.4019706239295799	2452.206894265446
6960.849641606934	4262.305106291366	6099.508271863098	0.40197106239357056	2451.984439028741
6962.048341390231	4261.887223962448	6098.950996012071	0.4019715008616043	2451.7619837920356
6963.2470411735285	4261.46934163353	6098.393712718035	0.40197194009495957	2451.53952855533
6964.445740956826	4261.051459304611	6097.836421980839	0.4019723793283148	2451.317073318625
6965.644440740123	4260.633576975693	6097.279123800336	0.40197281856167005	2451.0946180819196
6966.8431405234205	4260.215694646775	6096.721818176375	0.40197325779502524	2450.872162845214
6968.041840306718	4259.797812317857	6096.164505108808	0.4019736970283805	2450.649707608509
6969.240540090015	4259.379929988939	6095.607184597486	0.4019741362617357	2450.427252371803
6970.439239873312	4258.962047660021	6095.0498566422575	0.4019745761840956	2450.204797135098
6971.637939656609	4258.544165331103	6094.492521242977	0.4019750161483892	2449.982341898393
6972.836639439906	4258.126283002184	6093.935178399492	0.40197545611268287	2449.7598866616872
6974.035339223204	4257.708400673266	6093.377828111656	0.40197589607697654	2449.537431424982
6975.234039006501	4257.290518344348	6092.820470379317	0.4019763360412702	2449.314976188277
6976.432738789798	4256.8726360154305	6092.263105202331	0.40197677600556386	2449.0925209515713
6977.631438573096	4256.454753686512	6091.705732580543	0.4019772165794768	2448.8700657148665
6978.830138356392	4256.036871357594	6091.1483525138065	0.40197765723651563	2448.6476104781614
6980.0288381396895	4255.618989028676	6090.590965001973	0.4019780978935544	2448.4251552414557
6981.227537922987	4255.201106699758	6090.033570044891	0.4019785385505932	2448.2027000047506
6982.426237706284	4254.783224370839	6089.476167642413	0.4019789792076319	2447.9802447680454
6983.6249374895815	4254.365342041921	6088.918757794389	0.40197941986467073	2447.7577895313398
6984.823637272879	4253.947459713003	6088.361340500673	0.40197986105691685	2447.5353342946346
6986.022337056176	4253.529577384085	6087.803915761111	0.4019803023687395	2447.312879057929
6987.221036839473	4253.111695055167	6087.246483575557	0.40198074368056214	2447.090423821224
6988.41973662277	4252.693812726249	6086.689043943861	0.4019811849923848	2446.8679685845186
6989.618436406067	4252.275930397331	6086.131596865873	0.4019816263042074	2446.6455133478134
6990.817136189365	4251.858048068412	6085.574142341444	0.40198206761603006	2446.423058111108
6992.015835972662	4251.440165739494	6085.016680370425	0.40198250939357705	2446.2006028744026
6993.214535755959	4251.022283410576	6084.459210952668	0.40198295132245326	2445.978147637697
6994.413235539257	4250.604401081658	6083.901734088024	0.4019833932513295	2445.755692400992
6995.611935322553	4250.18651875274	6083.344249776341	0.40198383518020575	2445.5332371642867
6996.81063510585	4249.768636423822	6082.786758017471	0.40198427710908197	2445.3107819275815
6998.009334889148	4249.350754094904	6082.229258811265	0.4019847190379582	2445.088326690876
6999.208034672445	4248.9328717659855	6081.671752157576	0.40198516136796003	2444.8658714541707
7000.4067344557425	4248.514989437067	6081.114238056249	0.40198560387638854	2444.643416217465
7001.60543423904	4248.0971071081485	6080.556716507141	0.40198604638481705	2444.42096098076
7002.804134022337	4247.679224779231	6079.9991875100995	0.4019864888932456	2444.1985057440543
7004.002833805634	4247.261342450312	6079.441651064976	0.40198693140167413	2443.976050507349
7005.201533588931	4246.843460121395	6078.884107171622	0.40198737391010264	2443.753595270644
7006.400233372228	4246.425577792476	6078.326555829885	0.40198781675989814	2443.5311400339383
7007.598933155526	4246.007695463559	6077.768997039621	0.40198825981060493	2443.308684797233
7008.797632938823	4245.589813134639	6077.211430800675	0.40198870286131166	2443.086229560528
7009.99633272212	4245.171930805722	6076.653857112904	0.40198914591201845	2442.8637743238223
7011.195032505418	4244.754048476803	6076.096275976153	0.40198958896272524	2442.641319087117
7012.393732288714	4244.336166147886	6075.538687390276	0.40199003201343203	2442.418863850412
7013.592432072011	4243.918283818967	6074.981091355124	0.4019904753505444	2442.1964086137064
7014.791131855309	4243.50040149005	6074.423487870545	0.40199091890648236	2441.973953377001
7015.989831638606	4243.082519161131	6073.865876936392	0.40199136246242034	2441.751498140296
7017.1885314219035	4242.6646368322135	6073.3082585525135	0.4019918060183583	2441.5290429035904
7018.387231205201	4242.246754503294	6072.750632718762	0.4019922495742963	2441.306587666885
7019.585930988498	4241.828872174377	6072.192999434988	0.4019926931302343	2441.0841324301796
7020.7846307717955	4241.410989845458	6071.635358701043	0.40199313692237004	2440.8616771934744
7021.983330555092	4240.9931075165405	6071.077710516776	0.4019935809467172	2440.6392219567692
7023.182030338389	4240.575225187622	6070.5200548820385	0.40199402497106435	2440.416766720064
7024.380730121687	4240.157342858704	6069.962391796682	0.4019944689954115	2440.1943114833584
7025.579429904984	4239.739460529785	6069.404721260554	0.4019949130197587	2439.9718562466533
7026.778129688281	4239.321578200867	6068.847043273509	0.4019953570441059	2439.749401009948
7027.976829471579	4238.903695871949	6068.289357835397	0.4019958012591535	2439.526945773243
7029.175529254876	4238.485813543031	6067.731664946066	0.401996245715311	2439.3044905365377
7030.374229038172	4238.067931214113	6067.173964605371	0.4019966901714685	2439.082035299832
7031.57292882147	4237.650048885195	6066.616256813158	0.40199713462762593	2438.859580063127
7032.771628604767	4237.232166556277	6066.058541569281	0.4019975790837834	2438.6371248264218
7033.970328388064	4236.814284227359	6065.500818873588	0.4019980235399409	2438.414669589716
7035.169028171362	4236.396401898441	6064.943088725934	0.40199846814597023	2438.192214353011
7036.367727954659	4235.978519569522	6064.385351126162	0.40199891299756263	2437.9697591163053
7037.5664277379565	4235.560637240604	6063.827606074131	0.401999357849155	2437.7473038796
7038.765127521253	4235.142754911686	6063.269853569689	0.4019998027007474	2437.524848642895
7039.96382730455	4234.724872582768	6062.712093612683	0.4020002475523398	2437.3023934061894
7041.162527087848	4234.30699025385	6062.154326202968	0.4020006924039322	2437.079938169484
7042.361226871145	4233.8891079249315	6061.596551340392	0.4020011373691934	2436.857482932779
7043.559926654442	4233.471225596013	6061.038769024805	0.4020015825800649	2436.6350276960734
7044.75862643774	4233.0533432670945	6060.480979256061	0.40200202779093647	2436.412572459368
7045.957326221037	4232.635460938177	6059.923182034009	0.40200247300180797	2436.1901172226626
7047.156026004333	4232.2175786092585	6059.3653773585	0.4020029182126795	2435.9676619859574
7048.354725787631	4231.799696280341	6058.807565229383	0.4020033634235511	2435.7452067492522
7049.553425570928	4231.381813951422	6058.249745646511	0.4020038087164729	2435.522751512547
7050.752125354225	4230.963931622505	6057.69191860973	0.40200425425068875	2435.3002962758414
7051.950825137523	4230.546049293586	6057.134084118898	0.40200469978490466	2435.0778410391363
7053.14952492082	4230.128166964668	6056.576242173856	0.4020051453191205	2434.8553858024306
7054.3482247041175	4229.710284635749	6056.018392774465	0.40200559085333637	2434.6329305657255
7055.546924487414	4229.292402306832	6055.460535920569	0.4020060363875522	2434.4104753290203
7056.745624270711	4228.874519977913	6054.902671612019	0.4020064819767424	2434.188020092315
7057.944324054009	4228.456637648996	6054.344799848668	0.40200692779858554	2433.9655648556095
7059.143023837306	4228.038755320077	6053.786920630365	0.4020073736204287	2433.7431096189043
7060.341723620603	4227.62087299116	6053.229033956961	0.40200781944227193	2433.5206543821987
7061.540423403901	4227.20299066224	6052.671139828304	0.4020082652641151	2433.2981991454935
7062.739123187198	4226.785108333323	6052.113238244249	0.40200871108595826	2433.075743908788
7063.937822970494	4226.367226004404	6051.555329204645	0.4020091569402012	2432.8532886720827
7065.136522753792	4225.9493436754865	6050.997412709342	0.40200960301417205	2432.6308334353776
7066.335222537089	4225.531461346568	6050.43948875819	0.402010049088143	2432.4083781986724
7067.533922320386	4225.11357901765	6049.88155735104	0.40201049516211385	2432.1859229619668
7068.732622103684	4224.695696688732	6049.323618487744	0.4020109412360847	2431.9634677252616
7069.931321886981	4224.277814359814	6048.76567216815	0.4020113873100556	2431.741012488556
7071.130021670278	4223.859932030895	6048.207718392109	0.40201183339831215	2431.518557251851
7072.328721453576	4223.442049701977	6047.649757159474	0.40201227968912634	2431.296102015145
7073.527421236872	4223.024167373059	6047.091788470093	0.40201272597994053	2431.07364677844
7074.72612102017	4222.606285044141	6046.533812323818	0.40201317227075467	2430.851191541735
7075.924820803467	4222.188402715223	6045.975828720498	0.40201361856156886	2430.6287363050296
7077.123520586764	4221.770520386305	6045.417837659985	0.40201406485238306	2430.4062810683245
7078.322220370062	4221.352638057387	6044.859839142128	0.40201451114378894	2430.1838258316193
7079.520920153359	4220.934755728468	6044.301833166778	0.4020149576163778	2429.9613705949137
7080.719619936656	4220.51687339955	6043.743819733787	0.40201540408896663	2429.7389153582085
7081.918319719953	4220.098991070632	6043.185798843004	0.4020158505615555	2429.5164601215033
7083.11701950325	4219.681108741714	6042.62777049428	0.4020162970341443	2429.294004884798
7084.315719286547	4219.263226412796	6042.069734687465	0.4020167435067331	2429.0715496480925
7085.514419069845	4218.8453440838775	6041.511691422411	0.40201718997932195	2428.8490944113873
7086.713118853142	4218.42746175496	6040.953640698965	0.40201763659010603	2428.6266391746817
7087.911818636439	4218.0095794260415	6040.395582516982	0.4020180832096126	2428.4041839379765
7089.110518419737	4217.591697097123	6039.837516876309	0.4020185298291192	2428.1817287012714
7090.309218203033	4217.173814768205	6039.279443776798	0.4020189764486257	2427.959273464566
7091.5079179863305	4216.755932439287	6038.721363218298	0.40201942306813226	2427.7368182278606
7092.706617769628	4216.338050110368	6038.163275200663	0.4020198696876388	2427.5143629911554
7093.905317552925	4215.920167781451	6037.605179723739	0.4020203164057225	2427.2919077544498
7095.104017336223	4215.502285452532	6037.047076787379	0.40202076313750307	2427.0694525177446
7096.30271711952	4215.084403123614	6036.488966391433	0.4020212098692836	2426.846997281039
7097.501416902817	4214.666520794695	6035.930848535752	0.40202165660106415	2426.624542044334
7098.700116686114	4214.248638465778	6035.3727232201845	0.4020221033328447	2426.4020868076286
7099.898816469411	4213.830756136859	6034.814590444585	0.40202255006462523	2426.179631570923
7101.097516252708	4213.412873807942	6034.256450208798	0.40202299685987536	2425.957176334218
7102.296216036006	4212.994991479023	6033.69830251268	0.4020234436694964	2425.7347210975126
7103.494915819303	4212.577109150106	6033.140147356077	0.40202389047911735	2425.512265860807
7104.6936156026	4212.159226821187	6032.581984738841	0.4020243372887384	2425.289810624102
7105.892315385898	4211.741344492269	6032.023814660822	0.4020247840983594	2425.067355387396
7107.091015169194	4211.323462163351	6031.4656371218725	0.40202523090798037	2424.844900150691
7108.2897149524915	4210.9055798344325	6030.90745212184	0.4020256777504339	2424.622444913986
7109.488414735789	4210.487697505514	6030.349259660575	0.4020261246036714	2424.3999896772807
7110.687114519086	4210.069815176596	6029.7910597379305	0.4020265714569088	2424.177534440575
7111.885814302384	4209.651932847678	6029.232852353755	0.40202701831014626	2423.95507920387
7113.084514085681	4209.23405051876	6028.6746375079	0.4020274651633837	2423.7326239671643
7114.283213868978	4208.816168189841	6028.116415200214	0.4020279120166212	2423.510168730459
7115.481913652275	4208.398285860924	6027.55818543055	0.40202835887648447	2423.287713493754
7116.680613435572	4207.980403532005	6026.999948198755	0.4020288057393228	2423.0652582570488
7117.879313218869	4207.562521203087	6026.441703504683	0.4020292526021611	2422.842803020343
7119.078013002167	4207.144638874169	6025.883451348182	0.40202969946499945	2422.620347783638
7120.276712785464	4206.726756545251	6025.325191729103	0.4020301463278378	2422.3978925469323
7121.475412568761	4206.308874216333	6024.766924647296	0.4020305931906761	2422.175437310227
7122.674112352059	4205.890991887415	6024.208650102613	0.4020310400383239	2421.952982073522
7123.872812135356	4205.473109558496	6023.650368094901	0.4020314868769544	2421.7305268368164
7125.0715119186525	4205.055227229579	6023.092078624016	0.4020319337155849	2421.508071600111
7126.27021170195	4204.63734490066	6022.533781689801	0.40203238055421536	2421.285616363406
7127.468911485247	4204.219462571742	6021.9754772921115	0.4020328273928459	2421.063161126701
7128.6676112685445	4203.801580242824	6021.417165430797	0.4020332742314764	2420.8407058899957
7129.866311051842	4203.383697913906	6020.858846105708	0.4020337210374507	2420.61825065329
7131.065010835139	4202.9658155849875	6020.300519316694	0.4020341678182704	2420.395795416585
7132.263710618437	4202.547933256069	6019.742185063603	0.40203461459909007	2420.1733401798792
7133.462410401733	4202.130050927151	6019.183843346292	0.40203506137990974	2419.950884943174
7134.66111018503	4201.712168598233	6018.625494164603	0.4020355081607294	2419.728429706469
7135.859809968328	4201.294286269314	6018.067137518392	0.4020359549415491	2419.5059744697637
7137.058509751625	4200.876403940397	6017.508773407507	0.40203640167655824	2419.283519233058
7138.257209534922	4200.458521611478	6016.950401831801	0.40203684836616826	2419.061063996353
7139.45590931822	4200.040639282561	6016.39202279112	0.40203729505577823	2418.8386087596473
7140.654609101517	4199.622756953642	6015.83363628532	0.4020377417453882	2418.616153522942
7141.8533088848135	4199.204874624725	6015.275242314246	0.4020381884349982	2418.393698286237
7143.052008668111	4198.786992295806	6014.71684087775	0.4020386351246082	2418.1712430495318
7144.250708451408	4198.369109966888	6014.158431975682	0.4020390817595264	2417.948787812826
7145.4494082347055	4197.951227637969	6013.600015607893	0.4020395283247323	2417.726332576121
7146.648108018003	4197.533345309052	6013.041591774235	0.4020399748899382	2417.5038773394153
7147.8468078013	4197.115462980133	6012.483160474554	0.40204042145514407	2417.28142210271
7149.0455075845975	4196.6975806512155	6011.924721708704	0.40204086802035	2417.058966866005
7150.244207367894	4196.279698322297	6011.366275476535	0.40204131458555586	2416.8365116293
7151.442907151191	4195.861815993379	6010.807821777894	0.4020417610914222	2416.614056392594
7152.641606934489	4195.44393366446	6010.249360612633	0.4020422074992309	2416.391601155889
7153.840306717786	4195.026051335542	6009.690891980603	0.40204265390703964	2416.1691459191834
7155.039006501083	4194.608169006624	6009.132415881655	0.40204310031484836	2415.946690682478
7156.237706284381	4194.190286677706	6008.573932315639	0.4020435467226571	2415.724235445773
7157.436406067678	4193.772404348788	6008.015441282403	0.4020439931304658	2415.5017802090674
7158.6351058509745	4193.35452201987	6007.4569427818	0.4020444394784828	2415.2793249723622
7159.833805634272	4192.936639690952	6006.898436813677	0.4020448856961024	2415.056869735657
7161.032505417569	4192.518757362034	6006.339923377887	0.40204533191372205	2414.8344144989514
7162.2312052008665	4192.100875033115	6005.781402474278	0.4020457781313417	2414.6119592622463
7163.429904984164	4191.682992704197	6005.222874102704	0.4020462243489613	2414.3895040255406
7164.628604767461	4191.265110375279	6004.664338263012	0.402046670566581	2414.1670487888355
7165.8273045507585	4190.847228046361	6004.105794955052	0.4020471167281141	2413.94459355213
7167.026004334056	4190.429345717443	6003.547244178677	0.40204756272295183	2413.7221383154247
7168.224704117352	4190.011463388525	6002.988685933733	0.4020480087177896	2413.4996830787195
7169.42340390065	4189.593581059607	6002.430120220075	0.40204845471262735	2413.2772278420143
7170.622103683947	4189.175698730688	6001.871547037548	0.4020489007074651	2413.0547726053087
7171.820803467244	4188.7578164017705	6001.312966386007	0.40204934670230286	2412.8323173686035
7173.019503250542	4188.339934072852	6000.754378265299	0.40204979264887936	2412.609862131898
7174.218203033839	4187.922051743934	6000.195782675277	0.4020502383885425	2412.3874068951927
7175.416902817136	4187.504169415016	5999.63717961579	0.4020506841282056	2412.1649516584876
7176.615602600433	4187.086287086098	5999.078569086686	0.4020511298678688	2411.9424964217824
7177.81430238373	4186.66840475718	5998.519951087818	0.4020515756075319	2411.720041185077
7179.0130021670275	4186.250522428262	5997.961325619034	0.40205202134719503	2411.497585948372
7180.211701950325	4185.832640099343	5997.402692680185	0.4020524670505101	2411.2751307116664
7181.410401733622	4185.414757770425	5996.844052271122	0.40205291250284875	2411.0526754749612
7182.6091015169195	4184.996875441507	5996.285404391696	0.40205335795518743	2410.830220238256
7183.807801300217	4184.578993112589	5995.726749041754	0.4020538034075261	2410.6077650015504
7185.006501083513	4184.161110783671	5995.168086221148	0.4020542488598648	2410.3853097648453
7186.205200866811	4183.743228454753	5994.609415929729	0.4020546943122034	2410.16285452814
7187.403900650108	4183.325346125835	5994.050738167345	0.4020551397442239	2409.9403992914345
7188.602600433405	4182.907463796916	5993.492052933847	0.40205558487849613	2409.7179440547293
7189.801300216703	4182.489581467998	5992.933360229086	0.4020560300127684	2409.4954888180237
7191	4182.07169913908	5992.374660052913	0.4020564751470406	2409.2730335813185
