region	inpshift	frame_mid	TAC	TAC_fitted	weights
ACC	-0.12912561648752363	0	0	-1.8579644402402484e-14	0
ACC	-0.12912561648752363	0.1756094701733217	NA	3.764761519342184e-4	NA
ACC	-0.12912561648752363	0.3512189403466434	NA	0.001037376798176953	NA
ACC	-0.12912561648752363	0.37912561648752363	0.01798054019276312	0.0013551761287858182	0.525655067421128
ACC	-0.12912561648752363	0.5268284105199651	NA	0.0035752649610014406	NA
ACC	-0.12912561648752363	0.7024378806932868	NA	0.6562327244837174	NA
ACC	-0.12912561648752363	0.8780473508666086	NA	2.046891935564095	NA
ACC	-0.12912561648752363	0.8791256164875236	2.5858500459965836	2.0581974649198047	0.6724371859765057
ACC	-0.12912561648752363	1.0536568210399302	NA	4.024806063194062	NA
ACC	-0.12912561648752363	1.229266291213252	NA	5.966844912678596	NA
ACC	-0.12912561648752363	1.3791256164875236	8.400716930058458	7.724289494191135	0.8085391330145363
ACC	-0.12912561648752363	1.4048757613865737	NA	8.036841608846451	NA
ACC	-0.12912561648752363	1.5804852315598954	NA	10.225883742481143	NA
ACC	-0.12912561648752363	1.7560947017332171	NA	12.491697742156552	NA
ACC	-0.12912561648752363	1.8791256164875236	15.2951455257674	14.23762067668034	0.9081623318502868
ACC	-0.12912561648752363	1.9317041719065389	NA	15.004967183658746	NA
ACC	-0.12912561648752363	2.1073136420798604	NA	17.28592241525596	NA
ACC	-0.12912561648752363	2.282923112253182	NA	19.25746310874512	NA
ACC	-0.12912561648752363	2.3791256164875234	20.486493665160705	20.092861445723052	0.984110606672485
ACC	-0.12912561648752363	2.458532582426504	NA	20.688901308423123	NA
ACC	-0.12912561648752363	2.6341420525998256	NA	21.71005871004963	NA
ACC	-0.12912561648752363	2.8097515227731473	NA	22.329988365224445	NA
ACC	-0.12912561648752363	2.8791256164875234	22.946198809661908	22.467581860673537	1.005973032224954
ACC	-0.12912561648752363	2.985360992946469	NA	22.564534583901363	NA
ACC	-0.12912561648752363	3.160970463119791	NA	22.88357487312255	NA
ACC	-0.12912561648752363	3.3365799332931125	NA	23.157261794001755	NA
ACC	-0.12912561648752363	3.5121894034664343	NA	23.357045731643602	NA
ACC	-0.12912561648752363	3.6291256164875234	22.927492353219183	23.450304723816185	1.2050566243435854
ACC	-0.12912561648752363	3.687798873639756	NA	23.48538390808334	NA
ACC	-0.12912561648752363	3.8634083438130777	NA	23.544636177168307	NA
ACC	-0.12912561648752363	4.0390178139863995	NA	23.53706897951709	NA
ACC	-0.12912561648752363	4.214627284159721	NA	23.464859136333367	NA
ACC	-0.12912561648752363	4.390236754333043	NA	23.33009748864254	NA
ACC	-0.12912561648752363	4.565846224506364	NA	23.13479238825216	NA
ACC	-0.12912561648752363	4.629125616487523	22.045893190094873	23.049982989731987	1.1820350774517108
ACC	-0.12912561648752363	4.741455694679686	NA	22.880873046479614	NA
ACC	-0.12912561648752363	4.917065164853008	NA	22.57019274644492	NA
ACC	-0.12912561648752363	5.09267463502633	NA	22.257509935834214	NA
ACC	-0.12912561648752363	5.268284105199651	NA	21.985351619471306	NA
ACC	-0.12912561648752363	5.443893575372973	NA	21.720973369841886	NA
ACC	-0.12912561648752363	5.619503045546295	NA	21.464012332921495	NA
ACC	-0.12912561648752363	5.629125616487523	21.306901020276023	21.45014006192608	1.1516312773471051
ACC	-0.12912561648752363	5.795112515719616	NA	21.21412067603965	NA
ACC	-0.12912561648752363	5.970721985892938	NA	20.970964974401046	NA
ACC	-0.12912561648752363	6.146331456066259	NA	20.73422562261988	NA
ACC	-0.12912561648752363	6.321940926239582	NA	20.503596270247712	NA
ACC	-0.12912561648752363	6.497550396412903	NA	20.278783280316766	NA
ACC	-0.12912561648752363	6.673159866586225	NA	20.059505209960495	NA
ACC	-0.12912561648752363	6.848769336759546	NA	19.845492312211412	NA
ACC	-0.12912561648752363	7.0243788069328685	NA	19.63648605811288	NA
ACC	-0.12912561648752363	7.129125616487523	19.473459868304673	19.51409944004348	1.3527978229421094
ACC	-0.12912561648752363	7.19998827710619	NA	19.432238678316875	NA
ACC	-0.12912561648752363	7.375597747279512	NA	19.232512723373294	NA
ACC	-0.12912561648752363	7.551207217452833	NA	19.037080641948855	NA
ACC	-0.12912561648752363	7.7268166876261555	NA	18.84572437624473	NA
ACC	-0.12912561648752363	7.902426157799477	NA	18.658234973911863	NA
ACC	-0.12912561648752363	8.078035627972799	NA	18.474412553011028	NA
ACC	-0.12912561648752363	8.253645098146121	NA	18.29406508018213	NA
ACC	-0.12912561648752363	8.429254568319442	NA	18.117008546183303	NA
ACC	-0.12912561648752363	8.604864038492764	NA	17.943066849938155	NA
ACC	-0.12912561648752363	8.780473508666086	NA	17.77207128007661	NA
ACC	-0.12912561648752363	8.956082978839406	NA	17.603860212643603	NA
ACC	-0.12912561648752363	9.129125616487524	17.725314564407345	17.440680029091244	1.277809920111782
ACC	-0.12912561648752363	9.131692449012728	NA	17.43827882113543	NA
ACC	-0.12912561648752363	9.30730191918605	NA	17.275178798361175	NA
ACC	-0.12912561648752363	9.482911389359373	NA	17.114418089647184	NA
ACC	-0.12912561648752363	9.658520859532693	NA	16.955860636922328	NA
ACC	-0.12912561648752363	9.834130329706015	NA	16.7993761332402	NA
ACC	-0.12912561648752363	10.009739799879338	NA	16.644839787313103	NA
ACC	-0.12912561648752363	10.18534927005266	NA	16.496430719998532	NA
ACC	-0.12912561648752363	10.36095874022598	NA	16.354574417801295	NA
ACC	-0.12912561648752363	10.536568210399302	NA	16.217552005956428	NA
ACC	-0.12912561648752363	10.712177680572625	NA	16.08515313338199	NA
ACC	-0.12912561648752363	10.887787150745947	NA	15.957176090604785	NA
ACC	-0.12912561648752363	11.063396620919267	NA	15.833427457163435	NA
ACC	-0.12912561648752363	11.23900609109259	NA	15.713721763386022	NA
ACC	-0.12912561648752363	11.414615561265911	NA	15.597881165956489	NA
ACC	-0.12912561648752363	11.590225031439232	NA	15.48573513670755	NA
ACC	-0.12912561648752363	11.765834501612554	NA	15.377120164101072	NA
ACC	-0.12912561648752363	11.941443971785876	NA	15.271879466878735	NA
ACC	-0.12912561648752363	12.117053441959198	NA	15.169862719386748	NA
ACC	-0.12912561648752363	12.292662912132519	NA	15.070925788098913	NA
ACC	-0.12912561648752363	12.468272382305841	NA	14.974930478881413	NA
ACC	-0.12912561648752363	12.629125616487524	15.383889393624353	14.889469672864086	1.5779206941832196
ACC	-0.12912561648752363	12.643881852479163	NA	14.881744294561521	NA
ACC	-0.12912561648752363	12.819491322652485	NA	14.791240202380196	NA
ACC	-0.12912561648752363	12.995100792825806	NA	14.703296410925638	NA
ACC	-0.12912561648752363	13.170710262999128	NA	14.617796156161342	NA
ACC	-0.12912561648752363	13.34631973317245	NA	14.53462749617791	NA
ACC	-0.12912561648752363	13.521929203345772	NA	14.453683114312994	NA
ACC	-0.12912561648752363	13.697538673519093	NA	14.37486013029841	NA
ACC	-0.12912561648752363	13.873148143692415	NA	14.29805991910676	NA
ACC	-0.12912561648752363	14.048757613865737	NA	14.223187937184347	NA
ACC	-0.12912561648752363	14.224367084039057	NA	14.15015355576872	NA
ACC	-0.12912561648752363	14.39997655421238	NA	14.07886990100239	NA
ACC	-0.12912561648752363	14.575586024385702	NA	14.009253700565473	NA
ACC	-0.12912561648752363	14.751195494559024	NA	13.94122513656166	NA
ACC	-0.12912561648752363	14.926804964732344	NA	13.874707704402583	NA
ACC	-0.12912561648752363	15.102414434905667	NA	13.809608805962032	NA
ACC	-0.12912561648752363	15.278023905078989	NA	13.746177017997436	NA
ACC	-0.12912561648752363	15.453633375252311	NA	13.684510070168885	NA
ACC	-0.12912561648752363	15.629242845425631	NA	13.624528207222312	NA
ACC	-0.12912561648752363	15.804852315598954	NA	13.566154964353904	NA
ACC	-0.12912561648752363	15.980461785772276	NA	13.509317093814616	NA
ACC	-0.12912561648752363	16.156071255945598	NA	13.45394440269378	NA
ACC	-0.12912561648752363	16.33168072611892	NA	13.399969344270335	NA
ACC	-0.12912561648752363	16.507290196292242	NA	13.347327327134964	NA
ACC	-0.12912561648752363	16.682899666465563	NA	13.295956431202068	NA
ACC	-0.12912561648752363	16.858509136638883	NA	13.245797298625071	NA
ACC	-0.12912561648752363	17.034118606812207	NA	13.19679302915927	NA
ACC	-0.12912561648752363	17.209728076985527	NA	13.148889079791054	NA
ACC	-0.12912561648752363	17.385337547158848	NA	13.102033168459435	NA
ACC	-0.12912561648752363	17.560947017332172	NA	13.056175181703143	NA
ACC	-0.12912561648752363	17.629125616487524	13.349848002267924	13.03862965795606	1.4234263107476035
ACC	-0.12912561648752363	17.736556487505492	NA	13.011267086073323	NA
ACC	-0.12912561648752363	17.912165957678813	NA	12.967262843158185	NA
ACC	-0.12912561648752363	18.087775427852137	NA	12.924118328072478	NA
ACC	-0.12912561648752363	18.263384898025457	NA	12.88179125127056	NA
ACC	-0.12912561648752363	18.43899436819878	NA	12.840241083547488	NA
ACC	-0.12912561648752363	18.6146038383721	NA	12.799428984098208	NA
ACC	-0.12912561648752363	18.79021330854542	NA	12.759317731510292	NA
ACC	-0.12912561648752363	18.965822778718746	NA	12.719871657570414	NA
ACC	-0.12912561648752363	19.141432248892066	NA	12.681056583770118	NA
ACC	-0.12912561648752363	19.317041719065386	NA	12.642839760400594	NA
ACC	-0.12912561648752363	19.49265118923871	NA	12.605189808131154	NA
ACC	-0.12912561648752363	19.66826065941203	NA	12.568076661969974	NA
ACC	-0.12912561648752363	19.84387012958535	NA	12.531471517510106	NA
ACC	-0.12912561648752363	20.019479599758675	NA	12.495346779367555	NA
ACC	-0.12912561648752363	20.195089069931996	NA	12.459676011722065	NA
ACC	-0.12912561648752363	20.37069854010532	NA	12.42443389087488	NA
ACC	-0.12912561648752363	20.54630801027864	NA	12.38959615974131	NA
ACC	-0.12912561648752363	20.72191748045196	NA	12.355139584199184	NA
ACC	-0.12912561648752363	20.897526950625284	NA	12.321041911217554	NA
ACC	-0.12912561648752363	21.073136420798605	NA	12.287281828693025	NA
ACC	-0.12912561648752363	21.248745890971925	NA	12.253838926924223	NA
ACC	-0.12912561648752363	21.42435536114525	NA	12.220693661657476	NA
ACC	-0.12912561648752363	21.59996483131857	NA	12.187827318639748	NA
ACC	-0.12912561648752363	21.775574301491893	NA	12.155221979617354	NA
ACC	-0.12912561648752363	21.951183771665214	NA	12.122860489721514	NA
ACC	-0.12912561648752363	22.126793241838534	NA	12.090726426184236	NA
ACC	-0.12912561648752363	22.302402712011858	NA	12.058804068330224	NA
ACC	-0.12912561648752363	22.47801218218518	NA	12.027078368792917	NA
ACC	-0.12912561648752363	22.629125616487524	12.159684077406656	11.999924553013237	1.3038319070137474
ACC	-0.12912561648752363	22.6536216523585	NA	11.995534925904611	NA
ACC	-0.12912561648752363	22.829231122531823	NA	11.96415995721291	NA
ACC	-0.12912561648752363	23.004840592705143	NA	11.932940274077547	NA
ACC	-0.12912561648752363	23.180450062878464	NA	11.90186325730352	NA
ACC	-0.12912561648752363	23.356059533051788	NA	11.870916833768325	NA
ACC	-0.12912561648752363	23.531669003225108	NA	11.840089454002735	NA
ACC	-0.12912561648752363	23.707278473398432	NA	11.809370070686274	NA
ACC	-0.12912561648752363	23.882887943571752	NA	11.778748118020056	NA
ACC	-0.12912561648752363	24.058497413745073	NA	11.748213502707292	NA
ACC	-0.12912561648752363	24.234106883918397	NA	11.717756551069147	NA
ACC	-0.12912561648752363	24.409716354091717	NA	11.687368025330311	NA
ACC	-0.12912561648752363	24.585325824265038	NA	11.657039096008694	NA
ACC	-0.12912561648752363	24.76093529443836	NA	11.62676132395723	NA
ACC	-0.12912561648752363	24.936544764611682	NA	11.596526644299404	NA
ACC	-0.12912561648752363	25.112154234785006	NA	11.566327351020435	NA
ACC	-0.12912561648752363	25.287763704958326	NA	11.536156082187322	NA
ACC	-0.12912561648752363	25.463373175131647	NA	11.50600580577211	NA
ACC	-0.12912561648752363	25.63898264530497	NA	11.475869806053812	NA
ACC	-0.12912561648752363	25.81459211547829	NA	11.445741670575407	NA
ACC	-0.12912561648752363	25.99020158565161	NA	11.415615277633224	NA
ACC	-0.12912561648752363	26.165811055824935	NA	11.385484784277086	NA
ACC	-0.12912561648752363	26.341420525998256	NA	11.355344614800302	NA
ACC	-0.12912561648752363	26.517029996171576	NA	11.32518944969965	NA
ACC	-0.12912561648752363	26.6926394663449	NA	11.295014215086036	NA
ACC	-0.12912561648752363	26.86824893651822	NA	11.26481407252761	NA
ACC	-0.12912561648752363	27.043858406691545	NA	11.234584409307562	NA
ACC	-0.12912561648752363	27.219467876864865	NA	11.20432082908	NA
ACC	-0.12912561648752363	27.395077347038185	NA	11.174019142906992	NA
ACC	-0.12912561648752363	27.57068681721151	NA	11.14367536066213	NA
ACC	-0.12912561648752363	27.629125616487524	10.903268779107464	11.133567651078712	1.2051004760161728
ACC	-0.12912561648752363	27.74629628738483	NA	11.113285682785007	NA
ACC	-0.12912561648752363	27.92190575755815	NA	11.082846492372557	NA
ACC	-0.12912561648752363	28.097515227731474	NA	11.052354347593493	NA
ACC	-0.12912561648752363	28.273124697904795	NA	11.021805974412672	NA
ACC	-0.12912561648752363	28.448734168078115	NA	10.991198259612704	NA
ACC	-0.12912561648752363	28.62434363825144	NA	10.960528244100729	NA
ACC	-0.12912561648752363	28.79995310842476	NA	10.929793116488762	NA
ACC	-0.12912561648752363	28.975562578598083	NA	10.898990206936366	NA
ACC	-0.12912561648752363	29.151172048771404	NA	10.868116981245027	NA
ACC	-0.12912561648752363	29.326781518944724	NA	10.837171035193935	NA
ACC	-0.12912561648752363	29.502390989118048	NA	10.806150089107343	NA
ACC	-0.12912561648752363	29.67800045929137	NA	10.775051982644058	NA
ACC	-0.12912561648752363	29.85360992946469	NA	10.74387466979999	NA
ACC	-0.12912561648752363	30.029219399638013	NA	10.712616214115078	NA
ACC	-0.12912561648752363	30.204828869811333	NA	10.682057210507779	NA
ACC	-0.12912561648752363	30.380438339984657	NA	10.65202254701299	NA
ACC	-0.12912561648752363	30.556047810157978	NA	10.622421288373651	NA
ACC	-0.12912561648752363	30.731657280331298	NA	10.593234943818848	NA
ACC	-0.12912561648752363	30.907266750504622	NA	10.56444578047286	NA
ACC	-0.12912561648752363	31.082876220677942	NA	10.536036792439956	NA
ACC	-0.12912561648752363	31.258485690851263	NA	10.507991671149508	NA
ACC	-0.12912561648752363	31.434095161024587	NA	10.480294776909997	NA
ACC	-0.12912561648752363	31.609704631197907	NA	10.4529311116227	NA
ACC	-0.12912561648752363	31.785314101371227	NA	10.425886292607778	NA
ACC	-0.12912561648752363	31.96092357154455	NA	10.399146551773049	NA
ACC	-0.12912561648752363	32.136533041717875	NA	10.372698655949348	NA
ACC	-0.12912561648752363	32.312142511891196	NA	10.34652990121864	NA
ACC	-0.12912561648752363	32.487751982064516	NA	10.320628125762111	NA
ACC	-0.12912561648752363	32.62912561648752	10.085296072831222	10.299962139106983	1.1228724152925085
ACC	-0.12912561648752363	32.66336145223784	NA	10.29498166745963	NA
ACC	-0.12912561648752363	32.83897092241116	NA	10.269579343500626	NA
ACC	-0.12912561648752363	33.014580392584485	NA	10.244410430826129	NA
ACC	-0.12912561648752363	33.190189862757805	NA	10.219464647368252	NA
ACC	-0.12912561648752363	33.365799332931125	NA	10.194732134054398	NA
ACC	-0.12912561648752363	33.541408803104446	NA	10.170203437545212	NA
ACC	-0.12912561648752363	33.717018273277766	NA	10.14586949367622	NA
ACC	-0.12912561648752363	33.89262774345109	NA	10.121721611574609	NA
ACC	-0.12912561648752363	34.068237213624414	NA	10.097751458423486	NA
ACC	-0.12912561648752363	34.243846683797734	NA	10.073951044847306	NA
ACC	-0.12912561648752363	34.419456153971055	NA	10.050312710893152	NA
ACC	-0.12912561648752363	34.595065624144375	NA	10.026829112583531	NA
ACC	-0.12912561648752363	34.770675094317696	NA	10.003493209017435	NA
ACC	-0.12912561648752363	34.94628456449102	NA	9.980298249997254	NA
ACC	-0.12912561648752363	35.121894034664344	NA	9.95723776416024	NA
ACC	-0.12912561648752363	35.297503504837664	NA	9.934305547593738	NA
ACC	-0.12912561648752363	35.473112975010984	NA	9.911495652914702	NA
ACC	-0.12912561648752363	35.648722445184305	NA	9.888802378794372	NA
ACC	-0.12912561648752363	35.824331915357625	NA	9.866220259910104	NA
ACC	-0.12912561648752363	35.99994138553095	NA	9.84374405730687	NA
ACC	-0.12912561648752363	36.17555085570427	NA	9.821368749151723	NA
ACC	-0.12912561648752363	36.35116032587759	NA	9.79908952186528	NA
ACC	-0.12912561648752363	36.526769796050914	NA	9.776901761614724	NA
ACC	-0.12912561648752363	36.702379266224234	NA	9.754801046153764	NA
ACC	-0.12912561648752363	36.87798873639756	NA	9.732783136995225	NA
ACC	-0.12912561648752363	37.05359820657088	NA	9.710843971902875	NA
ACC	-0.12912561648752363	37.2292076767442	NA	9.688979657689321	NA
ACC	-0.12912561648752363	37.40481714691752	NA	9.667186463307637	NA
ACC	-0.12912561648752363	37.58042661709084	NA	9.645460813224643	NA
ACC	-0.12912561648752363	37.62912561648752	9.222299672529374	9.639447447373131	1.0527702519210254
ACC	-0.12912561648752363	37.756036087264164	NA	9.62379928106443	NA
ACC	-0.12912561648752363	37.93164555743749	NA	9.602198583511065	NA
ACC	-0.12912561648752363	38.10725502761081	NA	9.580655574459911	NA
ACC	-0.12912561648752363	38.28286449778413	NA	9.55916723940747	NA
ACC	-0.12912561648752363	38.45847396795745	NA	9.537730690070008	NA
ACC	-0.12912561648752363	38.63408343813077	NA	9.516343159221595	NA
ACC	-0.12912561648752363	38.8096929083041	NA	9.495001995742657	NA
ACC	-0.12912561648752363	38.98530237847742	NA	9.473704659870469	NA
ACC	-0.12912561648752363	39.16091184865074	NA	9.452448718643296	NA
ACC	-0.12912561648752363	39.33652131882406	NA	9.431231841530401	NA
ACC	-0.12912561648752363	39.51213078899738	NA	9.410051796240174	NA
ACC	-0.12912561648752363	39.6877402591707	NA	9.388906444699302	NA
ACC	-0.12912561648752363	39.86334972934403	NA	9.367793740046631	NA
ACC	-0.12912561648752363	40.03895919951735	NA	9.3467117238719	NA
ACC	-0.12912561648752363	40.21456866969067	NA	9.325658514202265	NA
ACC	-0.12912561648752363	40.39017813986399	NA	9.30463231284473	NA
ACC	-0.12912561648752363	40.56578761003731	NA	9.283631398048428	NA
ACC	-0.12912561648752363	40.74139708021064	NA	9.262654121372924	NA
ACC	-0.12912561648752363	40.91700655038396	NA	9.24169890468391	NA
ACC	-0.12912561648752363	41.09261602055728	NA	9.220764237271775	NA
ACC	-0.12912561648752363	41.2682254907306	NA	9.199848673087542	NA
ACC	-0.12912561648752363	41.44383496090392	NA	9.178950828091578	NA
ACC	-0.12912561648752363	41.61944443107725	NA	9.15806937771052	NA
ACC	-0.12912561648752363	41.79505390125057	NA	9.137203054397819	NA
ACC	-0.12912561648752363	41.97066337142389	NA	9.116350645293938	NA
ACC	-0.12912561648752363	42.14627284159721	NA	9.09551098998191	NA
ACC	-0.12912561648752363	42.32188231177053	NA	9.074682978334495	NA
ACC	-0.12912561648752363	42.49749178194385	NA	9.053865548449167	NA
ACC	-0.12912561648752363	42.62912561648752	8.558508903059668	9.038267488146518	0.9914176037735668
ACC	-0.12912561648752363	42.67310125211718	NA	9.033057684667375	NA
ACC	-0.12912561648752363	42.8487107222905	NA	9.012258415674566	NA
ACC	-0.12912561648752363	43.02432019246382	NA	8.991466812677787	NA
ACC	-0.12912561648752363	43.19992966263714	NA	8.970681987657619	NA
ACC	-0.12912561648752363	43.37553913281046	NA	8.949903091691462	NA
ACC	-0.12912561648752363	43.55114860298379	NA	8.929129313345195	NA
ACC	-0.12912561648752363	43.72675807315711	NA	8.908359877130554	NA
ACC	-0.12912561648752363	43.90236754333043	NA	8.887594042025368	NA
ACC	-0.12912561648752363	44.07797701350375	NA	8.866831100054263	NA
ACC	-0.12912561648752363	44.25358648367707	NA	8.846070374927258	NA
ACC	-0.12912561648752363	44.42919595385039	NA	8.825311220733926	NA
ACC	-0.12912561648752363	44.604805424023716	NA	8.804553020690884	NA
ACC	-0.12912561648752363	44.78041489419704	NA	8.78379518594039	NA
ACC	-0.12912561648752363	44.95602436437036	NA	8.763037154397963	NA
ACC	-0.12912561648752363	45.13163383454368	NA	8.742268968525208	NA
ACC	-0.12912561648752363	45.307243304717	NA	8.721612079148304	NA
ACC	-0.12912561648752363	45.482852774890326	NA	8.701167018341774	NA
ACC	-0.12912561648752363	45.658462245063646	NA	8.680926326834827	NA
ACC	-0.12912561648752363	45.834071715236966	NA	8.660882843502023	NA
ACC	-0.12912561648752363	46.00968118541029	NA	8.641029693239714	NA
ACC	-0.12912561648752363	46.18529065558361	NA	8.621360275336519	NA
ACC	-0.12912561648752363	46.36090012575693	NA	8.601868252317702	NA
ACC	-0.12912561648752363	46.536509595930255	NA	8.582547539244135	NA
ACC	-0.12912561648752363	46.712119066103575	NA	8.56339229344731	NA
ACC	-0.12912561648752363	46.887728536276896	NA	8.544396904682689	NA
ACC	-0.12912561648752363	47.063338006450216	NA	8.525555985684216	NA
ACC	-0.12912561648752363	47.23894747662354	NA	8.506864363103782	NA
ACC	-0.12912561648752363	47.414556946796864	NA	8.48831706881981	NA
ACC	-0.12912561648752363	47.590166416970185	NA	8.469909331600071	NA
ACC	-0.12912561648752363	47.62912561648752	8.154614116586021	8.465844098415612	0.9398423736497916
ACC	-0.12912561648752363	47.765775887143505	NA	8.4516365691041	NA
ACC	-0.12912561648752363	47.941385357316825	NA	8.433494395977577	NA
ACC	-0.12912561648752363	48.116994827490146	NA	8.415478571574896	NA
ACC	-0.12912561648752363	48.292604297663466	NA	8.397585031891198	NA
ACC	-0.12912561648752363	48.468213767836794	NA	8.379809876568412	NA
ACC	-0.12912561648752363	48.643823238010114	NA	8.362149358779174	NA
ACC	-0.12912561648752363	48.819432708183434	NA	8.34459987899592	NA
ACC	-0.12912561648752363	48.995042178356755	NA	8.327157979013865	NA
ACC	-0.12912561648752363	49.170651648530075	NA	8.309820336217445	NA
ACC	-0.12912561648752363	49.3462611187034	NA	8.292583758080363	NA
ACC	-0.12912561648752363	49.52187058887672	NA	8.275445176889706	NA
ACC	-0.12912561648752363	49.697480059050044	NA	8.258401644684941	NA
ACC	-0.12912561648752363	49.873089529223364	NA	8.24145032840312	NA
ACC	-0.12912561648752363	50.048698999396684	NA	8.224588505221853	NA
ACC	-0.12912561648752363	50.22430846957001	NA	8.207813558091932	NA
ACC	-0.12912561648752363	50.39991793974333	NA	8.19112297145196	NA
ACC	-0.12912561648752363	50.57552740991665	NA	8.174514327117562	NA
ACC	-0.12912561648752363	50.75113688008997	NA	8.157985300337959	NA
ACC	-0.12912561648752363	50.926746350263294	NA	8.141533656013223	NA
ACC	-0.12912561648752363	51.102355820436614	NA	8.125157245065555	NA
ACC	-0.12912561648752363	51.27796529060994	NA	8.108854000958377	NA
ACC	-0.12912561648752363	51.45357476078326	NA	8.09262193635719	NA
ACC	-0.12912561648752363	51.62918423095658	NA	8.076459139926401	NA
ACC	-0.12912561648752363	51.8047937011299	NA	8.060363773256569	NA
ACC	-0.12912561648752363	51.98040317130322	NA	8.044334067916862	NA
ACC	-0.12912561648752363	52.15601264147655	NA	8.028368322627442	NA
ACC	-0.12912561648752363	52.33162211164987	NA	8.012464900547057	NA
ACC	-0.12912561648752363	52.50723158182319	NA	7.996622226671027	NA
ACC	-0.12912561648752363	52.62912561648752	7.845764073683673	7.985660389842499	0.8949935959509174
ACC	-0.12912561648752363	52.68284105199651	NA	7.980838785335208	NA
ACC	-0.12912561648752363	52.85845052216983	NA	7.965113117821547	NA
ACC	-0.12912561648752363	53.03405999234315	NA	7.949443820061148	NA
ACC	-0.12912561648752363	53.20966946251648	NA	7.933829540430823	NA
ACC	-0.12912561648752363	53.3852789326898	NA	7.91826897763936	NA
ACC	-0.12912561648752363	53.56088840286312	NA	7.902760878699798	NA
ACC	-0.12912561648752363	53.73649787303644	NA	7.887304036984277	NA
ACC	-0.12912561648752363	53.91210734320976	NA	7.871897290358043	NA
ACC	-0.12912561648752363	54.08771681338309	NA	7.8565395193893695	NA
ACC	-0.12912561648752363	54.26332628355641	NA	7.841229645632435	NA
ACC	-0.12912561648752363	54.43893575372973	NA	7.825966629979886	NA
ACC	-0.12912561648752363	54.61454522390305	NA	7.810749471082623	NA
ACC	-0.12912561648752363	54.79015469407637	NA	7.7955772038337825	NA
ACC	-0.12912561648752363	54.96576416424969	NA	7.780448897914439	NA
ACC	-0.12912561648752363	55.14137363442302	NA	7.765363656398454	NA
ACC	-0.12912561648752363	55.31698310459634	NA	7.750320614414103	NA
ACC	-0.12912561648752363	55.49259257476966	NA	7.735318937860094	NA
ACC	-0.12912561648752363	55.66820204494298	NA	7.720357822173898	NA
ACC	-0.12912561648752363	55.8438115151163	NA	7.705436493856237	NA
ACC	-0.12912561648752363	56.01942098528963	NA	7.690554204306385	NA
ACC	-0.12912561648752363	56.19503045546295	NA	7.675710227380397	NA
ACC	-0.12912561648752363	56.37063992563627	NA	7.660903865336109	NA
ACC	-0.12912561648752363	56.54624939580959	NA	7.646134444522732	NA
ACC	-0.12912561648752363	56.72185886598291	NA	7.631401314420708	NA
ACC	-0.12912561648752363	56.89746833615623	NA	7.616703846720624	NA
ACC	-0.12912561648752363	57.07307780632956	NA	7.6020414344395055	NA
ACC	-0.12912561648752363	57.24868727650288	NA	7.5874134910731215	NA
ACC	-0.12912561648752363	57.4242967466762	NA	7.5728194497826316	NA
ACC	-0.12912561648752363	57.59990621684952	NA	7.558258762614349	NA
ACC	-0.12912561648752363	57.62912561648752	7.330857089390898	7.555839230434884	0.8584101996278483
ACC	-0.12912561648752363	57.77551568702284	NA	7.543730899751171	NA
ACC	-0.12912561648752363	57.95112515719617	NA	7.529235348794424	NA
ACC	-0.12912561648752363	58.12673462736949	NA	7.5147716140748795	NA
ACC	-0.12912561648752363	58.30234409754281	NA	7.50033921599174	NA
ACC	-0.12912561648752363	58.47795356771613	NA	7.48593769037847	NA
ACC	-0.12912561648752363	58.65356303788945	NA	7.471566587894374	NA
ACC	-0.12912561648752363	58.829172508062776	NA	7.457225473440867	NA
ACC	-0.12912561648752363	59.004781978236096	NA	7.442913925601447	NA
ACC	-0.12912561648752363	59.18039144840942	NA	7.42863153610437	NA
ACC	-0.12912561648752363	59.35600091858274	NA	7.414377909307157	NA
ACC	-0.12912561648752363	59.53161038875606	NA	7.400152661701972	NA
ACC	-0.12912561648752363	59.70721985892938	NA	7.385955421441103	NA
ACC	-0.12912561648752363	59.882829329102705	NA	7.371785827881656	NA
ACC	-0.12912561648752363	60.058438799276026	NA	7.357643531148703	NA
ACC	-0.12912561648752363	60.234048269449346	NA	7.343559168280902	NA
ACC	-0.12912561648752363	60.409657739622666	NA	7.329587874390822	NA
ACC	-0.12912561648752363	60.58526720979599	NA	7.315721591137845	NA
ACC	-0.12912561648752363	60.760876679969314	NA	7.3019574357098405	NA
ACC	-0.12912561648752363	60.936486150142635	NA	7.2882926357690625	NA
ACC	-0.12912561648752363	61.112095620315955	NA	7.27472452498427	NA
ACC	-0.12912561648752363	61.287705090489276	NA	7.261250538744844	NA
ACC	-0.12912561648752363	61.463314560662596	NA	7.24786821004941	NA
ACC	-0.12912561648752363	61.638924030835916	NA	7.234575165561871	NA
ACC	-0.12912561648752363	61.814533501009244	NA	7.2213691218280305	NA
ACC	-0.12912561648752363	61.990142971182564	NA	7.208247881646307	NA
ACC	-0.12912561648752363	62.165752441355885	NA	7.195209330586133	NA
ACC	-0.12912561648752363	62.341361911529205	NA	7.182251433648194	NA
ACC	-0.12912561648752363	62.516971381702525	NA	7.1693722320605495	NA
ACC	-0.12912561648752363	62.62912561648752	7.057642010679864	7.16118718071944	0.8232796700642128
ACC	-0.12912561648752363	62.69258085187585	NA	7.156569840205263	NA
ACC	-0.12912561648752363	62.86819032204917	NA	7.143842442670082	NA
ACC	-0.12912561648752363	63.043799792222494	NA	7.131188291420146	NA
ACC	-0.12912561648752363	63.219409262395814	NA	7.11860570308482	NA
ACC	-0.12912561648752363	63.395018732569135	NA	7.106093056354984	NA
ACC	-0.12912561648752363	63.570628202742455	NA	7.093648789486205	NA
ACC	-0.12912561648752363	63.74623767291578	NA	7.081271398810653	NA
ACC	-0.12912561648752363	63.9218471430891	NA	7.0689594425572	NA
ACC	-0.12912561648752363	64.09745661326242	NA	7.0567115144417745	NA
ACC	-0.12912561648752363	64.27306608343575	NA	7.044526268003851	NA
ACC	-0.12912561648752363	64.44867555360906	NA	7.032402405306201	NA
ACC	-0.12912561648752363	64.62428502378239	NA	7.020338674989007	NA
ACC	-0.12912561648752363	64.7998944939557	NA	7.008333870403072	NA
ACC	-0.12912561648752363	64.97550396412903	NA	6.996386827819018	NA
ACC	-0.12912561648752363	65.15111343430236	NA	6.984496424709276	NA
ACC	-0.12912561648752363	65.32672290447567	NA	6.972661578099995	NA
ACC	-0.12912561648752363	65.502332374649	NA	6.96088124298993	NA
ACC	-0.12912561648752363	65.67794184482231	NA	6.949154410833643	NA
ACC	-0.12912561648752363	65.85355131499564	NA	6.937480108086398	NA
ACC	-0.12912561648752363	66.02916078516897	NA	6.92585739480817	NA
ACC	-0.12912561648752363	66.20477025534228	NA	6.914285363324455	NA
ACC	-0.12912561648752363	66.38037972551561	NA	6.9027631369414575	NA
ACC	-0.12912561648752363	66.55598919568892	NA	6.891289868713551	NA
ACC	-0.12912561648752363	66.73159866586225	NA	6.879864740260796	NA
ACC	-0.12912561648752363	66.90720813603556	NA	6.86848696063452	NA
ACC	-0.12912561648752363	67.08281760620889	NA	6.857155765228983	NA
ACC	-0.12912561648752363	67.25842707638222	NA	6.845870414737266	NA
ACC	-0.12912561648752363	67.43403654655553	NA	6.834630194149539	NA
ACC	-0.12912561648752363	67.60964601672886	NA	6.823434411792107	NA
ACC	-0.12912561648752363	67.62912561648753	7.044389238916877	6.822195205362169	0.7941339053739491
ACC	-0.12912561648752363	67.78525548690217	NA	6.8122823984053165	NA
ACC	-0.12912561648752363	67.9608649570755	NA	6.801173506259066	NA
ACC	-0.12912561648752363	68.13647442724883	NA	6.790107108304127	NA
ACC	-0.12912561648752363	68.31208389742214	NA	6.779082597357965	NA
ACC	-0.12912561648752363	68.48769336759547	NA	6.768099385323552	NA
ACC	-0.12912561648752363	68.66330283776878	NA	6.757156902439934	NA
ACC	-0.12912561648752363	68.83891230794211	NA	6.746254596563154	NA
ACC	-0.12912561648752363	69.01452177811544	NA	6.735391932476392	NA
ACC	-0.12912561648752363	69.19013124828875	NA	6.724568391228041	NA
ACC	-0.12912561648752363	69.36574071846208	NA	6.713783469496656	NA
ACC	-0.12912561648752363	69.54135018863539	NA	6.703036678981616	NA
ACC	-0.12912561648752363	69.71695965880872	NA	6.692327545818524	NA
ACC	-0.12912561648752363	69.89256912898205	NA	6.681655610018265	NA
ACC	-0.12912561648752363	70.06817859915536	NA	6.671020424928805	NA
ACC	-0.12912561648752363	70.24378806932869	NA	6.660421556718788	NA
ACC	-0.12912561648752363	70.419397539502	NA	6.649858583882046	NA
ACC	-0.12912561648752363	70.59500700967533	NA	6.639331096762189	NA
ACC	-0.12912561648752363	70.77061647984864	NA	6.628838697096381	NA
ACC	-0.12912561648752363	70.94622595002197	NA	6.618380997577661	NA
ACC	-0.12912561648752363	71.1218354201953	NA	6.607957621434892	NA
ACC	-0.12912561648752363	71.29744489036861	NA	6.597568202029765	NA
ACC	-0.12912561648752363	71.47305436054194	NA	6.587212382470029	NA
ACC	-0.12912561648752363	71.64866383071525	NA	6.576889815238431	NA
ACC	-0.12912561648752363	71.82427330088858	NA	6.566600165450974	NA
ACC	-0.12912561648752363	71.9998827710619	NA	6.556343100942888	NA
ACC	-0.12912561648752363	72.17549224123522	NA	6.546118298876762	NA
ACC	-0.12912561648752363	72.35110171140855	NA	6.535925445818628	NA
ACC	-0.12912561648752363	72.52671118158186	NA	6.525764236066929	NA
ACC	-0.12912561648752363	72.62912561648753	6.938312153077057	6.51985276615802	0.7676503110600775
ACC	-0.12912561648752363	72.70232065175519	NA	6.515634371362665	NA
ACC	-0.12912561648752363	72.87793012192851	NA	6.505535560611345	NA
ACC	-0.12912561648752363	73.05353959210183	NA	6.495467519616045	NA
ACC	-0.12912561648752363	73.22914906227516	NA	6.485429970821288	NA
ACC	-0.12912561648752363	73.40475853244847	NA	6.47542264306719	NA
ACC	-0.12912561648752363	73.5803680026218	NA	6.465445271353519	NA
ACC	-0.12912561648752363	73.75597747279512	NA	6.455497596613283	NA
ACC	-0.12912561648752363	73.93158694296844	NA	6.445579365495356	NA
ACC	-0.12912561648752363	74.10719641314176	NA	6.4356903301559	NA
ACC	-0.12912561648752363	74.28280588331508	NA	6.42583024805813	NA
ACC	-0.12912561648752363	74.4584153534884	NA	6.415998881780143	NA
ACC	-0.12912561648752363	74.63402482366173	NA	6.4061959988304285	NA
ACC	-0.12912561648752363	74.80963429383505	NA	6.396421371470826	NA
ACC	-0.12912561648752363	74.98524376400837	NA	6.386674776546525	NA
ACC	-0.12912561648752363	75.16085323418169	NA	6.376955995322918	NA
ACC	-0.12912561648752363	75.33646270435501	NA	6.3672648133289576	NA
ACC	-0.12912561648752363	75.51207217452833	NA	6.357601020206788	NA
ACC	-0.12912561648752363	75.68768164470166	NA	6.347964409567406	NA
ACC	-0.12912561648752363	75.86329111487498	NA	6.338354778852051	NA
ACC	-0.12912561648752363	76.0389005850483	NA	6.328771929199173	NA
ACC	-0.12912561648752363	76.21451005522162	NA	6.319215665316649	NA
ACC	-0.12912561648752363	76.39011952539494	NA	6.3096857953591705	NA
ACC	-0.12912561648752363	76.56572899556826	NA	6.300182130810436	NA
ACC	-0.12912561648752363	76.74133846574159	NA	6.290704486370091	NA
ACC	-0.12912561648752363	76.9169479359149	NA	6.281252679845111	NA
ACC	-0.12912561648752363	77.09255740608823	NA	6.271826532045561	NA
ACC	-0.12912561648752363	77.26816687626155	NA	6.262425866684425	NA
ACC	-0.12912561648752363	77.44377634643487	NA	6.253050510281444	NA
ACC	-0.12912561648752363	77.6193858166082	NA	6.243700292070776	NA
ACC	-0.12912561648752363	77.62912561648753	6.537618387023736	6.243182439289018	0.7435962630593645
ACC	-0.12912561648752363	77.79499528678151	NA	6.234375043912271	NA
ACC	-0.12912561648752363	77.97060475695484	NA	6.225074600206267	NA
ACC	-0.12912561648752363	78.14621422712816	NA	6.215798797811771	NA
ACC	-0.12912561648752363	78.32182369730148	NA	6.206547475967822	NA
ACC	-0.12912561648752363	78.49743316747481	NA	6.197320476217994	NA
ACC	-0.12912561648752363	78.67304263764812	NA	6.188117642337857	NA
ACC	-0.12912561648752363	78.84865210782145	NA	6.178938820265261	NA
ACC	-0.12912561648752363	79.02426157799476	NA	6.169783858033383	NA
ACC	-0.12912561648752363	79.19987104816809	NA	6.160652605706381	NA
ACC	-0.12912561648752363	79.3754805183414	NA	6.151544915317602	NA
ACC	-0.12912561648752363	79.55108998851473	NA	6.1424606408101186	NA
ACC	-0.12912561648752363	79.72669945868806	NA	6.1333996392625	NA
ACC	-0.12912561648752363	79.90230892886137	NA	6.124361769201201	NA
ACC	-0.12912561648752363	80.0779183990347	NA	6.115346887706884	NA
ACC	-0.12912561648752363	80.25352786920801	NA	6.106354855813274	NA
ACC	-0.12912561648752363	80.42913733938134	NA	6.097385536199701	NA
ACC	-0.12912561648752363	80.60474680955467	NA	6.088438793144276	NA
ACC	-0.12912561648752363	80.78035627972798	NA	6.079514492478853	NA
ACC	-0.12912561648752363	80.95596574990131	NA	6.070612501545711	NA
ACC	-0.12912561648752363	81.13157522007462	NA	6.0617326891559475	NA
ACC	-0.12912561648752363	81.30718469024795	NA	6.052874925549413	NA
ACC	-0.12912561648752363	81.48279416042128	NA	6.0440390823562264	NA
ACC	-0.12912561648752363	81.65840363059459	NA	6.035225032559721	NA
ACC	-0.12912561648752363	81.83401310076792	NA	6.026432650460827	NA
ACC	-0.12912561648752363	82.00962257094123	NA	6.017661811643801	NA
ACC	-0.12912561648752363	82.18523204111456	NA	6.008912392943249	NA
ACC	-0.12912561648752363	82.36084151128789	NA	6.000184272412407	NA
ACC	-0.12912561648752363	82.5364509814612	NA	5.991477329292609	NA
ACC	-0.12912561648752363	82.62912561648753	6.25980820943954	5.986890896249897	0.7230229745858322
ACC	-0.12912561648752363	82.71206045163453	NA	5.982791443983896	NA
ACC	-0.12912561648752363	82.88766992180784	NA	5.974126498016759	NA
ACC	-0.12912561648752363	83.06327939198117	NA	5.965482374024884	NA
ACC	-0.12912561648752363	83.2388888621545	NA	5.95685895571898	NA
ACC	-0.12912561648752363	83.41449833232781	NA	5.948256127861519	NA
ACC	-0.12912561648752363	83.59010780250114	NA	5.939673776242446	NA
ACC	-0.12912561648752363	83.76571727267445	NA	5.931111787655779	NA
ACC	-0.12912561648752363	83.94132674284778	NA	5.922570049877065	NA
ACC	-0.12912561648752363	84.11693621302109	NA	5.914048451641663	NA
ACC	-0.12912561648752363	84.29254568319442	NA	5.905546882623826	NA
ACC	-0.12912561648752363	84.46815515336775	NA	5.897065233416535	NA
ACC	-0.12912561648752363	84.64376462354106	NA	5.888603395512077	NA
ACC	-0.12912561648752363	84.81937409371439	NA	5.880161261283304	NA
ACC	-0.12912561648752363	84.9949835638877	NA	5.871738723965589	NA
ACC	-0.12912561648752363	85.17059303406103	NA	5.863335677639419	NA
ACC	-0.12912561648752363	85.34620250423436	NA	5.854952017213578	NA
ACC	-0.12912561648752363	85.52181197440767	NA	5.846587638408993	NA
ACC	-0.12912561648752363	85.697421444581	NA	5.838242437743082	NA
ACC	-0.12912561648752363	85.87303091475431	NA	5.829916312514691	NA
ACC	-0.12912561648752363	86.04864038492764	NA	5.821609160789553	NA
ACC	-0.12912561648752363	86.22424985510096	NA	5.813320881386234	NA
ACC	-0.12912561648752363	86.39985932527428	NA	5.80505137386259	NA
ACC	-0.12912561648752363	86.5754687954476	NA	5.796800538502676	NA
ACC	-0.12912561648752363	86.75107826562092	NA	5.788568276304084	NA
ACC	-0.12912561648752363	86.92668773579425	NA	5.780354488965779	NA
ACC	-0.12912561648752363	87.10229720596757	NA	5.772159078876243	NA
ACC	-0.12912561648752363	87.27790667614089	NA	5.763981949102126	NA
ACC	-0.12912561648752363	87.45351614631421	NA	5.755823003377177	NA
ACC	-0.12912561648752363	87.62912561648753	6.448757474079481	5.747674029398794	0.7035229683239753
Amygdala	-0.12912561648752363	0	0	-1.8175739089306777e-14	0
Amygdala	-0.12912561648752363	0.1756094701733217	NA	3.4608401863943795e-4	NA
Amygdala	-0.12912561648752363	0.3512189403466434	NA	9.176992850909538e-4	NA
Amygdala	-0.12912561648752363	0.37912561648752363	0.03021801552176489	0.0012030022526108852	0.525655067421128
Amygdala	-0.12912561648752363	0.5268284105199651	NA	0.0030641496559392946	NA
Amygdala	-0.12912561648752363	0.7024378806932868	NA	0.5916823333996107	NA
Amygdala	-0.12912561648752363	0.8780473508666086	NA	1.7501836285767085	NA
Amygdala	-0.12912561648752363	0.8791256164875236	2.005619466590241	1.7593318945188698	0.6724371859765057
Amygdala	-0.12912561648752363	1.0536568210399302	NA	3.2811646359083766	NA
Amygdala	-0.12912561648752363	1.229266291213252	NA	4.681763275015468	NA
Amygdala	-0.12912561648752363	1.3791256164875236	5.859951074317281	5.934825490327846	0.8085391330145363
Amygdala	-0.12912561648752363	1.4048757613865737	NA	6.157300555502938	NA
Amygdala	-0.12912561648752363	1.5804852315598954	NA	7.708908016684725	NA
Amygdala	-0.12912561648752363	1.7560947017332171	NA	9.312803511530364	NA
Amygdala	-0.12912561648752363	1.8791256164875236	10.580862376501816	10.577643045091733	0.9081623318502868
Amygdala	-0.12912561648752363	1.9317041719065389	NA	11.13389660391837	NA
Amygdala	-0.12912561648752363	2.1073136420798604	NA	12.700279208033514	NA
Amygdala	-0.12912561648752363	2.282923112253182	NA	13.984561974948004	NA
Amygdala	-0.12912561648752363	2.3791256164875234	14.630566253593445	14.488949435526752	0.984110606672485
Amygdala	-0.12912561648752363	2.458532582426504	NA	14.846776802891338	NA
Amygdala	-0.12912561648752363	2.6341420525998256	NA	15.45063049185919	NA
Amygdala	-0.12912561648752363	2.8097515227731473	NA	15.800032275046936	NA
Amygdala	-0.12912561648752363	2.8791256164875234	16.393088428445274	15.869600186467643	1.005973032224954
Amygdala	-0.12912561648752363	2.985360992946469	NA	15.903838013290212	NA
Amygdala	-0.12912561648752363	3.160970463119791	NA	16.178273521183595	NA
Amygdala	-0.12912561648752363	3.3365799332931125	NA	16.43534785042276	NA
Amygdala	-0.12912561648752363	3.5121894034664343	NA	16.64491504829541	NA
Amygdala	-0.12912561648752363	3.6291256164875234	16.833464126792293	16.758688837359816	1.2050566243435854
Amygdala	-0.12912561648752363	3.687798873639756	NA	16.808138178434355	NA
Amygdala	-0.12912561648752363	3.8634083438130777	NA	16.92613598639287	NA
Amygdala	-0.12912561648752363	4.0390178139863995	NA	16.999984812544938	NA
Amygdala	-0.12912561648752363	4.214627284159721	NA	17.030720420381314	NA
Amygdala	-0.12912561648752363	4.390236754333043	NA	17.019339743959684	NA
Amygdala	-0.12912561648752363	4.565846224506364	NA	16.966802558099957	NA
Amygdala	-0.12912561648752363	4.629125616487523	16.05881083922378	16.937985060219248	1.1820350774517108
Amygdala	-0.12912561648752363	4.741455694679686	NA	16.874033074756383	NA
Amygdala	-0.12912561648752363	4.917065164853008	NA	16.741921468845334	NA
Amygdala	-0.12912561648752363	5.09267463502633	NA	16.620734969738475	NA
Amygdala	-0.12912561648752363	5.268284105199651	NA	16.536368508968234	NA
Amygdala	-0.12912561648752363	5.443893575372973	NA	16.45418204161052	NA
Amygdala	-0.12912561648752363	5.619503045546295	NA	16.37400279957537	NA
Amygdala	-0.12912561648752363	5.629125616487523	16.403537711904253	16.369664219632337	1.1516312773471051
Amygdala	-0.12912561648752363	5.795112515719616	NA	16.29566628743279	NA
Amygdala	-0.12912561648752363	5.970721985892938	NA	16.21901590998177	NA
Amygdala	-0.12912561648752363	6.146331456066259	NA	16.143902616414547	NA
Amygdala	-0.12912561648752363	6.321940926239582	NA	16.070184560337918	NA
Amygdala	-0.12912561648752363	6.497550396412903	NA	15.997726774946397	NA
Amygdala	-0.12912561648752363	6.673159866586225	NA	15.926400862673061	NA
Amygdala	-0.12912561648752363	6.848769336759546	NA	15.85608469867431	NA
Amygdala	-0.12912561648752363	7.0243788069328685	NA	15.786662147532937	NA
Amygdala	-0.12912561648752363	7.129125616487523	15.754379835738316	15.74563290498285	1.3527978229421094
Amygdala	-0.12912561648752363	7.19998827710619	NA	15.718022792591777	NA
Amygdala	-0.12912561648752363	7.375597747279512	NA	15.650061677355833	NA
Amygdala	-0.12912561648752363	7.551207217452833	NA	15.582679058426137	NA
Amygdala	-0.12912561648752363	7.7268166876261555	NA	15.51578016945246	NA
Amygdala	-0.12912561648752363	7.902426157799477	NA	15.449274995614331	NA
Amygdala	-0.12912561648752363	8.078035627972799	NA	15.383078080178283	NA
Amygdala	-0.12912561648752363	8.253645098146121	NA	15.31710824600011	NA
Amygdala	-0.12912561648752363	8.429254568319442	NA	15.251288462856412	NA
Amygdala	-0.12912561648752363	8.604864038492764	NA	15.185545663165485	NA
Amygdala	-0.12912561648752363	8.780473508666086	NA	15.119810545422284	NA
Amygdala	-0.12912561648752363	8.956082978839406	NA	15.054017402717864	NA
Amygdala	-0.12912561648752363	9.129125616487524	15.091434645880597	14.98906860799276	1.277809920111782
Amygdala	-0.12912561648752363	9.131692449012728	NA	14.988103958914657	NA
Amygdala	-0.12912561648752363	9.30730191918605	NA	14.922011212137091	NA
Amygdala	-0.12912561648752363	9.482911389359373	NA	14.85568328525189	NA
Amygdala	-0.12912561648752363	9.658520859532693	NA	14.789067283027155	NA
Amygdala	-0.12912561648752363	9.834130329706015	NA	14.722113155672927	NA
Amygdala	-0.12912561648752363	10.009739799879338	NA	14.654773568479321	NA
Amygdala	-0.12912561648752363	10.18534927005266	NA	14.590994979292308	NA
Amygdala	-0.12912561648752363	10.36095874022598	NA	14.530471365486784	NA
Amygdala	-0.12912561648752363	10.536568210399302	NA	14.471560352433803	NA
Amygdala	-0.12912561648752363	10.712177680572625	NA	14.414173178302102	NA
Amygdala	-0.12912561648752363	10.887787150745947	NA	14.358225160800345	NA
Amygdala	-0.12912561648752363	11.063396620919267	NA	14.303635514753168	NA
Amygdala	-0.12912561648752363	11.23900609109259	NA	14.25032717779635	NA
Amygdala	-0.12912561648752363	11.414615561265911	NA	14.198226643830086	NA
Amygdala	-0.12912561648752363	11.590225031439232	NA	14.147263803885371	NA
Amygdala	-0.12912561648752363	11.765834501612554	NA	14.097371794073725	NA
Amygdala	-0.12912561648752363	11.941443971785876	NA	14.048486850305427	NA
Amygdala	-0.12912561648752363	12.117053441959198	NA	14.000548169475087	NA
Amygdala	-0.12912561648752363	12.292662912132519	NA	13.95349777682699	NA
Amygdala	-0.12912561648752363	12.468272382305841	NA	13.907280399225451	NA
Amygdala	-0.12912561648752363	12.629125616487524	14.14286021275356	13.865632584895575	1.5779206941832196
Amygdala	-0.12912561648752363	12.643881852479163	NA	13.861843344067484	NA
Amygdala	-0.12912561648752363	12.819491322652485	NA	13.81713638358689	NA
Amygdala	-0.12912561648752363	12.995100792825806	NA	13.773111644309967	NA
Amygdala	-0.12912561648752363	13.170710262999128	NA	13.729723501433751	NA
Amygdala	-0.12912561648752363	13.34631973317245	NA	13.686928477907886	NA
Amygdala	-0.12912561648752363	13.521929203345772	NA	13.644685148010781	NA
Amygdala	-0.12912561648752363	13.697538673519093	NA	13.602954045220557	NA
Amygdala	-0.12912561648752363	13.873148143692415	NA	13.561697574189061	NA
Amygdala	-0.12912561648752363	14.048757613865737	NA	13.520879926637313	NA
Amygdala	-0.12912561648752363	14.224367084039057	NA	13.480467000997315	NA
Amygdala	-0.12912561648752363	14.39997655421238	NA	13.44042632563392	NA
Amygdala	-0.12912561648752363	14.575586024385702	NA	13.400726985487383	NA
Amygdala	-0.12912561648752363	14.751195494559024	NA	13.361339551984553	NA
Amygdala	-0.12912561648752363	14.926804964732344	NA	13.322236016073226	NA
Amygdala	-0.12912561648752363	15.102414434905667	NA	13.283354069854186	NA
Amygdala	-0.12912561648752363	15.278023905078989	NA	13.244863700751338	NA
Amygdala	-0.12912561648752363	15.453633375252311	NA	13.206886109962966	NA
Amygdala	-0.12912561648752363	15.629242845425631	NA	13.169390990888482	NA
Amygdala	-0.12912561648752363	15.804852315598954	NA	13.13234944294145	NA
Amygdala	-0.12912561648752363	15.980461785772276	NA	13.095733925202355	NA
Amygdala	-0.12912561648752363	16.156071255945598	NA	13.0595181858561	NA
Amygdala	-0.12912561648752363	16.33168072611892	NA	13.023677128918846	NA
Amygdala	-0.12912561648752363	16.507290196292242	NA	12.988186876070397	NA
Amygdala	-0.12912561648752363	16.682899666465563	NA	12.953024666932333	NA
Amygdala	-0.12912561648752363	16.858509136638883	NA	12.91816880892289	NA
Amygdala	-0.12912561648752363	17.034118606812207	NA	12.883598629344943	NA
Amygdala	-0.12912561648752363	17.209728076985527	NA	12.849294429607577	NA
Amygdala	-0.12912561648752363	17.385337547158848	NA	12.815237441486557	NA
Amygdala	-0.12912561648752363	17.560947017332172	NA	12.781409785332823	NA
Amygdala	-0.12912561648752363	17.629125616487524	13.018253618631135	12.768334621603303	1.4234263107476035
Amygdala	-0.12912561648752363	17.736556487505492	NA	12.747794430142497	NA
Amygdala	-0.12912561648752363	17.912165957678813	NA	12.714375155405586	NA
Amygdala	-0.12912561648752363	18.087775427852137	NA	12.681136514654224	NA
Amygdala	-0.12912561648752363	18.263384898025457	NA	12.64806380063493	NA
Amygdala	-0.12912561648752363	18.43899436819878	NA	12.615143012032572	NA
Amygdala	-0.12912561648752363	18.6146038383721	NA	12.58236082167707	NA
Amygdala	-0.12912561648752363	18.79021330854542	NA	12.549704546166906	NA
Amygdala	-0.12912561648752363	18.965822778718746	NA	12.517162116846363	NA
Amygdala	-0.12912561648752363	19.141432248892066	NA	12.484722052076295	NA
Amygdala	-0.12912561648752363	19.317041719065386	NA	12.452373430740929	NA
Amygdala	-0.12912561648752363	19.49265118923871	NA	12.420105866935645	NA
Amygdala	-0.12912561648752363	19.66826065941203	NA	12.387909485783341	NA
Amygdala	-0.12912561648752363	19.84387012958535	NA	12.355774900328955	NA
Amygdala	-0.12912561648752363	20.019479599758675	NA	12.323693189464414	NA
Amygdala	-0.12912561648752363	20.195089069931996	NA	12.291655876837998	NA
Amygdala	-0.12912561648752363	20.37069854010532	NA	12.259654910704464	NA
Amygdala	-0.12912561648752363	20.54630801027864	NA	12.22768264467395	NA
Amygdala	-0.12912561648752363	20.72191748045196	NA	12.19573181931976	NA
Amygdala	-0.12912561648752363	20.897526950625284	NA	12.163795544606817	NA
Amygdala	-0.12912561648752363	21.073136420798605	NA	12.13186728310419	NA
Amygdala	-0.12912561648752363	21.248745890971925	NA	12.099940833946938	NA
Amygdala	-0.12912561648752363	21.42435536114525	NA	12.068010317513824	NA
Amygdala	-0.12912561648752363	21.59996483131857	NA	12.036070160789086	NA
Amygdala	-0.12912561648752363	21.775574301491893	NA	12.004115083377851	NA
Amygdala	-0.12912561648752363	21.951183771665214	NA	11.972140084146078	NA
Amygdala	-0.12912561648752363	22.126793241838534	NA	11.940140428457243	NA
Amygdala	-0.12912561648752363	22.302402712011858	NA	11.908111635979225	NA
Amygdala	-0.12912561648752363	22.47801218218518	NA	11.87604946903602	NA
Amygdala	-0.12912561648752363	22.629125616487524	11.8138314565463	11.848429922756551	1.3038319070137474
Amygdala	-0.12912561648752363	22.6536216523585	NA	11.843949921480013	NA
Amygdala	-0.12912561648752363	22.829231122531823	NA	11.811809208061643	NA
Amygdala	-0.12912561648752363	23.004840592705143	NA	11.779623754274425	NA
Amygdala	-0.12912561648752363	23.180450062878464	NA	11.74739018665396	NA
Amygdala	-0.12912561648752363	23.356059533051788	NA	11.715105323510986	NA
Amygdala	-0.12912561648752363	23.531669003225108	NA	11.682766166078897	NA
Amygdala	-0.12912561648752363	23.707278473398432	NA	11.650369890057537	NA
Amygdala	-0.12912561648752363	23.882887943571752	NA	11.617913837535351	NA
Amygdala	-0.12912561648752363	24.058497413745073	NA	11.58539550031159	NA
Amygdala	-0.12912561648752363	24.234106883918397	NA	11.552812537874368	NA
Amygdala	-0.12912561648752363	24.409716354091717	NA	11.520162747474759	NA
Amygdala	-0.12912561648752363	24.585325824265038	NA	11.487444063032923	NA
Amygdala	-0.12912561648752363	24.76093529443836	NA	11.454654549578585	NA
Amygdala	-0.12912561648752363	24.936544764611682	NA	11.421792397115746	NA
Amygdala	-0.12912561648752363	25.112154234785006	NA	11.388855914762601	NA
Amygdala	-0.12912561648752363	25.287763704958326	NA	11.355843525154402	NA
Amygdala	-0.12912561648752363	25.463373175131647	NA	11.322753759097445	NA
Amygdala	-0.12912561648752363	25.63898264530497	NA	11.289585250463196	NA
Amygdala	-0.12912561648752363	25.81459211547829	NA	11.256336731311645	NA
Amygdala	-0.12912561648752363	25.99020158565161	NA	11.223007027233866	NA
Amygdala	-0.12912561648752363	26.165811055824935	NA	11.189595052903828	NA
Amygdala	-0.12912561648752363	26.341420525998256	NA	11.156099807830381	NA
Amygdala	-0.12912561648752363	26.517029996171576	NA	11.12252037230022	NA
Amygdala	-0.12912561648752363	26.6926394663449	NA	11.08885590350353	NA
Amygdala	-0.12912561648752363	26.86824893651822	NA	11.05510563183411	NA
Amygdala	-0.12912561648752363	27.043858406691545	NA	11.021268857356084	NA
Amygdala	-0.12912561648752363	27.219467876864865	NA	10.987344946430156	NA
Amygdala	-0.12912561648752363	27.395077347038185	NA	10.95333332849157	NA
Amygdala	-0.12912561648752363	27.57068681721151	NA	10.919233492973888	NA
Amygdala	-0.12912561648752363	27.629125616487524	10.681804247250067	10.907866208055461	1.2051004760161728
Amygdala	-0.12912561648752363	27.74629628738483	NA	10.885044986371451	NA
Amygdala	-0.12912561648752363	27.92190575755815	NA	10.850767409434624	NA
Amygdala	-0.12912561648752363	28.097515227731474	NA	10.816400414491785	NA
Amygdala	-0.12912561648752363	28.273124697904795	NA	10.781943702892503	NA
Amygdala	-0.12912561648752363	28.448734168078115	NA	10.747397022566423	NA
Amygdala	-0.12912561648752363	28.62434363825144	NA	10.71276016569273	NA
Amygdala	-0.12912561648752363	28.79995310842476	NA	10.67803296647528	NA
Amygdala	-0.12912561648752363	28.975562578598083	NA	10.643215299018632	NA
Amygdala	-0.12912561648752363	29.151172048771404	NA	10.60830707530051	NA
Amygdala	-0.12912561648752363	29.326781518944724	NA	10.573308243236417	NA
Amygdala	-0.12912561648752363	29.502390989118048	NA	10.538218784832228	NA
Amygdala	-0.12912561648752363	29.67800045929137	NA	10.50303871442089	NA
Amygdala	-0.12912561648752363	29.85360992946469	NA	10.467768076979443	NA
Amygdala	-0.12912561648752363	30.029219399638013	NA	10.432406946522779	NA
Amygdala	-0.12912561648752363	30.204828869811333	NA	10.397655935642433	NA
Amygdala	-0.12912561648752363	30.380438339984657	NA	10.363238178274834	NA
Amygdala	-0.12912561648752363	30.556047810157978	NA	10.329072948240784	NA
Amygdala	-0.12912561648752363	30.731657280331298	NA	10.29515220611999	NA
Amygdala	-0.12912561648752363	30.907266750504622	NA	10.261468245108045	NA
Amygdala	-0.12912561648752363	31.082876220677942	NA	10.228013676420826	NA
Amygdala	-0.12912561648752363	31.258485690851263	NA	10.194781415346366	NA
Amygdala	-0.12912561648752363	31.434095161024587	NA	10.161764667915385	NA
Amygdala	-0.12912561648752363	31.609704631197907	NA	10.12895691816299	NA
Amygdala	-0.12912561648752363	31.785314101371227	NA	10.096351915955351	NA
Amygdala	-0.12912561648752363	31.96092357154455	NA	10.063943681244943	NA
Amygdala	-0.12912561648752363	32.136533041717875	NA	10.031726457228187	NA
Amygdala	-0.12912561648752363	32.312142511891196	NA	9.999694709966523	NA
Amygdala	-0.12912561648752363	32.487751982064516	NA	9.967843141455209	NA
Amygdala	-0.12912561648752363	32.62912561648752	9.619356838450782	9.942328684850056	1.1228724152925085
Amygdala	-0.12912561648752363	32.66336145223784	NA	9.936166666281101	NA
Amygdala	-0.12912561648752363	32.83897092241116	NA	9.904660402349114	NA
Amygdala	-0.12912561648752363	33.014580392584485	NA	9.873319662019767	NA
Amygdala	-0.12912561648752363	33.190189862757805	NA	9.842139943639273	NA
Amygdala	-0.12912561648752363	33.365799332931125	NA	9.811116923444969	NA
Amygdala	-0.12912561648752363	33.541408803104446	NA	9.780246447829144	NA
Amygdala	-0.12912561648752363	33.717018273277766	NA	9.749524525945613	NA
Amygdala	-0.12912561648752363	33.89262774345109	NA	9.718947322643661	NA
Amygdala	-0.12912561648752363	34.068237213624414	NA	9.688511151714744	NA
Amygdala	-0.12912561648752363	34.243846683797734	NA	9.6582124694382685	NA
Amygdala	-0.12912561648752363	34.419456153971055	NA	9.628047868412946	NA
Amygdala	-0.12912561648752363	34.595065624144375	NA	9.598014071661147	NA
Amygdala	-0.12912561648752363	34.770675094317696	NA	9.568107926994106	NA
Amygdala	-0.12912561648752363	34.94628456449102	NA	9.538326401626396	NA
Amygdala	-0.12912561648752363	35.121894034664344	NA	9.50866657702856	NA
Amygdala	-0.12912561648752363	35.297503504837664	NA	9.4791256440074	NA
Amygdala	-0.12912561648752363	35.473112975010984	NA	9.449700898003677	NA
Amygdala	-0.12912561648752363	35.648722445184305	NA	9.420389734597752	NA
Amygdala	-0.12912561648752363	35.824331915357625	NA	9.391189645213746	NA
Amygdala	-0.12912561648752363	35.99994138553095	NA	9.362098213013521	NA
Amygdala	-0.12912561648752363	36.17555085570427	NA	9.333113108972018	NA
Amygdala	-0.12912561648752363	36.35116032587759	NA	9.304232088125879	NA
Amygdala	-0.12912561648752363	36.526769796050914	NA	9.275452985987682	NA
Amygdala	-0.12912561648752363	36.702379266224234	NA	9.246773715118428	NA
Amygdala	-0.12912561648752363	36.87798873639756	NA	9.218192261851238	NA
Amygdala	-0.12912561648752363	37.05359820657088	NA	9.189706683159589	NA
Amygdala	-0.12912561648752363	37.2292076767442	NA	9.161315103663608	NA
Amygdala	-0.12912561648752363	37.40481714691752	NA	9.133015712768346	NA
Amygdala	-0.12912561648752363	37.58042661709084	NA	9.104806761928153	NA
Amygdala	-0.12912561648752363	37.62912561648752	8.903086779830732	9.096999762326062	1.0527702519210254
Amygdala	-0.12912561648752363	37.756036087264164	NA	9.076686562031549	NA
Amygdala	-0.12912561648752363	37.93164555743749	NA	9.048653480901262	NA
Amygdala	-0.12912561648752363	38.10725502761081	NA	9.020705940904335	NA
Amygdala	-0.12912561648752363	38.28286449778413	NA	8.992842416667303	NA
Amygdala	-0.12912561648752363	38.45847396795745	NA	8.965061432891982	NA
Amygdala	-0.12912561648752363	38.63408343813077	NA	8.937361562267217	NA
Amygdala	-0.12912561648752363	38.8096929083041	NA	8.909741423472395	NA
Amygdala	-0.12912561648752363	38.98530237847742	NA	8.882199679268723	NA
Amygdala	-0.12912561648752363	39.16091184865074	NA	8.854735034674242	NA
Amygdala	-0.12912561648752363	39.33652131882406	NA	8.827346235218982	NA
Amygdala	-0.12912561648752363	39.51213078899738	NA	8.80003206527663	NA
Amygdala	-0.12912561648752363	39.6877402591707	NA	8.77279134646934	NA
Amygdala	-0.12912561648752363	39.86334972934403	NA	8.745622938116886	NA
Amygdala	-0.12912561648752363	40.03895919951735	NA	8.718525738546289	NA
Amygdala	-0.12912561648752363	40.21456866969067	NA	8.691498663229265	NA
Amygdala	-0.12912561648752363	40.39017813986399	NA	8.664540668196116	NA
Amygdala	-0.12912561648752363	40.56578761003731	NA	8.637650739737433	NA
Amygdala	-0.12912561648752363	40.74139708021064	NA	8.610827893184656	NA
Amygdala	-0.12912561648752363	40.91700655038396	NA	8.584071171743563	NA
Amygdala	-0.12912561648752363	41.09261602055728	NA	8.55737964537891	NA
Amygdala	-0.12912561648752363	41.2682254907306	NA	8.530752409747622	NA
Amygdala	-0.12912561648752363	41.44383496090392	NA	8.504188585178392	NA
Amygdala	-0.12912561648752363	41.61944443107725	NA	8.477687315695805	NA
Amygdala	-0.12912561648752363	41.79505390125057	NA	8.451247768086832	NA
Amygdala	-0.12912561648752363	41.97066337142389	NA	8.424869131007922	NA
Amygdala	-0.12912561648752363	42.14627284159721	NA	8.398550614130883	NA
Amygdala	-0.12912561648752363	42.32188231177053	NA	8.372291447325756	NA
Amygdala	-0.12912561648752363	42.49749178194385	NA	8.346090879879219	NA
Amygdala	-0.12912561648752363	42.62912561648752	8.267998863134142	8.326489370076764	0.9914176037735668
Amygdala	-0.12912561648752363	42.67310125211718	NA	8.319948179746701	NA
Amygdala	-0.12912561648752363	42.8487107222905	NA	8.293862632836966	NA
Amygdala	-0.12912561648752363	43.02432019246382	NA	8.267833542327532	NA
Amygdala	-0.12912561648752363	43.19992966263714	NA	8.241860228009699	NA
Amygdala	-0.12912561648752363	43.37553913281046	NA	8.215942025661782	NA
Amygdala	-0.12912561648752363	43.55114860298379	NA	8.190078286449348	NA
Amygdala	-0.12912561648752363	43.72675807315711	NA	8.164268376351284	NA
Amygdala	-0.12912561648752363	43.90236754333043	NA	8.138511675610472	NA
Amygdala	-0.12912561648752363	44.07797701350375	NA	8.112807578208088	NA
Amygdala	-0.12912561648752363	44.25358648367707	NA	8.08715549136039	NA
Amygdala	-0.12912561648752363	44.42919595385039	NA	8.061554835037088	NA
Amygdala	-0.12912561648752363	44.604805424023716	NA	8.036005041500234	NA
Amygdala	-0.12912561648752363	44.78041489419704	NA	8.010505554862847	NA
Amygdala	-0.12912561648752363	44.95602436437036	NA	7.985055830666302	NA
Amygdala	-0.12912561648752363	45.13163383454368	NA	7.95964185159511	NA
Amygdala	-0.12912561648752363	45.307243304717	NA	7.934330533963537	NA
Amygdala	-0.12912561648752363	45.482852774890326	NA	7.909207450417175	NA
Amygdala	-0.12912561648752363	45.658462245063646	NA	7.884268711828657	NA
Amygdala	-0.12912561648752363	45.834071715236966	NA	7.859510567088377	NA
Amygdala	-0.12912561648752363	46.00968118541029	NA	7.8349293972397245	NA
Amygdala	-0.12912561648752363	46.18529065558361	NA	7.810521709872967	NA
Amygdala	-0.12912561648752363	46.36090012575693	NA	7.78628413376633	NA
Amygdala	-0.12912561648752363	46.536509595930255	NA	7.762213413763181	NA
Amygdala	-0.12912561648752363	46.712119066103575	NA	7.738306405875035	NA
Amygdala	-0.12912561648752363	46.887728536276896	NA	7.714560072600129	NA
Amygdala	-0.12912561648752363	47.063338006450216	NA	7.69097147844817	NA
Amygdala	-0.12912561648752363	47.23894747662354	NA	7.667537785662053	NA
Amygdala	-0.12912561648752363	47.414556946796864	NA	7.644256250127759	NA
Amygdala	-0.12912561648752363	47.590166416970185	NA	7.621124217464167	NA
Amygdala	-0.12912561648752363	47.62912561648752	7.570817171378798	7.616012454011059	0.9398423736497916
Amygdala	-0.12912561648752363	47.765775887143505	NA	7.5981391192846806	NA
Amygdala	-0.12912561648752363	47.941385357316825	NA	7.575298487348493	NA
Amygdala	-0.12912561648752363	48.116994827490146	NA	7.552599900261271	NA
Amygdala	-0.12912561648752363	48.292604297663466	NA	7.5300410228242125	NA
Amygdala	-0.12912561648752363	48.468213767836794	NA	7.507619596454807	NA
Amygdala	-0.12912561648752363	48.643823238010114	NA	7.485333432194642	NA
Amygdala	-0.12912561648752363	48.819432708183434	NA	7.463180407853596	NA
Amygdala	-0.12912561648752363	48.995042178356755	NA	7.441158465279292	NA
Amygdala	-0.12912561648752363	49.170651648530075	NA	7.419265607745957	NA
Amygdala	-0.12912561648752363	49.3462611187034	NA	7.397499897457614	NA
Amygdala	-0.12912561648752363	49.52187058887672	NA	7.375859453160455	NA
Amygdala	-0.12912561648752363	49.697480059050044	NA	7.3543424478595485	NA
Amygdala	-0.12912561648752363	49.873089529223364	NA	7.332947106635281	NA
Amygdala	-0.12912561648752363	50.048698999396684	NA	7.3116717045550965	NA
Amygdala	-0.12912561648752363	50.22430846957001	NA	7.290514564676334	NA
Amygdala	-0.12912561648752363	50.39991793974333	NA	7.269474056136067	NA
Amygdala	-0.12912561648752363	50.57552740991665	NA	7.248548592324181	NA
Amygdala	-0.12912561648752363	50.75113688008997	NA	7.227736629135913	NA
Amygdala	-0.12912561648752363	50.926746350263294	NA	7.207036663300411	NA
Amygdala	-0.12912561648752363	51.102355820436614	NA	7.186447230781858	NA
Amygdala	-0.12912561648752363	51.27796529060994	NA	7.165966905250055	NA
Amygdala	-0.12912561648752363	51.45357476078326	NA	7.145594296617285	NA
Amygdala	-0.12912561648752363	51.62918423095658	NA	7.125328049638598	NA
Amygdala	-0.12912561648752363	51.8047937011299	NA	7.105166842572657	NA
Amygdala	-0.12912561648752363	51.98040317130322	NA	7.085109385900529	NA
Amygdala	-0.12912561648752363	52.15601264147655	NA	7.065154421099766	NA
Amygdala	-0.12912561648752363	52.33162211164987	NA	7.045300719471436	NA
Amygdala	-0.12912561648752363	52.50723158182319	NA	7.025547081017657	NA
Amygdala	-0.12912561648752363	52.62912561648752	6.518292682124284	7.011893839222739	0.8949935959509174
Amygdala	-0.12912561648752363	52.68284105199651	NA	7.005892333367508	NA
Amygdala	-0.12912561648752363	52.85845052216983	NA	6.986335330749068	NA
Amygdala	-0.12912561648752363	53.03405999234315	NA	6.966874953005649	NA
Amygdala	-0.12912561648752363	53.20966946251648	NA	6.94751010465418	NA
Amygdala	-0.12912561648752363	53.3852789326898	NA	6.928239713983954	NA
Amygdala	-0.12912561648752363	53.56088840286312	NA	6.909062732193879	NA
Amygdala	-0.12912561648752363	53.73649787303644	NA	6.889978132566653	NA
Amygdala	-0.12912561648752363	53.91210734320976	NA	6.870984909678055	NA
Amygdala	-0.12912561648752363	54.08771681338309	NA	6.852082078639963	NA
Amygdala	-0.12912561648752363	54.26332628355641	NA	6.833268674375601	NA
Amygdala	-0.12912561648752363	54.43893575372973	NA	6.8145437509254	NA
Amygdala	-0.12912561648752363	54.61454522390305	NA	6.795906380782407	NA
Amygdala	-0.12912561648752363	54.79015469407637	NA	6.777355654255722	NA
Amygdala	-0.12912561648752363	54.96576416424969	NA	6.75889067886085	NA
Amygdala	-0.12912561648752363	55.14137363442302	NA	6.740510578735695	NA
Amygdala	-0.12912561648752363	55.31698310459634	NA	6.722214494081146	NA
Amygdala	-0.12912561648752363	55.49259257476966	NA	6.704001580625107	NA
Amygdala	-0.12912561648752363	55.66820204494298	NA	6.685871009109018	NA
Amygdala	-0.12912561648752363	55.8438115151163	NA	6.667821970392392	NA
Amygdala	-0.12912561648752363	56.01942098528963	NA	6.649853664733051	NA
Amygdala	-0.12912561648752363	56.19503045546295	NA	6.631965298265327	NA
Amygdala	-0.12912561648752363	56.37063992563627	NA	6.6141560970705555	NA
Amygdala	-0.12912561648752363	56.54624939580959	NA	6.596425299979327	NA
Amygdala	-0.12912561648752363	56.72185886598291	NA	6.578772158173407	NA
Amygdala	-0.12912561648752363	56.89746833615623	NA	6.561195934804002	NA
Amygdala	-0.12912561648752363	57.07307780632956	NA	6.543695904625697	NA
Amygdala	-0.12912561648752363	57.24868727650288	NA	6.526271353645382	NA
Amygdala	-0.12912561648752363	57.4242967466762	NA	6.508921578785501	NA
Amygdala	-0.12912561648752363	57.59990621684952	NA	6.491645887561006	NA
Amygdala	-0.12912561648752363	57.62912561648752	6.302943428719578	6.488778551322834	0.8584101996278483
Amygdala	-0.12912561648752363	57.77551568702284	NA	6.474443597769392	NA
Amygdala	-0.12912561648752363	57.95112515719617	NA	6.457314037193286	NA
Amygdala	-0.12912561648752363	58.12673462736949	NA	6.440256543314994	NA
Amygdala	-0.12912561648752363	58.30234409754281	NA	6.4232704630425035	NA
Amygdala	-0.12912561648752363	58.47795356771613	NA	6.4063551524464755	NA
Amygdala	-0.12912561648752363	58.65356303788945	NA	6.38950997650766	NA
Amygdala	-0.12912561648752363	58.829172508062776	NA	6.372734308874388	NA
Amygdala	-0.12912561648752363	59.004781978236096	NA	6.356027531629627	NA
Amygdala	-0.12912561648752363	59.18039144840942	NA	6.339389035067202	NA
Amygdala	-0.12912561648752363	59.35600091858274	NA	6.322818217476784	NA
Amygdala	-0.12912561648752363	59.53161038875606	NA	6.306314484937306	NA
Amygdala	-0.12912561648752363	59.70721985892938	NA	6.289877251118339	NA
Amygdala	-0.12912561648752363	59.882829329102705	NA	6.273505937089218	NA
Amygdala	-0.12912561648752363	60.058438799276026	NA	6.257199971135466	NA
Amygdala	-0.12912561648752363	60.234048269449346	NA	6.240984257641091	NA
Amygdala	-0.12912561648752363	60.409657739622666	NA	6.224893086373338	NA
Amygdala	-0.12912561648752363	60.58526720979599	NA	6.2089173334288645	NA
Amygdala	-0.12912561648752363	60.760876679969314	NA	6.193055208243213	NA
Amygdala	-0.12912561648752363	60.936486150142635	NA	6.177304973834907	NA
Amygdala	-0.12912561648752363	61.112095620315955	NA	6.16166494462582	NA
Amygdala	-0.12912561648752363	61.287705090489276	NA	6.146133484356841	NA
Amygdala	-0.12912561648752363	61.463314560662596	NA	6.130709004094657	NA
Amygdala	-0.12912561648752363	61.638924030835916	NA	6.115389960325589	NA
Amygdala	-0.12912561648752363	61.814533501009244	NA	6.100174853132655	NA
Amygdala	-0.12912561648752363	61.990142971182564	NA	6.085062224452153	NA
Amygdala	-0.12912561648752363	62.165752441355885	NA	6.070050656406224	NA
Amygdala	-0.12912561648752363	62.341361911529205	NA	6.05513876970809	NA
Amygdala	-0.12912561648752363	62.516971381702525	NA	6.040325222136645	NA
Amygdala	-0.12912561648752363	62.62912561648752	5.979215158692778	6.0309153432695934	0.8232796700642128
Amygdala	-0.12912561648752363	62.69258085187585	NA	6.025608707077421	NA
Amygdala	-0.12912561648752363	62.86819032204917	NA	6.010987952126974	NA
Amygdala	-0.12912561648752363	63.043799792222494	NA	5.996461717757801	NA
Amygdala	-0.12912561648752363	63.219409262395814	NA	5.982028796041248	NA
Amygdala	-0.12912561648752363	63.395018732569135	NA	5.967688009425676	NA
Amygdala	-0.12912561648752363	63.570628202742455	NA	5.953438209567598	NA
Amygdala	-0.12912561648752363	63.74623767291578	NA	5.939278277444228	NA
Amygdala	-0.12912561648752363	63.9218471430891	NA	5.925207130722376	NA
Amygdala	-0.12912561648752363	64.09745661326242	NA	5.911223689715559	NA
Amygdala	-0.12912561648752363	64.27306608343575	NA	5.897326912213107	NA
Amygdala	-0.12912561648752363	64.44867555360906	NA	5.883515780082548	NA
Amygdala	-0.12912561648752363	64.62428502378239	NA	5.869789298372494	NA
Amygdala	-0.12912561648752363	64.7998944939557	NA	5.856146494453998	NA
Amygdala	-0.12912561648752363	64.97550396412903	NA	5.842586417198775	NA
Amygdala	-0.12912561648752363	65.15111343430236	NA	5.829108136192654	NA
Amygdala	-0.12912561648752363	65.32672290447567	NA	5.815710740982636	NA
Amygdala	-0.12912561648752363	65.502332374649	NA	5.802393340356149	NA
Amygdala	-0.12912561648752363	65.67794184482231	NA	5.789155061651058	NA
Amygdala	-0.12912561648752363	65.85355131499564	NA	5.7759950500950135	NA
Amygdala	-0.12912561648752363	66.02916078516897	NA	5.762912468172995	NA
Amygdala	-0.12912561648752363	66.20477025534228	NA	5.749906495021592	NA
Amygdala	-0.12912561648752363	66.38037972551561	NA	5.736976325849019	NA
Amygdala	-0.12912561648752363	66.55598919568892	NA	5.724121171379683	NA
Amygdala	-0.12912561648752363	66.73159866586225	NA	5.711340257322162	NA
Amygdala	-0.12912561648752363	66.90720813603556	NA	5.698632823859632	NA
Amygdala	-0.12912561648752363	67.08281760620889	NA	5.685998125161741	NA
Amygdala	-0.12912561648752363	67.25842707638222	NA	5.673435428916953	NA
Amygdala	-0.12912561648752363	67.43403654655553	NA	5.660944015884492	NA
Amygdala	-0.12912561648752363	67.60964601672886	NA	5.648523179465039	NA
Amygdala	-0.12912561648752363	67.62912561648753	5.522543023604814	5.647149683336664	0.7941339053739491
Amygdala	-0.12912561648752363	67.78525548690217	NA	5.636172225289289	NA
Amygdala	-0.12912561648752363	67.9608649570755	NA	5.623890470823648	NA
Amygdala	-0.12912561648752363	68.13647442724883	NA	5.611677244992326	NA
Amygdala	-0.12912561648752363	68.31208389742214	NA	5.59953188781504	NA
Amygdala	-0.12912561648752363	68.48769336759547	NA	5.587453750059691	NA
Amygdala	-0.12912561648752363	68.66330283776878	NA	5.575442192909347	NA
Amygdala	-0.12912561648752363	68.83891230794211	NA	5.563496587642902	NA
Amygdala	-0.12912561648752363	69.01452177811544	NA	5.5516163153288325	NA
Amygdala	-0.12912561648752363	69.19013124828875	NA	5.539800766531414	NA
Amygdala	-0.12912561648752363	69.36574071846208	NA	5.528049341028963	NA
Amygdala	-0.12912561648752363	69.54135018863539	NA	5.516361447543446	NA
Amygdala	-0.12912561648752363	69.71695965880872	NA	5.504736503481063	NA
Amygdala	-0.12912561648752363	69.89256912898205	NA	5.493173934683301	NA
Amygdala	-0.12912561648752363	70.06817859915536	NA	5.481673175187948	NA
Amygdala	-0.12912561648752363	70.24378806932869	NA	5.470233666999689	NA
Amygdala	-0.12912561648752363	70.419397539502	NA	5.458854859869867	NA
Amygdala	-0.12912561648752363	70.59500700967533	NA	5.447536211084985	NA
Amygdala	-0.12912561648752363	70.77061647984864	NA	5.436277185263556	NA
Amygdala	-0.12912561648752363	70.94622595002197	NA	5.425077254160972	NA
Amygdala	-0.12912561648752363	71.1218354201953	NA	5.413935896482049	NA
Amygdala	-0.12912561648752363	71.29744489036861	NA	5.40285259770086	NA
Amygdala	-0.12912561648752363	71.47305436054194	NA	5.391826849887586	NA
Amygdala	-0.12912561648752363	71.64866383071525	NA	5.380858151542106	NA
Amygdala	-0.12912561648752363	71.82427330088858	NA	5.3699460136530375	NA
Amygdala	-0.12912561648752363	71.9998827710619	NA	5.359089943091654	NA
Amygdala	-0.12912561648752363	72.17549224123522	NA	5.348289454361151	NA
Amygdala	-0.12912561648752363	72.35110171140855	NA	5.337544070142427	NA
Amygdala	-0.12912561648752363	72.52671118158186	NA	5.326853318804601	NA
Amygdala	-0.12912561648752363	72.62912561648753	5.6556424048903216	5.320643569796024	0.7676503110600775
Amygdala	-0.12912561648752363	72.70232065175519	NA	5.3162167342731	NA
Amygdala	-0.12912561648752363	72.87793012192851	NA	5.305633855902713	NA
Amygdala	-0.12912561648752363	73.05353959210183	NA	5.295104228355328	NA
Amygdala	-0.12912561648752363	73.22914906227516	NA	5.284627401482185	NA
Amygdala	-0.12912561648752363	73.40475853244847	NA	5.274202930210434	NA
Amygdala	-0.12912561648752363	73.5803680026218	NA	5.263830374433844	NA
Amygdala	-0.12912561648752363	73.75597747279512	NA	5.253509298907439	NA
Amygdala	-0.12912561648752363	73.93158694296844	NA	5.243239273145935	NA
Amygdala	-0.12912561648752363	74.10719641314176	NA	5.2330198713258085	NA
Amygdala	-0.12912561648752363	74.28280588331508	NA	5.222850672190792	NA
Amygdala	-0.12912561648752363	74.4584153534884	NA	5.212731258960756	NA
Amygdala	-0.12912561648752363	74.63402482366173	NA	5.202661219243718	NA
Amygdala	-0.12912561648752363	74.80963429383505	NA	5.192640144950924	NA
Amygdala	-0.12912561648752363	74.98524376400837	NA	5.182667632214825	NA
Amygdala	-0.12912561648752363	75.16085323418169	NA	5.172743281309897	NA
Amygdala	-0.12912561648752363	75.33646270435501	NA	5.162866696576068	NA
Amygdala	-0.12912561648752363	75.51207217452833	NA	5.153037486344775	NA
Amygdala	-0.12912561648752363	75.68768164470166	NA	5.1432552628674255	NA
Amygdala	-0.12912561648752363	75.86329111487498	NA	5.133519642246267	NA
Amygdala	-0.12912561648752363	76.0389005850483	NA	5.123830244367445	NA
Amygdala	-0.12912561648752363	76.21451005522162	NA	5.114186692836295	NA
Amygdala	-0.12912561648752363	76.39011952539494	NA	5.10458861491465	NA
Amygdala	-0.12912561648752363	76.56572899556826	NA	5.0950356414601705	NA
Amygdala	-0.12912561648752363	76.74133846574159	NA	5.085527406867553	NA
Amygdala	-0.12912561648752363	76.9169479359149	NA	5.076063549011593	NA
Amygdala	-0.12912561648752363	77.09255740608823	NA	5.066643709191966	NA
Amygdala	-0.12912561648752363	77.26816687626155	NA	5.0572675320797105	NA
Amygdala	-0.12912561648752363	77.44377634643487	NA	5.0479346656653155	NA
Amygdala	-0.12912561648752363	77.6193858166082	NA	5.038644761208352	NA
Amygdala	-0.12912561648752363	77.62912561648753	5.395243919186589	5.038130774890939	0.7435962630593645
Amygdala	-0.12912561648752363	77.79499528678151	NA	5.029397473188591	NA
Amygdala	-0.12912561648752363	77.97060475695484	NA	5.020192459258529	NA
Amygdala	-0.12912561648752363	78.14621422712816	NA	5.011029380197296	NA
Amygdala	-0.12912561648752363	78.32182369730148	NA	5.00190789986587	NA
Amygdala	-0.12912561648752363	78.49743316747481	NA	4.99282768516353	NA
Amygdala	-0.12912561648752363	78.67304263764812	NA	4.983788405985545	NA
Amygdala	-0.12912561648752363	78.84865210782145	NA	4.974789735182004	NA
Amygdala	-0.12912561648752363	79.02426157799476	NA	4.965831348517757	NA
Amygdala	-0.12912561648752363	79.19987104816809	NA	4.956912924633447	NA
Amygdala	-0.12912561648752363	79.3754805183414	NA	4.948034145007533	NA
Amygdala	-0.12912561648752363	79.55108998851473	NA	4.939194693919349	NA
Amygdala	-0.12912561648752363	79.72669945868806	NA	4.930394260559766	NA
Amygdala	-0.12912561648752363	79.90230892886137	NA	4.921632536248864	NA
Amygdala	-0.12912561648752363	80.0779183990347	NA	4.912909209670452	NA
Amygdala	-0.12912561648752363	80.25352786920801	NA	4.904223975957226	NA
Amygdala	-0.12912561648752363	80.42913733938134	NA	4.895576532871405	NA
Amygdala	-0.12912561648752363	80.60474680955467	NA	4.8869665807729215	NA
Amygdala	-0.12912561648752363	80.78035627972798	NA	4.878393822588383	NA
Amygdala	-0.12912561648752363	80.95596574990131	NA	4.869857963780746	NA
Amygdala	-0.12912561648752363	81.13157522007462	NA	4.861358712319688	NA
Amygdala	-0.12912561648752363	81.30718469024795	NA	4.852895778652645	NA
Amygdala	-0.12912561648752363	81.48279416042128	NA	4.844468875676515	NA
Amygdala	-0.12912561648752363	81.65840363059459	NA	4.8360777187099355	NA
Amygdala	-0.12912561648752363	81.83401310076792	NA	4.827722025466226	NA
Amygdala	-0.12912561648752363	82.00962257094123	NA	4.81940151602683	NA
Amygdala	-0.12912561648752363	82.18523204111456	NA	4.811115912815394	NA
Amygdala	-0.12912561648752363	82.36084151128789	NA	4.80286494057232	NA
Amygdala	-0.12912561648752363	82.5364509814612	NA	4.794648326329859	NA
Amygdala	-0.12912561648752363	82.62912561648753	5.683116881987628	4.790325916027542	0.7230229745858322
Amygdala	-0.12912561648752363	82.71206045163453	NA	4.786465799387714	NA
Amygdala	-0.12912561648752363	82.88766992180784	NA	4.778317091289099	NA
Amygdala	-0.12912561648752363	83.06327939198117	NA	4.770201935797293	NA
Amygdala	-0.12912561648752363	83.2388888621545	NA	4.762120068872601	NA
Amygdala	-0.12912561648752363	83.41449833232781	NA	4.75407122864981	NA
Amygdala	-0.12912561648752363	83.59010780250114	NA	4.746055155415998	NA
Amygdala	-0.12912561648752363	83.76571727267445	NA	4.73807159158879	NA
Amygdala	-0.12912561648752363	83.94132674284778	NA	4.730120281694994	NA
Amygdala	-0.12912561648752363	84.11693621302109	NA	4.722200972349614	NA
Amygdala	-0.12912561648752363	84.29254568319442	NA	4.714313412235223	NA
Amygdala	-0.12912561648752363	84.46815515336775	NA	4.706457352081699	NA
Amygdala	-0.12912561648752363	84.64376462354106	NA	4.698632544646315	NA
Amygdala	-0.12912561648752363	84.81937409371439	NA	4.690838744694131	NA
Amygdala	-0.12912561648752363	84.9949835638877	NA	4.683075708978728	NA
Amygdala	-0.12912561648752363	85.17059303406103	NA	4.675343196223249	NA
Amygdala	-0.12912561648752363	85.34620250423436	NA	4.667640967101748	NA
Amygdala	-0.12912561648752363	85.52181197440767	NA	4.659968784220821	NA
Amygdala	-0.12912561648752363	85.697421444581	NA	4.6523264121015275	NA
Amygdala	-0.12912561648752363	85.87303091475431	NA	4.644713617161577	NA
Amygdala	-0.12912561648752363	86.04864038492764	NA	4.637130167697794	NA
Amygdala	-0.12912561648752363	86.22424985510096	NA	4.629575833868865	NA
Amygdala	-0.12912561648752363	86.39985932527428	NA	4.622050387678274	NA
Amygdala	-0.12912561648752363	86.5754687954476	NA	4.614553602957534	NA
Amygdala	-0.12912561648752363	86.75107826562092	NA	4.6070852553496575	NA
Amygdala	-0.12912561648752363	86.92668773579425	NA	4.599645122292826	NA
Amygdala	-0.12912561648752363	87.10229720596757	NA	4.59223298300431	NA
Amygdala	-0.12912561648752363	87.27790667614089	NA	4.584848618464611	NA
Amygdala	-0.12912561648752363	87.45351614631421	NA	4.577491811401763	NA
Amygdala	-0.12912561648752363	87.62912561648753	5.304469839034202	4.570154327316323	0.7035229683239753
Caudate	-0.12912561648752363	0	0	-1.6156212523828248e-14	0
Caudate	-0.12912561648752363	0.1756094701733217	NA	3.720014420404609e-4	NA
Caudate	-0.12912561648752363	0.3512189403466434	NA	0.0010198243321645245	NA
Caudate	-0.12912561648752363	0.37912561648752363	0.01700251529794393	0.0013328564177570495	0.525655067421128
Caudate	-0.12912561648752363	0.5268284105199651	NA	0.0035003250689147913	NA
Caudate	-0.12912561648752363	0.7024378806932868	NA	0.6467251683345422	NA
Caudate	-0.12912561648752363	0.8780473508666086	NA	2.0033530011736818	NA
Caudate	-0.12912561648752363	0.8791256164875236	1.8254699022595544	2.0143429445961205	0.6724371859765057
Caudate	-0.12912561648752363	1.0536568210399302	NA	3.9160693320927753	NA
Caudate	-0.12912561648752363	1.229266291213252	NA	5.779724345631679	NA
Caudate	-0.12912561648752363	1.3791256164875236	6.886051625303765	7.4646113998357055	0.8085391330145363
Caudate	-0.12912561648752363	1.4048757613865737	NA	7.764242377805687	NA
Caudate	-0.12912561648752363	1.5804852315598954	NA	9.862103754640689	NA
Caudate	-0.12912561648752363	1.7560947017332171	NA	12.033638730472319	NA
Caudate	-0.12912561648752363	1.8791256164875236	13.44386572205764	13.711173746322311	0.9081623318502868
Caudate	-0.12912561648752363	1.9317041719065389	NA	14.448524814548344	NA
Caudate	-0.12912561648752363	2.1073136420798604	NA	16.628013596335276	NA
Caudate	-0.12912561648752363	2.282923112253182	NA	18.50214460808645	NA
Caudate	-0.12912561648752363	2.3791256164875234	19.240024645996368	19.290805210890657	0.984110606672485
Caudate	-0.12912561648752363	2.458532582426504	NA	19.85332259477127	NA
Caudate	-0.12912561648752363	2.6341420525998256	NA	20.815937184893823	NA
Caudate	-0.12912561648752363	2.8097515227731473	NA	21.39788284591759	NA
Caudate	-0.12912561648752363	2.8791256164875234	22.117331081287972	21.525825349277145	1.005973032224954
Caudate	-0.12912561648752363	2.985360992946469	NA	21.61363998108644	NA
Caudate	-0.12912561648752363	3.160970463119791	NA	21.924914491232876	NA
Caudate	-0.12912561648752363	3.3365799332931125	NA	22.193204010585593	NA
Caudate	-0.12912561648752363	3.5121894034664343	NA	22.389723547458452	NA
Caudate	-0.12912561648752363	3.6291256164875234	22.700783883040867	22.481902068201293	1.2050566243435854
Caudate	-0.12912561648752363	3.687798873639756	NA	22.516749558443095	NA
Caudate	-0.12912561648752363	3.8634083438130777	NA	22.576478058374494	NA
Caudate	-0.12912561648752363	4.0390178139863995	NA	22.57102751160914	NA
Caudate	-0.12912561648752363	4.214627284159721	NA	22.5024416191247	NA
Caudate	-0.12912561648752363	4.390236754333043	NA	22.372692005196065	NA
Caudate	-0.12912561648752363	4.565846224506364	NA	22.183680807267645	NA
Caudate	-0.12912561648752363	4.629125616487523	21.602319255734617	22.101434414997858	1.1820350774517108
Caudate	-0.12912561648752363	4.741455694679686	NA	21.93724317251112	NA
Caudate	-0.12912561648752363	4.917065164853008	NA	21.63514966443221	NA
Caudate	-0.12912561648752363	5.09267463502633	NA	21.331560148775637	NA
Caudate	-0.12912561648752363	5.268284105199651	NA	21.066632776409094	NA
Caudate	-0.12912561648752363	5.443893575372973	NA	20.80744990185802	NA
Caudate	-0.12912561648752363	5.619503045546295	NA	20.553778878173215	NA
Caudate	-0.12912561648752363	5.629125616487523	20.780031954880524	20.540034152547424	1.1516312773471051
Caudate	-0.12912561648752363	5.795112515719616	NA	20.305395577986342	NA
Caudate	-0.12912561648752363	5.970721985892938	NA	20.062084085706985	NA
Caudate	-0.12912561648752363	6.146331456066259	NA	19.823636400818767	NA
Caudate	-0.12912561648752363	6.321940926239582	NA	19.58985215187444	NA
Caudate	-0.12912561648752363	6.497550396412903	NA	19.360538320804267	NA
Caudate	-0.12912561648752363	6.673159866586225	NA	19.13550897716591	NA
Caudate	-0.12912561648752363	6.848769336759546	NA	18.914585021977384	NA
Caudate	-0.12912561648752363	7.0243788069328685	NA	18.697593940787744	NA
Caudate	-0.12912561648752363	7.129125616487523	18.29843895997484	18.56996726185149	1.3527978229421094
Caudate	-0.12912561648752363	7.19998827710619	NA	18.484369565652358	NA
Caudate	-0.12912561648752363	7.375597747279512	NA	18.274751845691856	NA
Caudate	-0.12912561648752363	7.551207217452833	NA	18.06858662592523	NA
Caudate	-0.12912561648752363	7.7268166876261555	NA	17.86572543407893	NA
Caudate	-0.12912561648752363	7.902426157799477	NA	17.666025275084287	NA
Caudate	-0.12912561648752363	8.078035627972799	NA	17.469348713531247	NA
Caudate	-0.12912561648752363	8.253645098146121	NA	17.275562969579415	NA
Caudate	-0.12912561648752363	8.429254568319442	NA	17.084540154057258	NA
Caudate	-0.12912561648752363	8.604864038492764	NA	16.896157272025345	NA
Caudate	-0.12912561648752363	8.780473508666086	NA	16.710295884104475	NA
Caudate	-0.12912561648752363	8.956082978839406	NA	16.526841941624873	NA
Caudate	-0.12912561648752363	9.129125616487524	16.04686213962521	16.34831677121021	1.277809920111782
Caudate	-0.12912561648752363	9.131692449012728	NA	16.345685627721164	NA
Caudate	-0.12912561648752363	9.30730191918605	NA	16.16672120415867	NA
Caudate	-0.12912561648752363	9.482911389359373	NA	15.989846863684537	NA
Caudate	-0.12912561648752363	9.658520859532693	NA	15.814964587704376	NA
Caudate	-0.12912561648752363	9.834130329706015	NA	15.641980009092473	NA
Caudate	-0.12912561648752363	10.009739799879338	NA	15.470802279950652	NA
Caudate	-0.12912561648752363	10.18534927005266	NA	15.30559724186735	NA
Caudate	-0.12912561648752363	10.36095874022598	NA	15.146703214915798	NA
Caudate	-0.12912561648752363	10.536568210399302	NA	14.992432726499512	NA
Caudate	-0.12912561648752363	10.712177680572625	NA	14.842611748320998	NA
Caudate	-0.12912561648752363	10.887787150745947	NA	14.69707256371187	NA
Caudate	-0.12912561648752363	11.063396620919267	NA	14.55565353991563	NA
Caudate	-0.12912561648752363	11.23900609109259	NA	14.418198908580058	NA
Caudate	-0.12912561648752363	11.414615561265911	NA	14.284558554163304	NA
Caudate	-0.12912561648752363	11.590225031439232	NA	14.15458780996834	NA
Caudate	-0.12912561648752363	11.765834501612554	NA	14.028147261530876	NA
Caudate	-0.12912561648752363	11.941443971785876	NA	13.905102557095582	NA
Caudate	-0.12912561648752363	12.117053441959198	NA	13.78532422492515	NA
Caudate	-0.12912561648752363	12.292662912132519	NA	13.66868749719586	NA
Caudate	-0.12912561648752363	12.468272382305841	NA	13.55507214024224	NA
Caudate	-0.12912561648752363	12.629125616487524	13.765066600437816	13.453556065275095	1.5779206941832196
Caudate	-0.12912561648752363	12.643881852479163	NA	13.444362290921926	NA
Caudate	-0.12912561648752363	12.819491322652485	NA	13.336446298880128	NA
Caudate	-0.12912561648752363	12.995100792825806	NA	13.231216574501007	NA
Caudate	-0.12912561648752363	13.170710262999128	NA	13.128569442340966	NA
Caudate	-0.12912561648752363	13.34631973317245	NA	13.02840499984626	NA
Caudate	-0.12912561648752363	13.521929203345772	NA	12.930626981164398	NA
Caudate	-0.12912561648752363	13.697538673519093	NA	12.835142625865872	NA
Caudate	-0.12912561648752363	13.873148143692415	NA	12.741862552398773	NA
Caudate	-0.12912561648752363	14.048757613865737	NA	12.65070063610632	NA
Caudate	-0.12912561648752363	14.224367084039057	NA	12.561573891642293	NA
Caudate	-0.12912561648752363	14.39997655421238	NA	12.474402359626044	NA
Caudate	-0.12912561648752363	14.575586024385702	NA	12.389108997384254	NA
Caudate	-0.12912561648752363	14.751195494559024	NA	12.305619573632079	NA
Caudate	-0.12912561648752363	14.926804964732344	NA	12.223862566951702	NA
Caudate	-0.12912561648752363	15.102414434905667	NA	12.143747378070124	NA
Caudate	-0.12912561648752363	15.278023905078989	NA	12.065508348364501	NA
Caudate	-0.12912561648752363	15.453633375252311	NA	11.989243950434988	NA
Caudate	-0.12912561648752363	15.629242845425631	NA	11.91487873046408	NA
Caudate	-0.12912561648752363	15.804852315598954	NA	11.842339976824258	NA
Caudate	-0.12912561648752363	15.980461785772276	NA	11.77155769135829	NA
Caudate	-0.12912561648752363	16.156071255945598	NA	11.702464457960767	NA
Caudate	-0.12912561648752363	16.33168072611892	NA	11.634995018220838	NA
Caudate	-0.12912561648752363	16.507290196292242	NA	11.569086675699811	NA
Caudate	-0.12912561648752363	16.682899666465563	NA	11.504679015691405	NA
Caudate	-0.12912561648752363	16.858509136638883	NA	11.441713822858484	NA
Caudate	-0.12912561648752363	17.034118606812207	NA	11.380135001839362	NA
Caudate	-0.12912561648752363	17.209728076985527	NA	11.319888500716619	NA
Caudate	-0.12912561648752363	17.385337547158848	NA	11.26092223724522	NA
Caudate	-0.12912561648752363	17.560947017332172	NA	11.203186027740443	NA
Caudate	-0.12912561648752363	17.629125616487524	11.42662675115414	11.18109135395459	1.4234263107476035
Caudate	-0.12912561648752363	17.736556487505492	NA	11.14663151852988	NA
Caudate	-0.12912561648752363	17.912165957678813	NA	11.091212119876861	NA
Caudate	-0.12912561648752363	18.087775427852137	NA	11.03688294228638	NA
Caudate	-0.12912561648752363	18.263384898025457	NA	10.983600735107583	NA
Caudate	-0.12912561648752363	18.43899436819878	NA	10.931323827349978	NA
Caudate	-0.12912561648752363	18.6146038383721	NA	10.880012070633713	NA
Caudate	-0.12912561648752363	18.79021330854542	NA	10.829626784196787	NA
Caudate	-0.12912561648752363	18.965822778718746	NA	10.780130701885241	NA
Caudate	-0.12912561648752363	19.141432248892066	NA	10.731487921054695	NA
Caudate	-0.12912561648752363	19.317041719065386	NA	10.683663853314437	NA
Caudate	-0.12912561648752363	19.49265118923871	NA	10.636625177047568	NA
Caudate	-0.12912561648752363	19.66826065941203	NA	10.590339791643231	NA
Caudate	-0.12912561648752363	19.84387012958535	NA	10.544776773379175	NA
Caudate	-0.12912561648752363	20.019479599758675	NA	10.499906332895138	NA
Caudate	-0.12912561648752363	20.195089069931996	NA	10.455699774199815	NA
Caudate	-0.12912561648752363	20.37069854010532	NA	10.412129455155938	NA
Caudate	-0.12912561648752363	20.54630801027864	NA	10.369168749390381	NA
Caudate	-0.12912561648752363	20.72191748045196	NA	10.326792009577783	NA
Caudate	-0.12912561648752363	20.897526950625284	NA	10.284974532048224	NA
Caudate	-0.12912561648752363	21.073136420798605	NA	10.24369252267123	NA
Caudate	-0.12912561648752363	21.248745890971925	NA	10.202923063970085	NA
Caudate	-0.12912561648752363	21.42435536114525	NA	10.162644083422082	NA
Caudate	-0.12912561648752363	21.59996483131857	NA	10.122834322902015	NA
Caudate	-0.12912561648752363	21.775574301491893	NA	10.08347330922762	NA
Caudate	-0.12912561648752363	21.951183771665214	NA	10.04454132576729	NA
Caudate	-0.12912561648752363	22.126793241838534	NA	10.006019385071793	NA
Caudate	-0.12912561648752363	22.302402712011858	NA	9.96788920249301	NA
Caudate	-0.12912561648752363	22.47801218218518	NA	9.930133170754159	NA
Caudate	-0.12912561648752363	22.629125616487524	10.148931608612742	9.89793033860827	1.3038319070137474
Caudate	-0.12912561648752363	22.6536216523585	NA	9.892734335437193	NA
Caudate	-0.12912561648752363	22.829231122531823	NA	9.855676371354308	NA
Caudate	-0.12912561648752363	23.004840592705143	NA	9.818943559771688	NA
Caudate	-0.12912561648752363	23.180450062878464	NA	9.78252076645475	NA
Caudate	-0.12912561648752363	23.356059533051788	NA	9.746393420505314	NA
Caudate	-0.12912561648752363	23.531669003225108	NA	9.710547493962093	NA
Caudate	-0.12912561648752363	23.707278473398432	NA	9.674969482137035	NA
Caudate	-0.12912561648752363	23.882887943571752	NA	9.639646384660946	NA
Caudate	-0.12912561648752363	24.058497413745073	NA	9.604565719150568	NA
Caudate	-0.12912561648752363	24.234106883918397	NA	9.569715407607877	NA
Caudate	-0.12912561648752363	24.409716354091717	NA	9.53508385244718	NA
Caudate	-0.12912561648752363	24.585325824265038	NA	9.500659894530322	NA
Caudate	-0.12912561648752363	24.76093529443836	NA	9.466432794033185	NA
Caudate	-0.12912561648752363	24.936544764611682	NA	9.432392215241672	NA
Caudate	-0.12912561648752363	25.112154234785006	NA	9.398528211896256	NA
Caudate	-0.12912561648752363	25.287763704958326	NA	9.36483121306525	NA
Caudate	-0.12912561648752363	25.463373175131647	NA	9.331292009527749	NA
Caudate	-0.12912561648752363	25.63898264530497	NA	9.297901740647925	NA
Caudate	-0.12912561648752363	25.81459211547829	NA	9.264651881722877	NA
Caudate	-0.12912561648752363	25.99020158565161	NA	9.231534231787053	NA
Caudate	-0.12912561648752363	26.165811055824935	NA	9.198540901856694	NA
Caudate	-0.12912561648752363	26.341420525998256	NA	9.165664303598499	NA
Caudate	-0.12912561648752363	26.517029996171576	NA	9.132897138407206	NA
Caudate	-0.12912561648752363	26.6926394663449	NA	9.100232386877305	NA
Caudate	-0.12912561648752363	26.86824893651822	NA	9.067663298654756	NA
Caudate	-0.12912561648752363	27.043858406691545	NA	9.035183382654873	NA
Caudate	-0.12912561648752363	27.219467876864865	NA	9.002786397633477	NA
Caudate	-0.12912561648752363	27.395077347038185	NA	8.970466343097986	NA
Caudate	-0.12912561648752363	27.57068681721151	NA	8.93821745054694	NA
Caudate	-0.12912561648752363	27.629125616487524	8.75835328148209	8.927500577872795	1.2051004760161728
Caudate	-0.12912561648752363	27.74629628738483	NA	8.906034175025551	NA
Caudate	-0.12912561648752363	27.92190575755815	NA	8.873911186986131	NA
Caudate	-0.12912561648752363	28.097515227731474	NA	8.841843364442322	NA
Caudate	-0.12912561648752363	28.273124697904795	NA	8.809825785406604	NA
Caudate	-0.12912561648752363	28.448734168078115	NA	8.777853720600815	NA
Caudate	-0.12912561648752363	28.62434363825144	NA	8.745922626429826	NA
Caudate	-0.12912561648752363	28.79995310842476	NA	8.714028138208956	NA
Caudate	-0.12912561648752363	28.975562578598083	NA	8.682166063635911	NA
Caudate	-0.12912561648752363	29.151172048771404	NA	8.650332376498442	NA
Caudate	-0.12912561648752363	29.326781518944724	NA	8.61852321060925	NA
Caudate	-0.12912561648752363	29.502390989118048	NA	8.586734853959925	NA
Caudate	-0.12912561648752363	29.67800045929137	NA	8.554963743086018	NA
Caudate	-0.12912561648752363	29.85360992946469	NA	8.52320645763564	NA
Caudate	-0.12912561648752363	30.029219399638013	NA	8.491459715134253	NA
Caudate	-0.12912561648752363	30.204828869811333	NA	8.460490725804311	NA
Caudate	-0.12912561648752363	30.380438339984657	NA	8.430108040242647	NA
Caudate	-0.12912561648752363	30.556047810157978	NA	8.40022099208037	NA
Caudate	-0.12912561648752363	30.731657280331298	NA	8.370811354222617	NA
Caudate	-0.12912561648752363	30.907266750504622	NA	8.34186155849503	NA
Caudate	-0.12912561648752363	31.082876220677942	NA	8.313354671881584	NA
Caudate	-0.12912561648752363	31.258485690851263	NA	8.285274373619037	NA
Caudate	-0.12912561648752363	31.434095161024587	NA	8.257604933117085	NA
Caudate	-0.12912561648752363	31.609704631197907	NA	8.230331188674501	NA
Caudate	-0.12912561648752363	31.785314101371227	NA	8.203438526962545	NA
Caudate	-0.12912561648752363	31.96092357154455	NA	8.176912892648478	NA
Caudate	-0.12912561648752363	32.136533041717875	NA	8.15074070255217	NA
Caudate	-0.12912561648752363	32.312142511891196	NA	8.124908847404068	NA
Caudate	-0.12912561648752363	32.487751982064516	NA	8.099404716804399	NA
Caudate	-0.12912561648752363	32.62912561648752	7.981177929286091	8.079102675554756	1.1228724152925085
Caudate	-0.12912561648752363	32.66336145223784	NA	8.074216156708273	NA
Caudate	-0.12912561648752363	32.83897092241116	NA	8.049331452966058	NA
Caudate	-0.12912561648752363	33.014580392584485	NA	8.02473931545709	NA
Caudate	-0.12912561648752363	33.190189862757805	NA	8.000428862795397	NA
Caudate	-0.12912561648752363	33.365799332931125	NA	7.976389607586771	NA
Caudate	-0.12912561648752363	33.541408803104446	NA	7.9526114422173455	NA
Caudate	-0.12912561648752363	33.717018273277766	NA	7.92908462515446	NA
Caudate	-0.12912561648752363	33.89262774345109	NA	7.90579976774146	NA
Caudate	-0.12912561648752363	34.068237213624414	NA	7.882747821468467	NA
Caudate	-0.12912561648752363	34.243846683797734	NA	7.85992006570213	NA
Caudate	-0.12912561648752363	34.419456153971055	NA	7.837308095857663	NA
Caudate	-0.12912561648752363	34.595065624144375	NA	7.814903811997349	NA
Caudate	-0.12912561648752363	34.770675094317696	NA	7.792699407840041	NA
Caudate	-0.12912561648752363	34.94628456449102	NA	7.770687360166908	NA
Caudate	-0.12912561648752363	35.121894034664344	NA	7.7488604186091115	NA
Caudate	-0.12912561648752363	35.297503504837664	NA	7.727211595803658	NA
Caudate	-0.12912561648752363	35.473112975010984	NA	7.7057341579041445	NA
Caudate	-0.12912561648752363	35.648722445184305	NA	7.684421615433621	NA
Caudate	-0.12912561648752363	35.824331915357625	NA	7.663267714467213	NA
Caudate	-0.12912561648752363	35.99994138553095	NA	7.642266428132633	NA
Caudate	-0.12912561648752363	36.17555085570427	NA	7.621411948417125	NA
Caudate	-0.12912561648752363	36.35116032587759	NA	7.600698678269797	NA
Caudate	-0.12912561648752363	36.526769796050914	NA	7.580121223988666	NA
Caudate	-0.12912561648752363	36.702379266224234	NA	7.559674387882181	NA
Caudate	-0.12912561648752363	36.87798873639756	NA	7.539353161195337	NA
Caudate	-0.12912561648752363	37.05359820657088	NA	7.519152717290804	NA
Caudate	-0.12912561648752363	37.2292076767442	NA	7.4990684050758984	NA
Caudate	-0.12912561648752363	37.40481714691752	NA	7.47909574266657	NA
Caudate	-0.12912561648752363	37.58042661709084	NA	7.459230411279787	NA
Caudate	-0.12912561648752363	37.62912561648752	7.1980327086700875	7.4537398653958284	1.0527702519210254
Caudate	-0.12912561648752363	37.756036087264164	NA	7.439468249346148	NA
Caudate	-0.12912561648752363	37.93164555743749	NA	7.419805246834758	NA
Caudate	-0.12912561648752363	38.10725502761081	NA	7.400237539782716	NA
Caudate	-0.12912561648752363	38.28286449778413	NA	7.380761405021836	NA
Caudate	-0.12912561648752363	38.45847396795745	NA	7.36137325509551	NA
Caudate	-0.12912561648752363	38.63408343813077	NA	7.342069633358825	NA
Caudate	-0.12912561648752363	38.8096929083041	NA	7.322847209255383	NA
Caudate	-0.12912561648752363	38.98530237847742	NA	7.303702773764369	NA
Caudate	-0.12912561648752363	39.16091184865074	NA	7.284633235011829	NA
Caudate	-0.12912561648752363	39.33652131882406	NA	7.265635614040165	NA
Caudate	-0.12912561648752363	39.51213078899738	NA	7.24670704073017	NA
Caudate	-0.12912561648752363	39.6877402591707	NA	7.227844749870096	NA
Caudate	-0.12912561648752363	39.86334972934403	NA	7.209046079059348	NA
Caudate	-0.12912561648752363	40.03895919951735	NA	7.190308467150326	NA
Caudate	-0.12912561648752363	40.21456866969067	NA	7.1716294335643624	NA
Caudate	-0.12912561648752363	40.39017813986399	NA	7.15300659620929	NA
Caudate	-0.12912561648752363	40.56578761003731	NA	7.1344376602704855	NA
Caudate	-0.12912561648752363	40.74139708021064	NA	7.115920415057466	NA
Caudate	-0.12912561648752363	40.91700655038396	NA	7.097452730964045	NA
Caudate	-0.12912561648752363	41.09261602055728	NA	7.079032556538266	NA
Caudate	-0.12912561648752363	41.2682254907306	NA	7.060657915657899	NA
Caudate	-0.12912561648752363	41.44383496090392	NA	7.042326904807819	NA
Caudate	-0.12912561648752363	41.61944443107725	NA	7.02403769045557	NA
Caudate	-0.12912561648752363	41.79505390125057	NA	7.005788506521561	NA
Caudate	-0.12912561648752363	41.97066337142389	NA	6.987577651940474	NA
Caudate	-0.12912561648752363	42.14627284159721	NA	6.96940348831066	NA
Caudate	-0.12912561648752363	42.32188231177053	NA	6.95126443762826	NA
Caudate	-0.12912561648752363	42.49749178194385	NA	6.933158980103045	NA
Caudate	-0.12912561648752363	42.62912561648752	6.8039861305925555	6.919608587062459	0.9914176037735668
Caudate	-0.12912561648752363	42.67310125211718	NA	6.915085652053064	NA
Caudate	-0.12912561648752363	42.8487107222905	NA	6.897043043875179	NA
Caudate	-0.12912561648752363	43.02432019246382	NA	6.87902979808881	NA
Caudate	-0.12912561648752363	43.19992966263714	NA	6.8610446074502205	NA
Caudate	-0.12912561648752363	43.37553913281046	NA	6.843086213134845	NA
Caudate	-0.12912561648752363	43.55114860298379	NA	6.8251534029851255	NA
Caudate	-0.12912561648752363	43.72675807315711	NA	6.807245009821582	NA
Caudate	-0.12912561648752363	43.90236754333043	NA	6.789359909814805	NA
Caudate	-0.12912561648752363	44.07797701350375	NA	6.771497020916119	NA
Caudate	-0.12912561648752363	44.25358648367707	NA	6.753655301344913	NA
Caudate	-0.12912561648752363	44.42919595385039	NA	6.735833748130471	NA
Caudate	-0.12912561648752363	44.604805424023716	NA	6.718031395706454	NA
Caudate	-0.12912561648752363	44.78041489419704	NA	6.70024731455606	NA
Caudate	-0.12912561648752363	44.95602436437036	NA	6.68248060990604	NA
Caudate	-0.12912561648752363	45.13163383454368	NA	6.664720399326724	NA
Caudate	-0.12912561648752363	45.307243304717	NA	6.647079806297679	NA
Caudate	-0.12912561648752363	45.482852774890326	NA	6.629656970213874	NA
Caudate	-0.12912561648752363	45.658462245063646	NA	6.612444765938788	NA
Caudate	-0.12912561648752363	45.834071715236966	NA	6.5954363214045735	NA
Caudate	-0.12912561648752363	46.00968118541029	NA	6.5786250085092615	NA
Caudate	-0.12912561648752363	46.18529065558361	NA	6.562004434341988	NA
Caudate	-0.12912561648752363	46.36090012575693	NA	6.545568432724442	NA
Caudate	-0.12912561648752363	46.536509595930255	NA	6.529311056057071	NA
Caudate	-0.12912561648752363	46.712119066103575	NA	6.513226567459173	NA
Caudate	-0.12912561648752363	46.887728536276896	NA	6.497309433192162	NA
Caudate	-0.12912561648752363	47.063338006450216	NA	6.481554315355905	NA
Caudate	-0.12912561648752363	47.23894747662354	NA	6.465956064848175	NA
Caudate	-0.12912561648752363	47.414556946796864	NA	6.450509714577861	NA
Caudate	-0.12912561648752363	47.590166416970185	NA	6.435210472922699	NA
Caudate	-0.12912561648752363	47.62912561648752	6.3260719606225635	6.43183588897107	0.9398423736497916
Caudate	-0.12912561648752363	47.765775887143505	NA	6.4200537174226895	NA
Caudate	-0.12912561648752363	47.941385357316825	NA	6.405035005387771	NA
Caudate	-0.12912561648752363	48.116994827490146	NA	6.390150020536117	NA
Caudate	-0.12912561648752363	48.292604297663466	NA	6.375394608526621	NA
Caudate	-0.12912561648752363	48.468213767836794	NA	6.360764764970338	NA
Caudate	-0.12912561648752363	48.643823238010114	NA	6.3462566263539975	NA
Caudate	-0.12912561648752363	48.819432708183434	NA	6.331866464979886	NA
Caudate	-0.12912561648752363	48.995042178356755	NA	6.317590684088095	NA
Caudate	-0.12912561648752363	49.170651648530075	NA	6.303425813154443	NA
Caudate	-0.12912561648752363	49.3462611187034	NA	6.289368503357838	NA
Caudate	-0.12912561648752363	49.52187058887672	NA	6.275415523210934	NA
Caudate	-0.12912561648752363	49.697480059050044	NA	6.261563754348176	NA
Caudate	-0.12912561648752363	49.873089529223364	NA	6.247810187465614	NA
Caudate	-0.12912561648752363	50.048698999396684	NA	6.234151918406958	NA
Caudate	-0.12912561648752363	50.22430846957001	NA	6.2205861443906265	NA
Caudate	-0.12912561648752363	50.39991793974333	NA	6.2071101603727525	NA
Caudate	-0.12912561648752363	50.57552740991665	NA	6.193721355541133	NA
Caudate	-0.12912561648752363	50.75113688008997	NA	6.180417209935526	NA
Caudate	-0.12912561648752363	50.926746350263294	NA	6.167195291189692	NA
Caudate	-0.12912561648752363	51.102355820436614	NA	6.154053251390724	NA
Caudate	-0.12912561648752363	51.27796529060994	NA	6.14098882405158	NA
Caudate	-0.12912561648752363	51.45357476078326	NA	6.127999821192618	NA
Caudate	-0.12912561648752363	51.62918423095658	NA	6.115084130528231	NA
Caudate	-0.12912561648752363	51.8047937011299	NA	6.102239712754858	NA
Caudate	-0.12912561648752363	51.98040317130322	NA	6.089464598936627	NA
Caudate	-0.12912561648752363	52.15601264147655	NA	6.076756887985175	NA
Caudate	-0.12912561648752363	52.33162211164987	NA	6.064114744230212	NA
Caudate	-0.12912561648752363	52.50723158182319	NA	6.051536395077588	NA
Caudate	-0.12912561648752363	52.62912561648752	5.831276976615052	6.042842076995706	0.8949935959509174
Caudate	-0.12912561648752363	52.68284105199651	NA	6.039020128751682	NA
Caudate	-0.12912561648752363	52.85845052216983	NA	6.02656429211912	NA
Caudate	-0.12912561648752363	53.03405999234315	NA	6.014167288590803	NA
Caudate	-0.12912561648752363	53.20966946251648	NA	6.001827576099531	NA
Caudate	-0.12912561648752363	53.3852789326898	NA	5.989543665150418	NA
Caudate	-0.12912561648752363	53.56088840286312	NA	5.977314116941508	NA
Caudate	-0.12912561648752363	53.73649787303644	NA	5.965137541552059	NA
Caudate	-0.12912561648752363	53.91210734320976	NA	5.953012596196039	NA
Caudate	-0.12912561648752363	54.08771681338309	NA	5.940937983538514	NA
Caudate	-0.12912561648752363	54.26332628355641	NA	5.9289124500726755	NA
Caudate	-0.12912561648752363	54.43893575372973	NA	5.916934784555185	NA
Caudate	-0.12912561648752363	54.61454522390305	NA	5.905003816497961	NA
Caudate	-0.12912561648752363	54.79015469407637	NA	5.893118414714193	NA
Caudate	-0.12912561648752363	54.96576416424969	NA	5.881277485916697	NA
Caudate	-0.12912561648752363	55.14137363442302	NA	5.869479973366729	NA
Caudate	-0.12912561648752363	55.31698310459634	NA	5.8577248555714	NA
Caudate	-0.12912561648752363	55.49259257476966	NA	5.84601114502801	NA
Caudate	-0.12912561648752363	55.66820204494298	NA	5.834337887013525	NA
Caudate	-0.12912561648752363	55.8438115151163	NA	5.822704161096167	NA
Caudate	-0.12912561648752363	56.01942098528963	NA	5.811109074997971	NA
Caudate	-0.12912561648752363	56.19503045546295	NA	5.799551762224375	NA
Caudate	-0.12912561648752363	56.37063992563627	NA	5.788031387926392	NA
Caudate	-0.12912561648752363	56.54624939580959	NA	5.776547144604418	NA
Caudate	-0.12912561648752363	56.72185886598291	NA	5.765098251136664	NA
Caudate	-0.12912561648752363	56.89746833615623	NA	5.753683951842565	NA
Caudate	-0.12912561648752363	57.07307780632956	NA	5.742303515579807	NA
Caudate	-0.12912561648752363	57.24868727650288	NA	5.730956234873878	NA
Caudate	-0.12912561648752363	57.4242967466762	NA	5.719641425078933	NA
Caudate	-0.12912561648752363	57.59990621684952	NA	5.708358423568794	NA
Caudate	-0.12912561648752363	57.62912561648752	5.429082504574876	5.7064841027954065	0.8584101996278483
Caudate	-0.12912561648752363	57.77551568702284	NA	5.697106588957061	NA
Caudate	-0.12912561648752363	57.95112515719617	NA	5.6858853003452765	NA
Caudate	-0.12912561648752363	58.12673462736949	NA	5.674693956598094	NA
Caudate	-0.12912561648752363	58.30234409754281	NA	5.66353197564452	NA
Caudate	-0.12912561648752363	58.47795356771613	NA	5.652398793804257	NA
Caudate	-0.12912561648752363	58.65356303788945	NA	5.6412938651382944	NA
Caudate	-0.12912561648752363	58.829172508062776	NA	5.63021666082279	NA
Caudate	-0.12912561648752363	59.004781978236096	NA	5.619166668545492	NA
Caudate	-0.12912561648752363	59.18039144840942	NA	5.608143391923826	NA
Caudate	-0.12912561648752363	59.35600091858274	NA	5.5971463499438885	NA
Caudate	-0.12912561648752363	59.53161038875606	NA	5.586175076419623	NA
Caudate	-0.12912561648752363	59.70721985892938	NA	5.575229119471375	NA
Caudate	-0.12912561648752363	59.882829329102705	NA	5.5643080410232235	NA
Caudate	-0.12912561648752363	60.058438799276026	NA	5.553411416318322	NA
Caudate	-0.12912561648752363	60.234048269449346	NA	5.542568997651289	NA
Caudate	-0.12912561648752363	60.409657739622666	NA	5.531832832573187	NA
Caudate	-0.12912561648752363	60.58526720979599	NA	5.521194717912467	NA
Caudate	-0.12912561648752363	60.760876679969314	NA	5.510651936664655	NA
Caudate	-0.12912561648752363	60.936486150142635	NA	5.500201865507152	NA
Caudate	-0.12912561648752363	61.112095620315955	NA	5.489841971444415	NA
Caudate	-0.12912561648752363	61.287705090489276	NA	5.479569808574005	NA
Caudate	-0.12912561648752363	61.463314560662596	NA	5.469383014969058	NA
Caudate	-0.12912561648752363	61.638924030835916	NA	5.4592793096730325	NA
Caudate	-0.12912561648752363	61.814533501009244	NA	5.44925648980267	NA
Caudate	-0.12912561648752363	61.990142971182564	NA	5.4393124277552785	NA
Caudate	-0.12912561648752363	62.165752441355885	NA	5.429445068516577	NA
Caudate	-0.12912561648752363	62.341361911529205	NA	5.419652427065459	NA
Caudate	-0.12912561648752363	62.516971381702525	NA	5.4099325858722	NA
Caudate	-0.12912561648752363	62.62912561648752	5.257521946287019	5.403762210699678	0.8232796700642128
Caudate	-0.12912561648752363	62.69258085187585	NA	5.400283692486755	NA
Caudate	-0.12912561648752363	62.86819032204917	NA	5.390703957213853	NA
Caudate	-0.12912561648752363	63.043799792222494	NA	5.3811916508718145	NA
Caudate	-0.12912561648752363	63.219409262395814	NA	5.371745102632012	NA
Caudate	-0.12912561648752363	63.395018732569135	NA	5.362362697936155	NA
Caudate	-0.12912561648752363	63.570628202742455	NA	5.353042876488508	NA
Caudate	-0.12912561648752363	63.74623767291578	NA	5.343784131146955	NA
Caudate	-0.12912561648752363	63.9218471430891	NA	5.334585011609362	NA
Caudate	-0.12912561648752363	64.09745661326242	NA	5.325444100584753	NA
Caudate	-0.12912561648752363	64.27306608343575	NA	5.316360036177314	NA
Caudate	-0.12912561648752363	64.44867555360906	NA	5.307331501747229	NA
Caudate	-0.12912561648752363	64.62428502378239	NA	5.298357224299329	NA
Caudate	-0.12912561648752363	64.7998944939557	NA	5.289435972929731	NA
Caudate	-0.12912561648752363	64.97550396412903	NA	5.280566557328297	NA
Caudate	-0.12912561648752363	65.15111343430236	NA	5.2717478263350595	NA
Caudate	-0.12912561648752363	65.32672290447567	NA	5.262978666548541	NA
Caudate	-0.12912561648752363	65.502332374649	NA	5.254258000984098	NA
Caudate	-0.12912561648752363	65.67794184482231	NA	5.245584787780616	NA
Caudate	-0.12912561648752363	65.85355131499564	NA	5.236958018953634	NA
Caudate	-0.12912561648752363	66.02916078516897	NA	5.2283767191933865	NA
Caudate	-0.12912561648752363	66.20477025534228	NA	5.219839944706021	NA
Caudate	-0.12912561648752363	66.38037972551561	NA	5.211346782096514	NA
Caudate	-0.12912561648752363	66.55598919568892	NA	5.202896347291744	NA
Caudate	-0.12912561648752363	66.73159866586225	NA	5.194487784502304	NA
Caudate	-0.12912561648752363	66.90720813603556	NA	5.186120265221614	NA
Caudate	-0.12912561648752363	67.08281760620889	NA	5.177792987261039	NA
Caudate	-0.12912561648752363	67.25842707638222	NA	5.169505173819667	NA
Caudate	-0.12912561648752363	67.43403654655553	NA	5.161256072587547	NA
Caudate	-0.12912561648752363	67.60964601672886	NA	5.153044954881174	NA
Caudate	-0.12912561648752363	67.62912561648753	5.272249202395081	5.15213642741188	0.7941339053739491
Caudate	-0.12912561648752363	67.78525548690217	NA	5.14487111480995	NA
Caudate	-0.12912561648752363	67.9608649570755	NA	5.136733868472714	NA
Caudate	-0.12912561648752363	68.13647442724883	NA	5.1286325531830785	NA
Caudate	-0.12912561648752363	68.31208389742214	NA	5.1205665267225955	NA
Caudate	-0.12912561648752363	68.48769336759547	NA	5.1125351666207735	NA
Caudate	-0.12912561648752363	68.66330283776878	NA	5.104537869460938	NA
Caudate	-0.12912561648752363	68.83891230794211	NA	5.096574050211017	NA
Caudate	-0.12912561648752363	69.01452177811544	NA	5.088643141578385	NA
Caudate	-0.12912561648752363	69.19013124828875	NA	5.080744593387841	NA
Caudate	-0.12912561648752363	69.36574071846208	NA	5.072877871981952	NA
Caudate	-0.12912561648752363	69.54135018863539	NA	5.065042459642866	NA
Caudate	-0.12912561648752363	69.71695965880872	NA	5.057237854034943	NA
Caudate	-0.12912561648752363	69.89256912898205	NA	5.0494635676673445	NA
Caudate	-0.12912561648752363	70.06817859915536	NA	5.041719127375919	NA
Caudate	-0.12912561648752363	70.24378806932869	NA	5.034004073823685	NA
Caudate	-0.12912561648752363	70.419397539502	NA	5.0263179610191955	NA
Caudate	-0.12912561648752363	70.59500700967533	NA	5.018660355852245	NA
Caudate	-0.12912561648752363	70.77061647984864	NA	5.011030837646151	NA
Caudate	-0.12912561648752363	70.94622595002197	NA	5.003428997726142	NA
Caudate	-0.12912561648752363	71.1218354201953	NA	4.995854439003174	NA
Caudate	-0.12912561648752363	71.29744489036861	NA	4.988306775572709	NA
Caudate	-0.12912561648752363	71.47305436054194	NA	4.980785632327837	NA
Caudate	-0.12912561648752363	71.64866383071525	NA	4.973290644586275	NA
Caudate	-0.12912561648752363	71.82427330088858	NA	4.96582146055441	NA
Caudate	-0.12912561648752363	71.9998827710619	NA	4.95837773348012	NA
Caudate	-0.12912561648752363	72.17549224123522	NA	4.950959126779125	NA
Caudate	-0.12912561648752363	72.35110171140855	NA	4.9435653140016464	NA
Caudate	-0.12912561648752363	72.52671118158186	NA	4.936195977448381	NA
Caudate	-0.12912561648752363	72.62912561648753	5.2248445577138485	4.931909398865084	0.7676503110600775
Caudate	-0.12912561648752363	72.70232065175519	NA	4.928850807870772	NA
Caudate	-0.12912561648752363	72.87793012192851	NA	4.921529504182041	NA
Caudate	-0.12912561648752363	73.05353959210183	NA	4.9142317731785266	NA
Caudate	-0.12912561648752363	73.22914906227516	NA	4.906957329270997	NA
Caudate	-0.12912561648752363	73.40475853244847	NA	4.899705894225563	NA
Caudate	-0.12912561648752363	73.5803680026218	NA	4.892477196913853	NA
Caudate	-0.12912561648752363	73.75597747279512	NA	4.88527097307211	NA
Caudate	-0.12912561648752363	73.93158694296844	NA	4.878086965068921	NA
Caudate	-0.12912561648752363	74.10719641314176	NA	4.870924921681177	NA
Caudate	-0.12912561648752363	74.28280588331508	NA	4.863784597878102	NA
Caudate	-0.12912561648752363	74.4584153534884	NA	4.856665754612938	NA
Caudate	-0.12912561648752363	74.63402482366173	NA	4.849568158622095	NA
Caudate	-0.12912561648752363	74.80963429383505	NA	4.842491582231428	NA
Caudate	-0.12912561648752363	74.98524376400837	NA	4.83543580316946	NA
Caudate	-0.12912561648752363	75.16085323418169	NA	4.828400604387231	NA
Caudate	-0.12912561648752363	75.33646270435501	NA	4.821385773884587	NA
Caudate	-0.12912561648752363	75.51207217452833	NA	4.814391104542626	NA
Caudate	-0.12912561648752363	75.68768164470166	NA	4.807416393962146	NA
Caudate	-0.12912561648752363	75.86329111487498	NA	4.800461444307811	NA
Caudate	-0.12912561648752363	76.0389005850483	NA	4.79352606215787	NA
Caudate	-0.12912561648752363	76.21451005522162	NA	4.786610058359228	NA
Caudate	-0.12912561648752363	76.39011952539494	NA	4.779713247887646	NA
Caudate	-0.12912561648752363	76.56572899556826	NA	4.772835449712944	NA
Caudate	-0.12912561648752363	76.74133846574159	NA	4.765976486668936	NA
Caudate	-0.12912561648752363	76.9169479359149	NA	4.759136185328034	NA
Caudate	-0.12912561648752363	77.09255740608823	NA	4.752314375880273	NA
Caudate	-0.12912561648752363	77.26816687626155	NA	4.7455108920166245	NA
Caudate	-0.12912561648752363	77.44377634643487	NA	4.738725570816444	NA
Caudate	-0.12912561648752363	77.6193858166082	NA	4.731958252638924	NA
Caudate	-0.12912561648752363	77.62912561648753	4.819003599488418	4.731583444939262	0.7435962630593645
Caudate	-0.12912561648752363	77.79499528678151	NA	4.725208781018375	NA
Caudate	-0.12912561648752363	77.97060475695484	NA	4.718477002563192	NA
Caudate	-0.12912561648752363	78.14621422712816	NA	4.711762766858431	NA
Caudate	-0.12912561648752363	78.32182369730148	NA	4.705065926371798	NA
Caudate	-0.12912561648752363	78.49743316747481	NA	4.698386336362981	NA
Caudate	-0.12912561648752363	78.67304263764812	NA	4.691723854796152	NA
Caudate	-0.12912561648752363	78.84865210782145	NA	4.685078342255577	NA
Caudate	-0.12912561648752363	79.02426157799476	NA	4.678449661864208	NA
Caudate	-0.12912561648752363	79.19987104816809	NA	4.671837679205103	NA
Caudate	-0.12912561648752363	79.3754805183414	NA	4.665242262245654	NA
Caudate	-0.12912561648752363	79.55108998851473	NA	4.6586632812644595	NA
Caudate	-0.12912561648752363	79.72669945868806	NA	4.652100609678312	NA
Caudate	-0.12912561648752363	79.90230892886137	NA	4.645554122826618	NA
Caudate	-0.12912561648752363	80.0779183990347	NA	4.639023695926112	NA
Caudate	-0.12912561648752363	80.25352786920801	NA	4.632509207819863	NA
Caudate	-0.12912561648752363	80.42913733938134	NA	4.626010539333209	NA
Caudate	-0.12912561648752363	80.60474680955467	NA	4.619527573214738	NA
Caudate	-0.12912561648752363	80.78035627972798	NA	4.61306019407933	NA
Caudate	-0.12912561648752363	80.95596574990131	NA	4.606608288353167	NA
Caudate	-0.12912561648752363	81.13157522007462	NA	4.60017174422068	NA
Caudate	-0.12912561648752363	81.30718469024795	NA	4.593750451573345	NA
Caudate	-0.12912561648752363	81.48279416042128	NA	4.587344301960243	NA
Caudate	-0.12912561648752363	81.65840363059459	NA	4.580953188540366	NA
Caudate	-0.12912561648752363	81.83401310076792	NA	4.574577006036554	NA
Caudate	-0.12912561648752363	82.00962257094123	NA	4.568215650691042	NA
Caudate	-0.12912561648752363	82.18523204111456	NA	4.56186902022255	NA
Caudate	-0.12912561648752363	82.36084151128789	NA	4.555537013784859	NA
Caudate	-0.12912561648752363	82.5364509814612	NA	4.549219531926807	NA
Caudate	-0.12912561648752363	82.62912561648753	4.816515628057361	4.545891418692927	0.7230229745858322
Caudate	-0.12912561648752363	82.71206045163453	NA	4.542916476553669	NA
Caudate	-0.12912561648752363	82.88766992180784	NA	4.536627750889886	NA
Caudate	-0.12912561648752363	83.06327939198117	NA	4.530353259443051	NA
Caudate	-0.12912561648752363	83.2388888621545	NA	4.5240929079691465	NA
Caudate	-0.12912561648752363	83.41449833232781	NA	4.517846603438989	NA
Caudate	-0.12912561648752363	83.59010780250114	NA	4.511614254005786	NA
Caudate	-0.12912561648752363	83.76571727267445	NA	4.505395768973848	NA
Caudate	-0.12912561648752363	83.94132674284778	NA	4.4991910587683215	NA
Caudate	-0.12912561648752363	84.11693621302109	NA	4.493000034906013	NA
Caudate	-0.12912561648752363	84.29254568319442	NA	4.486822609967142	NA
Caudate	-0.12912561648752363	84.46815515336775	NA	4.480658697568105	NA
Caudate	-0.12912561648752363	84.64376462354106	NA	4.474508212335142	NA
Caudate	-0.12912561648752363	84.81937409371439	NA	4.46837106987889	NA
Caudate	-0.12912561648752363	84.9949835638877	NA	4.462247186769808	NA
Caudate	-0.12912561648752363	85.17059303406103	NA	4.456136480514431	NA
Caudate	-0.12912561648752363	85.34620250423436	NA	4.450038869532412	NA
Caudate	-0.12912561648752363	85.52181197440767	NA	4.443954273134349	NA
Caudate	-0.12912561648752363	85.697421444581	NA	4.437882611500342	NA
Caudate	-0.12912561648752363	85.87303091475431	NA	4.431823805659284	NA
Caudate	-0.12912561648752363	86.04864038492764	NA	4.425777777468825	NA
Caudate	-0.12912561648752363	86.22424985510096	NA	4.419744449596012	NA
Caudate	-0.12912561648752363	86.39985932527428	NA	4.413723745498582	NA
Caudate	-0.12912561648752363	86.5754687954476	NA	4.407715589406854	NA
Caudate	-0.12912561648752363	86.75107826562092	NA	4.401719906306222	NA
Caudate	-0.12912561648752363	86.92668773579425	NA	4.395736621920264	NA
Caudate	-0.12912561648752363	87.10229720596757	NA	4.389765662694339	NA
Caudate	-0.12912561648752363	87.27790667614089	NA	4.383806955779789	NA
Caudate	-0.12912561648752363	87.45351614631421	NA	4.37786042901861	NA
Caudate	-0.12912561648752363	87.62912561648753	4.783299844024178	4.371917908684957	0.7035229683239753
Frontal	-0.12912561648752363	0	0	-1.9925995446054837e-14	0
Frontal	-0.12912561648752363	0.1756094701733217	NA	3.8952899472378684e-4	NA
Frontal	-0.12912561648752363	0.3512189403466434	NA	0.0010885745226034153	NA
Frontal	-0.12912561648752363	0.37912561648752363	0.01737996491719951	0.0014202767172385002	0.525655067421128
Frontal	-0.12912561648752363	0.5268284105199651	NA	0.0037938228370438484	NA
Frontal	-0.12912561648752363	0.7024378806932868	NA	0.6839659063278054	NA
Frontal	-0.12912561648752363	0.8780473508666086	NA	2.1738905350617923	NA
Frontal	-0.12912561648752363	0.8791256164875236	2.5563151066576175	2.1861164689000963	0.6724371859765057
Frontal	-0.12912561648752363	1.0536568210399302	NA	4.341897171653111	NA
Frontal	-0.12912561648752363	1.229266291213252	NA	6.512180921503067	NA
Frontal	-0.12912561648752363	1.3791256164875236	8.866287087780554	8.480422748729506	0.8085391330145363
Frontal	-0.12912561648752363	1.4048757613865737	NA	8.830453418431107	NA
Frontal	-0.12912561648752363	1.5804852315598954	NA	11.283345744920199	NA
Frontal	-0.12912561648752363	1.7560947017332171	NA	13.820569840549943	NA
Frontal	-0.12912561648752363	1.8791256164875236	16.034437034818904	15.762344071400175	0.9081623318502868
Frontal	-0.12912561648752363	1.9317041719065389	NA	16.615310911433987	NA
Frontal	-0.12912561648752363	2.1073136420798604	NA	19.184383386909794	NA
Frontal	-0.12912561648752363	2.282923112253182	NA	21.42941007586363	NA
Frontal	-0.12912561648752363	2.3791256164875234	23.08928358644419	22.39395947401301	0.984110606672485
Frontal	-0.12912561648752363	2.458532582426504	NA	23.081071542815653	NA
Frontal	-0.12912561648752363	2.6341420525998256	NA	24.25547541658633	NA
Frontal	-0.12912561648752363	2.8097515227731473	NA	24.964781188880476	NA
Frontal	-0.12912561648752363	2.8791256164875234	25.482327006433827	25.120953077978818	1.005973032224954
Frontal	-0.12912561648752363	2.985360992946469	NA	25.22865803892722	NA
Frontal	-0.12912561648752363	3.160970463119791	NA	25.540777764476594	NA
Frontal	-0.12912561648752363	3.3365799332931125	NA	25.79659679856992	NA
Frontal	-0.12912561648752363	3.5121894034664343	NA	25.96834826447927	NA
Frontal	-0.12912561648752363	3.6291256164875234	25.598712755498926	26.03762008009741	1.2050566243435854
Frontal	-0.12912561648752363	3.687798873639756	NA	26.059129744540012	NA
Frontal	-0.12912561648752363	3.8634083438130777	NA	26.071907482788482	NA
Frontal	-0.12912561648752363	4.0390178139863995	NA	26.009522042536886	NA
Frontal	-0.12912561648752363	4.214627284159721	NA	25.87469371984298	NA
Frontal	-0.12912561648752363	4.390236754333043	NA	25.670027723408328	NA
Frontal	-0.12912561648752363	4.565846224506364	NA	25.398019130984743	NA
Frontal	-0.12912561648752363	4.629125616487523	24.582253495262854	25.2839967922701	1.1820350774517108
Frontal	-0.12912561648752363	4.741455694679686	NA	25.06105763193338	NA
Frontal	-0.12912561648752363	4.917065164853008	NA	24.6614320651648	NA
Frontal	-0.12912561648752363	5.09267463502633	NA	24.255848317073596	NA
Frontal	-0.12912561648752363	5.268284105199651	NA	23.8939515630658	NA
Frontal	-0.12912561648752363	5.443893575372973	NA	23.543709107126897	NA
Frontal	-0.12912561648752363	5.619503045546295	NA	23.20457443418289	NA
Frontal	-0.12912561648752363	5.629125616487523	23.029263120315303	23.186302878580868	1.1516312773471051
Frontal	-0.12912561648752363	5.795112515719616	NA	22.876024806078867	NA
Frontal	-0.12912561648752363	5.970721985892938	NA	22.557560234642576	NA
Frontal	-0.12912561648752363	6.146331456066259	NA	22.248702499068823	NA
Frontal	-0.12912561648752363	6.321940926239582	NA	21.948994205712136	NA
Frontal	-0.12912561648752363	6.497550396412903	NA	21.657997888457537	NA
Frontal	-0.12912561648752363	6.673159866586225	NA	21.375295147918287	NA
Frontal	-0.12912561648752363	6.848769336759546	NA	21.100485827784976	NA
Frontal	-0.12912561648752363	7.0243788069328685	NA	20.833187226722785	NA
Frontal	-0.12912561648752363	7.129125616487523	20.65786909289422	20.677173580017513	1.3527978229421094
Frontal	-0.12912561648752363	7.19998827710619	NA	20.573033344282724	NA
Frontal	-0.12912561648752363	7.375597747279512	NA	20.319674159359046	NA
Frontal	-0.12912561648752363	7.551207217452833	NA	20.072774939788278	NA
Frontal	-0.12912561648752363	7.7268166876261555	NA	19.83201558174597	NA
Frontal	-0.12912561648752363	7.902426157799477	NA	19.59708997765514	NA
Frontal	-0.12912561648752363	8.078035627972799	NA	19.367705921952698	NA
Frontal	-0.12912561648752363	8.253645098146121	NA	19.143583225739384	NA
Frontal	-0.12912561648752363	8.429254568319442	NA	18.924453942734136	NA
Frontal	-0.12912561648752363	8.604864038492764	NA	18.710062162771916	NA
Frontal	-0.12912561648752363	8.780473508666086	NA	18.500163197607915	NA
Frontal	-0.12912561648752363	8.956082978839406	NA	18.294523095853688	NA
Frontal	-0.12912561648752363	9.129125616487524	18.103420458461887	18.095835681639493	1.277809920111782
Frontal	-0.12912561648752363	9.131692449012728	NA	18.09291817884945	NA
Frontal	-0.12912561648752363	9.30730191918605	NA	17.895134596569118	NA
Frontal	-0.12912561648752363	9.482911389359373	NA	17.700967902693368	NA
Frontal	-0.12912561648752363	9.658520859532693	NA	17.51022264802383	NA
Frontal	-0.12912561648752363	9.834130329706015	NA	17.32271199144658	NA
Frontal	-0.12912561648752363	10.009739799879338	NA	17.13825732768781	NA
Frontal	-0.12912561648752363	10.18534927005266	NA	16.961118760911713	NA
Frontal	-0.12912561648752363	10.36095874022598	NA	16.792015510524525	NA
Frontal	-0.12912561648752363	10.536568210399302	NA	16.629173415614574	NA
Frontal	-0.12912561648752363	10.712177680572625	NA	16.472309144181672	NA
Frontal	-0.12912561648752363	10.887787150745947	NA	16.32115164927315	NA
Frontal	-0.12912561648752363	11.063396620919267	NA	16.175441638570355	NA
Frontal	-0.12912561648752363	11.23900609109259	NA	16.03493106686595	NA
Frontal	-0.12912561648752363	11.414615561265911	NA	15.899382650444382	NA
Frontal	-0.12912561648752363	11.590225031439232	NA	15.76856940242019	NA
Frontal	-0.12912561648752363	11.765834501612554	NA	15.642274188129724	NA
Frontal	-0.12912561648752363	11.941443971785876	NA	15.520289299710885	NA
Frontal	-0.12912561648752363	12.117053441959198	NA	15.402416049042852	NA
Frontal	-0.12912561648752363	12.292662912132519	NA	15.28846437825344	NA
Frontal	-0.12912561648752363	12.468272382305841	NA	15.178252487036001	NA
Frontal	-0.12912561648752363	12.629125616487524	15.650140069534256	15.080434726196168	1.5779206941832196
Frontal	-0.12912561648752363	12.643881852479163	NA	15.071606476050405	NA
Frontal	-0.12912561648752363	12.819491322652485	NA	14.968360005714043	NA
Frontal	-0.12912561648752363	12.995100792825806	NA	14.868353969718658	NA
Frontal	-0.12912561648752363	13.170710262999128	NA	14.771436182637562	NA
Frontal	-0.12912561648752363	13.34631973317245	NA	14.677461081015117	NA
Frontal	-0.12912561648752363	13.521929203345772	NA	14.58628943735665	NA
Frontal	-0.12912561648752363	13.697538673519093	NA	14.497788086462238	NA
Frontal	-0.12912561648752363	13.873148143692415	NA	14.411829663571305	NA
Frontal	-0.12912561648752363	14.048757613865737	NA	14.32829235380879	NA
Frontal	-0.12912561648752363	14.224367084039057	NA	14.247059652444843	NA
Frontal	-0.12912561648752363	14.39997655421238	NA	14.168020135501505	NA
Frontal	-0.12912561648752363	14.575586024385702	NA	14.091067240259823	NA
Frontal	-0.12912561648752363	14.751195494559024	NA	14.016099055240167	NA
Frontal	-0.12912561648752363	14.926804964732344	NA	13.943018119246963	NA
Frontal	-0.12912561648752363	15.102414434905667	NA	13.871719011347954	NA
Frontal	-0.12912561648752363	15.278023905078989	NA	13.802484323527647	NA
Frontal	-0.12912561648752363	15.453633375252311	NA	13.735401591536654	NA
Frontal	-0.12912561648752363	15.629242845425631	NA	13.670369940267015	NA
Frontal	-0.12912561648752363	15.804852315598954	NA	13.607292883177237	NA
Frontal	-0.12912561648752363	15.980461785772276	NA	13.546078206531591	NA
Frontal	-0.12912561648752363	16.156071255945598	NA	13.486637747085178	NA
Frontal	-0.12912561648752363	16.33168072611892	NA	13.428886874269178	NA
Frontal	-0.12912561648752363	16.507290196292242	NA	13.372744842020971	NA
Frontal	-0.12912561648752363	16.682899666465563	NA	13.318134423382318	NA
Frontal	-0.12912561648752363	16.858509136638883	NA	13.264981758481294	NA
Frontal	-0.12912561648752363	17.034118606812207	NA	13.213216209075219	NA
Frontal	-0.12912561648752363	17.209728076985527	NA	13.16277021937131	NA
Frontal	-0.12912561648752363	17.385337547158848	NA	13.113579182854354	NA
Frontal	-0.12912561648752363	17.560947017332172	NA	13.065581314861864	NA
Frontal	-0.12912561648752363	17.629125616487524	13.45475484618501	13.047255194113536	1.4234263107476035
Frontal	-0.12912561648752363	17.736556487505492	NA	13.01871753065902	NA
Frontal	-0.12912561648752363	17.912165957678813	NA	12.972931328775806	NA
Frontal	-0.12912561648752363	18.087775427852137	NA	12.928168679379375	NA
Frontal	-0.12912561648752363	18.263384898025457	NA	12.884377917464258	NA
Frontal	-0.12912561648752363	18.43899436819878	NA	12.841509640652635	NA
Frontal	-0.12912561648752363	18.6146038383721	NA	12.79951661140558	NA
Frontal	-0.12912561648752363	18.79021330854542	NA	12.758353663454987	NA
Frontal	-0.12912561648752363	18.965822778718746	NA	12.717977612274089	NA
Frontal	-0.12912561648752363	19.141432248892066	NA	12.678347169412136	NA
Frontal	-0.12912561648752363	19.317041719065386	NA	12.639422860526643	NA
Frontal	-0.12912561648752363	19.49265118923871	NA	12.601166946953503	NA
Frontal	-0.12912561648752363	19.66826065941203	NA	12.563543350662373	NA
Frontal	-0.12912561648752363	19.84387012958535	NA	12.526517582451199	NA
Frontal	-0.12912561648752363	20.019479599758675	NA	12.490056673240097	NA
Frontal	-0.12912561648752363	20.195089069931996	NA	12.45412910833086	NA
Frontal	-0.12912561648752363	20.37069854010532	NA	12.418704764504083	NA
Frontal	-0.12912561648752363	20.54630801027864	NA	12.383754849831462	NA
Frontal	-0.12912561648752363	20.72191748045196	NA	12.349251846086037	NA
Frontal	-0.12912561648752363	20.897526950625284	NA	12.315169453638436	NA
Frontal	-0.12912561648752363	21.073136420798605	NA	12.281482538731533	NA
Frontal	-0.12912561648752363	21.248745890971925	NA	12.248167083031237	NA
Frontal	-0.12912561648752363	21.42435536114525	NA	12.215200135354866	NA
Frontal	-0.12912561648752363	21.59996483131857	NA	12.18255976548333	NA
Frontal	-0.12912561648752363	21.775574301491893	NA	12.150225019967149	NA
Frontal	-0.12912561648752363	21.951183771665214	NA	12.118175879840173	NA
Frontal	-0.12912561648752363	22.126793241838534	NA	12.086393220158813	NA
Frontal	-0.12912561648752363	22.302402712011858	NA	12.054858771287911	NA
Frontal	-0.12912561648752363	22.47801218218518	NA	12.023555081857888	NA
Frontal	-0.12912561648752363	22.629125616487524	12.021598327907284	11.99678997374486	1.3038319070137474
Frontal	-0.12912561648752363	22.6536216523585	NA	11.992465483321038	NA
Frontal	-0.12912561648752363	22.829231122531823	NA	11.961574056038009	NA
Frontal	-0.12912561648752363	23.004840592705143	NA	11.930865596828335	NA
Frontal	-0.12912561648752363	23.180450062878464	NA	11.900325587921941	NA
Frontal	-0.12912561648752363	23.356059533051788	NA	11.869940167251075	NA
Frontal	-0.12912561648752363	23.531669003225108	NA	11.839696100024904	NA
Frontal	-0.12912561648752363	23.707278473398432	NA	11.80958075153129	NA
Frontal	-0.12912561648752363	23.882887943571752	NA	11.779582061112922	NA
Frontal	-0.12912561648752363	24.058497413745073	NA	11.749688530319665	NA
Frontal	-0.12912561648752363	24.234106883918397	NA	11.719889158184047	NA
Frontal	-0.12912561648752363	24.409716354091717	NA	11.690173459828001	NA
Frontal	-0.12912561648752363	24.585325824265038	NA	11.660531432538972	NA
Frontal	-0.12912561648752363	24.76093529443836	NA	11.630953533443188	NA
Frontal	-0.12912561648752363	24.936544764611682	NA	11.601430659537167	NA
Frontal	-0.12912561648752363	25.112154234785006	NA	11.57195412858169	NA
Frontal	-0.12912561648752363	25.287763704958326	NA	11.542515660820712	NA
Frontal	-0.12912561648752363	25.463373175131647	NA	11.51310736148976	NA
Frontal	-0.12912561648752363	25.63898264530497	NA	11.483721704079757	NA
Frontal	-0.12912561648752363	25.81459211547829	NA	11.454351514323571	NA
Frontal	-0.12912561648752363	25.99020158565161	NA	11.42498995487418	NA
Frontal	-0.12912561648752363	26.165811055824935	NA	11.395630510644542	NA
Frontal	-0.12912561648752363	26.341420525998256	NA	11.366266974780741	NA
Frontal	-0.12912561648752363	26.517029996171576	NA	11.336893435240867	NA
Frontal	-0.12912561648752363	26.6926394663449	NA	11.307504261953671	NA
Frontal	-0.12912561648752363	26.86824893651822	NA	11.2780940945319	NA
Frontal	-0.12912561648752363	27.043858406691545	NA	11.248657830516343	NA
Frontal	-0.12912561648752363	27.219467876864865	NA	11.219190614127914	NA
Frontal	-0.12912561648752363	27.395077347038185	NA	11.189687825505246	NA
Frontal	-0.12912561648752363	27.57068681721151	NA	11.160145070407632	NA
Frontal	-0.12912561648752363	27.629125616487524	10.954090108117647	11.150304330485335	1.2051004760161728
Frontal	-0.12912561648752363	27.74629628738483	NA	11.130558170362692	NA
Frontal	-0.12912561648752363	27.92190575755815	NA	11.100923153239714	NA
Frontal	-0.12912561648752363	28.097515227731474	NA	11.071236244230365	NA
Frontal	-0.12912561648752363	28.273124697904795	NA	11.041493857219054	NA
Frontal	-0.12912561648752363	28.448734168078115	NA	11.011692586526268	NA
Frontal	-0.12912561648752363	28.62434363825144	NA	10.981829199008718	NA
Frontal	-0.12912561648752363	28.79995310842476	NA	10.95190062650086	NA
Frontal	-0.12912561648752363	28.975562578598083	NA	10.921903958583144	NA
Frontal	-0.12912561648752363	29.151172048771404	NA	10.891836435662814	NA
Frontal	-0.12912561648752363	29.326781518944724	NA	10.861695442353795	NA
Frontal	-0.12912561648752363	29.502390989118048	NA	10.831478501142772	NA
Frontal	-0.12912561648752363	29.67800045929137	NA	10.801183266329108	NA
Frontal	-0.12912561648752363	29.85360992946469	NA	10.770807518226734	NA
Frontal	-0.12912561648752363	30.029219399638013	NA	10.740349157616738	NA
Frontal	-0.12912561648752363	30.204828869811333	NA	10.710623824921091	NA
Frontal	-0.12912561648752363	30.380438339984657	NA	10.681500152603782	NA
Frontal	-0.12912561648752363	30.556047810157978	NA	10.652882494548821	NA
Frontal	-0.12912561648752363	30.731657280331298	NA	10.624747617781935	NA
Frontal	-0.12912561648752363	30.907266750504622	NA	10.597073298101607	NA
Frontal	-0.12912561648752363	31.082876220677942	NA	10.56983827651843	NA
Frontal	-0.12912561648752363	31.258485690851263	NA	10.543022217574482	NA
Frontal	-0.12912561648752363	31.434095161024587	NA	10.516605669461445	NA
Frontal	-0.12912561648752363	31.609704631197907	NA	10.490570025860102	NA
Frontal	-0.12912561648752363	31.785314101371227	NA	10.464897489426571	NA
Frontal	-0.12912561648752363	31.96092357154455	NA	10.439571064288494	NA
Frontal	-0.12912561648752363	32.136533041717875	NA	10.414574459510748	NA
Frontal	-0.12912561648752363	32.312142511891196	NA	10.389892077337995	NA
Frontal	-0.12912561648752363	32.487751982064516	NA	10.365509021999006	NA
Frontal	-0.12912561648752363	32.62912561648752	10.134997890266732	10.346087425726195	1.1228724152925085
Frontal	-0.12912561648752363	32.66336145223784	NA	10.341411046433661	NA
Frontal	-0.12912561648752363	32.83897092241116	NA	10.317584524272077	NA
Frontal	-0.12912561648752363	33.014580392584485	NA	10.294016423023072	NA
Frontal	-0.12912561648752363	33.190189862757805	NA	10.270694278419773	NA
Frontal	-0.12912561648752363	33.365799332931125	NA	10.247606169872487	NA
Frontal	-0.12912561648752363	33.541408803104446	NA	10.224740696980925	NA
Frontal	-0.12912561648752363	33.717018273277766	NA	10.202086957060198	NA
Frontal	-0.12912561648752363	33.89262774345109	NA	10.179634523636803	NA
Frontal	-0.12912561648752363	34.068237213624414	NA	10.157373425872658	NA
Frontal	-0.12912561648752363	34.243846683797734	NA	10.135294128877241	NA
Frontal	-0.12912561648752363	34.419456153971055	NA	10.113387514869434	NA
Frontal	-0.12912561648752363	34.595065624144375	NA	10.091644865152448	NA
Frontal	-0.12912561648752363	34.770675094317696	NA	10.070057842866712	NA
Frontal	-0.12912561648752363	34.94628456449102	NA	10.048618476487162	NA
Frontal	-0.12912561648752363	35.121894034664344	NA	10.027319144032838	NA
Frontal	-0.12912561648752363	35.297503504837664	NA	10.00615255795796	NA
Frontal	-0.12912561648752363	35.473112975010984	NA	9.985111750695191	NA
Frontal	-0.12912561648752363	35.648722445184305	NA	9.964190060822832	NA
Frontal	-0.12912561648752363	35.824331915357625	NA	9.943381119829127	NA
Frontal	-0.12912561648752363	35.99994138553095	NA	9.922678839447805	NA
Frontal	-0.12912561648752363	36.17555085570427	NA	9.90207739954028	NA
Frontal	-0.12912561648752363	36.35116032587759	NA	9.881571236500921	NA
Frontal	-0.12912561648752363	36.526769796050914	NA	9.861155032162719	NA
Frontal	-0.12912561648752363	36.702379266224234	NA	9.840823703181936	NA
Frontal	-0.12912561648752363	36.87798873639756	NA	9.820572390880885	NA
Frontal	-0.12912561648752363	37.05359820657088	NA	9.800396451529137	NA
Frontal	-0.12912561648752363	37.2292076767442	NA	9.780291447044302	NA
Frontal	-0.12912561648752363	37.40481714691752	NA	9.760253136094185	NA
Frontal	-0.12912561648752363	37.58042661709084	NA	9.74027746558301	NA
Frontal	-0.12912561648752363	37.62912561648752	9.418892219011171	9.734748467485657	1.0527702519210254
Frontal	-0.12912561648752363	37.756036087264164	NA	9.720360562505183	NA
Frontal	-0.12912561648752363	37.93164555743749	NA	9.7004987261507	NA
Frontal	-0.12912561648752363	38.10725502761081	NA	9.680688420647032	NA
Frontal	-0.12912561648752363	38.28286449778413	NA	9.660926267822923	NA
Frontal	-0.12912561648752363	38.45847396795745	NA	9.64120904038032	NA
Frontal	-0.12912561648752363	38.63408343813077	NA	9.621533655361008	NA
Frontal	-0.12912561648752363	38.8096929083041	NA	9.6018971678953	NA
Frontal	-0.12912561648752363	38.98530237847742	NA	9.582296765220656	NA
Frontal	-0.12912561648752363	39.16091184865074	NA	9.562729760958407	NA
Frontal	-0.12912561648752363	39.33652131882406	NA	9.54319358963769	NA
Frontal	-0.12912561648752363	39.51213078899738	NA	9.523685801455725	NA
Frontal	-0.12912561648752363	39.6877402591707	NA	9.504204057264312	NA
Frontal	-0.12912561648752363	39.86334972934403	NA	9.484746124373794	NA
Frontal	-0.12912561648752363	40.03895919951735	NA	9.465309872498432	NA
Frontal	-0.12912561648752363	40.21456866969067	NA	9.445893263563965	NA
Frontal	-0.12912561648752363	40.39017813986399	NA	9.426494355137326	NA
Frontal	-0.12912561648752363	40.56578761003731	NA	9.407111293436124	NA
Frontal	-0.12912561648752363	40.74139708021064	NA	9.387742309481808	NA
Frontal	-0.12912561648752363	40.91700655038396	NA	9.36838571541864	NA
Frontal	-0.12912561648752363	41.09261602055728	NA	9.349039900991897	NA
Frontal	-0.12912561648752363	41.2682254907306	NA	9.329703330178004	NA
Frontal	-0.12912561648752363	41.44383496090392	NA	9.310374537960199	NA
Frontal	-0.12912561648752363	41.61944443107725	NA	9.291052127243473	NA
Frontal	-0.12912561648752363	41.79505390125057	NA	9.271734765902698	NA
Frontal	-0.12912561648752363	41.97066337142389	NA	9.252421183958232	NA
Frontal	-0.12912561648752363	42.14627284159721	NA	9.233110170873559	NA
Frontal	-0.12912561648752363	42.32188231177053	NA	9.213800572969554	NA
Frontal	-0.12912561648752363	42.49749178194385	NA	9.194491290950479	NA
Frontal	-0.12912561648752363	42.62912561648752	8.794983068622367	9.180016961529972	0.9914176037735668
Frontal	-0.12912561648752363	42.67310125211718	NA	9.175181277536844	NA
Frontal	-0.12912561648752363	42.8487107222905	NA	9.155869535200448	NA
Frontal	-0.12912561648752363	43.02432019246382	NA	9.13655511399732	NA
Frontal	-0.12912561648752363	43.19992966263714	NA	9.117237109494221	NA
Frontal	-0.12912561648752363	43.37553913281046	NA	9.097914660784756	NA
Frontal	-0.12912561648752363	43.55114860298379	NA	9.078586948591122	NA
Frontal	-0.12912561648752363	43.72675807315711	NA	9.059253193447955	NA
Frontal	-0.12912561648752363	43.90236754333043	NA	9.039912653964572	NA
Frontal	-0.12912561648752363	44.07797701350375	NA	9.02056462516228	NA
Frontal	-0.12912561648752363	44.25358648367707	NA	9.001208436883584	NA
Frontal	-0.12912561648752363	44.42919595385039	NA	8.981843452270084	NA
Frontal	-0.12912561648752363	44.604805424023716	NA	8.962469066306184	NA
Frontal	-0.12912561648752363	44.78041489419704	NA	8.943084704425669	NA
Frontal	-0.12912561648752363	44.95602436437036	NA	8.923689821178556	NA
Frontal	-0.12912561648752363	45.13163383454368	NA	8.904276227874295	NA
Frontal	-0.12912561648752363	45.307243304717	NA	8.88498876298579	NA
Frontal	-0.12912561648752363	45.482852774890326	NA	8.865934044397742	NA
Frontal	-0.12912561648752363	45.658462245063646	NA	8.847102716471431	NA
Frontal	-0.12912561648752363	45.834071715236966	NA	8.828485824275868	NA
Frontal	-0.12912561648752363	46.00968118541029	NA	8.810074796308722	NA
Frontal	-0.12912561648752363	46.18529065558361	NA	8.791861427962791	NA
Frontal	-0.12912561648752363	46.36090012575693	NA	8.773837865705936	NA
Frontal	-0.12912561648752363	46.536509595930255	NA	8.755996591943694	NA
Frontal	-0.12912561648752363	46.712119066103575	NA	8.738330410535042	NA
Frontal	-0.12912561648752363	46.887728536276896	NA	8.720832432933209	NA
Frontal	-0.12912561648752363	47.063338006450216	NA	8.703496064924463	NA
Frontal	-0.12912561648752363	47.23894747662354	NA	8.686314993939233	NA
Frontal	-0.12912561648752363	47.414556946796864	NA	8.669283176910577	NA
Frontal	-0.12912561648752363	47.590166416970185	NA	8.652394828656773	NA
Frontal	-0.12912561648752363	47.62912561648752	8.323122258082543	8.648667109082153	0.9398423736497916
Frontal	-0.12912561648752363	47.765775887143505	NA	8.635644410765037	NA
Frontal	-0.12912561648752363	47.941385357316825	NA	8.619026636871038	NA
Frontal	-0.12912561648752363	48.116994827490146	NA	8.6025364169248	NA
Frontal	-0.12912561648752363	48.292604297663466	NA	8.586168887234303	NA
Frontal	-0.12912561648752363	48.468213767836794	NA	8.569919394677601	NA
Frontal	-0.12912561648752363	48.643823238010114	NA	8.553783484109601	NA
Frontal	-0.12912561648752363	48.819432708183434	NA	8.537756889830863	NA
Frontal	-0.12912561648752363	48.995042178356755	NA	8.521835527424551	NA
Frontal	-0.12912561648752363	49.170651648530075	NA	8.506015485945595	NA
Frontal	-0.12912561648752363	49.3462611187034	NA	8.490293020446872	NA
Frontal	-0.12912561648752363	49.52187058887672	NA	8.474664544827814	NA
Frontal	-0.12912561648752363	49.697480059050044	NA	8.45912662499168	NA
Frontal	-0.12912561648752363	49.873089529223364	NA	8.443675972297976	NA
Frontal	-0.12912561648752363	50.048698999396684	NA	8.428309437297397	NA
Frontal	-0.12912561648752363	50.22430846957001	NA	8.413024003737144	NA
Frontal	-0.12912561648752363	50.39991793974333	NA	8.397816782824789	NA
Frontal	-0.12912561648752363	50.57552740991665	NA	8.382685007739733	NA
Frontal	-0.12912561648752363	50.75113688008997	NA	8.367626028381363	NA
Frontal	-0.12912561648752363	50.926746350263294	NA	8.352637306343876	NA
Frontal	-0.12912561648752363	51.102355820436614	NA	8.337716410107875	NA
Frontal	-0.12912561648752363	51.27796529060994	NA	8.322861010439418	NA
Frontal	-0.12912561648752363	51.45357476078326	NA	8.308068875987619	NA
Frontal	-0.12912561648752363	51.62918423095658	NA	8.293337869072063	NA
Frontal	-0.12912561648752363	51.8047937011299	NA	8.278665941652104	NA
Frontal	-0.12912561648752363	51.98040317130322	NA	8.264051131469962	NA
Frontal	-0.12912561648752363	52.15601264147655	NA	8.249491558360248	NA
Frontal	-0.12912561648752363	52.33162211164987	NA	8.234985420718669	NA
Frontal	-0.12912561648752363	52.50723158182319	NA	8.220530992123136	NA
Frontal	-0.12912561648752363	52.62912561648752	7.92689462865371	8.210527381297629	0.8949935959509174
Frontal	-0.12912561648752363	52.68284105199651	NA	8.20612661810056	NA
Frontal	-0.12912561648752363	52.85845052216983	NA	8.191770713033193	NA
Frontal	-0.12912561648752363	53.03405999234315	NA	8.177461757198405	NA
Frontal	-0.12912561648752363	53.20966946251648	NA	8.163198293936098	NA
Frontal	-0.12912561648752363	53.3852789326898	NA	8.148978926938423	NA
Frontal	-0.12912561648752363	53.56088840286312	NA	8.134802317656321	NA
Frontal	-0.12912561648752363	53.73649787303644	NA	8.120667182817954	NA
Frontal	-0.12912561648752363	53.91210734320976	NA	8.106572292054226	NA
Frontal	-0.12912561648752363	54.08771681338309	NA	8.092516465626632	NA
Frontal	-0.12912561648752363	54.26332628355641	NA	8.078498572253263	NA
Frontal	-0.12912561648752363	54.43893575372973	NA	8.06451752702838	NA
Frontal	-0.12912561648752363	54.61454522390305	NA	8.050572289431894	NA
Frontal	-0.12912561648752363	54.79015469407637	NA	8.036661861424609	NA
Frontal	-0.12912561648752363	54.96576416424969	NA	8.02278528562565	NA
Frontal	-0.12912561648752363	55.14137363442302	NA	8.0089416435685	NA
Frontal	-0.12912561648752363	55.31698310459634	NA	7.995130054032229	NA
Frontal	-0.12912561648752363	55.49259257476966	NA	7.98134967144468	NA
Frontal	-0.12912561648752363	55.66820204494298	NA	7.9675996843545835	NA
Frontal	-0.12912561648752363	55.8438115151163	NA	7.9538793159708	NA
Frontal	-0.12912561648752363	56.01942098528963	NA	7.940187819002072	NA
Frontal	-0.12912561648752363	56.19503045546295	NA	7.9265244733864595	NA
Frontal	-0.12912561648752363	56.37063992563627	NA	7.912888590165162	NA
Frontal	-0.12912561648752363	56.54624939580959	NA	7.899279507793182	NA
Frontal	-0.12912561648752363	56.72185886598291	NA	7.885696590966541	NA
Frontal	-0.12912561648752363	56.89746833615623	NA	7.872139229500013	NA
Frontal	-0.12912561648752363	57.07307780632956	NA	7.858606837253248	NA
Frontal	-0.12912561648752363	57.24868727650288	NA	7.845098851103217	NA
Frontal	-0.12912561648752363	57.4242967466762	NA	7.831614729960952	NA
Frontal	-0.12912561648752363	57.59990621684952	NA	7.818153953830645	NA
Frontal	-0.12912561648752363	57.62912561648752	7.724640226934876	7.815916465103475	0.8584101996278483
Frontal	-0.12912561648752363	57.77551568702284	NA	7.804716022909357	NA
Frontal	-0.12912561648752363	57.95112515719617	NA	7.791300456725473	NA
Frontal	-0.12912561648752363	58.12673462736949	NA	7.777906793314353	NA
Frontal	-0.12912561648752363	58.30234409754281	NA	7.764534588429466	NA
Frontal	-0.12912561648752363	58.47795356771613	NA	7.751183414787574	NA
Frontal	-0.12912561648752363	58.65356303788945	NA	7.737852861346393	NA
Frontal	-0.12912561648752363	58.829172508062776	NA	7.724542532613406	NA
Frontal	-0.12912561648752363	59.004781978236096	NA	7.711252047984492	NA
Frontal	-0.12912561648752363	59.18039144840942	NA	7.697981041110992	NA
Frontal	-0.12912561648752363	59.35600091858274	NA	7.6847291592941085	NA
Frontal	-0.12912561648752363	59.53161038875606	NA	7.671496062905337	NA
Frontal	-0.12912561648752363	59.70721985892938	NA	7.658281424831935	NA
Frontal	-0.12912561648752363	59.882829329102705	NA	7.645084929946204	NA
Frontal	-0.12912561648752363	60.058438799276026	NA	7.631906274597718	NA
Frontal	-0.12912561648752363	60.234048269449346	NA	7.618778512234261	NA
Frontal	-0.12912561648752363	60.409657739622666	NA	7.60576562840368	NA
Frontal	-0.12912561648752363	60.58526720979599	NA	7.592859828402051	NA
Frontal	-0.12912561648752363	60.760876679969314	NA	7.580057574331036	NA
Frontal	-0.12912561648752363	60.936486150142635	NA	7.567355476195284	NA
Frontal	-0.12912561648752363	61.112095620315955	NA	7.5547502855407185	NA
Frontal	-0.12912561648752363	61.287705090489276	NA	7.542238889367351	NA
Frontal	-0.12912561648752363	61.463314560662596	NA	7.5298183043045785	NA
Frontal	-0.12912561648752363	61.638924030835916	NA	7.517485671037874	NA
Frontal	-0.12912561648752363	61.814533501009244	NA	7.5052382489757585	NA
Frontal	-0.12912561648752363	61.990142971182564	NA	7.493073411147004	NA
Frontal	-0.12912561648752363	62.165752441355885	NA	7.480988639317795	NA
Frontal	-0.12912561648752363	62.341361911529205	NA	7.468981519319608	NA
Frontal	-0.12912561648752363	62.516971381702525	NA	7.457049736578596	NA
Frontal	-0.12912561648752363	62.62912561648752	7.393654530966367	7.449467847621614	0.8232796700642128
Frontal	-0.12912561648752363	62.69258085187585	NA	7.44519107183782	NA
Frontal	-0.12912561648752363	62.86819032204917	NA	7.433403397063965	NA
Frontal	-0.12912561648752363	63.043799792222494	NA	7.421684671530697	NA
Frontal	-0.12912561648752363	63.219409262395814	NA	7.410032938070833	NA
Frontal	-0.12912561648752363	63.395018732569135	NA	7.39844631949028	NA
Frontal	-0.12912561648752363	63.570628202742455	NA	7.386923015136543	NA
Frontal	-0.12912561648752363	63.74623767291578	NA	7.375461298446182	NA
Frontal	-0.12912561648752363	63.9218471430891	NA	7.364059519355169	NA
Frontal	-0.12912561648752363	64.09745661326242	NA	7.352716079186904	NA
Frontal	-0.12912561648752363	64.27306608343575	NA	7.341429452034629	NA
Frontal	-0.12912561648752363	64.44867555360906	NA	7.330198173470663	NA
Frontal	-0.12912561648752363	64.62428502378239	NA	7.3190208379125306	NA
Frontal	-0.12912561648752363	64.7998944939557	NA	7.307896096102731	NA
Frontal	-0.12912561648752363	64.97550396412903	NA	7.2968226526971	NA
Frontal	-0.12912561648752363	65.15111343430236	NA	7.2857992639572355	NA
Frontal	-0.12912561648752363	65.32672290447567	NA	7.274824735542392	NA
Frontal	-0.12912561648752363	65.502332374649	NA	7.2638979203966	NA
Frontal	-0.12912561648752363	65.67794184482231	NA	7.253017716726837	NA
Frontal	-0.12912561648752363	65.85355131499564	NA	7.242183066068406	NA
Frontal	-0.12912561648752363	66.02916078516897	NA	7.23139295143373	NA
Frontal	-0.12912561648752363	66.20477025534228	NA	7.220646395540913	NA
Frontal	-0.12912561648752363	66.38037972551561	NA	7.2099424591187	NA
Frontal	-0.12912561648752363	66.55598919568892	NA	7.199280239284462	NA
Frontal	-0.12912561648752363	66.73159866586225	NA	7.18865886799217	NA
Frontal	-0.12912561648752363	66.90720813603556	NA	7.178077510547175	NA
Frontal	-0.12912561648752363	67.08281760620889	NA	7.167535364185086	NA
Frontal	-0.12912561648752363	67.25842707638222	NA	7.157031656711836	NA
Frontal	-0.12912561648752363	67.43403654655553	NA	7.146565645202367	NA
Frontal	-0.12912561648752363	67.60964601672886	NA	7.136136614755468	NA
Frontal	-0.12912561648752363	67.62912561648753	7.219555317402813	7.134982003126592	0.7941339053739491
Frontal	-0.12912561648752363	67.78525548690217	NA	7.125743877302115	NA
Frontal	-0.12912561648752363	67.9608649570755	NA	7.115386770465312	NA
Frontal	-0.12912561648752363	68.13647442724883	NA	7.105064656468968	NA
Frontal	-0.12912561648752363	68.31208389742214	NA	7.094776921093822	NA
Frontal	-0.12912561648752363	68.48769336759547	NA	7.0845229726783305	NA
Frontal	-0.12912561648752363	68.66330283776878	NA	7.074302241162605	NA
Frontal	-0.12912561648752363	68.83891230794211	NA	7.064114177173497	NA
Frontal	-0.12912561648752363	69.01452177811544	NA	7.0539582511491545	NA
Frontal	-0.12912561648752363	69.19013124828875	NA	7.0438339525012195	NA
Frontal	-0.12912561648752363	69.36574071846208	NA	7.033740788813159	NA
Frontal	-0.12912561648752363	69.54135018863539	NA	7.023678285073042	NA
Frontal	-0.12912561648752363	69.71695965880872	NA	7.013645982939436	NA
Frontal	-0.12912561648752363	69.89256912898205	NA	7.00364344003885	NA
Frontal	-0.12912561648752363	70.06817859915536	NA	6.993670229293456	NA
Frontal	-0.12912561648752363	70.24378806932869	NA	6.983725938277722	NA
Frontal	-0.12912561648752363	70.419397539502	NA	6.973810168602737	NA
Frontal	-0.12912561648752363	70.59500700967533	NA	6.96392253532707	NA
Frontal	-0.12912561648752363	70.77061647984864	NA	6.954062666392941	NA
Frontal	-0.12912561648752363	70.94622595002197	NA	6.944230202086634	NA
Frontal	-0.12912561648752363	71.1218354201953	NA	6.934424794522205	NA
Frontal	-0.12912561648752363	71.29744489036861	NA	6.9246461071472964	NA
Frontal	-0.12912561648752363	71.47305436054194	NA	6.914893814270268	NA
Frontal	-0.12912561648752363	71.64866383071525	NA	6.905167600607695	NA
Frontal	-0.12912561648752363	71.82427330088858	NA	6.895467163677349	NA
Frontal	-0.12912561648752363	71.9998827710619	NA	6.885792205889793	NA
Frontal	-0.12912561648752363	72.17549224123522	NA	6.876142439593168	NA
Frontal	-0.12912561648752363	72.35110171140855	NA	6.866517586991849	NA
Frontal	-0.12912561648752363	72.52671118158186	NA	6.856917378711066	NA
Frontal	-0.12912561648752363	72.62912561648753	7.023473591887933	6.851329865220771	0.7676503110600775
Frontal	-0.12912561648752363	72.70232065175519	NA	6.84734155344922	NA
Frontal	-0.12912561648752363	72.87793012192851	NA	6.837789857645139	NA
Frontal	-0.12912561648752363	73.05353959210183	NA	6.8282620451596605	NA
Frontal	-0.12912561648752363	73.22914906227516	NA	6.818757876970815	NA
Frontal	-0.12912561648752363	73.40475853244847	NA	6.809277120882141	NA
Frontal	-0.12912561648752363	73.5803680026218	NA	6.79981955124354	NA
Frontal	-0.12912561648752363	73.75597747279512	NA	6.790384948684045	NA
Frontal	-0.12912561648752363	73.93158694296844	NA	6.780973099856124	NA
Frontal	-0.12912561648752363	74.10719641314176	NA	6.771583797190901	NA
Frontal	-0.12912561648752363	74.28280588331508	NA	6.762216838663893	NA
Frontal	-0.12912561648752363	74.4584153534884	NA	6.752872027570782	NA
Frontal	-0.12912561648752363	74.63402482366173	NA	6.743549172312813	NA
Frontal	-0.12912561648752363	74.80963429383505	NA	6.734248086191382	NA
Frontal	-0.12912561648752363	74.98524376400837	NA	6.72496858721139	NA
Frontal	-0.12912561648752363	75.16085323418169	NA	6.715710497893078	NA
Frontal	-0.12912561648752363	75.33646270435501	NA	6.706473645091875	NA
Frontal	-0.12912561648752363	75.51207217452833	NA	6.697257859825938	NA
Frontal	-0.12912561648752363	75.68768164470166	NA	6.688062977111134	NA
Frontal	-0.12912561648752363	75.86329111487498	NA	6.678888835803038	NA
Frontal	-0.12912561648752363	76.0389005850483	NA	6.6697352784456445	NA
Frontal	-0.12912561648752363	76.21451005522162	NA	6.660602151126655	NA
Frontal	-0.12912561648752363	76.39011952539494	NA	6.6514893033388285	NA
Frontal	-0.12912561648752363	76.56572899556826	NA	6.642396587847336	NA
Frontal	-0.12912561648752363	76.74133846574159	NA	6.633323860562735	NA
Frontal	-0.12912561648752363	76.9169479359149	NA	6.624270980419341	NA
Frontal	-0.12912561648752363	77.09255740608823	NA	6.615237809258886	NA
Frontal	-0.12912561648752363	77.26816687626155	NA	6.606224211719021	NA
Frontal	-0.12912561648752363	77.44377634643487	NA	6.597230055126605	NA
Frontal	-0.12912561648752363	77.6193858166082	NA	6.588255209395573	NA
Frontal	-0.12912561648752363	77.62912561648753	6.885165292065882	6.5877580050515405	0.7435962630593645
Frontal	-0.12912561648752363	77.79499528678151	NA	6.579299546929135	NA
Frontal	-0.12912561648752363	77.97060475695484	NA	6.570362942526086	NA
Frontal	-0.12912561648752363	78.14621422712816	NA	6.561445273291144	NA
Frontal	-0.12912561648752363	78.32182369730148	NA	6.552546418549144	NA
Frontal	-0.12912561648752363	78.49743316747481	NA	6.543666259762736	NA
Frontal	-0.12912561648752363	78.67304263764812	NA	6.534804680453731	NA
Frontal	-0.12912561648752363	78.84865210782145	NA	6.525961566127652	NA
Frontal	-0.12912561648752363	79.02426157799476	NA	6.517136804201591	NA
Frontal	-0.12912561648752363	79.19987104816809	NA	6.508330283935035	NA
Frontal	-0.12912561648752363	79.3754805183414	NA	6.499541896363652	NA
Frontal	-0.12912561648752363	79.55108998851473	NA	6.4907715342359005	NA
Frontal	-0.12912561648752363	79.72669945868806	NA	6.4820190929403845	NA
Frontal	-0.12912561648752363	79.90230892886137	NA	6.473284469191258	NA
Frontal	-0.12912561648752363	80.0779183990347	NA	6.464567558782434	NA
Frontal	-0.12912561648752363	80.25352786920801	NA	6.455868260731807	NA
Frontal	-0.12912561648752363	80.42913733938134	NA	6.4471864754908985	NA
Frontal	-0.12912561648752363	80.60474680955467	NA	6.438522104895851	NA
Frontal	-0.12912561648752363	80.78035627972798	NA	6.4298750521205275	NA
Frontal	-0.12912561648752363	80.95596574990131	NA	6.421245221631537	NA
Frontal	-0.12912561648752363	81.13157522007462	NA	6.412632519145191	NA
Frontal	-0.12912561648752363	81.30718469024795	NA	6.404036851586211	NA
Frontal	-0.12912561648752363	81.48279416042128	NA	6.395458127048195	NA
Frontal	-0.12912561648752363	81.65840363059459	NA	6.386896254755749	NA
Frontal	-0.12912561648752363	81.83401310076792	NA	6.378351145028147	NA
Frontal	-0.12912561648752363	82.00962257094123	NA	6.369822709244539	NA
Frontal	-0.12912561648752363	82.18523204111456	NA	6.361310859810611	NA
Frontal	-0.12912561648752363	82.36084151128789	NA	6.352815510126609	NA
Frontal	-0.12912561648752363	82.5364509814612	NA	6.344336574556702	NA
Frontal	-0.12912561648752363	82.62912561648753	6.783152294010643	6.339868560383334	0.7230229745858322
Frontal	-0.12912561648752363	82.71206045163453	NA	6.335873968399595	NA
Frontal	-0.12912561648752363	82.88766992180784	NA	6.327427607860384	NA
Frontal	-0.12912561648752363	83.06327939198117	NA	6.318997410023557	NA
Frontal	-0.12912561648752363	83.2388888621545	NA	6.310583292827096	NA
Frontal	-0.12912561648752363	83.41449833232781	NA	6.302185175037653	NA
Frontal	-0.12912561648752363	83.59010780250114	NA	6.293802976226777	NA
Frontal	-0.12912561648752363	83.76571727267445	NA	6.285436616748033	NA
Frontal	-0.12912561648752363	83.94132674284778	NA	6.277086017715136	NA
Frontal	-0.12912561648752363	84.11693621302109	NA	6.2687511009809675	NA
Frontal	-0.12912561648752363	84.29254568319442	NA	6.2604317891173675	NA
Frontal	-0.12912561648752363	84.46815515336775	NA	6.252128005395848	NA
Frontal	-0.12912561648752363	84.64376462354106	NA	6.243839673769035	NA
Frontal	-0.12912561648752363	84.81937409371439	NA	6.2355667188528585	NA
Frontal	-0.12912561648752363	84.9949835638877	NA	6.227309065909475	NA
Frontal	-0.12912561648752363	85.17059303406103	NA	6.219066640830867	NA
Frontal	-0.12912561648752363	85.34620250423436	NA	6.210839370123109	NA
Frontal	-0.12912561648752363	85.52181197440767	NA	6.202627180891249	NA
Frontal	-0.12912561648752363	85.697421444581	NA	6.194430000824807	NA
Frontal	-0.12912561648752363	85.87303091475431	NA	6.186247758183842	NA
Frontal	-0.12912561648752363	86.04864038492764	NA	6.178080381785555	NA
Frontal	-0.12912561648752363	86.22424985510096	NA	6.169927800991458	NA
Frontal	-0.12912561648752363	86.39985932527428	NA	6.16178994569501	NA
Frontal	-0.12912561648752363	86.5754687954476	NA	6.153666746309766	NA
Frontal	-0.12912561648752363	86.75107826562092	NA	6.145558133757937	NA
Frontal	-0.12912561648752363	86.92668773579425	NA	6.137464039459497	NA
Frontal	-0.12912561648752363	87.10229720596757	NA	6.129384395321601	NA
Frontal	-0.12912561648752363	87.27790667614089	NA	6.121319133728475	NA
Frontal	-0.12912561648752363	87.45351614631421	NA	6.113268187531663	NA
Frontal	-0.12912561648752363	87.62912561648753	6.691661051618191	6.105223331207899	0.7035229683239753
Hippocampus	-0.12912561648752363	0	0	-1.480986148017589e-14	0
Hippocampus	-0.12912561648752363	0.1756094701733217	NA	3.55351380878011e-4	NA
Hippocampus	-0.12912561648752363	0.3512189403466434	NA	9.537735515983691e-4	NA
Hippocampus	-0.12912561648752363	0.37912561648752363	0.03108453635639655	0.00124887297324034	0.525655067421128
Hippocampus	-0.12912561648752363	0.5268284105199651	NA	0.0032180041317447805	NA
Hippocampus	-0.12912561648752363	0.7024378806932868	NA	0.6113859514950964	NA
Hippocampus	-0.12912561648752363	0.8780473508666086	NA	1.8397610356710399	NA
Hippocampus	-0.12912561648752363	0.8791256164875236	1.9768557073457131	1.8495544106933013	0.6724371859765057
Hippocampus	-0.12912561648752363	1.0536568210399302	NA	3.503142266292813	NA
Hippocampus	-0.12912561648752363	1.229266291213252	NA	5.059788964509987	NA
Hippocampus	-0.12912561648752363	1.3791256164875236	6.55477776566489	6.454247741921205	0.8085391330145363
Hippocampus	-0.12912561648752363	1.4048757613865737	NA	6.701604148667106	NA
Hippocampus	-0.12912561648752363	1.5804852315598954	NA	8.42620757816137	NA
Hippocampus	-0.12912561648752363	1.7560947017332171	NA	10.203866805607312	NA
Hippocampus	-0.12912561648752363	1.8791256164875236	11.582091594190398	11.591682935986164	0.9081623318502868
Hippocampus	-0.12912561648752363	1.9317041719065389	NA	12.201132955474693	NA
Hippocampus	-0.12912561648752363	2.1073136420798604	NA	13.943455582826271	NA
Hippocampus	-0.12912561648752363	2.282923112253182	NA	15.38827243798344	NA
Hippocampus	-0.12912561648752363	2.3791256164875234	16.673660418686776	15.963870562107097	0.984110606672485
Hippocampus	-0.12912561648752363	2.458532582426504	NA	16.36847835681498	NA
Hippocampus	-0.12912561648752363	2.6341420525998256	NA	17.03904789531212	NA
Hippocampus	-0.12912561648752363	2.8097515227731473	NA	17.407228127487603	NA
Hippocampus	-0.12912561648752363	2.8791256164875234	17.53982899638586	17.4718632888939	1.005973032224954
Hippocampus	-0.12912561648752363	2.985360992946469	NA	17.485671310160527	NA
Hippocampus	-0.12912561648752363	3.160970463119791	NA	17.70852514953333	NA
Hippocampus	-0.12912561648752363	3.3365799332931125	NA	17.90626093886756	NA
Hippocampus	-0.12912561648752363	3.5121894034664343	NA	18.04947978529035	NA
Hippocampus	-0.12912561648752363	3.6291256164875234	17.83677834927018	18.115499199672957	1.2050566243435854
Hippocampus	-0.12912561648752363	3.687798873639756	NA	18.139979201698466	NA
Hippocampus	-0.12912561648752363	3.8634083438130777	NA	18.17947798429163	NA
Hippocampus	-0.12912561648752363	4.0390178139863995	NA	18.169619839735653	NA
Hippocampus	-0.12912561648752363	4.214627284159721	NA	18.11197684393692	NA
Hippocampus	-0.12912561648752363	4.390236754333043	NA	18.008052740253504	NA
Hippocampus	-0.12912561648752363	4.565846224506364	NA	17.859286084605102	NA
Hippocampus	-0.12912561648752363	4.629125616487523	17.375214303682764	17.79497934229286	1.1820350774517108
Hippocampus	-0.12912561648752363	4.741455694679686	NA	17.667053244596698	NA
Hippocampus	-0.12912561648752363	4.917065164853008	NA	17.432671259440312	NA
Hippocampus	-0.12912561648752363	5.09267463502633	NA	17.207904448253984	NA
Hippocampus	-0.12912561648752363	5.268284105199651	NA	17.02375802423152	NA
Hippocampus	-0.12912561648752363	5.443893575372973	NA	16.846046250224166	NA
Hippocampus	-0.12912561648752363	5.619503045546295	NA	16.674409953719163	NA
Hippocampus	-0.12912561648752363	5.629125616487523	16.50751142673979	16.665174294257614	1.1516312773471051
Hippocampus	-0.12912561648752363	5.795112515719616	NA	16.508507051731378	NA
Hippocampus	-0.12912561648752363	5.970721985892938	NA	16.34801175385751	NA
Hippocampus	-0.12912561648752363	6.146331456066259	NA	16.19261380239088	NA
Hippocampus	-0.12912561648752363	6.321940926239582	NA	16.042017747774015	NA
Hippocampus	-0.12912561648752363	6.497550396412903	NA	15.895942257746439	NA
Hippocampus	-0.12912561648752363	6.673159866586225	NA	15.75411945862118	NA
Hippocampus	-0.12912561648752363	6.848769336759546	NA	15.61629430719667	NA
Hippocampus	-0.12912561648752363	7.0243788069328685	NA	15.482223991879826	NA
Hippocampus	-0.12912561648752363	7.129125616487523	15.479592910471156	15.403945830955594	1.3527978229421094
Hippocampus	-0.12912561648752363	7.19998827710619	NA	15.351677361662427	NA
Hippocampus	-0.12912561648752363	7.375597747279512	NA	15.224434381656081	NA
Hippocampus	-0.12912561648752363	7.551207217452833	NA	15.100285613951062	NA
Hippocampus	-0.12912561648752363	7.7268166876261555	NA	14.9790317226219	NA
Hippocampus	-0.12912561648752363	7.902426157799477	NA	14.860483001757263	NA
Hippocampus	-0.12912561648752363	8.078035627972799	NA	14.744459153763746	NA
Hippocampus	-0.12912561648752363	8.253645098146121	NA	14.630788265079968	NA
Hippocampus	-0.12912561648752363	8.429254568319442	NA	14.519306766169834	NA
Hippocampus	-0.12912561648752363	8.604864038492764	NA	14.409859178949187	NA
Hippocampus	-0.12912561648752363	8.780473508666086	NA	14.302297604879747	NA
Hippocampus	-0.12912561648752363	8.956082978839406	NA	14.19648137034278	NA
Hippocampus	-0.12912561648752363	9.129125616487524	14.193111263660429	14.093788333884586	1.277809920111782
Hippocampus	-0.12912561648752363	9.131692449012728	NA	14.092276688511602	NA
Hippocampus	-0.12912561648752363	9.30730191918605	NA	13.989556336955932	NA
Hippocampus	-0.12912561648752363	9.482911389359373	NA	13.888199350246762	NA
Hippocampus	-0.12912561648752363	9.658520859532693	NA	13.788090726864397	NA
Hippocampus	-0.12912561648752363	9.834130329706015	NA	13.68912114974465	NA
Hippocampus	-0.12912561648752363	10.009739799879338	NA	13.591186719829368	NA
Hippocampus	-0.12912561648752363	10.18534927005266	NA	13.498274007281902	NA
Hippocampus	-0.12912561648752363	10.36095874022598	NA	13.410264987710798	NA
Hippocampus	-0.12912561648752363	10.536568210399302	NA	13.325453509652732	NA
Hippocampus	-0.12912561648752363	10.712177680572625	NA	13.243675424463413	NA
Hippocampus	-0.12912561648752363	10.887787150745947	NA	13.164774315359603	NA
Hippocampus	-0.12912561648752363	11.063396620919267	NA	13.08860113735822	NA
Hippocampus	-0.12912561648752363	11.23900609109259	NA	13.015013873956141	NA
Hippocampus	-0.12912561648752363	11.414615561265911	NA	12.943877209772506	NA
Hippocampus	-0.12912561648752363	11.590225031439232	NA	12.875062218411516	NA
Hippocampus	-0.12912561648752363	11.765834501612554	NA	12.808446064838277	NA
Hippocampus	-0.12912561648752363	11.941443971785876	NA	12.743911721593012	NA
Hippocampus	-0.12912561648752363	12.117053441959198	NA	12.681347698200424	NA
Hippocampus	-0.12912561648752363	12.292662912132519	NA	12.620647783160814	NA
Hippocampus	-0.12912561648752363	12.468272382305841	NA	12.561710797938131	NA
Hippocampus	-0.12912561648752363	12.629125616487524	12.81761038810647	12.509190880807516	1.5779206941832196
Hippocampus	-0.12912561648752363	12.643881852479163	NA	12.504440362387298	NA
Hippocampus	-0.12912561648752363	12.819491322652485	NA	12.448744671089036	NA
Hippocampus	-0.12912561648752363	12.995100792825806	NA	12.39453628008517	NA
Hippocampus	-0.12912561648752363	13.170710262999128	NA	12.341731903530984	NA
Hippocampus	-0.12912561648752363	13.34631973317245	NA	12.290252219803591	NA
Hippocampus	-0.12912561648752363	13.521929203345772	NA	12.24002168662679	NA
Hippocampus	-0.12912561648752363	13.697538673519093	NA	12.190968364793376	NA
Hippocampus	-0.12912561648752363	13.873148143692415	NA	12.143023750084902	NA
Hippocampus	-0.12912561648752363	14.048757613865737	NA	12.096122613008367	NA
Hippocampus	-0.12912561648752363	14.224367084039057	NA	12.050202845986009	NA
Hippocampus	-0.12912561648752363	14.39997655421238	NA	12.005205317651974	NA
Hippocampus	-0.12912561648752363	14.575586024385702	NA	11.961073733925405	NA
Hippocampus	-0.12912561648752363	14.751195494559024	NA	11.917754505544973	NA
Hippocampus	-0.12912561648752363	14.926804964732344	NA	11.875196621764525	NA
Hippocampus	-0.12912561648752363	15.102414434905667	NA	11.83332090727118	NA
Hippocampus	-0.12912561648752363	15.278023905078989	NA	11.792313791206443	NA
Hippocampus	-0.12912561648752363	15.453633375252311	NA	11.752280966225856	NA
Hippocampus	-0.12912561648752363	15.629242845425631	NA	11.71316911007169	NA
Hippocampus	-0.12912561648752363	15.804852315598954	NA	11.674927431776348	NA
Hippocampus	-0.12912561648752363	15.980461785772276	NA	11.637507585917353	NA
Hippocampus	-0.12912561648752363	16.156071255945598	NA	11.600863540843005	NA
Hippocampus	-0.12912561648752363	16.33168072611892	NA	11.564951322948307	NA
Hippocampus	-0.12912561648752363	16.507290196292242	NA	11.529729140880693	NA
Hippocampus	-0.12912561648752363	16.682899666465563	NA	11.49515719687321	NA
Hippocampus	-0.12912561648752363	16.858509136638883	NA	11.461197593743822	NA
Hippocampus	-0.12912561648752363	17.034118606812207	NA	11.42781424621983	NA
Hippocampus	-0.12912561648752363	17.209728076985527	NA	11.394972796386227	NA
Hippocampus	-0.12912561648752363	17.385337547158848	NA	11.362640533066344	NA
Hippocampus	-0.12912561648752363	17.560947017332172	NA	11.330786314951949	NA
Hippocampus	-0.12912561648752363	17.629125616487524	11.510991363657144	11.318541571961493	1.4234263107476035
Hippocampus	-0.12912561648752363	17.736556487505492	NA	11.299380497308615	NA
Hippocampus	-0.12912561648752363	17.912165957678813	NA	11.268394862089961	NA
Hippocampus	-0.12912561648752363	18.087775427852137	NA	11.237802551302535	NA
Hippocampus	-0.12912561648752363	18.263384898025457	NA	11.20757800347005	NA
Hippocampus	-0.12912561648752363	18.43899436819878	NA	11.177696893052973	NA
Hippocampus	-0.12912561648752363	18.6146038383721	NA	11.148136072686079	NA
Hippocampus	-0.12912561648752363	18.79021330854542	NA	11.118873518102985	NA
Hippocampus	-0.12912561648752363	18.965822778718746	NA	11.089888275622677	NA
Hippocampus	-0.12912561648752363	19.141432248892066	NA	11.061160412079078	NA
Hippocampus	-0.12912561648752363	19.317041719065386	NA	11.0326709670799	NA
Hippocampus	-0.12912561648752363	19.49265118923871	NA	11.004401907486702	NA
Hippocampus	-0.12912561648752363	19.66826065941203	NA	10.976336084012694	NA
Hippocampus	-0.12912561648752363	19.84387012958535	NA	10.948457189839994	NA
Hippocampus	-0.12912561648752363	20.019479599758675	NA	10.920749721162391	NA
Hippocampus	-0.12912561648752363	20.195089069931996	NA	10.893198939564071	NA
Hippocampus	-0.12912561648752363	20.37069854010532	NA	10.86579083614905	NA
Hippocampus	-0.12912561648752363	20.54630801027864	NA	10.83851209733981	NA
Hippocampus	-0.12912561648752363	20.72191748045196	NA	10.811350072267619	NA
Hippocampus	-0.12912561648752363	20.897526950625284	NA	10.784292741680519	NA
Hippocampus	-0.12912561648752363	21.073136420798605	NA	10.757328688298394	NA
Hippocampus	-0.12912561648752363	21.248745890971925	NA	10.730447068547912	NA
Hippocampus	-0.12912561648752363	21.42435536114525	NA	10.7036375856131	NA
Hippocampus	-0.12912561648752363	21.59996483131857	NA	10.676890463740458	NA
Hippocampus	-0.12912561648752363	21.775574301491893	NA	10.650196423740251	NA
Hippocampus	-0.12912561648752363	21.951183771665214	NA	10.6235466596284	NA
Hippocampus	-0.12912561648752363	22.126793241838534	NA	10.596932816355878	NA
Hippocampus	-0.12912561648752363	22.302402712011858	NA	10.570346968575137	NA
Hippocampus	-0.12912561648752363	22.47801218218518	NA	10.54378160039529	NA
Hippocampus	-0.12912561648752363	22.629125616487524	10.50952474197597	10.520932821288653	1.3038319070137474
Hippocampus	-0.12912561648752363	22.6536216523585	NA	10.51722958608006	NA
Hippocampus	-0.12912561648752363	22.829231122531823	NA	10.490684171644748	NA
Hippocampus	-0.12912561648752363	23.004840592705143	NA	10.464138957310356	NA
Hippocampus	-0.12912561648752363	23.180450062878464	NA	10.437587880774982	NA
Hippocampus	-0.12912561648752363	23.356059533051788	NA	10.411025201264586	NA
Hippocampus	-0.12912561648752363	23.531669003225108	NA	10.3844454843268	NA
Hippocampus	-0.12912561648752363	23.707278473398432	NA	10.357843587333265	NA
Hippocampus	-0.12912561648752363	23.882887943571752	NA	10.331214645657562	NA
Hippocampus	-0.12912561648752363	24.058497413745073	NA	10.30455405450485	NA
Hippocampus	-0.12912561648752363	24.234106883918397	NA	10.277857469632618	NA
Hippocampus	-0.12912561648752363	24.409716354091717	NA	10.251120784324693	NA
Hippocampus	-0.12912561648752363	24.585325824265038	NA	10.224340120281875	NA
Hippocampus	-0.12912561648752363	24.76093529443836	NA	10.197511817174256	NA
Hippocampus	-0.12912561648752363	24.936544764611682	NA	10.170632422262107	NA
Hippocampus	-0.12912561648752363	25.112154234785006	NA	10.143698680500835	NA
Hippocampus	-0.12912561648752363	25.287763704958326	NA	10.116707525107481	NA
Hippocampus	-0.12912561648752363	25.463373175131647	NA	10.089656068567335	NA
Hippocampus	-0.12912561648752363	25.63898264530497	NA	10.062541594060137	NA
Hippocampus	-0.12912561648752363	25.81459211547829	NA	10.035361547286419	NA
Hippocampus	-0.12912561648752363	25.99020158565161	NA	10.008113528675311	NA
Hippocampus	-0.12912561648752363	26.165811055824935	NA	9.980795285956141	NA
Hippocampus	-0.12912561648752363	26.341420525998256	NA	9.953404707076832	NA
Hippocampus	-0.12912561648752363	26.517029996171576	NA	9.925939813453043	NA
Hippocampus	-0.12912561648752363	26.6926394663449	NA	9.898398753532614	NA
Hippocampus	-0.12912561648752363	26.86824893651822	NA	9.87077979666066	NA
Hippocampus	-0.12912561648752363	27.043858406691545	NA	9.843081327231323	NA
Hippocampus	-0.12912561648752363	27.219467876864865	NA	9.815301839113031	NA
Hippocampus	-0.12912561648752363	27.395077347038185	NA	9.787439930334017	NA
Hippocampus	-0.12912561648752363	27.57068681721151	NA	9.759494298016685	NA
Hippocampus	-0.12912561648752363	27.629125616487524	9.632332766897168	9.75017585595164	1.2051004760161728
Hippocampus	-0.12912561648752363	27.74629628738483	NA	9.73146373354877	NA
Hippocampus	-0.12912561648752363	27.92190575755815	NA	9.703347117980407	NA
Hippocampus	-0.12912561648752363	28.097515227731474	NA	9.675143417636633	NA
Hippocampus	-0.12912561648752363	28.273124697904795	NA	9.64685167993526	NA
Hippocampus	-0.12912561648752363	28.448734168078115	NA	9.618471029400576	NA
Hippocampus	-0.12912561648752363	28.62434363825144	NA	9.590000663863755	NA
Hippocampus	-0.12912561648752363	28.79995310842476	NA	9.56143985084132	NA
Hippocampus	-0.12912561648752363	28.975562578598083	NA	9.532787924083296	NA
Hippocampus	-0.12912561648752363	29.151172048771404	NA	9.504044280283278	NA
Hippocampus	-0.12912561648752363	29.326781518944724	NA	9.475208375942735	NA
Hippocampus	-0.12912561648752363	29.502390989118048	NA	9.446279724382503	NA
Hippocampus	-0.12912561648752363	29.67800045929137	NA	9.417257892894519	NA
Hippocampus	-0.12912561648752363	29.85360992946469	NA	9.38814250002734	NA
Hippocampus	-0.12912561648752363	30.029219399638013	NA	9.358933212999158	NA
Hippocampus	-0.12912561648752363	30.204828869811333	NA	9.330355269407576	NA
Hippocampus	-0.12912561648752363	30.380438339984657	NA	9.302161757603049	NA
Hippocampus	-0.12912561648752363	30.556047810157978	NA	9.274267000373294	NA
Hippocampus	-0.12912561648752363	30.731657280331298	NA	9.246658071010271	NA
Hippocampus	-0.12912561648752363	30.907266750504622	NA	9.21932263736534	NA
Hippocampus	-0.12912561648752363	31.082876220677942	NA	9.19224893425424	NA
Hippocampus	-0.12912561648752363	31.258485690851263	NA	9.165425737144538	NA
Hippocampus	-0.12912561648752363	31.434095161024587	NA	9.138842337065787	NA
Hippocampus	-0.12912561648752363	31.609704631197907	NA	9.112488516685682	NA
Hippocampus	-0.12912561648752363	31.785314101371227	NA	9.086354527497962	NA
Hippocampus	-0.12912561648752363	31.96092357154455	NA	9.060431084844817	NA
Hippocampus	-0.12912561648752363	32.136533041717875	NA	9.034709308838833	NA
Hippocampus	-0.12912561648752363	32.312142511891196	NA	9.009180716521463	NA
Hippocampus	-0.12912561648752363	32.487751982064516	NA	8.983837227213089	NA
Hippocampus	-0.12912561648752363	32.62912561648752	8.72371560164452	8.963563860520711	1.1228724152925085
Hippocampus	-0.12912561648752363	32.66336145223784	NA	8.958671129938917	NA
Hippocampus	-0.12912561648752363	32.83897092241116	NA	8.933675066283161	NA
Hippocampus	-0.12912561648752363	33.014580392584485	NA	8.908842014039907	NA
Hippocampus	-0.12912561648752363	33.190189862757805	NA	8.8841652716237	NA
Hippocampus	-0.12912561648752363	33.365799332931125	NA	8.859638443204487	NA
Hippocampus	-0.12912561648752363	33.541408803104446	NA	8.835255424533248	NA
Hippocampus	-0.12912561648752363	33.717018273277766	NA	8.811010389426249	NA
Hippocampus	-0.12912561648752363	33.89262774345109	NA	8.786897776877293	NA
Hippocampus	-0.12912561648752363	34.068237213624414	NA	8.76291227876873	NA
Hippocampus	-0.12912561648752363	34.243846683797734	NA	8.739048828153498	NA
Hippocampus	-0.12912561648752363	34.419456153971055	NA	8.715302588081533	NA
Hippocampus	-0.12912561648752363	34.595065624144375	NA	8.691668940945359	NA
Hippocampus	-0.12912561648752363	34.770675094317696	NA	8.668143478320635	NA
Hippocampus	-0.12912561648752363	34.94628456449102	NA	8.644721991278733	NA
Hippocampus	-0.12912561648752363	35.121894034664344	NA	8.621400461149328	NA
Hippocampus	-0.12912561648752363	35.297503504837664	NA	8.598175050712165	NA
Hippocampus	-0.12912561648752363	35.473112975010984	NA	8.575042095798006	NA
Hippocampus	-0.12912561648752363	35.648722445184305	NA	8.55199809727972	NA
Hippocampus	-0.12912561648752363	35.824331915357625	NA	8.529039713435456	NA
Hippocampus	-0.12912561648752363	35.99994138553095	NA	8.506163752666543	NA
Hippocampus	-0.12912561648752363	36.17555085570427	NA	8.483367166553638	NA
Hippocampus	-0.12912561648752363	36.35116032587759	NA	8.460647043235436	NA
Hippocampus	-0.12912561648752363	36.526769796050914	NA	8.43800060109491	NA
Hippocampus	-0.12912561648752363	36.702379266224234	NA	8.415425182738813	NA
Hippocampus	-0.12912561648752363	36.87798873639756	NA	8.392918249256796	NA
Hippocampus	-0.12912561648752363	37.05359820657088	NA	8.370477374747177	NA
Hippocampus	-0.12912561648752363	37.2292076767442	NA	8.348100241096901	NA
Hippocampus	-0.12912561648752363	37.40481714691752	NA	8.325784633003964	NA
Hippocampus	-0.12912561648752363	37.58042661709084	NA	8.303528433230985	NA
Hippocampus	-0.12912561648752363	37.62912561648752	8.017370905003549	8.297366690710861	1.0527702519210254
Hippocampus	-0.12912561648752363	37.756036087264164	NA	8.281329618079162	NA
Hippocampus	-0.12912561648752363	37.93164555743749	NA	8.259186253072407	NA
Hippocampus	-0.12912561648752363	38.10725502761081	NA	8.237096488841912	NA
Hippocampus	-0.12912561648752363	38.28286449778413	NA	8.21505855720174	NA
Hippocampus	-0.12912561648752363	38.45847396795745	NA	8.193070767406672	NA
Hippocampus	-0.12912561648752363	38.63408343813077	NA	8.171131502583794	NA
Hippocampus	-0.12912561648752363	38.8096929083041	NA	8.149239216329672	NA
Hippocampus	-0.12912561648752363	38.98530237847742	NA	8.127392429465605	NA
Hippocampus	-0.12912561648752363	39.16091184865074	NA	8.105589726943407	NA
Hippocampus	-0.12912561648752363	39.33652131882406	NA	8.083829754894865	NA
Hippocampus	-0.12912561648752363	39.51213078899738	NA	8.062111217818117	NA
Hippocampus	-0.12912561648752363	39.6877402591707	NA	8.040432875894624	NA
Hippocampus	-0.12912561648752363	39.86334972934403	NA	8.018793543480827	NA
Hippocampus	-0.12912561648752363	40.03895919951735	NA	7.997192088047914	NA
Hippocampus	-0.12912561648752363	40.21456866969067	NA	7.9756274170997985	NA
Hippocampus	-0.12912561648752363	40.39017813986399	NA	7.954098489146114	NA
Hippocampus	-0.12912561648752363	40.56578761003731	NA	7.932604306719419	NA
Hippocampus	-0.12912561648752363	40.74139708021064	NA	7.911143914357806	NA
Hippocampus	-0.12912561648752363	40.91700655038396	NA	7.889716396680905	NA
Hippocampus	-0.12912561648752363	41.09261602055728	NA	7.868320876555325	NA
Hippocampus	-0.12912561648752363	41.2682254907306	NA	7.846956513345078	NA
Hippocampus	-0.12912561648752363	41.44383496090392	NA	7.825622501243183	NA
Hippocampus	-0.12912561648752363	41.61944443107725	NA	7.8043180676805965	NA
Hippocampus	-0.12912561648752363	41.79505390125057	NA	7.783042471808963	NA
Hippocampus	-0.12912561648752363	41.97066337142389	NA	7.761795003053661	NA
Hippocampus	-0.12912561648752363	42.14627284159721	NA	7.7405749797339585	NA
Hippocampus	-0.12912561648752363	42.32188231177053	NA	7.719381747747134	NA
Hippocampus	-0.12912561648752363	42.49749178194385	NA	7.698214679313518	NA
Hippocampus	-0.12912561648752363	42.62912561648752	7.283092873383091	7.682365002302958	0.9914176037735668
Hippocampus	-0.12912561648752363	42.67310125211718	NA	7.6770731717797975	NA
Hippocampus	-0.12912561648752363	42.8487107222905	NA	7.655956646477663	NA
Hippocampus	-0.12912561648752363	43.02432019246382	NA	7.634864547635406	NA
Hippocampus	-0.12912561648752363	43.19992966263714	NA	7.613796341339891	NA
Hippocampus	-0.12912561648752363	43.37553913281046	NA	7.592751514546645	NA
Hippocampus	-0.12912561648752363	43.55114860298379	NA	7.571729574135726	NA
Hippocampus	-0.12912561648752363	43.72675807315711	NA	7.550730046011391	NA
Hippocampus	-0.12912561648752363	43.90236754333043	NA	7.529752474243358	NA
Hippocampus	-0.12912561648752363	44.07797701350375	NA	7.508796420247875	NA
Hippocampus	-0.12912561648752363	44.25358648367707	NA	7.487861462006675	NA
Hippocampus	-0.12912561648752363	44.42919595385039	NA	7.466947193322042	NA
Hippocampus	-0.12912561648752363	44.604805424023716	NA	7.446053223106377	NA
Hippocampus	-0.12912561648752363	44.78041489419704	NA	7.425179174704594	NA
Hippocampus	-0.12912561648752363	44.95602436437036	NA	7.404324685247869	NA
Hippocampus	-0.12912561648752363	45.13163383454368	NA	7.38347717059756	NA
Hippocampus	-0.12912561648752363	45.307243304717	NA	7.362720255314953	NA
Hippocampus	-0.12912561648752363	45.482852774890326	NA	7.34214352107568	NA
Hippocampus	-0.12912561648752363	45.658462245063646	NA	7.321741372823478	NA
Hippocampus	-0.12912561648752363	45.834071715236966	NA	7.301508457320697	NA
Hippocampus	-0.12912561648752363	46.00968118541029	NA	7.2814396520278954	NA
Hippocampus	-0.12912561648752363	46.18529065558361	NA	7.261530054499531	NA
Hippocampus	-0.12912561648752363	46.36090012575693	NA	7.241774972271816	NA
Hippocampus	-0.12912561648752363	46.536509595930255	NA	7.222169913219796	NA
Hippocampus	-0.12912561648752363	46.712119066103575	NA	7.202710576361879	NA
Hippocampus	-0.12912561648752363	46.887728536276896	NA	7.183392843091045	NA
Hippocampus	-0.12912561648752363	47.063338006450216	NA	7.164212768812863	NA
Hippocampus	-0.12912561648752363	47.23894747662354	NA	7.14516657497145	NA
Hippocampus	-0.12912561648752363	47.414556946796864	NA	7.126250641445306	NA
Hippocampus	-0.12912561648752363	47.590166416970185	NA	7.107461499295895	NA
Hippocampus	-0.12912561648752363	47.62912561648752	7.041068869383658	7.103310039676992	0.9398423736497916
Hippocampus	-0.12912561648752363	47.765775887143505	NA	7.088795823852499	NA
Hippocampus	-0.12912561648752363	47.941385357316825	NA	7.070250442745643	NA
Hippocampus	-0.12912561648752363	48.116994827490146	NA	7.051822288174509	NA
Hippocampus	-0.12912561648752363	48.292604297663466	NA	7.033508426633767	NA
Hippocampus	-0.12912561648752363	48.468213767836794	NA	7.015306047618648	NA
Hippocampus	-0.12912561648752363	48.643823238010114	NA	6.997212454836034	NA
Hippocampus	-0.12912561648752363	48.819432708183434	NA	6.979225061003517	NA
Hippocampus	-0.12912561648752363	48.995042178356755	NA	6.961341382889524	NA
Hippocampus	-0.12912561648752363	49.170651648530075	NA	6.943559036583251	NA
Hippocampus	-0.12912561648752363	49.3462611187034	NA	6.925875732983776	NA
Hippocampus	-0.12912561648752363	49.52187058887672	NA	6.9082892734981645	NA
Hippocampus	-0.12912561648752363	49.697480059050044	NA	6.890797545938807	NA
Hippocampus	-0.12912561648752363	49.873089529223364	NA	6.873398520610835	NA
Hippocampus	-0.12912561648752363	50.048698999396684	NA	6.856090246580631	NA
Hippocampus	-0.12912561648752363	50.22430846957001	NA	6.83887084811719	NA
Hippocampus	-0.12912561648752363	50.39991793974333	NA	6.821738521298184	NA
Hippocampus	-0.12912561648752363	50.57552740991665	NA	6.804691530773108	NA
Hippocampus	-0.12912561648752363	50.75113688008997	NA	6.7877282066762525	NA
Hippocampus	-0.12912561648752363	50.926746350263294	NA	6.770846941682459	NA
Hippocampus	-0.12912561648752363	51.102355820436614	NA	6.7540461881991245	NA
Hippocampus	-0.12912561648752363	51.27796529060994	NA	6.737324455688039	NA
Hippocampus	-0.12912561648752363	51.45357476078326	NA	6.720680308111092	NA
Hippocampus	-0.12912561648752363	51.62918423095658	NA	6.704112361494044	NA
Hippocampus	-0.12912561648752363	51.8047937011299	NA	6.687619281602909	NA
Hippocampus	-0.12912561648752363	51.98040317130322	NA	6.671199781727716	NA
Hippocampus	-0.12912561648752363	52.15601264147655	NA	6.654852620568648	NA
Hippocampus	-0.12912561648752363	52.33162211164987	NA	6.638576600219819	NA
Hippocampus	-0.12912561648752363	52.50723158182319	NA	6.622370564246142	NA
Hippocampus	-0.12912561648752363	52.62912561648752	6.476369060617366	6.611162146311761	0.8949935959509174
Hippocampus	-0.12912561648752363	52.68284105199651	NA	6.606233395848975	NA
Hippocampus	-0.12912561648752363	52.85845052216983	NA	6.590164016116419	NA
Hippocampus	-0.12912561648752363	53.03405999234315	NA	6.574161382354333	NA
Hippocampus	-0.12912561648752363	53.20966946251648	NA	6.558224486494329	NA
Hippocampus	-0.12912561648752363	53.3852789326898	NA	6.542352353575167	NA
Hippocampus	-0.12912561648752363	53.56088840286312	NA	6.526544040294122	NA
Hippocampus	-0.12912561648752363	53.73649787303644	NA	6.510798633625119	NA
Hippocampus	-0.12912561648752363	53.91210734320976	NA	6.495115249500504	NA
Hippocampus	-0.12912561648752363	54.08771681338309	NA	6.479493031553465	NA
Hippocampus	-0.12912561648752363	54.26332628355641	NA	6.463931149918448	NA
Hippocampus	-0.12912561648752363	54.43893575372973	NA	6.4484288000865515	NA
Hippocampus	-0.12912561648752363	54.61454522390305	NA	6.432985201813758	NA
Hippocampus	-0.12912561648752363	54.79015469407637	NA	6.417599598079211	NA
Hippocampus	-0.12912561648752363	54.96576416424969	NA	6.4022712540913975	NA
Hippocampus	-0.12912561648752363	55.14137363442302	NA	6.386999456339967	NA
Hippocampus	-0.12912561648752363	55.31698310459634	NA	6.371783511691039	NA
Hippocampus	-0.12912561648752363	55.49259257476966	NA	6.356622746524031	NA
Hippocampus	-0.12912561648752363	55.66820204494298	NA	6.34151650590804	NA
Hippocampus	-0.12912561648752363	55.8438115151163	NA	6.326464156508898	NA
Hippocampus	-0.12912561648752363	56.01942098528963	NA	6.311465079058396	NA
Hippocampus	-0.12912561648752363	56.19503045546295	NA	6.296518665645975	NA
Hippocampus	-0.12912561648752363	56.37063992563627	NA	6.281624328599143	NA
Hippocampus	-0.12912561648752363	56.54624939580959	NA	6.266781495348899	NA
Hippocampus	-0.12912561648752363	56.72185886598291	NA	6.251989607807848	NA
Hippocampus	-0.12912561648752363	56.89746833615623	NA	6.2372481217767435	NA
Hippocampus	-0.12912561648752363	57.07307780632956	NA	6.222556506378049	NA
Hippocampus	-0.12912561648752363	57.24868727650288	NA	6.207914243515332	NA
Hippocampus	-0.12912561648752363	57.4242967466762	NA	6.1933208273572715	NA
Hippocampus	-0.12912561648752363	57.59990621684952	NA	6.178775763845132	NA
Hippocampus	-0.12912561648752363	57.62912561648752	6.033593622933498	6.176360289973831	0.8584101996278483
Hippocampus	-0.12912561648752363	57.77551568702284	NA	6.164278570222614	NA
Hippocampus	-0.12912561648752363	57.95112515719617	NA	6.149828774587059	NA
Hippocampus	-0.12912561648752363	58.12673462736949	NA	6.135425915461025	NA
Hippocampus	-0.12912561648752363	58.30234409754281	NA	6.121069541383253	NA
Hippocampus	-0.12912561648752363	58.47795356771613	NA	6.106759210518167	NA
Hippocampus	-0.12912561648752363	58.65356303788945	NA	6.0924944902830225	NA
Hippocampus	-0.12912561648752363	58.829172508062776	NA	6.0782749569919	NA
Hippocampus	-0.12912561648752363	59.004781978236096	NA	6.064100195515766	NA
Hippocampus	-0.12912561648752363	59.18039144840942	NA	6.049969798957845	NA
Hippocampus	-0.12912561648752363	59.35600091858274	NA	6.035883368343606	NA
Hippocampus	-0.12912561648752363	59.53161038875606	NA	6.021840512324659	NA
Hippocampus	-0.12912561648752363	59.70721985892938	NA	6.007840846895985	NA
Hippocampus	-0.12912561648752363	59.882829329102705	NA	5.993883995125804	NA
Hippocampus	-0.12912561648752363	60.058438799276026	NA	5.979969586897536	NA
Hippocampus	-0.12912561648752363	60.234048269449346	NA	5.966124415688414	NA
Hippocampus	-0.12912561648752363	60.409657739622666	NA	5.9523891517428655	NA
Hippocampus	-0.12912561648752363	60.58526720979599	NA	5.938754826100571	NA
Hippocampus	-0.12912561648752363	60.760876679969314	NA	5.925219153788155	NA
Hippocampus	-0.12912561648752363	60.936486150142635	NA	5.911779940241564	NA
Hippocampus	-0.12912561648752363	61.112095620315955	NA	5.898435077207397	NA
Hippocampus	-0.12912561648752363	61.287705090489276	NA	5.885182538834067	NA
Hippocampus	-0.12912561648752363	61.463314560662596	NA	5.872020377943962	NA
Hippocampus	-0.12912561648752363	61.638924030835916	NA	5.858946722478246	NA
Hippocampus	-0.12912561648752363	61.814533501009244	NA	5.845959772106187	NA
Hippocampus	-0.12912561648752363	61.990142971182564	NA	5.833057794991481	NA
Hippocampus	-0.12912561648752363	62.165752441355885	NA	5.820239124708212	NA
Hippocampus	-0.12912561648752363	62.341361911529205	NA	5.807502157299486	NA
Hippocampus	-0.12912561648752363	62.516971381702525	NA	5.794845348472143	NA
Hippocampus	-0.12912561648752363	62.62912561648752	5.715922987626968	5.7868032804449125	0.8232796700642128
Hippocampus	-0.12912561648752363	62.69258085187585	NA	5.782267210921257	NA
Hippocampus	-0.12912561648752363	62.86819032204917	NA	5.769766311778299	NA
Hippocampus	-0.12912561648752363	63.043799792222494	NA	5.757341270177308	NA
Hippocampus	-0.12912561648752363	63.219409262395814	NA	5.744990754933564	NA
Hippocampus	-0.12912561648752363	63.395018732569135	NA	5.732713482329497	NA
Hippocampus	-0.12912561648752363	63.570628202742455	NA	5.720508214002951	NA
Hippocampus	-0.12912561648752363	63.74623767291578	NA	5.708373755898677	NA
Hippocampus	-0.12912561648752363	63.9218471430891	NA	5.696308962922647	NA
Hippocampus	-0.12912561648752363	64.09745661326242	NA	5.684312711261127	NA
Hippocampus	-0.12912561648752363	64.27306608343575	NA	5.672383924756278	NA
Hippocampus	-0.12912561648752363	64.44867555360906	NA	5.660521563421371	NA
Hippocampus	-0.12912561648752363	64.62428502378239	NA	5.648724621850422	NA
Hippocampus	-0.12912561648752363	64.7998944939557	NA	5.63699212770117	NA
Hippocampus	-0.12912561648752363	64.97550396412903	NA	5.6253231402479145	NA
Hippocampus	-0.12912561648752363	65.15111343430236	NA	5.613716749001116	NA
Hippocampus	-0.12912561648752363	65.32672290447567	NA	5.602172072390494	NA
Hippocampus	-0.12912561648752363	65.502332374649	NA	5.590688256508807	NA
Hippocampus	-0.12912561648752363	65.67794184482231	NA	5.579264473913421	NA
Hippocampus	-0.12912561648752363	65.85355131499564	NA	5.56789992248303	NA
Hippocampus	-0.12912561648752363	66.02916078516897	NA	5.556593824326916	NA
Hippocampus	-0.12912561648752363	66.20477025534228	NA	5.545345424744394	NA
Hippocampus	-0.12912561648752363	66.38037972551561	NA	5.534153991231986	NA
Hippocampus	-0.12912561648752363	66.55598919568892	NA	5.523018812536272	NA
Hippocampus	-0.12912561648752363	66.73159866586225	NA	5.511939197750131	NA
Hippocampus	-0.12912561648752363	66.90720813603556	NA	5.500914475450501	NA
Hippocampus	-0.12912561648752363	67.08281760620889	NA	5.489943992875626	NA
Hippocampus	-0.12912561648752363	67.25842707638222	NA	5.479027115140028	NA
Hippocampus	-0.12912561648752363	67.43403654655553	NA	5.4681632244854	NA
Hippocampus	-0.12912561648752363	67.60964601672886	NA	5.457351719565848	NA
Hippocampus	-0.12912561648752363	67.62912561648753	5.886667308048845	5.456155629891897	0.7941339053739491
Hippocampus	-0.12912561648752363	67.78525548690217	NA	5.446592014765713	NA
Hippocampus	-0.12912561648752363	67.9608649570755	NA	5.4358835395486675	NA
Hippocampus	-0.12912561648752363	68.13647442724883	NA	5.425225737836506	NA
Hippocampus	-0.12912561648752363	68.31208389742214	NA	5.414618067416279	NA
Hippocampus	-0.12912561648752363	68.48769336759547	NA	5.4040599993744705	NA
Hippocampus	-0.12912561648752363	68.66330283776878	NA	5.393551017556981	NA
Hippocampus	-0.12912561648752363	68.83891230794211	NA	5.38309061805365	NA
Hippocampus	-0.12912561648752363	69.01452177811544	NA	5.372678308706288	NA
Hippocampus	-0.12912561648752363	69.19013124828875	NA	5.362313608639016	NA
Hippocampus	-0.12912561648752363	69.36574071846208	NA	5.351996047809976	NA
Hippocampus	-0.12912561648752363	69.54135018863539	NA	5.341725166583353	NA
Hippocampus	-0.12912561648752363	69.71695965880872	NA	5.331500515320793	NA
Hippocampus	-0.12912561648752363	69.89256912898205	NA	5.321321653991342	NA
Hippocampus	-0.12912561648752363	70.06817859915536	NA	5.3111881517990085	NA
Hippocampus	-0.12912561648752363	70.24378806932869	NA	5.301099586827144	NA
Hippocampus	-0.12912561648752363	70.419397539502	NA	5.291055545698882	NA
Hippocampus	-0.12912561648752363	70.59500700967533	NA	5.281055623252899	NA
Hippocampus	-0.12912561648752363	70.77061647984864	NA	5.271099422233715	NA
Hippocampus	-0.12912561648752363	70.94622595002197	NA	5.261186552995975	NA
Hippocampus	-0.12912561648752363	71.1218354201953	NA	5.251316633221961	NA
Hippocampus	-0.12912561648752363	71.29744489036861	NA	5.241489287651805	NA
Hippocampus	-0.12912561648752363	71.47305436054194	NA	5.231704147825736	NA
Hippocampus	-0.12912561648752363	71.64866383071525	NA	5.221960851837885	NA
Hippocampus	-0.12912561648752363	71.82427330088858	NA	5.212259048664396	NA
Hippocampus	-0.12912561648752363	71.9998827710619	NA	5.202598385869521	NA
Hippocampus	-0.12912561648752363	72.17549224123522	NA	5.19297851811597	NA
Hippocampus	-0.12912561648752363	72.35110171140855	NA	5.183399107466018	NA
Hippocampus	-0.12912561648752363	72.52671118158186	NA	5.173859821459658	NA
Hippocampus	-0.12912561648752363	72.62912561648753	5.539317974150391	5.168314957916063	0.7676503110600775
Hippocampus	-0.12912561648752363	72.70232065175519	NA	5.16436033292711	NA
Hippocampus	-0.12912561648752363	72.87793012192851	NA	5.154900319809678	NA
Hippocampus	-0.12912561648752363	73.05353959210183	NA	5.145479464988432	NA
Hippocampus	-0.12912561648752363	73.22914906227516	NA	5.136097456120455	NA
Hippocampus	-0.12912561648752363	73.40475853244847	NA	5.126753985482281	NA
Hippocampus	-0.12912561648752363	73.5803680026218	NA	5.11744874982013	NA
Hippocampus	-0.12912561648752363	73.75597747279512	NA	5.1081814502067155	NA
Hippocampus	-0.12912561648752363	73.93158694296844	NA	5.098951791904301	NA
Hippocampus	-0.12912561648752363	74.10719641314176	NA	5.089759484233644	NA
Hippocampus	-0.12912561648752363	74.28280588331508	NA	5.080604240448667	NA
Hippocampus	-0.12912561648752363	74.4584153534884	NA	5.071485777616507	NA
Hippocampus	-0.12912561648752363	74.63402482366173	NA	5.062403816502751	NA
Hippocampus	-0.12912561648752363	74.80963429383505	NA	5.053358081461572	NA
Hippocampus	-0.12912561648752363	74.98524376400837	NA	5.044348300330564	NA
Hippocampus	-0.12912561648752363	75.16085323418169	NA	5.035374204330107	NA
Hippocampus	-0.12912561648752363	75.33646270435501	NA	5.026435527966939	NA
Hippocampus	-0.12912561648752363	75.51207217452833	NA	5.017532008941863	NA
Hippocampus	-0.12912561648752363	75.68768164470166	NA	5.008663388061315	NA
Hippocampus	-0.12912561648752363	75.86329111487498	NA	4.999829409152675	NA
Hippocampus	-0.12912561648752363	76.0389005850483	NA	4.991029818983101	NA
Hippocampus	-0.12912561648752363	76.21451005522162	NA	4.982264367181754	NA
Hippocampus	-0.12912561648752363	76.39011952539494	NA	4.973532806165269	NA
Hippocampus	-0.12912561648752363	76.56572899556826	NA	4.964834891066263	NA
Hippocampus	-0.12912561648752363	76.74133846574159	NA	4.9561703796648295	NA
Hippocampus	-0.12912561648752363	76.9169479359149	NA	4.947539032322821	NA
Hippocampus	-0.12912561648752363	77.09255740608823	NA	4.9389406119208035	NA
Hippocampus	-0.12912561648752363	77.26816687626155	NA	4.9303748837975805	NA
Hippocampus	-0.12912561648752363	77.44377634643487	NA	4.921841615692131	NA
Hippocampus	-0.12912561648752363	77.6193858166082	NA	4.913340577687922	NA
Hippocampus	-0.12912561648752363	77.62912561648753	5.009612696731339	4.9128700304964195	0.7435962630593645
Hippocampus	-0.12912561648752363	77.79499528678151	NA	4.904871542159396	NA
Hippocampus	-0.12912561648752363	77.97060475695484	NA	4.896434283720613	NA
Hippocampus	-0.12912561648752363	78.14621422712816	NA	4.888028579175897	NA
Hippocampus	-0.12912561648752363	78.32182369730148	NA	4.87965420747244	NA
Hippocampus	-0.12912561648752363	78.49743316747481	NA	4.871310949654724	NA
Hippocampus	-0.12912561648752363	78.67304263764812	NA	4.862998588820736	NA
Hippocampus	-0.12912561648752363	78.84865210782145	NA	4.85471691007984	NA
Hippocampus	-0.12912561648752363	79.02426157799476	NA	4.846465700512275	NA
Hippocampus	-0.12912561648752363	79.19987104816809	NA	4.838244749130175	NA
Hippocampus	-0.12912561648752363	79.3754805183414	NA	4.830053846840065	NA
Hippocampus	-0.12912561648752363	79.55108998851473	NA	4.8218927864067656	NA
Hippocampus	-0.12912561648752363	79.72669945868806	NA	4.813761364051029	NA
Hippocampus	-0.12912561648752363	79.90230892886137	NA	4.805659377333614	NA
Hippocampus	-0.12912561648752363	80.0779183990347	NA	4.797586621514923	NA
Hippocampus	-0.12912561648752363	80.25352786920801	NA	4.78954289645846	NA
Hippocampus	-0.12912561648752363	80.42913733938134	NA	4.781528003724362	NA
Hippocampus	-0.12912561648752363	80.60474680955467	NA	4.773541746540467	NA
Hippocampus	-0.12912561648752363	80.78035627972798	NA	4.7655839297744	NA
Hippocampus	-0.12912561648752363	80.95596574990131	NA	4.757654359906641	NA
Hippocampus	-0.12912561648752363	81.13157522007462	NA	4.749752845004516	NA
Hippocampus	-0.12912561648752363	81.30718469024795	NA	4.741879194697055	NA
Hippocampus	-0.12912561648752363	81.48279416042128	NA	4.7340332201507325	NA
Hippocampus	-0.12912561648752363	81.65840363059459	NA	4.726214734046011	NA
Hippocampus	-0.12912561648752363	81.83401310076792	NA	4.7184235505546335	NA
Hippocampus	-0.12912561648752363	82.00962257094123	NA	4.710659485317678	NA
Hippocampus	-0.12912561648752363	82.18523204111456	NA	4.702922355424345	NA
Hippocampus	-0.12912561648752363	82.36084151128789	NA	4.695211979391371	NA
Hippocampus	-0.12912561648752363	82.5364509814612	NA	4.687528177143125	NA
Hippocampus	-0.12912561648752363	82.62912561648753	5.1851277409879755	4.683483842498063	0.7230229745858322
Hippocampus	-0.12912561648752363	82.71206045163453	NA	4.679870769992332	NA
Hippocampus	-0.12912561648752363	82.88766992180784	NA	4.672239580621353	NA
Hippocampus	-0.12912561648752363	83.06327939198117	NA	4.664634433064081	NA
Hippocampus	-0.12912561648752363	83.2388888621545	NA	4.657055152688331	NA
Hippocampus	-0.12912561648752363	83.41449833232781	NA	4.649501566178804	NA
Hippocampus	-0.12912561648752363	83.59010780250114	NA	4.641973501520501	NA
Hippocampus	-0.12912561648752363	83.76571727267445	NA	4.634470787982635	NA
Hippocampus	-0.12912561648752363	83.94132674284778	NA	4.626993256103008	NA
Hippocampus	-0.12912561648752363	84.11693621302109	NA	4.619540737672816	NA
Hippocampus	-0.12912561648752363	84.29254568319442	NA	4.61211306572186	NA
Hippocampus	-0.12912561648752363	84.46815515336775	NA	4.604710074504179	NA
Hippocampus	-0.12912561648752363	84.64376462354106	NA	4.597331599484064	NA
Hippocampus	-0.12912561648752363	84.81937409371439	NA	4.5899774773224316	NA
Hippocampus	-0.12912561648752363	84.9949835638877	NA	4.582647545863561	NA
Hippocampus	-0.12912561648752363	85.17059303406103	NA	4.575341644122154	NA
Hippocampus	-0.12912561648752363	85.34620250423436	NA	4.568059612270729	NA
Hippocampus	-0.12912561648752363	85.52181197440767	NA	4.560801291627356	NA
Hippocampus	-0.12912561648752363	85.697421444581	NA	4.5535665246436166	NA
Hippocampus	-0.12912561648752363	85.87303091475431	NA	4.546355154892939	NA
Hippocampus	-0.12912561648752363	86.04864038492764	NA	4.539167027059133	NA
Hippocampus	-0.12912561648752363	86.22424985510096	NA	4.532001986925237	NA
Hippocampus	-0.12912561648752363	86.39985932527428	NA	4.524859881362618	NA
Hippocampus	-0.12912561648752363	86.5754687954476	NA	4.517740558320256	NA
Hippocampus	-0.12912561648752363	86.75107826562092	NA	4.5106438668143465	NA
Hippocampus	-0.12912561648752363	86.92668773579425	NA	4.503569656918079	NA
Hippocampus	-0.12912561648752363	87.10229720596757	NA	4.496517779751632	NA
Hippocampus	-0.12912561648752363	87.27790667614089	NA	4.489488087472388	NA
Hippocampus	-0.12912561648752363	87.45351614631421	NA	4.482480433265347	NA
Hippocampus	-0.12912561648752363	87.62912561648753	4.719360572489073	4.475486622233641	0.7035229683239753
Insula	-0.12912561648752363	0	0	-2.100307628097672e-14	0
Insula	-0.12912561648752363	0.1756094701733217	NA	3.7289053182597184e-4	NA
Insula	-0.12912561648752363	0.3512189403466434	NA	0.0010232093864404193	NA
Insula	-0.12912561648752363	0.37912561648752363	0.03786157453178016	0.0013371623007564384	0.525655067421128
Insula	-0.12912561648752363	0.5268284105199651	NA	0.0035147393236410747	NA
Insula	-0.12912561648752363	0.7024378806932868	NA	0.648619631722317	NA
Insula	-0.12912561648752363	0.8780473508666086	NA	2.011783591953742	NA
Insula	-0.12912561648752363	0.8791256164875236	2.667879654244154	2.022833163910335	0.6724371859765057
Insula	-0.12912561648752363	1.0536568210399302	NA	3.9365330763942925	NA
Insula	-0.12912561648752363	1.229266291213252	NA	5.813705585862216	NA
Insula	-0.12912561648752363	1.3791256164875236	8.104372263448738	7.51033607538098	0.8085391330145363
Insula	-0.12912561648752363	1.4048757613865737	NA	7.811993640406	NA
Insula	-0.12912561648752363	1.5804852315598954	NA	9.92367724601151	NA
Insula	-0.12912561648752363	1.7560947017332171	NA	12.10869125924353	NA
Insula	-0.12912561648752363	1.8791256164875236	14.139729182328663	13.79565796776556	0.9081623318502868
Insula	-0.12912561648752363	1.9317041719065389	NA	14.537088975816475	NA
Insula	-0.12912561648752363	2.1073136420798604	NA	16.730064750407283	NA
Insula	-0.12912561648752363	2.282923112253182	NA	18.616447893712195	NA
Insula	-0.12912561648752363	2.3791256164875234	20.08045594714558	19.410430373084132	0.984110606672485
Insula	-0.12912561648752363	2.458532582426504	NA	19.976379033939047	NA
Insula	-0.12912561648752363	2.6341420525998256	NA	20.943919688248823	NA
Insula	-0.12912561648752363	2.8097515227731473	NA	21.527759743676	NA
Insula	-0.12912561648752363	2.8791256164875234	22.430997340096557	21.655784874055502	1.005973032224954
Insula	-0.12912561648752363	2.985360992946469	NA	21.74313226850927	NA
Insula	-0.12912561648752363	3.160970463119791	NA	22.053769284062405	NA
Insula	-0.12912561648752363	3.3365799332931125	NA	22.3230366423927	NA
Insula	-0.12912561648752363	3.5121894034664343	NA	22.52220886334025	NA
Insula	-0.12912561648752363	3.6291256164875234	22.03139996469173	22.617101005539052	1.2050566243435854
Insula	-0.12912561648752363	3.687798873639756	NA	22.653598239638363	NA
Insula	-0.12912561648752363	3.8634083438130777	NA	22.71942173934569	NA
Insula	-0.12912561648752363	4.0390178139863995	NA	22.721805065248333	NA
Insula	-0.12912561648752363	4.214627284159721	NA	22.662786540686742	NA
Insula	-0.12912561648752363	4.390236754333043	NA	22.544320829233094	NA
Insula	-0.12912561648752363	4.565846224506364	NA	22.36828249532695	NA
Insula	-0.12912561648752363	4.629125616487523	21.349639385669484	22.29111692042724	1.1820350774517108
Insula	-0.12912561648752363	4.741455694679686	NA	22.136469412672888	NA
Insula	-0.12912561648752363	4.917065164853008	NA	21.850606026913056	NA
Insula	-0.12912561648752363	5.09267463502633	NA	21.56490422861908	NA
Insula	-0.12912561648752363	5.268284105199651	NA	21.319901010452917	NA
Insula	-0.12912561648752363	5.443893575372973	NA	21.082582192514298	NA
Insula	-0.12912561648752363	5.619503045546295	NA	20.852562494691576	NA
Insula	-0.12912561648752363	5.629125616487523	20.363401287425287	20.840162640279708	1.1516312773471051
Insula	-0.12912561648752363	5.795112515719616	NA	20.62947341710706	NA
Insula	-0.12912561648752363	5.970721985892938	NA	20.412962520644456	NA
Insula	-0.12912561648752363	6.146331456066259	NA	20.202692738265835	NA
Insula	-0.12912561648752363	6.321940926239582	NA	19.998341715800905	NA
Insula	-0.12912561648752363	6.497550396412903	NA	19.799601180947597	NA
Insula	-0.12912561648752363	6.673159866586225	NA	19.606176339276917	NA
Insula	-0.12912561648752363	6.848769336759546	NA	19.41778529608673	NA
Insula	-0.12912561648752363	7.0243788069328685	NA	19.234158502998543	NA
Insula	-0.12912561648752363	7.129125616487523	19.171693072993747	19.126790602023476	1.3527978229421094
Insula	-0.12912561648752363	7.19998827710619	NA	19.055038228238637	NA
Insula	-0.12912561648752363	7.375597747279512	NA	18.88017804959022	NA
Insula	-0.12912561648752363	7.551207217452833	NA	18.709342369046578	NA
Insula	-0.12912561648752363	7.7268166876261555	NA	18.5423059482369	NA
Insula	-0.12912561648752363	7.902426157799477	NA	18.37885346373573	NA
Insula	-0.12912561648752363	8.078035627972799	NA	18.21877939013804	NA
Insula	-0.12912561648752363	8.253645098146121	NA	18.061886795994603	NA
Insula	-0.12912561648752363	8.429254568319442	NA	17.907987437370966	NA
Insula	-0.12912561648752363	8.604864038492764	NA	17.756901575967856	NA
Insula	-0.12912561648752363	8.780473508666086	NA	17.60845743449612	NA
Insula	-0.12912561648752363	8.956082978839406	NA	17.462490854655446	NA
Insula	-0.12912561648752363	9.129125616487524	17.694496656970387	17.32092788926297	1.277809920111782
Insula	-0.12912561648752363	9.131692449012728	NA	17.318844969753286	NA
Insula	-0.12912561648752363	9.30730191918605	NA	17.177369891337705	NA
Insula	-0.12912561648752363	9.482911389359373	NA	17.037922409244327	NA
Insula	-0.12912561648752363	9.658520859532693	NA	16.9003657044837	NA
Insula	-0.12912561648752363	9.834130329706015	NA	16.764569074419413	NA
Insula	-0.12912561648752363	10.009739799879338	NA	16.630407669711385	NA
Insula	-0.12912561648752363	10.18534927005266	NA	16.502024638780068	NA
Insula	-0.12912561648752363	10.36095874022598	NA	16.379750552288417	NA
Insula	-0.12912561648752363	10.536568210399302	NA	16.261866776616035	NA
Insula	-0.12912561648752363	10.712177680572625	NA	16.148169250483374	NA
Insula	-0.12912561648752363	10.887787150745947	NA	16.038462728224534	NA
Insula	-0.12912561648752363	11.063396620919267	NA	15.932560402178876	NA
Insula	-0.12912561648752363	11.23900609109259	NA	15.830283541240295	NA
Insula	-0.12912561648752363	11.414615561265911	NA	15.73146114487288	NA
Insula	-0.12912561648752363	11.590225031439232	NA	15.635929611931136	NA
Insula	-0.12912561648752363	11.765834501612554	NA	15.543532423651554	NA
Insula	-0.12912561648752363	11.941443971785876	NA	15.454119840209106	NA
Insula	-0.12912561648752363	12.117053441959198	NA	15.367548610258211	NA
Insula	-0.12912561648752363	12.292662912132519	NA	15.283681692902931	NA
Insula	-0.12912561648752363	12.468272382305841	NA	15.202387991564285	NA
Insula	-0.12912561648752363	12.629125616487524	15.783534623582767	15.130076210633588	1.5779206941832196
Insula	-0.12912561648752363	12.643881852479163	NA	15.123542099235953	NA
Insula	-0.12912561648752363	12.819491322652485	NA	15.047024054640938	NA
Insula	-0.12912561648752363	12.995100792825806	NA	14.972719108822915	NA
Insula	-0.12912561648752363	13.170710262999128	NA	14.900517501725743	NA
Insula	-0.12912561648752363	13.34631973317245	NA	14.830314248333856	NA
Insula	-0.12912561648752363	13.521929203345772	NA	14.762008933964447	NA
Insula	-0.12912561648752363	13.697538673519093	NA	14.695505518320036	NA
Insula	-0.12912561648752363	13.873148143692415	NA	14.630712147926193	NA
Insula	-0.12912561648752363	14.048757613865737	NA	14.567540976596252	NA
Insula	-0.12912561648752363	14.224367084039057	NA	14.50590799357911	NA
Insula	-0.12912561648752363	14.39997655421238	NA	14.44573285906166	NA
Insula	-0.12912561648752363	14.575586024385702	NA	14.38693874671102	NA
Insula	-0.12912561648752363	14.751195494559024	NA	14.329452192955497	NA
Insula	-0.12912561648752363	14.926804964732344	NA	14.273202952715879	NA
Insula	-0.12912561648752363	15.102414434905667	NA	14.218102661299154	NA
Insula	-0.12912561648752363	15.278023905078989	NA	14.164391342895993	NA
Insula	-0.12912561648752363	15.453633375252311	NA	14.112170167110497	NA
Insula	-0.12912561648752363	15.629242845425631	NA	14.061365984309266	NA
Insula	-0.12912561648752363	15.804852315598954	NA	14.011908823774533	NA
Insula	-0.12912561648752363	15.980461785772276	NA	13.963731808017144	NA
Insula	-0.12912561648752363	16.156071255945598	NA	13.91677099362208	NA
Insula	-0.12912561648752363	16.33168072611892	NA	13.870965011380843	NA
Insula	-0.12912561648752363	16.507290196292242	NA	13.82625530183323	NA
Insula	-0.12912561648752363	16.682899666465563	NA	13.782585858918663	NA
Insula	-0.12912561648752363	16.858509136638883	NA	13.739903120481344	NA
Insula	-0.12912561648752363	17.034118606812207	NA	13.69815586346127	NA
Insula	-0.12912561648752363	17.209728076985527	NA	13.657295103570698	NA
Insula	-0.12912561648752363	17.385337547158848	NA	13.617273999263968	NA
Insula	-0.12912561648752363	17.560947017332172	NA	13.578047759817151	NA
Insula	-0.12912561648752363	17.629125616487524	13.881104049509691	13.563023381637965	1.4234263107476035
Insula	-0.12912561648752363	17.736556487505492	NA	13.539573557341656	NA
Insula	-0.12912561648752363	17.912165957678813	NA	13.501810442563393	NA
Insula	-0.12912561648752363	18.087775427852137	NA	13.464719264206579	NA
Insula	-0.12912561648752363	18.263384898025457	NA	13.428262591827648	NA
Insula	-0.12912561648752363	18.43899436819878	NA	13.392404641952037	NA
Insula	-0.12912561648752363	18.6146038383721	NA	13.35711120737221	NA
Insula	-0.12912561648752363	18.79021330854542	NA	13.322349589471811	NA
Insula	-0.12912561648752363	18.965822778718746	NA	13.288088533446516	NA
Insula	-0.12912561648752363	19.141432248892066	NA	13.254298166297534	NA
Insula	-0.12912561648752363	19.317041719065386	NA	13.22094993747916	NA
Insula	-0.12912561648752363	19.49265118923871	NA	13.188016562086911	NA
Insula	-0.12912561648752363	19.66826065941203	NA	13.155471966477437	NA
Insula	-0.12912561648752363	19.84387012958535	NA	13.123291236216206	NA
Insula	-0.12912561648752363	20.019479599758675	NA	13.091450566253382	NA
Insula	-0.12912561648752363	20.195089069931996	NA	13.059927213232513	NA
Insula	-0.12912561648752363	20.37069854010532	NA	13.028699449840852	NA
Insula	-0.12912561648752363	20.54630801027864	NA	12.997746521113873	NA
Insula	-0.12912561648752363	20.72191748045196	NA	12.967048602610403	NA
Insula	-0.12912561648752363	20.897526950625284	NA	12.936586760378367	NA
Insula	-0.12912561648752363	21.073136420798605	NA	12.9063429126345	NA
Insula	-0.12912561648752363	21.248745890971925	NA	12.876299793084627	NA
Insula	-0.12912561648752363	21.42435536114525	NA	12.846440915814496	NA
Insula	-0.12912561648752363	21.59996483131857	NA	12.816750541683751	NA
Insula	-0.12912561648752363	21.775574301491893	NA	12.787213646158856	NA
Insula	-0.12912561648752363	21.951183771665214	NA	12.75781588852343	NA
Insula	-0.12912561648752363	22.126793241838534	NA	12.728543582406884	NA
Insula	-0.12912561648752363	22.302402712011858	NA	12.699383667575214	NA
Insula	-0.12912561648752363	22.47801218218518	NA	12.670323682929679	NA
Insula	-0.12912561648752363	22.629125616487524	12.542462964894565	12.645388226417491	1.3038319070137474
Insula	-0.12912561648752363	22.6536216523585	NA	12.64135174066187	NA
Insula	-0.12912561648752363	22.829231122531823	NA	12.612456501515622	NA
Insula	-0.12912561648752363	23.004840592705143	NA	12.583627151108347	NA
Insula	-0.12912561648752363	23.180450062878464	NA	12.554853377266626	NA
Insula	-0.12912561648752363	23.356059533051788	NA	12.526125348332446	NA
Insula	-0.12912561648752363	23.531669003225108	NA	12.497433692398724	NA
Insula	-0.12912561648752363	23.707278473398432	NA	12.468769477434295	NA
Insula	-0.12912561648752363	23.882887943571752	NA	12.440124192260235	NA
Insula	-0.12912561648752363	24.058497413745073	NA	12.411489728768116	NA
Insula	-0.12912561648752363	24.234106883918397	NA	12.382858361115876	NA
Insula	-0.12912561648752363	24.409716354091717	NA	12.354222734527745	NA
Insula	-0.12912561648752363	24.585325824265038	NA	12.325575846934264	NA
Insula	-0.12912561648752363	24.76093529443836	NA	12.296911033540326	NA
Insula	-0.12912561648752363	24.936544764611682	NA	12.268221952197607	NA
Insula	-0.12912561648752363	25.112154234785006	NA	12.239502569403873	NA
Insula	-0.12912561648752363	25.287763704958326	NA	12.210747146902282	NA
Insula	-0.12912561648752363	25.463373175131647	NA	12.181950228855097	NA
Insula	-0.12912561648752363	25.63898264530497	NA	12.153106629567075	NA
Insula	-0.12912561648752363	25.81459211547829	NA	12.124211421735223	NA
Insula	-0.12912561648752363	25.99020158565161	NA	12.09525992520219	NA
Insula	-0.12912561648752363	26.165811055824935	NA	12.06624769619185	NA
Insula	-0.12912561648752363	26.341420525998256	NA	12.037170517006425	NA
Insula	-0.12912561648752363	26.517029996171576	NA	12.008024386165443	NA
Insula	-0.12912561648752363	26.6926394663449	NA	11.978805508967458	NA
Insula	-0.12912561648752363	26.86824893651822	NA	11.949510288456693	NA
Insula	-0.12912561648752363	27.043858406691545	NA	11.92013531677699	NA
Insula	-0.12912561648752363	27.219467876864865	NA	11.890677366896902	NA
Insula	-0.12912561648752363	27.395077347038185	NA	11.861133384689337	NA
Insula	-0.12912561648752363	27.57068681721151	NA	11.831500481351485	NA
Insula	-0.12912561648752363	27.629125616487524	11.494698130313832	11.821619137372542	1.2051004760161728
Insula	-0.12912561648752363	27.74629628738483	NA	11.80177592614974	NA
Insula	-0.12912561648752363	27.92190575755815	NA	11.771957139476033	NA
Insula	-0.12912561648752363	28.097515227731474	NA	11.74204168620223	NA
Insula	-0.12912561648752363	28.273124697904795	NA	11.712027269319757	NA
Insula	-0.12912561648752363	28.448734168078115	NA	11.68191172385224	NA
Insula	-0.12912561648752363	28.62434363825144	NA	11.65169301102962	NA
Insula	-0.12912561648752363	28.79995310842476	NA	11.621369212712336	NA
Insula	-0.12912561648752363	28.975562578598083	NA	11.590938526055089	NA
Insula	-0.12912561648752363	29.151172048771404	NA	11.560399258399737	NA
Insula	-0.12912561648752363	29.326781518944724	NA	11.529749822387668	NA
Insula	-0.12912561648752363	29.502390989118048	NA	11.498988731282163	NA
Insula	-0.12912561648752363	29.67800045929137	NA	11.468114594491782	NA
Insula	-0.12912561648752363	29.85360992946469	NA	11.437126113286196	NA
Insula	-0.12912561648752363	30.029219399638013	NA	11.406022076696216	NA
Insula	-0.12912561648752363	30.204828869811333	NA	11.37557412388392	NA
Insula	-0.12912561648752363	30.380438339984657	NA	11.345595456197298	NA
Insula	-0.12912561648752363	30.556047810157978	NA	11.315996577016216	NA
Insula	-0.12912561648752363	30.731657280331298	NA	11.286760488330904	NA
Insula	-0.12912561648752363	30.907266750504622	NA	11.257870923299947	NA
Insula	-0.12912561648752363	31.082876220677942	NA	11.229312314947618	NA
Insula	-0.12912561648752363	31.258485690851263	NA	11.201069766200744	NA
Insula	-0.12912561648752363	31.434095161024587	NA	11.173129021207453	NA
Insula	-0.12912561648752363	31.609704631197907	NA	11.145476437883204	NA
Insula	-0.12912561648752363	31.785314101371227	NA	11.118098961631402	NA
Insula	-0.12912561648752363	31.96092357154455	NA	11.090984121039533	NA
Insula	-0.12912561648752363	32.136533041717875	NA	11.06411995593227	NA
Insula	-0.12912561648752363	32.312142511891196	NA	11.037495009530298	NA
Insula	-0.12912561648752363	32.487751982064516	NA	11.011098336388345	NA
Insula	-0.12912561648752363	32.62912561648752	10.71686115326504	10.990006607908292	1.1228724152925085
Insula	-0.12912561648752363	32.66336145223784	NA	10.984919463074888	NA
Insula	-0.12912561648752363	32.83897092241116	NA	10.958948367958271	NA
Insula	-0.12912561648752363	33.014580392584485	NA	10.933175461857754	NA
Insula	-0.12912561648752363	33.190189862757805	NA	10.907591569522479	NA
Insula	-0.12912561648752363	33.365799332931125	NA	10.882187911902914	NA
Insula	-0.12912561648752363	33.541408803104446	NA	10.856956089180871	NA
Insula	-0.12912561648752363	33.717018273277766	NA	10.83188806452568	NA
Insula	-0.12912561648752363	33.89262774345109	NA	10.806976148545427	NA
Insula	-0.12912561648752363	34.068237213624414	NA	10.782212984403492	NA
Insula	-0.12912561648752363	34.243846683797734	NA	10.757591533571942	NA
Insula	-0.12912561648752363	34.419456153971055	NA	10.733105062194578	NA
Insula	-0.12912561648752363	34.595065624144375	NA	10.708747128033492	NA
Insula	-0.12912561648752363	34.770675094317696	NA	10.684511567974182	NA
Insula	-0.12912561648752363	34.94628456449102	NA	10.660392486065318	NA
Insula	-0.12912561648752363	35.121894034664344	NA	10.636384242070362	NA
Insula	-0.12912561648752363	35.297503504837664	NA	10.612481440509015	NA
Insula	-0.12912561648752363	35.473112975010984	NA	10.588678920167663	NA
Insula	-0.12912561648752363	35.648722445184305	NA	10.564971744058615	NA
Insula	-0.12912561648752363	35.824331915357625	NA	10.541355189809115	NA
Insula	-0.12912561648752363	35.99994138553095	NA	10.51782474046153	NA
Insula	-0.12912561648752363	36.17555085570427	NA	10.494376075667333	NA
Insula	-0.12912561648752363	36.35116032587759	NA	10.47100506325783	NA
Insula	-0.12912561648752363	36.526769796050914	NA	10.447707751175688	NA
Insula	-0.12912561648752363	36.702379266224234	NA	10.424480359751705	NA
Insula	-0.12912561648752363	36.87798873639756	NA	10.401319274312149	NA
Insula	-0.12912561648752363	37.05359820657088	NA	10.378221038102371	NA
Insula	-0.12912561648752363	37.2292076767442	NA	10.355182345513372	NA
Insula	-0.12912561648752363	37.40481714691752	NA	10.332200035598182	NA
Insula	-0.12912561648752363	37.58042661709084	NA	10.309271085865758	NA
Insula	-0.12912561648752363	37.62912561648752	9.928235568878916	10.302921595395421	1.0527702519210254
Insula	-0.12912561648752363	37.756036087264164	NA	10.286392606340435	NA
Insula	-0.12912561648752363	37.93164555743749	NA	10.263561833875672	NA
Insula	-0.12912561648752363	38.10725502761081	NA	10.24077612671116	NA
Insula	-0.12912561648752363	38.28286449778413	NA	10.218032959262834	NA
Insula	-0.12912561648752363	38.45847396795745	NA	10.19532991713596	NA
Insula	-0.12912561648752363	38.63408343813077	NA	10.172664692351564	NA
Insula	-0.12912561648752363	38.8096929083041	NA	10.150035078777243	NA
Insula	-0.12912561648752363	38.98530237847742	NA	10.127438967753553	NA
Insula	-0.12912561648752363	39.16091184865074	NA	10.104874343907532	NA
Insula	-0.12912561648752363	39.33652131882406	NA	10.082339281145515	NA
Insula	-0.12912561648752363	39.51213078899738	NA	10.05983193881738	NA
Insula	-0.12912561648752363	39.6877402591707	NA	10.03735055804506	NA
Insula	-0.12912561648752363	39.86334972934403	NA	10.014893458836843	NA
Insula	-0.12912561648752363	40.03895919951735	NA	9.99245903739044	NA
Insula	-0.12912561648752363	40.21456866969067	NA	9.970045756655805	NA
Insula	-0.12912561648752363	40.39017813986399	NA	9.947652151201824	NA
Insula	-0.12912561648752363	40.56578761003731	NA	9.92527682123726	NA
Insula	-0.12912561648752363	40.74139708021064	NA	9.90291842978721	NA
Insula	-0.12912561648752363	40.91700655038396	NA	9.88057569999002	NA
Insula	-0.12912561648752363	41.09261602055728	NA	9.858247412510286	NA
Insula	-0.12912561648752363	41.2682254907306	NA	9.835932403062456	NA
Insula	-0.12912561648752363	41.44383496090392	NA	9.813629560040486	NA
Insula	-0.12912561648752363	41.61944443107725	NA	9.791337822249002	NA
Insula	-0.12912561648752363	41.79505390125057	NA	9.769056176731572	NA
Insula	-0.12912561648752363	41.97066337142389	NA	9.746783656692024	NA
Insula	-0.12912561648752363	42.14627284159721	NA	9.724519339504717	NA
Insula	-0.12912561648752363	42.32188231177053	NA	9.702262344810071	NA
Insula	-0.12912561648752363	42.49749178194385	NA	9.680011832691601	NA
Insula	-0.12912561648752363	42.62912561648752	9.38091018421392	9.663336999848024	0.9914176037735668
Insula	-0.12912561648752363	42.67310125211718	NA	9.657767001931068	NA
Insula	-0.12912561648752363	42.8487107222905	NA	9.635527088338327	NA
Insula	-0.12912561648752363	43.02432019246382	NA	9.61329136315271	NA
Insula	-0.12912561648752363	43.19992966263714	NA	9.591059131512882	NA
Insula	-0.12912561648752363	43.37553913281046	NA	9.568829730992256	NA
Insula	-0.12912561648752363	43.55114860298379	NA	9.546602530197095	NA
Insula	-0.12912561648752363	43.72675807315711	NA	9.524376927424717	NA
Insula	-0.12912561648752363	43.90236754333043	NA	9.50215234937915	NA
Insula	-0.12912561648752363	44.07797701350375	NA	9.479928249941812	NA
Insula	-0.12912561648752363	44.25358648367707	NA	9.457704108994893	NA
Insula	-0.12912561648752363	44.42919595385039	NA	9.435479431295066	NA
Insula	-0.12912561648752363	44.604805424023716	NA	9.413253745395576	NA
Insula	-0.12912561648752363	44.78041489419704	NA	9.39102660261441	NA
Insula	-0.12912561648752363	44.95602436437036	NA	9.368797576046749	NA
Insula	-0.12912561648752363	45.13163383454368	NA	9.346556360443707	NA
Insula	-0.12912561648752363	45.307243304717	NA	9.324418087573372	NA
Insula	-0.12912561648752363	45.482852774890326	NA	9.302481565673656	NA
Insula	-0.12912561648752363	45.658462245063646	NA	9.280739795407106	NA
Insula	-0.12912561648752363	45.834071715236966	NA	9.259186068326871	NA
Insula	-0.12912561648752363	46.00968118541029	NA	9.237813954476405	NA
Insula	-0.12912561648752363	46.18529065558361	NA	9.216617290519366	NA
Insula	-0.12912561648752363	46.36090012575693	NA	9.195590168377183	NA
Insula	-0.12912561648752363	46.536509595930255	NA	9.174726924352493	NA
Insula	-0.12912561648752363	46.712119066103575	NA	9.154022128717669	NA
Insula	-0.12912561648752363	46.887728536276896	NA	9.133470575748568	NA
Insula	-0.12912561648752363	47.063338006450216	NA	9.113067274184441	NA
Insula	-0.12912561648752363	47.23894747662354	NA	9.092807438095772	NA
Insula	-0.12912561648752363	47.414556946796864	NA	9.072686478142572	NA
Insula	-0.12912561648752363	47.590166416970185	NA	9.052699993206494	NA
Insula	-0.12912561648752363	47.62912561648752	8.718894898251037	9.048283856989478	0.9398423736497916
Insula	-0.12912561648752363	47.765775887143505	NA	9.032843762380656	NA
Insula	-0.12912561648752363	47.941385357316825	NA	9.013113752565916	NA
Insula	-0.12912561648752363	48.116994827490146	NA	8.99350606770029	NA
Insula	-0.12912561648752363	48.292604297663466	NA	8.974016979372495	NA
Insula	-0.12912561648752363	48.468213767836794	NA	8.954642914119098	NA
Insula	-0.12912561648752363	48.643823238010114	NA	8.935380443487206	NA
Insula	-0.12912561648752363	48.819432708183434	NA	8.916226277871658	NA
Insula	-0.12912561648752363	48.995042178356755	NA	8.897177260615843	NA
Insula	-0.12912561648752363	49.170651648530075	NA	8.878230362364626	NA
Insula	-0.12912561648752363	49.3462611187034	NA	8.859382675658596	NA
Insula	-0.12912561648752363	49.52187058887672	NA	8.840631409759464	NA
Insula	-0.12912561648752363	49.697480059050044	NA	8.821973885696584	NA
Insula	-0.12912561648752363	49.873089529223364	NA	8.80340753152521	NA
Insula	-0.12912561648752363	50.048698999396684	NA	8.784929877787397	NA
Insula	-0.12912561648752363	50.22430846957001	NA	8.766538553166894	NA
Insula	-0.12912561648752363	50.39991793974333	NA	8.748231280329742	NA
Insula	-0.12912561648752363	50.57552740991665	NA	8.730005871942586	NA
Insula	-0.12912561648752363	50.75113688008997	NA	8.71186022686115	NA
Insula	-0.12912561648752363	50.926746350263294	NA	8.693792326481596	NA
Insula	-0.12912561648752363	51.102355820436614	NA	8.675800231247726	NA
Insula	-0.12912561648752363	51.27796529060994	NA	8.65788207730748	NA
Insula	-0.12912561648752363	51.45357476078326	NA	8.640036073312222	NA
Insula	-0.12912561648752363	51.62918423095658	NA	8.622260497352796	NA
Insula	-0.12912561648752363	51.8047937011299	NA	8.604553694026457	NA
Insula	-0.12912561648752363	51.98040317130322	NA	8.5869140716291	NA
Insula	-0.12912561648752363	52.15601264147655	NA	8.569340099467391	NA
Insula	-0.12912561648752363	52.33162211164987	NA	8.551830305285728	NA
Insula	-0.12912561648752363	52.50723158182319	NA	8.534383272803078	NA
Insula	-0.12912561648752363	52.62912561648752	8.339186173859439	8.52230908214329	0.8949935959509174
Insula	-0.12912561648752363	52.68284105199651	NA	8.516997639354992	NA
Insula	-0.12912561648752363	52.85845052216983	NA	8.499672093636322	NA
Insula	-0.12912561648752363	53.03405999234315	NA	8.482405373540319	NA
Insula	-0.12912561648752363	53.20966946251648	NA	8.465196264089991	NA
Insula	-0.12912561648752363	53.3852789326898	NA	8.448043595457756	NA
Insula	-0.12912561648752363	53.56088840286312	NA	8.430946241069659	NA
Insula	-0.12912561648752363	53.73649787303644	NA	8.413903115790497	NA
Insula	-0.12912561648752363	53.91210734320976	NA	8.396913174186382	NA
Insula	-0.12912561648752363	54.08771681338309	NA	8.379975408861489	NA
Insula	-0.12912561648752363	54.26332628355641	NA	8.363088848865795	NA
Insula	-0.12912561648752363	54.43893575372973	NA	8.346252558170638	NA
Insula	-0.12912561648752363	54.61454522390305	NA	8.329465634209466	NA
Insula	-0.12912561648752363	54.79015469407637	NA	8.312727206480721	NA
Insula	-0.12912561648752363	54.96576416424969	NA	8.296036435210414	NA
Insula	-0.12912561648752363	55.14137363442302	NA	8.279392510071634	NA
Insula	-0.12912561648752363	55.31698310459634	NA	8.26279464895873	NA
Insula	-0.12912561648752363	55.49259257476966	NA	8.246242096813766	NA
Insula	-0.12912561648752363	55.66820204494298	NA	8.229734124502942	NA
Insula	-0.12912561648752363	55.8438115151163	NA	8.213270030735535	NA
Insula	-0.12912561648752363	56.01942098528963	NA	8.196849135498256	NA
Insula	-0.12912561648752363	56.19503045546295	NA	8.180470777517407	NA
Insula	-0.12912561648752363	56.37063992563627	NA	8.164134321057585	NA
Insula	-0.12912561648752363	56.54624939580959	NA	8.147839151368037	NA
Insula	-0.12912561648752363	56.72185886598291	NA	8.131584673817489	NA
Insula	-0.12912561648752363	56.89746833615623	NA	8.115370313065817	NA
Insula	-0.12912561648752363	57.07307780632956	NA	8.099195512270976	NA
Insula	-0.12912561648752363	57.24868727650288	NA	8.08305973232965	NA
Insula	-0.12912561648752363	57.4242967466762	NA	8.06696245115033	NA
Insula	-0.12912561648752363	57.59990621684952	NA	8.050903162957201	NA
Insula	-0.12912561648752363	57.62912561648752	8.133914721214584	8.048234733701383	0.8584101996278483
Insula	-0.12912561648752363	57.77551568702284	NA	8.034881377623732	NA
Insula	-0.12912561648752363	57.95112515719617	NA	8.018896620034571	NA
Insula	-0.12912561648752363	58.12673462736949	NA	8.002948429474591	NA
Insula	-0.12912561648752363	58.30234409754281	NA	7.987036359043883	NA
Insula	-0.12912561648752363	58.47795356771613	NA	7.971159975097666	NA
Insula	-0.12912561648752363	58.65356303788945	NA	7.955318856709918	NA
Insula	-0.12912561648752363	58.829172508062776	NA	7.939512595159909	NA
Insula	-0.12912561648752363	59.004781978236096	NA	7.923740793440408	NA
Insula	-0.12912561648752363	59.18039144840942	NA	7.908003065786878	NA
Insula	-0.12912561648752363	59.35600091858274	NA	7.89229903722658	NA
Insula	-0.12912561648752363	59.53161038875606	NA	7.876628343146881	NA
Insula	-0.12912561648752363	59.70721985892938	NA	7.8609906288818054	NA
Insula	-0.12912561648752363	59.882829329102705	NA	7.845385549316144	NA
Insula	-0.12912561648752363	60.058438799276026	NA	7.829812768506369	NA
Insula	-0.12912561648752363	60.234048269449346	NA	7.8143022871324614	NA
Insula	-0.12912561648752363	60.409657739622666	NA	7.798906806378048	NA
Insula	-0.12912561648752363	60.58526720979599	NA	7.7836181457046	NA
Insula	-0.12912561648752363	60.760876679969314	NA	7.768433557811616	NA
Insula	-0.12912561648752363	60.936486150142635	NA	7.7533504033718526	NA
Insula	-0.12912561648752363	61.112095620315955	NA	7.738366146462032	NA
Insula	-0.12912561648752363	61.287705090489276	NA	7.723478350188819	NA
Insula	-0.12912561648752363	61.463314560662596	NA	7.708684672501645	NA
Insula	-0.12912561648752363	61.638924030835916	NA	7.693982862184439	NA
Insula	-0.12912561648752363	61.814533501009244	NA	7.67937075501855	NA
Insula	-0.12912561648752363	61.990142971182564	NA	7.6648462701095985	NA
Insula	-0.12912561648752363	62.165752441355885	NA	7.6504074063712455	NA
Insula	-0.12912561648752363	62.341361911529205	NA	7.636052239159061	NA
Insula	-0.12912561648752363	62.516971381702525	NA	7.62177891704824	NA
Insula	-0.12912561648752363	62.62912561648752	7.616180008893311	7.61270519854642	0.8232796700642128
Insula	-0.12912561648752363	62.69258085187585	NA	7.607585658748906	NA
Insula	-0.12912561648752363	62.86819032204917	NA	7.593470750153072	NA
Insula	-0.12912561648752363	63.043799792222494	NA	7.579432541507786	NA
Insula	-0.12912561648752363	63.219409262395814	NA	7.565469444708928	NA
Insula	-0.12912561648752363	63.395018732569135	NA	7.551579930710487	NA
Insula	-0.12912561648752363	63.570628202742455	NA	7.537762527044562	NA
Insula	-0.12912561648752363	63.74623767291578	NA	7.524015816408258	NA
Insula	-0.12912561648752363	63.9218471430891	NA	7.510338440900629	NA
Insula	-0.12912561648752363	64.09745661326242	NA	7.4967290741646	NA
Insula	-0.12912561648752363	64.27306608343575	NA	7.483186447315008	NA
Insula	-0.12912561648752363	64.44867555360906	NA	7.469709337143409	NA
Insula	-0.12912561648752363	64.62428502378239	NA	7.456296564209076	NA
Insula	-0.12912561648752363	64.7998944939557	NA	7.44294699101145	NA
Insula	-0.12912561648752363	64.97550396412903	NA	7.429659520240473	NA
Insula	-0.12912561648752363	65.15111343430236	NA	7.416433093101626	NA
Insula	-0.12912561648752363	65.32672290447567	NA	7.4032666877123106	NA
Insula	-0.12912561648752363	65.502332374649	NA	7.3901593175666855	NA
Insula	-0.12912561648752363	65.67794184482231	NA	7.377110030065895	NA
Insula	-0.12912561648752363	65.85355131499564	NA	7.364117905110966	NA
Insula	-0.12912561648752363	66.02916078516897	NA	7.351182053755685	NA
Insula	-0.12912561648752363	66.20477025534228	NA	7.338301616916877	NA
Insula	-0.12912561648752363	66.38037972551561	NA	7.325475764139641	NA
Insula	-0.12912561648752363	66.55598919568892	NA	7.31270369241516	NA
Insula	-0.12912561648752363	66.73159866586225	NA	7.29998462504891	NA
Insula	-0.12912561648752363	66.90720813603556	NA	7.287317810577041	NA
Insula	-0.12912561648752363	67.08281760620889	NA	7.274702521728888	NA
Insula	-0.12912561648752363	67.25842707638222	NA	7.262138054433683	NA
Insula	-0.12912561648752363	67.43403654655553	NA	7.249623726869488	NA
Insula	-0.12912561648752363	67.60964601672886	NA	7.237158878552713	NA
Insula	-0.12912561648752363	67.62912561648753	7.376916639401079	7.235779210206697	0.7941339053739491
Insula	-0.12912561648752363	67.78525548690217	NA	7.224742869466184	NA
Insula	-0.12912561648752363	67.9608649570755	NA	7.212375079224488	NA
Insula	-0.12912561648752363	68.13647442724883	NA	7.2000549062747075	NA
Insula	-0.12912561648752363	68.31208389742214	NA	7.187781767131155	NA
Insula	-0.12912561648752363	68.48769336759547	NA	7.1755550956426495	NA
Insula	-0.12912561648752363	68.66330283776878	NA	7.163374342290938	NA
Insula	-0.12912561648752363	68.83891230794211	NA	7.151238973518876	NA
Insula	-0.12912561648752363	69.01452177811544	NA	7.139148471087203	NA
Insula	-0.12912561648752363	69.19013124828875	NA	7.127102331458576	NA
Insula	-0.12912561648752363	69.36574071846208	NA	7.115100065207799	NA
Insula	-0.12912561648752363	69.54135018863539	NA	7.103141196457031	NA
Insula	-0.12912561648752363	69.71695965880872	NA	7.091225262334986	NA
Insula	-0.12912561648752363	69.89256912898205	NA	7.079351812459056	NA
Insula	-0.12912561648752363	70.06817859915536	NA	7.067520408439379	NA
Insula	-0.12912561648752363	70.24378806932869	NA	7.055730623403959	NA
Insula	-0.12912561648752363	70.419397539502	NA	7.043982041543814	NA
Insula	-0.12912561648752363	70.59500700967533	NA	7.032274257677533	NA
Insula	-0.12912561648752363	70.77061647984864	NA	7.020606876834112	NA
Insula	-0.12912561648752363	70.94622595002197	NA	7.00897951385353	NA
Insula	-0.12912561648752363	71.1218354201953	NA	6.9973917930041845	NA
Insula	-0.12912561648752363	71.29744489036861	NA	6.985843347616533	NA
Insula	-0.12912561648752363	71.47305436054194	NA	6.974333819732156	NA
Insula	-0.12912561648752363	71.64866383071525	NA	6.96286285976769	NA
Insula	-0.12912561648752363	71.82427330088858	NA	6.951430130396202	NA
Insula	-0.12912561648752363	71.9998827710619	NA	6.94003529511949	NA
Insula	-0.12912561648752363	72.17549224123522	NA	6.928678026014938	NA
Insula	-0.12912561648752363	72.35110171140855	NA	6.917358003916483	NA
Insula	-0.12912561648752363	72.52671118158186	NA	6.906074916553654	NA
Insula	-0.12912561648752363	72.62912561648753	7.002252231601904	6.899511613953643	0.7676503110600775
Insula	-0.12912561648752363	72.70232065175519	NA	6.894828458291945	NA
Insula	-0.12912561648752363	72.87793012192851	NA	6.88361832988426	NA
Insula	-0.12912561648752363	73.05353959210183	NA	6.872444238232713	NA
Insula	-0.12912561648752363	73.22914906227516	NA	6.861305896160454	NA
Insula	-0.12912561648752363	73.40475853244847	NA	6.85020302219309	NA
Insula	-0.12912561648752363	73.5803680026218	NA	6.839135340349282	NA
Insula	-0.12912561648752363	73.75597747279512	NA	6.828102579940074	NA
Insula	-0.12912561648752363	73.93158694296844	NA	6.817104475376678	NA
Insula	-0.12912561648752363	74.10719641314176	NA	6.806140765986272	NA
Insula	-0.12912561648752363	74.28280588331508	NA	6.795211195835522	NA
Insula	-0.12912561648752363	74.4584153534884	NA	6.784315513561447	NA
Insula	-0.12912561648752363	74.63402482366173	NA	6.773453472209382	NA
Insula	-0.12912561648752363	74.80963429383505	NA	6.762624829077672	NA
Insula	-0.12912561648752363	74.98524376400837	NA	6.751829345568821	NA
Insula	-0.12912561648752363	75.16085323418169	NA	6.741066787046877	NA
Insula	-0.12912561648752363	75.33646270435501	NA	6.730336922700729	NA
Insula	-0.12912561648752363	75.51207217452833	NA	6.7196395254130605	NA
Insula	-0.12912561648752363	75.68768164470166	NA	6.708974371634757	NA
Insula	-0.12912561648752363	75.86329111487498	NA	6.698341241264518	NA
Insula	-0.12912561648752363	76.0389005850483	NA	6.687739917533437	NA
Insula	-0.12912561648752363	76.21451005522162	NA	6.677170186894378	NA
Insula	-0.12912561648752363	76.39011952539494	NA	6.666631838915882	NA
Insula	-0.12912561648752363	76.56572899556826	NA	6.656124666180459	NA
Insula	-0.12912561648752363	76.74133846574159	NA	6.645648464187097	NA
Insula	-0.12912561648752363	76.9169479359149	NA	6.635203031257703	NA
Insula	-0.12912561648752363	77.09255740608823	NA	6.624788168447491	NA
Insula	-0.12912561648752363	77.26816687626155	NA	6.614403679458923	NA
Insula	-0.12912561648752363	77.44377634643487	NA	6.604049370559241	NA
Insula	-0.12912561648752363	77.6193858166082	NA	6.593725050501383	NA
Insula	-0.12912561648752363	77.62912561648753	6.938339769115651	6.593153313692597	0.7435962630593645
Insula	-0.12912561648752363	77.79499528678151	NA	6.583430530448033	NA
Insula	-0.12912561648752363	77.97060475695484	NA	6.573165623898873	NA
Insula	-0.12912561648752363	78.14621422712816	NA	6.56293014662068	NA
Insula	-0.12912561648752363	78.32182369730148	NA	6.552723916580348	NA
Insula	-0.12912561648752363	78.49743316747481	NA	6.542546753880569	NA
Insula	-0.12912561648752363	78.67304263764812	NA	6.532398480698082	NA
Insula	-0.12912561648752363	78.84865210782145	NA	6.5222789212245065	NA
Insula	-0.12912561648752363	79.02426157799476	NA	6.512187901609446	NA
Insula	-0.12912561648752363	79.19987104816809	NA	6.502125249905912	NA
Insula	-0.12912561648752363	79.3754805183414	NA	6.492090796017978	NA
Insula	-0.12912561648752363	79.55108998851473	NA	6.482084371650424	NA
Insula	-0.12912561648752363	79.72669945868806	NA	6.47210581179669	NA
Insula	-0.12912561648752363	79.90230892886137	NA	6.4621549527383335	NA
Insula	-0.12912561648752363	80.0779183990347	NA	6.452231628596482	NA
Insula	-0.12912561648752363	80.25352786920801	NA	6.442335677815324	NA
Insula	-0.12912561648752363	80.42913733938134	NA	6.4324669404165755	NA
Insula	-0.12912561648752363	80.60474680955467	NA	6.422625257960033	NA
Insula	-0.12912561648752363	80.78035627972798	NA	6.412810473505599	NA
Insula	-0.12912561648752363	80.95596574990131	NA	6.403022431576801	NA
Insula	-0.12912561648752363	81.13157522007462	NA	6.3932609781257375	NA
Insula	-0.12912561648752363	81.30718469024795	NA	6.383525960499336	NA
Insula	-0.12912561648752363	81.48279416042128	NA	6.373817227407014	NA
Insula	-0.12912561648752363	81.65840363059459	NA	6.364134628889423	NA
Insula	-0.12912561648752363	81.83401310076792	NA	6.354478016288555	NA
Insula	-0.12912561648752363	82.00962257094123	NA	6.344847242218848	NA
Insula	-0.12912561648752363	82.18523204111456	NA	6.335242160539481	NA
Insula	-0.12912561648752363	82.36084151128789	NA	6.325662626327665	NA
Insula	-0.12912561648752363	82.5364509814612	NA	6.316108495852953	NA
Insula	-0.12912561648752363	82.62912561648753	6.634697364724529	6.311076670950434	0.7230229745858322
Insula	-0.12912561648752363	82.71206045163453	NA	6.3065796265525025	NA
Insula	-0.12912561648752363	82.88766992180784	NA	6.297075877007283	NA
Insula	-0.12912561648752363	83.06327939198117	NA	6.287597106919125	NA
Insula	-0.12912561648752363	83.2388888621545	NA	6.278143177088632	NA
Insula	-0.12912561648752363	83.41449833232781	NA	6.26871394939394	NA
Insula	-0.12912561648752363	83.59010780250114	NA	6.259309286770173	NA
Insula	-0.12912561648752363	83.76571727267445	NA	6.249929053189711	NA
Insula	-0.12912561648752363	83.94132674284778	NA	6.240573113643134	NA
Insula	-0.12912561648752363	84.11693621302109	NA	6.2312413341208615	NA
Insula	-0.12912561648752363	84.29254568319442	NA	6.221933581595446	NA
Insula	-0.12912561648752363	84.46815515336775	NA	6.212649724004456	NA
Insula	-0.12912561648752363	84.64376462354106	NA	6.203389630234045	NA
Insula	-0.12912561648752363	84.81937409371439	NA	6.194153170103012	NA
Insula	-0.12912561648752363	84.9949835638877	NA	6.18494021434742	NA
Insula	-0.12912561648752363	85.17059303406103	NA	6.175750634605825	NA
Insula	-0.12912561648752363	85.34620250423436	NA	6.16658430340489	NA
Insula	-0.12912561648752363	85.52181197440767	NA	6.157441094145588	NA
Insula	-0.12912561648752363	85.697421444581	NA	6.148320881089816	NA
Insula	-0.12912561648752363	85.87303091475431	NA	6.139223539347453	NA
Insula	-0.12912561648752363	86.04864038492764	NA	6.130148944863896	NA
Insula	-0.12912561648752363	86.22424985510096	NA	6.121096974407923	NA
Insula	-0.12912561648752363	86.39985932527428	NA	6.112067505560052	NA
Insula	-0.12912561648752363	86.5754687954476	NA	6.103060416701177	NA
Insula	-0.12912561648752363	86.75107826562092	NA	6.09407558700161	NA
Insula	-0.12912561648752363	86.92668773579425	NA	6.0851128964105055	NA
Insula	-0.12912561648752363	87.10229720596757	NA	6.076172225645556	NA
Insula	-0.12912561648752363	87.27790667614089	NA	6.067253456183032	NA
Insula	-0.12912561648752363	87.45351614631421	NA	6.058356470248135	NA
Insula	-0.12912561648752363	87.62912561648753	6.72577125764042	6.049473045602587	0.7035229683239753
Occipital	-0.12912561648752363	0	0	-2.0733806072246248e-14	0
Occipital	-0.12912561648752363	0.1756094701733217	NA	3.8812165857602033e-4	NA
Occipital	-0.12912561648752363	0.3512189403466434	NA	0.0010830689910427665	NA
Occipital	-0.12912561648752363	0.37912561648752363	0.01213851830769025	0.0014132760516577267	0.525655067421128
Occipital	-0.12912561648752363	0.5268284105199651	NA	0.003770326984170423	NA
Occipital	-0.12912561648752363	0.7024378806932868	NA	0.6809750314077648	NA
Occipital	-0.12912561648752363	0.8780473508666086	NA	2.160228902696683	NA
Occipital	-0.12912561648752363	0.8791256164875236	2.334129375794289	2.1723560390629673	0.6724371859765057
Occipital	-0.12912561648752363	1.0536568210399302	NA	4.307873393230784	NA
Occipital	-0.12912561648752363	1.229266291213252	NA	6.453854816287341	NA
Occipital	-0.12912561648752363	1.3791256164875236	8.489890343840464	8.399782396939205	0.8085391330145363
Occipital	-0.12912561648752363	1.4048757613865737	NA	8.745857653077893	NA
Occipital	-0.12912561648752363	1.5804852315598954	NA	11.17100071193083	NA
Occipital	-0.12912561648752363	1.7560947017332171	NA	13.679862157282894	NA
Occipital	-0.12912561648752363	1.8791256164875236	15.65799966479683	15.601268331123803	0.9081623318502868
Occipital	-0.12912561648752363	1.9317041719065389	NA	16.445352802816206	NA
Occipital	-0.12912561648752363	2.1073136420798604	NA	18.984655266429126	NA
Occipital	-0.12912561648752363	2.282923112253182	NA	21.201678204707996	NA
Occipital	-0.12912561648752363	2.3791256164875234	22.429776190909188	22.153187502389628	0.984110606672485
Occipital	-0.12912561648752363	2.458532582426504	NA	22.831240797541692	NA
Occipital	-0.12912561648752363	2.6341420525998256	NA	23.990866633659447	NA
Occipital	-0.12912561648752363	2.8097515227731473	NA	24.692314510933286	NA
Occipital	-0.12912561648752363	2.8791256164875234	25.32946894541694	24.847181942379894	1.005973032224954
Occipital	-0.12912561648752363	2.985360992946469	NA	24.954781879272176	NA
Occipital	-0.12912561648752363	3.160970463119791	NA	25.26932187605548	NA
Occipital	-0.12912561648752363	3.3365799332931125	NA	25.528640641620783	NA
Occipital	-0.12912561648752363	3.5121894034664343	NA	25.704882088878737	NA
Occipital	-0.12912561648752363	3.6291256164875234	25.623127648197777	25.777656854541448	1.2050566243435854
Occipital	-0.12912561648752363	3.687798873639756	NA	25.801070918682566	NA
Occipital	-0.12912561648752363	3.8634083438130777	NA	25.820105015039342	NA
Occipital	-0.12912561648752363	4.0390178139863995	NA	25.76476084406974	NA
Occipital	-0.12912561648752363	4.214627284159721	NA	25.637698622770387	NA
Occipital	-0.12912561648752363	4.390236754333043	NA	25.441467267394756	NA
Occipital	-0.12912561648752363	4.565846224506364	NA	25.178509130850827	NA
Occipital	-0.12912561648752363	4.629125616487523	24.547647734829216	25.067889062020335	1.1820350774517108
Occipital	-0.12912561648752363	4.741455694679686	NA	24.85116453811247	NA
Occipital	-0.12912561648752363	4.917065164853008	NA	24.461676128257874	NA
Occipital	-0.12912561648752363	5.09267463502633	NA	24.06654079009751	NA
Occipital	-0.12912561648752363	5.268284105199651	NA	23.714640310561023	NA
Occipital	-0.12912561648752363	5.443893575372973	NA	23.373874819631503	NA
Occipital	-0.12912561648752363	5.619503045546295	NA	23.043726963582905	NA
Occipital	-0.12912561648752363	5.629125616487523	22.845943941027095	23.025934193921877	1.1516312773471051
Occipital	-0.12912561648752363	5.795112515719616	NA	22.72370162921106	NA
Occipital	-0.12912561648752363	5.970721985892938	NA	22.413324994647883	NA
Occipital	-0.12912561648752363	6.146331456066259	NA	22.112143620656227	NA
Occipital	-0.12912561648752363	6.321940926239582	NA	21.819723580679224	NA
Occipital	-0.12912561648752363	6.497550396412903	NA	21.535649627991337	NA
Occipital	-0.12912561648752363	6.673159866586225	NA	21.259524398368992	NA
Occipital	-0.12912561648752363	6.848769336759546	NA	20.99096764676604	NA
Occipital	-0.12912561648752363	7.0243788069328685	NA	20.729615516543934	NA
Occipital	-0.12912561648752363	7.129125616487523	20.56017145734368	20.577010485731	1.3527978229421094
Occipital	-0.12912561648752363	7.19998827710619	NA	20.475119839868263	NA
Occipital	-0.12912561648752363	7.375597747279512	NA	20.227147467942768	NA
Occipital	-0.12912561648752363	7.551207217452833	NA	19.985379629808076	NA
Occipital	-0.12912561648752363	7.7268166876261555	NA	19.749511318487325	NA
Occipital	-0.12912561648752363	7.902426157799477	NA	19.51925070331236	NA
Occipital	-0.12912561648752363	8.078035627972799	NA	19.294319058502534	NA
Occipital	-0.12912561648752363	8.253645098146121	NA	19.074448967996013	NA
Occipital	-0.12912561648752363	8.429254568319442	NA	18.859384558955764	NA
Occipital	-0.12912561648752363	8.604864038492764	NA	18.648881319514874	NA
Occipital	-0.12912561648752363	8.780473508666086	NA	18.44270533072992	NA
Occipital	-0.12912561648752363	8.956082978839406	NA	18.240632814156335	NA
Occipital	-0.12912561648752363	9.129125616487524	17.915892562078938	18.04531823741745	1.277809920111782
Occipital	-0.12912561648752363	9.131692449012728	NA	18.042449698720084	NA
Occipital	-0.12912561648752363	9.30730191918605	NA	17.847951206062746	NA
Occipital	-0.12912561648752363	9.482911389359373	NA	17.656941453572117	NA
Occipital	-0.12912561648752363	9.658520859532693	NA	17.46923307434427	NA
Occipital	-0.12912561648752363	9.834130329706015	NA	17.28464685335492	NA
Occipital	-0.12912561648752363	10.009739799879338	NA	17.103011379148914	NA
Occipital	-0.12912561648752363	10.18534927005266	NA	16.928579272995233	NA
Occipital	-0.12912561648752363	10.36095874022598	NA	16.76203941647802	NA
Occipital	-0.12912561648752363	10.536568210399302	NA	16.601625058668358	NA
Occipital	-0.12912561648752363	10.712177680572625	NA	16.44706203727657	NA
Occipital	-0.12912561648752363	10.887787150745947	NA	16.298087935803782	NA
Occipital	-0.12912561648752363	11.063396620919267	NA	16.154451582420535	NA
Occipital	-0.12912561648752363	11.23900609109259	NA	16.015912570216376	NA
Occipital	-0.12912561648752363	11.414615561265911	NA	15.88224079790905	NA
Occipital	-0.12912561648752363	11.590225031439232	NA	15.753216030140917	NA
Occipital	-0.12912561648752363	11.765834501612554	NA	15.628627476527141	NA
Occipital	-0.12912561648752363	11.941443971785876	NA	15.508273388656145	NA
Occipital	-0.12912561648752363	12.117053441959198	NA	15.39196067427669	NA
Occipital	-0.12912561648752363	12.292662912132519	NA	15.279504527938622	NA
Occipital	-0.12912561648752363	12.468272382305841	NA	15.17072807738573	NA
Occipital	-0.12912561648752363	12.629125616487524	15.512790053318644	15.074176363170487	1.5779206941832196
Occipital	-0.12912561648752363	12.643881852479163	NA	15.065462045028907	NA
Occipital	-0.12912561648752363	12.819491322652485	NA	14.96354442385653	NA
Occipital	-0.12912561648752363	12.995100792825806	NA	14.864820167166384	NA
Occipital	-0.12912561648752363	13.170710262999128	NA	14.769140891529723	NA
Occipital	-0.12912561648752363	13.34631973317245	NA	14.676364592423203	NA
Occipital	-0.12912561648752363	13.521929203345772	NA	14.586355371988427	NA
Occipital	-0.12912561648752363	13.697538673519093	NA	14.498983178402074	NA
Occipital	-0.12912561648752363	13.873148143692415	NA	14.414123556361064	NA
Occipital	-0.12912561648752363	14.048757613865737	NA	14.331657408209418	NA
Occipital	-0.12912561648752363	14.224367084039057	NA	14.25147076525241	NA
Occipital	-0.12912561648752363	14.39997655421238	NA	14.17345456882386	NA
Occipital	-0.12912561648752363	14.575586024385702	NA	14.097504460690626	NA
Occipital	-0.12912561648752363	14.751195494559024	NA	14.023520582396023	NA
Occipital	-0.12912561648752363	14.926804964732344	NA	13.95140738316108	NA
Occipital	-0.12912561648752363	15.102414434905667	NA	13.881060456439338	NA
Occipital	-0.12912561648752363	15.278023905078989	NA	13.812758357120744	NA
Occipital	-0.12912561648752363	15.453633375252311	NA	13.746589381474418	NA
Occipital	-0.12912561648752363	15.629242845425631	NA	13.68245457981007	NA
Occipital	-0.12912561648752363	15.804852315598954	NA	13.6202592555792	NA
Occipital	-0.12912561648752363	15.980461785772276	NA	13.559912857148982	NA
Occipital	-0.12912561648752363	16.156071255945598	NA	13.501328763519785	NA
Occipital	-0.12912561648752363	16.33168072611892	NA	13.444423775727774	NA
Occipital	-0.12912561648752363	16.507290196292242	NA	13.389118471977264	NA
Occipital	-0.12912561648752363	16.682899666465563	NA	13.335336850135294	NA
Occipital	-0.12912561648752363	16.858509136638883	NA	13.283006181764549	NA
Occipital	-0.12912561648752363	17.034118606812207	NA	13.232056872381651	NA
Occipital	-0.12912561648752363	17.209728076985527	NA	13.18242232767515	NA
Occipital	-0.12912561648752363	17.385337547158848	NA	13.134038825429148	NA
Occipital	-0.12912561648752363	17.560947017332172	NA	13.086845392909215	NA
Occipital	-0.12912561648752363	17.629125616487524	13.50448761127246	13.068830913161383	1.4234263107476035
Occipital	-0.12912561648752363	17.736556487505492	NA	13.040783689477712	NA
Occipital	-0.12912561648752363	17.912165957678813	NA	12.995797894215439	NA
Occipital	-0.12912561648752363	18.087775427852137	NA	12.951834598336141	NA
Occipital	-0.12912561648752363	18.263384898025457	NA	12.908842702189585	NA
Occipital	-0.12912561648752363	18.43899436819878	NA	12.866773316657266	NA
Occipital	-0.12912561648752363	18.6146038383721	NA	12.82557966875376	NA
Occipital	-0.12912561648752363	18.79021330854542	NA	12.785217011254131	NA
Occipital	-0.12912561648752363	18.965822778718746	NA	12.745642536175726	NA
Occipital	-0.12912561648752363	19.141432248892066	NA	12.70681529195014	NA
Occipital	-0.12912561648752363	19.317041719065386	NA	12.668696104127802	NA
Occipital	-0.12912561648752363	19.49265118923871	NA	12.63124749946464	NA
Occipital	-0.12912561648752363	19.66826065941203	NA	12.594433633246567	NA
Occipital	-0.12912561648752363	19.84387012958535	NA	12.558220219713725	NA
Occipital	-0.12912561648752363	20.019479599758675	NA	12.522574465452243	NA
Occipital	-0.12912561648752363	20.195089069931996	NA	12.487465005627081	NA
Occipital	-0.12912561648752363	20.37069854010532	NA	12.452861842934608	NA
Occipital	-0.12912561648752363	20.54630801027864	NA	12.418736289159158	NA
Occipital	-0.12912561648752363	20.72191748045196	NA	12.385060909222348	NA
Occipital	-0.12912561648752363	20.897526950625284	NA	12.351809467618875	NA
Occipital	-0.12912561648752363	21.073136420798605	NA	12.31895687713714	NA
Occipital	-0.12912561648752363	21.248745890971925	NA	12.286479149767109	NA
Occipital	-0.12912561648752363	21.42435536114525	NA	12.254353349702221	NA
Occipital	-0.12912561648752363	21.59996483131857	NA	12.222557548346016	NA
Occipital	-0.12912561648752363	21.775574301491893	NA	12.19107078123803	NA
Occipital	-0.12912561648752363	21.951183771665214	NA	12.159873006817016	NA
Occipital	-0.12912561648752363	22.126793241838534	NA	12.128945066943249	NA
Occipital	-0.12912561648752363	22.302402712011858	NA	12.098268649104845	NA
Occipital	-0.12912561648752363	22.47801218218518	NA	12.067826250236237	NA
Occipital	-0.12912561648752363	22.629125616487524	12.058928938773134	12.041804853836798	1.3038319070137474
Occipital	-0.12912561648752363	22.6536216523585	NA	12.037601142080144	NA
Occipital	-0.12912561648752363	22.829231122531823	NA	12.007577338027112	NA
Occipital	-0.12912561648752363	23.004840592705143	NA	11.97773956136977	NA
Occipital	-0.12912561648752363	23.180450062878464	NA	11.948073214911197	NA
Occipital	-0.12912561648752363	23.356059533051788	NA	11.918564351870021	NA
Occipital	-0.12912561648752363	23.531669003225108	NA	11.889199648026587	NA
Occipital	-0.12912561648752363	23.707278473398432	NA	11.859966375057494	NA
Occipital	-0.12912561648752363	23.882887943571752	NA	11.8308523750078	NA
Occipital	-0.12912561648752363	24.058497413745073	NA	11.80184604923916	NA
Occipital	-0.12912561648752363	24.234106883918397	NA	11.772936293134135	NA
Occipital	-0.12912561648752363	24.409716354091717	NA	11.744112516063272	NA
Occipital	-0.12912561648752363	24.585325824265038	NA	11.715364607570331	NA
Occipital	-0.12912561648752363	24.76093529443836	NA	11.686682915353442	NA
Occipital	-0.12912561648752363	24.936544764611682	NA	11.658058225614223	NA
Occipital	-0.12912561648752363	25.112154234785006	NA	11.6294817442454	NA
Occipital	-0.12912561648752363	25.287763704958326	NA	11.600945078821093	NA
Occipital	-0.12912561648752363	25.463373175131647	NA	11.57244022135563	NA
Occipital	-0.12912561648752363	25.63898264530497	NA	11.543959531798016	NA
Occipital	-0.12912561648752363	25.81459211547829	NA	11.515495722230824	NA
Occipital	-0.12912561648752363	25.99020158565161	NA	11.48704184174327	NA
Occipital	-0.12912561648752363	26.165811055824935	NA	11.45859126194994	NA
Occipital	-0.12912561648752363	26.341420525998256	NA	11.430137663127406	NA
Occipital	-0.12912561648752363	26.517029996171576	NA	11.401675020942589	NA
Occipital	-0.12912561648752363	26.6926394663449	NA	11.373197593747511	NA
Occipital	-0.12912561648752363	26.86824893651822	NA	11.344699910416304	NA
Occipital	-0.12912561648752363	27.043858406691545	NA	11.316176758701294	NA
Occipital	-0.12912561648752363	27.219467876864865	NA	11.287623174086335	NA
Occipital	-0.12912561648752363	27.395077347038185	NA	11.259034429115493	NA
Occipital	-0.12912561648752363	27.57068681721151	NA	11.23040602317766	NA
Occipital	-0.12912561648752363	27.629125616487524	11.07267908863982	11.220869607251718	1.2051004760161728
Occipital	-0.12912561648752363	27.74629628738483	NA	11.201733672727048	NA
Occipital	-0.12912561648752363	27.92190575755815	NA	11.17301330192122	NA
Occipital	-0.12912561648752363	28.097515227731474	NA	11.144241033658755	NA
Occipital	-0.12912561648752363	28.273124697904795	NA	11.115413180999605	NA
Occipital	-0.12912561648752363	28.448734168078115	NA	11.086526238951722	NA
Occipital	-0.12912561648752363	28.62434363825144	NA	11.057576876608376	NA
Occipital	-0.12912561648752363	28.79995310842476	NA	11.028561929621246	NA
Occipital	-0.12912561648752363	28.975562578598083	NA	10.99947839299486	NA
Occipital	-0.12912561648752363	29.151172048771404	NA	10.970323414188833	NA
Occipital	-0.12912561648752363	29.326781518944724	NA	10.941094286514577	NA
Occipital	-0.12912561648752363	29.502390989118048	NA	10.911788442814117	NA
Occipital	-0.12912561648752363	29.67800045929137	NA	10.882403449408882	NA
Occipital	-0.12912561648752363	29.85360992946469	NA	10.852937000306905	NA
Occipital	-0.12912561648752363	30.029219399638013	NA	10.823386911657579	NA
Occipital	-0.12912561648752363	30.204828869811333	NA	10.794564944699584	NA
Occipital	-0.12912561648752363	30.380438339984657	NA	10.766334962914708	NA
Occipital	-0.12912561648752363	30.556047810157978	NA	10.738601802418366	NA
Occipital	-0.12912561648752363	30.731657280331298	NA	10.711342710529815	NA
Occipital	-0.12912561648752363	30.907266750504622	NA	10.684535911412883	NA
Occipital	-0.12912561648752363	31.082876220677942	NA	10.658160564391206	NA
Occipital	-0.12912561648752363	31.258485690851263	NA	10.632196724041306	NA
Occipital	-0.12912561648752363	31.434095161024587	NA	10.606625301987401	NA
Occipital	-0.12912561648752363	31.609704631197907	NA	10.581428030325837	NA
Occipital	-0.12912561648752363	31.785314101371227	NA	10.556587426609099	NA
Occipital	-0.12912561648752363	31.96092357154455	NA	10.532086787268787	NA
Occipital	-0.12912561648752363	32.136533041717875	NA	10.507910093536466	NA
Occipital	-0.12912561648752363	32.312142511891196	NA	10.484042000596576	NA
Occipital	-0.12912561648752363	32.487751982064516	NA	10.460467846881595	NA
Occipital	-0.12912561648752363	32.62912561648752	10.24970303242074	10.441693685113984	1.1228724152925085
Occipital	-0.12912561648752363	32.66336145223784	NA	10.437173602351349	NA
Occipital	-0.12912561648752363	32.83897092241116	NA	10.414145841535506	NA
Occipital	-0.12912561648752363	33.014580392584485	NA	10.391371717725777	NA
Occipital	-0.12912561648752363	33.190189862757805	NA	10.368838938268707	NA
Occipital	-0.12912561648752363	33.365799332931125	NA	10.346535740912284	NA
Occipital	-0.12912561648752363	33.541408803104446	NA	10.324450871161286	NA
Occipital	-0.12912561648752363	33.717018273277766	NA	10.302573560598445	NA
Occipital	-0.12912561648752363	33.89262774345109	NA	10.280893506130163	NA
Occipital	-0.12912561648752363	34.068237213624414	NA	10.259400850117407	NA
Occipital	-0.12912561648752363	34.243846683797734	NA	10.238086161354042	NA
Occipital	-0.12912561648752363	34.419456153971055	NA	10.216940416856376	NA
Occipital	-0.12912561648752363	34.595065624144375	NA	10.195954984429445	NA
Occipital	-0.12912561648752363	34.770675094317696	NA	10.175121605976829	NA
Occipital	-0.12912561648752363	34.94628456449102	NA	10.154432381522325	NA
Occipital	-0.12912561648752363	35.121894034664344	NA	10.1338797539131	NA
Occipital	-0.12912561648752363	35.297503504837664	NA	10.113456494175267	NA
Occipital	-0.12912561648752363	35.473112975010984	NA	10.093155687494127	NA
Occipital	-0.12912561648752363	35.648722445184305	NA	10.072970719792295	NA
Occipital	-0.12912561648752363	35.824331915357625	NA	10.052895264880355	NA
Occipital	-0.12912561648752363	35.99994138553095	NA	10.032923272155543	NA
Occipital	-0.12912561648752363	36.17555085570427	NA	10.013048954825145	NA
Occipital	-0.12912561648752363	36.35116032587759	NA	9.993266778632165	NA
Occipital	-0.12912561648752363	36.526769796050914	NA	9.973571451061941	NA
Occipital	-0.12912561648752363	36.702379266224234	NA	9.953957911009049	NA
Occipital	-0.12912561648752363	36.87798873639756	NA	9.93442131888505	NA
Occipital	-0.12912561648752363	37.05359820657088	NA	9.914957047148151	NA
Occipital	-0.12912561648752363	37.2292076767442	NA	9.895560671236806	NA
Occipital	-0.12912561648752363	37.40481714691752	NA	9.87622796089006	NA
Occipital	-0.12912561648752363	37.58042661709084	NA	9.856954871838157	NA
Occipital	-0.12912561648752363	37.62912561648752	9.602952219129453	9.851620177371947	1.0527702519210254
Occipital	-0.12912561648752363	37.756036087264164	NA	9.837737537847548	NA
Occipital	-0.12912561648752363	37.93164555743749	NA	9.81857226310532	NA
Occipital	-0.12912561648752363	38.10725502761081	NA	9.799455514928347	NA
Occipital	-0.12912561648752363	38.28286449778413	NA	9.780383916783578	NA
Occipital	-0.12912561648752363	38.45847396795745	NA	9.761354241606035	NA
Occipital	-0.12912561648752363	38.63408343813077	NA	9.742363405401832	NA
Occipital	-0.12912561648752363	38.8096929083041	NA	9.723408461124086	NA
Occipital	-0.12912561648752363	38.98530237847742	NA	9.704486592810134	NA
Occipital	-0.12912561648752363	39.16091184865074	NA	9.68559510996881	NA
Occipital	-0.12912561648752363	39.33652131882406	NA	9.666731442207174	NA
Occipital	-0.12912561648752363	39.51213078899738	NA	9.647893134086509	NA
Occipital	-0.12912561648752363	39.6877402591707	NA	9.629077840197736	NA
Occipital	-0.12912561648752363	39.86334972934403	NA	9.610283320963534	NA
Occipital	-0.12912561648752363	40.03895919951735	NA	9.591507438532318	NA
Occipital	-0.12912561648752363	40.21456866969067	NA	9.57274814754482	NA
Occipital	-0.12912561648752363	40.39017813986399	NA	9.554003497574948	NA
Occipital	-0.12912561648752363	40.56578761003731	NA	9.535271626579071	NA
Occipital	-0.12912561648752363	40.74139708021064	NA	9.51655075710524	NA
Occipital	-0.12912561648752363	40.91700655038396	NA	9.497839192663948	NA
Occipital	-0.12912561648752363	41.09261602055728	NA	9.479135314253998	NA
Occipital	-0.12912561648752363	41.2682254907306	NA	9.46043757703649	NA
Occipital	-0.12912561648752363	41.44383496090392	NA	9.441744507150743	NA
Occipital	-0.12912561648752363	41.61944443107725	NA	9.423054698666082	NA
Occipital	-0.12912561648752363	41.79505390125057	NA	9.40436681066376	NA
Occipital	-0.12912561648752363	41.97066337142389	NA	9.385679564443336	NA
Occipital	-0.12912561648752363	42.14627284159721	NA	9.366991740848322	NA
Occipital	-0.12912561648752363	42.32188231177053	NA	9.348302177705946	NA
Occipital	-0.12912561648752363	42.49749178194385	NA	9.329609767376203	NA
Occipital	-0.12912561648752363	42.62912561648752	9.026671913461524	9.31559575533068	0.9914176037735668
Occipital	-0.12912561648752363	42.67310125211718	NA	9.31091345440546	NA
Occipital	-0.12912561648752363	42.8487107222905	NA	9.292212233280283	NA
Occipital	-0.12912561648752363	43.02432019246382	NA	9.273505146277085	NA
Occipital	-0.12912561648752363	43.19992966263714	NA	9.254791281403573	NA
Occipital	-0.12912561648752363	43.37553913281046	NA	9.236069770428086	NA
Occipital	-0.12912561648752363	43.55114860298379	NA	9.217339786993017	NA
Occipital	-0.12912561648752363	43.72675807315711	NA	9.198600544808832	NA
Occipital	-0.12912561648752363	43.90236754333043	NA	9.179851295925118	NA
Occipital	-0.12912561648752363	44.07797701350375	NA	9.161091329075493	NA
Occipital	-0.12912561648752363	44.25358648367707	NA	9.142319968093194	NA
Occipital	-0.12912561648752363	44.42919595385039	NA	9.12353657039426	NA
Occipital	-0.12912561648752363	44.604805424023716	NA	9.104740525525527	NA
Occipital	-0.12912561648752363	44.78041489419704	NA	9.085931253774616	NA
Occipital	-0.12912561648752363	44.95602436437036	NA	9.067108204839283	NA
Occipital	-0.12912561648752363	45.13163383454368	NA	9.04826299641088	NA
Occipital	-0.12912561648752363	45.307243304717	NA	9.02953794694852	NA
Occipital	-0.12912561648752363	45.482852774890326	NA	9.011039041910294	NA
Occipital	-0.12912561648752363	45.658462245063646	NA	8.992757155376612	NA
Occipital	-0.12912561648752363	45.834071715236966	NA	8.974683548430807	NA
Occipital	-0.12912561648752363	46.00968118541029	NA	8.956809852664625	NA
Occipital	-0.12912561648752363	46.18529065558361	NA	8.939128054387059	NA
Occipital	-0.12912561648752363	46.36090012575693	NA	8.92163047950656	NA
Occipital	-0.12912561648752363	46.536509595930255	NA	8.904309779057892	NA
Occipital	-0.12912561648752363	46.712119066103575	NA	8.887158915346173	NA
Occipital	-0.12912561648752363	46.887728536276896	NA	8.870171148681745	NA
Occipital	-0.12912561648752363	47.063338006450216	NA	8.853340024680643	NA
Occipital	-0.12912561648752363	47.23894747662354	NA	8.836659362106735	NA
Occipital	-0.12912561648752363	47.414556946796864	NA	8.820123241232107	NA
Occipital	-0.12912561648752363	47.590166416970185	NA	8.80372599269392	NA
Occipital	-0.12912561648752363	47.62912561648752	8.5336697747344	8.800106609096064	0.9398423736497916
Occipital	-0.12912561648752363	47.765775887143505	NA	8.787462186826367	NA
Occipital	-0.12912561648752363	47.941385357316825	NA	8.771326638828292	NA
Occipital	-0.12912561648752363	48.116994827490146	NA	8.755314354940882	NA
Occipital	-0.12912561648752363	48.292604297663466	NA	8.739420561570286	NA
Occipital	-0.12912561648752363	48.468213767836794	NA	8.723640690057195	NA
Occipital	-0.12912561648752363	48.643823238010114	NA	8.707970364541922	NA
Occipital	-0.12912561648752363	48.819432708183434	NA	8.692405393751033	NA
Occipital	-0.12912561648752363	48.995042178356755	NA	8.676941763134234	NA
Occipital	-0.12912561648752363	49.170651648530075	NA	8.661575627336532	NA
Occipital	-0.12912561648752363	49.3462611187034	NA	8.646303302991374	NA
Occipital	-0.12912561648752363	49.52187058887672	NA	8.63112126182109	NA
Occipital	-0.12912561648752363	49.697480059050044	NA	8.616026124031508	NA
Occipital	-0.12912561648752363	49.873089529223364	NA	8.601014651988264	NA
Occipital	-0.12912561648752363	50.048698999396684	NA	8.586083744162684	NA
Occipital	-0.12912561648752363	50.22430846957001	NA	8.571230429335877	NA
Occipital	-0.12912561648752363	50.39991793974333	NA	8.556451861049867	NA
Occipital	-0.12912561648752363	50.57552740991665	NA	8.541745312295443	NA
Occipital	-0.12912561648752363	50.75113688008997	NA	8.527108170426352	NA
Occipital	-0.12912561648752363	50.926746350263294	NA	8.512537932290488	NA
Occipital	-0.12912561648752363	51.102355820436614	NA	8.49803219956857	NA
Occipital	-0.12912561648752363	51.27796529060994	NA	8.48358867431164	NA
Occipital	-0.12912561648752363	51.45357476078326	NA	8.469205154668769	NA
Occipital	-0.12912561648752363	51.62918423095658	NA	8.454879530796944	NA
Occipital	-0.12912561648752363	51.8047937011299	NA	8.440609780945366	NA
Occipital	-0.12912561648752363	51.98040317130322	NA	8.426393967706648	NA
Occipital	-0.12912561648752363	52.15601264147655	NA	8.412230234427884	NA
Occipital	-0.12912561648752363	52.33162211164987	NA	8.398116801774725	NA
Occipital	-0.12912561648752363	52.50723158182319	NA	8.384051964441937	NA
Occipital	-0.12912561648752363	52.62912561648752	8.136988993768078	8.374316958460339	0.8949935959509174
Occipital	-0.12912561648752363	52.68284105199651	NA	8.370034088004214	NA
Occipital	-0.12912561648752363	52.85845052216983	NA	8.356061605901234	NA
Occipital	-0.12912561648752363	53.03405999234315	NA	8.34213301655128	NA
Occipital	-0.12912561648752363	53.20966946251648	NA	8.328246880587901	NA
Occipital	-0.12912561648752363	53.3852789326898	NA	8.314401818214398	NA
Occipital	-0.12912561648752363	53.56088840286312	NA	8.300596506671045	NA
Occipital	-0.12912561648752363	53.73649787303644	NA	8.286829677810374	NA
Occipital	-0.12912561648752363	53.91210734320976	NA	8.27310011577574	NA
Occipital	-0.12912561648752363	54.08771681338309	NA	8.259406654778903	NA
Occipital	-0.12912561648752363	54.26332628355641	NA	8.245748176972379	NA
Occipital	-0.12912561648752363	54.43893575372973	NA	8.232123610412387	NA
Occipital	-0.12912561648752363	54.61454522390305	NA	8.218531927108751	NA
Occipital	-0.12912561648752363	54.79015469407637	NA	8.204972141157832	NA
Occipital	-0.12912561648752363	54.96576416424969	NA	8.191443306955177	NA
Occipital	-0.12912561648752363	55.14137363442302	NA	8.177944517484207	NA
Occipital	-0.12912561648752363	55.31698310459634	NA	8.164474902677963	NA
Occipital	-0.12912561648752363	55.49259257476966	NA	8.151033627850635	NA
Occipital	-0.12912561648752363	55.66820204494298	NA	8.13761989219598	NA
Occipital	-0.12912561648752363	55.8438115151163	NA	8.124232929154422	NA
Occipital	-0.12912561648752363	56.01942098528963	NA	8.110872001631584	NA
Occipital	-0.12912561648752363	56.19503045546295	NA	8.09753639986295	NA
Occipital	-0.12912561648752363	56.37063992563627	NA	8.08422544479664	NA
Occipital	-0.12912561648752363	56.54624939580959	NA	8.070938484658862	NA
Occipital	-0.12912561648752363	56.72185886598291	NA	8.05767489379759	NA
Occipital	-0.12912561648752363	56.89746833615623	NA	8.044434071575722	NA
Occipital	-0.12912561648752363	57.07307780632956	NA	8.031215441311263	NA
Occipital	-0.12912561648752363	57.24868727650288	NA	8.018018449262712	NA
Occipital	-0.12912561648752363	57.4242967466762	NA	8.004842563657714	NA
Occipital	-0.12912561648752363	57.59990621684952	NA	7.991687273763105	NA
Occipital	-0.12912561648752363	57.62912561648752	7.906655374733849	7.989500348318157	0.8584101996278483
Occipital	-0.12912561648752363	57.77551568702284	NA	7.978552088994518	NA
Occipital	-0.12912561648752363	57.95112515719617	NA	7.9654365380640355	NA
Occipital	-0.12912561648752363	58.12673462736949	NA	7.952340168164062	NA
Occipital	-0.12912561648752363	58.30234409754281	NA	7.939262544186064	NA
Occipital	-0.12912561648752363	58.47795356771613	NA	7.926203247972491	NA
Occipital	-0.12912561648752363	58.65356303788945	NA	7.913161877600677	NA
Occipital	-0.12912561648752363	58.829172508062776	NA	7.9001380466971884	NA
Occipital	-0.12912561648752363	59.004781978236096	NA	7.887131383781383	NA
Occipital	-0.12912561648752363	59.18039144840942	NA	7.874141531636975	NA
Occipital	-0.12912561648752363	59.35600091858274	NA	7.861168146710325	NA
Occipital	-0.12912561648752363	59.53161038875606	NA	7.848210898534386	NA
Occipital	-0.12912561648752363	59.70721985892938	NA	7.835269469177208	NA
Occipital	-0.12912561648752363	59.882829329102705	NA	7.8223435527138605	NA
Occipital	-0.12912561648752363	60.058438799276026	NA	7.809432854720952	NA
Occipital	-0.12912561648752363	60.234048269449346	NA	7.79657018211666	NA
Occipital	-0.12912561648752363	60.409657739622666	NA	7.783818584341833	NA
Occipital	-0.12912561648752363	60.58526720979599	NA	7.7711702629726425	NA
Occipital	-0.12912561648752363	60.760876679969314	NA	7.758621774733537	NA
Occipital	-0.12912561648752363	60.936486150142635	NA	7.74616981916074	NA
Occipital	-0.12912561648752363	61.112095620315955	NA	7.733811232528936	NA
Occipital	-0.12912561648752363	61.287705090489276	NA	7.721542982036928	NA
Occipital	-0.12912561648752363	61.463314560662596	NA	7.709362160241119	NA
Occipital	-0.12912561648752363	61.638924030835916	NA	7.697265979726372	NA
Occipital	-0.12912561648752363	61.814533501009244	NA	7.685251768003989	NA
Occipital	-0.12912561648752363	61.990142971182564	NA	7.673316962627242	NA
Occipital	-0.12912561648752363	62.165752441355885	NA	7.661459106515119	NA
Occipital	-0.12912561648752363	62.341361911529205	NA	7.649675843475396	NA
Occipital	-0.12912561648752363	62.516971381702525	NA	7.637964913918588	NA
Occipital	-0.12912561648752363	62.62912561648752	7.598647423585493	7.630522525437257	0.8232796700642128
Occipital	-0.12912561648752363	62.69258085187585	NA	7.626324150754614	NA
Occipital	-0.12912561648752363	62.86819032204917	NA	7.614751475464323	NA
Occipital	-0.12912561648752363	63.043799792222494	NA	7.603244894338539	NA
Occipital	-0.12912561648752363	63.219409262395814	NA	7.591802494877398	NA
Occipital	-0.12912561648752363	63.395018732569135	NA	7.580422442343175	NA
Occipital	-0.12912561648752363	63.570628202742455	NA	7.569102976460047	NA
Occipital	-0.12912561648752363	63.74623767291578	NA	7.557842409048609	NA
Occipital	-0.12912561648752363	63.9218471430891	NA	7.546639126301529	NA
Occipital	-0.12912561648752363	64.09745661326242	NA	7.535491564767695	NA
Occipital	-0.12912561648752363	64.27306608343575	NA	7.524398231768684	NA
Occipital	-0.12912561648752363	64.44867555360906	NA	7.513357694579104	NA
Occipital	-0.12912561648752363	64.62428502378239	NA	7.502368577885403	NA
Occipital	-0.12912561648752363	64.7998944939557	NA	7.49142956135305	NA
Occipital	-0.12912561648752363	64.97550396412903	NA	7.48053937729731	NA
Occipital	-0.12912561648752363	65.15111343430236	NA	7.4696968084533815	NA
Occipital	-0.12912561648752363	65.32672290447567	NA	7.458900685841478	NA
Occipital	-0.12912561648752363	65.502332374649	NA	7.448149886722949	NA
Occipital	-0.12912561648752363	65.67794184482231	NA	7.437443332643454	NA
Occipital	-0.12912561648752363	65.85355131499564	NA	7.426779987559548	NA
Occipital	-0.12912561648752363	66.02916078516897	NA	7.416158856045067	NA
Occipital	-0.12912561648752363	66.20477025534228	NA	7.405578981573997	NA
Occipital	-0.12912561648752363	66.38037972551561	NA	7.39503944487641	NA
Occipital	-0.12912561648752363	66.55598919568892	NA	7.384539362364556	NA
Occipital	-0.12912561648752363	66.73159866586225	NA	7.374077884625907	NA
Occipital	-0.12912561648752363	66.90720813603556	NA	7.363654194980507	NA
Occipital	-0.12912561648752363	67.08281760620889	NA	7.353267508099679	NA
Occipital	-0.12912561648752363	67.25842707638222	NA	7.342917068683672	NA
Occipital	-0.12912561648752363	67.43403654655553	NA	7.332602150195538	NA
Occipital	-0.12912561648752363	67.60964601672886	NA	7.322322053649072	NA
Occipital	-0.12912561648752363	67.62912561648753	7.341062119501537	7.321183831015052	0.7941339053739491
Occipital	-0.12912561648752363	67.78525548690217	NA	7.312076106448207	NA
Occipital	-0.12912561648752363	67.9608649570755	NA	7.301863661276002	NA
Occipital	-0.12912561648752363	68.13647442724883	NA	7.291684095030854	NA
Occipital	-0.12912561648752363	68.31208389742214	NA	7.281536807808077	NA
Occipital	-0.12912561648752363	68.48769336759547	NA	7.27142122192476	NA
Occipital	-0.12912561648752363	68.66330283776878	NA	7.261336780986272	NA
Occipital	-0.12912561648752363	68.83891230794211	NA	7.251282948992418	NA
Occipital	-0.12912561648752363	69.01452177811544	NA	7.241259209481692	NA
Occipital	-0.12912561648752363	69.19013124828875	NA	7.23126506471197	NA
Occipital	-0.12912561648752363	69.36574071846208	NA	7.221300034876062	NA
Occipital	-0.12912561648752363	69.54135018863539	NA	7.211363657350692	NA
Occipital	-0.12912561648752363	69.71695965880872	NA	7.201455485977423	NA
Occipital	-0.12912561648752363	69.89256912898205	NA	7.1915750903741475	NA
Occipital	-0.12912561648752363	70.06817859915536	NA	7.181722055276003	NA
Occipital	-0.12912561648752363	70.24378806932869	NA	7.171895979904208	NA
Occipital	-0.12912561648752363	70.419397539502	NA	7.162096477361811	NA
Occipital	-0.12912561648752363	70.59500700967533	NA	7.152323174055197	NA
Occipital	-0.12912561648752363	70.77061647984864	NA	7.142575709140084	NA
Occipital	-0.12912561648752363	70.94622595002197	NA	7.132853733991236	NA
Occipital	-0.12912561648752363	71.1218354201953	NA	7.123156911694618	NA
Occipital	-0.12912561648752363	71.29744489036861	NA	7.11348491656122	NA
Occipital	-0.12912561648752363	71.47305436054194	NA	7.103837433661516	NA
Occipital	-0.12912561648752363	71.64866383071525	NA	7.0942141583797715	NA
Occipital	-0.12912561648752363	71.82427330088858	NA	7.084614798608106	NA
Occipital	-0.12912561648752363	71.9998827710619	NA	7.075039067385487	NA
Occipital	-0.12912561648752363	72.17549224123522	NA	7.065486687557967	NA
Occipital	-0.12912561648752363	72.35110171140855	NA	7.055957391678537	NA
Occipital	-0.12912561648752363	72.52671118158186	NA	7.046450920653796	NA
Occipital	-0.12912561648752363	72.62912561648753	7.202623756914773	7.040917238300203	0.7676503110600775
Occipital	-0.12912561648752363	72.70232065175519	NA	7.036967023400448	NA
Occipital	-0.12912561648752363	72.87793012192851	NA	7.027505456516491	NA
Occipital	-0.12912561648752363	73.05353959210183	NA	7.018065983966299	NA
Occipital	-0.12912561648752363	73.22914906227516	NA	7.008648376779132	NA
Occipital	-0.12912561648752363	73.40475853244847	NA	6.999252412760422	NA
Occipital	-0.12912561648752363	73.5803680026218	NA	6.9898778762153295	NA
Occipital	-0.12912561648752363	73.75597747279512	NA	6.980524557684017	NA
Occipital	-0.12912561648752363	73.93158694296844	NA	6.971192253688197	NA
Occipital	-0.12912561648752363	74.10719641314176	NA	6.9618807664884015	NA
Occipital	-0.12912561648752363	74.28280588331508	NA	6.9525899038515675	NA
Occipital	-0.12912561648752363	74.4584153534884	NA	6.9433194788284744	NA
Occipital	-0.12912561648752363	74.63402482366173	NA	6.934069309540627	NA
Occipital	-0.12912561648752363	74.80963429383505	NA	6.924839218976186	NA
Occipital	-0.12912561648752363	74.98524376400837	NA	6.915629034794497	NA
Occipital	-0.12912561648752363	75.16085323418169	NA	6.906438589139006	NA
Occipital	-0.12912561648752363	75.33646270435501	NA	6.897267718457994	NA
Occipital	-0.12912561648752363	75.51207217452833	NA	6.888116263332964	NA
Occipital	-0.12912561648752363	75.68768164470166	NA	6.8789840683142955	NA
Occipital	-0.12912561648752363	75.86329111487498	NA	6.869870981763842	NA
Occipital	-0.12912561648752363	76.0389005850483	NA	6.86077685570421	NA
Occipital	-0.12912561648752363	76.21451005522162	NA	6.851701545674359	NA
Occipital	-0.12912561648752363	76.39011952539494	NA	6.84264491059142	NA
Occipital	-0.12912561648752363	76.56572899556826	NA	6.833606812618234	NA
Occipital	-0.12912561648752363	76.74133846574159	NA	6.8245871170365815	NA
Occipital	-0.12912561648752363	76.9169479359149	NA	6.815585692125729	NA
Occipital	-0.12912561648752363	77.09255740608823	NA	6.806602409046096	NA
Occipital	-0.12912561648752363	77.26816687626155	NA	6.797637141727891	NA
Occipital	-0.12912561648752363	77.44377634643487	NA	6.78868976676435	NA
Occipital	-0.12912561648752363	77.6193858166082	NA	6.779760163309612	NA
Occipital	-0.12912561648752363	77.62912561648753	7.0112135226138435	6.779265423085386	0.7435962630593645
Occipital	-0.12912561648752363	77.79499528678151	NA	6.770848212980772	NA
Occipital	-0.12912561648752363	77.97060475695484	NA	6.761953799764138	NA
Occipital	-0.12912561648752363	78.14621422712816	NA	6.753076809925434	NA
Occipital	-0.12912561648752363	78.32182369730148	NA	6.744217131923777	NA
Occipital	-0.12912561648752363	78.49743316747481	NA	6.735374656329228	NA
Occipital	-0.12912561648752363	78.67304263764812	NA	6.726549275743906	NA
Occipital	-0.12912561648752363	78.84865210782145	NA	6.717740884726351	NA
Occipital	-0.12912561648752363	79.02426157799476	NA	6.708949379719076	NA
Occipital	-0.12912561648752363	79.19987104816809	NA	6.700174658979184	NA
Occipital	-0.12912561648752363	79.3754805183414	NA	6.691416622511869	NA
Occipital	-0.12912561648752363	79.55108998851473	NA	6.682675172006752	NA
Occipital	-0.12912561648752363	79.72669945868806	NA	6.673950211686077	NA
Occipital	-0.12912561648752363	79.90230892886137	NA	6.665241647090291	NA
Occipital	-0.12912561648752363	80.0779183990347	NA	6.656549383006445	NA
Occipital	-0.12912561648752363	80.25352786920801	NA	6.647873327277221	NA
Occipital	-0.12912561648752363	80.42913733938134	NA	6.639213389149081	NA
Occipital	-0.12912561648752363	80.60474680955467	NA	6.630569479222973	NA
Occipital	-0.12912561648752363	80.78035627972798	NA	6.621941509407106	NA
Occipital	-0.12912561648752363	80.95596574990131	NA	6.61332939287172	NA
Occipital	-0.12912561648752363	81.13157522007462	NA	6.604733044005701	NA
Occipital	-0.12912561648752363	81.30718469024795	NA	6.596152378375022	NA
Occipital	-0.12912561648752363	81.48279416042128	NA	6.587587312682911	NA
Occipital	-0.12912561648752363	81.65840363059459	NA	6.579037764731684	NA
Occipital	-0.12912561648752363	81.83401310076792	NA	6.570503653386144	NA
Occipital	-0.12912561648752363	82.00962257094123	NA	6.561984898538492	NA
Occipital	-0.12912561648752363	82.18523204111456	NA	6.553481421074739	NA
Occipital	-0.12912561648752363	82.36084151128789	NA	6.544993142842448	NA
Occipital	-0.12912561648752363	82.5364509814612	NA	6.536519986619845	NA
Occipital	-0.12912561648752363	82.62912561648753	6.839845585897985	6.532054504483621	0.7230229745858322
Occipital	-0.12912561648752363	82.71206045163453	NA	6.528061876086186	NA
Occipital	-0.12912561648752363	82.88766992180784	NA	6.519618735793379	NA
Occipital	-0.12912561648752363	83.06327939198117	NA	6.511190491138718	NA
Occipital	-0.12912561648752363	83.2388888621545	NA	6.5027770683387836	NA
Occipital	-0.12912561648752363	83.41449833232781	NA	6.494378394404418	NA
Occipital	-0.12912561648752363	83.59010780250114	NA	6.485994397116685	NA
Occipital	-0.12912561648752363	83.76571727267445	NA	6.477625005003847	NA
Occipital	-0.12912561648752363	83.94132674284778	NA	6.4692701473192695	NA
Occipital	-0.12912561648752363	84.11693621302109	NA	6.460929754020241	NA
Occipital	-0.12912561648752363	84.29254568319442	NA	6.452603755747644	NA
Occipital	-0.12912561648752363	84.46815515336775	NA	6.444292083806422	NA
Occipital	-0.12912561648752363	84.64376462354106	NA	6.435994670146937	NA
Occipital	-0.12912561648752363	84.81937409371439	NA	6.427711447346946	NA
Occipital	-0.12912561648752363	84.9949835638877	NA	6.419442348594411	NA
Occipital	-0.12912561648752363	85.17059303406103	NA	6.411187307670968	NA
Occipital	-0.12912561648752363	85.34620250423436	NA	6.402946258936058	NA
Occipital	-0.12912561648752363	85.52181197440767	NA	6.394719137311667	NA
Occipital	-0.12912561648752363	85.697421444581	NA	6.3865058782677515	NA
Occipital	-0.12912561648752363	85.87303091475431	NA	6.3783064178081865	NA
Occipital	-0.12912561648752363	86.04864038492764	NA	6.3701206924572675	NA
Occipital	-0.12912561648752363	86.22424985510096	NA	6.361948639246799	NA
Occipital	-0.12912561648752363	86.39985932527428	NA	6.353790195703647	NA
Occipital	-0.12912561648752363	86.5754687954476	NA	6.345645299837836	NA
Occipital	-0.12912561648752363	86.75107826562092	NA	6.337513890131016	NA
Occipital	-0.12912561648752363	86.92668773579425	NA	6.329395905525533	NA
Occipital	-0.12912561648752363	87.10229720596757	NA	6.321291285413783	NA
Occipital	-0.12912561648752363	87.27790667614089	NA	6.313199969628068	NA
Occipital	-0.12912561648752363	87.45351614631421	NA	6.305121898430809	NA
Occipital	-0.12912561648752363	87.62912561648753	6.783333912417581	6.297048858227884	0.7035229683239753
PCC	-0.12912561648752363	0	0	-2.2887967742090018e-14	0
PCC	-0.12912561648752363	0.1756094701733217	NA	3.895504824748541e-4	NA
PCC	-0.12912561648752363	0.3512189403466434	NA	0.0010888089565879663	NA
PCC	-0.12912561648752363	0.37912561648752363	0.00629028448682362	0.0014205746426717172	0.525655067421128
PCC	-0.12912561648752363	0.5268284105199651	NA	0.0037949020533551915	NA
PCC	-0.12912561648752363	0.7024378806932868	NA	0.6840042783368079	NA
PCC	-0.12912561648752363	0.8780473508666086	NA	2.1744211689236157	NA
PCC	-0.12912561648752363	0.8791256164875236	2.619318143757516	2.186653179421783	0.6724371859765057
PCC	-0.12912561648752363	1.0536568210399302	NA	4.344138901583875	NA
PCC	-0.12912561648752363	1.229266291213252	NA	6.518076722916597	NA
PCC	-0.12912561648752363	1.3791256164875236	8.800847281784943	8.4911861589401	0.8085391330145363
PCC	-0.12912561648752363	1.4048757613865737	NA	8.842224103189478	NA
PCC	-0.12912561648752363	1.5804852315598954	NA	11.303401898457485	NA
PCC	-0.12912561648752363	1.7560947017332171	NA	13.851458633996481	NA
PCC	-0.12912561648752363	1.8791256164875236	16.02907609467649	15.802384191006254	0.9081623318502868
PCC	-0.12912561648752363	1.9317041719065389	NA	16.659665194169197	NA
PCC	-0.12912561648752363	2.1073136420798604	NA	19.244956879936694	NA
PCC	-0.12912561648752363	2.282923112253182	NA	21.508966138856813	NA
PCC	-0.12912561648752363	2.3791256164875234	23.28532125614586	22.48502722232756	0.984110606672485
PCC	-0.12912561648752363	2.458532582426504	NA	23.18215961581471	NA
PCC	-0.12912561648752363	2.6341420525998256	NA	24.38008212809897	NA
PCC	-0.12912561648752363	2.8097515227731473	NA	25.11428609257109	NA
PCC	-0.12912561648752363	2.8791256164875234	26.248837962513416	25.280545152401395	1.005973032224954
PCC	-0.12912561648752363	2.985360992946469	NA	25.403860470737023	NA
PCC	-0.12912561648752363	3.160970463119791	NA	25.741956164900607	NA
PCC	-0.12912561648752363	3.3365799332931125	NA	26.023798790489355	NA
PCC	-0.12912561648752363	3.5121894034664343	NA	26.221516031225434	NA
PCC	-0.12912561648752363	3.6291256164875234	25.72587434056135	26.30799675244084	1.2050566243435854
PCC	-0.12912561648752363	3.687798873639756	NA	26.338105853797142	NA
PCC	-0.12912561648752363	3.8634083438130777	NA	26.376440238612496	NA
PCC	-0.12912561648752363	4.0390178139863995	NA	26.33927058906313	NA
PCC	-0.12912561648752363	4.214627284159721	NA	26.229232907956245	NA
PCC	-0.12912561648752363	4.390236754333043	NA	26.04885275113929	NA
PCC	-0.12912561648752363	4.565846224506364	NA	25.800549967910467	NA
PCC	-0.12912561648752363	4.629125616487523	24.60004045943763	25.69491420534782	1.1820350774517108
PCC	-0.12912561648752363	4.741455694679686	NA	25.486643237395143	NA
PCC	-0.12912561648752363	4.917065164853008	NA	25.109354409672765	NA
PCC	-0.12912561648752363	5.09267463502633	NA	24.725326550581332	NA
PCC	-0.12912561648752363	5.268284105199651	NA	24.384182044747998	NA
PCC	-0.12912561648752363	5.443893575372973	NA	24.053913515185137	NA
PCC	-0.12912561648752363	5.619503045546295	NA	23.73400128153797	NA
PCC	-0.12912561648752363	5.629125616487523	23.125058796834185	23.71676176113139	1.1516312773471051
PCC	-0.12912561648752363	5.795112515719616	NA	23.42394829473639	NA
PCC	-0.12912561648752363	5.970721985892938	NA	23.123279161282042	NA
PCC	-0.12912561648752363	6.146331456066259	NA	22.831539209553455	NA
PCC	-0.12912561648752363	6.321940926239582	NA	22.54829359631972	NA
PCC	-0.12912561648752363	6.497550396412903	NA	22.273126451731684	NA
PCC	-0.12912561648752363	6.673159866586225	NA	22.005640061133743	NA
PCC	-0.12912561648752363	6.848769336759546	NA	21.745454082110836	NA
PCC	-0.12912561648752363	7.0243788069328685	NA	21.49220479525355	NA
PCC	-0.12912561648752363	7.129125616487523	21.45668319995908	21.344305524253297	1.3527978229421094
PCC	-0.12912561648752363	7.19998827710619	NA	21.245544387189348	NA
PCC	-0.12912561648752363	7.375597747279512	NA	21.00514026449077	NA
PCC	-0.12912561648752363	7.551207217452833	NA	20.770674397130986	NA
PCC	-0.12912561648752363	7.7268166876261555	NA	20.541842690214427	NA
PCC	-0.12912561648752363	7.902426157799477	NA	20.318354382765143	NA
PCC	-0.12912561648752363	8.078035627972799	NA	20.099931938191055	NA
PCC	-0.12912561648752363	8.253645098146121	NA	19.886309299252844	NA
PCC	-0.12912561648752363	8.429254568319442	NA	19.677232077111558	NA
PCC	-0.12912561648752363	8.604864038492764	NA	19.472457340596417	NA
PCC	-0.12912561648752363	8.780473508666086	NA	19.271752852918382	NA
PCC	-0.12912561648752363	8.956082978839406	NA	19.074896610035086	NA
PCC	-0.12912561648752363	9.129125616487524	19.28491155751824	18.884474295366616	1.277809920111782
PCC	-0.12912561648752363	9.131692449012728	NA	18.88167639889836	NA
PCC	-0.12912561648752363	9.30730191918605	NA	18.691889374728053	NA
PCC	-0.12912561648752363	9.482911389359373	NA	18.505341656493037	NA
PCC	-0.12912561648752363	9.658520859532693	NA	18.321847939815356	NA
PCC	-0.12912561648752363	9.834130329706015	NA	18.14123112654722	NA
PCC	-0.12912561648752363	10.009739799879338	NA	17.96332197030318	NA
PCC	-0.12912561648752363	10.18534927005266	NA	17.79238965537438	NA
PCC	-0.12912561648752363	10.36095874022598	NA	17.62916458082964	NA
PCC	-0.12912561648752363	10.536568210399302	NA	17.471885390330335	NA
PCC	-0.12912561648752363	10.712177680572625	NA	17.32028104582453	NA
PCC	-0.12912561648752363	10.887787150745947	NA	17.17409225406195	NA
PCC	-0.12912561648752363	11.063396620919267	NA	17.03307096052315	NA
PCC	-0.12912561648752363	11.23900609109259	NA	16.896979865140477	NA
PCC	-0.12912561648752363	11.414615561265911	NA	16.765591958872687	NA
PCC	-0.12912561648752363	11.590225031439232	NA	16.63869008023515	NA
PCC	-0.12912561648752363	11.765834501612554	NA	16.5160664909265	NA
PCC	-0.12912561648752363	11.941443971785876	NA	16.397522469729484	NA
PCC	-0.12912561648752363	12.117053441959198	NA	16.28286792389904	NA
PCC	-0.12912561648752363	12.292662912132519	NA	16.17192101728486	NA
PCC	-0.12912561648752363	12.468272382305841	NA	16.064507814467696	NA
PCC	-0.12912561648752363	12.629125616487524	16.630169653264122	15.969079165362867	1.5779206941832196
PCC	-0.12912561648752363	12.643881852479163	NA	15.96046194021999	NA
PCC	-0.12912561648752363	12.819491322652485	NA	15.859624253630967	NA
PCC	-0.12912561648752363	12.995100792825806	NA	15.76184253626481	NA
PCC	-0.12912561648752363	13.170710262999128	NA	15.666971193747601	NA
PCC	-0.12912561648752363	13.34631973317245	NA	15.574870970204914	NA
PCC	-0.12912561648752363	13.521929203345772	NA	15.485408674996654	NA
PCC	-0.12912561648752363	13.697538673519093	NA	15.398456921219795	NA
PCC	-0.12912561648752363	13.873148143692415	NA	15.313893875471944	NA
PCC	-0.12912561648752363	14.048757613865737	NA	15.231603018391436	NA
PCC	-0.12912561648752363	14.224367084039057	NA	15.15147291550944	NA
PCC	-0.12912561648752363	14.39997655421238	NA	15.073396997970313	NA
PCC	-0.12912561648752363	14.575586024385702	NA	14.997273352695215	NA
PCC	-0.12912561648752363	14.751195494559024	NA	14.923004521582422	NA
PCC	-0.12912561648752363	14.926804964732344	NA	14.850497309355166	NA
PCC	-0.12912561648752363	15.102414434905667	NA	14.7796503806838	NA
PCC	-0.12912561648752363	15.278023905078989	NA	14.710750462251285	NA
PCC	-0.12912561648752363	15.453633375252311	NA	14.643889460595952	NA
PCC	-0.12912561648752363	15.629242845425631	NA	14.578970720975068	NA
PCC	-0.12912561648752363	15.804852315598954	NA	14.515901794375782	NA
PCC	-0.12912561648752363	15.980461785772276	NA	14.45459432594769	NA
PCC	-0.12912561648752363	16.156071255945598	NA	14.394963842585295	NA
PCC	-0.12912561648752363	16.33168072611892	NA	14.336929261808573	NA
PCC	-0.12912561648752363	16.507290196292242	NA	14.280413222397117	NA
PCC	-0.12912561648752363	16.682899666465563	NA	14.22534173702454	NA
PCC	-0.12912561648752363	16.858509136638883	NA	14.171644046774544	NA
PCC	-0.12912561648752363	17.034118606812207	NA	14.119252481922256	NA
PCC	-0.12912561648752363	17.209728076985527	NA	14.068102328710875	NA
PCC	-0.12912561648752363	17.385337547158848	NA	14.018131701865691	NA
PCC	-0.12912561648752363	17.560947017332172	NA	13.969281422598257	NA
PCC	-0.12912561648752363	17.629125616487524	14.358251556930558	13.950605289924528	1.4234263107476035
PCC	-0.12912561648752363	17.736556487505492	NA	13.921494901864456	NA
PCC	-0.12912561648752363	17.912165957678813	NA	13.874718028650186	NA
PCC	-0.12912561648752363	18.087775427852137	NA	13.828899063068096	NA
PCC	-0.12912561648752363	18.263384898025457	NA	13.783988534058407	NA
PCC	-0.12912561648752363	18.43899436819878	NA	13.739939141495421	NA
PCC	-0.12912561648752363	18.6146038383721	NA	13.696705662510066	NA
PCC	-0.12912561648752363	18.79021330854542	NA	13.654244861846939	NA
PCC	-0.12912561648752363	18.965822778718746	NA	13.612515406082148	NA
PCC	-0.12912561648752363	19.141432248892066	NA	13.57147778153569	NA
PCC	-0.12912561648752363	19.317041719065386	NA	13.531094215719246	NA
PCC	-0.12912561648752363	19.49265118923871	NA	13.49132860216732	NA
PCC	-0.12912561648752363	19.66826065941203	NA	13.452146428505763	NA
PCC	-0.12912561648752363	19.84387012958535	NA	13.413514707618614	NA
PCC	-0.12912561648752363	20.019479599758675	NA	13.375401911779536	NA
PCC	-0.12912561648752363	20.195089069931996	NA	13.337777909620486	NA
PCC	-0.12912561648752363	20.37069854010532	NA	13.300613905815167	NA
PCC	-0.12912561648752363	20.54630801027864	NA	13.263882383360606	NA
PCC	-0.12912561648752363	20.72191748045196	NA	13.227557048344826	NA
PCC	-0.12912561648752363	20.897526950625284	NA	13.191612777093681	NA
PCC	-0.12912561648752363	21.073136420798605	NA	13.1560255655943	NA
PCC	-0.12912561648752363	21.248745890971925	NA	13.120772481097145	NA
PCC	-0.12912561648752363	21.42435536114525	NA	13.085831615802977	NA
PCC	-0.12912561648752363	21.59996483131857	NA	13.051182042544768	NA
PCC	-0.12912561648752363	21.775574301491893	NA	13.016803772378843	NA
PCC	-0.12912561648752363	21.951183771665214	NA	12.982677714002879	NA
PCC	-0.12912561648752363	22.126793241838534	NA	12.948785634922228	NA
PCC	-0.12912561648752363	22.302402712011858	NA	12.915110124289201	NA
PCC	-0.12912561648752363	22.47801218218518	NA	12.881634557343325	NA
PCC	-0.12912561648752363	22.629125616487524	12.757518507833426	12.852976470255694	1.3038319070137474
PCC	-0.12912561648752363	22.6536216523585	NA	12.848343061383579	NA
PCC	-0.12912561648752363	22.829231122531823	NA	12.81522048320669	NA
PCC	-0.12912561648752363	23.004840592705143	NA	12.78225235794838	NA
PCC	-0.12912561648752363	23.180450062878464	NA	12.749424879267021	NA
PCC	-0.12912561648752363	23.356059533051788	NA	12.716724870812108	NA
PCC	-0.12912561648752363	23.531669003225108	NA	12.684139758922031	NA
PCC	-0.12912561648752363	23.707278473398432	NA	12.651657546498264	NA
PCC	-0.12912561648752363	23.882887943571752	NA	12.619266788005442	NA
PCC	-0.12912561648752363	24.058497413745073	NA	12.586956575268285	NA
PCC	-0.12912561648752363	24.234106883918397	NA	12.554716483506743	NA
PCC	-0.12912561648752363	24.409716354091717	NA	12.522536581512716	NA
PCC	-0.12912561648752363	24.585325824265038	NA	12.490407401064164	NA
PCC	-0.12912561648752363	24.76093529443836	NA	12.458319915751865	NA
PCC	-0.12912561648752363	24.936544764611682	NA	12.426265521786686	NA
PCC	-0.12912561648752363	25.112154234785006	NA	12.394236019634079	NA
PCC	-0.12912561648752363	25.287763704958326	NA	12.362223596440204	NA
PCC	-0.12912561648752363	25.463373175131647	NA	12.330220809215506	NA
PCC	-0.12912561648752363	25.63898264530497	NA	12.298220568743291	NA
PCC	-0.12912561648752363	25.81459211547829	NA	12.266216124181852	NA
PCC	-0.12912561648752363	25.99020158565161	NA	12.234201048330522	NA
PCC	-0.12912561648752363	26.165811055824935	NA	12.202169223530857	NA
PCC	-0.12912561648752363	26.341420525998256	NA	12.170114828175759	NA
PCC	-0.12912561648752363	26.517029996171576	NA	12.138032323800237	NA
PCC	-0.12912561648752363	26.6926394663449	NA	12.105916442728828	NA
PCC	-0.12912561648752363	26.86824893651822	NA	12.073762176255684	NA
PCC	-0.12912561648752363	27.043858406691545	NA	12.041564763334337	NA
PCC	-0.12912561648752363	27.219467876864865	NA	12.009319679755494	NA
PCC	-0.12912561648752363	27.395077347038185	NA	11.977022627791122	NA
PCC	-0.12912561648752363	27.57068681721151	NA	11.944669526285649	NA
PCC	-0.12912561648752363	27.629125616487524	11.674603795904618	11.93389005380909	1.2051004760161728
PCC	-0.12912561648752363	27.74629628738483	NA	11.912256501174417	NA
PCC	-0.12912561648752363	27.92190575755815	NA	11.879779876411163	NA
PCC	-0.12912561648752363	28.097515227731474	NA	11.847236165286922	NA
PCC	-0.12912561648752363	28.273124697904795	NA	11.814622062123497	NA
PCC	-0.12912561648752363	28.448734168078115	NA	11.781934434325334	NA
PCC	-0.12912561648752363	28.62434363825144	NA	11.749170314774391	NA
PCC	-0.12912561648752363	28.79995310842476	NA	11.716326894553221	NA
PCC	-0.12912561648752363	28.975562578598083	NA	11.683401515982158	NA
PCC	-0.12912561648752363	29.151172048771404	NA	11.650391665956983	NA
PCC	-0.12912561648752363	29.326781518944724	NA	11.617294969574274	NA
PCC	-0.12912561648752363	29.502390989118048	NA	11.584109184031943	NA
PCC	-0.12912561648752363	29.67800045929137	NA	11.550832192793136	NA
PCC	-0.12912561648752363	29.85360992946469	NA	11.51746200000217	NA
PCC	-0.12912561648752363	30.029219399638013	NA	11.483996725141594	NA
PCC	-0.12912561648752363	30.204828869811333	NA	11.451252267873365	NA
PCC	-0.12912561648752363	30.380438339984657	NA	11.419097996815808	NA
PCC	-0.12912561648752363	30.556047810157978	NA	11.387439199389467	NA
PCC	-0.12912561648752363	30.731657280331298	NA	11.356253533048992	NA
PCC	-0.12912561648752363	30.907266750504622	NA	11.32551962227366	NA
PCC	-0.12912561648752363	31.082876220677942	NA	11.295217016904797	NA
PCC	-0.12912561648752363	31.258485690851263	NA	11.265326152277234	NA
PCC	-0.12912561648752363	31.434095161024587	NA	11.235828311067515	NA
PCC	-0.12912561648752363	31.609704631197907	NA	11.206705586784935	NA
PCC	-0.12912561648752363	31.785314101371227	NA	11.177940848834677	NA
PCC	-0.12912561648752363	31.96092357154455	NA	11.149517736196653	NA
PCC	-0.12912561648752363	32.136533041717875	NA	11.121420563163115	NA
PCC	-0.12912561648752363	32.312142511891196	NA	11.09363430855002	NA
PCC	-0.12912561648752363	32.487751982064516	NA	11.066144625392319	NA
PCC	-0.12912561648752363	32.62912561648752	10.698249795351828	11.044220405272418	1.1228724152925085
PCC	-0.12912561648752363	32.66336145223784	NA	11.038937789232216	NA
PCC	-0.12912561648752363	32.83897092241116	NA	11.012000671291993	NA
PCC	-0.12912561648752363	33.014580392584485	NA	10.985320712802086	NA
PCC	-0.12912561648752363	33.190189862757805	NA	10.958885900434653	NA
PCC	-0.12912561648752363	33.365799332931125	NA	10.932684742794974	NA
PCC	-0.12912561648752363	33.541408803104446	NA	10.906706247925245	NA
PCC	-0.12912561648752363	33.717018273277766	NA	10.880939901777063	NA
PCC	-0.12912561648752363	33.89262774345109	NA	10.855375647610947	NA
PCC	-0.12912561648752363	34.068237213624414	NA	10.830003866282999	NA
PCC	-0.12912561648752363	34.243846683797734	NA	10.804815357380452	NA
PCC	-0.12912561648752363	34.419456153971055	NA	10.779801321169588	NA
PCC	-0.12912561648752363	34.595065624144375	NA	10.754953341321057	NA
PCC	-0.12912561648752363	34.770675094317696	NA	10.730263368379097	NA
PCC	-0.12912561648752363	34.94628456449102	NA	10.705723703942612	NA
PCC	-0.12912561648752363	35.121894034664344	NA	10.68132698552754	NA
PCC	-0.12912561648752363	35.297503504837664	NA	10.657066172081054	NA
PCC	-0.12912561648752363	35.473112975010984	NA	10.632934530119615	NA
PCC	-0.12912561648752363	35.648722445184305	NA	10.608925620464012	NA
PCC	-0.12912561648752363	35.824331915357625	NA	10.585033285545638	NA
PCC	-0.12912561648752363	35.99994138553095	NA	10.56125163725943	NA
PCC	-0.12912561648752363	36.17555085570427	NA	10.537575045339945	NA
PCC	-0.12912561648752363	36.35116032587759	NA	10.513998126238073	NA
PCC	-0.12912561648752363	36.526769796050914	NA	10.490515732476696	NA
PCC	-0.12912561648752363	36.702379266224234	NA	10.467122942464881	NA
PCC	-0.12912561648752363	36.87798873639756	NA	10.443815050750707	NA
PCC	-0.12912561648752363	37.05359820657088	NA	10.420587558693837	NA
PCC	-0.12912561648752363	37.2292076767442	NA	10.397436165539913	NA
PCC	-0.12912561648752363	37.40481714691752	NA	10.374356759879246	NA
PCC	-0.12912561648752363	37.58042661709084	NA	10.351345411473488	NA
PCC	-0.12912561648752363	37.62912561648752	9.966583247635104	10.344975549018296	1.0527702519210254
PCC	-0.12912561648752363	37.756036087264164	NA	10.328398363434236	NA
PCC	-0.12912561648752363	37.93164555743749	NA	10.305512024738587	NA
PCC	-0.12912561648752363	38.10725502761081	NA	10.282682963066977	NA
PCC	-0.12912561648752363	38.28286449778413	NA	10.25990789794958	NA
PCC	-0.12912561648752363	38.45847396795745	NA	10.237183694207829	NA
PCC	-0.12912561648752363	38.63408343813077	NA	10.21450735567852	NA
PCC	-0.12912561648752363	38.8096929083041	NA	10.191876019208143	NA
PCC	-0.12912561648752363	38.98530237847742	NA	10.169286948905967	NA
PCC	-0.12912561648752363	39.16091184865074	NA	10.146737530644632	NA
PCC	-0.12912561648752363	39.33652131882406	NA	10.124225266797698	NA
PCC	-0.12912561648752363	39.51213078899738	NA	10.101747771203746	NA
PCC	-0.12912561648752363	39.6877402591707	NA	10.079302764347563	NA
PCC	-0.12912561648752363	39.86334972934403	NA	10.056888069531519	NA
PCC	-0.12912561648752363	40.03895919951735	NA	10.034501609279538	NA
PCC	-0.12912561648752363	40.21456866969067	NA	10.012141393393234	NA
PCC	-0.12912561648752363	40.39017813986399	NA	9.989805524812018	NA
PCC	-0.12912561648752363	40.56578761003731	NA	9.967492191965452	NA
PCC	-0.12912561648752363	40.74139708021064	NA	9.945199665073485	NA
PCC	-0.12912561648752363	40.91700655038396	NA	9.922926292605792	NA
PCC	-0.12912561648752363	41.09261602055728	NA	9.900670497893985	NA
PCC	-0.12912561648752363	41.2682254907306	NA	9.878430775889552	NA
PCC	-0.12912561648752363	41.44383496090392	NA	9.856205690061612	NA
PCC	-0.12912561648752363	41.61944443107725	NA	9.833993869428282	NA
PCC	-0.12912561648752363	41.79505390125057	NA	9.811794005715937	NA
PCC	-0.12912561648752363	41.97066337142389	NA	9.78960485064094	NA
PCC	-0.12912561648752363	42.14627284159721	NA	9.76742521330845	NA
PCC	-0.12912561648752363	42.32188231177053	NA	9.745253957723344	NA
PCC	-0.12912561648752363	42.49749178194385	NA	9.72309000040837	NA
PCC	-0.12912561648752363	42.62912561648752	9.314662278042494	9.706480442564187	0.9914176037735668
PCC	-0.12912561648752363	42.67310125211718	NA	9.700932308125024	NA
PCC	-0.12912561648752363	42.8487107222905	NA	9.678779895692541	NA
PCC	-0.12912561648752363	43.02432019246382	NA	9.65663182390096	NA
PCC	-0.12912561648752363	43.19992966263714	NA	9.634487197514112	NA
PCC	-0.12912561648752363	43.37553913281046	NA	9.612345163358691	NA
PCC	-0.12912561648752363	43.55114860298379	NA	9.590204908495645	NA
PCC	-0.12912561648752363	43.72675807315711	NA	9.568065658470477	NA
PCC	-0.12912561648752363	43.90236754333043	NA	9.545926675638853	NA
PCC	-0.12912561648752363	44.07797701350375	NA	9.523787257564527	NA
PCC	-0.12912561648752363	44.25358648367707	NA	9.501646735486203	NA
PCC	-0.12912561648752363	44.42919595385039	NA	9.479504472850577	NA
PCC	-0.12912561648752363	44.604805424023716	NA	9.457359863908612	NA
PCC	-0.12912561648752363	44.78041489419704	NA	9.435212332372291	NA
PCC	-0.12912561648752363	44.95602436437036	NA	9.413061330129365	NA
PCC	-0.12912561648752363	45.13163383454368	NA	9.390898664040947	NA
PCC	-0.12912561648752363	45.307243304717	NA	9.368869243444529	NA
PCC	-0.12912561648752363	45.482852774890326	NA	9.347079954456508	NA
PCC	-0.12912561648752363	45.658462245063646	NA	9.32552172296257	NA
PCC	-0.12912561648752363	45.834071715236966	NA	9.304185859276943	NA
PCC	-0.12912561648752363	46.00968118541029	NA	9.283064041621074	NA
PCC	-0.12912561648752363	46.18529065558361	NA	9.262148300313441	NA
PCC	-0.12912561648752363	46.36090012575693	NA	9.241431002640022	NA
PCC	-0.12912561648752363	46.536509595930255	NA	9.220904838376017	NA
PCC	-0.12912561648752363	46.712119066103575	NA	9.200562805930822	NA
PCC	-0.12912561648752363	46.887728536276896	NA	9.180398199089419	NA
PCC	-0.12912561648752363	47.063338006450216	NA	9.16040459432447	NA
PCC	-0.12912561648752363	47.23894747662354	NA	9.140575838654625	NA
PCC	-0.12912561648752363	47.414556946796864	NA	9.120906038025412	NA
PCC	-0.12912561648752363	47.590166416970185	NA	9.101389546190282	NA
PCC	-0.12912561648752363	47.62912561648752	8.774787125420385	9.097080123461597	0.9398423736497916
PCC	-0.12912561648752363	47.765775887143505	NA	9.082020954070298	NA
PCC	-0.12912561648752363	47.941385357316825	NA	9.062795096760855	NA
PCC	-0.12912561648752363	48.116994827490146	NA	9.04370699472346	NA
PCC	-0.12912561648752363	48.292604297663466	NA	9.024751887155883	NA
PCC	-0.12912561648752363	48.468213767836794	NA	9.00592521620113	NA
PCC	-0.12912561648752363	48.643823238010114	NA	8.98722261445131	NA
PCC	-0.12912561648752363	48.819432708183434	NA	8.968639896776155	NA
PCC	-0.12912561648752363	48.995042178356755	NA	8.950173052503319	NA
PCC	-0.12912561648752363	49.170651648530075	NA	8.93181823793516	NA
PCC	-0.12912561648752363	49.3462611187034	NA	8.913571769187655	NA
PCC	-0.12912561648752363	49.52187058887672	NA	8.895430115337433	NA
PCC	-0.12912561648752363	49.697480059050044	NA	8.87738989186381	NA
PCC	-0.12912561648752363	49.873089529223364	NA	8.85944785437302	NA
PCC	-0.12912561648752363	50.048698999396684	NA	8.841600892592503	NA
PCC	-0.12912561648752363	50.22430846957001	NA	8.823846024623684	NA
PCC	-0.12912561648752363	50.39991793974333	NA	8.80618039144208	NA
PCC	-0.12912561648752363	50.57552740991665	NA	8.788601251634	NA
PCC	-0.12912561648752363	50.75113688008997	NA	8.77110597635985	NA
PCC	-0.12912561648752363	50.926746350263294	NA	8.75369204453408	NA
PCC	-0.12912561648752363	51.102355820436614	NA	8.736357038212555	NA
PCC	-0.12912561648752363	51.27796529060994	NA	8.719098638178433	NA
PCC	-0.12912561648752363	51.45357476078326	NA	8.701914619717936	NA
PCC	-0.12912561648752363	51.62918423095658	NA	8.684802848577881	NA
PCC	-0.12912561648752363	51.8047937011299	NA	8.667761277097126	NA
PCC	-0.12912561648752363	51.98040317130322	NA	8.65078794050449	NA
PCC	-0.12912561648752363	52.15601264147655	NA	8.633880953375886	NA
PCC	-0.12912561648752363	52.33162211164987	NA	8.617038506243942	NA
PCC	-0.12912561648752363	52.50723158182319	NA	8.6002588623534	NA
PCC	-0.12912561648752363	52.62912561648752	8.249693619375273	8.588647782740603	0.8949935959509174
PCC	-0.12912561648752363	52.68284105199651	NA	8.583540354556153	NA
PCC	-0.12912561648752363	52.85845052216983	NA	8.566881382339783	NA
PCC	-0.12912561648752363	53.03405999234315	NA	8.550280408984001	NA
PCC	-0.12912561648752363	53.20966946251648	NA	8.53373595883929	NA
PCC	-0.12912561648752363	53.3852789326898	NA	8.517246614722687	NA
PCC	-0.12912561648752363	53.56088840286312	NA	8.500811015425509	NA
PCC	-0.12912561648752363	53.73649787303644	NA	8.484427853328308	NA
PCC	-0.12912561648752363	53.91210734320976	NA	8.468095872118377	NA
PCC	-0.12912561648752363	54.08771681338309	NA	8.451813864605374	NA
PCC	-0.12912561648752363	54.26332628355641	NA	8.435580670631007	NA
PCC	-0.12912561648752363	54.43893575372973	NA	8.419395175068377	NA
PCC	-0.12912561648752363	54.61454522390305	NA	8.403256305907558	NA
PCC	-0.12912561648752363	54.79015469407637	NA	8.38716303242338	NA
PCC	-0.12912561648752363	54.96576416424969	NA	8.371114363421995	NA
PCC	-0.12912561648752363	55.14137363442302	NA	8.355109345562811	NA
PCC	-0.12912561648752363	55.31698310459634	NA	8.339147061752623	NA
PCC	-0.12912561648752363	55.49259257476966	NA	8.323226629608664	NA
PCC	-0.12912561648752363	55.66820204494298	NA	8.307347199987813	NA
PCC	-0.12912561648752363	55.8438115151163	NA	8.291507958310273	NA
PCC	-0.12912561648752363	56.01942098528963	NA	8.275708118128321	NA
PCC	-0.12912561648752363	56.19503045546295	NA	8.259946918481306	NA
PCC	-0.12912561648752363	56.37063992563627	NA	8.24422362971256	NA
PCC	-0.12912561648752363	56.54624939580959	NA	8.228537548945702	NA
PCC	-0.12912561648752363	56.72185886598291	NA	8.212887998954539	NA
PCC	-0.12912561648752363	56.89746833615623	NA	8.1972743270815691	NA
PCC	-0.12912561648752363	57.07307780632956	NA	8.1816959042029	NA
PCC	-0.12912561648752363	57.24868727650288	NA	8.166152123737627	NA
PCC	-0.12912561648752363	57.4242967466762	NA	8.150642400699747	NA
PCC	-0.12912561648752363	57.59990621684952	NA	8.1351661707908125	NA
PCC	-0.12912561648752363	57.62912561648752	7.988234235161257	8.13259431524787	0.8584101996278483
PCC	-0.12912561648752363	57.77551568702284	NA	8.119722889531488	NA
PCC	-0.12912561648752363	57.95112515719617	NA	8.104312031430457	NA
PCC	-0.12912561648752363	58.12673462736949	NA	8.088933089188947	NA
PCC	-0.12912561648752363	58.30234409754281	NA	8.073585572939407	NA
PCC	-0.12912561648752363	58.47795356771613	NA	8.058269009516888	NA
PCC	-0.12912561648752363	58.65356303788945	NA	8.04298294176164	NA
PCC	-0.12912561648752363	58.829172508062776	NA	8.027726927851656	NA
PCC	-0.12912561648752363	59.004781978236096	NA	8.012500540663877	NA
PCC	-0.12912561648752363	59.18039144840942	NA	7.9973033671627105	NA
PCC	-0.12912561648752363	59.35600091858274	NA	7.982135007814867	NA
PCC	-0.12912561648752363	59.53161038875606	NA	7.966995076029199	NA
PCC	-0.12912561648752363	59.70721985892938	NA	7.951883197620623	NA
PCC	-0.12912561648752363	59.882829329102705	NA	7.936799010297014	NA
PCC	-0.12912561648752363	60.058438799276026	NA	7.921742163168006	NA
PCC	-0.12912561648752363	60.234048269449346	NA	7.906745663224237	NA
PCC	-0.12912561648752363	60.409657739622666	NA	7.891873501355984	NA
PCC	-0.12912561648752363	60.58526720979599	NA	7.877117943995427	NA
PCC	-0.12912561648752363	60.760876679969314	NA	7.862475511113305	NA
PCC	-0.12912561648752363	60.936486150142635	NA	7.84794286487417	NA
PCC	-0.12912561648752363	61.112095620315955	NA	7.83351680355183	NA
PCC	-0.12912561648752363	61.287705090489276	NA	7.819194255706641	NA
PCC	-0.12912561648752363	61.463314560662596	NA	7.804972274613254	NA
PCC	-0.12912561648752363	61.638924030835916	NA	7.790848032928138	NA
PCC	-0.12912561648752363	61.814533501009244	NA	7.776818817586507	NA
PCC	-0.12912561648752363	61.990142971182564	NA	7.762882024918784	NA
PCC	-0.12912561648752363	62.165752441355885	NA	7.7490351559771895	NA
PCC	-0.12912561648752363	62.341361911529205	NA	7.735275812063331	NA
PCC	-0.12912561648752363	62.516971381702525	NA	7.72160169044818	NA
PCC	-0.12912561648752363	62.62912561648752	7.9238444987138275	7.71291222540931	0.8232796700642128
PCC	-0.12912561648752363	62.69258085187585	NA	7.708010580276187	NA
PCC	-0.12912561648752363	62.86819032204917	NA	7.694500358645544	NA
PCC	-0.12912561648752363	63.043799792222494	NA	7.681068986857054	NA
PCC	-0.12912561648752363	63.219409262395814	NA	7.6677145068243515	NA
PCC	-0.12912561648752363	63.395018732569135	NA	7.654435037638469	NA
PCC	-0.12912561648752363	63.570628202742455	NA	7.641228772280203	NA
PCC	-0.12912561648752363	63.74623767291578	NA	7.628093975441567	NA
PCC	-0.12912561648752363	63.9218471430891	NA	7.615028987022666	NA
PCC	-0.12912561648752363	64.09745661326242	NA	7.602032193451589	NA
PCC	-0.12912561648752363	64.27306608343575	NA	7.589102053156494	NA
PCC	-0.12912561648752363	64.44867555360906	NA	7.576237084018294	NA
PCC	-0.12912561648752363	64.62428502378239	NA	7.563435860845178	NA
PCC	-0.12912561648752363	64.7998944939557	NA	7.550697012955667	NA
PCC	-0.12912561648752363	64.97550396412903	NA	7.538019221865549	NA
PCC	-0.12912561648752363	65.15111343430236	NA	7.525401219074285	NA
PCC	-0.12912561648752363	65.32672290447567	NA	7.512841783946527	NA
PCC	-0.12912561648752363	65.502332374649	NA	7.500339741684687	NA
PCC	-0.12912561648752363	65.67794184482231	NA	7.487893961388644	NA
PCC	-0.12912561648752363	65.85355131499564	NA	7.475503354198826	NA
PCC	-0.12912561648752363	66.02916078516897	NA	7.463166871519082	NA
PCC	-0.12912561648752363	66.20477025534228	NA	7.450883503315889	NA
PCC	-0.12912561648752363	66.38037972551561	NA	7.438652276490685	NA
PCC	-0.12912561648752363	66.55598919568892	NA	7.426472253322039	NA
PCC	-0.12912561648752363	66.73159866586225	NA	7.414342529974796	NA
PCC	-0.12912561648752363	66.90720813603556	NA	7.402262235073252	NA
PCC	-0.12912561648752363	67.08281760620889	NA	7.390230528335559	NA
PCC	-0.12912561648752363	67.25842707638222	NA	7.378246599266813	NA
PCC	-0.12912561648752363	67.43403654655553	NA	7.366309665908251	NA
PCC	-0.12912561648752363	67.60964601672886	NA	7.354418973640131	NA
PCC	-0.12912561648752363	67.62912561648753	7.357066239892549	7.353102791723273	0.7941339053739491
PCC	-0.12912561648752363	67.78525548690217	NA	7.342573794036019	NA
PCC	-0.12912561648752363	67.9608649570755	NA	7.330773423766189	NA
PCC	-0.12912561648752363	68.13647442724883	NA	7.319017183548191	NA
PCC	-0.12912561648752363	68.31208389742214	NA	7.307304417142377	NA
PCC	-0.12912561648752363	68.48769336759547	NA	7.295634490390526	NA
PCC	-0.12912561648752363	68.66330283776878	NA	7.284006790295748	NA
PCC	-0.12912561648752363	68.83891230794211	NA	7.27242072414181	NA
PCC	-0.12912561648752363	69.01452177811544	NA	7.260875718650231	NA
PCC	-0.12912561648752363	69.19013124828875	NA	7.249371219173611	NA
PCC	-0.12912561648752363	69.36574071846208	NA	7.237906688923373	NA
PCC	-0.12912561648752363	69.54135018863539	NA	7.226481608230781	NA
PCC	-0.12912561648752363	69.71695965880872	NA	7.215095473839503	NA
PCC	-0.12912561648752363	69.89256912898205	NA	7.203747798228573	NA
PCC	-0.12912561648752363	70.06817859915536	NA	7.192438108964292	NA
PCC	-0.12912561648752363	70.24378806932869	NA	7.181165948079917	NA
PCC	-0.12912561648752363	70.419397539502	NA	7.169930871481932	NA
PCC	-0.12912561648752363	70.59500700967533	NA	7.158732448381705	NA
PCC	-0.12912561648752363	70.77061647984864	NA	7.147570260751479	NA
PCC	-0.12912561648752363	70.94622595002197	NA	7.136443902803672	NA
PCC	-0.12912561648752363	71.1218354201953	NA	7.125352980492415	NA
PCC	-0.12912561648752363	71.29744489036861	NA	7.1142971110364375	NA
PCC	-0.12912561648752363	71.47305436054194	NA	7.103275922462347	NA
PCC	-0.12912561648752363	71.64866383071525	NA	7.0922890531674225	NA
PCC	-0.12912561648752363	71.82427330088858	NA	7.081336155231025	NA
PCC	-0.12912561648752363	71.9998827710619	NA	7.070416884135411	NA
PCC	-0.12912561648752363	72.17549224123522	NA	7.059530905540656	NA
PCC	-0.12912561648752363	72.35110171140855	NA	7.048677895320477	NA
PCC	-0.12912561648752363	72.52671118158186	NA	7.037857537797759	NA
PCC	-0.12912561648752363	72.62912561648753	7.499810944322737	7.031562118953129	0.7676503110600775
PCC	-0.12912561648752363	72.70232065175519	NA	7.027069525408115	NA
PCC	-0.12912561648752363	72.87793012192851	NA	7.016313558377794	NA
PCC	-0.12912561648752363	73.05353959210183	NA	7.0055893444152755	NA
PCC	-0.12912561648752363	73.22914906227516	NA	6.9948965984160685	NA
PCC	-0.12912561648752363	73.40475853244847	NA	6.984235042180011	NA
PCC	-0.12912561648752363	73.5803680026218	NA	6.97360440414069	NA
PCC	-0.12912561648752363	73.75597747279512	NA	6.963004419106316	NA
PCC	-0.12912561648752363	73.93158694296844	NA	6.9524348280116595	NA
PCC	-0.12912561648752363	74.10719641314176	NA	6.941895377680521	NA
PCC	-0.12912561648752363	74.28280588331508	NA	6.931385820598329	NA
PCC	-0.12912561648752363	74.4584153534884	NA	6.92090591469432	NA
PCC	-0.12912561648752363	74.63402482366173	NA	6.910455423133071	NA
PCC	-0.12912561648752363	74.80963429383505	NA	6.900034114114817	NA
PCC	-0.12912561648752363	74.98524376400837	NA	6.88964176068423	NA
PCC	-0.12912561648752363	75.16085323418169	NA	6.879278140547357	NA
PCC	-0.12912561648752363	75.33646270435501	NA	6.868943035896273	NA
PCC	-0.12912561648752363	75.51207217452833	NA	6.858636233241159	NA
PCC	-0.12912561648752363	75.68768164470166	NA	6.8483575232495	NA
PCC	-0.12912561648752363	75.86329111487498	NA	6.838106700592075	NA
PCC	-0.12912561648752363	76.0389005850483	NA	6.827883563795456	NA
PCC	-0.12912561648752363	76.21451005522162	NA	6.81768791510073	NA
PCC	-0.12912561648752363	76.39011952539494	NA	6.807519560328205	NA
PCC	-0.12912561648752363	76.56572899556826	NA	6.797378308747752	NA
PCC	-0.12912561648752363	76.74133846574159	NA	6.7872639729547135	NA
PCC	-0.12912561648752363	76.9169479359149	NA	6.777176368750923	NA
PCC	-0.12912561648752363	77.09255740608823	NA	6.7671153150308205	NA
PCC	-0.12912561648752363	77.26816687626155	NA	6.757080633672298	NA
PCC	-0.12912561648752363	77.44377634643487	NA	6.7470721494321015	NA
PCC	-0.12912561648752363	77.6193858166082	NA	6.737089689845727	NA
PCC	-0.12912561648752363	77.62912561648753	7.091092111074283	6.736536797233665	0.7435962630593645
PCC	-0.12912561648752363	77.79499528678151	NA	6.72713308513138	NA
PCC	-0.12912561648752363	77.97060475695484	NA	6.71720216809803	NA
PCC	-0.12912561648752363	78.14621422712816	NA	6.707296774057273	NA
PCC	-0.12912561648752363	78.32182369730148	NA	6.697416740738919	NA
PCC	-0.12912561648752363	78.49743316747481	NA	6.6875619082100295	NA
PCC	-0.12912561648752363	78.67304263764812	NA	6.677732118797384	NA
PCC	-0.12912561648752363	78.84865210782145	NA	6.667927217013131	NA
PCC	-0.12912561648752363	79.02426157799476	NA	6.658147049483571	NA
PCC	-0.12912561648752363	79.19987104816809	NA	6.64839146488083	NA
PCC	-0.12912561648752363	79.3754805183414	NA	6.63866031385742	NA
PCC	-0.12912561648752363	79.55108998851473	NA	6.628953448983491	NA
PCC	-0.12912561648752363	79.72669945868806	NA	6.619270726017566	NA
PCC	-0.12912561648752363	79.90230892886137	NA	6.60961200215573	NA
PCC	-0.12912561648752363	80.0779183990347	NA	6.599977133027516	NA
PCC	-0.12912561648752363	80.25352786920801	NA	6.590365978296921	NA
PCC	-0.12912561648752363	80.42913733938134	NA	6.580778399268445	NA
PCC	-0.12912561648752363	80.60474680955467	NA	6.571214258838322	NA
PCC	-0.12912561648752363	80.78035627972798	NA	6.561673421447742	NA
PCC	-0.12912561648752363	80.95596574990131	NA	6.552155753037918	NA
PCC	-0.12912561648752363	81.13157522007462	NA	6.542661121007089	NA
PCC	-0.12912561648752363	81.30718469024795	NA	6.533189394169149	NA
PCC	-0.12912561648752363	81.48279416042128	NA	6.523740442714045	NA
PCC	-0.12912561648752363	81.65840363059459	NA	6.514314138169704	NA
PCC	-0.12912561648752363	81.83401310076792	NA	6.5049103533655765	NA
PCC	-0.12912561648752363	82.00962257094123	NA	6.4955289623975245	NA
PCC	-0.12912561648752363	82.18523204111456	NA	6.486169840594256	NA
PCC	-0.12912561648752363	82.36084151128789	NA	6.476832864484965	NA
PCC	-0.12912561648752363	82.5364509814612	NA	6.467517911768416	NA
PCC	-0.12912561648752363	82.62912561648753	6.6151302275042125	6.462610953381795	0.7230229745858322
PCC	-0.12912561648752363	82.71206045163453	NA	6.458224861283073	NA
PCC	-0.12912561648752363	82.88766992180784	NA	6.448953592978586	NA
PCC	-0.12912561648752363	83.06327939198117	NA	6.4397039878882785	NA
PCC	-0.12912561648752363	83.2388888621545	NA	6.430475928102791	NA
PCC	-0.12912561648752363	83.41449833232781	NA	6.421269296744735	NA
PCC	-0.12912561648752363	83.59010780250114	NA	6.412083977944331	NA
PCC	-0.12912561648752363	83.76571727267445	NA	6.40291985681599	NA
PCC	-0.12912561648752363	83.94132674284778	NA	6.393776819435836	NA
PCC	-0.12912561648752363	84.11693621302109	NA	6.384654752820093	NA
PCC	-0.12912561648752363	84.29254568319442	NA	6.375553544904238	NA
PCC	-0.12912561648752363	84.46815515336775	NA	6.366473084523043	NA
PCC	-0.12912561648752363	84.64376462354106	NA	6.35741326139135	NA
PCC	-0.12912561648752363	84.81937409371439	NA	6.348373966085552	NA
PCC	-0.12912561648752363	84.9949835638877	NA	6.339355090025778	NA
PCC	-0.12912561648752363	85.17059303406103	NA	6.330356525458795	NA
PCC	-0.12912561648752363	85.34620250423436	NA	6.321378165441498	NA
PCC	-0.12912561648752363	85.52181197440767	NA	6.312419903825038	NA
PCC	-0.12912561648752363	85.697421444581	NA	6.303481635239546	NA
PCC	-0.12912561648752363	85.87303091475431	NA	6.294563255079419	NA
PCC	-0.12912561648752363	86.04864038492764	NA	6.28566465948913	NA
PCC	-0.12912561648752363	86.22424985510096	NA	6.276785745349545	NA
PCC	-0.12912561648752363	86.39985932527428	NA	6.267926410264803	NA
PCC	-0.12912561648752363	86.5754687954476	NA	6.259086552549594	NA
PCC	-0.12912561648752363	86.75107826562092	NA	6.250266071216926	NA
PCC	-0.12912561648752363	86.92668773579425	NA	6.241464865966337	NA
PCC	-0.12912561648752363	87.10229720596757	NA	6.232682837172492	NA
PCC	-0.12912561648752363	87.27790667614089	NA	6.223919885874222	NA
PCC	-0.12912561648752363	87.45351614631421	NA	6.215175913763902	NA
PCC	-0.12912561648752363	87.62912561648753	7.0423100280977815	6.206442664395637	0.7035229683239753
Parietal	-0.12912561648752363	0	0	-1.9387455028593895e-14	0
Parietal	-0.12912561648752363	0.1756094701733217	NA	3.8217494668584705e-4	NA
Parietal	-0.12912561648752363	0.3512189403466434	NA	0.0010598440535929397	NA
Parietal	-0.12912561648752363	0.37912561648752363	0.01259088179106954	0.001383743665459629	0.525655067421128
Parietal	-0.12912561648752363	0.5268284105199651	NA	0.0036712280684321327	NA
Parietal	-0.12912561648752363	0.7024378806932868	NA	0.6683351136187999	NA
Parietal	-0.12912561648752363	0.8780473508666086	NA	2.10258463690635	NA
Parietal	-0.12912561648752363	0.8791256164875236	2.331459765678971	2.1142954741692415	0.6724371859765057
Parietal	-0.12912561648752363	1.0536568210399302	NA	4.164543829734209	NA
Parietal	-0.12912561648752363	1.229266291213252	NA	6.208650828412331	NA
Parietal	-0.12912561648752363	1.3791256164875236	8.13135127006082	8.061385797296554	0.8085391330145363
Parietal	-0.12912561648752363	1.4048757613865737	NA	8.390973599945616	NA
Parietal	-0.12912561648752363	1.5804852315598954	NA	10.700706091362498	NA
Parietal	-0.12912561648752363	1.7560947017332171	NA	13.092085809308683	NA
Parietal	-0.12912561648752363	1.8791256164875236	14.79050375835716	14.929382337785478	0.9081623318502868
Parietal	-0.12912561648752363	1.9317041719065389	NA	15.736843642400848	NA
Parietal	-0.12912561648752363	2.1073136420798604	NA	18.153708281412033	NA
Parietal	-0.12912561648752363	2.282923112253182	NA	20.256214544042926	NA
Parietal	-0.12912561648752363	2.3791256164875234	21.70540623527977	21.154881042902215	0.984110606672485
Parietal	-0.12912561648752363	2.458532582426504	NA	21.796586316466204	NA
Parietal	-0.12912561648752363	2.6341420525998256	NA	22.898150003998932	NA
Parietal	-0.12912561648752363	2.8097515227731473	NA	23.570782407575855	NA
Parietal	-0.12912561648752363	2.8791256164875234	24.20488869006831	23.7218346611801	1.005973032224954
Parietal	-0.12912561648752363	2.985360992946469	NA	23.831516160543256	NA
Parietal	-0.12912561648752363	3.160970463119791	NA	24.16018466294416	NA
Parietal	-0.12912561648752363	3.3365799332931125	NA	24.43780205866473	NA
Parietal	-0.12912561648752363	3.5121894034664343	NA	24.63611154168088	NA
Parietal	-0.12912561648752363	3.6291256164875234	24.516676837099023	24.72550905854745	1.2050566243435854
Parietal	-0.12912561648752363	3.687798873639756	NA	24.757809457426674	NA
Parietal	-0.12912561648752363	3.8634083438130777	NA	24.80548751266275	NA
Parietal	-0.12912561648752363	4.0390178139863995	NA	24.78163690114869	NA
Parietal	-0.12912561648752363	4.214627284159721	NA	24.688652266365	NA
Parietal	-0.12912561648752363	4.390236754333043	NA	24.528835507722054	NA
Parietal	-0.12912561648752363	4.565846224506364	NA	24.3043994364388	NA
Parietal	-0.12912561648752363	4.629125616487523	23.693648964744565	24.208134426473684	1.1820350774517108
Parietal	-0.12912561648752363	4.741455694679686	NA	24.017471287029895	NA
Parietal	-0.12912561648752363	4.917065164853008	NA	23.670096090105403	NA
Parietal	-0.12912561648752363	5.09267463502633	NA	23.31788661801698	NA
Parietal	-0.12912561648752363	5.268284105199651	NA	23.006507083830147	NA
Parietal	-0.12912561648752363	5.443893575372973	NA	22.703597308594215	NA
Parietal	-0.12912561648752363	5.619503045546295	NA	22.408786830606005	NA
Parietal	-0.12912561648752363	5.629125616487523	22.206994460950252	22.39286020242314	1.1516312773471051
Parietal	-0.12912561648752363	5.795112515719616	NA	22.121719977890674	NA
Parietal	-0.12912561648752363	5.970721985892938	NA	21.842055283263427	NA
Parietal	-0.12912561648752363	6.146331456066259	NA	21.569464922502206	NA
Parietal	-0.12912561648752363	6.321940926239582	NA	21.30363417471829	NA
Parietal	-0.12912561648752363	6.497550396412903	NA	21.04426090404793	NA
Parietal	-0.12912561648752363	6.673159866586225	NA	20.79105506182268	NA
Parietal	-0.12912561648752363	6.848769336759546	NA	20.543738208409412	NA
Parietal	-0.12912561648752363	7.0243788069328685	NA	20.30204305394296	NA
Parietal	-0.12912561648752363	7.129125616487523	20.037251027958337	20.160447420418226	1.3527978229421094
Parietal	-0.12912561648752363	7.19998827710619	NA	20.065713017204956	NA
Parietal	-0.12912561648752363	7.375597747279512	NA	19.83450180193217	NA
Parietal	-0.12912561648752363	7.551207217452833	NA	19.608172989865484	NA
Parietal	-0.12912561648752363	7.7268166876261555	NA	19.38649964987842	NA
Parietal	-0.12912561648752363	7.902426157799477	NA	19.16926396254989	NA
Parietal	-0.12912561648752363	8.078035627972799	NA	18.956257250477293	NA
Parietal	-0.12912561648752363	8.253645098146121	NA	18.747278634610517	NA
Parietal	-0.12912561648752363	8.429254568319442	NA	18.542135292584053	NA
Parietal	-0.12912561648752363	8.604864038492764	NA	18.34064238891968	NA
Parietal	-0.12912561648752363	8.780473508666086	NA	18.14262253366283	NA
Parietal	-0.12912561648752363	8.956082978839406	NA	17.947905487627548	NA
Parietal	-0.12912561648752363	9.129125616487524	17.6981578765907	17.75910526916988	1.277809920111782
Parietal	-0.12912561648752363	9.131692449012728	NA	17.756327879288456	NA
Parietal	-0.12912561648752363	9.30730191918605	NA	17.5677329328596	NA
Parietal	-0.12912561648752363	9.482911389359373	NA	17.381970207118105	NA
Parietal	-0.12912561648752363	9.658520859532693	NA	17.19889534454837	NA
Parietal	-0.12912561648752363	9.834130329706015	NA	17.018369830398804	NA
Parietal	-0.12912561648752363	10.009739799879338	NA	16.84026076125982	NA
Parietal	-0.12912561648752363	10.18534927005266	NA	16.6687968652283	NA
Parietal	-0.12912561648752363	10.36095874022598	NA	16.50454676961145	NA
Parietal	-0.12912561648752363	10.536568210399302	NA	16.345783265627123	NA
Parietal	-0.12912561648752363	10.712177680572625	NA	16.192278743657322	NA
Parietal	-0.12912561648752363	10.887787150745947	NA	16.04381463266239	NA
Parietal	-0.12912561648752363	11.063396620919267	NA	15.900181042908388	NA
Parietal	-0.12912561648752363	11.23900609109259	NA	15.761176422809475	NA
Parietal	-0.12912561648752363	11.414615561265911	NA	15.626607229327576	NA
Parietal	-0.12912561648752363	11.590225031439232	NA	15.496287611393813	NA
Parietal	-0.12912561648752363	11.765834501612554	NA	15.370039105837318	NA
Parietal	-0.12912561648752363	11.941443971785876	NA	15.247690345327221	NA
Parietal	-0.12912561648752363	12.117053441959198	NA	15.129076777853284	NA
Parietal	-0.12912561648752363	12.292662912132519	NA	15.014040397289346	NA
Parietal	-0.12912561648752363	12.468272382305841	NA	14.902429484601724	NA
Parietal	-0.12912561648752363	12.629125616487524	15.209673512814746	14.803078554518429	1.5779206941832196
Parietal	-0.12912561648752363	12.643881852479163	NA	14.794098359282074	NA
Parietal	-0.12912561648752363	12.819491322652485	NA	14.68890714060077	NA
Parietal	-0.12912561648752363	12.995100792825806	NA	14.586721518292787	NA
Parietal	-0.12912561648752363	13.170710262999128	NA	14.48741253230356	NA
Parietal	-0.12912561648752363	13.34631973317245	NA	14.390856361236823	NA
Parietal	-0.12912561648752363	13.521929203345772	NA	14.296934119160628	NA
Parietal	-0.12912561648752363	13.697538673519093	NA	14.205531660441578	NA
Parietal	-0.12912561648752363	13.873148143692415	NA	14.116539392289576	NA
Parietal	-0.12912561648752363	14.048757613865737	NA	14.029852094709222	NA
Parietal	-0.12912561648752363	14.224367084039057	NA	13.945368747564622	NA
Parietal	-0.12912561648752363	14.39997655421238	NA	13.862992364476979	NA
Parietal	-0.12912561648752363	14.575586024385702	NA	13.782629833284764	NA
Parietal	-0.12912561648752363	14.751195494559024	NA	13.704191762807463	NA
Parietal	-0.12912561648752363	14.926804964732344	NA	13.627592335663646	NA
Parietal	-0.12912561648752363	15.102414434905667	NA	13.552732964956636	NA
Parietal	-0.12912561648752363	15.278023905078989	NA	13.47987660077073	NA
Parietal	-0.12912561648752363	15.453633375252311	NA	13.409116215415342	NA
Parietal	-0.12912561648752363	15.629242845425631	NA	13.340362348847293	NA
Parietal	-0.12912561648752363	15.804852315598954	NA	13.273529103864927	NA
Parietal	-0.12912561648752363	15.980461785772276	NA	13.2085340783914	NA
Parietal	-0.12912561648752363	16.156071255945598	NA	13.145298191048397	NA
Parietal	-0.12912561648752363	16.33168072611892	NA	13.083745207493468	NA
Parietal	-0.12912561648752363	16.507290196292242	NA	13.02380212903204	NA
Parietal	-0.12912561648752363	16.682899666465563	NA	12.965398868869377	NA
Parietal	-0.12912561648752363	16.858509136638883	NA	12.90846813695457	NA
Parietal	-0.12912561648752363	17.034118606812207	NA	12.852945329374304	NA
Parietal	-0.12912561648752363	17.209728076985527	NA	12.798768422116744	NA
Parietal	-0.12912561648752363	17.385337547158848	NA	12.745877869032615	NA
Parietal	-0.12912561648752363	17.560947017332172	NA	12.694216503828034	NA
Parietal	-0.12912561648752363	17.629125616487524	13.107112316858036	12.674478680828809	1.4234263107476035
Parietal	-0.12912561648752363	17.736556487505492	NA	12.64372944592952	NA
Parietal	-0.12912561648752363	17.912165957678813	NA	12.59436401006835	NA
Parietal	-0.12912561648752363	18.087775427852137	NA	12.54606961943732	NA
Parietal	-0.12912561648752363	18.263384898025457	NA	12.49879772227874	NA
Parietal	-0.12912561648752363	18.43899436819878	NA	12.452501711768129	NA
Parietal	-0.12912561648752363	18.6146038383721	NA	12.40713684906342	NA
Parietal	-0.12912561648752363	18.79021330854542	NA	12.362660189394612	NA
Parietal	-0.12912561648752363	18.965822778718746	NA	12.319030511073738	NA
Parietal	-0.12912561648752363	19.141432248892066	NA	12.27620824730984	NA
Parietal	-0.12912561648752363	19.317041719065386	NA	12.23415542071803	NA
Parietal	-0.12912561648752363	19.49265118923871	NA	12.192835580416313	NA
Parietal	-0.12912561648752363	19.66826065941203	NA	12.15221374160787	NA
Parietal	-0.12912561648752363	19.84387012958535	NA	12.112256327550687	NA
Parietal	-0.12912561648752363	20.019479599758675	NA	12.072931113820074	NA
Parietal	-0.12912561648752363	20.195089069931996	NA	12.03420717477368	NA
Parietal	-0.12912561648752363	20.37069854010532	NA	11.996054832131817	NA
Parietal	-0.12912561648752363	20.54630801027864	NA	11.958445605589663	NA
Parietal	-0.12912561648752363	20.72191748045196	NA	11.921352165380963	NA
Parietal	-0.12912561648752363	20.897526950625284	NA	11.884748286716215	NA
Parietal	-0.12912561648752363	21.073136420798605	NA	11.848608806021256	NA
Parietal	-0.12912561648752363	21.248745890971925	NA	11.81290957890508	NA
Parietal	-0.12912561648752363	21.42435536114525	NA	11.777627439788665	NA
Parietal	-0.12912561648752363	21.59996483131857	NA	11.742740163129096	NA
Parietal	-0.12912561648752363	21.775574301491893	NA	11.708226426176012	NA
Parietal	-0.12912561648752363	21.951183771665214	NA	11.674065773199837	NA
Parietal	-0.12912561648752363	22.126793241838534	NA	11.640238581133627	NA
Parietal	-0.12912561648752363	22.302402712011858	NA	11.606726026572712	NA
Parietal	-0.12912561648752363	22.47801218218518	NA	11.573510054078465	NA
Parietal	-0.12912561648752363	22.629125616487524	11.61405912020911	11.545151607231691	1.3038319070137474
Parietal	-0.12912561648752363	22.6536216523585	NA	11.54057334573471	NA
Parietal	-0.12912561648752363	22.829231122531823	NA	11.507899291907236	NA
Parietal	-0.12912561648752363	23.004840592705143	NA	11.475471963158942	NA
Parietal	-0.12912561648752363	23.180450062878464	NA	11.4432760832749	NA
Parietal	-0.12912561648752363	23.356059533051788	NA	11.411297003353546	NA
Parietal	-0.12912561648752363	23.531669003225108	NA	11.37952067692182	NA
Parietal	-0.12912561648752363	23.707278473398432	NA	11.347933636033833	NA
Parietal	-0.12912561648752363	23.882887943571752	NA	11.316522968314228	NA
Parietal	-0.12912561648752363	24.058497413745073	NA	11.285276315999338	NA
Parietal	-0.12912561648752363	24.234106883918397	NA	11.25418179029112	NA
Parietal	-0.12912561648752363	24.409716354091717	NA	11.22322801462388	NA
Parietal	-0.12912561648752363	24.585325824265038	NA	11.192404087159709	NA
Parietal	-0.12912561648752363	24.76093529443836	NA	11.161699559751275	NA
Parietal	-0.12912561648752363	24.936544764611682	NA	11.131104419919561	NA
Parietal	-0.12912561648752363	25.112154234785006	NA	11.100609073544035	NA
Parietal	-0.12912561648752363	25.287763704958326	NA	11.070204328237052	NA
Parietal	-0.12912561648752363	25.463373175131647	NA	11.039881377375451	NA
Parietal	-0.12912561648752363	25.63898264530497	NA	11.00963178476344	NA
Parietal	-0.12912561648752363	25.81459211547829	NA	10.979447469901798	NA
Parietal	-0.12912561648752363	25.99020158565161	NA	10.94932069383939	NA
Parietal	-0.12912561648752363	26.165811055824935	NA	10.919244045584112	NA
Parietal	-0.12912561648752363	26.341420525998256	NA	10.889210429050989	NA
Parietal	-0.12912561648752363	26.517029996171576	NA	10.859213050526387	NA
Parietal	-0.12912561648752363	26.6926394663449	NA	10.829245406627825	NA
Parietal	-0.12912561648752363	26.86824893651822	NA	10.799301272739847	NA
Parietal	-0.12912561648752363	27.043858406691545	NA	10.769374691907105	NA
Parietal	-0.12912561648752363	27.219467876864865	NA	10.739459964166832	NA
Parietal	-0.12912561648752363	27.395077347038185	NA	10.709551636302734	NA
Parietal	-0.12912561648752363	27.57068681721151	NA	10.679644492004467	NA
Parietal	-0.12912561648752363	27.629125616487524	10.55506118801592	10.669691476957805	1.2051004760161728
Parietal	-0.12912561648752363	27.74629628738483	NA	10.649733542416048	NA
Parietal	-0.12912561648752363	27.92190575755815	NA	10.619814017058117	NA
Parietal	-0.12912561648752363	28.097515227731474	NA	10.589881355109172	NA
Parietal	-0.12912561648752363	28.273124697904795	NA	10.559931197031702	NA
Parietal	-0.12912561648752363	28.448734168078115	NA	10.529959376529439	NA
Parietal	-0.12912561648752363	28.62434363825144	NA	10.499961912822801	NA
Parietal	-0.12912561648752363	28.79995310842476	NA	10.469935003229867	NA
Parietal	-0.12912561648752363	28.975562578598083	NA	10.43987501604079	NA
Parietal	-0.12912561648752363	29.151172048771404	NA	10.409778483674152	NA
Parietal	-0.12912561648752363	29.326781518944724	NA	10.379642096104046	NA
Parietal	-0.12912561648752363	29.502390989118048	NA	10.349462694547157	NA
Parietal	-0.12912561648752363	29.67800045929137	NA	10.319237265399707	NA
Parietal	-0.12912561648752363	29.85360992946469	NA	10.288962934414219	NA
Parietal	-0.12912561648752363	30.029219399638013	NA	10.258636961106763	NA
Parietal	-0.12912561648752363	30.204828869811333	NA	10.229054517377445	NA
Parietal	-0.12912561648752363	30.380438339984657	NA	10.200059243089132	NA
Parietal	-0.12912561648752363	30.556047810157978	NA	10.171558008074717	NA
Parietal	-0.12912561648752363	30.731657280331298	NA	10.14353006717592	NA
Parietal	-0.12912561648752363	30.907266750504622	NA	10.115955500071133	NA
Parietal	-0.12912561648752363	31.082876220677942	NA	10.08881517866719	NA
Parietal	-0.12912561648752363	31.258485690851263	NA	10.062090735779433	NA
Parietal	-0.12912561648752363	31.434095161024587	NA	10.035764535049152	NA
Parietal	-0.12912561648752363	31.609704631197907	NA	10.009819642049527	NA
Parietal	-0.12912561648752363	31.785314101371227	NA	9.984239796533167	NA
Parietal	-0.12912561648752363	31.96092357154455	NA	9.959009413597006	NA
Parietal	-0.12912561648752363	32.136533041717875	NA	9.934113494414442	NA
Parietal	-0.12912561648752363	32.312142511891196	NA	9.909537621553175	NA
Parietal	-0.12912561648752363	32.487751982064516	NA	9.88526797549791	NA
Parietal	-0.12912561648752363	32.62912561648752	9.702682457829564	9.86594336295219	1.1228724152925085
Parietal	-0.12912561648752363	32.66336145223784	NA	9.861291287743152	NA
Parietal	-0.12912561648752363	32.83897092241116	NA	9.837594819003668	NA
Parietal	-0.12912561648752363	33.014580392584485	NA	9.814166338285835	NA
Parietal	-0.12912561648752363	33.190189862757805	NA	9.790994102785842	NA
Parietal	-0.12912561648752363	33.365799332931125	NA	9.768066838582113	NA
Parietal	-0.12912561648752363	33.541408803104446	NA	9.745373722090603	NA
Parietal	-0.12912561648752363	33.717018273277766	NA	9.72290436225273	NA
Parietal	-0.12912561648752363	33.89262774345109	NA	9.700648783427154	NA
Parietal	-0.12912561648752363	34.068237213624414	NA	9.678597408957437	NA
Parietal	-0.12912561648752363	34.243846683797734	NA	9.656741045388982	NA
Parietal	-0.12912561648752363	34.419456153971055	NA	9.635070867309562	NA
Parietal	-0.12912561648752363	34.595065624144375	NA	9.613578402788857	NA
Parietal	-0.12912561648752363	34.770675094317696	NA	9.592255519393227	NA
Parietal	-0.12912561648752363	34.94628456449102	NA	9.571094410753123	NA
Parietal	-0.12912561648752363	35.121894034664344	NA	9.550087583661195	NA
Parietal	-0.12912561648752363	35.297503504837664	NA	9.529227845680223	NA
Parietal	-0.12912561648752363	35.473112975010984	NA	9.50850829324066	NA
Parietal	-0.12912561648752363	35.648722445184305	NA	9.487922300208458	NA
Parietal	-0.12912561648752363	35.824331915357625	NA	9.46746350690466	NA
Parietal	-0.12912561648752363	35.99994138553095	NA	9.447125809558813	NA
Parietal	-0.12912561648752363	36.17555085570427	NA	9.426903350179126	NA
Parietal	-0.12912561648752363	36.35116032587759	NA	9.406790506822917	NA
Parietal	-0.12912561648752363	36.526769796050914	NA	9.3867818842515	NA
Parietal	-0.12912561648752363	36.702379266224234	NA	9.366872304954287	NA
Parietal	-0.12912561648752363	36.87798873639756	NA	9.347056800527692	NA
Parietal	-0.12912561648752363	37.05359820657088	NA	9.327330603394572	NA
Parietal	-0.12912561648752363	37.2292076767442	NA	9.307689138850936	NA
Parietal	-0.12912561648752363	37.40481714691752	NA	9.288128017426935	NA
Parietal	-0.12912561648752363	37.58042661709084	NA	9.268643027549714	NA
Parietal	-0.12912561648752363	37.62912561648752	8.970352702019744	9.263252462257245	1.0527702519210254
Parietal	-0.12912561648752363	37.756036087264164	NA	9.249230128496185	NA
Parietal	-0.12912561648752363	37.93164555743749	NA	9.229885443624314	NA
Parietal	-0.12912561648752363	38.10725502761081	NA	9.210605253871861	NA
Parietal	-0.12912561648752363	38.28286449778413	NA	9.191385991512043	NA
Parietal	-0.12912561648752363	38.45847396795745	NA	9.172224234155989	NA
Parietal	-0.12912561648752363	38.63408343813077	NA	9.153116698992198	NA
Parietal	-0.12912561648752363	38.8096929083041	NA	9.134060237253598	NA
Parietal	-0.12912561648752363	38.98530237847742	NA	9.115051828903365	NA
Parietal	-0.12912561648752363	39.16091184865074	NA	9.096088577530681	NA
Parietal	-0.12912561648752363	39.33652131882406	NA	9.077167705448234	NA
Parietal	-0.12912561648752363	39.51213078899738	NA	9.058286548983526	NA
Parietal	-0.12912561648752363	39.6877402591707	NA	9.039442553956167	NA
Parietal	-0.12912561648752363	39.86334972934403	NA	9.020633272231356	NA
Parietal	-0.12912561648752363	40.03895919951735	NA	9.00185635848859	NA
Parietal	-0.12912561648752363	40.21456866969067	NA	8.983109557353187	NA
Parietal	-0.12912561648752363	40.39017813986399	NA	8.96439071089835	NA
Parietal	-0.12912561648752363	40.56578761003731	NA	8.945697750618118	NA
Parietal	-0.12912561648752363	40.74139708021064	NA	8.927028693877	NA
Parietal	-0.12912561648752363	40.91700655038396	NA	8.908381640499522	NA
Parietal	-0.12912561648752363	41.09261602055728	NA	8.889754769494967	NA
Parietal	-0.12912561648752363	41.2682254907306	NA	8.871146335911392	NA
Parietal	-0.12912561648752363	41.44383496090392	NA	8.852554667814008	NA
Parietal	-0.12912561648752363	41.61944443107725	NA	8.8339781633830885	NA
Parietal	-0.12912561648752363	41.79505390125057	NA	8.815415288126529	NA
Parietal	-0.12912561648752363	41.97066337142389	NA	8.7968645722026	NA
Parietal	-0.12912561648752363	42.14627284159721	NA	8.77832460784859	NA
Parietal	-0.12912561648752363	42.32188231177053	NA	8.759794046911065	NA
Parietal	-0.12912561648752363	42.49749178194385	NA	8.741271598473771	NA
Parietal	-0.12912561648752363	42.62912561648752	8.388606214402765	8.72739206487259	0.9914176037735668
Parietal	-0.12912561648752363	42.67310125211718	NA	8.722756026579358	NA
Parietal	-0.12912561648752363	42.8487107222905	NA	8.70424614804112	NA
Parietal	-0.12912561648752363	43.02432019246382	NA	8.685740830341311	NA
Parietal	-0.12912561648752363	43.19992966263714	NA	8.667238989612542	NA
Parietal	-0.12912561648752363	43.37553913281046	NA	8.648739588698968	NA
Parietal	-0.12912561648752363	43.55114860298379	NA	8.630241635294205	NA
Parietal	-0.12912561648752363	43.72675807315711	NA	8.611744180152806	NA
Parietal	-0.12912561648752363	43.90236754333043	NA	8.59324631537253	NA
Parietal	-0.12912561648752363	44.07797701350375	NA	8.574747172744495	NA
Parietal	-0.12912561648752363	44.25358648367707	NA	8.556245922168609	NA
Parietal	-0.12912561648752363	44.42919595385039	NA	8.53774177013164	NA
Parietal	-0.12912561648752363	44.604805424023716	NA	8.519233958245543	NA
Parietal	-0.12912561648752363	44.78041489419704	NA	8.500721761843504	NA
Parietal	-0.12912561648752363	44.95602436437036	NA	8.482204488631615	NA
Parietal	-0.12912561648752363	45.13163383454368	NA	8.463672817368794	NA
Parietal	-0.12912561648752363	45.307243304717	NA	8.445258309704295	NA
Parietal	-0.12912561648752363	45.482852774890326	NA	8.427064229583612	NA
Parietal	-0.12912561648752363	45.658462245063646	NA	8.409082376554881	NA
Parietal	-0.12912561648752363	45.834071715236966	NA	8.391304871941749	NA
Parietal	-0.12912561648752363	46.00968118541029	NA	8.373724146141008	NA
Parietal	-0.12912561648752363	46.18529065558361	NA	8.356332926421889	NA
Parietal	-0.12912561648752363	46.36090012575693	NA	8.339124225207408	NA
Parietal	-0.12912561648752363	46.536509595930255	NA	8.322091328818539	NA
Parietal	-0.12912561648752363	46.712119066103575	NA	8.305227786663043	NA
Parietal	-0.12912561648752363	46.887728536276896	NA	8.288527400851367	NA
Parietal	-0.12912561648752363	47.063338006450216	NA	8.27198421622271	NA
Parietal	-0.12912561648752363	47.23894747662354	NA	8.255592510765087	NA
Parietal	-0.12912561648752363	47.414556946796864	NA	8.239346786413774	NA
Parietal	-0.12912561648752363	47.590166416970185	NA	8.223241760213302	NA
Parietal	-0.12912561648752363	47.62912561648752	7.930189305740734	8.219687491718554	0.9398423736497916
Parietal	-0.12912561648752363	47.765775887143505	NA	8.207272355828449	NA
Parietal	-0.12912561648752363	47.941385357316825	NA	8.19143371112041	NA
Parietal	-0.12912561648752363	48.116994827490146	NA	8.175721125374755	NA
Parietal	-0.12912561648752363	48.292604297663466	NA	8.160130090926067	NA
Parietal	-0.12912561648752363	48.468213767836794	NA	8.144656279617756	NA
Parietal	-0.12912561648752363	48.643823238010114	NA	8.129295532237325	NA
Parietal	-0.12912561648752363	48.819432708183434	NA	8.114043851851074	NA
Parietal	-0.12912561648752363	48.995042178356755	NA	8.098897397401878	NA
Parietal	-0.12912561648752363	49.170651648530075	NA	8.083852477560093	NA
Parietal	-0.12912561648752363	49.3462611187034	NA	8.068905544817142	NA
Parietal	-0.12912561648752363	49.52187058887672	NA	8.054053189812532	NA
Parietal	-0.12912561648752363	49.697480059050044	NA	8.039292135884862	NA
Parietal	-0.12912561648752363	49.873089529223364	NA	8.024619233838076	NA
Parietal	-0.12912561648752363	50.048698999396684	NA	8.010031456914486	NA
Parietal	-0.12912561648752363	50.22430846957001	NA	7.995525895966285	NA
Parietal	-0.12912561648752363	50.39991793974333	NA	7.98109975481781	NA
Parietal	-0.12912561648752363	50.57552740991665	NA	7.9667503458109845	NA
Parietal	-0.12912561648752363	50.75113688008997	NA	7.95247508552666	NA
Parietal	-0.12912561648752363	50.926746350263294	NA	7.938271490675006	NA
Parietal	-0.12912561648752363	51.102355820436614	NA	7.924137174148201	NA
Parietal	-0.12912561648752363	51.27796529060994	NA	7.910069841228991	NA
Parietal	-0.12912561648752363	51.45357476078326	NA	7.896067285949016	NA
Parietal	-0.12912561648752363	51.62918423095658	NA	7.8821273875910025	NA
Parietal	-0.12912561648752363	51.8047937011299	NA	7.868248107329027	NA
Parietal	-0.12912561648752363	51.98040317130322	NA	7.854427485001541	NA
Parietal	-0.12912561648752363	52.15601264147655	NA	7.840663636011809	NA
Parietal	-0.12912561648752363	52.33162211164987	NA	7.826954748350742	NA
Parietal	-0.12912561648752363	52.50723158182319	NA	7.813299079737365	NA
Parietal	-0.12912561648752363	52.62912561648752	7.561844099139012	7.803850780244054	0.8949935959509174
Parietal	-0.12912561648752363	52.68284105199651	NA	7.7996949548721615	NA
Parietal	-0.12912561648752363	52.85845052216983	NA	7.786140762798931	NA
Parietal	-0.12912561648752363	53.03405999234315	NA	7.772634954370795	NA
Parietal	-0.12912561648752363	53.20966946251648	NA	7.7591760398163	NA
Parietal	-0.12912561648752363	53.3852789326898	NA	7.74576258640165	NA
Parietal	-0.12912561648752363	53.56088840286312	NA	7.732393216185223	NA
Parietal	-0.12912561648752363	53.73649787303644	NA	7.719066603860777	NA
Parietal	-0.12912561648752363	53.91210734320976	NA	7.705781474685843	NA
Parietal	-0.12912561648752363	54.08771681338309	NA	7.692536602491893	NA
Parietal	-0.12912561648752363	54.26332628355641	NA	7.679330807773154	NA
Parietal	-0.12912561648752363	54.43893575372973	NA	7.66616295585076	NA
Parietal	-0.12912561648752363	54.61454522390305	NA	7.653031955109529	NA
Parietal	-0.12912561648752363	54.79015469407637	NA	7.639936755304285	NA
Parietal	-0.12912561648752363	54.96576416424969	NA	7.6268763459331	NA
Parietal	-0.12912561648752363	55.14137363442302	NA	7.6138497546747255	NA
Parietal	-0.12912561648752363	55.31698310459634	NA	7.60085604588778	NA
Parietal	-0.12912561648752363	55.49259257476966	NA	7.587894319169116	NA
Parietal	-0.12912561648752363	55.66820204494298	NA	7.5749637079691965	NA
Parietal	-0.12912561648752363	55.8438115151163	NA	7.562063380305645	NA
Parietal	-0.12912561648752363	56.01942098528963	NA	7.549192533636194	NA
Parietal	-0.12912561648752363	56.19503045546295	NA	7.536350392694301	NA
Parietal	-0.12912561648752363	56.37063992563627	NA	7.5235362135721155	NA
Parietal	-0.12912561648752363	56.54624939580959	NA	7.5107492800695	NA
Parietal	-0.12912561648752363	56.72185886598291	NA	7.4979889026066315	NA
Parietal	-0.12912561648752363	56.89746833615623	NA	7.485254417179584	NA
Parietal	-0.12912561648752363	57.07307780632956	NA	7.472545184357153	NA
Parietal	-0.12912561648752363	57.24868727650288	NA	7.459860588317228	NA
Parietal	-0.12912561648752363	57.4242967466762	NA	7.4472000359212025	NA
Parietal	-0.12912561648752363	57.59990621684952	NA	7.434562955825006	NA
Parietal	-0.12912561648752363	57.62912561648752	7.370991996397973	7.432462529455052	0.8584101996278483
Parietal	-0.12912561648752363	57.77551568702284	NA	7.42194879762509	NA
Parietal	-0.12912561648752363	57.95112515719617	NA	7.409357031038251	NA
Parietal	-0.12912561648752363	58.12673462736949	NA	7.396787145113746	NA
Parietal	-0.12912561648752363	58.30234409754281	NA	7.384238647476504	NA
Parietal	-0.12912561648752363	58.47795356771613	NA	7.371711063600252	NA
Parietal	-0.12912561648752363	58.65356303788945	NA	7.359203936109275	NA
Parietal	-0.12912561648752363	58.829172508062776	NA	7.346716824107778	NA
Parietal	-0.12912561648752363	59.004781978236096	NA	7.334249302535676	NA
Parietal	-0.12912561648752363	59.18039144840942	NA	7.321800961549802	NA
Parietal	-0.12912561648752363	59.35600091858274	NA	7.309371405929564	NA
Parietal	-0.12912561648752363	59.53161038875606	NA	7.296960254506035	NA
Parietal	-0.12912561648752363	59.70721985892938	NA	7.284567139613546	NA
Parietal	-0.12912561648752363	59.882829329102705	NA	7.272191706562951	NA
Parietal	-0.12912561648752363	60.058438799276026	NA	7.259833613135648	NA
Parietal	-0.12912561648752363	60.234048269449346	NA	7.247524537800406	NA
Parietal	-0.12912561648752363	60.409657739622666	NA	7.235323499359085	NA
Parietal	-0.12912561648752363	60.58526720979599	NA	7.223222626639768	NA
Parietal	-0.12912561648752363	60.760876679969314	NA	7.211218817701788	NA
Parietal	-0.12912561648752363	60.936486150142635	NA	7.199309089464028	NA
Parietal	-0.12912561648752363	61.112095620315955	NA	7.1874905730251895	NA
Parietal	-0.12912561648752363	61.287705090489276	NA	7.175760509168911	NA
Parietal	-0.12912561648752363	61.463314560662596	NA	7.164116244046358	NA
Parietal	-0.12912561648752363	61.638924030835916	NA	7.152555225029283	NA
Parietal	-0.12912561648752363	61.814533501009244	NA	7.141074996726916	NA
Parietal	-0.12912561648752363	61.990142971182564	NA	7.129673197160085	NA
Parietal	-0.12912561648752363	62.165752441355885	NA	7.118347554086387	NA
Parietal	-0.12912561648752363	62.341361911529205	NA	7.107095881470566	NA
Parietal	-0.12912561648752363	62.516971381702525	NA	7.09591607609415	NA
Parietal	-0.12912561648752363	62.62912561648752	7.083916057421731	7.088812716291219	0.8232796700642128
Parietal	-0.12912561648752363	62.69258085187585	NA	7.084806114299046	NA
Parietal	-0.12912561648752363	62.86819032204917	NA	7.0737640488596565	NA
Parietal	-0.12912561648752363	63.043799792222494	NA	7.0627880059785415	NA
Parietal	-0.12912561648752363	63.219409262395814	NA	7.0518761824006555	NA
Parietal	-0.12912561648752363	63.395018732569135	NA	7.041026842641561	NA
Parietal	-0.12912561648752363	63.570628202742455	NA	7.030238316325085	NA
Parietal	-0.12912561648752363	63.74623767291578	NA	7.019508996425441	NA
Parietal	-0.12912561648752363	63.9218471430891	NA	7.008837342159348	NA
Parietal	-0.12912561648752363	64.09745661326242	NA	6.998221855349065	NA
Parietal	-0.12912561648752363	64.27306608343575	NA	6.987661101492993	NA
Parietal	-0.12912561648752363	64.44867555360906	NA	6.977153699380737	NA
Parietal	-0.12912561648752363	64.62428502378239	NA	6.966698319002414	NA
Parietal	-0.12912561648752363	64.7998944939557	NA	6.956293679540477	NA
Parietal	-0.12912561648752363	64.97550396412903	NA	6.945938547440765	NA
Parietal	-0.12912561648752363	65.15111343430236	NA	6.935631734559744	NA
Parietal	-0.12912561648752363	65.32672290447567	NA	6.925372096384854	NA
Parietal	-0.12912561648752363	65.502332374649	NA	6.9151585303250975	NA
Parietal	-0.12912561648752363	65.67794184482231	NA	6.904989974069124	NA
Parietal	-0.12912561648752363	65.85355131499564	NA	6.894865404008074	NA
Parietal	-0.12912561648752363	66.02916078516897	NA	6.8847838337207214	NA
Parietal	-0.12912561648752363	66.20477025534228	NA	6.874744312518338	NA
Parietal	-0.12912561648752363	66.38037972551561	NA	6.8647459240470345	NA
Parietal	-0.12912561648752363	66.55598919568892	NA	6.854787784945244	NA
Parietal	-0.12912561648752363	66.73159866586225	NA	6.844869043554149	NA
Parietal	-0.12912561648752363	66.90720813603556	NA	6.834988878679044	NA
Parietal	-0.12912561648752363	67.08281760620889	NA	6.8251464983995405	NA
Parietal	-0.12912561648752363	67.25842707638222	NA	6.815341138926714	NA
Parietal	-0.12912561648752363	67.43403654655553	NA	6.805572063505346	NA
Parietal	-0.12912561648752363	67.60964601672886	NA	6.795838561359524	NA
Parietal	-0.12912561648752363	67.62912561648753	6.8370470644912915	6.794761015552757	0.7941339053739491
Parietal	-0.12912561648752363	67.78525548690217	NA	6.786139946679712	NA
Parietal	-0.12912561648752363	67.9608649570755	NA	6.7764755576499125	NA
Parietal	-0.12912561648752363	68.13647442724883	NA	6.766844755513141	NA
Parietal	-0.12912561648752363	68.31208389742214	NA	6.757246923673762	NA
Parietal	-0.12912561648752363	68.48769336759547	NA	6.7476814668352265	NA
Parietal	-0.12912561648752363	68.66330283776878	NA	6.738147810171852	NA
Parietal	-0.12912561648752363	68.83891230794211	NA	6.7286453985332155	NA
Parietal	-0.12912561648752363	69.01452177811544	NA	6.719173695679966	NA
Parietal	-0.12912561648752363	69.19013124828875	NA	6.709732183549718	NA
Parietal	-0.12912561648752363	69.36574071846208	NA	6.700320361551957	NA
Parietal	-0.12912561648752363	69.54135018863539	NA	6.690937745890676	NA
Parietal	-0.12912561648752363	69.71695965880872	NA	6.6815838689137665	NA
Parietal	-0.12912561648752363	69.89256912898205	NA	6.67225827848803	NA
Parietal	-0.12912561648752363	70.06817859915536	NA	6.6629605373988445	NA
Parietal	-0.12912561648752363	70.24378806932869	NA	6.653690222773449	NA
Parietal	-0.12912561648752363	70.419397539502	NA	6.64444692552701	NA
Parietal	-0.12912561648752363	70.59500700967533	NA	6.635230249830516	NA
Parietal	-0.12912561648752363	70.77061647984864	NA	6.6260398125995685	NA
Parietal	-0.12912561648752363	70.94622595002197	NA	6.61687524300339	NA
Parietal	-0.12912561648752363	71.1218354201953	NA	6.607736181993157	NA
Parietal	-0.12912561648752363	71.29744489036861	NA	6.598622281848889	NA
Parietal	-0.12912561648752363	71.47305436054194	NA	6.589533205744201	NA
Parietal	-0.12912561648752363	71.64866383071525	NA	6.580468627328207	NA
Parietal	-0.12912561648752363	71.82427330088858	NA	6.5714282329721545	NA
Parietal	-0.12912561648752363	71.9998827710619	NA	6.562411714353682	NA
Parietal	-0.12912561648752363	72.17549224123522	NA	6.553418773199397	NA
Parietal	-0.12912561648752363	72.35110171140855	NA	6.54444912120289	NA
Parietal	-0.12912561648752363	72.52671118158186	NA	6.535502478676857	NA
Parietal	-0.12912561648752363	72.62912561648753	6.732002614653067	6.530295362231145	0.7676503110600775
Parietal	-0.12912561648752363	72.70232065175519	NA	6.526578574224517	NA
Parietal	-0.12912561648752363	72.87793012192851	NA	6.51767714442401	NA
Parietal	-0.12912561648752363	73.05353959210183	NA	6.508797933525141	NA
Parietal	-0.12912561648752363	73.22914906227516	NA	6.49994069315813	NA
Parietal	-0.12912561648752363	73.40475853244847	NA	6.491105182053743	NA
Parietal	-0.12912561648752363	73.5803680026218	NA	6.4822911657744955	NA
Parietal	-0.12912561648752363	73.75597747279512	NA	6.4734984164563585	NA
Parietal	-0.12912561648752363	73.93158694296844	NA	6.4647267125606795	NA
Parietal	-0.12912561648752363	74.10719641314176	NA	6.4559758386358235	NA
Parietal	-0.12912561648752363	74.28280588331508	NA	6.4472455850881705	NA
Parietal	-0.12912561648752363	74.4584153534884	NA	6.438535747962145	NA
Parietal	-0.12912561648752363	74.63402482366173	NA	6.429846128728831	NA
Parietal	-0.12912561648752363	74.80963429383505	NA	6.421176534082968	NA
Parietal	-0.12912561648752363	74.98524376400837	NA	6.412526775747834	NA
Parietal	-0.12912561648752363	75.16085323418169	NA	6.403896670287854	NA
Parietal	-0.12912561648752363	75.33646270435501	NA	6.395286038928522	NA
Parietal	-0.12912561648752363	75.51207217452833	NA	6.386694707383396	NA
Parietal	-0.12912561648752363	75.68768164470166	NA	6.378122505687908	NA
Parietal	-0.12912561648752363	75.86329111487498	NA	6.369569268039666	NA
Parietal	-0.12912561648752363	76.0389005850483	NA	6.361034832644984	NA
Parietal	-0.12912561648752363	76.21451005522162	NA	6.352519041571528	NA
Parietal	-0.12912561648752363	76.39011952539494	NA	6.344021740606614	NA
Parietal	-0.12912561648752363	76.56572899556826	NA	6.335542779121154	NA
Parietal	-0.12912561648752363	76.74133846574159	NA	6.327082009938875	NA
Parietal	-0.12912561648752363	76.9169479359149	NA	6.31863928921068	NA
Parietal	-0.12912561648752363	77.09255740608823	NA	6.310214476293924	NA
Parietal	-0.12912561648752363	77.26816687626155	NA	6.301807433636385	NA
Parietal	-0.12912561648752363	77.44377634643487	NA	6.29341802666485	NA
Parietal	-0.12912561648752363	77.6193858166082	NA	6.285046123677945	NA
Parietal	-0.12912561648752363	77.62912561648753	6.536325342965189	6.284582307011928	0.7435962630593645
Parietal	-0.12912561648752363	77.79499528678151	NA	6.276691595743273	NA
Parietal	-0.12912561648752363	77.97060475695484	NA	6.268354316598437	NA
Parietal	-0.12912561648752363	78.14621422712816	NA	6.260034162556071	NA
Parietal	-0.12912561648752363	78.32182369730148	NA	6.2517310124124705	NA
Parietal	-0.12912561648752363	78.49743316747481	NA	6.243444747359833	NA
Parietal	-0.12912561648752363	78.67304263764812	NA	6.235175250901908	NA
Parietal	-0.12912561648752363	78.84865210782145	NA	6.226922408772951	NA
Parietal	-0.12912561648752363	79.02426157799476	NA	6.2186861088597984	NA
Parietal	-0.12912561648752363	79.19987104816809	NA	6.210466241127059	NA
Parietal	-0.12912561648752363	79.3754805183414	NA	6.202262697545074	NA
Parietal	-0.12912561648752363	79.55108998851473	NA	6.1940753720208575	NA
Parietal	-0.12912561648752363	79.72669945868806	NA	6.1859041612195895	NA
Parietal	-0.12912561648752363	79.90230892886137	NA	6.177748963369837	NA
Parietal	-0.12912561648752363	80.0779183990347	NA	6.169609676236702	NA
Parietal	-0.12912561648752363	80.25352786920801	NA	6.161486200835091	NA
Parietal	-0.12912561648752363	80.42913733938134	NA	6.153378439809014	NA
Parietal	-0.12912561648752363	80.60474680955467	NA	6.145286297377053	NA
Parietal	-0.12912561648752363	80.78035627972798	NA	6.137209679279919	NA
Parietal	-0.12912561648752363	80.95596574990131	NA	6.129148492730095	NA
Parietal	-0.12912561648752363	81.13157522007462	NA	6.121102646363385	NA
Parietal	-0.12912561648752363	81.30718469024795	NA	6.11307205019232	NA
Parietal	-0.12912561648752363	81.48279416042128	NA	6.105056615561438	NA
Parietal	-0.12912561648752363	81.65840363059459	NA	6.097056255104189	NA
Parietal	-0.12912561648752363	81.83401310076792	NA	6.0890708827015825	NA
Parietal	-0.12912561648752363	82.00962257094123	NA	6.081100413442372	NA
Parietal	-0.12912561648752363	82.18523204111456	NA	6.073144763584835	NA
Parietal	-0.12912561648752363	82.36084151128789	NA	6.06520385051994	NA
Parietal	-0.12912561648752363	82.5364509814612	NA	6.057277592735993	NA
Parietal	-0.12912561648752363	82.62912561648753	6.393579022100263	6.053100536577388	0.7230229745858322
Parietal	-0.12912561648752363	82.71206045163453	NA	6.049365909784621	NA
Parietal	-0.12912561648752363	82.88766992180784	NA	6.041468722248047	NA
Parietal	-0.12912561648752363	83.06327939198117	NA	6.033585951707635	NA
Parietal	-0.12912561648752363	83.2388888621545	NA	6.02571752071362	NA
Parietal	-0.12912561648752363	83.41449833232781	NA	6.017863352756015	NA
Parietal	-0.12912561648752363	83.59010780250114	NA	6.010023372236614	NA
Parietal	-0.12912561648752363	83.76571727267445	NA	6.002197504442063	NA
Parietal	-0.12912561648752363	83.94132674284778	NA	5.9943856755179565	NA
Parietal	-0.12912561648752363	84.11693621302109	NA	5.986587812443924	NA
Parietal	-0.12912561648752363	84.29254568319442	NA	5.978803843009649	NA
Parietal	-0.12912561648752363	84.46815515336775	NA	5.971033695791808	NA
Parietal	-0.12912561648752363	84.64376462354106	NA	5.963277300131899	NA
Parietal	-0.12912561648752363	84.81937409371439	NA	5.955534586114842	NA
Parietal	-0.12912561648752363	84.9949835638877	NA	5.947805484548482	NA
Parietal	-0.12912561648752363	85.17059303406103	NA	5.940089926943774	NA
Parietal	-0.12912561648752363	85.34620250423436	NA	5.932387845495791	NA
Parietal	-0.12912561648752363	85.52181197440767	NA	5.924699173065356	NA
Parietal	-0.12912561648752363	85.697421444581	NA	5.917023843161473	NA
Parietal	-0.12912561648752363	85.87303091475431	NA	5.909361789924307	NA
Parietal	-0.12912561648752363	86.04864038492764	NA	5.901712948108858	NA
Parietal	-0.12912561648752363	86.22424985510096	NA	5.894077253069251	NA
Parietal	-0.12912561648752363	86.39985932527428	NA	5.886454640743565	NA
Parietal	-0.12912561648752363	86.5754687954476	NA	5.878845047639267	NA
Parietal	-0.12912561648752363	86.75107826562092	NA	5.871248410819151	NA
Parietal	-0.12912561648752363	86.92668773579425	NA	5.863664667887831	NA
Parietal	-0.12912561648752363	87.10229720596757	NA	5.856093756978699	NA
Parietal	-0.12912561648752363	87.27790667614089	NA	5.848535616741382	NA
Parietal	-0.12912561648752363	87.45351614631421	NA	5.840990186329662	NA
Parietal	-0.12912561648752363	87.62912561648753	6.206418523790245	5.833449270393858	0.7035229683239753
Putamen	-0.12912561648752363	0	0	-1.696402315001966e-14	0
Putamen	-0.12912561648752363	0.1756094701733217	NA	3.9773146749647113e-4	NA
Putamen	-0.12912561648752363	0.3512189403466434	NA	0.0011214702671298374	NA
Putamen	-0.12912561648752363	0.37912561648752363	0.01743361074969264	0.0014621037829731546	0.525655067421128
Putamen	-0.12912561648752363	0.5268284105199651	NA	0.003934620033926942	NA
Putamen	-0.12912561648752363	0.7024378806932868	NA	0.70135827559128	NA
Putamen	-0.12912561648752363	0.8780473508666086	NA	2.255245587996	NA
Putamen	-0.12912561648752363	0.8791256164875236	2.623082678376005	2.2680718457711135	0.6724371859765057
Putamen	-0.12912561648752363	1.0536568210399302	NA	4.549418621318554	NA
Putamen	-0.12912561648752363	1.229266291213252	NA	6.878808158976051	NA
Putamen	-0.12912561648752363	1.3791256164875236	9.2580272446077565	9.001035310454846	0.8085391330145363
Putamen	-0.12912561648752363	1.4048757613865737	NA	9.379108011255486	NA
Putamen	-0.12912561648752363	1.5804852315598954	NA	12.034972528923381	NA
Putamen	-0.12912561648752363	1.7560947017332171	NA	14.791664752775018	NA
Putamen	-0.12912561648752363	1.8791256164875236	17.00508249358317	16.897908681680033	0.9081623318502868
Putamen	-0.12912561648752363	1.9317041719065389	NA	17.824195914759848	NA
Putamen	-0.12912561648752363	2.1073136420798604	NA	20.647703154343265	NA
Putamen	-0.12912561648752363	2.282923112253182	NA	23.150509350795037	NA
Putamen	-0.12912561648752363	2.3791256164875234	24.637022705279986	24.248382381007996	0.984110606672485
Putamen	-0.12912561648752363	2.458532582426504	NA	25.038152415815105	NA
Putamen	-0.12912561648752363	2.6341420525998256	NA	26.415391810732316	NA
Putamen	-0.12912561648752363	2.8097515227731473	NA	27.293299150480305	NA
Putamen	-0.12912561648752363	2.8791256164875234	27.86663079094568	27.50655006994027	1.005973032224954
Putamen	-0.12912561648752363	2.985360992946469	NA	27.691069130418207	NA
Putamen	-0.12912561648752363	3.160970463119791	NA	28.114610928724343	NA
Putamen	-0.12912561648752363	3.3365799332931125	NA	28.47398526180375	NA
Putamen	-0.12912561648752363	3.5121894034664343	NA	28.741431651512887	NA
Putamen	-0.12912561648752363	3.6291256164875234	28.571511561954313	28.870041470813213	1.2050566243435854
Putamen	-0.12912561648752363	3.687798873639756	NA	28.91999903314253	NA
Putamen	-0.12912561648752363	3.8634083438130777	NA	29.012614478648814	NA
Putamen	-0.12912561648752363	4.0390178139863995	NA	29.022088284360102	NA
Putamen	-0.12912561648752363	4.214627284159721	NA	28.951118844393424	NA
Putamen	-0.12912561648752363	4.390236754333043	NA	28.802297318821665	NA
Putamen	-0.12912561648752363	4.565846224506364	NA	28.5781121052516	NA
Putamen	-0.12912561648752363	4.629125616487523	28.05112414646455	28.47936081071694	1.1820350774517108
Putamen	-0.12912561648752363	4.741455694679686	NA	28.28095312210668	NA
Putamen	-0.12912561648752363	4.917065164853008	NA	27.91311591155913	NA
Putamen	-0.12912561648752363	5.09267463502633	NA	27.53227346115186	NA
Putamen	-0.12912561648752363	5.268284105199651	NA	27.192441459853217	NA
Putamen	-0.12912561648752363	5.443893575372973	NA	26.86221410346537	NA
Putamen	-0.12912561648752363	5.619503045546295	NA	26.54112021083956	NA
Putamen	-0.12912561648752363	5.629125616487523	26.51588586926865	26.52378143116756	1.1516312773471051
Putamen	-0.12912561648752363	5.795112515719616	NA	26.228709030048055	NA
Putamen	-0.12912561648752363	5.970721985892938	NA	25.924549371620525	NA
Putamen	-0.12912561648752363	6.146331456066259	NA	25.628228778403003	NA
Putamen	-0.12912561648752363	6.321940926239582	NA	25.339352730493367	NA
Putamen	-0.12912561648752363	6.497550396412903	NA	25.057543883772507	NA
Putamen	-0.12912561648752363	6.673159866586225	NA	24.782441340612746	NA
Putamen	-0.12912561648752363	6.848769336759546	NA	24.513699951404963	NA
Putamen	-0.12912561648752363	7.0243788069328685	NA	24.250989645603514	NA
Putamen	-0.12912561648752363	7.129125616487523	23.78778966636172	24.09702936930126	1.3527978229421094
Putamen	-0.12912561648752363	7.19998827710619	NA	23.99399479104236	NA
Putamen	-0.12912561648752363	7.375597747279512	NA	23.742413580329192	NA
Putamen	-0.12912561648752363	7.551207217452833	NA	23.495957443173886	NA
Putamen	-0.12912561648752363	7.7268166876261555	NA	23.254350483556706	NA
Putamen	-0.12912561648752363	7.902426157799477	NA	23.01732894068721	NA
Putamen	-0.12912561648752363	8.078035627972799	NA	22.78464106988359	NA
Putamen	-0.12912561648752363	8.253645098146121	NA	22.55604562628774	NA
Putamen	-0.12912561648752363	8.429254568319442	NA	22.331312008043568	NA
Putamen	-0.12912561648752363	8.604864038492764	NA	22.110220050814018	NA
Putamen	-0.12912561648752363	8.780473508666086	NA	21.892559353187707	NA
Putamen	-0.12912561648752363	8.956082978839406	NA	21.678128860724723	NA
Putamen	-0.12912561648752363	9.129125616487524	21.55580428703165	21.469804386863725	1.277809920111782
Putamen	-0.12912561648752363	9.131692449012728	NA	21.466736467591634	NA
Putamen	-0.12912561648752363	9.30730191918605	NA	21.25819863504287	NA
Putamen	-0.12912561648752363	9.482911389359373	NA	21.05234002603714	NA
Putamen	-0.12912561648752363	9.658520859532693	NA	20.84899315530772	NA
Putamen	-0.12912561648752363	9.834130329706015	NA	20.647998054233774	NA
Putamen	-0.12912561648752363	10.009739799879338	NA	20.449201949888092	NA
Putamen	-0.12912561648752363	10.18534927005266	NA	20.25697224207607	NA
Putamen	-0.12912561648752363	10.36095874022598	NA	20.072276794226404	NA
Putamen	-0.12912561648752363	10.536568210399302	NA	19.8933804680509	NA
Putamen	-0.12912561648752363	10.712177680572625	NA	19.720024549777143	NA
Putamen	-0.12912561648752363	10.887787150745947	NA	19.5519613604948	NA
Putamen	-0.12912561648752363	11.063396620919267	NA	19.388953789432076	NA
Putamen	-0.12912561648752363	11.23900609109259	NA	19.230774846940218	NA
Putamen	-0.12912561648752363	11.414615561265911	NA	19.07720723635432	NA
Putamen	-0.12912561648752363	11.590225031439232	NA	18.928042943933335	NA
Putamen	-0.12912561648752363	11.765834501612554	NA	18.783082846116343	NA
Putamen	-0.12912561648752363	11.941443971785876	NA	18.64213633336404	NA
Putamen	-0.12912561648752363	12.117053441959198	NA	18.505020949885164	NA
Putamen	-0.12912561648752363	12.292662912132519	NA	18.371562048577548	NA
Putamen	-0.12912561648752363	12.468272382305841	NA	18.24159246054136	NA
Putamen	-0.12912561648752363	12.629125616487524	18.682435954604415	18.12546929587933	1.5779206941832196
Putamen	-0.12912561648752363	12.643881852479163	NA	18.11495217854944	NA
Putamen	-0.12912561648752363	12.819491322652485	NA	17.99148805388554	NA
Putamen	-0.12912561648752363	12.995100792825806	NA	17.871053505986136	NA
Putamen	-0.12912561648752363	13.170710262999128	NA	17.75350824434535	NA
Putamen	-0.12912561648752363	13.34631973317245	NA	17.63871800216525	NA
Putamen	-0.12912561648752363	13.521929203345772	NA	17.52655428125572	NA
Putamen	-0.12912561648752363	13.697538673519093	NA	17.41689410770918	NA
Putamen	-0.12912561648752363	13.873148143692415	NA	17.30961979789473	NA
Putamen	-0.12912561648752363	14.048757613865737	NA	17.204618734336883	NA
Putamen	-0.12912561648752363	14.224367084039057	NA	17.101783151060967	NA
Putamen	-0.12912561648752363	14.39997655421238	NA	17.00100992800587	NA
Putamen	-0.12912561648752363	14.575586024385702	NA	16.902200394121127	NA
Putamen	-0.12912561648752363	14.751195494559024	NA	16.805260138782025	NA
Putamen	-0.12912561648752363	14.926804964732344	NA	16.710098831171244	NA
Putamen	-0.12912561648752363	15.102414434905667	NA	16.616622199862228	NA
Putamen	-0.12912561648752363	15.278023905078989	NA	16.525153140869502	NA
Putamen	-0.12912561648752363	15.453633375252311	NA	16.435793055701676	NA
Putamen	-0.12912561648752363	15.629242845425631	NA	16.348447272819186	NA
Putamen	-0.12912561648752363	15.804852315598954	NA	16.26302516324723	NA
Putamen	-0.12912561648752363	15.980461785772276	NA	16.179440042501593	NA
Putamen	-0.12912561648752363	16.156071255945598	NA	16.097608967073434	NA
Putamen	-0.12912561648752363	16.33168072611892	NA	16.017452236001358	NA
Putamen	-0.12912561648752363	16.507290196292242	NA	15.938893752562064	NA
Putamen	-0.12912561648752363	16.682899666465563	NA	15.861860676650757	NA
Putamen	-0.12912561648752363	16.858509136638883	NA	15.786283286952921	NA
Putamen	-0.12912561648752363	17.034118606812207	NA	15.712094848936808	NA
Putamen	-0.12912561648752363	17.209728076985527	NA	15.639231488421089	NA
Putamen	-0.12912561648752363	17.385337547158848	NA	15.567632070481928	NA
Putamen	-0.12912561648752363	17.560947017332172	NA	15.497238083474498	NA
Putamen	-0.12912561648752363	17.629125616487524	15.713763854906782	15.470220865340245	1.4234263107476035
Putamen	-0.12912561648752363	17.736556487505492	NA	15.427993527952784	NA
Putamen	-0.12912561648752363	17.912165957678813	NA	15.359844810280924	NA
Putamen	-0.12912561648752363	18.087775427852137	NA	15.29274064073816	NA
Putamen	-0.12912561648752363	18.263384898025457	NA	15.226631935927537	NA
Putamen	-0.12912561648752363	18.43899436819878	NA	15.161471725306763	NA
Putamen	-0.12912561648752363	18.6146038383721	NA	15.097215061667209	NA
Putamen	-0.12912561648752363	18.79021330854542	NA	15.033818935394345	NA
Putamen	-0.12912561648752363	18.965822778718746	NA	14.97124219234997	NA
Putamen	-0.12912561648752363	19.141432248892066	NA	14.9094454552234	NA
Putamen	-0.12912561648752363	19.317041719065386	NA	14.84839104820506	NA
Putamen	-0.12912561648752363	19.49265118923871	NA	14.788042924842356	NA
Putamen	-0.12912561648752363	19.66826065941203	NA	14.728366598943351	NA
Putamen	-0.12912561648752363	19.84387012958535	NA	14.669329078399654	NA
Putamen	-0.12912561648752363	20.019479599758675	NA	14.610898801805275	NA
Putamen	-0.12912561648752363	20.195089069931996	NA	14.553045577753345	NA
Putamen	-0.12912561648752363	20.37069854010532	NA	14.49574052669778	NA
Putamen	-0.12912561648752363	20.54630801027864	NA	14.4389560252714	NA
Putamen	-0.12912561648752363	20.72191748045196	NA	14.382665652957034	NA
Putamen	-0.12912561648752363	20.897526950625284	NA	14.326844141012065	NA
Putamen	-0.12912561648752363	21.073136420798605	NA	14.271467323551356	NA
Putamen	-0.12912561648752363	21.248745890971925	NA	14.216512090697536	NA
Putamen	-0.12912561648752363	21.42435536114525	NA	14.161956343711134	NA
Putamen	-0.12912561648752363	21.59996483131857	NA	14.107778952017203	NA
Putamen	-0.12912561648752363	21.775574301491893	NA	14.05395971204816	NA
Putamen	-0.12912561648752363	21.951183771665214	NA	14.000479307826394	NA
Putamen	-0.12912561648752363	22.126793241838534	NA	13.94731927321293	NA
Putamen	-0.12912561648752363	22.302402712011858	NA	13.894461955751998	NA
Putamen	-0.12912561648752363	22.47801218218518	NA	13.841890482044015	NA
Putamen	-0.12912561648752363	22.629125616487524	13.694035781150534	13.79686877508392	1.3038319070137474
Putamen	-0.12912561648752363	22.6536216523585	NA	13.789588724582556	NA
Putamen	-0.12912561648752363	22.829231122531823	NA	13.73754126999333	NA
Putamen	-0.12912561648752363	23.004840592705143	NA	13.685733388616146	NA
Putamen	-0.12912561648752363	23.180450062878464	NA	13.634151005373077	NA
Putamen	-0.12912561648752363	23.356059533051788	NA	13.582780671868457	NA
Putamen	-0.12912561648752363	23.531669003225108	NA	13.531609539668828	NA
Putamen	-0.12912561648752363	23.707278473398432	NA	13.480625334712913	NA
Putamen	-0.12912561648752363	23.882887943571752	NA	13.429816332803924	NA
Putamen	-0.12912561648752363	24.058497413745073	NA	13.379171357392947	NA
Putamen	-0.12912561648752363	24.234106883918397	NA	13.328679692495076	NA
Putamen	-0.12912561648752363	24.409716354091717	NA	13.278331124547577	NA
Putamen	-0.12912561648752363	24.585325824265038	NA	13.228115904020695	NA
Putamen	-0.12912561648752363	24.76093529443836	NA	13.178024723400661	NA
Putamen	-0.12912561648752363	24.936544764611682	NA	13.128048698281685	NA
Putamen	-0.12912561648752363	25.112154234785006	NA	13.078179349257969	NA
Putamen	-0.12912561648752363	25.287763704958326	NA	13.028408584582282	NA
Putamen	-0.12912561648752363	25.463373175131647	NA	12.978728683558323	NA
Putamen	-0.12912561648752363	25.63898264530497	NA	12.929132280636292	NA
Putamen	-0.12912561648752363	25.81459211547829	NA	12.879612350181665	NA
Putamen	-0.12912561648752363	25.99020158565161	NA	12.830162191888917	NA
Putamen	-0.12912561648752363	26.165811055824935	NA	12.780775416812812	NA
Putamen	-0.12912561648752363	26.341420525998256	NA	12.731445933991374	NA
Putamen	-0.12912561648752363	26.517029996171576	NA	12.682167937635283	NA
Putamen	-0.12912561648752363	26.6926394663449	NA	12.632935894860069	NA
Putamen	-0.12912561648752363	26.86824893651822	NA	12.58374453393789	NA
Putamen	-0.12912561648752363	27.043858406691545	NA	12.534588833047145	NA
Putamen	-0.12912561648752363	27.219467876864865	NA	12.485464009498997	NA
Putamen	-0.12912561648752363	27.395077347038185	NA	12.436365509420034	NA
Putamen	-0.12912561648752363	27.57068681721151	NA	12.387288997872759	NA
Putamen	-0.12912561648752363	27.629125616487524	12.123730005563706	12.37096162062607	1.2051004760161728
Putamen	-0.12912561648752363	27.74629628738483	NA	12.33823034939466	NA
Putamen	-0.12912561648752363	27.92190575755815	NA	12.289185638938463	NA
Putamen	-0.12912561648752363	28.097515227731474	NA	12.240151133196603	NA
Putamen	-0.12912561648752363	28.273124697904795	NA	12.19112328229367	NA
Putamen	-0.12912561648752363	28.448734168078115	NA	12.142098711831277	NA
Putamen	-0.12912561648752363	28.62434363825144	NA	12.093074215270422	NA
Putamen	-0.12912561648752363	28.79995310842476	NA	12.044046746637195	NA
Putamen	-0.12912561648752363	28.975562578598083	NA	11.995013413537999	NA
Putamen	-0.12912561648752363	29.151172048771404	NA	11.945971470471418	NA
Putamen	-0.12912561648752363	29.326781518944724	NA	11.896918312423962	NA
Putamen	-0.12912561648752363	29.502390989118048	NA	11.847851468737895	NA
Putamen	-0.12912561648752363	29.67800045929137	NA	11.798768597239537	NA
Putamen	-0.12912561648752363	29.85360992946469	NA	11.749667478617054	NA
Putamen	-0.12912561648752363	30.029219399638013	NA	11.700546011037195	NA
Putamen	-0.12912561648752363	30.204828869811333	NA	11.652241887842465	NA
Putamen	-0.12912561648752363	30.380438339984657	NA	11.60465350407142	NA
Putamen	-0.12912561648752363	30.556047810157978	NA	11.55768584401528	NA
Putamen	-0.12912561648752363	30.731657280331298	NA	11.511316048987206	NA
Putamen	-0.12912561648752363	30.907266750504622	NA	11.465522197703306	NA
Putamen	-0.12912561648752363	31.082876220677942	NA	11.420283266940364	NA
Putamen	-0.12912561648752363	31.258485690851263	NA	11.375579093852451	NA
Putamen	-0.12912561648752363	31.434095161024587	NA	11.331390339876238	NA
Putamen	-0.12912561648752363	31.609704631197907	NA	11.287698456158141	NA
Putamen	-0.12912561648752363	31.785314101371227	NA	11.244485650438833	NA
Putamen	-0.12912561648752363	31.96092357154455	NA	11.201734892405149	NA
Putamen	-0.12912561648752363	32.136533041717875	NA	11.159429799291281	NA
Putamen	-0.12912561648752363	32.312142511891196	NA	11.11755463186345	NA
Putamen	-0.12912561648752363	32.487751982064516	NA	11.076094320413159	NA
Putamen	-0.12912561648752363	32.62912561648752	10.726888764432616	11.043008590306611	1.1228724152925085
Putamen	-0.12912561648752363	32.66336145223784	NA	11.035034406032372	NA
Putamen	-0.12912561648752363	32.83897092241116	NA	10.99436101503955	NA
Putamen	-0.12912561648752363	33.014580392584485	NA	10.954060834483338	NA
Putamen	-0.12912561648752363	33.190189862757805	NA	10.914121088678671	NA
Putamen	-0.12912561648752363	33.365799332931125	NA	10.874529516731506	NA
Putamen	-0.12912561648752363	33.541408803104446	NA	10.83527435101064	NA
Putamen	-0.12912561648752363	33.717018273277766	NA	10.796344296526522	NA
Putamen	-0.12912561648752363	33.89262774345109	NA	10.757728511178891	NA
Putamen	-0.12912561648752363	34.068237213624414	NA	10.719416586836509	NA
Putamen	-0.12912561648752363	34.243846683797734	NA	10.681398531213874	NA
Putamen	-0.12912561648752363	34.419456153971055	NA	10.643664750511405	NA
Putamen	-0.12912561648752363	34.595065624144375	NA	10.606206032786696	NA
Putamen	-0.12912561648752363	34.770675094317696	NA	10.56901353202616	NA
Putamen	-0.12912561648752363	34.94628456449102	NA	10.532078752887427	NA
Putamen	-0.12912561648752363	35.121894034664344	NA	10.495393536084213	NA
Putamen	-0.12912561648752363	35.297503504837664	NA	10.45895004438659	NA
Putamen	-0.12912561648752363	35.473112975010984	NA	10.422740749210577	NA
Putamen	-0.12912561648752363	35.648722445184305	NA	10.38675841777241	NA
Putamen	-0.12912561648752363	35.824331915357625	NA	10.350996100783398	NA
Putamen	-0.12912561648752363	35.99994138553095	NA	10.315447120662782	NA
Putamen	-0.12912561648752363	36.17555085570427	NA	10.280105060246608	NA
Putamen	-0.12912561648752363	36.35116032587759	NA	10.244963751971792	NA
Putamen	-0.12912561648752363	36.526769796050914	NA	10.210017267515186	NA
Putamen	-0.12912561648752363	36.702379266224234	NA	10.175259907868625	NA
Putamen	-0.12912561648752363	36.87798873639756	NA	10.140686193831506	NA
Putamen	-0.12912561648752363	37.05359820657088	NA	10.106290856903117	NA
Putamen	-0.12912561648752363	37.2292076767442	NA	10.072068830558154	NA
Putamen	-0.12912561648752363	37.40481714691752	NA	10.038015241889022	NA
Putamen	-0.12912561648752363	37.58042661709084	NA	10.004125403599604	NA
Putamen	-0.12912561648752363	37.62912561648752	9.68915259289746	9.994755578642408	1.0527702519210254
Putamen	-0.12912561648752363	37.756036087264164	NA	9.970394806335504	NA
Putamen	-0.12912561648752363	37.93164555743749	NA	9.93681911133677	NA
Putamen	-0.12912561648752363	38.10725502761081	NA	9.903394143399371	NA
Putamen	-0.12912561648752363	38.28286449778413	NA	9.870115884132405	NA
Putamen	-0.12912561648752363	38.45847396795745	NA	9.836980465498648	NA
Putamen	-0.12912561648752363	38.63408343813077	NA	9.80398416362642	NA
Putamen	-0.12912561648752363	38.8096929083041	NA	9.77112339288134	NA
Putamen	-0.12912561648752363	38.98530237847742	NA	9.738394700187024	NA
Putamen	-0.12912561648752363	39.16091184865074	NA	9.705794759584284	NA
Putamen	-0.12912561648752363	39.33652131882406	NA	9.673320367018617	NA
Putamen	-0.12912561648752363	39.51213078899738	NA	9.640968435346524	NA
Putamen	-0.12912561648752363	39.6877402591707	NA	9.608735989551365	NA
Putamen	-0.12912561648752363	39.86334972934403	NA	9.57662016531701	NA
Putamen	-0.12912561648752363	40.03895919951735	NA	9.544618208892807	NA
Putamen	-0.12912561648752363	40.21456866969067	NA	9.51272744039509	NA
Putamen	-0.12912561648752363	40.39017813986399	NA	9.480945289403591	NA
Putamen	-0.12912561648752363	40.56578761003731	NA	9.44926927654837	NA
Putamen	-0.12912561648752363	40.74139708021064	NA	9.417697009810064	NA
Putamen	-0.12912561648752363	40.91700655038396	NA	9.386226180974921	NA
Putamen	-0.12912561648752363	41.09261602055728	NA	9.354854562238451	NA
Putamen	-0.12912561648752363	41.2682254907306	NA	9.323580002951275	NA
Putamen	-0.12912561648752363	41.44383496090392	NA	9.292400426501112	NA
Putamen	-0.12912561648752363	41.61944443107725	NA	9.261313827325296	NA
Putamen	-0.12912561648752363	41.79505390125057	NA	9.230318268048208	NA
Putamen	-0.12912561648752363	41.97066337142389	NA	9.199411876738473	NA
Putamen	-0.12912561648752363	42.14627284159721	NA	9.168592844280777	NA
Putamen	-0.12912561648752363	42.32188231177053	NA	9.137859421857534	NA
Putamen	-0.12912561648752363	42.49749178194385	NA	9.107209918535759	NA
Putamen	-0.12912561648752363	42.62912561648752	8.728088143491322	9.08428962154065	0.9914176037735668
Putamen	-0.12912561648752363	42.67310125211718	NA	9.076642698954691	NA
Putamen	-0.12912561648752363	42.8487107222905	NA	9.046156181109984	NA
Putamen	-0.12912561648752363	43.02432019246382	NA	9.01574883423032	NA
Putamen	-0.12912561648752363	43.19992966263714	NA	8.985419176742624	NA
Putamen	-0.12912561648752363	43.37553913281046	NA	8.955165774322099	NA
Putamen	-0.12912561648752363	43.55114860298379	NA	8.924987238023508	NA
Putamen	-0.12912561648752363	43.72675807315711	NA	8.894882222490372	NA
Putamen	-0.12912561648752363	43.90236754333043	NA	8.864849424238644	NA
Putamen	-0.12912561648752363	44.07797701350375	NA	8.834887580011877	NA
Putamen	-0.12912561648752363	44.25358648367707	NA	8.804995465204783	NA
Putamen	-0.12912561648752363	44.42919595385039	NA	8.775171892352349	NA
Putamen	-0.12912561648752363	44.604805424023716	NA	8.745415709681726	NA
Putamen	-0.12912561648752363	44.78041489419704	NA	8.715725799724265	NA
Putamen	-0.12912561648752363	44.95602436437036	NA	8.686101077985176	NA
Putamen	-0.12912561648752363	45.13163383454368	NA	8.656533902061545	NA
Putamen	-0.12912561648752363	45.307243304717	NA	8.627183440708624	NA
Putamen	-0.12912561648752363	45.482852774890326	NA	8.598160860448415	NA
Putamen	-0.12912561648752363	45.658462245063646	NA	8.569456455726709	NA
Putamen	-0.12912561648752363	45.834071715236966	NA	8.541060896683282	NA
Putamen	-0.12912561648752363	46.00968118541029	NA	8.512965213573072	NA
Putamen	-0.12912561648752363	46.18529065558361	NA	8.485160781842628	NA
Putamen	-0.12912561648752363	46.36090012575693	NA	8.457639307834217	NA
Putamen	-0.12912561648752363	46.536509595930255	NA	8.430392815091102	NA
Putamen	-0.12912561648752363	46.712119066103575	NA	8.403413631238593	NA
Putamen	-0.12912561648752363	46.887728536276896	NA	8.376694375416726	NA
Putamen	-0.12912561648752363	47.063338006450216	NA	8.350227946241121	NA
Putamen	-0.12912561648752363	47.23894747662354	NA	8.32400751026984	NA
Putamen	-0.12912561648752363	47.414556946796864	NA	8.29802649095494	NA
Putamen	-0.12912561648752363	47.590166416970185	NA	8.272278558058202	NA
Putamen	-0.12912561648752363	47.62912561648752	8.112850009639313	8.26659748274162	0.9398423736497916
Putamen	-0.12912561648752363	47.765775887143505	NA	8.24675761751146	NA
Putamen	-0.12912561648752363	47.941385357316825	NA	8.221457828591136	NA
Putamen	-0.12912561648752363	48.116994827490146	NA	8.196373518416433	NA
Putamen	-0.12912561648752363	48.292604297663466	NA	8.171499238721108	NA
Putamen	-0.12912561648752363	48.468213767836794	NA	8.146829747060023	NA
Putamen	-0.12912561648752363	48.643823238010114	NA	8.122359992495435	NA
Putamen	-0.12912561648752363	48.819432708183434	NA	8.098085107758225	NA
Putamen	-0.12912561648752363	48.995042178356755	NA	8.074000401737921	NA
Putamen	-0.12912561648752363	49.170651648530075	NA	8.050101352287802	NA
Putamen	-0.12912561648752363	49.3462611187034	NA	8.026383599331657	NA
Putamen	-0.12912561648752363	49.52187058887672	NA	8.002842938259574	NA
Putamen	-0.12912561648752363	49.697480059050044	NA	7.979475313600534	NA
Putamen	-0.12912561648752363	49.873089529223364	NA	7.956276812960164	NA
Putamen	-0.12912561648752363	50.048698999396684	NA	7.9332436612124635	NA
Putamen	-0.12912561648752363	50.22430846957001	NA	7.910372214934784	NA
Putamen	-0.12912561648752363	50.39991793974333	NA	7.887658957075854	NA
Putamen	-0.12912561648752363	50.57552740991665	NA	7.865100491846941	NA
Putamen	-0.12912561648752363	50.75113688008997	NA	7.842693539826894	NA
Putamen	-0.12912561648752363	50.926746350263294	NA	7.820434933271873	NA
Putamen	-0.12912561648752363	51.102355820436614	NA	7.7983216116213026	NA
Putamen	-0.12912561648752363	51.27796529060994	NA	7.776350617191668	NA
Putamen	-0.12912561648752363	51.45357476078326	NA	7.754519091050315	NA
Putamen	-0.12912561648752363	51.62918423095658	NA	7.732824269061604	NA
Putamen	-0.12912561648752363	51.8047937011299	NA	7.711263478098239	NA
Putamen	-0.12912561648752363	51.98040317130322	NA	7.689834132410739	NA
Putamen	-0.12912561648752363	52.15601264147655	NA	7.668533730148393	NA
Putamen	-0.12912561648752363	52.33162211164987	NA	7.647359850025422	NA
Putamen	-0.12912561648752363	52.50723158182319	NA	7.626310148126089	NA
Putamen	-0.12912561648752363	52.62912561648752	7.188230990643037	7.611770866610875	0.8949935959509174
Putamen	-0.12912561648752363	52.68284105199651	NA	7.605382354843001	NA
Putamen	-0.12912561648752363	52.85845052216983	NA	7.58457427194296	NA
Putamen	-0.12912561648752363	53.03405999234315	NA	7.56388376975503	NA
Putamen	-0.12912561648752363	53.20966946251648	NA	7.5433087844755695	NA
Putamen	-0.12912561648752363	53.3852789326898	NA	7.522847315585502	NA
Putamen	-0.12912561648752363	53.56088840286312	NA	7.502497423374852	NA
Putamen	-0.12912561648752363	53.73649787303644	NA	7.4822572265702485	NA
Putamen	-0.12912561648752363	53.91210734320976	NA	7.462124900060957	NA
Putamen	-0.12912561648752363	54.08771681338309	NA	7.4420986727192675	NA
Putamen	-0.12912561648752363	54.26332628355641	NA	7.422176825311426	NA
Putamen	-0.12912561648752363	54.43893575372973	NA	7.402357688495007	NA
Putamen	-0.12912561648752363	54.61454522390305	NA	7.382639640899458	NA
Putamen	-0.12912561648752363	54.79015469407637	NA	7.363021107286012	NA
Putamen	-0.12912561648752363	54.96576416424969	NA	7.343500556783823	NA
Putamen	-0.12912561648752363	55.14137363442302	NA	7.324076501198965	NA
Putamen	-0.12912561648752363	55.31698310459634	NA	7.304747493393452	NA
Putamen	-0.12912561648752363	55.49259257476966	NA	7.28551212573099	NA
Putamen	-0.12912561648752363	55.66820204494298	NA	7.266369028587087	NA
Putamen	-0.12912561648752363	55.8438115151163	NA	7.247316875134949	NA
Putamen	-0.12912561648752363	56.01942098528963	NA	7.22835436850976	NA
Putamen	-0.12912561648752363	56.19503045546295	NA	7.209480237233744	NA
Putamen	-0.12912561648752363	56.37063992563627	NA	7.190693250034379	NA
Putamen	-0.12912561648752363	56.54624939580959	NA	7.171992207071726	NA
Putamen	-0.12912561648752363	56.72185886598291	NA	7.153375938780486	NA
Putamen	-0.12912561648752363	56.89746833615623	NA	7.134843304759529	NA
Putamen	-0.12912561648752363	57.07307780632956	NA	7.116393192706904	NA
Putamen	-0.12912561648752363	57.24868727650288	NA	7.098024517398492	NA
Putamen	-0.12912561648752363	57.4242967466762	NA	7.079736219708347	NA
Putamen	-0.12912561648752363	57.59990621684952	NA	7.061527265669079	NA
Putamen	-0.12912561648752363	57.62912561648752	6.946932350650583	7.05850513245028	0.8584101996278483
Putamen	-0.12912561648752363	57.77551568702284	NA	7.043396645570597	NA
Putamen	-0.12912561648752363	57.95112515719617	NA	7.025343373095512	NA
Putamen	-0.12912561648752363	58.12673462736949	NA	7.0073664844897765	NA
Putamen	-0.12912561648752363	58.30234409754281	NA	6.989465037766995	NA
Putamen	-0.12912561648752363	58.47795356771613	NA	6.971638111945064	NA
Putamen	-0.12912561648752363	58.65356303788945	NA	6.953884806313732	NA
Putamen	-0.12912561648752363	58.829172508062776	NA	6.936204239731827	NA
Putamen	-0.12912561648752363	59.004781978236096	NA	6.918595549952885	NA
Putamen	-0.12912561648752363	59.18039144840942	NA	6.901057892977963	NA
Putamen	-0.12912561648752363	59.35600091858274	NA	6.883590442434614	NA
Putamen	-0.12912561648752363	59.53161038875606	NA	6.866192388980774	NA
Putamen	-0.12912561648752363	59.70721985892938	NA	6.848862939732618	NA
Putamen	-0.12912561648752363	59.882829329102705	NA	6.831601317715379	NA
Putamen	-0.12912561648752363	60.058438799276026	NA	6.814406761336133	NA
Putamen	-0.12912561648752363	60.234048269449346	NA	6.79731334422493	NA
Putamen	-0.12912561648752363	60.409657739622666	NA	6.780390317865128	NA
Putamen	-0.12912561648752363	60.58526720979599	NA	6.763630094981477	NA
Putamen	-0.12912561648752363	60.760876679969314	NA	6.747028756527661	NA
Putamen	-0.12912561648752363	60.936486150142635	NA	6.730582524611446	NA
Putamen	-0.12912561648752363	61.112095620315955	NA	6.714287756736041	NA
Putamen	-0.12912561648752363	61.287705090489276	NA	6.698140940282821	NA
Putamen	-0.12912561648752363	61.463314560662596	NA	6.682138687225404	NA
Putamen	-0.12912561648752363	61.638924030835916	NA	6.666277729065156	NA
Putamen	-0.12912561648752363	61.814533501009244	NA	6.650554911978879	NA
Putamen	-0.12912561648752363	61.990142971182564	NA	6.6349671921698015	NA
Putamen	-0.12912561648752363	62.165752441355885	NA	6.619511631413113	NA
Putamen	-0.12912561648752363	62.341361911529205	NA	6.604185392788071	NA
Putamen	-0.12912561648752363	62.516971381702525	NA	6.588985736588639	NA
Putamen	-0.12912561648752363	62.62912561648752	6.633085069299296	6.579343438354591	0.8232796700642128
Putamen	-0.12912561648752363	62.69258085187585	NA	6.573910016405236	NA
Putamen	-0.12912561648752363	62.86819032204917	NA	6.558955675370337	NA
Putamen	-0.12912561648752363	63.043799792222494	NA	6.544120242561053	NA
Putamen	-0.12912561648752363	63.219409262395814	NA	6.529401329552037	NA
Putamen	-0.12912561648752363	63.395018732569135	NA	6.514796627112425	NA
Putamen	-0.12912561648752363	63.570628202742455	NA	6.500303902040757	NA
Putamen	-0.12912561648752363	63.74623767291578	NA	6.485920995625588	NA
Putamen	-0.12912561648752363	63.9218471430891	NA	6.4716458308587	NA
Putamen	-0.12912561648752363	64.09745661326242	NA	6.457476369734039	NA
Putamen	-0.12912561648752363	64.27306608343575	NA	6.443410654105482	NA
Putamen	-0.12912561648752363	64.44867555360906	NA	6.42944678790347	NA
Putamen	-0.12912561648752363	64.62428502378239	NA	6.415582934683879	NA
Putamen	-0.12912561648752363	64.7998944939557	NA	6.401817315278966	NA
Putamen	-0.12912561648752363	64.97550396412903	NA	6.388148205546074	NA
Putamen	-0.12912561648752363	65.15111343430236	NA	6.374573934210011	NA
Putamen	-0.12912561648752363	65.32672290447567	NA	6.361092880795141	NA
Putamen	-0.12912561648752363	65.502332374649	NA	6.347703473643403	NA
Putamen	-0.12912561648752363	65.67794184482231	NA	6.33440418801469	NA
Putamen	-0.12912561648752363	65.85355131499564	NA	6.321193544266058	NA
Putamen	-0.12912561648752363	66.02916078516897	NA	6.308070106106462	NA
Putamen	-0.12912561648752363	66.20477025534228	NA	6.295032478923938	NA
Putamen	-0.12912561648752363	66.38037972551561	NA	6.282079308181977	NA
Putamen	-0.12912561648752363	66.55598919568892	NA	6.269209277882453	NA
Putamen	-0.12912561648752363	66.73159866586225	NA	6.25642110909205	NA
Putamen	-0.12912561648752363	66.90720813603556	NA	6.243713558529656	NA
Putamen	-0.12912561648752363	67.08281760620889	NA	6.231085417212185	NA
Putamen	-0.12912561648752363	67.25842707638222	NA	6.218535509156246	NA
Putamen	-0.12912561648752363	67.43403654655553	NA	6.206062690133435	NA
Putamen	-0.12912561648752363	67.60964601672886	NA	6.193665846476976	NA
Putamen	-0.12912561648752363	67.62912561648753	6.624660131293146	6.192295325583009	0.7941339053739491
Putamen	-0.12912561648752363	67.78525548690217	NA	6.181343893937406	NA
Putamen	-0.12912561648752363	67.9608649570755	NA	6.169095776585505	NA
Putamen	-0.12912561648752363	68.13647442724883	NA	6.156920465760251	NA
Putamen	-0.12912561648752363	68.31208389742214	NA	6.14481695906007	NA
Putamen	-0.12912561648752363	68.48769336759547	NA	6.132784279375413	NA
Putamen	-0.12912561648752363	68.66330283776878	NA	6.1208214739611035	NA
Putamen	-0.12912561648752363	68.83891230794211	NA	6.108927613546606	NA
Putamen	-0.12912561648752363	69.01452177811544	NA	6.097101791482796	NA
Putamen	-0.12912561648752363	69.19013124828875	NA	6.085343122923512	NA
Putamen	-0.12912561648752363	69.36574071846208	NA	6.073650744040642	NA
Putamen	-0.12912561648752363	69.54135018863539	NA	6.062023811271133	NA
Putamen	-0.12912561648752363	69.71695965880872	NA	6.050461500594734	NA
Putamen	-0.12912561648752363	69.89256912898205	NA	6.038963006841147	NA
Putamen	-0.12912561648752363	70.06817859915536	NA	6.027527543025288	NA
Putamen	-0.12912561648752363	70.24378806932869	NA	6.016154339709531	NA
Putamen	-0.12912561648752363	70.419397539502	NA	6.004842644391882	NA
Putamen	-0.12912561648752363	70.59500700967533	NA	5.993591720918819	NA
Putamen	-0.12912561648752363	70.77061647984864	NA	5.982400848921943	NA
Putamen	-0.12912561648752363	70.94622595002197	NA	5.971269323277317	NA
Putamen	-0.12912561648752363	71.1218354201953	NA	5.960196453586595	NA
Putamen	-0.12912561648752363	71.29744489036861	NA	5.949181563679116	NA
Putamen	-0.12912561648752363	71.47305436054194	NA	5.938223991133851	NA
Putamen	-0.12912561648752363	71.64866383071525	NA	5.927323086820613	NA
Putamen	-0.12912561648752363	71.82427330088858	NA	5.916478220605846	NA
Putamen	-0.12912561648752363	71.9998827710619	NA	5.905688764635146	NA
Putamen	-0.12912561648752363	72.17549224123522	NA	5.8949541047525464	NA
Putamen	-0.12912561648752363	72.35110171140855	NA	5.884273640764376	NA
Putamen	-0.12912561648752363	72.52671118158186	NA	5.873646783734231	NA
Putamen	-0.12912561648752363	72.62912561648753	6.497476840074667	5.867473779180039	0.7676503110600775
Putamen	-0.12912561648752363	72.70232065175519	NA	5.863072955623486	NA
Putamen	-0.12912561648752363	72.87793012192851	NA	5.852551588946027	NA
Putamen	-0.12912561648752363	73.05353959210183	NA	5.8420821264367	NA
Putamen	-0.12912561648752363	73.22914906227516	NA	5.831664020732677	NA
Putamen	-0.12912561648752363	73.40475853244847	NA	5.821296734067453	NA
Putamen	-0.12912561648752363	73.5803680026218	NA	5.810979737976801	NA
Putamen	-0.12912561648752363	73.75597747279512	NA	5.800712513016229	NA
Putamen	-0.12912561648752363	73.93158694296844	NA	5.790494548489461	NA
Putamen	-0.12912561648752363	74.10719641314176	NA	5.780325342187479	NA
Putamen	-0.12912561648752363	74.28280588331508	NA	5.7702044001376835	NA
Putamen	-0.12912561648752363	74.4584153534884	NA	5.7601312363627715	NA
Putamen	-0.12912561648752363	74.63402482366173	NA	5.750105372648913	NA
Putamen	-0.12912561648752363	74.80963429383505	NA	5.740126338322847	NA
Putamen	-0.12912561648752363	74.98524376400837	NA	5.730193670037492	NA
Putamen	-0.12912561648752363	75.16085323418169	NA	5.720306911565824	NA
Putamen	-0.12912561648752363	75.33646270435501	NA	5.710465613602524	NA
Putamen	-0.12912561648752363	75.51207217452833	NA	5.7006693335732255	NA
Putamen	-0.12912561648752363	75.68768164470166	NA	5.690917635450945	NA
Putamen	-0.12912561648752363	75.86329111487498	NA	5.6812100895794275	NA
Putamen	-0.12912561648752363	76.0389005850483	NA	5.671546272503165	NA
Putamen	-0.12912561648752363	76.21451005522162	NA	5.661925766803733	NA
Putamen	-0.12912561648752363	76.39011952539494	NA	5.652348160942276	NA
Putamen	-0.12912561648752363	76.56572899556826	NA	5.642813049107809	NA
Putamen	-0.12912561648752363	76.74133846574159	NA	5.633320031071121	NA
Putamen	-0.12912561648752363	76.9169479359149	NA	5.623868712044105	NA
Putamen	-0.12912561648752363	77.09255740608823	NA	5.614458702544186	NA
Putamen	-0.12912561648752363	77.26816687626155	NA	5.605089618263754	NA
Putamen	-0.12912561648752363	77.44377634643487	NA	5.595761079944291	NA
Putamen	-0.12912561648752363	77.6193858166082	NA	5.586472713255105	NA
Putamen	-0.12912561648752363	77.62912561648753	6.139050996234019	5.585958729561409	0.7435962630593645
Putamen	-0.12912561648752363	77.79499528678151	NA	5.577224148676367	NA
Putamen	-0.12912561648752363	77.97060475695484	NA	5.568015021386386	NA
Putamen	-0.12912561648752363	78.14621422712816	NA	5.558844971152869	NA
Putamen	-0.12912561648752363	78.32182369730148	NA	5.549713642228049	NA
Putamen	-0.12912561648752363	78.49743316747481	NA	5.540620683247517	NA
Putamen	-0.12912561648752363	78.67304263764812	NA	5.531565747132568	NA
Putamen	-0.12912561648752363	78.84865210782145	NA	5.522548490996004	NA
Putamen	-0.12912561648752363	79.02426157799476	NA	5.513568576051133	NA
Putamen	-0.12912561648752363	79.19987104816809	NA	5.504625667523968	NA
Putamen	-0.12912561648752363	79.3754805183414	NA	5.495719434568389	NA
Putamen	-0.12912561648752363	79.55108998851473	NA	5.486849550184208	NA
Putamen	-0.12912561648752363	79.72669945868806	NA	5.478015693118328	NA
Putamen	-0.12912561648752363	79.90230892886137	NA	5.469217545247252	NA
Putamen	-0.12912561648752363	80.0779183990347	NA	5.460454787149146	NA
Putamen	-0.12912561648752363	80.25352786920801	NA	5.451727106443492	NA
Putamen	-0.12912561648752363	80.42913733938134	NA	5.4430341942253255	NA
Putamen	-0.12912561648752363	80.60474680955467	NA	5.434375744998401	NA
Putamen	-0.12912561648752363	80.78035627972798	NA	5.425751456610397	NA
Putamen	-0.12912561648752363	80.95596574990131	NA	5.417161030190309	NA
Putamen	-0.12912561648752363	81.13157522007462	NA	5.408604170087782	NA
Putamen	-0.12912561648752363	81.30718469024795	NA	5.4000805838143755	NA
Putamen	-0.12912561648752363	81.48279416042128	NA	5.391589981986697	NA
Putamen	-0.12912561648752363	81.65840363059459	NA	5.383132078271278	NA
Putamen	-0.12912561648752363	81.83401310076792	NA	5.3747065893311605	NA
Putamen	-0.12912561648752363	82.00962257094123	NA	5.366313234774113	NA
Putamen	-0.12912561648752363	82.18523204111456	NA	5.3579517371024385	NA
Putamen	-0.12912561648752363	82.36084151128789	NA	5.3496218216642895	NA
Putamen	-0.12912561648752363	82.5364509814612	NA	5.341323216606392	NA
Putamen	-0.12912561648752363	82.62912561648753	5.639150011398035	5.33695630942641	0.7230229745858322
Putamen	-0.12912561648752363	82.71206045163453	NA	5.333055652828236	NA
Putamen	-0.12912561648752363	82.88766992180784	NA	5.324818863937537	NA
Putamen	-0.12912561648752363	83.06327939198117	NA	5.31661258620704	NA
Putamen	-0.12912561648752363	83.2388888621545	NA	5.308436558532528	NA
Putamen	-0.12912561648752363	83.41449833232781	NA	5.300290522392044	NA
Putamen	-0.12912561648752363	83.59010780250114	NA	5.292174221806253	NA
Putamen	-0.12912561648752363	83.76571727267445	NA	5.284087403299903	NA
Putamen	-0.12912561648752363	83.94132674284778	NA	5.276029815864357	NA
Putamen	-0.12912561648752363	84.11693621302109	NA	5.268001210921137	NA
Putamen	-0.12912561648752363	84.29254568319442	NA	5.26000134228644	NA
Putamen	-0.12912561648752363	84.46815515336775	NA	5.252029966136639	NA
Putamen	-0.12912561648752363	84.64376462354106	NA	5.244086840974651	NA
Putamen	-0.12912561648752363	84.81937409371439	NA	5.236171727597196	NA
Putamen	-0.12912561648752363	84.9949835638877	NA	5.228284389062927	NA
Putamen	-0.12912561648752363	85.17059303406103	NA	5.220424590661309	NA
Putamen	-0.12912561648752363	85.34620250423436	NA	5.21259209988236	NA
Putamen	-0.12912561648752363	85.52181197440767	NA	5.2047866863870835	NA
Putamen	-0.12912561648752363	85.697421444581	NA	5.197008121978649	NA
Putamen	-0.12912561648752363	85.87303091475431	NA	5.18925618057428	NA
Putamen	-0.12912561648752363	86.04864038492764	NA	5.181530638177813	NA
Putamen	-0.12912561648752363	86.22424985510096	NA	5.1738312728529134	NA
Putamen	-0.12912561648752363	86.39985932527428	NA	5.166157864696882	NA
Putamen	-0.12912561648752363	86.5754687954476	NA	5.158510195815105	NA
Putamen	-0.12912561648752363	86.75107826562092	NA	5.150888050296093	NA
Putamen	-0.12912561648752363	86.92668773579425	NA	5.143291214187056	NA
Putamen	-0.12912561648752363	87.10229720596757	NA	5.135719475470025	NA
Putamen	-0.12912561648752363	87.27790667614089	NA	5.128172624038529	NA
Putamen	-0.12912561648752363	87.45351614631421	NA	5.120650451674708	NA
Putamen	-0.12912561648752363	87.62912561648753	5.787853954637785	5.11314456729719	0.7035229683239753
Temporal	-0.12912561648752363	0	0	-2.0195265654785306e-14	0
Temporal	-0.12912561648752363	0.1756094701733217	NA	3.7064746709487015e-4	NA
Temporal	-0.12912561648752363	0.3512189403466434	NA	0.0010146988738074006	NA
Temporal	-0.12912561648752363	0.37912561648752363	0.02256570194130036	0.001326339285719327	0.525655067421128
Temporal	-0.12912561648752363	0.5268284105199651	NA	0.0034785460450385457	NA
Temporal	-0.12912561648752363	0.7024378806932868	NA	0.643839525184877	NA
Temporal	-0.12912561648752363	0.8780473508666086	NA	1.9905760208851926	NA
Temporal	-0.12912561648752363	0.8791256164875236	2.1852109182056245	2.0014761299570885	0.6724371859765057
Temporal	-0.12912561648752363	1.0536568210399302	NA	3.8853085819755266	NA
Temporal	-0.12912561648752363	1.229266291213252	NA	5.72938340693627	NA
Temporal	-0.12912561648752363	1.3791256164875236	7.557902826127966	7.398097459375408	0.8085391330145363
Temporal	-0.12912561648752363	1.4048757613865737	NA	7.6950367385071	NA
Temporal	-0.12912561648752363	1.5804852315598954	NA	9.775513596106428	NA
Temporal	-0.12912561648752363	1.7560947017332171	NA	11.93222378527769	NA
Temporal	-0.12912561648752363	1.8791256164875236	13.613181429949568	13.600861183621756	0.9081623318502868
Temporal	-0.12912561648752363	1.9317041719065389	NA	14.334751945210504	NA
Temporal	-0.12912561648752363	2.1073136420798604	NA	16.504926792266055	NA
Temporal	-0.12912561648752363	2.282923112253182	NA	18.375119216996563	NA
Temporal	-0.12912561648752363	2.3791256164875234	19.76868098577251	19.16538306720766	0.984110606672485
Temporal	-0.12912561648752363	2.458532582426504	NA	19.73162434620569	NA
Temporal	-0.12912561648752363	2.6341420525998256	NA	20.709650316290674	NA
Temporal	-0.12912561648752363	2.8097515227731473	NA	21.316059529576687	NA
Temporal	-0.12912561648752363	2.8791256164875234	21.955900172066094	21.45591587225995	1.005973032224954
Temporal	-0.12912561648752363	2.985360992946469	NA	21.564239614064476	NA
Temporal	-0.12912561648752363	3.160970463119791	NA	21.91274821911255	NA
Temporal	-0.12912561648752363	3.3365799332931125	NA	22.220117174292405	NA
Temporal	-0.12912561648752363	3.5121894034664343	NA	22.457337454120417	NA
Temporal	-0.12912561648752363	3.6291256164875234	22.31623948988679	22.577416319863687	1.2050566243435854
Temporal	-0.12912561648752363	3.687798873639756	NA	22.62648118931184	NA
Temporal	-0.12912561648752363	3.8634083438130777	NA	22.729547943061576	NA
Temporal	-0.12912561648752363	4.0390178139863995	NA	22.768467311127456	NA
Temporal	-0.12912561648752363	4.214627284159721	NA	22.74510142849715	NA
Temporal	-0.12912561648752363	4.390236754333043	NA	22.661247385996028	NA
Temporal	-0.12912561648752363	4.565846224506364	NA	22.51863956007276	NA
Temporal	-0.12912561648752363	4.629125616487523	21.906721760304173	22.453207244460057	1.1820350774517108
Temporal	-0.12912561648752363	4.741455694679686	NA	22.31895185888295	NA
Temporal	-0.12912561648752363	4.917065164853008	NA	22.06379988767908	NA
Temporal	-0.12912561648752363	5.09267463502633	NA	21.80703263733574	NA
Temporal	-0.12912561648752363	5.268284105199651	NA	21.58799869084625	NA
Temporal	-0.12912561648752363	5.443893575372973	NA	21.37370771956018	NA
Temporal	-0.12912561648752363	5.619503045546295	NA	21.163952391387248	NA
Temporal	-0.12912561648752363	5.629125616487523	20.921335373148843	21.152586235321472	1.1516312773471051
Temporal	-0.12912561648752363	5.795112515719616	NA	20.958532982735843	NA
Temporal	-0.12912561648752363	5.970721985892938	NA	20.75725710438566	NA
Temporal	-0.12912561648752363	6.146331456066259	NA	20.559939437215718	NA
Temporal	-0.12912561648752363	6.321940926239582	NA	20.366401477433545	NA
Temporal	-0.12912561648752363	6.497550396412903	NA	20.176471290964027	NA
Temporal	-0.12912561648752363	6.673159866586225	NA	19.98998327666864	NA
Temporal	-0.12912561648752363	6.848769336759546	NA	19.80677793807778	NA
Temporal	-0.12912561648752363	7.0243788069328685	NA	19.626701663330124	NA
Temporal	-0.12912561648752363	7.129125616487523	19.4350795808063	19.520718715100358	1.3527978229421094
Temporal	-0.12912561648752363	7.19998827710619	NA	19.449606513024086	NA
Temporal	-0.12912561648752363	7.375597747279512	NA	19.275350015696972	NA
Temporal	-0.12912561648752363	7.551207217452833	NA	19.10379497065759	NA
Temporal	-0.12912561648752363	7.7268166876261555	NA	18.934809257908203	NA
Temporal	-0.12912561648752363	7.902426157799477	NA	18.768265654900794	NA
Temporal	-0.12912561648752363	8.078035627972799	NA	18.60404187355212	NA
Temporal	-0.12912561648752363	8.253645098146121	NA	18.442019842737025	NA
Temporal	-0.12912561648752363	8.429254568319442	NA	18.282085870816516	NA
Temporal	-0.12912561648752363	8.604864038492764	NA	18.124130622721673	NA
Temporal	-0.12912561648752363	8.780473508666086	NA	17.96804883874701	NA
Temporal	-0.12912561648752363	8.956082978839406	NA	17.813739187456726	NA
Temporal	-0.12912561648752363	9.129125616487524	17.547278043655247	17.663323013563645	1.277809920111782
Temporal	-0.12912561648752363	9.131692449012728	NA	17.661104123880328	NA
Temporal	-0.12912561648752363	9.30730191918605	NA	17.5100497528076	NA
Temporal	-0.12912561648752363	9.482911389359373	NA	17.360485696999454	NA
Temporal	-0.12912561648752363	9.658520859532693	NA	17.212324970138187	NA
Temporal	-0.12912561648752363	9.834130329706015	NA	17.065483854346496	NA
Temporal	-0.12912561648752363	10.009739799879338	NA	16.91988178211138	NA
Temporal	-0.12912561648752363	10.18534927005266	NA	16.779680647980403	NA
Temporal	-0.12912561648752363	10.36095874022598	NA	16.645195257515073	NA
Temporal	-0.12912561648752363	10.536568210399302	NA	16.514753941034385	NA
Temporal	-0.12912561648752363	10.712177680572625	NA	16.38820015405068	NA
Temporal	-0.12912561648752363	10.887787150745947	NA	16.265383026107912	NA
Temporal	-0.12912561648752363	11.063396620919267	NA	16.146157156646023	NA
Temporal	-0.12912561648752363	11.23900609109259	NA	16.030382418203043	NA
Temporal	-0.12912561648752363	11.414615561265911	NA	15.917923766691294	NA
Temporal	-0.12912561648752363	11.590225031439232	NA	15.808651058493385	NA
Temporal	-0.12912561648752363	11.765834501612554	NA	15.70243887413287	NA
Temporal	-0.12912561648752363	11.941443971785876	NA	15.59916634828333	NA
Temporal	-0.12912561648752363	12.117053441959198	NA	15.498717005887986	NA
Temporal	-0.12912561648752363	12.292662912132519	NA	15.400978604170243	NA
Temporal	-0.12912561648752363	12.468272382305841	NA	15.305842980323469	NA
Temporal	-0.12912561648752363	12.629125616487524	15.609633998389391	15.22089642852838	1.5779206941832196
Temporal	-0.12912561648752363	12.643881852479163	NA	15.213205904675855	NA
Temporal	-0.12912561648752363	12.819491322652485	NA	15.122966939133569	NA
Temporal	-0.12912561648752363	12.995100792825806	NA	15.035029300712482	NA
Temporal	-0.12912561648752363	13.170710262999128	NA	14.949299729975618	NA
Temporal	-0.12912561648752363	13.34631973317245	NA	14.865688364199968	NA
Temporal	-0.12912561648752363	13.521929203345772	NA	14.784108615102616	NA
Temporal	-0.12912561648752363	13.697538673519093	NA	14.704477050962616	NA
Temporal	-0.12912561648752363	13.873148143692415	NA	14.62671328298002	NA
Temporal	-0.12912561648752363	14.048757613865737	NA	14.550739855720469	NA
Temporal	-0.12912561648752363	14.224367084039057	NA	14.476482141498014	NA
Temporal	-0.12912561648752363	14.39997655421238	NA	14.403868238554837	NA
Temporal	-0.12912561648752363	14.575586024385702	NA	14.332828872901251	NA
Temporal	-0.12912561648752363	14.751195494559024	NA	14.26329730368462	NA
Temporal	-0.12912561648752363	14.926804964732344	NA	14.195209231960177	NA
Temporal	-0.12912561648752363	15.102414434905667	NA	14.128480275456916	NA
Temporal	-0.12912561648752363	15.278023905078989	NA	14.06334616948992	NA
Temporal	-0.12912561648752363	15.453633375252311	NA	13.999911817740937	NA
Temporal	-0.12912561648752363	15.629242845425631	NA	13.938109244642297	NA
Temporal	-0.12912561648752363	15.804852315598954	NA	13.877872947036995	NA
Temporal	-0.12912561648752363	15.980461785772276	NA	13.819139865182276	NA
Temporal	-0.12912561648752363	16.156071255945598	NA	13.761849265609486	NA
Temporal	-0.12912561648752363	16.33168072611892	NA	13.705942375426831	NA
Temporal	-0.12912561648752363	16.507290196292242	NA	13.651362723604228	NA
Temporal	-0.12912561648752363	16.682899666465563	NA	13.598055897402373	NA
Temporal	-0.12912561648752363	16.858509136638883	NA	13.545969468272977	NA
Temporal	-0.12912561648752363	17.034118606812207	NA	13.495052920422832	NA
Temporal	-0.12912561648752363	17.209728076985527	NA	13.445257581945851	NA
Temporal	-0.12912561648752363	17.385337547158848	NA	13.396536558430862	NA
Temporal	-0.12912561648752363	17.560947017332172	NA	13.348844668956113	NA
Temporal	-0.12912561648752363	17.629125616487524	13.734459852668731	13.330596534020858	1.4234263107476035
Temporal	-0.12912561648752363	17.736556487505492	NA	13.30213838438476	NA
Temporal	-0.12912561648752363	17.912165957678813	NA	13.256375767878595	NA
Temporal	-0.12912561648752363	18.087775427852137	NA	13.211516417550289	NA
Temporal	-0.12912561648752363	18.263384898025457	NA	13.167521411177338	NA
Temporal	-0.12912561648752363	18.43899436819878	NA	13.124353252903493	NA
Temporal	-0.12912561648752363	18.6146038383721	NA	13.081975821856426	NA
Temporal	-0.12912561648752363	18.79021330854542	NA	13.040354322612513	NA
Temporal	-0.12912561648752363	18.965822778718746	NA	12.999455237442605	NA
Temporal	-0.12912561648752363	19.141432248892066	NA	12.959246280274545	NA
Temporal	-0.12912561648752363	19.317041719065386	NA	12.919696352310893	NA
Temporal	-0.12912561648752363	19.49265118923871	NA	12.88077549924227	NA
Temporal	-0.12912561648752363	19.66826065941203	NA	12.84245486999903	NA
Temporal	-0.12912561648752363	19.84387012958535	NA	12.804706676985898	NA
Temporal	-0.12912561648752363	20.019479599758675	NA	12.767504157746338	NA
Temporal	-0.12912561648752363	20.195089069931996	NA	12.730821538005246	NA
Temporal	-0.12912561648752363	20.37069854010532	NA	12.69463399604044	NA
Temporal	-0.12912561648752363	20.54630801027864	NA	12.658917628335088	NA
Temporal	-0.12912561648752363	20.72191748045196	NA	12.62364941646519	NA
Temporal	-0.12912561648752363	20.897526950625284	NA	12.588807195177628	NA
Temporal	-0.12912561648752363	21.073136420798605	NA	12.554369621615965	NA
Temporal	-0.12912561648752363	21.248745890971925	NA	12.52031614565283	NA
Temporal	-0.12912561648752363	21.42435536114525	NA	12.48662698128906	NA
Temporal	-0.12912561648752363	21.59996483131857	NA	12.453283079081231	NA
Temporal	-0.12912561648752363	21.775574301491893	NA	12.420266099560672	NA
Temporal	-0.12912561648752363	21.951183771665214	NA	12.387558387608292	NA
Temporal	-0.12912561648752363	22.126793241838534	NA	12.355142947750883	NA
Temporal	-0.12912561648752363	22.302402712011858	NA	12.323003420345742	NA
Temporal	-0.12912561648752363	22.47801218218518	NA	12.29112405862173	NA
Temporal	-0.12912561648752363	22.629125616487524	12.43540440711223	12.263888278961007	1.3038319070137474
Temporal	-0.12912561648752363	22.6536216523585	NA	12.259489706545954	NA
Temporal	-0.12912561648752363	22.829231122531823	NA	12.228085777486386	NA
Temporal	-0.12912561648752363	23.004840592705143	NA	12.196898233641871	NA
Temporal	-0.12912561648752363	23.180450062878464	NA	12.165913566211856	NA
Temporal	-0.12912561648752363	23.356059533051788	NA	12.135118776279295	NA
Temporal	-0.12912561648752363	23.531669003225108	NA	12.104501356381121	NA
Temporal	-0.12912561648752363	23.707278473398432	NA	12.07404927274156	NA
Temporal	-0.12912561648752363	23.882887943571752	NA	12.043750948144332	NA
Temporal	-0.12912561648752363	24.058497413745073	NA	12.013595263708746	NA
Temporal	-0.12912561648752363	24.234106883918397	NA	11.983571486942719	NA
Temporal	-0.12912561648752363	24.409716354091717	NA	11.953669311795533	NA
Temporal	-0.12912561648752363	24.585325824265038	NA	11.923878828176402	NA
Temporal	-0.12912561648752363	24.76093529443836	NA	11.894190505716592	NA
Temporal	-0.12912561648752363	24.936544764611682	NA	11.864595180021723	NA
Temporal	-0.12912561648752363	25.112154234785006	NA	11.83508403941841	NA
Temporal	-0.12912561648752363	25.287763704958326	NA	11.80564861217784	NA
Temporal	-0.12912561648752363	25.463373175131647	NA	11.776280754198897	NA
Temporal	-0.12912561648752363	25.63898264530497	NA	11.746972637134373	NA
Temporal	-0.12912561648752363	25.81459211547829	NA	11.7177167369444	NA
Temporal	-0.12912561648752363	25.99020158565161	NA	11.688505822861694	NA
Temporal	-0.12912561648752363	26.165811055824935	NA	11.659332946753802	NA
Temporal	-0.12912561648752363	26.341420525998256	NA	11.630191432868124	NA
Temporal	-0.12912561648752363	26.517029996171576	NA	11.601074867945892	NA
Temporal	-0.12912561648752363	26.6926394663449	NA	11.5719770916919	NA
Temporal	-0.12912561648752363	26.86824893651822	NA	11.54289218758717	NA
Temporal	-0.12912561648752363	27.043858406691545	NA	11.513814474032168	NA
Temporal	-0.12912561648752363	27.219467876864865	NA	11.484738495809	NA
Temporal	-0.12912561648752363	27.395077347038185	NA	11.455659015850395	NA
Temporal	-0.12912561648752363	27.57068681721151	NA	11.426571007305409	NA
Temporal	-0.12912561648752363	27.629125616487524	11.312885744709495	11.416888457149614	1.2051004760161728
Temporal	-0.12912561648752363	27.74629628738483	NA	11.39746964589041	NA
Temporal	-0.12912561648752363	27.92190575755815	NA	11.368350302515497	NA
Temporal	-0.12912561648752363	28.097515227731474	NA	11.339208536176281	NA
Temporal	-0.12912561648752363	28.273124697904795	NA	11.310040087101562	NA
Temporal	-0.12912561648752363	28.448734168078115	NA	11.280840870147655	NA
Temporal	-0.12912561648752363	28.62434363825144	NA	11.25160696843057	NA
Temporal	-0.12912561648752363	28.79995310842476	NA	11.222334627187392	NA
Temporal	-0.12912561648752363	28.975562578598083	NA	11.19302024785874	NA
Temporal	-0.12912561648752363	29.151172048771404	NA	11.16366038238423	NA
Temporal	-0.12912561648752363	29.326781518944724	NA	11.13425172770342	NA
Temporal	-0.12912561648752363	29.502390989118048	NA	11.104791120454717	NA
Temporal	-0.12912561648752363	29.67800045929137	NA	11.075275531865266	NA
Temporal	-0.12912561648752363	29.85360992946469	NA	11.04570206282478	NA
Temporal	-0.12912561648752363	30.029219399638013	NA	11.016067939136935	NA
Temporal	-0.12912561648752363	30.204828869811333	NA	10.987137200419362	NA
Temporal	-0.12912561648752363	30.380438339984657	NA	10.958714889061081	NA
Temporal	-0.12912561648752363	30.556047810157978	NA	10.930712208193649	NA
Temporal	-0.12912561648752363	30.731657280331298	NA	10.903112765592253	NA
Temporal	-0.12912561648752363	30.907266750504622	NA	10.875900763763601	NA
Temporal	-0.12912561648752363	31.082876220677942	NA	10.849060978546648	NA
Temporal	-0.12912561648752363	31.258485690851263	NA	10.822578738482505	NA
Temporal	-0.12912561648752363	31.434095161024587	NA	10.796439904925961	NA
Temporal	-0.12912561648752363	31.609704631197907	NA	10.770630852871909	NA
Temporal	-0.12912561648752363	31.785314101371227	NA	10.745138452471025	NA
Temporal	-0.12912561648752363	31.96092357154455	NA	10.719950075484421	NA
Temporal	-0.12912561648752363	32.136533041717875	NA	10.69505352274527	NA
Temporal	-0.12912561648752363	32.312142511891196	NA	10.670437024615143	NA
Temporal	-0.12912561648752363	32.487751982064516	NA	10.64608926014707	NA
Temporal	-0.12912561648752363	32.62912561648752	10.43042011484218	10.626676113521789	1.1228724152925085
Temporal	-0.12912561648752363	32.66336145223784	NA	10.621999320621068	NA
Temporal	-0.12912561648752363	32.83897092241116	NA	10.59815669470544	NA
Temporal	-0.12912561648752363	33.014580392584485	NA	10.574551254151439	NA
Temporal	-0.12912561648752363	33.190189862757805	NA	10.551173240002235	NA
Temporal	-0.12912561648752363	33.365799332931125	NA	10.528013249297622	NA
Temporal	-0.12912561648752363	33.541408803104446	NA	10.50506222225666	NA
Temporal	-0.12912561648752363	33.717018273277766	NA	10.482311429921124	NA
Temporal	-0.12912561648752363	33.89262774345109	NA	10.459752462243102	NA
Temporal	-0.12912561648752363	34.068237213624414	NA	10.437377216600911	NA
Temporal	-0.12912561648752363	34.243846683797734	NA	10.41517788672777	NA
Temporal	-0.12912561648752363	34.419456153971055	NA	10.393146952038594	NA
Temporal	-0.12912561648752363	34.595065624144375	NA	10.371277167340363	NA
Temporal	-0.12912561648752363	34.770675094317696	NA	10.349561552912538	NA
Temporal	-0.12912561648752363	34.94628456449102	NA	10.327993384943971	NA
Temporal	-0.12912561648752363	35.121894034664344	NA	10.30656618631374	NA
Temporal	-0.12912561648752363	35.297503504837664	NA	10.285273717703317	NA
Temporal	-0.12912561648752363	35.473112975010984	NA	10.264109969028324	NA
Temporal	-0.12912561648752363	35.648722445184305	NA	10.243069151178343	NA
Temporal	-0.12912561648752363	35.824331915357625	NA	10.222145688053656	NA
Temporal	-0.12912561648752363	35.99994138553095	NA	10.201334208888328	NA
Temporal	-0.12912561648752363	36.17555085570427	NA	10.18062954084928	NA
Temporal	-0.12912561648752363	36.35116032587759	NA	10.160026701901435	NA
Temporal	-0.12912561648752363	36.526769796050914	NA	10.139520893929442	NA
Temporal	-0.12912561648752363	36.702379266224234	NA	10.119107496106626	NA
Temporal	-0.12912561648752363	36.87798873639756	NA	10.09878205850244	NA
Temporal	-0.12912561648752363	37.05359820657088	NA	10.078540295919693	NA
Temporal	-0.12912561648752363	37.2292076767442	NA	10.0583780819534	NA
Temporal	-0.12912561648752363	37.40481714691752	NA	10.03829144326325	NA
Temporal	-0.12912561648752363	37.58042661709084	NA	10.018276554052006	NA
Temporal	-0.12912561648752363	37.62912561648752	9.803445189457529	10.012738314794618	1.0527702519210254
Temporal	-0.12912561648752363	37.756036087264164	NA	9.998329730742446	NA
Temporal	-0.12912561648752363	37.93164555743749	NA	9.97844742684571	NA
Temporal	-0.12912561648752363	38.10725502761081	NA	9.958626228014202	NA
Temporal	-0.12912561648752363	38.28286449778413	NA	9.93886284727231	NA
Temporal	-0.12912561648752363	38.45847396795745	NA	9.919154120418707	NA
Temporal	-0.12912561648752363	38.63408343813077	NA	9.89949700159393	NA
Temporal	-0.12912561648752363	38.8096929083041	NA	9.879888559007375	NA
Temporal	-0.12912561648752363	38.98530237847742	NA	9.860325970817954	NA
Temporal	-0.12912561648752363	39.16091184865074	NA	9.840806521162849	NA
Temporal	-0.12912561648752363	39.33652131882406	NA	9.821327596329173	NA
Temporal	-0.12912561648752363	39.51213078899738	NA	9.801886681063223	NA
Temporal	-0.12912561648752363	39.6877402591707	NA	9.782481355012473	NA
Temporal	-0.12912561648752363	39.86334972934403	NA	9.763109290155628	NA
Temporal	-0.12912561648752363	40.03895919951735	NA	9.743768248398169	NA
Temporal	-0.12912561648752363	40.21456866969067	NA	9.724456069888536	NA
Temporal	-0.12912561648752363	40.39017813986399	NA	9.705170680826292	NA
Temporal	-0.12912561648752363	40.56578761003731	NA	9.685910086350423	NA
Temporal	-0.12912561648752363	40.74139708021064	NA	9.666672367683486	NA
Temporal	-0.12912561648752363	40.91700655038396	NA	9.647455679378284	NA
Temporal	-0.12912561648752363	41.09261602055728	NA	9.628258246663805	NA
Temporal	-0.12912561648752363	41.2682254907306	NA	9.609078362886535	NA
Temporal	-0.12912561648752363	41.44383496090392	NA	9.58991438704379	NA
Temporal	-0.12912561648752363	41.61944443107725	NA	9.570764741405812	NA
Temporal	-0.12912561648752363	41.79505390125057	NA	9.551627909223438	NA
Temporal	-0.12912561648752363	41.97066337142389	NA	9.532502432518136	NA
Temporal	-0.12912561648752363	42.14627284159721	NA	9.513386909951679	NA
Temporal	-0.12912561648752363	42.32188231177053	NA	9.494279994772366	NA
Temporal	-0.12912561648752363	42.49749178194385	NA	9.475180392835163	NA
Temporal	-0.12912561648752363	42.62912561648752	9.10825922123753	9.460867706467065	0.9914176037735668
Temporal	-0.12912561648752363	42.67310125211718	NA	9.456086860693087	NA
Temporal	-0.12912561648752363	42.8487107222905	NA	9.436998203757275	NA
Temporal	-0.12912561648752363	43.02432019246382	NA	9.417913274523219	NA
Temporal	-0.12912561648752363	43.19992966263714	NA	9.398830970860864	NA
Temporal	-0.12912561648752363	43.37553913281046	NA	9.379750234366238	NA
Temporal	-0.12912561648752363	43.55114860298379	NA	9.360670048772358	NA
Temporal	-0.12912561648752363	43.72675807315711	NA	9.34158943841738	NA
Temporal	-0.12912561648752363	43.90236754333043	NA	9.322507466767853	NA
Temporal	-0.12912561648752363	44.07797701350375	NA	9.30342323499511	NA
Temporal	-0.12912561648752363	44.25358648367707	NA	9.28433588060294	NA
Temporal	-0.12912561648752363	44.42919595385039	NA	9.265244576104607	NA
Temporal	-0.12912561648752363	44.604805424023716	NA	9.246148527747504	NA
Temporal	-0.12912561648752363	44.78041489419704	NA	9.227046974283798	NA
Temporal	-0.12912561648752363	44.95602436437036	NA	9.207939185785152	NA
Temporal	-0.12912561648752363	45.13163383454368	NA	9.18881425521907	NA
Temporal	-0.12912561648752363	45.307243304717	NA	9.169783085701344	NA
Temporal	-0.12912561648752363	45.482852774890326	NA	9.150943669179526	NA
Temporal	-0.12912561648752363	45.658462245063646	NA	9.132289599472788	NA
Temporal	-0.12912561648752363	45.834071715236966	NA	9.113814698585594	NA
Temporal	-0.12912561648752363	46.00968118541029	NA	9.095513008515148	NA
Temporal	-0.12912561648752363	46.18529065558361	NA	9.077378783353216	NA
Temporal	-0.12912561648752363	46.36090012575693	NA	9.059406481671806	NA
Temporal	-0.12912561648752363	46.536509595930255	NA	9.041590759182434	NA
Temporal	-0.12912561648752363	46.712119066103575	NA	9.023926461659274	NA
Temporal	-0.12912561648752363	46.887728536276896	NA	9.006408618116536	NA
Temporal	-0.12912561648752363	47.063338006450216	NA	8.989032434231085	NA
Temporal	-0.12912561648752363	47.23894747662354	NA	8.97179328600138	NA
Temporal	-0.12912561648752363	47.414556946796864	NA	8.954686713634336	NA
Temporal	-0.12912561648752363	47.590166416970185	NA	8.937708415651832	NA
Temporal	-0.12912561648752363	47.62912561648752	8.643285379435298	8.933958812711033	0.9398423736497916
Temporal	-0.12912561648752363	47.765775887143505	NA	8.920854243208971	NA
Temporal	-0.12912561648752363	47.941385357316825	NA	8.904120209124656	NA
Temporal	-0.12912561648752363	48.116994827490146	NA	8.887502441270199	NA
Temporal	-0.12912561648752363	48.292604297663466	NA	8.870997213344989	NA
Temporal	-0.12912561648752363	48.468213767836794	NA	8.8546009342525	NA
Temporal	-0.12912561648752363	48.643823238010114	NA	8.838310140037951	NA
Temporal	-0.12912561648752363	48.819432708183434	NA	8.822121489326822	NA
Temporal	-0.12912561648752363	48.995042178356755	NA	8.806031758927302	NA
Temporal	-0.12912561648752363	49.170651648530075	NA	8.790037839590722	NA
Temporal	-0.12912561648752363	49.3462611187034	NA	8.774136731924392	NA
Temporal	-0.12912561648752363	49.52187058887672	NA	8.758325542451221	NA
Temporal	-0.12912561648752363	49.697480059050044	NA	8.742601479810995	NA
Temporal	-0.12912561648752363	49.873089529223364	NA	8.726961851098128	NA
Temporal	-0.12912561648752363	50.048698999396684	NA	8.711404058330977	NA
Temporal	-0.12912561648752363	50.22430846957001	NA	8.695925595048067	NA
Temporal	-0.12912561648752363	50.39991793974333	NA	8.680524043026589	NA
Temporal	-0.12912561648752363	50.57552740991665	NA	8.66519706911883	NA
Temporal	-0.12912561648752363	50.75113688008997	NA	8.649942422202237	NA
Temporal	-0.12912561648752363	50.926746350263294	NA	8.634757930239113	NA
Temporal	-0.12912561648752363	51.102355820436614	NA	8.619641497441908	NA
Temporal	-0.12912561648752363	51.27796529060994	NA	8.604591101540407	NA
Temporal	-0.12912561648752363	51.45357476078326	NA	8.589604791147087	NA
Temporal	-0.12912561648752363	51.62918423095658	NA	8.574680683217128	NA
Temporal	-0.12912561648752363	51.8047937011299	NA	8.559816960599665	NA
Temporal	-0.12912561648752363	51.98040317130322	NA	8.545011869677097	NA
Temporal	-0.12912561648752363	52.15601264147655	NA	8.5302637180891	NA
Temporal	-0.12912561648752363	52.33162211164987	NA	8.515570872538511	NA
Temporal	-0.12912561648752363	52.50723158182319	NA	8.500931756675948	NA
Temporal	-0.12912561648752363	52.62912561648752	8.267935289394456	8.490801208308355	0.8949935959509174
Temporal	-0.12912561648752363	52.68284105199651	NA	8.486344849060526	NA
Temporal	-0.12912561648752363	52.85845052216983	NA	8.471808681193744	NA
Temporal	-0.12912561648752363	53.03405999234315	NA	8.457321835624073	NA
Temporal	-0.12912561648752363	53.20966946251648	NA	8.4428829441196	NA
Temporal	-0.12912561648752363	53.3852789326898	NA	8.428490685906322	NA
Temporal	-0.12912561648752363	53.56088840286312	NA	8.414143785969747	NA
Temporal	-0.12912561648752363	53.73649787303644	NA	8.399841013417491	NA
Temporal	-0.12912561648752363	53.91210734320976	NA	8.385581179900694	NA
Temporal	-0.12912561648752363	54.08771681338309	NA	8.371363138092127	NA
Temporal	-0.12912561648752363	54.26332628355641	NA	8.357185780219066	NA
Temporal	-0.12912561648752363	54.43893575372973	NA	8.343048036648668	NA
Temporal	-0.12912561648752363	54.61454522390305	NA	8.328948874524373	NA
Temporal	-0.12912561648752363	54.79015469407637	NA	8.314887296451136	NA
Temporal	-0.12912561648752363	54.96576416424969	NA	8.300862339227969	NA
Temporal	-0.12912561648752363	55.14137363442302	NA	8.286873072625978	NA
Temporal	-0.12912561648752363	55.31698310459634	NA	8.272918598210277	NA
Temporal	-0.12912561648752363	55.49259257476966	NA	8.25899804820423	NA
Temporal	-0.12912561648752363	55.66820204494298	NA	8.245110584394476	NA
Temporal	-0.12912561648752363	55.8438115151163	NA	8.231255399258634	NA
Temporal	-0.12912561648752363	56.01942098528963	NA	8.217431710850244	NA
Temporal	-0.12912561648752363	56.19503045546295	NA	8.203638760788962	NA
Temporal	-0.12912561648752363	56.37063992563627	NA	8.189875818941637	NA
Temporal	-0.12912561648752363	56.54624939580959	NA	8.176142179825405	NA
Temporal	-0.12912561648752363	56.72185886598291	NA	8.162437161728443	NA
Temporal	-0.12912561648752363	56.89746833615623	NA	8.14876010586237	NA
Temporal	-0.12912561648752363	57.07307780632956	NA	8.135110375545027	NA
Temporal	-0.12912561648752363	57.24868727650288	NA	8.121487355412652	NA
Temporal	-0.12912561648752363	57.4242967466762	NA	8.10789045066028	NA
Temporal	-0.12912561648752363	57.59990621684952	NA	8.09431908630948	NA
Temporal	-0.12912561648752363	57.62912561648752	7.996814530805115	8.092063406078575	0.8584101996278483
Temporal	-0.12912561648752363	57.77551568702284	NA	8.08077270650232	NA
Temporal	-0.12912561648752363	57.95112515719617	NA	8.067250773820753	NA
Temporal	-0.12912561648752363	58.12673462736949	NA	8.053752768630362	NA
Temporal	-0.12912561648752363	58.30234409754281	NA	8.040278188447711	NA
Temporal	-0.12912561648752363	58.47795356771613	NA	8.0268265473304	NA
Temporal	-0.12912561648752363	58.65356303788945	NA	8.013397375288998	NA
Temporal	-0.12912561648752363	58.829172508062776	NA	7.999990217720099	NA
Temporal	-0.12912561648752363	59.004781978236096	NA	7.98660463485972	NA
Temporal	-0.12912561648752363	59.18039144840942	NA	7.973240201256343	NA
Temporal	-0.12912561648752363	59.35600091858274	NA	7.9598965052628134	NA
Temporal	-0.12912561648752363	59.53161038875606	NA	7.946573148546545	NA
Temporal	-0.12912561648752363	59.70721985892938	NA	7.933269745617215	NA
Temporal	-0.12912561648752363	59.882829329102705	NA	7.919985923371518	NA
Temporal	-0.12912561648752363	60.058438799276026	NA	7.906721320654149	NA
Temporal	-0.12912561648752363	60.234048269449346	NA	7.89350550249896	NA
Temporal	-0.12912561648752363	60.409657739622666	NA	7.880389711249945	NA
Temporal	-0.12912561648752363	60.58526720979599	NA	7.867365915711817	NA
Temporal	-0.12912561648752363	60.760876679969314	NA	7.854431665873996	NA
Temporal	-0.12912561648752363	60.936486150142635	NA	7.8415845961443456	NA
Temporal	-0.12912561648752363	61.112095620315955	NA	7.828822422330493	NA
Temporal	-0.12912561648752363	61.287705090489276	NA	7.816142938729595	NA
Temporal	-0.12912561648752363	61.463314560662596	NA	7.803544015322636	NA
Temporal	-0.12912561648752363	61.638924030835916	NA	7.791023595069479	NA
Temporal	-0.12912561648752363	61.814533501009244	NA	7.778579691301097	NA
Temporal	-0.12912561648752363	61.990142971182564	NA	7.766210385205438	NA
Temporal	-0.12912561648752363	62.165752441355885	NA	7.753913823403626	NA
Temporal	-0.12912561648752363	62.341361911529205	NA	7.741688215613201	NA
Temporal	-0.12912561648752363	62.516971381702525	NA	7.729531832395248	NA
Temporal	-0.12912561648752363	62.62912561648752	7.6439978964554465	7.721803553713589	0.8232796700642128
Temporal	-0.12912561648752363	62.69258085187585	NA	7.717443002982478	NA
Temporal	-0.12912561648752363	62.86819032204917	NA	7.70542011318528	NA
Temporal	-0.12912561648752363	63.043799792222494	NA	7.693461603372993	NA
Temporal	-0.12912561648752363	63.219409262395814	NA	7.681565966527666	NA
Temporal	-0.12912561648752363	63.395018732569135	NA	7.66973174636765	NA
Temporal	-0.12912561648752363	63.570628202742455	NA	7.657957535538683	NA
Temporal	-0.12912561648752363	63.74623767291578	NA	7.6462419746647585	NA
Temporal	-0.12912561648752363	63.9218471430891	NA	7.634583756020264	NA
Temporal	-0.12912561648752363	64.09745661326242	NA	7.622981600705266	NA
Temporal	-0.12912561648752363	64.27306608343575	NA	7.611434280268309	NA
Temporal	-0.12912561648752363	64.44867555360906	NA	7.5999406070683655	NA
Temporal	-0.12912561648752363	64.62428502378239	NA	7.588499432822299	NA
Temporal	-0.12912561648752363	64.7998944939557	NA	7.577109647204396	NA
Temporal	-0.12912561648752363	64.97550396412903	NA	7.565770176496198	NA
Temporal	-0.12912561648752363	65.15111343430236	NA	7.554479982284811	NA
Temporal	-0.12912561648752363	65.32672290447567	NA	7.5432380602079245	NA
Temporal	-0.12912561648752363	65.502332374649	NA	7.532043438743889	NA
Temporal	-0.12912561648752363	65.67794184482231	NA	7.520895178045207	NA
Temporal	-0.12912561648752363	65.85355131499564	NA	7.509792368813885	NA
Temporal	-0.12912561648752363	66.02916078516897	NA	7.498734131217209	NA
Temporal	-0.12912561648752363	66.20477025534228	NA	7.48771961384233	NA
Temporal	-0.12912561648752363	66.38037972551561	NA	7.476747992688447	NA
Temporal	-0.12912561648752363	66.55598919568892	NA	7.465818470195115	NA
Temporal	-0.12912561648752363	66.73159866586225	NA	7.454930274305436	NA
Temporal	-0.12912561648752363	66.90720813603556	NA	7.4440826575628645	NA
Temporal	-0.12912561648752363	67.08281760620889	NA	7.433274896240394	NA
Temporal	-0.12912561648752363	67.25842707638222	NA	7.422506289501008	NA
Temporal	-0.12912561648752363	67.43403654655553	NA	7.41177615858823	NA
Temporal	-0.12912561648752363	67.60964601672886	NA	7.4010838460457915	NA
Temporal	-0.12912561648752363	67.62912561648753	7.488298696141425	7.399900083220575	0.7941339053739491
Temporal	-0.12912561648752363	67.78525548690217	NA	7.390428714965117	NA
Temporal	-0.12912561648752363	67.9608649570755	NA	7.379810148259967	NA
Temporal	-0.12912561648752363	68.13647442724883	NA	7.369227547967016	NA
Temporal	-0.12912561648752363	68.31208389742214	NA	7.358680334571554	NA
Temporal	-0.12912561648752363	68.48769336759547	NA	7.348167946357305	NA
Temporal	-0.12912561648752363	68.66330283776878	NA	7.33768983877962	NA
Temporal	-0.12912561648752363	68.83891230794211	NA	7.3272454838611285	NA
Temporal	-0.12912561648752363	69.01452177811544	NA	7.31683436960904	NA
Temporal	-0.12912561648752363	69.19013124828875	NA	7.30645599945333	NA
Temporal	-0.12912561648752363	69.36574071846208	NA	7.296109891705119	NA
Temporal	-0.12912561648752363	69.54135018863539	NA	7.285795579034386	NA
Temporal	-0.12912561648752363	69.71695965880872	NA	7.275512607966458	NA
Temporal	-0.12912561648752363	69.89256912898205	NA	7.265260538396505	NA
Temporal	-0.12912561648752363	70.06817859915536	NA	7.25503894312149	NA
Temporal	-0.12912561648752363	70.24378806932869	NA	7.244847407388798	NA
Temporal	-0.12912561648752363	70.419397539502	NA	7.234685528461121	NA
Temporal	-0.12912561648752363	70.59500700967533	NA	7.224552915196881	NA
Temporal	-0.12912561648752363	70.77061647984864	NA	7.214449187645705	NA
Temporal	-0.12912561648752363	70.94622595002197	NA	7.20437397665836	NA
Temporal	-0.12912561648752363	71.1218354201953	NA	7.194326923510686	NA
Temporal	-0.12912561648752363	71.29744489036861	NA	7.184307679540983	NA
Temporal	-0.12912561648752363	71.47305436054194	NA	7.174315905800353	NA
Temporal	-0.12912561648752363	71.64866383071525	NA	7.1643512727156216	NA
Temporal	-0.12912561648752363	71.82427330088858	NA	7.154413462704678	NA
Temporal	-0.12912561648752363	71.9998827710619	NA	7.144502162064674	NA
Temporal	-0.12912561648752363	72.17549224123522	NA	7.134617066333447	NA
Temporal	-0.12912561648752363	72.35110171140855	NA	7.124757880307878	NA
Temporal	-0.12912561648752363	72.52671118158186	NA	7.114924316647354	NA
Temporal	-0.12912561648752363	72.62912561648753	7.2027172330919305	7.109201155838694	0.7676503110600775
Temporal	-0.12912561648752363	72.70232065175519	NA	7.105116095602853	NA
Temporal	-0.12912561648752363	72.87793012192851	NA	7.095332944755657	NA
Temporal	-0.12912561648752363	73.05353959210183	NA	7.085574598765561	NA
Temporal	-0.12912561648752363	73.22914906227516	NA	7.075840799127904	NA
Temporal	-0.12912561648752363	73.40475853244847	NA	7.066131293939406	NA
Temporal	-0.12912561648752363	73.5803680026218	NA	7.056445837672315	NA
Temporal	-0.12912561648752363	73.75597747279512	NA	7.046784190956666	NA
Temporal	-0.12912561648752363	73.93158694296844	NA	7.037146120370265	NA
Temporal	-0.12912561648752363	74.10719641314176	NA	7.027531398236208	NA
Temporal	-0.12912561648752363	74.28280588331508	NA	7.017939802427632	NA
Temporal	-0.12912561648752363	74.4584153534884	NA	7.008371116179416	NA
Temporal	-0.12912561648752363	74.63402482366173	NA	6.998825127906618	NA
Temporal	-0.12912561648752363	74.80963429383505	NA	6.989301631029377	NA
Temporal	-0.12912561648752363	74.98524376400837	NA	6.979800423804074	NA
Temporal	-0.12912561648752363	75.16085323418169	NA	6.970321309160494	NA
Temporal	-0.12912561648752363	75.33646270435501	NA	6.96086409454484	NA
Temporal	-0.12912561648752363	75.51207217452833	NA	6.951428591768281	NA
Temporal	-0.12912561648752363	75.68768164470166	NA	6.942014616860948	NA
Temporal	-0.12912561648752363	75.86329111487498	NA	6.932621989931094	NA
Temporal	-0.12912561648752363	76.0389005850483	NA	6.923250535029298	NA
Temporal	-0.12912561648752363	76.21451005522162	NA	6.913900080017477	NA
Temporal	-0.12912561648752363	76.39011952539494	NA	6.904570456442612	NA
Temporal	-0.12912561648752363	76.56572899556826	NA	6.895261499414894	NA
Temporal	-0.12912561648752363	76.74133846574159	NA	6.8859730474902525	NA
Temporal	-0.12912561648752363	76.9169479359149	NA	6.876704942557065	NA
Temporal	-0.12912561648752363	77.09255740608823	NA	6.867457029726863	NA
Temporal	-0.12912561648752363	77.26816687626155	NA	6.858229157228941	NA
Temporal	-0.12912561648752363	77.44377634643487	NA	6.849021176308698	NA
Temporal	-0.12912561648752363	77.6193858166082	NA	6.839832941129623	NA
Temporal	-0.12912561648752363	77.62912561648753	7.033132237660339	6.839323914093671	0.7435962630593645
Temporal	-0.12912561648752363	77.79499528678151	NA	6.8306643086787036	NA
Temporal	-0.12912561648752363	77.97060475695484	NA	6.821515138675233	NA
Temporal	-0.12912561648752363	78.14621422712816	NA	6.8123852934828415	NA
Temporal	-0.12912561648752363	78.32182369730148	NA	6.803274638024619	NA
Temporal	-0.12912561648752363	78.49743316747481	NA	6.794183039701288	NA
Temporal	-0.12912561648752363	78.67304263764812	NA	6.785110368312263	NA
Temporal	-0.12912561648752363	78.84865210782145	NA	6.776056495979475	NA
Temporal	-0.12912561648752363	79.02426157799476	NA	6.767021297073908	NA
Temporal	-0.12912561648752363	79.19987104816809	NA	6.758004648144766	NA
Temporal	-0.12912561648752363	79.3754805183414	NA	6.74900642785109	NA
Temporal	-0.12912561648752363	79.55108998851473	NA	6.740026516895815	NA
Temporal	-0.12912561648752363	79.72669945868806	NA	6.731064798964758	NA
Temporal	-0.12912561648752363	79.90230892886137	NA	6.722121159388423	NA
Temporal	-0.12912561648752363	80.0779183990347	NA	6.71319548286378	NA
Temporal	-0.12912561648752363	80.25352786920801	NA	6.704287657656082	NA
Temporal	-0.12912561648752363	80.42913733938134	NA	6.695397573778011	NA
Temporal	-0.12912561648752363	80.60474680955467	NA	6.686525122936521	NA
Temporal	-0.12912561648752363	80.78035627972798	NA	6.67767019848156	NA
Temporal	-0.12912561648752363	80.95596574990131	NA	6.668832695356576	NA
Temporal	-0.12912561648752363	81.13157522007462	NA	6.660012510050748	NA
Temporal	-0.12912561648752363	81.30718469024795	NA	6.651209540552888	NA
Temporal	-0.12912561648752363	81.48279416042128	NA	6.6424236863070165	NA
Temporal	-0.12912561648752363	81.65840363059459	NA	6.6336548481694315	NA
Temporal	-0.12912561648752363	81.83401310076792	NA	6.624902928367315	NA
Temporal	-0.12912561648752363	82.00962257094123	NA	6.6161678304587666	NA
Temporal	-0.12912561648752363	82.18523204111456	NA	6.607449459294248	NA
Temporal	-0.12912561648752363	82.36084151128789	NA	6.598747720979375	NA
Temporal	-0.12912561648752363	82.5364509814612	NA	6.590062522839018	NA
Temporal	-0.12912561648752363	82.62912561648753	7.080333248711314	6.5854857059173195	0.7230229745858322
Temporal	-0.12912561648752363	82.71206045163453	NA	6.581393773382591	NA
Temporal	-0.12912561648752363	82.88766992180784	NA	6.57274138227065	NA
Temporal	-0.12912561648752363	83.06327939198117	NA	6.5641052602825685	NA
Temporal	-0.12912561648752363	83.2388888621545	NA	6.555485319285372	NA
Temporal	-0.12912561648752363	83.41449833232781	NA	6.546881472203671	NA
Temporal	-0.12912561648752363	83.59010780250114	NA	6.538293632990586	NA
Temporal	-0.12912561648752363	83.76571727267445	NA	6.529721716599722	NA
Temporal	-0.12912561648752363	83.94132674284778	NA	6.5211656389581	NA
Temporal	-0.12912561648752363	84.11693621302109	NA	6.512625316940031	NA
Temporal	-0.12912561648752363	84.29254568319442	NA	6.504100668341866	NA
Temporal	-0.12912561648752363	84.46815515336775	NA	6.49559161185763	NA
Temporal	-0.12912561648752363	84.64376462354106	NA	6.4870980670555225	NA
Temporal	-0.12912561648752363	84.81937409371439	NA	6.4786199543551914	NA
Temporal	-0.12912561648752363	84.9949835638877	NA	6.4701571950057835	NA
Temporal	-0.12912561648752363	85.17059303406103	NA	6.461709711064762	NA
Temporal	-0.12912561648752363	85.34620250423436	NA	6.453277425377459	NA
Temporal	-0.12912561648752363	85.52181197440767	NA	6.444860261557306	NA
Temporal	-0.12912561648752363	85.697421444581	NA	6.436458143966747	NA
Temporal	-0.12912561648752363	85.87303091475431	NA	6.4280709976987955	NA
Temporal	-0.12912561648752363	86.04864038492764	NA	6.4196987485592265	NA
Temporal	-0.12912561648752363	86.22424985510096	NA	6.4113413230493865	NA
Temporal	-0.12912561648752363	86.39985932527428	NA	6.402998648349534	NA
Temporal	-0.12912561648752363	86.5754687954476	NA	6.394670652302811	NA
Temporal	-0.12912561648752363	86.75107826562092	NA	6.3863572633996935	NA
Temporal	-0.12912561648752363	86.92668773579425	NA	6.378058410763021	NA
Temporal	-0.12912561648752363	87.10229720596757	NA	6.369774024133494	NA
Temporal	-0.12912561648752363	87.27790667614089	NA	6.361504033855651	NA
Temporal	-0.12912561648752363	87.45351614631421	NA	6.3532483708643435	NA
Temporal	-0.12912561648752363	87.62912561648753	6.679852029588125	6.344998868946225	0.7035229683239753
Thalamus	-0.12912561648752363	0	0	-2.0195265654785306e-14	0
Thalamus	-0.12912561648752363	0.1756094701733217	NA	3.8051079591695986e-4	NA
Thalamus	-0.12912561648752363	0.3512189403466434	NA	0.0010532657968747995	NA
Thalamus	-0.12912561648752363	0.37912561648752363	0.01962466793983868	0.0013753825456189776	0.525655067421128
Thalamus	-0.12912561648752363	0.5268284105199651	NA	0.0036431585969527343	NA
Thalamus	-0.12912561648752363	0.7024378806932868	NA	0.664802856126631	NA
Thalamus	-0.12912561648752363	0.8780473508666086	NA	2.0862821641430953	NA
Thalamus	-0.12912561648752363	0.8791256164875236	2.228580905492949	2.097874205860676	0.6724371859765057
Thalamus	-0.12912561648752363	1.0536568210399302	NA	4.123616517418009	NA
Thalamus	-0.12912561648752363	1.229266291213252	NA	6.137971404544814	NA
Thalamus	-0.12912561648752363	1.3791256164875236	7.957383668637745	7.963338585235547	0.8085391330145363
Thalamus	-0.12912561648752363	1.4048757613865737	NA	8.288090608358038	NA
Thalamus	-0.12912561648752363	1.5804852315598954	NA	10.564183135013568	NA
Thalamus	-0.12912561648752363	1.7560947017332171	NA	12.921990682970435	NA
Thalamus	-0.12912561648752363	1.8791256164875236	14.700732057802249	14.735928982067392	0.9081623318502868
Thalamus	-0.12912561648752363	1.9317041719065389	NA	15.533434813984071	NA
Thalamus	-0.12912561648752363	2.1073136420798604	NA	17.918160705907038	NA
Thalamus	-0.12912561648752363	2.282923112253182	NA	19.992928172264275	NA
Thalamus	-0.12912561648752363	2.3791256164875234	20.739430032457605	20.880301366845135	0.984110606672485
Thalamus	-0.12912561648752363	2.458532582426504	NA	21.515440151760135	NA
Thalamus	-0.12912561648752363	2.6341420525998256	NA	22.611383418175734	NA
Thalamus	-0.12912561648752363	2.8097515227731473	NA	23.290702667230217	NA
Thalamus	-0.12912561648752363	2.8791256164875234	24.05059583464179	23.44774236418252	1.005973032224954
Thalamus	-0.12912561648752363	2.985360992946469	NA	23.570224197641135	NA
Thalamus	-0.12912561648752363	3.160970463119791	NA	23.926863704741056	NA
Thalamus	-0.12912561648752363	3.3365799332931125	NA	24.23828452826984	NA
Thalamus	-0.12912561648752363	3.5121894034664343	NA	24.475899228453983	NA
Thalamus	-0.12912561648752363	3.6291256164875234	24.342086145380513	24.594360007446536	1.2050566243435854
Thalamus	-0.12912561648752363	3.687798873639756	NA	24.642076475096548	NA
Thalamus	-0.12912561648752363	3.8634083438130777	NA	24.73907204969214	NA
Thalamus	-0.12912561648752363	4.0390178139863995	NA	24.769034973492545	NA
Thalamus	-0.12912561648752363	4.214627284159721	NA	24.73401329269851	NA
Thalamus	-0.12912561648752363	4.390236754333043	NA	24.635959540084436	NA
Thalamus	-0.12912561648752363	4.565846224506364	NA	24.47673589127395	NA
Thalamus	-0.12912561648752363	4.629125616487523	24.0119963375481	24.404745812077113	1.1820350774517108
Thalamus	-0.12912561648752363	4.741455694679686	NA	24.258119032857717	NA
Thalamus	-0.12912561648752363	4.917065164853008	NA	23.98180475857497	NA
Thalamus	-0.12912561648752363	5.09267463502633	NA	23.702864210222323	NA
Thalamus	-0.12912561648752363	5.268284105199651	NA	23.465750283138355	NA
Thalamus	-0.12912561648752363	5.443893575372973	NA	23.23769952619768	NA
Thalamus	-0.12912561648752363	5.619503045546295	NA	23.01807557130235	NA
Thalamus	-0.12912561648752363	5.629125616487523	23.17010136678154	23.00627335918044	1.1516312773471051
Thalamus	-0.12912561648752363	5.795112515719616	NA	22.806279387838323	NA
Thalamus	-0.12912561648752363	5.970721985892938	NA	22.601747160089722	NA
Thalamus	-0.12912561648752363	6.146331456066259	NA	22.40394828456309	NA
Thalamus	-0.12912561648752363	6.321940926239582	NA	22.212383480456506	NA
Thalamus	-0.12912561648752363	6.497550396412903	NA	22.026583006889794	NA
Thalamus	-0.12912561648752363	6.673159866586225	NA	21.84610498087195	NA
Thalamus	-0.12912561648752363	6.848769336759546	NA	21.67053379032218	NA
Thalamus	-0.12912561648752363	7.0243788069328685	NA	21.49947859678109	NA
Thalamus	-0.12912561648752363	7.129125616487523	21.50223832504783	21.39944553418803	1.3527978229421094
Thalamus	-0.12912561648752363	7.19998827710619	NA	21.332571922751146	NA
Thalamus	-0.12912561648752363	7.375597747279512	NA	21.169468318891493	NA
Thalamus	-0.12912561648752363	7.551207217452833	NA	21.00984310656068	NA
Thalamus	-0.12912561648752363	7.7268166876261555	NA	20.853391191455806	NA
Thalamus	-0.12912561648752363	7.902426157799477	NA	20.699825944336144	NA
Thalamus	-0.12912561648752363	8.078035627972799	NA	20.548878374458358	NA
Thalamus	-0.12912561648752363	8.253645098146121	NA	20.40029551706448	NA
Thalamus	-0.12912561648752363	8.429254568319442	NA	20.253839899383276	NA
Thalamus	-0.12912561648752363	8.604864038492764	NA	20.10928877943669	NA
Thalamus	-0.12912561648752363	8.780473508666086	NA	19.96643316444614	NA
Thalamus	-0.12912561648752363	8.956082978839406	NA	19.825077021663656	NA
Thalamus	-0.12912561648752363	9.129125616487524	19.615434310093725	19.68707444603603	1.277809920111782
Thalamus	-0.12912561648752363	9.131692449012728	NA	19.685036533871294	NA
Thalamus	-0.12912561648752363	9.30730191918605	NA	19.54613939702782	NA
Thalamus	-0.12912561648752363	9.482911389359373	NA	19.408224157683442	NA
Thalamus	-0.12912561648752363	9.658520859532693	NA	19.271139587918128	NA
Thalamus	-0.12912561648752363	9.834130329706015	NA	19.134744095685054	NA
Thalamus	-0.12912561648752363	10.009739799879338	NA	18.99890516856081	NA
Thalamus	-0.12912561648752363	10.18534927005266	NA	18.86783829169439	NA
Thalamus	-0.12912561648752363	10.36095874022598	NA	18.742074123183514	NA
Thalamus	-0.12912561648752363	10.536568210399302	NA	18.6198946623054	NA
Thalamus	-0.12912561648752363	10.712177680572625	NA	18.5010876107432	NA
Thalamus	-0.12912561648752363	10.887787150745947	NA	18.385452760953786	NA
Thalamus	-0.12912561648752363	11.063396620919267	NA	18.272801312879178	NA
Thalamus	-0.12912561648752363	11.23900609109259	NA	18.162955229212116	NA
Thalamus	-0.12912561648752363	11.414615561265911	NA	18.055746627041035	NA
Thalamus	-0.12912561648752363	11.590225031439232	NA	17.95101720382243	NA
Thalamus	-0.12912561648752363	11.765834501612554	NA	17.848617695744416	NA
Thalamus	-0.12912561648752363	11.941443971785876	NA	17.74840736665424	NA
Thalamus	-0.12912561648752363	12.117053441959198	NA	17.65025352582585	NA
Thalamus	-0.12912561648752363	12.292662912132519	NA	17.554031072940635	NA
Thalamus	-0.12912561648752363	12.468272382305841	NA	17.459622068746445	NA
Thalamus	-0.12912561648752363	12.629125616487524	17.58594884373525	17.3746424716002	1.5779206941832196
Thalamus	-0.12912561648752363	12.643881852479163	NA	17.366915329946217	NA
Thalamus	-0.12912561648752363	12.819491322652485	NA	17.275806046949707	NA
Thalamus	-0.12912561648752363	12.995100792825806	NA	17.18619542319843	NA
Thalamus	-0.12912561648752363	13.170710262999128	NA	17.09799033484703	NA
Thalamus	-0.12912561648752363	13.34631973317245	NA	17.011103009652693	NA
Thalamus	-0.12912561648752363	13.521929203345772	NA	16.925450723989183	NA
Thalamus	-0.12912561648752363	13.697538673519093	NA	16.840955516963124	NA
Thalamus	-0.12912561648752363	13.873148143692415	NA	16.757543920667377	NA
Thalamus	-0.12912561648752363	14.048757613865737	NA	16.675146705661874	NA
Thalamus	-0.12912561648752363	14.224367084039057	NA	16.59369864082238	NA
Thalamus	-0.12912561648752363	14.39997655421238	NA	16.51313826674689	NA
Thalamus	-0.12912561648752363	14.575586024385702	NA	16.43340768195468	NA
Thalamus	-0.12912561648752363	14.751195494559024	NA	16.354452341156637	NA
Thalamus	-0.12912561648752363	14.926804964732344	NA	16.276220864915544	NA
Thalamus	-0.12912561648752363	15.102414434905667	NA	16.19864776458812	NA
Thalamus	-0.12912561648752363	15.278023905078989	NA	16.122022709156166	NA
Thalamus	-0.12912561648752363	15.453633375252311	NA	16.04647052537303	NA
Thalamus	-0.12912561648752363	15.629242845425631	NA	15.971934732937216	NA
Thalamus	-0.12912561648752363	15.804852315598954	NA	15.898361990620156	NA
Thalamus	-0.12912561648752363	15.980461785772276	NA	15.825701955730217	NA
Thalamus	-0.12912561648752363	16.156071255945598	NA	15.753907096850007	NA
Thalamus	-0.12912561648752363	16.33168072611892	NA	15.682932370074667	NA
Thalamus	-0.12912561648752363	16.507290196292242	NA	15.612735323124035	NA
Thalamus	-0.12912561648752363	16.682899666465563	NA	15.543275854186264	NA
Thalamus	-0.12912561648752363	16.858509136638883	NA	15.474516079854457	NA
Thalamus	-0.12912561648752363	17.034118606812207	NA	15.406420210505987	NA
Thalamus	-0.12912561648752363	17.209728076985527	NA	15.338954432704927	NA
Thalamus	-0.12912561648752363	17.385337547158848	NA	15.27208679823133	NA
Thalamus	-0.12912561648752363	17.560947017332172	NA	15.205787119363803	NA
Thalamus	-0.12912561648752363	17.629125616487524	15.150150611669565	15.18019372182547	1.4234263107476035
Thalamus	-0.12912561648752363	17.736556487505492	NA	15.140026870062787	NA
Thalamus	-0.12912561648752363	17.912165957678813	NA	15.074779092721602	NA
Thalamus	-0.12912561648752363	18.087775427852137	NA	15.01001831017155	NA
Thalamus	-0.12912561648752363	18.263384898025457	NA	14.945720442644596	NA
Thalamus	-0.12912561648752363	18.43899436819878	NA	14.881862729414141	NA
Thalamus	-0.12912561648752363	18.6146038383721	NA	14.818423654850161	NA
Thalamus	-0.12912561648752363	18.79021330854542	NA	14.755382878639717	NA
Thalamus	-0.12912561648752363	18.965822778718746	NA	14.692721169937965	NA
Thalamus	-0.12912561648752363	19.141432248892066	NA	14.630420345228133	NA
Thalamus	-0.12912561648752363	19.317041719065386	NA	14.568463209681148	NA
Thalamus	-0.12912561648752363	19.49265118923871	NA	14.50683350181784	NA
Thalamus	-0.12912561648752363	19.66826065941203	NA	14.445515841287268	NA
Thalamus	-0.12912561648752363	19.84387012958535	NA	14.384495679585601	NA
Thalamus	-0.12912561648752363	20.019479599758675	NA	14.32375925354979	NA
Thalamus	-0.12912561648752363	20.195089069931996	NA	14.263293541469412	NA
Thalamus	-0.12912561648752363	20.37069854010532	NA	14.203086221669311	NA
Thalamus	-0.12912561648752363	20.54630801027864	NA	14.143125633423518	NA
Thalamus	-0.12912561648752363	20.72191748045196	NA	14.083400740069145	NA
Thalamus	-0.12912561648752363	20.897526950625284	NA	14.023901094196187	NA
Thalamus	-0.12912561648752363	21.073136420798605	NA	13.964616804796195	NA
Thalamus	-0.12912561648752363	21.248745890971925	NA	13.905538506259358	NA
Thalamus	-0.12912561648752363	21.42435536114525	NA	13.8466573291159	NA
Thalamus	-0.12912561648752363	21.59996483131857	NA	13.787964872423336	NA
Thalamus	-0.12912561648752363	21.775574301491893	NA	13.729453177706826	NA
Thalamus	-0.12912561648752363	21.951183771665214	NA	13.671114704365205	NA
Thalamus	-0.12912561648752363	22.126793241838534	NA	13.612942306459884	NA
Thalamus	-0.12912561648752363	22.302402712011858	NA	13.55492921080884	NA
Thalamus	-0.12912561648752363	22.47801218218518	NA	13.497068996312038	NA
Thalamus	-0.12912561648752363	22.629125616487524	13.441867270203446	13.447397519122127	1.3038319070137474
Thalamus	-0.12912561648752363	22.6536216523585	NA	13.439355574438824	NA
Thalamus	-0.12912561648752363	22.829231122531823	NA	13.38178317081203	NA
Thalamus	-0.12912561648752363	23.004840592705143	NA	13.324346307826701	NA
Thalamus	-0.12912561648752363	23.180450062878464	NA	13.2670397882453	NA
Thalamus	-0.12912561648752363	23.356059533051788	NA	13.209858679714351	NA
Thalamus	-0.12912561648752363	23.531669003225108	NA	13.15279830015049	NA
Thalamus	-0.12912561648752363	23.707278473398432	NA	13.095854203947084	NA
Thalamus	-0.12912561648752363	23.882887943571752	NA	13.03902216895507	NA
Thalamus	-0.12912561648752363	24.058497413745073	NA	12.982298198646534	NA
Thalamus	-0.12912561648752363	24.234106883918397	NA	12.925678467551636	NA
Thalamus	-0.12912561648752363	24.409716354091717	NA	12.869159351465246	NA
Thalamus	-0.12912561648752363	24.585325824265038	NA	12.812737405961286	NA
Thalamus	-0.12912561648752363	24.76093529443836	NA	12.756409355140047	NA
Thalamus	-0.12912561648752363	24.936544764611682	NA	12.700172082420202	NA
Thalamus	-0.12912561648752363	25.112154234785006	NA	12.64402262184673	NA
Thalamus	-0.12912561648752363	25.287763704958326	NA	12.587958149885685	NA
Thalamus	-0.12912561648752363	25.463373175131647	NA	12.531975977678416	NA
Thalamus	-0.12912561648752363	25.63898264530497	NA	12.476073543729344	NA
Thalamus	-0.12912561648752363	25.81459211547829	NA	12.420248407002843	NA
Thalamus	-0.12912561648752363	25.99020158565161	NA	12.364498240406325	NA
Thalamus	-0.12912561648752363	26.165811055824935	NA	12.308820824637587	NA
Thalamus	-0.12912561648752363	26.341420525998256	NA	12.253214042376083	NA
Thalamus	-0.12912561648752363	26.517029996171576	NA	12.197675872798667	NA
Thalamus	-0.12912561648752363	26.6926394663449	NA	12.142204386401554	NA
Thalamus	-0.12912561648752363	26.86824893651822	NA	12.086797740111317	NA
Thalamus	-0.12912561648752363	27.043858406691545	NA	12.03145417266852	NA
Thalamus	-0.12912561648752363	27.219467876864865	NA	11.976172000268997	NA
Thalamus	-0.12912561648752363	27.395077347038185	NA	11.920949612447549	NA
Thalamus	-0.12912561648752363	27.57068681721151	NA	11.865785468191358	NA
Thalamus	-0.12912561648752363	27.629125616487524	11.505803558261434	11.847440767399554	1.2051004760161728
Thalamus	-0.12912561648752363	27.74629628738483	NA	11.8106780922695	NA
Thalamus	-0.12912561648752363	27.92190575755815	NA	11.755626071766653	NA
Thalamus	-0.12912561648752363	28.097515227731474	NA	11.700628052809524	NA
Thalamus	-0.12912561648752363	28.273124697904795	NA	11.64568273747513	NA
Thalamus	-0.12912561648752363	28.448734168078115	NA	11.590788880870678	NA
Thalamus	-0.12912561648752363	28.62434363825144	NA	11.535945288375434	NA
Thalamus	-0.12912561648752363	28.79995310842476	NA	11.481150813035502	NA
Thalamus	-0.12912561648752363	28.975562578598083	NA	11.426404353102797	NA
Thalamus	-0.12912561648752363	29.151172048771404	NA	11.371704849710337	NA
Thalamus	-0.12912561648752363	29.326781518944724	NA	11.317051284675918	NA
Thalamus	-0.12912561648752363	29.502390989118048	NA	11.262442678427174	NA
Thalamus	-0.12912561648752363	29.67800045929137	NA	11.20787808804113	NA
Thalamus	-0.12912561648752363	29.85360992946469	NA	11.153356605391771	NA
Thalamus	-0.12912561648752363	30.029219399638013	NA	11.098877355399672	NA
Thalamus	-0.12912561648752363	30.204828869811333	NA	11.045232796071554	NA
Thalamus	-0.12912561648752363	30.380438339984657	NA	10.992262484824595	NA
Thalamus	-0.12912561648752363	30.556047810157978	NA	10.939875336148166	NA
Thalamus	-0.12912561648752363	30.731657280331298	NA	10.888052761943763	NA
Thalamus	-0.12912561648752363	30.907266750504622	NA	10.83677705741951	NA
Thalamus	-0.12912561648752363	31.082876220677942	NA	10.786031353175552	NA
Thalamus	-0.12912561648752363	31.258485690851263	NA	10.735799569970029	NA
Thalamus	-0.12912561648752363	31.434095161024587	NA	10.686066376014493	NA
Thalamus	-0.12912561648752363	31.609704631197907	NA	10.636817146656574	NA
Thalamus	-0.12912561648752363	31.785314101371227	NA	10.588037926315193	NA
Thalamus	-0.12912561648752363	31.96092357154455	NA	10.539715429474267	NA
Thalamus	-0.12912561648752363	32.136533041717875	NA	10.491836923870226	NA
Thalamus	-0.12912561648752363	32.312142511891196	NA	10.444390222005222	NA
Thalamus	-0.12912561648752363	32.487751982064516	NA	10.39736370492979	NA
Thalamus	-0.12912561648752363	32.62912561648752	10.247552168879585	10.359803079013465	1.1228724152925085
Thalamus	-0.12912561648752363	32.66336145223784	NA	10.350746262020655	NA
Thalamus	-0.12912561648752363	32.83897092241116	NA	10.304527264007149	NA
Thalamus	-0.12912561648752363	33.014580392584485	NA	10.258696537499308	NA
Thalamus	-0.12912561648752363	33.190189862757805	NA	10.213244340933356	NA
Thalamus	-0.12912561648752363	33.365799332931125	NA	10.168161341854665	NA
Thalamus	-0.12912561648752363	33.541408803104446	NA	10.123438595463192	NA
Thalamus	-0.12912561648752363	33.717018273277766	NA	10.07906752435013	NA
Thalamus	-0.12912561648752363	33.89262774345109	NA	10.03503989935915	NA
Thalamus	-0.12912561648752363	34.068237213624414	NA	9.99134782150868	NA
Thalamus	-0.12912561648752363	34.243846683797734	NA	9.947983704915794	NA
Thalamus	-0.12912561648752363	34.419456153971055	NA	9.904940260665393	NA
Thalamus	-0.12912561648752363	34.595065624144375	NA	9.862210481571509	NA
Thalamus	-0.12912561648752363	34.770675094317696	NA	9.819787627780682	NA
Thalamus	-0.12912561648752363	34.94628456449102	NA	9.777665213170067	NA
Thalamus	-0.12912561648752363	35.121894034664344	NA	9.735836992495715	NA
Thalamus	-0.12912561648752363	35.297503504837664	NA	9.694296949248804	NA
Thalamus	-0.12912561648752363	35.473112975010984	NA	9.653039284180226	NA
Thalamus	-0.12912561648752363	35.648722445184305	NA	9.612058404455878	NA
Thalamus	-0.12912561648752363	35.824331915357625	NA	9.5713489134074	NA
Thalamus	-0.12912561648752363	35.99994138553095	NA	9.5309056008449	NA
Thalamus	-0.12912561648752363	36.17555085570427	NA	9.490723433900124	NA
Thalamus	-0.12912561648752363	36.35116032587759	NA	9.450797548370469	NA
Thalamus	-0.12912561648752363	36.526769796050914	NA	9.411123240535542	NA
Thalamus	-0.12912561648752363	36.702379266224234	NA	9.371695959420071	NA
Thalamus	-0.12912561648752363	36.87798873639756	NA	9.332511299477973	NA
Thalamus	-0.12912561648752363	37.05359820657088	NA	9.293564993674021	NA
Thalamus	-0.12912561648752363	37.2292076767442	NA	9.254852906940942	NA
Thalamus	-0.12912561648752363	37.40481714691752	NA	9.21637102999088	NA
Thalamus	-0.12912561648752363	37.58042661709084	NA	9.178115473461435	NA
Thalamus	-0.12912561648752363	37.62912561648752	9.09372634162832	9.167546121552922	1.0527702519210254
Thalamus	-0.12912561648752363	37.756036087264164	NA	9.140082462377517	NA
Thalamus	-0.12912561648752363	37.93164555743749	NA	9.102268330911459	NA
Thalamus	-0.12912561648752363	38.10725502761081	NA	9.064669517424665	NA
Thalamus	-0.12912561648752363	38.28286449778413	NA	9.027282559775077	NA
Thalamus	-0.12912561648752363	38.45847396795745	NA	8.990104090875668	NA
Thalamus	-0.12912561648752363	38.63408343813077	NA	8.953130834489917	NA
Thalamus	-0.12912561648752363	38.8096929083041	NA	8.91635960125109	NA
Thalamus	-0.12912561648752363	38.98530237847742	NA	8.879787284892828	NA
Thalamus	-0.12912561648752363	39.16091184865074	NA	8.843410858679302	NA
Thalamus	-0.12912561648752363	39.33652131882406	NA	8.807227372023801	NA
Thalamus	-0.12912561648752363	39.51213078899738	NA	8.771233947285337	NA
Thalamus	-0.12912561648752363	39.6877402591707	NA	8.735427776733253	NA
Thalamus	-0.12912561648752363	39.86334972934403	NA	8.69980612471317	NA
Thalamus	-0.12912561648752363	40.03895919951735	NA	8.664366332013596	NA
Thalamus	-0.12912561648752363	40.21456866969067	NA	8.629105760969502	NA
Thalamus	-0.12912561648752363	40.39017813986399	NA	8.594021856209793	NA
Thalamus	-0.12912561648752363	40.56578761003731	NA	8.55911211930788	NA
Thalamus	-0.12912561648752363	40.74139708021064	NA	8.524374106576339	NA
Thalamus	-0.12912561648752363	40.91700655038396	NA	8.489805426974092	NA
Thalamus	-0.12912561648752363	41.09261602055728	NA	8.455403740120408	NA
Thalamus	-0.12912561648752363	41.2682254907306	NA	8.421166754409398	NA
Thalamus	-0.12912561648752363	41.44383496090392	NA	8.387092225219712	NA
Thalamus	-0.12912561648752363	41.61944443107725	NA	8.353177953214116	NA
Thalamus	-0.12912561648752363	41.79505390125057	NA	8.319421782723973	NA
Thalamus	-0.12912561648752363	41.97066337142389	NA	8.285821600214062	NA
Thalamus	-0.12912561648752363	42.14627284159721	NA	8.25237533282324	NA
Thalamus	-0.12912561648752363	42.32188231177053	NA	8.219080946976831	NA
Thalamus	-0.12912561648752363	42.49749178194385	NA	8.185936447066844	NA
Thalamus	-0.12912561648752363	42.62912561648752	8.107077450677448	8.16118900582973	0.9914176037735668
Thalamus	-0.12912561648752363	42.67310125211718	NA	8.152939874196232	NA
Thalamus	-0.12912561648752363	42.8487107222905	NA	8.120089304983821	NA
Thalamus	-0.12912561648752363	43.02432019246382	NA	8.087382850426485	NA
Thalamus	-0.12912561648752363	43.19992966263714	NA	8.054818654815515	NA
Thalamus	-0.12912561648752363	43.37553913281046	NA	8.022394894704263	NA
Thalamus	-0.12912561648752363	43.55114860298379	NA	7.990109777924227	NA
Thalamus	-0.12912561648752363	43.72675807315711	NA	7.957961542646991	NA
Thalamus	-0.12912561648752363	43.90236754333043	NA	7.925948456489537	NA
Thalamus	-0.12912561648752363	44.07797701350375	NA	7.894068815660586	NA
Thalamus	-0.12912561648752363	44.25358648367707	NA	7.862320944145814	NA
Thalamus	-0.12912561648752363	44.42919595385039	NA	7.8307031929297395	NA
Thalamus	-0.12912561648752363	44.604805424023716	NA	7.799213939252443	NA
Thalamus	-0.12912561648752363	44.78041489419704	NA	7.76785158589923	NA
Thalamus	-0.12912561648752363	44.95602436437036	NA	7.736614560521407	NA
Thalamus	-0.12912561648752363	45.13163383454368	NA	7.705492433565931	NA
Thalamus	-0.12912561648752363	45.307243304717	NA	7.674612879315611	NA
Thalamus	-0.12912561648752363	45.482852774890326	NA	7.6440774108058855	NA
Thalamus	-0.12912561648752363	45.658462245063646	NA	7.6138771503704	NA
Thalamus	-0.12912561648752363	45.834071715236966	NA	7.584003599522398	NA
Thalamus	-0.12912561648752363	46.00968118541029	NA	7.554448618971133	NA
Thalamus	-0.12912561648752363	46.18529065558361	NA	7.525204409749208	NA
Thalamus	-0.12912561648752363	46.36090012575693	NA	7.496263495388369	NA
Thalamus	-0.12912561648752363	46.536509595930255	NA	7.467618705084777	NA
Thalamus	-0.12912561648752363	46.712119066103575	NA	7.439263157798148	NA
Thalamus	-0.12912561648752363	46.887728536276896	NA	7.411190247232293	NA
Thalamus	-0.12912561648752363	47.063338006450216	NA	7.383393627647488	NA
Thalamus	-0.12912561648752363	47.23894747662354	NA	7.355867200457959	NA
Thalamus	-0.12912561648752363	47.414556946796864	NA	7.328605101570351	NA
Thalamus	-0.12912561648752363	47.590166416970185	NA	7.3016016894215925	NA
Thalamus	-0.12912561648752363	47.62912561648752	7.206399267716813	7.295645640312314	0.9398423736497916
Thalamus	-0.12912561648752363	47.765775887143505	NA	7.274851533676832	NA
Thalamus	-0.12912561648752363	47.941385357316825	NA	7.248349434872293	NA
Thalamus	-0.12912561648752363	48.116994827490146	NA	7.222090328752231	NA
Thalamus	-0.12912561648752363	48.292604297663466	NA	7.1960693501126825	NA
Thalamus	-0.12912561648752363	48.468213767836794	NA	7.17028181253258	NA
Thalamus	-0.12912561648752363	48.643823238010114	NA	7.144723192979027	NA
Thalamus	-0.12912561648752363	48.819432708183434	NA	7.1193891237570295	NA
Thalamus	-0.12912561648752363	48.995042178356755	NA	7.094275384899719	NA
Thalamus	-0.12912561648752363	49.170651648530075	NA	7.0693778969745935	NA
Thalamus	-0.12912561648752363	49.3462611187034	NA	7.044692714282306	NA
Thalamus	-0.12912561648752363	49.52187058887672	NA	7.020216018426084	NA
Thalamus	-0.12912561648752363	49.697480059050044	NA	6.995944112230974	NA
Thalamus	-0.12912561648752363	49.873089529223364	NA	6.971873413993421	NA
Thalamus	-0.12912561648752363	50.048698999396684	NA	6.948000452042554	NA
Thalamus	-0.12912561648752363	50.22430846957001	NA	6.92432185959592	NA
Thalamus	-0.12912561648752363	50.39991793974333	NA	6.900834369893025	NA
Thalamus	-0.12912561648752363	50.57552740991665	NA	6.877534811591276	NA
Thalamus	-0.12912561648752363	50.75113688008997	NA	6.854420104409636	NA
Thalamus	-0.12912561648752363	50.926746350263294	NA	6.83148725500612	NA
Thalamus	-0.12912561648752363	51.102355820436614	NA	6.8087333530761285	NA
Thalamus	-0.12912561648752363	51.27796529060994	NA	6.786155567659263	NA
Thalamus	-0.12912561648752363	51.45357476078326	NA	6.763751143643035	NA
Thalamus	-0.12912561648752363	51.62918423095658	NA	6.741517398452427	NA
Thalamus	-0.12912561648752363	51.8047937011299	NA	6.7194517189150655	NA
Thalamus	-0.12912561648752363	51.98040317130322	NA	6.697551558292104	NA
Thalamus	-0.12912561648752363	52.15601264147655	NA	6.675814433465695	NA
Thalamus	-0.12912561648752363	52.33162211164987	NA	6.654237922274298	NA
Thalamus	-0.12912561648752363	52.50723158182319	NA	6.632819660987597	NA
Thalamus	-0.12912561648752363	52.62912561648752	6.565458483679407	6.61804454747151	0.8949935959509174
Thalamus	-0.12912561648752363	52.68284105199651	NA	6.611557341913338	NA
Thalamus	-0.12912561648752363	52.85845052216983	NA	6.5904487111286985	NA
Thalamus	-0.12912561648752363	53.03405999234315	NA	6.569491566329329	NA
Thalamus	-0.12912561648752363	53.20966946251648	NA	6.5486837547895265	NA
Thalamus	-0.12912561648752363	53.3852789326898	NA	6.528023171427404	NA
Thalamus	-0.12912561648752363	53.56088840286312	NA	6.507507756969248	NA
Thalamus	-0.12912561648752363	53.73649787303644	NA	6.487135496207559	NA
Thalamus	-0.12912561648752363	53.91210734320976	NA	6.466904416347657	NA
Thalamus	-0.12912561648752363	54.08771681338309	NA	6.4468125854378915	NA
Thalamus	-0.12912561648752363	54.26332628355641	NA	6.426858110879005	NA
Thalamus	-0.12912561648752363	54.43893575372973	NA	6.407039138008004	NA
Thalamus	-0.12912561648752363	54.61454522390305	NA	6.387353848752803	NA
Thalamus	-0.12912561648752363	54.79015469407637	NA	6.367800460353503	NA
Thalamus	-0.12912561648752363	54.96576416424969	NA	6.348377224146729	NA
Thalamus	-0.12912561648752363	55.14137363442302	NA	6.329082424409579	NA
Thalamus	-0.12912561648752363	55.31698310459634	NA	6.309914377259965	NA
Thalamus	-0.12912561648752363	55.49259257476966	NA	6.290871429610152	NA
Thalamus	-0.12912561648752363	55.66820204494298	NA	6.271951958170706	NA
Thalamus	-0.12912561648752363	55.8438115151163	NA	6.253154376843351	NA
Thalamus	-0.12912561648752363	56.01942098528963	NA	6.234477120462429	NA
Thalamus	-0.12912561648752363	56.19503045546295	NA	6.215918639493113	NA
Thalamus	-0.12912561648752363	56.37063992563627	NA	6.197477420804887	NA
Thalamus	-0.12912561648752363	56.54624939580959	NA	6.179151976749645	NA
Thalamus	-0.12912561648752363	56.72185886598291	NA	6.160940844415376	NA
Thalamus	-0.12912561648752363	56.89746833615623	NA	6.142842584914021	NA
Thalamus	-0.12912561648752363	57.07307780632956	NA	6.124855782701504	NA
Thalamus	-0.12912561648752363	57.24868727650288	NA	6.106979044928491	NA
Thalamus	-0.12912561648752363	57.4242967466762	NA	6.089211000819897	NA
Thalamus	-0.12912561648752363	57.59990621684952	NA	6.071550301081881	NA
Thalamus	-0.12912561648752363	57.62912561648752	6.19215147690918	6.0686220857301745	0.8584101996278483
Thalamus	-0.12912561648752363	57.77551568702284	NA	6.053995617334718	NA
Thalamus	-0.12912561648752363	57.95112515719617	NA	6.036545641570231	NA
Thalamus	-0.12912561648752363	58.12673462736949	NA	6.019199085632496	NA
Thalamus	-0.12912561648752363	58.30234409754281	NA	6.001954680720508	NA
Thalamus	-0.12912561648752363	58.47795356771613	NA	5.984811176911766	NA
Thalamus	-0.12912561648752363	58.65356303788945	NA	5.967767342705605	NA
Thalamus	-0.12912561648752363	58.829172508062776	NA	5.95082196458528	NA
Thalamus	-0.12912561648752363	59.004781978236096	NA	5.933973846597782	NA
Thalamus	-0.12912561648752363	59.18039144840942	NA	5.917221809950545	NA
Thalamus	-0.12912561648752363	59.35600091858274	NA	5.9005646926240605	NA
Thalamus	-0.12912561648752363	59.53161038875606	NA	5.884001348999685	NA
Thalamus	-0.12912561648752363	59.70721985892938	NA	5.867530649501787	NA
Thalamus	-0.12912561648752363	59.882829329102705	NA	5.851151480253561	NA
Thalamus	-0.12912561648752363	60.058438799276026	NA	5.834862742745769	NA
Thalamus	-0.12912561648752363	60.234048269449346	NA	5.818695061459773	NA
Thalamus	-0.12912561648752363	60.409657739622666	NA	5.802705568096324	NA
Thalamus	-0.12912561648752363	60.58526720979599	NA	5.786885591216415	NA
Thalamus	-0.12912561648752363	60.760876679969314	NA	5.771231377333866	NA
Thalamus	-0.12912561648752363	60.936486150142635	NA	5.755739317631167	NA
Thalamus	-0.12912561648752363	61.112095620315955	NA	5.740405940573689	NA
Thalamus	-0.12912561648752363	61.287705090489276	NA	5.725227904931489	NA
Thalamus	-0.12912561648752363	61.463314560662596	NA	5.710201993185876	NA
Thalamus	-0.12912561648752363	61.638924030835916	NA	5.695325105299172	NA
Thalamus	-0.12912561648752363	61.814533501009244	NA	5.680594252827193	NA
Thalamus	-0.12912561648752363	61.990142971182564	NA	5.666006553355277	NA
Thalamus	-0.12912561648752363	62.165752441355885	NA	5.651559225239749	NA
Thalamus	-0.12912561648752363	62.341361911529205	NA	5.637249582637609	NA
Thalamus	-0.12912561648752363	62.516971381702525	NA	5.623075030808308	NA
Thalamus	-0.12912561648752363	62.62912561648752	5.668509286156908	5.6140919428103695	0.8232796700642128
Thalamus	-0.12912561648752363	62.69258085187585	NA	5.609033061672383	NA
Thalamus	-0.12912561648752363	62.86819032204917	NA	5.595121249612618	NA
Thalamus	-0.12912561648752363	63.043799792222494	NA	5.581337247503911	NA
Thalamus	-0.12912561648752363	63.219409262395814	NA	5.567678782959419	NA
Thalamus	-0.12912561648752363	63.395018732569135	NA	5.554143654780422	NA
Thalamus	-0.12912561648752363	63.570628202742455	NA	5.540729729598993	NA
Thalamus	-0.12912561648752363	63.74623767291578	NA	5.52743494032617	NA
Thalamus	-0.12912561648752363	63.9218471430891	NA	5.514257294192401	NA
Thalamus	-0.12912561648752363	64.09745661326242	NA	5.5011948264528865	NA
Thalamus	-0.12912561648752363	64.27306608343575	NA	5.4882456449987504	NA
Thalamus	-0.12912561648752363	64.44867555360906	NA	5.475407911294802	NA
Thalamus	-0.12912561648752363	64.62428502378239	NA	5.4626798379713	NA
Thalamus	-0.12912561648752363	64.7998944939557	NA	5.450059686544521	NA
Thalamus	-0.12912561648752363	64.97550396412903	NA	5.437545765258812	NA
Thalamus	-0.12912561648752363	65.15111343430236	NA	5.425136427043544	NA
Thalamus	-0.12912561648752363	65.32672290447567	NA	5.412830067578338	NA
Thalamus	-0.12912561648752363	65.502332374649	NA	5.400625123460766	NA
Thalamus	-0.12912561648752363	65.67794184482231	NA	5.388520070470608	NA
Thalamus	-0.12912561648752363	65.85355131499564	NA	5.37651342192552	NA
Thalamus	-0.12912561648752363	66.02916078516897	NA	5.364603727122806	NA
Thalamus	-0.12912561648752363	66.20477025534228	NA	5.352789569862722	NA
Thalamus	-0.12912561648752363	66.38037972551561	NA	5.34106956704859	NA
Thalamus	-0.12912561648752363	66.55598919568892	NA	5.329442367359667	NA
Thalamus	-0.12912561648752363	66.73159866586225	NA	5.317906649992541	NA
Thalamus	-0.12912561648752363	66.90720813603556	NA	5.306461123467427	NA
Thalamus	-0.12912561648752363	67.08281760620889	NA	5.295104524495648	NA
Thalamus	-0.12912561648752363	67.25842707638222	NA	5.283835616905014	NA
Thalamus	-0.12912561648752363	67.43403654655553	NA	5.272653190619829	NA
Thalamus	-0.12912561648752363	67.60964601672886	NA	5.261556060692595	NA
Thalamus	-0.12912561648752363	67.62912561648753	5.556097794184587	5.260330279194878	0.7941339053739491
Thalamus	-0.12912561648752363	67.78525548690217	NA	5.2505430663844335	NA
Thalamus	-0.12912561648752363	67.9608649570755	NA	5.239613070291717	NA
Thalamus	-0.12912561648752363	68.13647442724883	NA	5.228764957516234	NA
Thalamus	-0.12912561648752363	68.31208389742214	NA	5.2179976348765464	NA
Thalamus	-0.12912561648752363	68.48769336759547	NA	5.207310030158287	NA
Thalamus	-0.12912561648752363	68.66330283776878	NA	5.196701091401272	NA
Thalamus	-0.12912561648752363	68.83891230794211	NA	5.18616978622136	NA
Thalamus	-0.12912561648752363	69.01452177811544	NA	5.1757151011652365	NA
Thalamus	-0.12912561648752363	69.19013124828875	NA	5.165336041096285	NA
Thalamus	-0.12912561648752363	69.36574071846208	NA	5.155031628609845	NA
Thalamus	-0.12912561648752363	69.54135018863539	NA	5.144800903476289	NA
Thalamus	-0.12912561648752363	69.71695965880872	NA	5.134642922110401	NA
Thalamus	-0.12912561648752363	69.89256912898205	NA	5.124556757065613	NA
Thalamus	-0.12912561648752363	70.06817859915536	NA	5.1145414965517695	NA
Thalamus	-0.12912561648752363	70.24378806932869	NA	5.104596243975163	NA
Thalamus	-0.12912561648752363	70.419397539502	NA	5.094720117499608	NA
Thalamus	-0.12912561648752363	70.59500700967533	NA	5.084912249627482	NA
Thalamus	-0.12912561648752363	70.77061647984864	NA	5.075171786799569	NA
Thalamus	-0.12912561648752363	70.94622595002197	NA	5.065497889012803	NA
Thalamus	-0.12912561648752363	71.1218354201953	NA	5.055889729454922	NA
Thalamus	-0.12912561648752363	71.29744489036861	NA	5.046346494155023	NA
Thalamus	-0.12912561648752363	71.47305436054194	NA	5.036867381649424	NA
Thalamus	-0.12912561648752363	71.64866383071525	NA	5.0274516026617055	NA
Thalamus	-0.12912561648752363	71.82427330088858	NA	5.018098386650665	NA
Thalamus	-0.12912561648752363	71.9998827710619	NA	5.008806963326268	NA
Thalamus	-0.12912561648752363	72.17549224123522	NA	4.999576575590083	NA
Thalamus	-0.12912561648752363	72.35110171140855	NA	4.9904064799824015	NA
Thalamus	-0.12912561648752363	72.52671118158186	NA	4.981295943821427	NA
Thalamus	-0.12912561648752363	72.62912561648753	5.184357586220425	4.976009939588585	0.7676503110600775
Thalamus	-0.12912561648752363	72.70232065175519	NA	4.972244244955	NA
Thalamus	-0.12912561648752363	72.87793012192851	NA	4.963250671522188	NA
Thalamus	-0.12912561648752363	73.05353959210183	NA	4.954314521724148	NA
Thalamus	-0.12912561648752363	73.22914906227516	NA	4.945435103603962	NA
Thalamus	-0.12912561648752363	73.40475853244847	NA	4.9366117348347744	NA
Thalamus	-0.12912561648752363	73.5803680026218	NA	4.927843742516001	NA
Thalamus	-0.12912561648752363	73.75597747279512	NA	4.919130462977064	NA
Thalamus	-0.12912561648752363	73.93158694296844	NA	4.910471241588347	NA
Thalamus	-0.12912561648752363	74.10719641314176	NA	4.901865432578972	NA
Thalamus	-0.12912561648752363	74.28280588331508	NA	4.893312398861103	NA
Thalamus	-0.12912561648752363	74.4584153534884	NA	4.884811511860374	NA
Thalamus	-0.12912561648752363	74.63402482366173	NA	4.876362151352216	NA
Thalamus	-0.12912561648752363	74.80963429383505	NA	4.867963705303774	NA
Thalamus	-0.12912561648752363	74.98524376400837	NA	4.859615569721061	NA
Thalamus	-0.12912561648752363	75.16085323418169	NA	4.851317148501272	NA
Thalamus	-0.12912561648752363	75.33646270435501	NA	4.843067853289794	NA
Thalamus	-0.12912561648752363	75.51207217452833	NA	4.8348671033418675	NA
Thalamus	-0.12912561648752363	75.68768164470166	NA	4.82671432538856	NA
Thalamus	-0.12912561648752363	75.86329111487498	NA	4.818608953506917	NA
Thalamus	-0.12912561648752363	76.0389005850483	NA	4.8105504289940475	NA
Thalamus	-0.12912561648752363	76.21451005522162	NA	4.802538200245001	NA
Thalamus	-0.12912561648752363	76.39011952539494	NA	4.794571722634236	NA
Thalamus	-0.12912561648752363	76.56572899556826	NA	4.786650458400507	NA
Thalamus	-0.12912561648752363	76.74133846574159	NA	4.778773876535053	NA
Thalamus	-0.12912561648752363	76.9169479359149	NA	4.770941452672893	NA
Thalamus	-0.12912561648752363	77.09255740608823	NA	4.763152668987135	NA
Thalamus	-0.12912561648752363	77.26816687626155	NA	4.75540701408611	NA
Thalamus	-0.12912561648752363	77.44377634643487	NA	4.7477039829132535	NA
Thalamus	-0.12912561648752363	77.6193858166082	NA	4.740043076649616	NA
Thalamus	-0.12912561648752363	77.62912561648753	5.022589203352777	4.7396194115531	0.7435962630593645
Thalamus	-0.12912561648752363	77.79499528678151	NA	4.732423802618853	NA
Thalamus	-0.12912561648752363	77.97060475695484	NA	4.724845674194601	NA
Thalamus	-0.12912561648752363	78.14621422712816	NA	4.71730821071019	NA
Thalamus	-0.12912561648752363	78.32182369730148	NA	4.709810937370495	NA
Thalamus	-0.12912561648752363	78.49743316747481	NA	4.702353385165948	NA
Thalamus	-0.12912561648752363	78.67304263764812	NA	4.694935090788513	NA
Thalamus	-0.12912561648752363	78.84865210782145	NA	4.6875555965496885	NA
Thalamus	-0.12912561648752363	79.02426157799476	NA	4.680214450300274	NA
Thalamus	-0.12912561648752363	79.19987104816809	NA	4.672911205351997	NA
Thalamus	-0.12912561648752363	79.3754805183414	NA	4.665645420400828	NA
Thalamus	-0.12912561648752363	79.55108998851473	NA	4.658416659451965	NA
Thalamus	-0.12912561648752363	79.72669945868806	NA	4.651224493752338	NA
Thalamus	-0.12912561648752363	79.90230892886137	NA	4.6440684991240095	NA
Thalamus	-0.12912561648752363	80.0779183990347	NA	4.6369482515159595	NA
Thalamus	-0.12912561648752363	80.25352786920801	NA	4.62986333545328	NA
Thalamus	-0.12912561648752363	80.42913733938134	NA	4.622813340417861	NA
Thalamus	-0.12912561648752363	80.60474680955467	NA	4.615797860782111	NA
Thalamus	-0.12912561648752363	80.78035627972798	NA	4.608816495743908	NA
Thalamus	-0.12912561648752363	80.95596574990131	NA	4.601868849262838	NA
Thalamus	-0.12912561648752363	81.13157522007462	NA	4.594954529997574	NA
Thalamus	-0.12912561648752363	81.30718469024795	NA	4.588073151244445	NA
Thalamus	-0.12912561648752363	81.48279416042128	NA	4.581224330877106	NA
Thalamus	-0.12912561648752363	81.65840363059459	NA	4.574407691287296	NA
Thalamus	-0.12912561648752363	81.83401310076792	NA	4.567622859326627	NA
Thalamus	-0.12912561648752363	82.00962257094123	NA	4.560869466249379	NA
Thalamus	-0.12912561648752363	82.18523204111456	NA	4.554147147656327	NA
Thalamus	-0.12912561648752363	82.36084151128789	NA	4.547455543439462	NA
Thalamus	-0.12912561648752363	82.5364509814612	NA	4.540794297727662	NA
Thalamus	-0.12912561648752363	82.62912561648753	4.779413097193252	4.537291064792941	0.7230229745858322
Thalamus	-0.12912561648752363	82.71206045163453	NA	4.5341630588332755	NA
Thalamus	-0.12912561648752363	82.88766992180784	NA	4.527561479199543	NA
Thalamus	-0.12912561648752363	83.06327939198117	NA	4.520989215348888	NA
Thalamus	-0.12912561648752363	83.2388888621545	NA	4.514445927832039	NA
Thalamus	-0.12912561648752363	83.41449833232781	NA	4.507931281177933	NA
Thalamus	-0.12912561648752363	83.59010780250114	NA	4.501444943844406	NA
Thalamus	-0.12912561648752363	83.76571727267445	NA	4.494986588169673	NA
Thalamus	-0.12912561648752363	83.94132674284778	NA	4.48855589032447	NA
Thalamus	-0.12912561648752363	84.11693621302109	NA	4.482152530265046	NA
Thalamus	-0.12912561648752363	84.29254568319442	NA	4.475776191686709	NA
Thalamus	-0.12912561648752363	84.46815515336775	NA	4.469426561978173	NA
Thalamus	-0.12912561648752363	84.64376462354106	NA	4.4631033321765345	NA
Thalamus	-0.12912561648752363	84.81937409371439	NA	4.456806196922896	NA
Thalamus	-0.12912561648752363	84.9949835638877	NA	4.450534854418641	NA
Thalamus	-0.12912561648752363	85.17059303406103	NA	4.44428900638233	NA
Thalamus	-0.12912561648752363	85.34620250423436	NA	4.438068358007209	NA
Thalamus	-0.12912561648752363	85.52181197440767	NA	4.431872617919311	NA
Thalamus	-0.12912561648752363	85.697421444581	NA	4.425701498136136	NA
Thalamus	-0.12912561648752363	85.87303091475431	NA	4.419554714025942	NA
Thalamus	-0.12912561648752363	86.04864038492764	NA	4.413431984267524	NA
Thalamus	-0.12912561648752363	86.22424985510096	NA	4.40733303081063	NA
Thalamus	-0.12912561648752363	86.39985932527428	NA	4.401257578836826	NA
Thalamus	-0.12912561648752363	86.5754687954476	NA	4.3952053567209655	NA
Thalamus	-0.12912561648752363	86.75107826562092	NA	4.389176095993087	NA
Thalamus	-0.12912561648752363	86.92668773579425	NA	4.383169531300946	NA
Thalamus	-0.12912561648752363	87.10229720596757	NA	4.377185400372895	NA
Thalamus	-0.12912561648752363	87.27790667614089	NA	4.371223443981379	NA
Thalamus	-0.12912561648752363	87.45351614631421	NA	4.3652834059068155	NA
Thalamus	-0.12912561648752363	87.62912561648753	4.6909908725052025	4.35935690322177	0.7035229683239753
