fwhm_x	fwhm_y	fwhm_z
10.141155	11.337854	10.06396
