fwhm_x	fwhm_y	fwhm_z
8.868674	7.081273	5.348867
