fwhm_x	fwhm_y	fwhm_z
9.395497	7.494729	5.629477
